x	y
1.96276901321247	0.454520391574277
1.47328483950145	0.491684507137658
1.96684138854469	0.455504908505281
1.96276901321247	0.454520391574277
1.96684138854469	0.455504908505281
0.16619130625606	0.0315431724784316
1.96276901321247	0.454520391574277
1.96276901321247	0.454520391574277
1.96372117107544	0.45473924627511
0.963743115659934	0.255236344279286
2.76559849788836	0.78194178274137
1.48020902950819	0.494322465499196
1.96372117107544	0.45473924627511
2.76109157462938	0.779871501961836
1.96276901321247	0.454520391574277
1.96276901321247	0.454520391574277
0.165088029467664	0.0313824661178469
2.76330811440907	0.780761067286217
1.96276901321247	0.454520391574277
1.47078449590325	0.490854051681038
1.47209004689925	0.491178510113126
3.27032462336087	1.11801013776878
0.16619130625606	0.0315431724784316
0.165880035481028	0.0314978449610492
1.09148459484778	0.5339278161794
2.76109157462938	0.779871501961836
0.686270437198953	0.219228628867356
3.27631781619437	1.12171855032085
1.96276901321247	0.454520391574277
1.96372117107544	0.45473924627511
1.96276901321247	0.454520391574277
1.96276901321247	0.454520391574277
1.96276901321247	0.454520391574277
1.96276901321247	0.454520391574277
0.164778629348208	0.0313374327003096
-1.7934287506278	0.390727439150181
2.76559849788836	0.78194178274137
1.96372117107544	0.45473924627511
1.96276901321247	0.454520391574277
1.46910411205871	0.490049168285487
1.96276901321247	0.454520391574277
2.76330811440907	0.780761067286217
0.165088029467664	0.0313824661178469
0.16619130625606	0.0315431724784316
0.164778629348208	0.0313374327003096
1.46964366147565	0.490422889690681
1.05841887097501	0.404561121395212
3.27152519356808	1.11907150574555
0.169248055862235	0.0319917175833404
2.76671632811135	0.782410087450427
1.96276901321247	0.454520391574277
1.96276901321247	0.454520391574277
1.96276901321247	0.454520391574277
1.96276901321247	0.454520391574277
1.96372117107544	0.45473924627511
1.06227192186728	0.40611816355748
1.96684138854469	0.455504908505281
1.96276901321247	0.454520391574277
-0.613682540053849	0.148388769407339
-0.60895933746012	0.147406558741333
1.96276901321247	0.454520391574277
1.05767805940452	0.40430204105456
0.165880035481028	0.0314978449610492
0.165088029467664	0.0313824661178469
0.187435346122179	0.047292837125537
1.96276901321247	0.454520391574277
0.165880035481028	0.0314978449610492
1.96684138854469	0.455504908505281
0.165088029467664	0.0313824661178469
1.96372117107544	0.45473924627511
2.76559849788836	0.78194178274137
1.96276901321247	0.454520391574277
3.27032462336087	1.11801013776878
1.96276901321247	0.454520391574277
0.160144755571284	0.0306956063740573
0.165088029467664	0.0313824661178469
1.96276901321247	0.454520391574277
1.09125662082009	0.533647969284778
0.16619130625606	0.0315431724784316
0.165088029467664	0.0313824661178469
0.16619130625606	0.0315431724784316
0.169248055862235	0.0319917175833404
-3.07402416243152	0.948685276185543
1.96684138854469	0.455504908505281
-2.57554526884402	0.666976966437407
1.96372117107544	0.45473924627511
2.37049808112666	1.1996296101266
1.09225125414182	0.534294338792014
1.84066711299049	0.726365639107333
-0.7085818841146	0.242531688950869
0.165880035481028	0.0314978449610492
1.96684138854469	0.455504908505281
0.16619130625606	0.0315431724784316
1.96372117107544	0.45473924627511
1.96372117107544	0.45473924627511
1.96276901321247	0.454520391574277
0.165088029467664	0.0313824661178469
-2.57522664974505	0.666917731403372
1.96276901321247	0.454520391574277
0.169566032486793	0.032038095111837
2.76330811440907	0.780761067286217
0.169566032486793	0.032038095111837
0.968469219672053	0.25651021792255
1.96372117107544	0.45473924627511
2.76330811440907	0.780761067286217
0.165880035481028	0.0314978449610492
0.16619130625606	0.0315431724784316
2.76219840038386	0.780594539857824
2.58465636748669	1.45198786370715
3.27631781619437	1.12171855032085
2.13460629217846	0.96446244584926
1.96276901321247	0.454520391574277
-0.700673100063675	0.23947715305123
0.839495833782448	0.356721288421175
0.169566032486793	0.032038095111837
0.165088029467664	0.0313824661178469
1.96372117107544	0.45473924627511
-0.612487701707529	0.148134994320372
0.164778629348208	0.0313374327003096
0.555958404732527	0.201933005186322
2.76671632811135	0.782410087450427
2.76109157462938	0.779871501961836
2.76219840038386	0.780594539857824
-1.79346061997896	0.390723019452767
-1.50335347787301	0.534889336029958
0.161251150232847	0.0308565698216007
0.544930490938392	0.197736218289966
0.692932973591989	0.221383018666362
-2.57067328278635	0.665094197548339
1.96276901321247	0.454520391574277
-0.618535635333325	0.149538863092151
-0.326771057218117	0.0936418390224184
0.184971072095669	0.0467387603153735
0.164778629348208	0.0313374327003096
4.18934074145553	2.03655237370426
1.84258516456861	0.727293955790375
-0.60895933746012	0.147406558741333
0.187300583927818	0.0472598613580206
2.76219840038386	0.780594539857824
0.165088029467664	0.0313824661178469
1.4745635305468	0.492365493098567
1.96372117107544	0.45473924627511
1.96684138854469	0.455504908505281
1.96684138854469	0.455504908505281
1.46842163094462	0.489769078028611
-0.613012730411062	0.148202450577793
-3.07350260546998	0.94852963330217
0.964934921520073	0.255476948633611
1.96372117107544	0.45473924627511
0.183063896529214	0.0463401006276899
-0.613682540053849	0.148388769407339
0.963743115659934	0.255236344279286
0.964934921520073	0.255476948633611
2.76219840038386	0.780594539857824
0.691293725798235	0.220916760169014
0.184971072095669	0.0467387603153735
2.76219840038386	0.780594539857824
0.962553055030982	0.254827961566665
-2.57067328278635	0.665094197548339
-1.12019427196772	0.338020301365193
-2.57036588579023	0.664816582891659
0.164778629348208	0.0313374327003096
0.183063896529214	0.0463401006276899
2.76330811440907	0.780761067286217
0.963743115659934	0.255236344279286
1.96276901321247	0.454520391574277
-0.321011266565823	0.0920911495247304
2.76219840038386	0.780594539857824
0.963743115659934	0.255236344279286
1.96372117107544	0.45473924627511
-0.325121870470423	0.0931632456849071
0.554529317239519	0.201500781149606
0.847728504925438	0.36079146501607
0.164778629348208	0.0313374327003096
0.544571131487334	0.197606668979847
1.05271914025947	0.402027196178193
1.35276823183269	0.59898514245525
1.47032706033056	0.490703617760438
1.96372117107544	0.45473924627511
1.96372117107544	0.45473924627511
0.962553055030982	0.254827961566665
1.96276901321247	0.454520391574277
1.05989643717056	0.405275695027378
-0.618535635333325	0.149538863092151
-3.44821343973509	1.22397568320365
0.185454319096416	0.0556335769192585
0.963214248695465	0.255090594573707
0.957162742729009	0.253557522610441
1.96276901321247	0.454520391574277
1.96276901321247	0.454520391574277
0.165088029467664	0.0313824661178469
0.16619130625606	0.0315431724784316
0.183063896529214	0.0463401006276899
0.169566032486793	0.032038095111837
-1.1182849071041	0.337405124817419
0.963743115659934	0.255236344279286
0.181837521716867	0.0460537144756759
0.963743115659934	0.255236344279286
-0.703651055748467	0.240588737528622
1.96684138854469	0.455504908505281
0.180845714650258	0.0543398759613664
-2.57522664974505	0.666917731403372
3.27152519356808	1.11907150574555
1.96276901321247	0.454520391574277
2.76330811440907	0.780761067286217
2.76219840038386	0.780594539857824
1.35205380401403	0.598333159725176
0.164778629348208	0.0313374327003096
-1.7934287506278	0.390727439150181
0.690554433996612	0.2205748378538
2.76219840038386	0.780594539857824
1.96276901321247	0.454520391574277
3.64618465324491	1.4458034047001
-0.324393158207149	0.0929933012825356
1.96372117107544	0.45473924627511
1.4745635305468	0.492365493098567
1.46842163094462	0.489769078028611
0.964934921520073	0.255476948633611
0.183063896529214	0.0463401006276899
-0.374925759667409	0.155103292255137
1.05657276894202	0.403741434107833
1.47897546128728	0.493826410303162
3.27752825134246	1.12202020233476
0.165088029467664	0.0313824661178469
-2.57067328278635	0.665094197548339
1.4745635305468	0.492365493098567
0.691293725798235	0.220916760169014
-0.708225225424176	0.242257120133667
0.184291063239428	0.0465991085839434
0.967933372585482	0.256362285789635
0.957162742729009	0.253557522610441
0.964934921520073	0.255476948633611
-1.79785205353169	0.391773074809323
-0.326043908260378	0.0934449166225896
1.05878746464103	0.40482083139178
1.47032706033056	0.490703617760438
-0.618535635333325	0.149538863092151
0.164778629348208	0.0313374327003096
-0.612487701707529	0.148134994320372
1.96276901321247	0.454520391574277
0.685539141555545	0.218907224669263
0.16619130625606	0.0315431724784316
0.183063896529214	0.0463401006276899
0.966736740010186	0.256029100393941
0.962025660417238	0.254682745005495
0.181159179759352	0.0458876218072277
0.686626809163374	0.219374653716057
0.693216225774344	0.221541872050593
-1.80972914971045	0.736466937750987
-2.57067328278635	0.665094197548339
3.27272750868887	1.11966450015405
-1.11951983581622	0.337809535545767
0.963214248695465	0.255090594573707
1.96372117107544	0.45473924627511
-0.614206104379299	0.148455859250315
3.27272750868887	1.11966450015405
0.165088029467664	0.0313824661178469
0.165880035481028	0.0314978449610492
-1.12086886051128	0.33811902750598
0.178049240810411	0.0452053813438565
1.47525146835293	0.492648627415429
0.963743115659934	0.255236344279286
1.47032706033056	0.490703617760438
3.94524209007654	1.74713132583643
-0.612487701707529	0.148134994320372
0.17863644710503	0.0536867113604282
-2.04716996398721	0.931539307482038
-0.612487701707529	0.148134994320372
-3.44686848748983	1.22339694388155
0.175155035311403	0.0527334069281177
0.963214248695465	0.255090594573707
-3.07350260546998	0.94852963330217
-0.495848105642275	0.186769649159627
1.96276901321247	0.454520391574277
-3.44686848748983	1.22339694388155
-3.07350260546998	0.94852963330217
-3.44754089021611	1.22379406077669
1.83948692258838	0.725717515665962
-1.79346061997896	0.390723019452767
-1.50335347787301	0.534889336029958
-3.07928878926676	0.951136693928373
0.958352222975233	0.253964848564806
-2.57067328278635	0.665094197548339
-2.57067328278635	0.665094197548339
2.76109157462938	0.779871501961836
-1.79346061997896	0.390723019452767
1.96684138854469	0.455504908505281
3.27032462336087	1.11801013776878
0.184291063239428	0.0465991085839434
-1.79346061997896	0.390723019452767
-1.1182849071041	0.337405124817419
-2.57067328278635	0.665094197548339
0.963743115659934	0.255236344279286
-0.613682540053849	0.148388769407339
0.967933372585482	0.256362285789635
-1.50069847674699	0.53359178068112
-2.57067328278635	0.665094197548339
-2.57098043849301	0.664920470822356
-2.57067328278635	0.665094197548339
0.689821397698691	0.220399946218977
1.47032706033056	0.490703617760438
1.96276901321247	0.454520391574277
1.96372117107544	0.45473924627511
1.96276901321247	0.454520391574277
-1.80787161253581	0.735457279767657
1.47032706033056	0.490703617760438
0.164778629348208	0.0313374327003096
0.16619130625606	0.0315431724784316
1.96276901321247	0.454520391574277
1.47086646676889	0.49088731436037
2.76109157462938	0.779871501961836
1.46842163094462	0.489769078028611
1.84451762847753	0.728350716630867
4.1882111136414	2.03566038800704
-1.11884555197394	0.337481516657706
1.96372117107544	0.45473924627511
0.179369859705814	0.0539368960907662
0.848032693315309	0.360709825155979
-0.613682540053849	0.148388769407339
1.96276901321247	0.454520391574277
0.165088029467664	0.0313824661178469
0.16619130625606	0.0315431724784316
-0.702142591343233	0.240009967793785
0.690559056864311	0.220592978829305
-3.75617280639968	1.48517393103445
1.96276901321247	0.454520391574277
-1.79346061997896	0.390723019452767
-0.613012730411062	0.148202450577793
0.169248055862235	0.0319917175833404
-2.57067328278635	0.665094197548339
-3.44754089021611	1.22379406077669
0.164778629348208	0.0313374327003096
0.169248055862235	0.0319917175833404
1.47086646676889	0.49088731436037
-0.612487701707529	0.148134994320372
0.962025660417238	0.254682745005495
2.76219840038386	0.780594539857824
-0.613158918177153	0.148231887572971
0.963078860472085	0.255236868510046
-2.57067328278635	0.665094197548339
1.96372117107544	0.45473924627511
3.27032462336087	1.11801013776878
1.96276901321247	0.454520391574277
2.76330811440907	0.780761067286217
1.96276901321247	0.454520391574277
0.165088029467664	0.0313824661178469
-1.7934287506278	0.390727439150181
0.169248055862235	0.0319917175833404
-3.44821343973509	1.22397568320365
-1.79346061997896	0.390723019452767
0.962025660417238	0.254682745005495
0.176139035531232	0.0447669868764769
2.76330811440907	0.780761067286217
2.76330811440907	0.780761067286217
0.968469219672053	0.25651021792255
0.962025660417238	0.254682745005495
1.47333622017027	0.491753136545405
0.164778629348208	0.0313374327003096
1.96372117107544	0.45473924627511
0.16619130625606	0.0315431724784316
0.548802214907851	0.199198529969934
0.550229507129372	0.199823293779666
0.180869771083221	0.0619402640495967
0.170230434608558	0.0583940430699947
1.47897546128728	0.493826410303162
0.169566032486793	0.032038095111837
0.183063896529214	0.0463401006276899
-1.1182849071041	0.337405124817419
1.96276901321247	0.454520391574277
0.164778629348208	0.0313374327003096
-0.324925483517562	0.093165291273504
-1.11896025029368	0.337616084496264
0.165088029467664	0.0313824661178469
-1.49753171438992	0.532305096548695
-2.26071768275616	1.13895890649434
0.172864397881798	0.0592822657182494
1.4646350690462	0.48856709745013
2.76671632811135	0.782410087450427
0.962553055030982	0.254827961566665
0.177158612557092	0.0532687900403008
-1.64988335996078	0.926725532184238
-2.04787602398227	0.931932803365012
0.182515705814395	0.0461929473161663
0.187984352048437	0.0474280610765032
0.165880035481028	0.0314978449610492
-1.7934287506278	0.390727439150181
-1.7934287506278	0.390727439150181
-1.11896025029368	0.337616084496264
3.64618465324491	1.4458034047001
0.164778629348208	0.0313374327003096
0.181159179759352	0.0458876218072277
0.687904703717867	0.219759625438134
3.27032462336087	1.11801013776878
-1.49247986516622	0.53011506511111
0.165088029467664	0.0313824661178469
0.165880035481028	0.0314978449610492
2.76219840038386	0.780594539857824
0.687453672774919	0.21969379736456
-0.32531700249348	0.0932194330065639
0.165880035481028	0.0314978449610492
0.550585584584045	0.199969616725774
-0.60895933746012	0.147406558741333
-0.618535635333325	0.149538863092151
-1.11963574652263	0.337715170908198
-1.1182849071041	0.337405124817419
-0.324393158207149	0.0929933012825356
2.76219840038386	0.780594539857824
3.27631781619437	1.12171855032085
0.967933372585482	0.256362285789635
3.27993169130503	1.12298306623949
3.27510914666181	1.12076297640292
0.18374299244507	0.0464795790495071
1.06449307015235	0.407221804443696
3.27752825134246	1.12202020233476
2.76219840038386	0.780594539857824
1.46910411205871	0.490049168285487
0.963743115659934	0.255236344279286
1.05767758057376	0.404228581247508
-3.44821343973509	1.22397568320365
-1.00557028486789	0.397794564458927
0.682339311812087	0.217953944354753
0.187984352048437	0.0474280610765032
2.76671632811135	0.782410087450427
0.16619130625606	0.0315431724784316
0.552010634561459	0.20046264360567
-3.07350260546998	0.94852963330217
0.179731047800424	0.0540108619593111
0.546346904865407	0.198325214127253
0.687453672774919	0.21969379736456
-0.745838143765145	0.322552749669043
-0.332618072686463	0.0952457032075058
0.184971072095669	0.0467387603153735
0.959543454922691	0.254205280821647
-1.00448642825666	0.397437675069127
-0.750364995739161	0.325029815455567
0.177362298643623	0.0450515694227369
2.12965340118889	0.961155297288054
-2.57067328278635	0.665094197548339
1.96372117107544	0.45473924627511
-0.326771057218117	0.0936418390224184
1.96684138854469	0.455504908505281
3.65119667594504	1.44884031306495
-3.07402416243152	0.948685276185543
-1.11896025029368	0.337616084496264
0.165088029467664	0.0313824661178469
0.687904703717867	0.219759625438134
-0.618535635333325	0.149538863092151
0.164778629348208	0.0313374327003096
1.05657276894202	0.403741434107833
-2.57098043849301	0.664920470822356
0.181837521716867	0.0460537144756759
0.186069807523728	0.046984734903896
0.16619130625606	0.0315431724784316
0.165088029467664	0.0313824661178469
0.180484451327502	0.0542489043189748
-1.1182849071041	0.337405124817419
0.164778629348208	0.0313374327003096
-0.326310377140785	0.0935168437296262
1.47086646676889	0.49088731436037
0.685539141555545	0.218907224669263
2.76330811440907	0.780761067286217
1.47032706033056	0.490703617760438
2.76219840038386	0.780594539857824
-1.12019427196772	0.338020301365193
0.169566032486793	0.032038095111837
-0.197961486462631	0.0637876154388623
1.96276901321247	0.454520391574277
-0.611962616144159	0.147977912487881
-0.701794429638729	0.239974906557054
-0.613158918177153	0.148231887572971
2.76330811440907	0.780761067286217
-2.57522664974505	0.666917731403372
-0.324393158207149	0.0929933012825356
0.464856280684563	0.188625286822257
-0.320548811537412	0.09196618419473
0.844441707134117	0.359109180860946
0.174866744414616	0.0599504088128746
0.164778629348208	0.0313374327003096
1.96372117107544	0.45473924627511
2.76219840038386	0.780594539857824
0.183063896529214	0.0463401006276899
0.84874813165367	0.361333340145203
1.96276901321247	0.454520391574277
0.184291063239428	0.0465991085839434
1.96276901321247	0.454520391574277
-1.79346061997896	0.390723019452767
0.687368688538373	0.21962274738387
0.964934921520073	0.255476948633611
0.181837521716867	0.0460537144756759
-0.704386334982379	0.240838421723177
0.968469219672053	0.25651021792255
3.6449477089076	1.4449787602644
-0.613682540053849	0.148388769407339
-1.80294806323006	0.732963939188901
0.962025660417238	0.254682745005495
0.183063896529214	0.0463401006276899
0.181837521716867	0.0460537144756759
1.84022304372881	0.72612017307568
1.05878746464103	0.40482083139178
-2.57036588579023	0.664816582891659
-0.613158918177153	0.148231887572971
0.687453672774919	0.21969379736456
-1.1258777723839	0.339888304991231
-0.614206104379299	0.148455859250315
0.161251150232847	0.0308565698216007
2.76219840038386	0.780594539857824
-3.44821343973509	1.22397568320365
0.16619130625606	0.0315431724784316
0.968469219672053	0.25651021792255
0.963743115659934	0.255236344279286
1.47648048364922	0.492996794108507
0.17899314570337	0.0538175920888867
0.161251150232847	0.0308565698216007
0.164778629348208	0.0313374327003096
-0.614206104379299	0.148455859250315
0.164778629348208	0.0313374327003096
1.96276901321247	0.454520391574277
0.186752657299631	0.0471525522204707
0.968469219672053	0.25651021792255
1.47155078449581	0.491168545293048
0.962025660417238	0.254682745005495
1.47032706033056	0.490703617760438
0.71997230620103	0.340590077078722
0.688185381402826	0.219868290083128
0.183610895194862	0.0464322674344966
0.165088029467664	0.0313824661178469
1.96276901321247	0.454520391574277
0.164778629348208	0.0313374327003096
0.964404580081594	0.255330782344719
1.96276901321247	0.454520391574277
1.05804592236107	0.404331959594976
1.4745635305468	0.492365493098567
1.96276901321247	0.454520391574277
0.963743115659934	0.255236344279286
1.96372117107544	0.45473924627511
-3.07402416243152	0.948685276185543
0.164778629348208	0.0313374327003096
1.35029297080259	0.597376447511037
0.687904703717867	0.219759625438134
1.96684138854469	0.455504908505281
0.962553055030982	0.254827961566665
1.84688671309285	0.729320128563701
0.16619130625606	0.0315431724784316
1.96276901321247	0.454520391574277
0.165088029467664	0.0313824661178469
0.188588617008752	0.0564828399249003
0.697539161689842	0.222938108752217
1.96276901321247	0.454520391574277
-1.1182849071041	0.337405124817419
0.165088029467664	0.0313824661178469
-0.613012730411062	0.148202450577793
-0.701060091359901	0.239632648032144
0.169248055862235	0.0319917175833404
0.187300583927818	0.0472598613580206
0.964404580081594	0.255330782344719
0.692481142426252	0.221366284684109
0.68908810997088	0.220077042266344
0.966637590266194	0.256126252544328
-1.7934287506278	0.390727439150181
0.16619130625606	0.0315431724784316
0.692481142426252	0.221366284684109
0.16619130625606	0.0315431724784316
3.94404333145349	1.74617514669156
0.963743115659934	0.255236344279286
0.187984352048437	0.0474280610765032
0.962025660417238	0.254682745005495
0.161251150232847	0.0308565698216007
0.16619130625606	0.0315431724784316
3.64995436887393	1.44813448599007
0.963743115659934	0.255236344279286
-1.7934287506278	0.390727439150181
0.164778629348208	0.0313374327003096
2.76109157462938	0.779871501961836
1.96684138854469	0.455504908505281
0.706521734179321	0.332853752170817
0.165088029467664	0.0313824661178469
0.187300583927818	0.0472598613580206
1.47086646676889	0.49088731436037
-0.326043908260378	0.0934449166225896
0.963743115659934	0.255236344279286
0.68908810997088	0.220077042266344
0.962553055030982	0.254827961566665
-1.1152634133402	0.336439469187697
1.84022304372881	0.72612017307568
0.181837521716867	0.0460537144756759
0.958352222975233	0.253964848564806
-1.11458449535005	0.336227635184335
0.181053134529505	0.0458624936397602
0.18374299244507	0.0464795790495071
0.164778629348208	0.0313374327003096
-1.7934287506278	0.390727439150181
-3.44821343973509	1.22397568320365
1.96372117107544	0.45473924627511
0.16619130625606	0.0315431724784316
0.164778629348208	0.0313374327003096
-1.79346061997896	0.390723019452767
0.962025660417238	0.254682745005495
0.165880035481028	0.0314978449610492
3.27272750868887	1.11966450015405
1.59721287836547	0.803147695445306
3.2811485523965	1.12364699463245
0.181470725474589	0.0621007033137733
0.686270437198953	0.219228628867356
0.165088029467664	0.0313824661178469
0.688637326691298	0.220082192676685
1.96276901321247	0.454520391574277
-1.79346061997896	0.390723019452767
-2.57036588579023	0.664816582891659
-1.11896025029368	0.337616084496264
1.96372117107544	0.45473924627511
0.164778629348208	0.0313374327003096
1.96372117107544	0.45473924627511
0.169248055862235	0.0319917175833404
0.687453672774919	0.21969379736456
0.686626809163374	0.219374653716057
1.46955857964488	0.49050725448157
0.180845714650258	0.0543398759613664
0.165880035481028	0.0314978449610492
0.179274213223518	0.0454636418217038
-1.7934287506278	0.390727439150181
2.76219840038386	0.780594539857824
0.176263706576241	0.0530277163300986
0.683520003518989	0.218340470189805
0.165880035481028	0.0314978449610492
0.184971072095669	0.0467387603153735
-2.57036588579023	0.664816582891659
-1.1258777723839	0.339888304991231
1.96276901321247	0.454520391574277
0.181837521716867	0.0460537144756759
0.182336403143595	0.0547549505032696
-0.702529153090903	0.24025873050893
-0.612487701707529	0.148134994320372
-0.60895933746012	0.147406558741333
1.47032706033056	0.490703617760438
0.165880035481028	0.0314978449610492
1.96372117107544	0.45473924627511
-3.75690729519465	1.48558300753873
0.160144755571284	0.0306956063740573
0.180845714650258	0.0543398759613664
-1.12899732880063	0.340924693999455
0.688185381402826	0.219868290083128
0.18374299244507	0.0464795790495071
0.16619130625606	0.0315431724784316
-3.07350260546998	0.94852963330217
-3.07350260546998	0.94852963330217
-0.326310377140785	0.0935168437296262
0.165880035481028	0.0314978449610492
1.84376682971049	0.727623731102843
1.96372117107544	0.45473924627511
0.963743115659934	0.255236344279286
0.693668977910988	0.221707820486434
-0.701407652969022	0.239760620804689
-1.50215938518201	0.53435945377886
-1.7934287506278	0.390727439150181
0.182515705814395	0.0461929473161663
1.96276901321247	0.454520391574277
0.160144755571284	0.0306956063740573
1.96372117107544	0.45473924627511
0.160144755571284	0.0306956063740573
0.182384642090162	0.0461735738884295
0.164778629348208	0.0313374327003096
-0.617875104469477	0.149400727468359
-0.703264262088321	0.240508331840629
-1.00377782576872	0.397156038036369
2.76330811440907	0.780761067286217
0.165088029467664	0.0313824661178469
-2.57067328278635	0.665094197548339
-1.11896025029368	0.337616084496264
1.46910411205871	0.490049168285487
0.165088029467664	0.0313824661178469
0.184971072095669	0.0467387603153735
0.171088689990155	0.0436215883182389
-0.703264262088321	0.240508331840629
-2.57554526884402	0.666976966437407
1.96684138854469	0.455504908505281
-1.7934287506278	0.390727439150181
-1.7934287506278	0.390727439150181
-1.12019427196772	0.338020301365193
1.96684138854469	0.455504908505281
-0.321011266565823	0.0920911495247304
0.169566032486793	0.032038095111837
0.165088029467664	0.0313824661178469
-0.702529153090903	0.24025873050893
0.165880035481028	0.0314978449610492
1.47402323433779	0.492035659807906
-2.57522664974505	0.666917731403372
-2.57067328278635	0.665094197548339
3.27393157336313	1.11982869858365
3.64995436887393	1.44813448599007
3.64742237939513	1.44635997008149
0.968469219672053	0.25651021792255
0.16619130625606	0.0315431724784316
0.178586346650125	0.0453095875153282
0.178586346650125	0.0453095875153282
-1.49753171438992	0.532305096548695
1.47155078449581	0.491168545293048
1.05767805940452	0.40430204105456
1.96276901321247	0.454520391574277
1.47525146835293	0.492648627415429
0.181159179759352	0.0458876218072277
1.96372117107544	0.45473924627511
0.686721713829268	0.219371725498129
2.76219840038386	0.780594539857824
2.76219840038386	0.780594539857824
1.34851208512378	0.596384123896258
1.47032706033056	0.490703617760438
0.962025660417238	0.254682745005495
1.96684138854469	0.455504908505281
1.96684138854469	0.455504908505281
-1.79346061997896	0.390723019452767
1.96372117107544	0.45473924627511
0.164778629348208	0.0313374327003096
0.964404580081594	0.255330782344719
2.76330811440907	0.780761067286217
-0.330698472981565	0.0947716626031445
-0.709698759851068	0.242860149943732
1.05693634570001	0.403813519694082
-0.611962616144159	0.147977912487881
0.963743115659934	0.255236344279286
-1.79346061997896	0.390723019452767
-1.11951983581622	0.337809535545767
-0.613158918177153	0.148231887572971
1.84451762847753	0.728350716630867
1.96372117107544	0.45473924627511
3.27032462336087	1.11801013776878
0.169566032486793	0.032038095111837
0.694404728756287	0.221883604128058
-0.611962616144159	0.147977912487881
1.46964366147565	0.490422889690681
0.16619130625606	0.0315431724784316
0.182384642090162	0.0461735738884295
-1.25282348419083	0.562015024066232
-2.57067328278635	0.665094197548339
-0.613682540053849	0.148388769407339
0.16619130625606	0.0315431724784316
0.164778629348208	0.0313374327003096
1.96276901321247	0.454520391574277
2.76219840038386	0.780594539857824
1.47402323433779	0.492035659807906
2.76559849788836	0.78194178274137
-0.611962616144159	0.147977912487881
0.165088029467664	0.0313824661178469
-1.1258777723839	0.339888304991231
0.164778629348208	0.0313374327003096
3.27152519356808	1.11907150574555
0.962025660417238	0.254682745005495
0.165880035481028	0.0314978449610492
1.84066711299049	0.726365639107333
-1.49633399610699	0.531774933095134
1.47333622017027	0.491753136545405
1.46964366147565	0.490422889690681
1.96372117107544	0.45473924627511
3.27510914666181	1.12076297640292
1.06174577240313	0.405819935428001
1.47277528463141	0.49146011988965
1.96276901321247	0.454520391574277
0.842756897055983	0.358214727221788
0.963214248695465	0.255090594573707
2.76219840038386	0.780594539857824
3.27152519356808	1.11907150574555
-0.613158918177153	0.148231887572971
-0.60895933746012	0.147406558741333
1.96372117107544	0.45473924627511
0.962553055030982	0.254827961566665
0.186069807523728	0.046984734903896
-2.04249312224762	0.928496345266382
1.84302870233133	0.727219634707302
-1.11896025029368	0.337616084496264
-3.44754089021611	1.22379406077669
0.169248055862235	0.0319917175833404
0.165880035481028	0.0314978449610492
-3.0729809879685	0.948009080411761
1.84957887095899	0.730635761791688
0.182515705814395	0.0461929473161663
-0.325582325201124	0.0933470317045756
2.76109157462938	0.779871501961836
3.27272750868887	1.11966450015405
2.76109157462938	0.779871501961836
2.13681907156706	0.965358768322222
0.165880035481028	0.0314978449610492
0.164778629348208	0.0313374327003096
-1.7934287506278	0.390727439150181
1.47086646676889	0.49088731436037
0.686721713829268	0.219371725498129
0.688637326691298	0.220082192676685
-0.207232075857028	0.0666568135316666
0.686626809163374	0.219374653716057
0.186752657299631	0.0471525522204707
3.6449477089076	1.4449787602644
-0.321741768636823	0.0922885496388945
-0.612487701707529	0.148134994320372
1.96276901321247	0.454520391574277
2.76109157462938	0.779871501961836
3.27272750868887	1.11966450015405
-2.57522664974505	0.666917731403372
1.96276901321247	0.454520391574277
0.964404580081594	0.255330782344719
1.96372117107544	0.45473924627511
1.33824948036405	0.590537438816434
0.164778629348208	0.0313374327003096
-0.613682540053849	0.148388769407339
1.96684138854469	0.455504908505281
-1.79346061997896	0.390723019452767
-0.330806989363238	0.0947777594762696
1.84258516456861	0.727293955790375
-1.11884555197394	0.337481516657706
0.688185381402826	0.219868290083128
0.182515705814395	0.0461929473161663
0.963743115659934	0.255236344279286
-2.57036588579023	0.664816582891659
-0.330698472981565	0.0947716626031445
1.96372117107544	0.45473924627511
0.964934921520073	0.255476948633611
2.76109157462938	0.779871501961836
2.76109157462938	0.779871501961836
1.96372117107544	0.45473924627511
3.27510914666181	1.12076297640292
0.164778629348208	0.0313374327003096
2.76559849788836	0.78194178274137
1.34779496112241	0.59573287040833
0.555598921920072	0.201915300938634
3.27631781619437	1.12171855032085
1.96276901321247	0.454520391574277
1.96684138854469	0.455504908505281
0.164778629348208	0.0313374327003096
-0.611962616144159	0.147977912487881
0.183063896529214	0.0463401006276899
0.165880035481028	0.0314978449610492
0.183960045070368	0.0552151922972765
-0.611962616144159	0.147977912487881
3.27752825134246	1.12202020233476
1.47155078449581	0.491168545293048
0.958352222975233	0.253964848564806
0.166867074881095	0.0572696115379919
0.16619130625606	0.0315431724784316
1.96276901321247	0.454520391574277
-1.80402319087234	0.733252313453103
3.27152519356808	1.11907150574555
3.64371154631014	1.44368517222673
0.964934921520073	0.255476948633611
-0.336585149330964	0.0963705778245514
0.963743115659934	0.255236344279286
-0.324126952894347	0.0929244396746841
1.46341520408474	0.487915667204292
0.165088029467664	0.0313824661178469
-0.613012730411062	0.148202450577793
1.96372117107544	0.45473924627511
-1.1258777723839	0.339888304991231
-0.613682540053849	0.148388769407339
-2.57067328278635	0.665094197548339
0.165088029467664	0.0313824661178469
-0.60895933746012	0.147406558741333
1.47032706033056	0.490703617760438
2.76219840038386	0.780594539857824
-1.79346061997896	0.390723019452767
-2.57067328278635	0.665094197548339
0.180107983152346	0.0541465694868784
1.84407253912976	0.727924750702318
-3.07402416243152	0.948685276185543
-0.618535635333325	0.149538863092151
-1.79346061997896	0.390723019452767
-1.79346061997896	0.390723019452767
-1.7934287506278	0.390727439150181
3.27510914666181	1.12076297640292
0.963743115659934	0.255236344279286
1.96276901321247	0.454520391574277
1.47032706033056	0.490703617760438
1.96372117107544	0.45473924627511
2.76671632811135	0.782410087450427
0.963743115659934	0.255236344279286
0.165880035481028	0.0314978449610492
1.47086646676889	0.49088731436037
0.16619130625606	0.0315431724784316
-1.79346061997896	0.390723019452767
0.164778629348208	0.0313374327003096
0.963214248695465	0.255090594573707
0.187300583927818	0.0472598613580206
2.76671632811135	0.782410087450427
0.961881298984383	0.254903830883264
2.76109157462938	0.779871501961836
1.96372117107544	0.45473924627511
-0.697547507150818	0.238387277313668
0.16619130625606	0.0315431724784316
3.27272750868887	1.11966450015405
-1.49561006114969	0.531433597211914
-0.325582325201124	0.0933470317045756
-1.12396372987595	0.33934973605565
-1.79785205353169	0.391773074809323
-0.612487701707529	0.148134994320372
0.958352222975233	0.253964848564806
1.96276901321247	0.454520391574277
0.968469219672053	0.25651021792255
1.05767805940452	0.40430204105456
0.165880035481028	0.0314978449610492
0.172309731920116	0.0439046529437047
-0.330698472981565	0.0947716626031445
0.164778629348208	0.0313374327003096
0.963743115659934	0.255236344279286
2.76109157462938	0.779871501961836
-1.7934287506278	0.390727439150181
-0.613682540053849	0.148388769407339
0.165088029467664	0.0313824661178469
-2.57067328278635	0.665094197548339
3.64618465324491	1.4458034047001
0.165088029467664	0.0313824661178469
-0.614206104379299	0.148455859250315
-1.50189389559208	0.534121741351592
3.94011940400443	1.7432966017604
1.96372117107544	0.45473924627511
0.181222403711057	0.0544586569816679
0.963214248695465	0.255090594573707
0.165880035481028	0.0314978449610492
-1.79346061997896	0.390723019452767
0.165088029467664	0.0313824661178469
-2.57067328278635	0.665094197548339
2.76109157462938	0.779871501961836
0.165880035481028	0.0314978449610492
0.966736740010186	0.256029100393941
0.165088029467664	0.0313824661178469
2.76559849788836	0.78194178274137
1.96276901321247	0.454520391574277
3.27272750868887	1.11966450015405
1.96276901321247	0.454520391574277
0.963743115659934	0.255236344279286
-2.57067328278635	0.665094197548339
3.27272750868887	1.11966450015405
-0.619069360213747	0.149654914653121
0.169784416617883	0.0656441790925692
0.967271104517323	0.256176548116206
0.177362298643623	0.0450515694227369
2.76109157462938	0.779871501961836
0.962553055030982	0.254827961566665
1.96276901321247	0.454520391574277
1.80352429937607	1.01818921274933
0.164778629348208	0.0313374327003096
0.16619130625606	0.0315431724784316
1.4745635305468	0.492365493098567
0.164778629348208	0.0313374327003096
0.962025660417238	0.254682745005495
-0.189033596355458	0.0609641163038713
-0.364945196134694	0.150639795574567
-1.79346061997896	0.390723019452767
1.96684138854469	0.455504908505281
1.84140390214436	0.726768879551614
1.96276901321247	0.454520391574277
1.96276901321247	0.454520391574277
2.76671632811135	0.782410087450427
1.96276901321247	0.454520391574277
2.76219840038386	0.780594539857824
-2.57036588579023	0.664816582891659
-2.57067328278635	0.665094197548339
1.47525146835293	0.492648627415429
-0.298299571887716	0.135867104506064
0.926450375599449	0.503869391096998
-0.331432979676728	0.0949515324990773
1.96372117107544	0.45473924627511
0.164778629348208	0.0313374327003096
-1.7934287506278	0.390727439150181
-0.611962616144159	0.147977912487881
1.96372117107544	0.45473924627511
-2.58013588785136	0.668674470410509
2.76219840038386	0.780594539857824
0.164778629348208	0.0313374327003096
1.84644215856505	0.729350990286639
-0.330698472981565	0.0947716626031445
0.165088029467664	0.0313824661178469
-0.617875104469477	0.149400727468359
0.963743115659934	0.255236344279286
0.18011793418247	0.054112323705194
0.169248055862235	0.0319917175833404
-1.7934287506278	0.390727439150181
0.962025660417238	0.254682745005495
-1.7934287506278	0.390727439150181
0.187435346122179	0.047292837125537
-0.613012730411062	0.148202450577793
0.165880035481028	0.0314978449610492
0.962553055030982	0.254827961566665
0.962025660417238	0.254682745005495
0.160144755571284	0.0306956063740573
0.682659454434831	0.217927323928603
-0.613682540053849	0.148388769407339
0.164778629348208	0.0313374327003096
1.47086646676889	0.49088731436037
0.962553055030982	0.254827961566665
1.96276901321247	0.454520391574277
1.96276901321247	0.454520391574277
1.96372117107544	0.45473924627511
1.46585570298693	0.489030037475911
2.76559849788836	0.78194178274137
0.179369859705814	0.0539368960907662
0.963743115659934	0.255236344279286
-0.747577705121894	0.323572171236528
0.626586543456033	0.33014561589744
0.169566032486793	0.032038095111837
-0.613682540053849	0.148388769407339
1.96276901321247	0.454520391574277
0.164778629348208	0.0313374327003096
3.27032462336087	1.11801013776878
0.187300583927818	0.0472598613580206
0.963743115659934	0.255236344279286
0.331065071420039	0.215838296922267
0.632709061774479	0.333704177875255
0.479577254545525	0.195000342217498
0.16619130625606	0.0315431724784316
1.96276901321247	0.454520391574277
-3.07350260546998	0.94852963330217
1.96276901321247	0.454520391574277
2.76109157462938	0.779871501961836
1.96372117107544	0.45473924627511
0.165088029467664	0.0313824661178469
0.18374299244507	0.0464795790495071
1.96372117107544	0.45473924627511
2.76559849788836	0.78194178274137
-2.26727516858445	1.14420626665759
0.161251150232847	0.0308565698216007
-1.79346061997896	0.390723019452767
1.96276901321247	0.454520391574277
-1.7934287506278	0.390727439150181
1.96276901321247	0.454520391574277
-1.79346061997896	0.390723019452767
1.96372117107544	0.45473924627511
1.96276901321247	0.454520391574277
0.963743115659934	0.255236344279286
1.96276901321247	0.454520391574277
0.169248055862235	0.0319917175833404
1.59361466522007	0.80088415110559
-1.00377782576872	0.397156038036369
-0.611962616144159	0.147977912487881
1.96276901321247	0.454520391574277
1.96276901321247	0.454520391574277
0.165088029467664	0.0313824661178469
-1.79346061997896	0.390723019452767
0.160144755571284	0.0306956063740573
-1.79346061997896	0.390723019452767
1.96276901321247	0.454520391574277
-0.613012730411062	0.148202450577793
-1.65599468596305	0.931174269702438
0.471824602510079	0.191574432510034
0.183250990646259	0.0549641674637575
1.96372117107544	0.45473924627511
3.27393157336313	1.11982869858365
1.96276901321247	0.454520391574277
1.96276901321247	0.454520391574277
1.96276901321247	0.454520391574277
1.96276901321247	0.454520391574277
-0.617875104469477	0.149400727468359
0.962553055030982	0.254827961566665
0.164778629348208	0.0313374327003096
0.968469219672053	0.25651021792255
2.76330811440907	0.780761067286217
-1.79346061997896	0.390723019452767
-2.57036588579023	0.664816582891659
0.161251150232847	0.0308565698216007
3.27393157336313	1.11982869858365
0.16619130625606	0.0315431724784316
0.184291063239428	0.0465991085839434
0.165088029467664	0.0313824661178469
3.27152519356808	1.11907150574555
1.96276901321247	0.454520391574277
0.165088029467664	0.0313824661178469
0.963214248695465	0.255090594573707
1.47277528463141	0.49146011988965
1.96372117107544	0.45473924627511
1.47402323433779	0.492035659807906
1.96684138854469	0.455504908505281
1.96684138854469	0.455504908505281
2.76219840038386	0.780594539857824
-1.79346061997896	0.390723019452767
-0.613682540053849	0.148388769407339
0.165088029467664	0.0313824661178469
0.165088029467664	0.0313824661178469
2.76219840038386	0.780594539857824
-1.7934287506278	0.390727439150181
1.96372117107544	0.45473924627511
3.27272750868887	1.11966450015405
2.76109157462938	0.779871501961836
-0.140301145948742	0.0497906691879588
0.188209072837067	0.0563932249652722
1.47155078449581	0.491168545293048
1.96276901321247	0.454520391574277
0.165088029467664	0.0313824661178469
1.96276901321247	0.454520391574277
2.76671632811135	0.782410087450427
0.165088029467664	0.0313824661178469
0.181837521716867	0.0460537144756759
-0.612487701707529	0.148134994320372
0.964404580081594	0.255330782344719
1.96276901321247	0.454520391574277
-1.11896025029368	0.337616084496264
-2.57036588579023	0.664816582891659
2.76219840038386	0.780594539857824
0.16619130625606	0.0315431724784316
2.76219840038386	0.780594539857824
1.96372117107544	0.45473924627511
1.96276901321247	0.454520391574277
0.164778629348208	0.0313374327003096
0.962025660417238	0.254682745005495
0.692481142426252	0.221366284684109
1.47032706033056	0.490703617760438
1.06174577240313	0.405819935428001
1.34992552348217	0.597211152410209
0.963214248695465	0.255090594573707
1.47155078449581	0.491168545293048
0.165880035481028	0.0314978449610492
-0.614206104379299	0.148455859250315
0.962553055030982	0.254827961566665
0.164778629348208	0.0313374327003096
3.27631781619437	1.12171855032085
0.164625296117395	0.0313507498370328
-0.326310377140785	0.0935168437296262
0.963214248695465	0.255090594573707
0.173841338161581	0.0596051278079202
-1.11963574652263	0.337715170908198
1.47032706033056	0.490703617760438
1.96372117107544	0.45473924627511
1.96372117107544	0.45473924627511
0.164778629348208	0.0313374327003096
0.164778629348208	0.0313374327003096
0.165088029467664	0.0313824661178469
-0.613158918177153	0.148231887572971
1.96276901321247	0.454520391574277
-1.7934287506278	0.390727439150181
-2.57098043849301	0.664920470822356
-1.7934287506278	0.390727439150181
1.96276901321247	0.454520391574277
3.64871284900552	1.44691597652701
0.692481142426252	0.221366284684109
0.16619130625606	0.0315431724784316
-1.79346061997896	0.390723019452767
0.963214248695465	0.255090594573707
0.686270437198953	0.219228628867356
1.47086646676889	0.49088731436037
0.962553055030982	0.254827961566665
0.963743115659934	0.255236344279286
0.165088029467664	0.0313824661178469
0.16619130625606	0.0315431724784316
3.27510914666181	1.12076297640292
3.27032462336087	1.11801013776878
0.627143362094544	0.476922903339491
-0.319457505775601	0.18985907648554
0.957162742729009	0.253557522610441
0.963214248695465	0.255090594573707
1.96276901321247	0.454520391574277
1.96372117107544	0.45473924627511
0.967271104517323	0.256176548116206
-1.79346061997896	0.390723019452767
1.96276901321247	0.454520391574277
0.164778629348208	0.0313374327003096
-1.79346061997896	0.390723019452767
-0.745361895750445	0.322606575863086
1.96372117107544	0.45473924627511
-1.79785205353169	0.391773074809323
1.96276901321247	0.454520391574277
-1.7934287506278	0.390727439150181
1.96372117107544	0.45473924627511
-1.7934287506278	0.390727439150181
1.96684138854469	0.455504908505281
2.77014537202506	0.783552977740789
0.967933372585482	0.256362285789635
2.14161201065848	0.968534834276604
-1.3056404246254	0.81057554493442
1.96372117107544	0.45473924627511
1.96276901321247	0.454520391574277
2.76330811440907	0.780761067286217
0.963214248695465	0.255090594573707
1.96276901321247	0.454520391574277
3.27752825134246	1.12202020233476
-1.1182849071041	0.337405124817419
-0.32485451718176	0.0931499749349684
-1.79346061997896	0.390723019452767
0.184291063239428	0.0465991085839434
0.171488774809756	0.0748342853660748
0.174142036090339	0.059669100128654
-0.196970790009868	0.0634432336968819
0.165880035481028	0.0314978449610492
2.76330811440907	0.780761067286217
2.76559849788836	0.78194178274137
2.76330811440907	0.780761067286217
0.963743115659934	0.255236344279286
0.161251150232847	0.0308565698216007
2.76330811440907	0.780761067286217
0.181222403711057	0.0544586569816679
0.161251150232847	0.0308565698216007
1.96276901321247	0.454520391574277
1.96276901321247	0.454520391574277
1.96372117107544	0.45473924627511
2.76330811440907	0.780761067286217
-0.613158918177153	0.148231887572971
1.96276901321247	0.454520391574277
1.84022304372881	0.72612017307568
0.962553055030982	0.254827961566665
2.76219840038386	0.780594539857824
-2.04787602398227	0.931932803365012
0.964934921520073	0.255476948633611
0.18374299244507	0.0464795790495071
0.963743115659934	0.255236344279286
1.84066711299049	0.726365639107333
2.76219840038386	0.780594539857824
1.96372117107544	0.45473924627511
2.76330811440907	0.780761067286217
2.76219840038386	0.780594539857824
0.962025660417238	0.254682745005495
0.183063896529214	0.0463401006276899
2.76671632811135	0.782410087450427
0.686721713829268	0.219371725498129
1.47209004689925	0.491178510113126
-0.613158918177153	0.148231887572971
2.76109157462938	0.779871501961836
0.169566032486793	0.032038095111837
0.169566032486793	0.032038095111837
-0.613012730411062	0.148202450577793
0.963743115659934	0.255236344279286
1.84066711299049	0.726365639107333
-3.44686848748983	1.22339694388155
-1.79346061997896	0.390723019452767
-3.07402416243152	0.948685276185543
-1.79346061997896	0.390723019452767
-1.7934287506278	0.390727439150181
0.161251150232847	0.0308565698216007
2.76219840038386	0.780594539857824
1.96372117107544	0.45473924627511
1.96684138854469	0.455504908505281
1.96372117107544	0.45473924627511
0.16619130625606	0.0315431724784316
1.96276901321247	0.454520391574277
2.76219840038386	0.780594539857824
0.680421237638035	0.217245422782273
-0.327498449554433	0.0938114370055266
1.96276901321247	0.454520391574277
1.96276901321247	0.454520391574277
-1.7934287506278	0.390727439150181
0.165880035481028	0.0314978449610492
-0.326043908260378	0.0934449166225896
0.962025660417238	0.254682745005495
1.96372117107544	0.45473924627511
2.76330811440907	0.780761067286217
-0.613012730411062	0.148202450577793
0.176139035531232	0.0447669868764769
1.96276901321247	0.454520391574277
-3.44754089021611	1.22379406077669
-3.07822553691956	0.950796797182827
-1.11884555197394	0.337481516657706
-0.613012730411062	0.148202450577793
-1.79346061997896	0.390723019452767
-0.613012730411062	0.148202450577793
0.686721713829268	0.219371725498129
1.96372117107544	0.45473924627511
3.27032462336087	1.11801013776878
2.76559849788836	0.78194178274137
1.46842163094462	0.489769078028611
1.96276901321247	0.454520391574277
0.688637326691298	0.220082192676685
2.76219840038386	0.780594539857824
0.165088029467664	0.0313824661178469
1.96372117107544	0.45473924627511
0.68278086909504	0.218093717626154
0.691293725798235	0.220916760169014
1.96372117107544	0.45473924627511
0.165088029467664	0.0313824661178469
-1.79346061997896	0.390723019452767
2.76219840038386	0.780594539857824
-1.79346061997896	0.390723019452767
1.47086646676889	0.49088731436037
0.187984352048437	0.0474280610765032
-1.7934287506278	0.390727439150181
-1.7934287506278	0.390727439150181
0.962025660417238	0.254682745005495
1.79955013630579	1.01454475923101
0.711948337415143	0.335772521089498
-0.0683268760318813	0.0269188492952877
1.84644215856505	0.729350990286639
1.96372117107544	0.45473924627511
0.963743115659934	0.255236344279286
0.165088029467664	0.0313824661178469
1.96372117107544	0.45473924627511
0.184716497901306	0.0554075708253118
0.473589454725271	0.19241483097626
0.621721965027064	0.326898101663547
0.687904703717867	0.219759625438134
1.96276901321247	0.454520391574277
2.76330811440907	0.780761067286217
2.76219840038386	0.780594539857824
2.76109157462938	0.779871501961836
0.962553055030982	0.254827961566665
2.76109157462938	0.779871501961836
-1.7934287506278	0.390727439150181
1.96276901321247	0.454520391574277
-0.771066989850971	0.503165006656382
-0.612487701707529	0.148134994320372
-1.79346061997896	0.390723019452767
1.96276901321247	0.454520391574277
-1.79346061997896	0.390723019452767
1.96372117107544	0.45473924627511
1.96276901321247	0.454520391574277
2.13847384175308	0.967026817523456
-1.7934287506278	0.390727439150181
-2.57522664974505	0.666917731403372
0.178269357915488	0.0535920192892428
0.165880035481028	0.0314978449610492
0.968469219672053	0.25651021792255
1.47032706033056	0.490703617760438
0.688185381402826	0.219868290083128
0.183063896529214	0.0463401006276899
1.96276901321247	0.454520391574277
-2.57036588579023	0.664816582891659
0.165088029467664	0.0313824661178469
0.169248055862235	0.0319917175833404
2.76219840038386	0.780594539857824
2.76109157462938	0.779871501961836
0.93039181707666	0.506594192878058
-1.79913083573714	0.730688065905454
-0.612487701707529	0.148134994320372
0.680297517362399	0.217144838916072
0.689821397698691	0.220399946218977
0.688637326691298	0.220082192676685
1.96276901321247	0.454520391574277
1.96372117107544	0.45473924627511
-1.79346061997896	0.390723019452767
2.76330811440907	0.780761067286217
2.76559849788836	0.78194178274137
-0.612487701707529	0.148134994320372
-1.79346061997896	0.390723019452767
0.549516086641495	0.199542874934359
0.16619130625606	0.0315431724784316
1.96276901321247	0.454520391574277
0.16619130625606	0.0315431724784316
1.96276901321247	0.454520391574277
0.962025660417238	0.254682745005495
-1.79346061997896	0.390723019452767
1.96372117107544	0.45473924627511
1.96276901321247	0.454520391574277
1.96372117107544	0.45473924627511
-1.12464685880463	0.339484249108323
0.18374299244507	0.0464795790495071
-0.195896300806791	0.0631110974355499
2.76109157462938	0.779871501961836
0.164778629348208	0.0313374327003096
3.27510914666181	1.12076297640292
1.96276901321247	0.454520391574277
1.96276901321247	0.454520391574277
3.27152519356808	1.11907150574555
0.963214248695465	0.255090594573707
-0.315948015834244	0.0906883316966812
0.554529317239519	0.201500781149606
0.962025660417238	0.254682745005495
1.47402323433779	0.492035659807906
0.966736740010186	0.256029100393941
0.16619130625606	0.0315431724784316
-3.07350260546998	0.94852963330217
-1.7934287506278	0.390727439150181
-0.612487701707529	0.148134994320372
0.16619130625606	0.0315431724784316
3.27752825134246	1.12202020233476
0.165880035481028	0.0314978449610492
0.165088029467664	0.0313824661178469
2.76109157462938	0.779871501961836
2.76219840038386	0.780594539857824
0.681600849226051	0.217707538421281
-0.708956040781869	0.242608405956901
1.47032706033056	0.490703617760438
3.94919285179009	1.74908815648613
0.962025660417238	0.254682745005495
-4.00008448853862	1.73222233027689
0.183063896529214	0.0463401006276899
-0.321011266565823	0.0920911495247304
2.76219840038386	0.780594539857824
2.13772964310007	0.966515557948451
0.962025660417238	0.254682745005495
1.47032706033056	0.490703617760438
-3.07402416243152	0.948685276185543
-1.79346061997896	0.390723019452767
2.76330811440907	0.780761067286217
0.964404580081594	0.255330782344719
0.17863134392367	0.0537118645556901
1.05952860814689	0.405011691745652
1.96372117107544	0.45473924627511
0.963743115659934	0.255236344279286
0.16619130625606	0.0315431724784316
-0.329964215322259	0.0945505800706473
1.96372117107544	0.45473924627511
1.96276901321247	0.454520391574277
2.76671632811135	0.782410087450427
0.182515705814395	0.0461929473161663
0.551298334729919	0.200249958464128
-0.194443769853819	0.0626542518681332
-2.57067328278635	0.665094197548339
-0.325582325201124	0.0933470317045756
0.160144755571284	0.0306956063740573
0.687368688538373	0.21962274738387
0.173531552785268	0.0441618839867273
0.687001483078787	0.219402881860221
0.187435346122179	0.047292837125537
-0.199468626638543	0.0641958776339338
-0.702529153090903	0.24025873050893
0.165088029467664	0.0313824661178469
-1.12019427196772	0.338020301365193
0.963743115659934	0.255236344279286
-0.612487701707529	0.148134994320372
-1.7934287506278	0.390727439150181
-1.79346061997896	0.390723019452767
0.161251150232847	0.0308565698216007
1.96276901321247	0.454520391574277
0.963214248695465	0.255090594573707
0.164778629348208	0.0313374327003096
0.963743115659934	0.255236344279286
0.967933372585482	0.256362285789635
1.05235833798367	0.401844810202421
1.96276901321247	0.454520391574277
-1.1258777723839	0.339888304991231
0.684701102955821	0.218657021719675
0.548159843287306	0.198990334609177
0.687904703717867	0.219759625438134
1.47032706033056	0.490703617760438
0.185454319096416	0.0556335769192585
0.165088029467664	0.0313824661178469
3.64618465324491	1.4458034047001
-2.57098043849301	0.664920470822356
-1.79346061997896	0.390723019452767
0.16619130625606	0.0315431724784316
0.962025660417238	0.254682745005495
0.179746106686676	0.0540237006551008
0.165088029467664	0.0313824661178469
1.96276901321247	0.454520391574277
-1.79346061997896	0.390723019452767
0.184971072095669	0.0467387603153735
0.165088029467664	0.0313824661178469
0.183063896529214	0.0463401006276899
-0.199468626638543	0.0641958776339338
3.27752825134246	1.12202020233476
1.96276901321247	0.454520391574277
1.96372117107544	0.45473924627511
0.164778629348208	0.0313374327003096
1.96276901321247	0.454520391574277
0.164778629348208	0.0313374327003096
-0.324393158207149	0.0929933012825356
-1.49633399610699	0.531774933095134
0.180107983152346	0.0541465694868784
-1.79346061997896	0.390723019452767
1.96276901321247	0.454520391574277
3.9377307543685	1.74074336125778
0.688637326691298	0.220082192676685
0.688637326691298	0.220082192676685
0.16619130625606	0.0315431724784316
0.963743115659934	0.255236344279286
-0.494158826533737	0.186015316820675
-1.00236193740671	0.396463059052617
1.46910411205871	0.490049168285487
1.05952860814689	0.405011691745652
0.962553055030982	0.254827961566665
-0.617875104469477	0.149400727468359
0.687001483078787	0.219402881860221
0.165880035481028	0.0314978449610492
-0.622767009400713	0.150536739427417
-2.57098043849301	0.664920470822356
-1.7934287506278	0.390727439150181
-0.613682540053849	0.148388769407339
2.76219840038386	0.780594539857824
3.27032462336087	1.11801013776878
-1.79346061997896	0.390723019452767
1.47086646676889	0.49088731436037
1.4745635305468	0.492365493098567
1.06264198810457	0.406540438452512
1.06063740894654	0.405466440477548
2.76219840038386	0.780594539857824
0.16619130625606	0.0315431724784316
2.76559849788836	0.78194178274137
1.96372117107544	0.45473924627511
0.687453672774919	0.21969379736456
3.6449477089076	1.4449787602644
-0.326771057218117	0.0936418390224184
-0.32485451718176	0.0931499749349684
0.962553055030982	0.254827961566665
-3.44686848748983	1.22339694388155
-1.01014139129076	0.400088841211607
0.968469219672053	0.25651021792255
1.83438379793333	0.723158469152769
2.76109157462938	0.779871501961836
0.179274213223518	0.0454636418217038
1.96372117107544	0.45473924627511
0.165088029467664	0.0313824661178469
1.96276901321247	0.454520391574277
1.46341520408474	0.487915667204292
2.76219840038386	0.780594539857824
2.13958082308296	0.967639587738095
-2.57036588579023	0.664816582891659
0.687453672774919	0.21969379736456
0.964404580081594	0.255330782344719
0.683520003518989	0.218340470189805
0.16619130625606	0.0315431724784316
-0.613012730411062	0.148202450577793
-0.614206104379299	0.148455859250315
0.688637326691298	0.220082192676685
-0.19265924146981	0.0621226000055922
0.484769880578961	0.197255640712376
1.10800069128242	0.685524346972981
-0.617339897765464	0.149284387408846
0.963743115659934	0.255236344279286
0.179369859705814	0.0539368960907662
-3.74624107806015	1.47909592511107
0.176139035531232	0.0447669868764769
0.963743115659934	0.255236344279286
-0.707108693003757	0.241928926266029
0.687904703717867	0.219759625438134
-0.331432979676728	0.0949515324990773
-1.79913083573714	0.730688065905454
0.963743115659934	0.255236344279286
0.165880035481028	0.0314978449610492
0.165088029467664	0.0313824661178469
1.96276901321247	0.454520391574277
0.688185381402826	0.219868290083128
1.06153095853073	0.405927487776779
-1.5026235657887	0.534584753118728
0.174415063218798	0.0525132560977555
-0.612487701707529	0.148134994320372
1.34886052544281	0.596542879120315
0.692481142426252	0.221366284684109
3.64742237939513	1.44635997008149
0.187984352048437	0.0474280610765032
-0.196606144995592	0.0633346995977349
-0.612487701707529	0.148134994320372
0.186752657299631	0.0471525522204707
-3.07350260546998	0.94852963330217
0.180845714650258	0.0543398759613664
-0.195896300806791	0.0631110974355499
-0.69828209728105	0.238636183590358
0.849408948383461	0.361671672630261
3.6449477089076	1.4449787602644
-2.26635536722332	1.14374757201226
-0.613682540053849	0.148388769407339
1.96276901321247	0.454520391574277
-1.1152634133402	0.336439469187697
0.963743115659934	0.255236344279286
1.08888268610096	0.532186917645821
1.96372117107544	0.45473924627511
3.27272750868887	1.11966450015405
0.963214248695465	0.255090594573707
0.16619130625606	0.0315431724784316
0.964934921520073	0.255476948633611
-4.55410237432286	2.48817767262538
-0.324126952894347	0.0929244396746841
0.16619130625606	0.0315431724784316
0.554529317239519	0.201500781149606
0.173841338161581	0.0596051278079202
0.178161345351442	0.0610444196674466
0.184971072095669	0.0467387603153735
-1.46617586367611	0.737799364206718
-3.44686848748983	1.22339694388155
0.690559056864311	0.220592978829305
-0.197681301235905	0.0636672013988199
0.172713073431482	0.0752861785253497
0.164778629348208	0.0313374327003096
1.96276901321247	0.454520391574277
-1.7934287506278	0.390727439150181
-0.613682540053849	0.148388769407339
-2.57522664974505	0.666917731403372
-2.57098043849301	0.664920470822356
-0.613682540053849	0.148388769407339
-1.12019427196772	0.338020301365193
-0.195896300806791	0.0631110974355499
0.964404580081594	0.255330782344719
-3.45171499640176	1.22586147893993
-0.191951684587849	0.0619002672361887
0.550585584584045	0.199969616725774
1.05804592236107	0.404331959594976
0.549160121479864	0.19934633555332
-0.324393158207149	0.0929933012825356
1.80251721638361	1.01714329229409
1.05767805940452	0.40430204105456
0.962553055030982	0.254827961566665
0.178161345351442	0.0610444196674466
-0.331884233338781	0.0950660268702792
-1.8018209860465	0.732336264923416
0.176825054435177	0.0449204608148946
3.6449477089076	1.4449787602644
0.16619130625606	0.0315431724784316
0.962553055030982	0.254827961566665
-0.325582325201124	0.0933470317045756
0.164778629348208	0.0313374327003096
1.96684138854469	0.455504908505281
0.165088029467664	0.0313824661178469
-2.57067328278635	0.665094197548339
1.47277528463141	0.49146011988965
0.971485400220684	0.257250631808135
0.687453672774919	0.21969379736456
0.687453672774919	0.21969379736456
0.172815300536377	0.059246231431734
0.548515509988744	0.199132914018316
0.162700260026208	0.0630116789469624
0.177098196712698	0.0772522211179628
-1.50215938518201	0.53435945377886
2.77014537202506	0.783552977740789
3.93892487279316	1.74225767116968
0.183610895194862	0.0464322674344966
0.169566032486793	0.032038095111837
-1.79346061997896	0.390723019452767
-1.5026235657887	0.534584753118728
0.180484451327502	0.0542489043189748
2.76330811440907	0.780761067286217
-0.325582325201124	0.0933470317045756
2.13239173303271	0.962976446468332
0.962553055030982	0.254827961566665
0.692932973591989	0.221383018666362
0.687453672774919	0.21969379736456
0.966736740010186	0.256029100393941
1.96276901321247	0.454520391574277
1.96276901321247	0.454520391574277
1.46585570298693	0.489030037475911
1.84066711299049	0.726365639107333
0.174504111440695	0.0598231088959162
0.963214248695465	0.255090594573707
2.13736636122811	0.966264970252144
-0.712079472835643	0.243670210223705
3.27272750868887	1.11966450015405
1.47648048364922	0.492996794108507
1.96372117107544	0.45473924627511
-3.07402416243152	0.948685276185543
-3.07454565876188	0.948489134275984
-3.07875719123617	0.951227905765892
-1.12086886051128	0.33811902750598
-0.701407652969022	0.239760620804689
0.16619130625606	0.0315431724784316
0.16619130625606	0.0315431724784316
0.963743115659934	0.255236344279286
-0.495476598007788	0.186560284391804
1.46910411205871	0.490049168285487
-3.07875719123617	0.951227905765892
-1.49825523114142	0.532562193916483
1.96276901321247	0.454520391574277
0.180107983152346	0.0541465694868784
0.169248055862235	0.0319917175833404
0.68908810997088	0.220077042266344
0.923471706807312	0.501624006630074
0.686270437198953	0.219228628867356
-2.57067328278635	0.665094197548339
1.47032706033056	0.490703617760438
1.84140390214436	0.726768879551614
-0.611962616144159	0.147977912487881
-0.608428787479893	0.147248610626808
0.164778629348208	0.0313374327003096
-3.44754089021611	1.22379406077669
1.96276901321247	0.454520391574277
0.181837521716867	0.0460537144756759
-0.325582325201124	0.0933470317045756
-2.57036588579023	0.664816582891659
1.0538227967033	0.40247872570357
-0.611962616144159	0.147977912487881
-0.702142591343233	0.240009967793785
1.84140390214436	0.726768879551614
0.962553055030982	0.254827961566665
0.165880035481028	0.0314978449610492
-1.25556526630044	0.563363409975229
0.165880035481028	0.0314978449610492
-3.07402416243152	0.948685276185543
-0.614206104379299	0.148455859250315
-3.07350260546998	0.94852963330217
2.76219840038386	0.780594539857824
2.76109157462938	0.779871501961836
-1.7934287506278	0.390727439150181
0.184971072095669	0.0467387603153735
-0.613682540053849	0.148388769407339
0.963214248695465	0.255090594573707
0.963214248695465	0.255090594573707
-0.613012730411062	0.148202450577793
2.76219840038386	0.780594539857824
0.958352222975233	0.253964848564806
3.27272750868887	1.11966450015405
0.964404580081594	0.255330782344719
0.844796816473284	0.359284495888571
0.180484451327502	0.0542489043189748
-0.617875104469477	0.149400727468359
1.96372117107544	0.45473924627511
0.183222271364428	0.0550052131678393
-0.743607658160876	0.32145501649726
-0.326043908260378	0.0934449166225896
-2.04858251722026	0.932232235759351
0.963214248695465	0.255090594573707
0.963214248695465	0.255090594573707
0.71334171223002	0.336545260121106
0.175894574529828	0.052931112244421
0.164778629348208	0.0313374327003096
0.164778629348208	0.0313374327003096
0.963214248695465	0.255090594573707
3.64618465324491	1.4458034047001
0.184971072095669	0.0467387603153735
-1.80899376027932	0.736083117896047
0.180845714650258	0.0543398759613664
0.550585584584045	0.199969616725774
-0.12298542228522	0.0438035048977104
3.64742237939513	1.44635997008149
1.05878746464103	0.40482083139178
-0.323664690407152	0.0927962418225715
0.46843211581079	0.190223410571102
-1.25347193887989	0.562872615625383
-1.7934287506278	0.390727439150181
0.165088029467664	0.0313824661178469
-3.74479839827737	1.4781183796158
3.27510914666181	1.12076297640292
0.963743115659934	0.255236344279286
1.46842163094462	0.489769078028611
3.64618465324491	1.4458034047001
2.13662167910708	0.965753673826741
1.96276901321247	0.454520391574277
0.165880035481028	0.0314978449610492
1.96372117107544	0.45473924627511
0.183222271364428	0.0550052131678393
0.546346904865407	0.198325214127253
3.64742237939513	1.44635997008149
-0.617339897765464	0.149284387408846
0.687453672774919	0.21969379736456
0.962025660417238	0.254682745005495
0.713906415672812	0.33698145815023
0.552747570175129	0.200686243223241
1.05271914025947	0.402027196178193
0.182515705814395	0.0461929473161663
-0.701794429638729	0.239974906557054
1.84258516456861	0.727293955790375
1.09148459484778	0.5339278161794
1.85422431418521	0.73245200851049
0.693216225774344	0.221541872050593
-1.79346061997896	0.390723019452767
1.96276901321247	0.454520391574277
1.4745635305468	0.492365493098567
0.186069807523728	0.046984734903896
-0.497829058923719	0.187488525845502
0.173720977468161	0.0671974039748162
-0.326116124892219	0.0934876536925377
0.848390137942497	0.36112999220408
1.47277528463141	0.49146011988965
0.963214248695465	0.255090594573707
1.84333369293536	0.727520140615955
0.961881298984383	0.254903830883264
3.64871284900552	1.44691597652701
3.64742237939513	1.44635997008149
1.47155078449581	0.491168545293048
3.27631781619437	1.12171855032085
1.3549353352076	0.600117468724131
0.165088029467664	0.0313824661178469
0.687453672774919	0.21969379736456
0.165880035481028	0.0314978449610492
-2.57067328278635	0.665094197548339
1.47402323433779	0.492035659807906
0.186752657299631	0.0471525522204707
-1.46465786576239	0.737604114579331
1.46964366147565	0.490422889690681
1.47032706033056	0.490703617760438
-0.611962616144159	0.147977912487881
0.187984352048437	0.0474280610765032
1.96372117107544	0.45473924627511
-1.11951983581622	0.337809535545767
1.0538227967033	0.40247872570357
0.174415063218798	0.0525132560977555
-1.25754253377186	0.564810326489887
0.160144755571284	0.0306956063740573
0.164778629348208	0.0313374327003096
0.176825054435177	0.0449204608148946
1.06799314564954	0.408526238942959
0.178586346650125	0.0453095875153282
-0.326771057218117	0.0936418390224184
2.3754440739013	1.20341517424864
0.687001483078787	0.219402881860221
0.962553055030982	0.254827961566665
0.963743115659934	0.255236344279286
-0.613012730411062	0.148202450577793
-0.330698472981565	0.0947716626031445
0.184291063239428	0.0465991085839434
-0.614206104379299	0.148455859250315
0.16619130625606	0.0315431724784316
-3.44821343973509	1.22397568320365
-0.495559181486949	0.186579150623414
2.76330811440907	0.780761067286217
1.46964366147565	0.490422889690681
1.96276901321247	0.454520391574277
2.76109157462938	0.779871501961836
1.47402323433779	0.492035659807906
1.46910411205871	0.490049168285487
1.96276901321247	0.454520391574277
-0.612487701707529	0.148134994320372
1.47648048364922	0.492996794108507
0.17863134392367	0.0537118645556901
0.687453672774919	0.21969379736456
1.96276901321247	0.454520391574277
2.76559849788836	0.78194178274137
0.165088029467664	0.0313824661178469
0.192388128577069	0.048380175396211
1.96276901321247	0.454520391574277
2.76219840038386	0.780594539857824
1.96276901321247	0.454520391574277
1.96372117107544	0.45473924627511
1.96276901321247	0.454520391574277
1.96684138854469	0.455504908505281
0.179186941663505	0.0613870679805912
2.76671632811135	0.782410087450427
0.184291063239428	0.0465991085839434
0.18374299244507	0.0464795790495071
0.688637326691298	0.220082192676685
-1.11458449535005	0.336227635184335
0.16619130625606	0.0315431724784316
1.96276901321247	0.454520391574277
1.96276901321247	0.454520391574277
-3.07350260546998	0.94852963330217
2.76219840038386	0.780594539857824
2.76671632811135	0.782410087450427
-1.7934287506278	0.390727439150181
3.27032462336087	1.11801013776878
-1.11896025029368	0.337616084496264
0.687904703717867	0.219759625438134
1.96276901321247	0.454520391574277
1.96276901321247	0.454520391574277
0.164778629348208	0.0313374327003096
0.184971072095669	0.0467387603153735
0.16619130625606	0.0315431724784316
-0.707845094848957	0.242262716671496
2.76219840038386	0.780594539857824
1.96372117107544	0.45473924627511
3.27272750868887	1.11966450015405
1.96684138854469	0.455504908505281
1.96684138854469	0.455504908505281
0.964934921520073	0.255476948633611
1.96372117107544	0.45473924627511
0.165088029467664	0.0313824661178469
1.58831621198651	0.797230014484821
-2.57036588579023	0.664816582891659
2.13352095810155	0.963765167217963
2.13551238915278	0.964735227310144
0.181837521716867	0.0460537144756759
1.96276901321247	0.454520391574277
2.76219840038386	0.780594539857824
1.96372117107544	0.45473924627511
-0.619069360213747	0.149654914653121
-1.79785205353169	0.391773074809323
0.184291063239428	0.0465991085839434
-0.611962616144159	0.147977912487881
1.47402323433779	0.492035659807906
1.96372117107544	0.45473924627511
3.27152519356808	1.11907150574555
0.183610895194862	0.0464322674344966
3.94644126070058	1.74779877932007
0.181837521716867	0.0460537144756759
0.962553055030982	0.254827961566665
0.550289590334163	0.199868191494828
0.701432153150541	0.224093093898013
-0.704722398968598	0.241062538843187
-0.331884233338781	0.0950660268702792
1.96372117107544	0.45473924627511
1.05915506670076	0.404786600540214
0.180484451327502	0.0542489043189748
2.76559849788836	0.78194178274137
-2.57067328278635	0.665094197548339
1.96372117107544	0.45473924627511
1.96276901321247	0.454520391574277
3.27032462336087	1.11801013776878
2.76559849788836	0.78194178274137
1.96684138854469	0.455504908505281
1.96372117107544	0.45473924627511
1.96276901321247	0.454520391574277
0.963743115659934	0.255236344279286
-0.330698472981565	0.0947716626031445
-2.57098043849301	0.664920470822356
0.684701102955821	0.218657021719675
1.47897546128728	0.493826410303162
1.47402323433779	0.492035659807906
-1.1152634133402	0.336439469187697
0.962025660417238	0.254682745005495
0.184338509014023	0.0553315106563962
-0.193367241020068	0.0623371853793179
1.05492595223185	0.40282980300219
-1.11951983581622	0.337809535545767
1.96372117107544	0.45473924627511
2.76219840038386	0.780594539857824
0.963743115659934	0.255236344279286
0.181159179759352	0.0458876218072277
0.187984352048437	0.0474280610765032
0.958352222975233	0.253964848564806
1.47648048364922	0.492996794108507
0.687904703717867	0.219759625438134
-0.613158918177153	0.148231887572971
0.963743115659934	0.255236344279286
-1.81685304905878	1.1358131949312
0.174204355272961	0.0597247391277113
0.473807985851424	0.192496599135712
0.963743115659934	0.255236344279286
1.47086646676889	0.49088731436037
-1.12396372987595	0.33934973605565
0.18374299244507	0.0464795790495071
-0.196606144995592	0.0633346995977349
2.76671632811135	0.782410087450427
2.76219840038386	0.780594539857824
0.160144755571284	0.0306956063740573
0.963743115659934	0.255236344279286
1.47155078449581	0.491168545293048
3.27272750868887	1.11966450015405
1.06375255943934	0.407031400293661
1.4745635305468	0.492365493098567
1.96276901321247	0.454520391574277
0.685539141555545	0.218907224669263
1.46585570298693	0.489030037475911
3.27510914666181	1.12076297640292
2.13349923295367	0.963781356442487
1.83320693416336	0.722298459501847
0.165088029467664	0.0313824661178469
1.96372117107544	0.45473924627511
-1.79346061997896	0.390723019452767
-1.11896025029368	0.337616084496264
-1.1152634133402	0.336439469187697
-1.11896025029368	0.337616084496264
-2.57098043849301	0.664920470822356
0.181159179759352	0.0458876218072277
0.967271104517323	0.256176548116206
-0.32485451718176	0.0931499749349684
0.186752657299631	0.0471525522204707
1.96276901321247	0.454520391574277
1.46341520408474	0.487915667204292
1.46707710595373	0.489320547895215
-3.45307509546519	1.22686211973226
0.188667958543402	0.04756856032199
0.169248055862235	0.0319917175833404
0.967933372585482	0.256362285789635
1.46707710595373	0.489320547895215
2.76109157462938	0.779871501961836
1.96684138854469	0.455504908505281
1.96276901321247	0.454520391574277
0.688637326691298	0.220082192676685
1.96372117107544	0.45473924627511
1.34462745304393	0.59438308976983
1.96276901321247	0.454520391574277
1.96276901321247	0.454520391574277
1.06375255943934	0.407031400293661
0.686270437198953	0.219228628867356
-3.07875719123617	0.951227905765892
1.4745635305468	0.492365493098567
0.165088029467664	0.0313824661178469
3.27752825134246	1.12202020233476
2.76330811440907	0.780761067286217
2.76109157462938	0.779871501961836
0.963743115659934	0.255236344279286
0.169248055862235	0.0319917175833404
1.96372117107544	0.45473924627511
0.694404728756287	0.221883604128058
1.48020902950819	0.494322465499196
-0.614206104379299	0.148455859250315
-2.57067328278635	0.665094197548339
-0.195531539432362	0.0629840149892884
1.4745635305468	0.492365493098567
-1.7934287506278	0.390727439150181
0.962553055030982	0.254827961566665
0.849408948383461	0.361671672630261
0.963743115659934	0.255236344279286
0.957162742729009	0.253557522610441
1.47086646676889	0.49088731436037
1.96276901321247	0.454520391574277
1.96684138854469	0.455504908505281
1.84066711299049	0.726365639107333
0.962553055030982	0.254827961566665
-0.322936466881447	0.0925708388690686
0.553459142396127	0.201030755019039
-1.79346061997896	0.390723019452767
-0.703651055748467	0.240588737528622
0.962553055030982	0.254827961566665
3.27152519356808	1.11907150574555
0.964404580081594	0.255330782344719
0.964404580081594	0.255330782344719
1.96372117107544	0.45473924627511
1.47086646676889	0.49088731436037
1.96276901321247	0.454520391574277
0.17899314570337	0.0538175920888867
0.963743115659934	0.255236344279286
1.46964366147565	0.490422889690681
-0.613158918177153	0.148231887572971
1.46842163094462	0.489769078028611
2.76109157462938	0.779871501961836
0.183063896529214	0.0463401006276899
3.27752825134246	1.12202020233476
3.27510914666181	1.12076297640292
0.964934921520073	0.255476948633611
3.27631781619437	1.12171855032085
0.962025660417238	0.254682745005495
-0.613012730411062	0.148202450577793
0.550229507129372	0.199823293779666
0.845815805906363	0.35975917327147
1.96372117107544	0.45473924627511
0.962553055030982	0.254827961566665
1.47155078449581	0.491168545293048
1.96372117107544	0.45473924627511
1.47032706033056	0.490703617760438
1.96684138854469	0.455504908505281
1.96372117107544	0.45473924627511
0.966736740010186	0.256029100393941
-0.60895933746012	0.147406558741333
-3.44754089021611	1.22379406077669
0.187300583927818	0.0472598613580206
0.165880035481028	0.0314978449610492
2.76219840038386	0.780594539857824
0.180107983152346	0.0541465694868784
-0.745228434114775	0.322263483734654
1.96276901321247	0.454520391574277
-0.699938932255418	0.239135424844937
-2.57098043849301	0.664920470822356
-0.613682540053849	0.148388769407339
3.6449477089076	1.4449787602644
0.966736740010186	0.256029100393941
2.76330811440907	0.780761067286217
2.76109157462938	0.779871501961836
0.963214248695465	0.255090594573707
1.96372117107544	0.45473924627511
2.76109157462938	0.779871501961836
0.165088029467664	0.0313824661178469
-0.613158918177153	0.148231887572971
0.181837521716867	0.0460537144756759
1.96276901321247	0.454520391574277
0.968469219672053	0.25651021792255
0.959543454922691	0.254205280821647
-1.7934287506278	0.390727439150181
0.164778629348208	0.0313374327003096
1.06078959666294	0.405437996491229
-3.07350260546998	0.94852963330217
1.96372117107544	0.45473924627511
3.65119667594504	1.44884031306495
3.27393157336313	1.11982869858365
-2.57098043849301	0.664920470822356
0.16619130625606	0.0315431724784316
-0.60895933746012	0.147406558741333
0.161251150232847	0.0308565698216007
2.76219840038386	0.780594539857824
-1.7934287506278	0.390727439150181
0.959543454922691	0.254205280821647
1.96276901321247	0.454520391574277
0.165088029467664	0.0313824661178469
1.96372117107544	0.45473924627511
0.963743115659934	0.255236344279286
2.76219840038386	0.780594539857824
0.962553055030982	0.254827961566665
3.27272750868887	1.11966450015405
0.966736740010186	0.256029100393941
2.76109157462938	0.779871501961836
1.96372117107544	0.45473924627511
2.76671632811135	0.782410087450427
2.76109157462938	0.779871501961836
-3.45239496999294	1.22656388713544
-1.7934287506278	0.390727439150181
1.96276901321247	0.454520391574277
0.963214248695465	0.255090594573707
0.16619130625606	0.0315431724784316
1.46964366147565	0.490422889690681
0.963743115659934	0.255236344279286
0.967271104517323	0.256176548116206
1.96276901321247	0.454520391574277
0.16619130625606	0.0315431724784316
2.76219840038386	0.780594539857824
1.96372117107544	0.45473924627511
0.164778629348208	0.0313374327003096
-0.323664690407152	0.0927962418225715
0.165880035481028	0.0314978449610492
1.96684138854469	0.455504908505281
0.957162742729009	0.253557522610441
3.65119667594504	1.44884031306495
0.963214248695465	0.255090594573707
0.963743115659934	0.255236344279286
3.27152519356808	1.11907150574555
0.164778629348208	0.0313374327003096
1.96372117107544	0.45473924627511
1.25109165801656	1.22616338211884
-0.195896300806791	0.0631110974355499
0.963214248695465	0.255090594573707
1.96372117107544	0.45473924627511
0.962553055030982	0.254827961566665
0.164778629348208	0.0313374327003096
0.18374299244507	0.0464795790495071
1.96684138854469	0.455504908505281
0.165880035481028	0.0314978449610492
0.183063896529214	0.0463401006276899
1.28279994809997	0.8970578548537
0.165880035481028	0.0314978449610492
0.963743115659934	0.255236344279286
1.30347604911825	0.725639670888062
2.76671632811135	0.782410087450427
2.7677466408027	3.03814041198252
0.184291063239428	0.0465991085839434
1.96372117107544	0.45473924627511
0.16619130625606	0.0315431724784316
0.169566032486793	0.032038095111837
0.164778629348208	0.0313374327003096
1.96372117107544	0.45473924627511
1.47155078449581	0.491168545293048
2.76219840038386	0.780594539857824
-1.79346061997896	0.390723019452767
2.76671632811135	0.782410087450427
0.165088029467664	0.0313824661178469
-1.7934287506278	0.390727439150181
0.963743115659934	0.255236344279286
-1.79785205353169	0.391773074809323
0.164778629348208	0.0313374327003096
2.76219840038386	0.780594539857824
0.169566032486793	0.032038095111837
1.96276901321247	0.454520391574277
0.686721713829268	0.219371725498129
-0.322936466881447	0.0925708388690686
-1.79346061997896	0.390723019452767
-0.0649333096273064	0.0256513420755379
0.687904703717867	0.219759625438134
1.46842163094462	0.489769078028611
1.96276901321247	0.454520391574277
2.76330811440907	0.780761067286217
3.65499468921657	1.45049079500857
1.59326679625826	0.800279226737387
1.09408007726975	0.535457365069787
1.47155078449581	0.491168545293048
3.64871284900552	1.44691597652701
0.187435346122179	0.047292837125537
3.27152519356808	1.11907150574555
0.689821397698691	0.220399946218977
0.963743115659934	0.255236344279286
0.963214248695465	0.255090594573707
1.96372117107544	0.45473924627511
0.688637326691298	0.220082192676685
1.96276901321247	0.454520391574277
0.957162742729009	0.253557522610441
1.96684138854469	0.455504908505281
0.963743115659934	0.255236344279286
1.3549353352076	0.600117468724131
-3.07402416243152	0.948685276185543
1.84570196896662	0.728945119955139
2.76559849788836	0.78194178274137
0.164778629348208	0.0313374327003096
3.27752825134246	1.12202020233476
1.96372117107544	0.45473924627511
2.13239173303271	0.962976446468332
0.967271104517323	0.256176548116206
0.967271104517323	0.256176548116206
0.181159179759352	0.0458876218072277
-0.608428787479893	0.147248610626808
3.27152519356808	1.11907150574555
1.46910411205871	0.490049168285487
1.4745635305468	0.492365493098567
0.176825054435177	0.0449204608148946
0.165880035481028	0.0314978449610492
0.550585584584045	0.199969616725774
-1.79346061997896	0.390723019452767
1.96372117107544	0.45473924627511
0.165088029467664	0.0313824661178469
3.27752825134246	1.12202020233476
0.963214248695465	0.255090594573707
0.165088029467664	0.0313824661178469
0.686270437198953	0.219228628867356
0.964934921520073	0.255476948633611
1.47086646676889	0.49088731436037
1.46964366147565	0.490422889690681
1.96372117107544	0.45473924627511
0.963214248695465	0.255090594573707
0.683520003518989	0.218340470189805
1.47086646676889	0.49088731436037
0.165880035481028	0.0314978449610492
0.165088029467664	0.0313824661178469
0.164778629348208	0.0313374327003096
1.96684138854469	0.455504908505281
0.959543454922691	0.254205280821647
3.27272750868887	1.11966450015405
1.96276901321247	0.454520391574277
0.164778629348208	0.0313374327003096
-1.7934287506278	0.390727439150181
2.13164652612125	0.962465868289965
2.76559849788836	0.78194178274137
1.96684138854469	0.455504908505281
1.96276901321247	0.454520391574277
-1.7934287506278	0.390727439150181
1.96372117107544	0.45473924627511
0.968469219672053	0.25651021792255
2.76219840038386	0.780594539857824
1.96684138854469	0.455504908505281
2.76559849788836	0.78194178274137
1.96276901321247	0.454520391574277
0.966736740010186	0.256029100393941
1.96372117107544	0.45473924627511
1.96372117107544	0.45473924627511
2.76219840038386	0.780594539857824
1.96372117107544	0.45473924627511
1.96276901321247	0.454520391574277
1.96276901321247	0.454520391574277
0.184291063239428	0.0465991085839434
-0.613682540053849	0.148388769407339
0.963743115659934	0.255236344279286
-0.617339897765464	0.149284387408846
0.962553055030982	0.254827961566665
1.96372117107544	0.45473924627511
0.962025660417238	0.254682745005495
0.165088029467664	0.0313824661178469
0.169248055862235	0.0319917175833404
0.968469219672053	0.25651021792255
0.555949767102404	0.201992647886448
0.964934921520073	0.255476948633611
2.13460629217846	0.96446244584926
1.05841937425473	0.404493015312573
1.96276901321247	0.454520391574277
1.47155078449581	0.491168545293048
0.169248055862235	0.0319917175833404
0.963214248695465	0.255090594573707
0.165880035481028	0.0314978449610492
2.76219840038386	0.780594539857824
2.76330811440907	0.780761067286217
1.96684138854469	0.455504908505281
1.96276901321247	0.454520391574277
1.96372117107544	0.45473924627511
1.96276901321247	0.454520391574277
0.968469219672053	0.25651021792255
0.557018023353638	0.202406809251953
1.96276901321247	0.454520391574277
0.187984352048437	0.0474280610765032
1.06063740894654	0.405466440477548
1.96276901321247	0.454520391574277
0.686721713829268	0.219371725498129
0.180484451327502	0.0542489043189748
0.968469219672053	0.25651021792255
0.963743115659934	0.255236344279286
0.164778629348208	0.0313374327003096
0.963214248695465	0.255090594573707
-1.7934287506278	0.390727439150181
1.96276901321247	0.454520391574277
0.964404580081594	0.255330782344719
0.967271104517323	0.256176548116206
1.05767805940452	0.40430204105456
1.47579162106182	0.492713238749138
1.84066711299049	0.726365639107333
0.964934921520073	0.255476948633611
0.183063896529214	0.0463401006276899
1.96276901321247	0.454520391574277
1.96372117107544	0.45473924627511
1.96276901321247	0.454520391574277
0.165088029467664	0.0313824661178469
2.38335999487297	1.20915415695094
0.963214248695465	0.255090594573707
1.47086646676889	0.49088731436037
2.76109157462938	0.779871501961836
2.13662167910708	0.965753673826741
0.686270437198953	0.219228628867356
2.37684810566725	1.20417632731638
1.96276901321247	0.454520391574277
1.47155078449581	0.491168545293048
0.176139035531232	0.0447669868764769
0.962553055030982	0.254827961566665
1.84066711299049	0.726365639107333
0.165088029467664	0.0313824661178469
1.96276901321247	0.454520391574277
2.76671632811135	0.782410087450427
1.96276901321247	0.454520391574277
0.165088029467664	0.0313824661178469
0.165880035481028	0.0314978449610492
1.96276901321247	0.454520391574277
1.84525714600486	0.728756039651982
3.66006901072331	1.45227695570756
0.957162742729009	0.253557522610441
0.963214248695465	0.255090594573707
2.76559849788836	0.78194178274137
2.76219840038386	0.780594539857824
1.35280460382118	0.598680500724995
0.958352222975233	0.253964848564806
0.964934921520073	0.255476948633611
0.963214248695465	0.255090594573707
0.683520003518989	0.218340470189805
2.76330811440907	0.780761067286217
3.27993169130503	1.12298306623949
1.96372117107544	0.45473924627511
1.96372117107544	0.45473924627511
0.169566032486793	0.032038095111837
1.96372117107544	0.45473924627511
0.968469219672053	0.25651021792255
1.96276901321247	0.454520391574277
1.96372117107544	0.45473924627511
0.963214248695465	0.255090594573707
1.47155078449581	0.491168545293048
1.96276901321247	0.454520391574277
0.962553055030982	0.254827961566665
1.47078449590325	0.490854051681038
0.469037778436906	0.190492761217088
-0.210071767677059	0.0675314693327457
0.179369859705814	0.0539368960907662
0.183610895194862	0.0464322674344966
1.26824666754468	0.880801364155228
0.967933372585482	0.256362285789635
3.64742237939513	1.44635997008149
0.968469219672053	0.25651021792255
0.164778629348208	0.0313374327003096
-0.498493518746738	0.187923773703768
0.963214248695465	0.255090594573707
0.169248055862235	0.0319917175833404
2.76219840038386	0.780594539857824
0.164778629348208	0.0313374327003096
1.06227192186728	0.40611816355748
-1.79346061997896	0.390723019452767
0.967271104517323	0.256176548116206
-0.331432979676728	0.0949515324990773
2.76219840038386	0.780594539857824
0.165880035481028	0.0314978449610492
0.160144755571284	0.0306956063740573
3.27272750868887	1.11966450015405
0.962025660417238	0.254682745005495
0.687904703717867	0.219759625438134
1.35348220382035	0.599165579425034
-1.79346061997896	0.390723019452767
0.165088029467664	0.0313824661178469
0.181837521716867	0.0460537144756759
0.179274213223518	0.0454636418217038
0.691745806165962	0.221041871886146
2.76330811440907	0.780761067286217
2.76219840038386	0.780594539857824
0.964404580081594	0.255330782344719
1.84022304372881	0.72612017307568
1.96372117107544	0.45473924627511
1.84066711299049	0.726365639107333
0.682339311812087	0.217953944354753
-3.44619623148129	1.2226326390086
0.164625296117395	0.0313507498370328
2.76109157462938	0.779871501961836
1.96372117107544	0.45473924627511
-3.45239496999294	1.22656388713544
-1.12086886051128	0.33811902750598
1.96684138854469	0.455504908505281
-2.57067328278635	0.665094197548339
1.96372117107544	0.45473924627511
0.16619130625606	0.0315431724784316
1.05730971150351	0.403863337099285
0.688637326691298	0.220082192676685
-0.332618072686463	0.0952457032075058
1.96372117107544	0.45473924627511
1.96684138854469	0.455504908505281
0.963214248695465	0.255090594573707
2.76559849788836	0.78194178274137
-3.07875719123617	0.951227905765892
1.96372117107544	0.45473924627511
0.183610895194862	0.0464322674344966
0.968469219672053	0.25651021792255
-1.11963574652263	0.337715170908198
-2.57067328278635	0.665094197548339
1.84140390214436	0.726768879551614
0.18374299244507	0.0464795790495071
0.967933372585482	0.256362285789635
0.183063896529214	0.0463401006276899
0.165880035481028	0.0314978449610492
0.179369859705814	0.0539368960907662
0.177362298643623	0.0450515694227369
1.84066711299049	0.726365639107333
1.47032706033056	0.490703617760438
0.181159179759352	0.0458876218072277
0.165880035481028	0.0314978449610492
0.688637326691298	0.220082192676685
-1.7934287506278	0.390727439150181
1.96276901321247	0.454520391574277
0.165088029467664	0.0313824661178469
-0.623962156972292	0.150791561723962
-2.57554526884402	0.666976966437407
2.76219840038386	0.780594539857824
-1.12328075924743	0.339047939506251
0.169248055862235	0.0319917175833404
-0.613158918177153	0.148231887572971
0.186752657299631	0.0471525522204707
0.693668977910988	0.221707820486434
0.963214248695465	0.255090594573707
0.963743115659934	0.255236344279286
3.27510914666181	1.12076297640292
1.47525146835293	0.492648627415429
1.46964366147565	0.490422889690681
1.96276901321247	0.454520391574277
1.06375255943934	0.407031400293661
-0.209714014270928	0.0674309334113614
0.688637326691298	0.220082192676685
-0.32485451718176	0.0931499749349684
1.47032706033056	0.490703617760438
0.165088029467664	0.0313824661178469
0.963743115659934	0.255236344279286
0.181837521716867	0.0460537144756759
0.967933372585482	0.256362285789635
0.161251150232847	0.0308565698216007
-1.7934287506278	0.390727439150181
0.962553055030982	0.254827961566665
2.76219840038386	0.780594539857824
4.39723077196811	2.32227353313277
1.47402323433779	0.492035659807906
3.27272750868887	1.11966450015405
0.964404580081594	0.255330782344719
-0.611962616144159	0.147977912487881
0.183063896529214	0.0463401006276899
1.96276901321247	0.454520391574277
-1.79346061997896	0.390723019452767
-0.613682540053849	0.148388769407339
-1.79346061997896	0.390723019452767
3.27272750868887	1.11966450015405
-0.619069360213747	0.149654914653121
0.172309731920116	0.0439046529437047
0.165088029467664	0.0313824661178469
0.165880035481028	0.0314978449610492
0.165880035481028	0.0314978449610492
-1.79346061997896	0.390723019452767
1.96276901321247	0.454520391574277
3.27631781619437	1.12171855032085
0.963214248695465	0.255090594573707
1.05952860814689	0.405011691745652
0.686721713829268	0.219371725498129
1.47525146835293	0.492648627415429
0.681600849226051	0.217707538421281
1.05952860814689	0.405011691745652
2.76559849788836	0.78194178274137
0.164778629348208	0.0313374327003096
3.27393157336313	1.11982869858365
0.687453672774919	0.21969379736456
4.18536973210645	2.03283090231972
1.47333622017027	0.491753136545405
3.27152519356808	1.11907150574555
0.178049240810411	0.0452053813438565
1.96276901321247	0.454520391574277
1.96276901321247	0.454520391574277
0.164778629348208	0.0313374327003096
0.683520003518989	0.218340470189805
-1.12019427196772	0.338020301365193
-1.02041251088938	0.404886219696399
-2.57036588579023	0.664816582891659
1.96276901321247	0.454520391574277
-2.57036588579023	0.664816582891659
0.963743115659934	0.255236344279286
3.27272750868887	1.11966450015405
2.76109157462938	0.779871501961836
-2.2617671797605	1.13975256637855
0.178049240810411	0.0452053813438565
-0.612487701707529	0.148134994320372
0.164778629348208	0.0313374327003096
1.46842163094462	0.489769078028611
0.164778629348208	0.0313374327003096
2.76109157462938	0.779871501961836
0.963214248695465	0.255090594573707
-0.60895933746012	0.147406558741333
0.186928786286018	0.0560369733702841
-1.7934287506278	0.390727439150181
1.84066711299049	0.726365639107333
0.186069807523728	0.046984734903896
1.96276901321247	0.454520391574277
-1.79346061997896	0.390723019452767
-1.5026235657887	0.534584753118728
0.964404580081594	0.255330782344719
0.165088029467664	0.0313824661178469
2.38477118100095	1.21017863043222
0.963214248695465	0.255090594573707
0.963743115659934	0.255236344279286
3.27631781619437	1.12171855032085
1.84066711299049	0.726365639107333
-1.79346061997896	0.390723019452767
0.962025660417238	0.254682745005495
-1.79785205353169	0.391773074809323
1.96276901321247	0.454520391574277
1.96276901321247	0.454520391574277
1.96684138854469	0.455504908505281
0.164778629348208	0.0313374327003096
2.76671632811135	0.782410087450427
1.96276901321247	0.454520391574277
0.552366600094505	0.200647521424049
0.187984352048437	0.0474280610765032
3.64618465324491	1.4458034047001
2.76671632811135	0.782410087450427
-1.79785205353169	0.391773074809323
-1.12086886051128	0.33811902750598
-3.75046496352693	1.48199107071708
0.165880035481028	0.0314978449610492
0.686721713829268	0.219371725498129
0.184291063239428	0.0465991085839434
2.76109157462938	0.779871501961836
1.05952860814689	0.405011691745652
1.46842163094462	0.489769078028611
1.47086646676889	0.49088731436037
1.96276901321247	0.454520391574277
0.182384642090162	0.0461735738884295
0.554529317239519	0.201500781149606
0.16619130625606	0.0315431724784316
-1.79799823071143	0.730058439715731
0.180845714650258	0.0543398759613664
0.179008086694114	0.0538125056714061
0.176139035531232	0.0447669868764769
0.179369859705814	0.0539368960907662
1.80710017849768	1.0210248792459
-1.12396372987595	0.33934973605565
0.846123820020908	0.359830157453413
1.47032706033056	0.490703617760438
-0.60895933746012	0.147406558741333
-1.79346061997896	0.390723019452767
-1.79346061997896	0.390723019452767
1.96372117107544	0.45473924627511
-1.12019427196772	0.338020301365193
0.186752657299631	0.0471525522204707
0.165088029467664	0.0313824661178469
-1.7934287506278	0.390727439150181
-0.619069360213747	0.149654914653121
1.96276901321247	0.454520391574277
1.96276901321247	0.454520391574277
2.76109157462938	0.779871501961836
1.96372117107544	0.45473924627511
1.96276901321247	0.454520391574277
0.165088029467664	0.0313824661178469
-3.0729809879685	0.948009080411761
0.964404580081594	0.255330782344719
-2.57067328278635	0.665094197548339
-0.613804976594409	0.148553206549543
2.76330811440907	0.780761067286217
0.183063896529214	0.0463401006276899
-0.323664690407152	0.0927962418225715
-2.57067328278635	0.665094197548339
-0.614206104379299	0.148455859250315
3.27152519356808	1.11907150574555
2.76330811440907	0.780761067286217
1.96372117107544	0.45473924627511
0.964404580081594	0.255330782344719
0.165088029467664	0.0313824661178469
-1.7934287506278	0.390727439150181
3.64618465324491	1.4458034047001
3.27510914666181	1.12076297640292
2.76671632811135	0.782410087450427
1.47086646676889	0.49088731436037
1.96372117107544	0.45473924627511
0.959543454922691	0.254205280821647
-2.57036588579023	0.664816582891659
-1.7934287506278	0.390727439150181
1.96276901321247	0.454520391574277
1.96372117107544	0.45473924627511
2.76330811440907	0.780761067286217
0.165197721130374	0.063938289353662
0.692481142426252	0.221366284684109
0.687453672774919	0.21969379736456
-1.7934287506278	0.390727439150181
2.76219840038386	0.780594539857824
2.76559849788836	0.78194178274137
3.27631781619437	1.12171855032085
0.182336403143595	0.0547549505032696
0.164778629348208	0.0313374327003096
1.96372117107544	0.45473924627511
-2.57036588579023	0.664816582891659
1.47155078449581	0.491168545293048
-1.79346061997896	0.390723019452767
-2.04575914205222	0.930491193037652
0.182281708516407	0.0461365657769329
-1.79346061997896	0.390723019452767
0.165880035481028	0.0314978449610492
-2.57036588579023	0.664816582891659
0.693668977910988	0.221707820486434
0.165088029467664	0.0313824661178469
-3.07454565876188	0.948489134275984
1.96372117107544	0.45473924627511
-1.79346061997896	0.390723019452767
0.968469219672053	0.25651021792255
0.962553055030982	0.254827961566665
-1.7934287506278	0.390727439150181
-0.613012730411062	0.148202450577793
1.96372117107544	0.45473924627511
1.46842163094462	0.489769078028611
1.96372117107544	0.45473924627511
1.3509899510682	0.597807360301759
0.963743115659934	0.255236344279286
3.94131434673369	1.74409517718346
0.184291063239428	0.0465991085839434
0.160144755571284	0.0306956063740573
0.165088029467664	0.0313824661178469
1.06227192186728	0.40611816355748
-2.57067328278635	0.665094197548339
3.27032462336087	1.11801013776878
-1.79346061997896	0.390723019452767
0.186069807523728	0.046984734903896
-2.57036588579023	0.664816582891659
0.165880035481028	0.0314978449610492
1.05841937425473	0.404493015312573
0.963078860472085	0.255236868510046
-0.617875104469477	0.149400727468359
1.96372117107544	0.45473924627511
0.962553055030982	0.254827961566665
0.165088029467664	0.0313824661178469
1.96684138854469	0.455504908505281
-2.57067328278635	0.665094197548339
0.963743115659934	0.255236344279286
-0.611962616144159	0.147977912487881
-0.611962616144159	0.147977912487881
2.76330811440907	0.780761067286217
-1.79346061997896	0.390723019452767
0.967933372585482	0.256362285789635
0.165088029467664	0.0313824661178469
0.165088029467664	0.0313824661178469
-1.79346061997896	0.390723019452767
2.76671632811135	0.782410087450427
2.76671632811135	0.782410087450427
1.96372117107544	0.45473924627511
0.16619130625606	0.0315431724784316
0.16619130625606	0.0315431724784316
0.169566032486793	0.032038095111837
1.04736321842593	0.399492021922725
0.165880035481028	0.0314978449610492
1.84258516456861	0.727293955790375
1.35742358780664	0.601505744976776
4.18424075214228	2.03204738042248
2.76219840038386	0.780594539857824
-0.614206104379299	0.148455859250315
-0.612487701707529	0.148134994320372
0.179369859705814	0.0539368960907662
0.963214248695465	0.255090594573707
1.96372117107544	0.45473924627511
1.83948692258838	0.725717515665962
1.47032706033056	0.490703617760438
0.180107983152346	0.0541465694868784
1.84333369293536	0.727520140615955
2.76671632811135	0.782410087450427
1.47155078449581	0.491168545293048
0.181053134529505	0.0458624936397602
-3.07402416243152	0.948685276185543
-0.611962616144159	0.147977912487881
0.16619130625606	0.0315431724784316
-1.79785205353169	0.391773074809323
-0.325582325201124	0.0933470317045756
-3.07454565876188	0.948489134275984
1.96372117107544	0.45473924627511
0.959543454922691	0.254205280821647
2.76671632811135	0.782410087450427
0.164778629348208	0.0313374327003096
-1.79346061997896	0.390723019452767
0.16619130625606	0.0315431724784316
0.165880035481028	0.0314978449610492
1.96684138854469	0.455504908505281
1.96372117107544	0.45473924627511
2.76559849788836	0.78194178274137
0.16619130625606	0.0315431724784316
0.165088029467664	0.0313824661178469
2.76330811440907	0.780761067286217
1.96372117107544	0.45473924627511
1.96276901321247	0.454520391574277
2.76109157462938	0.779871501961836
1.05730971150351	0.403863337099285
-1.79346061997896	0.390723019452767
-3.07350260546998	0.94852963330217
1.47086646676889	0.49088731436037
0.180107983152346	0.0541465694868784
-2.57098043849301	0.664920470822356
-0.613158918177153	0.148231887572971
0.16619130625606	0.0315431724784316
0.964934921520073	0.255476948633611
2.76219840038386	0.780594539857824
2.76559849788836	0.78194178274137
2.76559849788836	0.78194178274137
-1.79346061997896	0.390723019452767
-0.321741768636823	0.0922885496388945
-2.57036588579023	0.664816582891659
0.165088029467664	0.0313824661178469
-0.330698472981565	0.0947716626031445
0.169248055862235	0.0319917175833404
0.169248055862235	0.0319917175833404
-0.613682540053849	0.148388769407339
-1.7934287506278	0.390727439150181
0.164778629348208	0.0313374327003096
-1.79346061997896	0.390723019452767
0.164778629348208	0.0313374327003096
3.27510914666181	1.12076297640292
0.165088029467664	0.0313824661178469
0.176825054435177	0.0449204608148946
0.962553055030982	0.254827961566665
2.76109157462938	0.779871501961836
2.76109157462938	0.779871501961836
1.84066711299049	0.726365639107333
1.47086646676889	0.49088731436037
1.84140390214436	0.726768879551614
0.165880035481028	0.0314978449610492
0.962025660417238	0.254682745005495
-2.57098043849301	0.664920470822356
3.27510914666181	1.12076297640292
1.96372117107544	0.45473924627511
3.27152519356808	1.11907150574555
0.160144755571284	0.0306956063740573
0.16619130625606	0.0315431724784316
2.76330811440907	0.780761067286217
0.691293725798235	0.220916760169014
0.165088029467664	0.0313824661178469
1.96276901321247	0.454520391574277
1.96372117107544	0.45473924627511
1.96372117107544	0.45473924627511
2.76219840038386	0.780594539857824
3.27393157336313	1.11982869858365
1.96372117107544	0.45473924627511
2.76219840038386	0.780594539857824
1.96276901321247	0.454520391574277
3.27752825134246	1.12202020233476
1.96276901321247	0.454520391574277
2.76330811440907	0.780761067286217
1.96276901321247	0.454520391574277
0.963743115659934	0.255236344279286
-0.702916162136118	0.240304795913802
0.964404580081594	0.255330782344719
0.692481142426252	0.221366284684109
2.76219840038386	0.780594539857824
2.76330811440907	0.780761067286217
-2.57067328278635	0.665094197548339
0.964934921520073	0.255476948633611
2.76330811440907	0.780761067286217
1.96276901321247	0.454520391574277
1.96684138854469	0.455504908505281
-0.613682540053849	0.148388769407339
0.963743115659934	0.255236344279286
3.27032462336087	1.11801013776878
0.16619130625606	0.0315431724784316
-0.319817646410374	0.0917687104349087
0.169248055862235	0.0319917175833404
-1.50335347787301	0.534889336029958
1.96276901321247	0.454520391574277
1.96372117107544	0.45473924627511
1.96276901321247	0.454520391574277
-1.7934287506278	0.390727439150181
0.967933372585482	0.256362285789635
-0.613682540053849	0.148388769407339
2.76219840038386	0.780594539857824
-0.60895933746012	0.147406558741333
2.76219840038386	0.780594539857824
1.96372117107544	0.45473924627511
0.966736740010186	0.256029100393941
1.4745635305468	0.492365493098567
0.169248055862235	0.0319917175833404
0.165880035481028	0.0314978449610492
0.967933372585482	0.256362285789635
-1.79346061997896	0.390723019452767
1.96372117107544	0.45473924627511
1.96276901321247	0.454520391574277
0.165088029467664	0.0313824661178469
-0.614206104379299	0.148455859250315
1.96372117107544	0.45473924627511
0.184338509014023	0.0553315106563962
-3.0729809879685	0.948009080411761
-2.57067328278635	0.665094197548339
1.47086646676889	0.49088731436037
-0.323664690407152	0.0927962418225715
3.94131434673369	1.74409517718346
0.963214248695465	0.255090594573707
0.181837521716867	0.0460537144756759
0.165088029467664	0.0313824661178469
-1.79346061997896	0.390723019452767
-2.57067328278635	0.665094197548339
1.96276901321247	0.454520391574277
1.96276901321247	0.454520391574277
1.96372117107544	0.45473924627511
1.47333622017027	0.491753136545405
3.27032462336087	1.11801013776878
0.183610895194862	0.0464322674344966
1.96372117107544	0.45473924627511
0.963214248695465	0.255090594573707
0.963214248695465	0.255090594573707
0.169248055862235	0.0319917175833404
0.963214248695465	0.255090594573707
1.4745635305468	0.492365493098567
-0.195531539432362	0.0629840149892884
2.13460629217846	0.96446244584926
0.165880035481028	0.0314978449610492
1.47032706033056	0.490703617760438
0.685539141555545	0.218907224669263
3.2811485523965	1.12364699463245
0.164778629348208	0.0313374327003096
0.963214248695465	0.255090594573707
1.96372117107544	0.45473924627511
0.689369698791533	0.22025689756634
1.96372117107544	0.45473924627511
3.27631781619437	1.12171855032085
-0.611962616144159	0.147977912487881
1.96684138854469	0.455504908505281
1.96372117107544	0.45473924627511
0.16619130625606	0.0315431724784316
0.165088029467664	0.0313824661178469
0.16619130625606	0.0315431724784316
-0.612487701707529	0.148134994320372
-3.07402416243152	0.948685276185543
0.689369698791533	0.22025689756634
0.16619130625606	0.0315431724784316
0.963743115659934	0.255236344279286
0.165880035481028	0.0314978449610492
0.966736740010186	0.256029100393941
-1.49608539149807	0.531478987360942
-1.79785205353169	0.391773074809323
-1.79346061997896	0.390723019452767
3.27631781619437	1.12171855032085
-2.57067328278635	0.665094197548339
-2.57067328278635	0.665094197548339
0.165088029467664	0.0313824661178469
3.27272750868887	1.11966450015405
1.96276901321247	0.454520391574277
0.967933372585482	0.256362285789635
2.76109157462938	0.779871501961836
-2.57067328278635	0.665094197548339
0.164778629348208	0.0313374327003096
0.554245479785034	0.201333536177828
1.84184770666887	0.726890218717793
2.76330811440907	0.780761067286217
0.68278086909504	0.218093717626154
1.96276901321247	0.454520391574277
-2.57554526884402	0.666976966437407
-1.49825523114142	0.532562193916483
0.187984352048437	0.0474280610765032
1.06301156133644	0.406541088935866
0.687453672774919	0.21969379736456
0.968469219672053	0.25651021792255
2.76671632811135	0.782410087450427
1.96276901321247	0.454520391574277
2.76219840038386	0.780594539857824
1.96276901321247	0.454520391574277
3.27152519356808	1.11907150574555
1.96372117107544	0.45473924627511
3.64995436887393	1.44813448599007
3.648660887427	1.44649464979281
0.183222271364428	0.0550052131678393
0.964934921520073	0.255476948633611
-1.7934287506278	0.390727439150181
-0.613682540053849	0.148388769407339
0.962553055030982	0.254827961566665
1.96276901321247	0.454520391574277
0.964404580081594	0.255330782344719
0.164778629348208	0.0313374327003096
0.178049240810411	0.0452053813438565
-1.79346061997896	0.390723019452767
0.964934921520073	0.255476948633611
-0.60895933746012	0.147406558741333
2.76109157462938	0.779871501961836
-0.614206104379299	0.148455859250315
0.161251150232847	0.0308565698216007
0.187435346122179	0.047292837125537
1.84140390214436	0.726768879551614
0.183222271364428	0.0550052131678393
0.963743115659934	0.255236344279286
-1.79785205353169	0.391773074809323
1.96276901321247	0.454520391574277
0.16619130625606	0.0315431724784316
0.16619130625606	0.0315431724784316
0.169566032486793	0.032038095111837
-2.57098043849301	0.664920470822356
2.76109157462938	0.779871501961836
0.16619130625606	0.0315431724784316
0.161251150232847	0.0308565698216007
-1.7934287506278	0.390727439150181
-0.193367241020068	0.0623371853793179
-0.708202433664367	0.24223990188812
1.96372117107544	0.45473924627511
-1.00835638596109	0.399381922624064
1.84451762847753	0.728350716630867
-0.619069360213747	0.149654914653121
2.30859697809751	1.80426460090664
-0.49151434881428	0.185015055029549
0.182384642090162	0.0461735738884295
2.76330811440907	0.780761067286217
1.96276901321247	0.454520391574277
0.164778629348208	0.0313374327003096
0.165880035481028	0.0314978449610492
0.164778629348208	0.0313374327003096
-0.124226356552131	0.0441913898094736
3.27152519356808	1.11907150574555
0.164778629348208	0.0313374327003096
2.76219840038386	0.780594539857824
0.16619130625606	0.0315431724784316
1.96276901321247	0.454520391574277
0.963743115659934	0.255236344279286
1.96372117107544	0.45473924627511
3.27631781619437	1.12171855032085
-0.612487701707529	0.148134994320372
0.559556523494549	0.203384722969785
-2.57098043849301	0.664920470822356
-1.79346061997896	0.390723019452767
-1.79346061997896	0.390723019452767
1.96276901321247	0.454520391574277
2.76219840038386	0.780594539857824
1.96276901321247	0.454520391574277
1.30937263420009	0.730434008221524
-3.07402416243152	0.948685276185543
0.963743115659934	0.255236344279286
0.168910828881268	0.0579679737759373
-1.12328075924743	0.339047939506251
0.172935900909832	0.0520977646892395
1.8476275755017	0.729726391578086
-0.998738562366113	0.394732167512429
0.165880035481028	0.0314978449610492
0.165880035481028	0.0314978449610492
-1.7934287506278	0.390727439150181
2.76330811440907	0.780761067286217
1.96276901321247	0.454520391574277
1.96276901321247	0.454520391574277
0.179379610621789	0.053891810235195
0.181837521716867	0.0460537144756759
1.84570196896662	0.728945119955139
1.84525714600486	0.728756039651982
1.96276901321247	0.454520391574277
1.96372117107544	0.45473924627511
-0.325582325201124	0.0933470317045756
0.167722678334851	0.064927369580929
-1.79346061997896	0.390723019452767
1.05878746464103	0.40482083139178
0.683520003518989	0.218340470189805
0.178586346650125	0.0453095875153282
0.161251150232847	0.0308565698216007
0.16619130625606	0.0315431724784316
-0.611962616144159	0.147977912487881
-1.7934287506278	0.390727439150181
-1.79346061997896	0.390723019452767
-0.618535635333325	0.149538863092151
1.96276901321247	0.454520391574277
-1.7934287506278	0.390727439150181
0.165880035481028	0.0314978449610492
-1.7934287506278	0.390727439150181
1.96276901321247	0.454520391574277
1.96372117107544	0.45473924627511
1.96372117107544	0.45473924627511
1.96276901321247	0.454520391574277
-1.79346061997896	0.390723019452767
1.96276901321247	0.454520391574277
-0.60895933746012	0.147406558741333
1.47525146835293	0.492648627415429
3.64618465324491	1.4458034047001
1.84066711299049	0.726365639107333
-0.612487701707529	0.148134994320372
3.27152519356808	1.11907150574555
-2.57098043849301	0.664920470822356
0.16619130625606	0.0315431724784316
-3.45307509546519	1.22686211973226
1.96276901321247	0.454520391574277
0.160144755571284	0.0306956063740573
0.181743714491496	0.0460173511561772
-0.325582325201124	0.0933470317045756
-1.7934287506278	0.390727439150181
0.164778629348208	0.0313374327003096
-0.608428787479893	0.147248610626808
0.160144755571284	0.0306956063740573
-0.611962616144159	0.147977912487881
1.96276901321247	0.454520391574277
-0.612487701707529	0.148134994320372
0.164778629348208	0.0313374327003096
3.27152519356808	1.11907150574555
1.96372117107544	0.45473924627511
-1.7934287506278	0.390727439150181
0.16619130625606	0.0315431724784316
0.165088029467664	0.0313824661178469
1.96276901321247	0.454520391574277
2.13847384175308	0.967026817523456
0.182384642090162	0.0461735738884295
1.46964366147565	0.490422889690681
1.96684138854469	0.455504908505281
-2.57036588579023	0.664816582891659
1.96372117107544	0.45473924627511
-2.57098043849301	0.664920470822356
0.187984352048437	0.0474280610765032
-2.57067328278635	0.665094197548339
-1.79346061997896	0.390723019452767
-1.79346061997896	0.390723019452767
-2.57098043849301	0.664920470822356
2.76559849788836	0.78194178274137
2.76559849788836	0.78194178274137
0.964934921520073	0.255476948633611
0.963743115659934	0.255236344279286
2.76219840038386	0.780594539857824
-0.623962156972292	0.150791561723962
0.165088029467664	0.0313824661178469
1.46833343766606	0.489897083934438
0.962025660417238	0.254682745005495
0.963214248695465	0.255090594573707
0.963214248695465	0.255090594573707
-0.32485451718176	0.0931499749349684
1.96276901321247	0.454520391574277
-1.79346061997896	0.390723019452767
0.963743115659934	0.255236344279286
3.65499468921657	1.45049079500857
0.164778629348208	0.0313374327003096
-1.79346061997896	0.390723019452767
1.96276901321247	0.454520391574277
-0.614206104379299	0.148455859250315
0.18374299244507	0.0464795790495071
1.96276901321247	0.454520391574277
-1.79346061997896	0.390723019452767
0.16619130625606	0.0315431724784316
-1.7934287506278	0.390727439150181
0.550229507129372	0.199823293779666
0.165088029467664	0.0313824661178469
1.84184770666887	0.726890218717793
1.8476275755017	0.729726391578086
1.30321920451635	0.726079599625349
0.963214248695465	0.255090594573707
1.96684138854469	0.455504908505281
1.96372117107544	0.45473924627511
1.96276901321247	0.454520391574277
1.96276901321247	0.454520391574277
2.76219840038386	0.780594539857824
2.76330811440907	0.780761067286217
0.551298334729919	0.200249958464128
3.27152519356808	1.11907150574555
-1.7934287506278	0.390727439150181
-0.202976861420011	0.0653350306430413
-0.703264262088321	0.240508331840629
0.169248055862235	0.0319917175833404
0.963214248695465	0.255090594573707
1.47086646676889	0.49088731436037
-1.11951983581622	0.337809535545767
-0.613682540053849	0.148388769407339
-1.7934287506278	0.390727439150181
-2.57067328278635	0.665094197548339
-1.79346061997896	0.390723019452767
1.96276901321247	0.454520391574277
2.76330811440907	0.780761067286217
1.96276901321247	0.454520391574277
1.96372117107544	0.45473924627511
-1.7934287506278	0.390727439150181
-1.49753171438992	0.532305096548695
-1.7934287506278	0.390727439150181
2.76671632811135	0.782410087450427
-2.57036588579023	0.664816582891659
-0.611962616144159	0.147977912487881
-1.49247986516622	0.53011506511111
0.962553055030982	0.254827961566665
1.96276901321247	0.454520391574277
0.161251150232847	0.0308565698216007
-1.79346061997896	0.390723019452767
-2.57036588579023	0.664816582891659
-1.7934287506278	0.390727439150181
0.964934921520073	0.255476948633611
0.164778629348208	0.0313374327003096
0.173531552785268	0.0441618839867273
0.16619130625606	0.0315431724784316
2.76109157462938	0.779871501961836
0.963743115659934	0.255236344279286
1.96276901321247	0.454520391574277
0.169566032486793	0.032038095111837
0.967933372585482	0.256362285789635
0.187300583927818	0.0472598613580206
0.164778629348208	0.0313374327003096
-1.12519556185123	0.339754109482426
0.963214248695465	0.255090594573707
2.76219840038386	0.780594539857824
-3.0729809879685	0.948009080411761
-2.57067328278635	0.665094197548339
1.96372117107544	0.45473924627511
2.76219840038386	0.780594539857824
-1.7934287506278	0.390727439150181
-0.612487701707529	0.148134994320372
3.27152519356808	1.11907150574555
-0.703264262088321	0.240508331840629
-1.79346061997896	0.390723019452767
2.76219840038386	0.780594539857824
-0.614206104379299	0.148455859250315
2.76219840038386	0.780594539857824
2.76219840038386	0.780594539857824
-1.7934287506278	0.390727439150181
0.164778629348208	0.0313374327003096
0.18374299244507	0.0464795790495071
0.161251150232847	0.0308565698216007
-3.75192082283692	1.48279230677585
0.962553055030982	0.254827961566665
0.164778629348208	0.0313374327003096
0.962025660417238	0.254682745005495
2.76109157462938	0.779871501961836
2.76671632811135	0.782410087450427
1.96276901321247	0.454520391574277
0.164778629348208	0.0313374327003096
-1.7934287506278	0.390727439150181
2.76219840038386	0.780594539857824
0.962553055030982	0.254827961566665
1.96684138854469	0.455504908505281
0.692481142426252	0.221366284684109
-3.07875719123617	0.951227905765892
1.96372117107544	0.45473924627511
1.46964366147565	0.490422889690681
-1.12328075924743	0.339047939506251
0.183063896529214	0.0463401006276899
0.164778629348208	0.0313374327003096
0.966736740010186	0.256029100393941
1.96372117107544	0.45473924627511
-0.320548811537412	0.09196618419473
0.169566032486793	0.032038095111837
1.4745635305468	0.492365493098567
0.967271104517323	0.256176548116206
1.96372117107544	0.45473924627511
3.27631781619437	1.12171855032085
1.96372117107544	0.45473924627511
0.693668977910988	0.221707820486434
0.181837521716867	0.0460537144756759
-0.331432979676728	0.0949515324990773
-0.614206104379299	0.148455859250315
1.3495769767586	0.597194616535652
-2.57036588579023	0.664816582891659
1.84525714600486	0.728756039651982
-1.12396372987595	0.33934973605565
-0.324393158207149	0.0929933012825356
0.958352222975233	0.253964848564806
0.964404580081594	0.255330782344719
1.96684138854469	0.455504908505281
-1.7934287506278	0.390727439150181
0.164778629348208	0.0313374327003096
0.963214248695465	0.255090594573707
0.966736740010186	0.256029100393941
-0.324126952894347	0.0929244396746841
-2.57098043849301	0.664920470822356
-3.07928878926676	0.951136693928373
-0.619069360213747	0.149654914653121
-0.612487701707529	0.148134994320372
2.76219840038386	0.780594539857824
3.64995436887393	1.44813448599007
-1.11951983581622	0.337809535545767
1.96684138854469	0.455504908505281
0.16619130625606	0.0315431724784316
2.76330811440907	0.780761067286217
0.963214248695465	0.255090594573707
2.76330811440907	0.780761067286217
1.96276901321247	0.454520391574277
0.967933372585482	0.256362285789635
0.178586346650125	0.0453095875153282
0.967271104517323	0.256176548116206
-0.704722398968598	0.241062538843187
-0.194822363184045	0.0627608493171706
1.96276901321247	0.454520391574277
0.169566032486793	0.032038095111837
1.96684138854469	0.455504908505281
-1.7934287506278	0.390727439150181
-1.79346061997896	0.390723019452767
-1.79346061997896	0.390723019452767
1.46585570298693	0.489030037475911
2.76219840038386	0.780594539857824
1.96372117107544	0.45473924627511
0.165880035481028	0.0314978449610492
0.967271104517323	0.256176548116206
0.165088029467664	0.0313824661178469
2.76330811440907	0.780761067286217
3.27152519356808	1.11907150574555
0.169248055862235	0.0319917175833404
0.967271104517323	0.256176548116206
-0.197681301235905	0.0636672013988199
0.16619130625606	0.0315431724784316
0.182384642090162	0.0461735738884295
-2.57067328278635	0.665094197548339
1.96684138854469	0.455504908505281
-2.57522664974505	0.666917731403372
2.76559849788836	0.78194178274137
0.164778629348208	0.0313374327003096
0.164778629348208	0.0313374327003096
1.96276901321247	0.454520391574277
0.964404580081594	0.255330782344719
0.165088029467664	0.0313824661178469
-2.57067328278635	0.665094197548339
0.165880035481028	0.0314978449610492
1.96276901321247	0.454520391574277
-1.79346061997896	0.390723019452767
-1.79346061997896	0.390723019452767
-2.57522664974505	0.666917731403372
-0.330247461830149	0.0945973836552012
-1.11896025029368	0.337616084496264
1.96684138854469	0.455504908505281
0.16619130625606	0.0315431724784316
1.96276901321247	0.454520391574277
0.967933372585482	0.256362285789635
0.186752657299631	0.0471525522204707
1.96276901321247	0.454520391574277
1.96684138854469	0.455504908505281
1.96372117107544	0.45473924627511
-2.57098043849301	0.664920470822356
-2.57036588579023	0.664816582891659
1.96276901321247	0.454520391574277
2.13349923295367	0.963781356442487
2.76219840038386	0.780594539857824
2.76671632811135	0.782410087450427
2.76559849788836	0.78194178274137
1.96372117107544	0.45473924627511
0.963743115659934	0.255236344279286
1.96276901321247	0.454520391574277
0.16619130625606	0.0315431724784316
0.964934921520073	0.255476948633611
0.165880035481028	0.0314978449610492
-1.49825523114142	0.532562193916483
0.184291063239428	0.0465991085839434
2.76219840038386	0.780594539857824
-2.57098043849301	0.664920470822356
0.963214248695465	0.255090594573707
0.165880035481028	0.0314978449610492
0.181837521716867	0.0460537144756759
0.964404580081594	0.255330782344719
0.182515705814395	0.0461929473161663
0.165880035481028	0.0314978449610492
0.964934921520073	0.255476948633611
-1.7934287506278	0.390727439150181
0.161251150232847	0.0308565698216007
0.184291063239428	0.0465991085839434
3.27152519356808	1.11907150574555
0.169566032486793	0.032038095111837
1.96372117107544	0.45473924627511
-0.618535635333325	0.149538863092151
-1.7934287506278	0.390727439150181
-0.325582325201124	0.0933470317045756
1.47277528463141	0.49146011988965
0.967271104517323	0.256176548116206
-0.611962616144159	0.147977912487881
0.164778629348208	0.0313374327003096
0.169566032486793	0.032038095111837
0.165880035481028	0.0314978449610492
-1.79346061997896	0.390723019452767
0.164778629348208	0.0313374327003096
-0.612487701707529	0.148134994320372
2.76219840038386	0.780594539857824
0.169248055862235	0.0319917175833404
-0.617339897765464	0.149284387408846
1.47333622017027	0.491753136545405
1.84022304372881	0.72612017307568
0.966736740010186	0.256029100393941
1.96372117107544	0.45473924627511
-1.7934287506278	0.390727439150181
-2.57067328278635	0.665094197548339
2.76671632811135	0.782410087450427
1.96276901321247	0.454520391574277
0.164778629348208	0.0313374327003096
0.169248055862235	0.0319917175833404
2.76219840038386	0.780594539857824
1.96276901321247	0.454520391574277
0.964404580081594	0.255330782344719
0.967933372585482	0.256362285789635
1.96276901321247	0.454520391574277
-2.57067328278635	0.665094197548339
-1.7934287506278	0.390727439150181
-1.79346061997896	0.390723019452767
0.967271104517323	0.256176548116206
-0.611962616144159	0.147977912487881
-1.79346061997896	0.390723019452767
0.963743115659934	0.255236344279286
0.160144755571284	0.0306956063740573
1.96372117107544	0.45473924627511
0.964934921520073	0.255476948633611
2.76219840038386	0.780594539857824
-1.7934287506278	0.390727439150181
1.46842163094462	0.489769078028611
1.96276901321247	0.454520391574277
3.27152519356808	1.11907150574555
1.46964366147565	0.490422889690681
0.183063896529214	0.0463401006276899
-2.57522664974505	0.666917731403372
-1.79346061997896	0.390723019452767
0.160144755571284	0.0306956063740573
0.182384642090162	0.0461735738884295
1.96372117107544	0.45473924627511
1.96372117107544	0.45473924627511
1.96372117107544	0.45473924627511
1.96372117107544	0.45473924627511
0.165880035481028	0.0314978449610492
2.76671632811135	0.782410087450427
1.96372117107544	0.45473924627511
0.962553055030982	0.254827961566665
1.96372117107544	0.45473924627511
3.27272750868887	1.11966450015405
1.96276901321247	0.454520391574277
0.16619130625606	0.0315431724784316
3.27393157336313	1.11982869858365
0.964404580081594	0.255330782344719
0.184291063239428	0.0465991085839434
1.96372117107544	0.45473924627511
0.165088029467664	0.0313824661178469
-1.7934287506278	0.390727439150181
-1.7934287506278	0.390727439150181
-2.57554526884402	0.666976966437407
1.96276901321247	0.454520391574277
1.96276901321247	0.454520391574277
-1.79346061997896	0.390723019452767
1.96276901321247	0.454520391574277
1.96276901321247	0.454520391574277
0.968469219672053	0.25651021792255
-0.613012730411062	0.148202450577793
0.164625296117395	0.0313507498370328
1.96684138854469	0.455504908505281
-3.07402416243152	0.948685276185543
0.16619130625606	0.0315431724784316
1.96372117107544	0.45473924627511
-0.0392020950872521	0.0168270050319347
1.96276901321247	0.454520391574277
0.164778629348208	0.0313374327003096
0.964404580081594	0.255330782344719
0.963743115659934	0.255236344279286
0.165088029467664	0.0313824661178469
0.165088029467664	0.0313824661178469
0.688185381402826	0.219868290083128
-1.79346061997896	0.390723019452767
0.165088029467664	0.0313824661178469
1.96276901321247	0.454520391574277
1.96372117107544	0.45473924627511
-0.613682540053849	0.148388769407339
0.689369698791533	0.22025689756634
-3.07822553691956	0.950796797182827
-0.065959692081143	0.0260346746229354
0.718435275402613	0.339720316166281
1.47402323433779	0.492035659807906
0.164778629348208	0.0313374327003096
1.96276901321247	0.454520391574277
0.833163666665121	0.35346794461736
1.96276901321247	0.454520391574277
3.94011940400443	1.7432966017604
-0.706728811590437	0.241764690191015
1.96372117107544	0.45473924627511
0.185076110728506	0.0555416222332281
0.16619130625606	0.0315431724784316
0.963214248695465	0.255090594573707
0.165880035481028	0.0314978449610492
0.176915646473074	0.0606122056573522
0.693216225774344	0.221541872050593
-1.12086886051128	0.33811902750598
0.186752657299631	0.0471525522204707
0.687453672774919	0.21969379736456
-0.196970790009868	0.0634432336968819
0.174504111440695	0.0598231088959162
-0.613682540053849	0.148388769407339
-0.612487701707529	0.148134994320372
-0.330698472981565	0.0947716626031445
-1.49633399610699	0.531774933095134
-3.44754089021611	1.22379406077669
-1.01615288209015	0.402844267638371
-1.1182849071041	0.337405124817419
1.83941655550072	0.725786652717124
-1.11458449535005	0.336227635184335
0.179479941018599	0.0614871969929957
3.94370546162746	1.74479074779
1.96276901321247	0.454520391574277
0.689821397698691	0.220399946218977
1.96276901321247	0.454520391574277
1.96684138854469	0.455504908505281
-1.7934287506278	0.390727439150181
0.962025660417238	0.254682745005495
1.96276901321247	0.454520391574277
0.729638211736119	0.482700120818522
1.96276901321247	0.454520391574277
1.96276901321247	0.454520391574277
1.96684138854469	0.455504908505281
-2.57067328278635	0.665094197548339
1.96276901321247	0.454520391574277
0.164778629348208	0.0313374327003096
-0.195186900570072	0.0628739701093823
-0.380447307370011	0.212489175651016
2.76219840038386	0.780594539857824
0.964404580081594	0.255330782344719
-0.60895933746012	0.147406558741333
0.165088029467664	0.0313824661178469
-0.613682540053849	0.148388769407339
0.16619130625606	0.0315431724784316
1.98701489328116	1.25316632058407
0.689369698791533	0.22025689756634
0.962025660417238	0.254682745005495
-0.12282517776863	0.0437139180795264
0.848056246017642	0.360867725419662
1.58765223089749	0.796771398337474
2.76219840038386	0.780594539857824
-2.05492909934171	0.936678178351383
3.27152519356808	1.11907150574555
0.16619130625606	0.0315431724784316
0.427370746255475	0.195034845485121
0.686626809163374	0.219374653716057
0.177501415059504	0.0608062606278489
0.176263706576241	0.0530277163300986
0.186069807523728	0.046984734903896
0.686270437198953	0.219228628867356
-0.702529153090903	0.24025873050893
-0.199468626638543	0.0641958776339338
0.160144755571284	0.0306956063740573
-3.07402416243152	0.948685276185543
0.182784373310677	0.0625636986950216
0.716895862929234	0.338759360169462
0.545282959725496	0.197930364047729
0.171985774335464	0.075067693019864
0.181598622209813	0.0545451831920276
1.09408007726975	0.535457365069787
0.967933372585482	0.256362285789635
0.175528710194884	0.0601682623632123
1.96276901321247	0.454520391574277
1.96684138854469	0.455504908505281
-0.467241724596611	0.242027038088214
1.96276901321247	0.454520391574277
0.16619130625606	0.0315431724784316
-1.79346061997896	0.390723019452767
1.96276901321247	0.454520391574277
3.27032462336087	1.11801013776878
1.06078959666294	0.405437996491229
1.58866236447733	0.797442847102933
0.164778629348208	0.0313374327003096
0.183063896529214	0.0463401006276899
-0.322936466881447	0.0925708388690686
0.165088029467664	0.0313824661178469
3.64371154631014	1.44368517222673
3.27152519356808	1.11907150574555
-0.00910969913184772	0.00416450270231784
1.79972670972517	1.01558344116932
-0.131197753198896	0.0466088161027094
1.05878746464103	0.40482083139178
0.349097240095351	0.213400002340584
1.07497696339453	0.523634286784949
-0.496879333423488	0.187181684059415
0.169566032486793	0.032038095111837
3.9503958711934	1.749912605214
2.13349923295367	0.963781356442487
0.693668977910988	0.221707820486434
0.16619130625606	0.0315431724784316
0.814051302161265	0.491318990480672
-0.331432979676728	0.0949515324990773
-0.326401042990741	0.0935670662480902
-1.79785205353169	0.391773074809323
0.182384642090162	0.0461735738884295
-2.05879756743872	0.939093080908095
-1.11896025029368	0.337616084496264
0.844132672287949	0.35881952272486
-0.282938079048762	0.128302505025126
-1.79346061997896	0.390723019452767
0.165880035481028	0.0314978449610492
-1.7934287506278	0.390727439150181
0.183063896529214	0.0463401006276899
0.556308696676708	0.202195250417483
0.181837521716867	0.0460537144756759
0.17782934982735	0.0688077558569217
1.59056883852916	0.798298506268483
0.16619130625606	0.0315431724784316
0.16619130625606	0.0315431724784316
-1.79785205353169	0.391773074809323
0.464063455250434	0.188241879817787
1.84022304372881	0.72612017307568
1.96372117107544	0.45473924627511
-2.57036588579023	0.664816582891659
-1.7934287506278	0.390727439150181
2.76109157462938	0.779871501961836
2.76109157462938	0.779871501961836
1.35564812089346	0.600770089805534
0.963214248695465	0.255090594573707
3.27510914666181	1.12076297640292
2.75476610270737	1.69983736169742
0.174541561886268	0.0598418639345934
0.554529317239519	0.201500781149606
0.554529317239519	0.201500781149606
-0.33115064247346	0.0948450204466267
-0.0820388126808733	0.0321645502254667
2.37974175152964	1.20685990890827
1.96276901321247	0.454520391574277
0.687453672774919	0.21969379736456
0.958352222975233	0.253964848564806
-0.466796186133705	0.24172981788743
0.165088029467664	0.0313824661178469
0.550585584584045	0.199969616725774
-0.634303279151928	0.371591614114254
0.160144755571284	0.0306956063740573
0.164778629348208	0.0313374327003096
0.170763524412467	0.0743978302839251
-1.79346061997896	0.390723019452767
0.16619130625606	0.0315431724784316
-1.13791977487552	0.629860214488961
0.963743115659934	0.255236344279286
0.185076110728506	0.0555416222332281
-0.749356140710198	0.324535436720139
1.96276901321247	0.454520391574277
0.160144755571284	0.0306956063740573
0.183063896529214	0.0463401006276899
1.96684138854469	0.455504908505281
1.96684138854469	0.455504908505281
1.96372117107544	0.45473924627511
0.173437582906667	0.0757197683873992
1.47086646676889	0.49088731436037
2.76559849788836	0.78194178274137
2.76330811440907	0.780761067286217
0.165880035481028	0.0314978449610492
1.06375255943934	0.407031400293661
1.96276901321247	0.454520391574277
3.64871284900552	1.44691597652701
-1.80860659991793	0.735840712092833
1.80152871952696	1.01635598151886
0.957162742729009	0.253557522610441
-0.614206104379299	0.148455859250315
0.184971072095669	0.0467387603153735
-0.60895933746012	0.147406558741333
0.18011793418247	0.054112323705194
-0.281977120450776	0.127853103537229
-0.612487701707529	0.148134994320372
1.46842163094462	0.489769078028611
0.968469219672053	0.25651021792255
2.14068730085802	0.968013963390159
0.963214248695465	0.255090594573707
0.964404580081594	0.255330782344719
1.96372117107544	0.45473924627511
1.84066711299049	0.726365639107333
-0.614206104379299	0.148455859250315
0.545994337450589	0.198159602216923
0.962025660417238	0.254682745005495
-1.79766606524237	0.730020629935894
-1.12396372987595	0.33934973605565
-3.44754089021611	1.22379406077669
0.56203932365246	0.204253351369236
1.59361466522007	0.80088415110559
-0.613682540053849	0.148388769407339
-0.618535635333325	0.149538863092151
1.96276901321247	0.454520391574277
-0.613682540053849	0.148388769407339
0.164778629348208	0.0313374327003096
1.84140390214436	0.726768879551614
1.46585570298693	0.489030037475911
1.46842163094462	0.489769078028611
2.76219840038386	0.780594539857824
3.27993169130503	1.12298306623949
0.963743115659934	0.255236344279286
1.47032706033056	0.490703617760438
1.96372117107544	0.45473924627511
1.96276901321247	0.454520391574277
1.80413755031274	1.01826828282481
-0.611962616144159	0.147977912487881
-0.192291270763335	0.06199269927475
0.179746106686676	0.0540237006551008
4.18934074145553	2.03655237370426
3.93892487279316	1.74225767116968
-0.60895933746012	0.147406558741333
-1.7934287506278	0.390727439150181
-1.79346061997896	0.390723019452767
0.165088029467664	0.0313824661178469
2.76219840038386	0.780594539857824
0.16619130625606	0.0315431724784316
0.164778629348208	0.0313374327003096
0.164778629348208	0.0313374327003096
0.968469219672053	0.25651021792255
3.27272750868887	1.11966450015405
0.964404580081594	0.255330782344719
0.688637326691298	0.220082192676685
-2.57036588579023	0.664816582891659
0.182384642090162	0.0461735738884295
1.96276901321247	0.454520391574277
0.183610895194862	0.0464322674344966
0.165088029467664	0.0313824661178469
2.76671632811135	0.782410087450427
3.27152519356808	1.11907150574555
0.182515705814395	0.0461929473161663
0.555958404732527	0.201933005186322
-1.7934287506278	0.390727439150181
0.164778629348208	0.0313374327003096
-0.325582325201124	0.0933470317045756
0.16619130625606	0.0315431724784316
1.96276901321247	0.454520391574277
3.65499468921657	1.45049079500857
1.47155078449581	0.491168545293048
3.27152519356808	1.11907150574555
0.16619130625606	0.0315431724784316
0.181222403711057	0.0544586569816679
1.47209004689925	0.491178510113126
2.76219840038386	0.780594539857824
2.37366431975369	1.20196540132253
-0.325582325201124	0.0933470317045756
0.179369859705814	0.0539368960907662
0.165880035481028	0.0314978449610492
0.187435346122179	0.047292837125537
1.96276901321247	0.454520391574277
-3.07402416243152	0.948685276185543
-0.614206104379299	0.148455859250315
0.183063896529214	0.0463401006276899
0.165880035481028	0.0314978449610492
2.76109157462938	0.779871501961836
3.27032462336087	1.11801013776878
1.96276901321247	0.454520391574277
1.96372117107544	0.45473924627511
-0.617875104469477	0.149400727468359
1.96276901321247	0.454520391574277
1.96372117107544	0.45473924627511
1.96372117107544	0.45473924627511
0.963214248695465	0.255090594573707
0.681600849226051	0.217707538421281
0.187984352048437	0.0474280610765032
0.164778629348208	0.0313374327003096
0.16619130625606	0.0315431724784316
2.76109157462938	0.779871501961836
0.165880035481028	0.0314978449610492
2.76109157462938	0.779871501961836
1.47155078449581	0.491168545293048
2.76671632811135	0.782410087450427
1.96276901321247	0.454520391574277
3.27032462336087	1.11801013776878
1.96276901321247	0.454520391574277
0.963743115659934	0.255236344279286
-0.376472488252563	0.155768984112451
1.96276901321247	0.454520391574277
2.76671632811135	0.782410087450427
1.05346208699469	0.402359762312703
2.13349923295367	0.963781356442487
2.76219840038386	0.780594539857824
-0.69681330218041	0.238104465757831
0.164625296117395	0.0313507498370328
-1.25226765229536	0.561714594424903
0.18374299244507	0.0464795790495071
1.05915506670076	0.404786600540214
-0.609489833121369	0.147475344257464
3.27152519356808	1.11907150574555
1.96276901321247	0.454520391574277
1.96372117107544	0.45473924627511
0.183063896529214	0.0463401006276899
0.165088029467664	0.0313824661178469
1.96276901321247	0.454520391574277
0.962553055030982	0.254827961566665
0.169566032486793	0.032038095111837
0.191700904879431	0.0482388847519191
0.961881298984383	0.254903830883264
2.76219840038386	0.780594539857824
1.96276901321247	0.454520391574277
0.16619130625606	0.0315431724784316
-0.613012730411062	0.148202450577793
-1.79346061997896	0.390723019452767
0.184291063239428	0.0465991085839434
2.76330811440907	0.780761067286217
1.96372117107544	0.45473924627511
3.64618465324491	1.4458034047001
2.14130401290754	0.967710815995986
0.160144755571284	0.0306956063740573
1.05456533880612	0.402811234670406
0.687453672774919	0.21969379736456
-0.191583942801118	0.0617784787374467
2.76671632811135	0.782410087450427
-1.79785205353169	0.391773074809323
1.96372117107544	0.45473924627511
1.96372117107544	0.45473924627511
0.16619130625606	0.0315431724784316
0.165088029467664	0.0313824661178469
2.76109157462938	0.779871501961836
0.687453672774919	0.21969379736456
0.186069807523728	0.046984734903896
-1.79346061997896	0.390723019452767
1.96276901321247	0.454520391574277
1.96372117107544	0.45473924627511
1.46707710595373	0.489320547895215
1.96372117107544	0.45473924627511
-0.613682540053849	0.148388769407339
1.47525146835293	0.492648627415429
1.96372117107544	0.45473924627511
1.96276901321247	0.454520391574277
3.94131434673369	1.74409517718346
0.963743115659934	0.255236344279286
0.469037778436906	0.190492761217088
0.171249704579555	0.0587285941976067
0.689369698791533	0.22025689756634
1.08888268610096	0.532186917645821
1.96372117107544	0.45473924627511
0.187984352048437	0.0474280610765032
2.76219840038386	0.780594539857824
0.187300583927818	0.0472598613580206
0.182515705814395	0.0461929473161663
-2.05912179942988	0.939247693549779
-2.57067328278635	0.665094197548339
2.76219840038386	0.780594539857824
0.966736740010186	0.256029100393941
1.96372117107544	0.45473924627511
0.165880035481028	0.0314978449610492
1.96276901321247	0.454520391574277
1.4745635305468	0.492365493098567
0.165088029467664	0.0313824661178469
2.76219840038386	0.780594539857824
1.96372117107544	0.45473924627511
1.96276901321247	0.454520391574277
-1.7934287506278	0.390727439150181
1.96276901321247	0.454520391574277
1.96276901321247	0.454520391574277
1.96276901321247	0.454520391574277
2.76219840038386	0.780594539857824
0.688637326691298	0.220082192676685
3.27510914666181	1.12076297640292
1.96276901321247	0.454520391574277
1.84258516456861	0.727293955790375
0.962553055030982	0.254827961566665
-0.376342031194897	0.155706196017938
1.47032706033056	0.490703617760438
3.94524209007654	1.74713132583643
0.174045724149933	0.0524237595938313
0.550941991992969	0.200022862882379
-0.124384654386373	0.0442880812812879
0.963214248695465	0.255090594573707
0.964404580081594	0.255330782344719
1.8383071367458	0.724853864168302
1.84066711299049	0.726365639107333
-1.80441616031176	0.733725050835279
0.181837521716867	0.0460537144756759
0.964404580081594	0.255330782344719
0.165880035481028	0.0314978449610492
1.96276901321247	0.454520391574277
1.96372117107544	0.45473924627511
-1.7934287506278	0.390727439150181
0.16619130625606	0.0315431724784316
1.96276901321247	0.454520391574277
1.96276901321247	0.454520391574277
1.96684138854469	0.455504908505281
1.96276901321247	0.454520391574277
1.96276901321247	0.454520391574277
2.76559849788836	0.78194178274137
0.16619130625606	0.0315431724784316
1.84184770666887	0.726890218717793
3.27272750868887	1.11966450015405
-0.608428787479893	0.147248610626808
0.160144755571284	0.0306956063740573
3.27152519356808	1.11907150574555
2.76219840038386	0.780594539857824
2.76109157462938	0.779871501961836
1.96276901321247	0.454520391574277
2.76219840038386	0.780594539857824
1.96276901321247	0.454520391574277
1.96372117107544	0.45473924627511
1.96276901321247	0.454520391574277
0.165880035481028	0.0314978449610492
0.16619130625606	0.0315431724784316
0.172195511036386	0.0518779587947308
1.84184770666887	0.726890218717793
0.553459142396127	0.201030755019039
1.83948692258838	0.725717515665962
1.47155078449581	0.491168545293048
-1.7934287506278	0.390727439150181
-0.613682540053849	0.148388769407339
0.16619130625606	0.0315431724784316
1.96684138854469	0.455504908505281
3.27272750868887	1.11966450015405
-1.7934287506278	0.390727439150181
-1.1182849071041	0.337405124817419
2.76109157462938	0.779871501961836
0.967271104517323	0.256176548116206
-1.7934287506278	0.390727439150181
-1.7934287506278	0.390727439150181
-0.612487701707529	0.148134994320372
1.96372117107544	0.45473924627511
0.966736740010186	0.256029100393941
1.96372117107544	0.45473924627511
1.96372117107544	0.45473924627511
-0.613012730411062	0.148202450577793
0.165088029467664	0.0313824661178469
0.164778629348208	0.0313374327003096
1.96276901321247	0.454520391574277
0.16619130625606	0.0315431724784316
1.96276901321247	0.454520391574277
3.27152519356808	1.11907150574555
3.27152519356808	1.11907150574555
-1.7934287506278	0.390727439150181
2.7537822406338	1.69838032284348
0.187984352048437	0.0474280610765032
0.963743115659934	0.255236344279286
-0.330698472981565	0.0947716626031445
0.964934921520073	0.255476948633611
0.680421237638035	0.217245422782273
0.963743115659934	0.255236344279286
0.686270437198953	0.219228628867356
2.76671632811135	0.782410087450427
0.690559056864311	0.220592978829305
-2.57036588579023	0.664816582891659
2.76219840038386	0.780594539857824
0.963743115659934	0.255236344279286
-0.619069360213747	0.149654914653121
3.64871284900552	1.44691597652701
2.76219840038386	0.780594539857824
1.96372117107544	0.45473924627511
-1.7934287506278	0.390727439150181
1.96276901321247	0.454520391574277
0.164778629348208	0.0313374327003096
-1.7934287506278	0.390727439150181
-1.7934287506278	0.390727439150181
1.96372117107544	0.45473924627511
1.47086646676889	0.49088731436037
1.96684138854469	0.455504908505281
0.16619130625606	0.0315431724784316
1.96276901321247	0.454520391574277
1.96276901321247	0.454520391574277
0.964934921520073	0.255476948633611
1.96276901321247	0.454520391574277
2.76219840038386	0.780594539857824
2.76330811440907	0.780761067286217
0.964934921520073	0.255476948633611
2.76219840038386	0.780594539857824
2.76109157462938	0.779871501961836
0.963214248695465	0.255090594573707
-0.611962616144159	0.147977912487881
0.165880035481028	0.0314978449610492
1.8383071367458	0.724853864168302
0.964404580081594	0.255330782344719
1.3509899510682	0.597807360301759
-0.202976861420011	0.0653350306430413
-1.11390573268458	0.335899190520225
-0.623962156972292	0.150791561723962
-0.613012730411062	0.148202450577793
-0.613682540053849	0.148388769407339
1.05657276894202	0.403741434107833
1.34886052544281	0.596542879120315
2.76219840038386	0.780594539857824
0.688637326691298	0.220082192676685
1.96276901321247	0.454520391574277
1.96372117107544	0.45473924627511
1.96372117107544	0.45473924627511
3.27272750868887	1.11966450015405
1.96372117107544	0.45473924627511
-0.613012730411062	0.148202450577793
1.96372117107544	0.45473924627511
0.165880035481028	0.0314978449610492
2.76219840038386	0.780594539857824
2.76219840038386	0.780594539857824
1.96684138854469	0.455504908505281
1.96372117107544	0.45473924627511
1.96276901321247	0.454520391574277
0.164778629348208	0.0313374327003096
1.96684138854469	0.455504908505281
2.76671632811135	0.782410087450427
0.963743115659934	0.255236344279286
0.180484451327502	0.0542489043189748
1.96684138854469	0.455504908505281
2.76219840038386	0.780594539857824
-2.57067328278635	0.665094197548339
1.96276901321247	0.454520391574277
2.76219840038386	0.780594539857824
1.46964366147565	0.490422889690681
1.96276901321247	0.454520391574277
1.96276901321247	0.454520391574277
1.96276901321247	0.454520391574277
-1.79346061997896	0.390723019452767
0.963743115659934	0.255236344279286
0.165088029467664	0.0313824661178469
2.76219840038386	0.780594539857824
-2.57036588579023	0.664816582891659
2.76559849788836	0.78194178274137
0.164778629348208	0.0313374327003096
1.96372117107544	0.45473924627511
-1.7934287506278	0.390727439150181
-1.79346061997896	0.390723019452767
1.96372117107544	0.45473924627511
1.96372117107544	0.45473924627511
1.96372117107544	0.45473924627511
0.183063896529214	0.0463401006276899
1.96372117107544	0.45473924627511
0.688637326691298	0.220082192676685
1.46964366147565	0.490422889690681
2.76219840038386	0.780594539857824
0.165880035481028	0.0314978449610492
1.96276901321247	0.454520391574277
0.961881298984383	0.254903830883264
-0.613682540053849	0.148388769407339
0.165088029467664	0.0313824661178469
1.46842163094462	0.489769078028611
3.27152519356808	1.11907150574555
1.96276901321247	0.454520391574277
1.96276901321247	0.454520391574277
1.96372117107544	0.45473924627511
0.962025660417238	0.254682745005495
0.164778629348208	0.0313374327003096
1.96372117107544	0.45473924627511
-2.57554526884402	0.666976966437407
2.76330811440907	0.780761067286217
1.96684138854469	0.455504908505281
2.76219840038386	0.780594539857824
1.96684138854469	0.455504908505281
0.187435346122179	0.047292837125537
1.96276901321247	0.454520391574277
2.76559849788836	0.78194178274137
1.96276901321247	0.454520391574277
-2.57067328278635	0.665094197548339
1.96276901321247	0.454520391574277
1.96684138854469	0.455504908505281
1.96684138854469	0.455504908505281
0.16619130625606	0.0315431724784316
1.96276901321247	0.454520391574277
1.96372117107544	0.45473924627511
2.76109157462938	0.779871501961836
2.76219840038386	0.780594539857824
-1.7934287506278	0.390727439150181
1.05878746464103	0.40482083139178
0.685443035318802	0.218928003643606
-1.79346061997896	0.390723019452767
0.165880035481028	0.0314978449610492
1.96276901321247	0.454520391574277
2.76330811440907	0.780761067286217
0.959543454922691	0.254205280821647
3.27272750868887	1.11966450015405
2.76219840038386	0.780594539857824
1.84140390214436	0.726768879551614
3.64995436887393	1.44813448599007
0.187435346122179	0.047292837125537
0.169566032486793	0.032038095111837
-0.612487701707529	0.148134994320372
1.96372117107544	0.45473924627511
-1.79346061997896	0.390723019452767
3.27631781619437	1.12171855032085
0.687904703717867	0.219759625438134
0.165880035481028	0.0314978449610492
0.164778629348208	0.0313374327003096
1.96276901321247	0.454520391574277
1.96372117107544	0.45473924627511
1.96372117107544	0.45473924627511
2.76219840038386	0.780594539857824
0.165880035481028	0.0314978449610492
0.165880035481028	0.0314978449610492
0.963214248695465	0.255090594573707
1.47579162106182	0.492713238749138
1.96276901321247	0.454520391574277
0.963743115659934	0.255236344279286
1.96276901321247	0.454520391574277
0.165088029467664	0.0313824661178469
0.183063896529214	0.0463401006276899
1.96276901321247	0.454520391574277
1.96276901321247	0.454520391574277
1.96276901321247	0.454520391574277
1.96684138854469	0.455504908505281
1.96276901321247	0.454520391574277
0.964404580081594	0.255330782344719
2.76109157462938	0.779871501961836
2.76330811440907	0.780761067286217
2.76109157462938	0.779871501961836
1.96276901321247	0.454520391574277
0.165880035481028	0.0314978449610492
-0.613158918177153	0.148231887572971
-3.74479839827737	1.4781183796158
2.76109157462938	0.779871501961836
1.96684138854469	0.455504908505281
0.165880035481028	0.0314978449610492
2.76109157462938	0.779871501961836
1.96276901321247	0.454520391574277
2.76671632811135	0.782410087450427
1.96372117107544	0.45473924627511
1.96276901321247	0.454520391574277
1.96684138854469	0.455504908505281
0.165088029467664	0.0313824661178469
-0.614206104379299	0.148455859250315
0.164778629348208	0.0313374327003096
-0.623962156972292	0.150791561723962
-1.79346061997896	0.390723019452767
-1.7934287506278	0.390727439150181
1.96372117107544	0.45473924627511
0.164778629348208	0.0313374327003096
1.96372117107544	0.45473924627511
0.164778629348208	0.0313374327003096
2.76109157462938	0.779871501961836
0.181837521716867	0.0460537144756759
3.27631781619437	1.12171855032085
2.76671632811135	0.782410087450427
2.76219840038386	0.780594539857824
0.165088029467664	0.0313824661178469
2.76109157462938	0.779871501961836
2.76219840038386	0.780594539857824
2.76330811440907	0.780761067286217
2.76330811440907	0.780761067286217
1.96372117107544	0.45473924627511
-0.325582325201124	0.0933470317045756
1.4646350690462	0.48856709745013
1.96276901321247	0.454520391574277
2.76330811440907	0.780761067286217
1.96684138854469	0.455504908505281
1.96372117107544	0.45473924627511
1.96276901321247	0.454520391574277
0.182515705814395	0.0461929473161663
0.694404728756287	0.221883604128058
1.4646350690462	0.48856709745013
0.165880035481028	0.0314978449610492
1.96276901321247	0.454520391574277
-1.7934287506278	0.390727439150181
1.96372117107544	0.45473924627511
1.96276901321247	0.454520391574277
0.16619130625606	0.0315431724784316
1.96684138854469	0.455504908505281
1.96276901321247	0.454520391574277
0.165088029467664	0.0313824661178469
0.165880035481028	0.0314978449610492
-1.7934287506278	0.390727439150181
0.165088029467664	0.0313824661178469
1.96372117107544	0.45473924627511
1.96372117107544	0.45473924627511
0.165880035481028	0.0314978449610492
0.164778629348208	0.0313374327003096
1.96372117107544	0.45473924627511
1.96276901321247	0.454520391574277
1.96684138854469	0.455504908505281
0.16619130625606	0.0315431724784316
0.16619130625606	0.0315431724784316
1.96372117107544	0.45473924627511
-0.612487701707529	0.148134994320372
-0.613682540053849	0.148388769407339
2.13239173303271	0.962976446468332
1.96372117107544	0.45473924627511
1.96372117107544	0.45473924627511
0.165880035481028	0.0314978449610492
0.967271104517323	0.256176548116206
1.4745635305468	0.492365493098567
1.96276901321247	0.454520391574277
1.96276901321247	0.454520391574277
1.96372117107544	0.45473924627511
-1.79346061997896	0.390723019452767
1.96684138854469	0.455504908505281
1.96372117107544	0.45473924627511
-1.79346061997896	0.390723019452767
1.96276901321247	0.454520391574277
1.96276901321247	0.454520391574277
0.962553055030982	0.254827961566665
1.96276901321247	0.454520391574277
3.27032462336087	1.11801013776878
2.76671632811135	0.782410087450427
2.76219840038386	0.780594539857824
1.96372117107544	0.45473924627511
0.183610895194862	0.0464322674344966
0.165088029467664	0.0313824661178469
0.169566032486793	0.032038095111837
0.963214248695465	0.255090594573707
1.96684138854469	0.455504908505281
1.47648048364922	0.492996794108507
1.96684138854469	0.455504908505281
-1.79346061997896	0.390723019452767
1.96276901321247	0.454520391574277
0.16619130625606	0.0315431724784316
0.165880035481028	0.0314978449610492
0.967933372585482	0.256362285789635
2.76109157462938	0.779871501961836
1.96276901321247	0.454520391574277
0.160144755571284	0.0306956063740573
1.96372117107544	0.45473924627511
0.16619130625606	0.0315431724784316
1.96684138854469	0.455504908505281
0.169248055862235	0.0319917175833404
2.76559849788836	0.78194178274137
0.16619130625606	0.0315431724784316
1.96372117107544	0.45473924627511
0.963743115659934	0.255236344279286
1.96372117107544	0.45473924627511
1.96372117107544	0.45473924627511
1.96276901321247	0.454520391574277
1.96276901321247	0.454520391574277
2.76219840038386	0.780594539857824
2.76219840038386	0.780594539857824
1.96276901321247	0.454520391574277
0.964934921520073	0.255476948633611
-0.326310377140785	0.0935168437296262
0.165088029467664	0.0313824661178469
1.96372117107544	0.45473924627511
1.96276901321247	0.454520391574277
2.76219840038386	0.780594539857824
0.165088029467664	0.0313824661178469
0.165088029467664	0.0313824661178469
3.27631781619437	1.12171855032085
-1.12019427196772	0.338020301365193
1.96372117107544	0.45473924627511
1.96276901321247	0.454520391574277
1.96276901321247	0.454520391574277
-1.7934287506278	0.390727439150181
-1.7934287506278	0.390727439150181
0.958352222975233	0.253964848564806
1.8476275755017	0.729726391578086
2.76330811440907	0.780761067286217
-1.79346061997896	0.390723019452767
1.96276901321247	0.454520391574277
1.96372117107544	0.45473924627511
2.76330811440907	0.780761067286217
3.27152519356808	1.11907150574555
3.27272750868887	1.11966450015405
-1.79785205353169	0.391773074809323
1.96684138854469	0.455504908505281
0.16619130625606	0.0315431724784316
-0.60895933746012	0.147406558741333
3.6449477089076	1.4449787602644
-1.79785205353169	0.391773074809323
1.96276901321247	0.454520391574277
0.16619130625606	0.0315431724784316
1.96684138854469	0.455504908505281
1.96276901321247	0.454520391574277
0.164625296117395	0.0313507498370328
-0.613158918177153	0.148231887572971
0.165088029467664	0.0313824661178469
1.96276901321247	0.454520391574277
0.165880035481028	0.0314978449610492
2.76109157462938	0.779871501961836
-0.613012730411062	0.148202450577793
-1.11884555197394	0.337481516657706
0.962025660417238	0.254682745005495
1.96276901321247	0.454520391574277
1.96276901321247	0.454520391574277
1.47277528463141	0.49146011988965
1.47525146835293	0.492648627415429
1.96276901321247	0.454520391574277
1.96372117107544	0.45473924627511
0.183610895194862	0.0464322674344966
-1.7934287506278	0.390727439150181
-2.57067328278635	0.665094197548339
-2.57098043849301	0.664920470822356
2.76219840038386	0.780594539857824
1.96372117107544	0.45473924627511
1.96372117107544	0.45473924627511
0.963214248695465	0.255090594573707
2.13349923295367	0.963781356442487
1.96372117107544	0.45473924627511
0.967271104517323	0.256176548116206
0.188667958543402	0.04756856032199
0.967271104517323	0.256176548116206
1.96372117107544	0.45473924627511
1.96276901321247	0.454520391574277
0.165880035481028	0.0314978449610492
-0.32485451718176	0.0931499749349684
0.178586346650125	0.0453095875153282
1.96276901321247	0.454520391574277
0.184971072095669	0.0467387603153735
-0.618535635333325	0.149538863092151
1.96276901321247	0.454520391574277
1.96372117107544	0.45473924627511
1.96276901321247	0.454520391574277
0.161251150232847	0.0308565698216007
1.96276901321247	0.454520391574277
1.96684138854469	0.455504908505281
