x	y
1.47086646676889	0.49088731436037
0.367757890669868	0.206719923386433
0.413661033766514	0.188154335954189
1.4795165223175	0.49403710049889
0.172129083543733	0.0837333165976041
0.931815547016561	0.507780294909812
0.737430122364047	0.488658580201733
0.330637385394532	0.215729136326354
1.09247799441691	0.534633070236409
-0.64738273883481	0.446485035039679
1.09943233661665	0.538806213816029
1.09805540245059	0.537873542527655
-1.7934287506278	0.390727439150181
1.46341520408474	0.487915667204292
1.60060337780493	0.805604786475815
0.85042709926287	0.362163990330178
1.35564812089346	0.600770089805534
1.96684138854469	0.455504908505281
0.964404580081594	0.255330782344719
3.27152519356808	1.11907150574555
0.164778629348208	0.0313374327003096
0.967933372585482	0.256362285789635
1.8383071367458	0.724853864168302
0.161251150232847	0.0308565698216007
0.964404580081594	0.255330782344719
1.84451762847753	0.728350716630867
2.76219840038386	0.780594539857824
2.76109157462938	0.779871501961836
1.29232484538333	0.717481992913919
1.12533165733048	0.858253631083007
0.385073003418485	0.195803449692633
1.08788836479962	0.53156608167024
-0.194443769853819	0.0626542518681332
-1.7934287506278	0.390727439150181
-1.1182849071041	0.337405124817419
-1.79346061997896	0.390723019452767
0.176139035531232	0.0447669868764769
-3.07350260546998	0.94852963330217
-1.1182849071041	0.337405124817419
1.96372117107544	0.45473924627511
1.96684138854469	0.455504908505281
3.27152519356808	1.11907150574555
0.962553055030982	0.254827961566665
1.96372117107544	0.45473924627511
0.16619130625606	0.0315431724784316
-1.79346061997896	0.390723019452767
1.96276901321247	0.454520391574277
0.734551596474961	0.486948861594868
0.185454319096416	0.0556335769192585
0.180484451327502	0.0542489043189748
2.76219840038386	0.780594539857824
0.532087719221712	0.46132883525722
1.06264198810457	0.406540438452512
1.96276901321247	0.454520391574277
0.187300583927818	0.0472598613580206
-2.57554526884402	0.666976966437407
0.687453672774919	0.21969379736456
0.182384642090162	0.0461735738884295
-1.7934287506278	0.390727439150181
0.964404580081594	0.255330782344719
1.96372117107544	0.45473924627511
1.47155078449581	0.491168545293048
-1.49753171438992	0.532305096548695
1.46585570298693	0.489030037475911
1.96372117107544	0.45473924627511
0.161251150232847	0.0308565698216007
-1.79346061997896	0.390723019452767
0.963214248695465	0.255090594573707
1.78695320587623	1.39929726289423
0.419401743303408	0.190874816267281
0.472980393898917	0.19208353052612
-0.0354032390789549	0.0152569481094107
-0.371898888707106	0.15362917728401
-1.12328075924743	0.339047939506251
3.9503958711934	1.749912605214
0.390973401908089	0.198987896499488
0.165088029467664	0.0313824661178469
-0.382396017722995	0.213692321604152
-0.0382230484261189	0.0164227604543467
-0.0593508306256113	0.0356533216865403
0.683806766430775	0.491075585755237
0.175501335417402	0.0853402152277122
0.528155027100108	0.336690239638703
0.178408785849319	0.0954587693564113
0.81669563394866	0.492872188070568
-0.613158918177153	0.148231887572971
0.963743115659934	0.255236344279286
1.96276901321247	0.454520391574277
-3.76266367779353	1.48814160574529
0.16619130625606	0.0315431724784316
2.76219840038386	0.780594539857824
-0.707845094848957	0.242262716671496
0.169566032486793	0.032038095111837
0.963743115659934	0.255236344279286
1.96372117107544	0.45473924627511
1.96372117107544	0.45473924627511
1.84525714600486	0.728756039651982
0.967271104517323	0.256176548116206
-1.79346061997896	0.390723019452767
3.27510914666181	1.12076297640292
-0.032203594526383	0.0139243934644096
0.0409798440308899	0.022531584660246
0.186804618674133	0.10024443161777
0.931816248783355	0.812135827187771
0.420896406550038	0.191603802440103
0.340827862431357	0.223490477444432
0.679876273226332	0.4878617710134
0.385518186847815	0.196079873547533
1.60558179848842	1.74551887940592
-0.374796496741303	0.155035092886394
0.173841338161581	0.0596051278079202
0.417393980033033	0.345952334114457
0.553374911490609	0.460967956173733
1.45679531288024	1.65327308024743
1.25222864824241	1.22676616877693
0.379521587388842	0.192750502005537
0.4234202211193	0.193034609297238
0.501657059793889	0.345358219988631
1.84022304372881	0.72612017307568
-0.746241232385415	0.322634143328872
0.468041971492069	0.190033400267489
1.124148921489	0.85655190226777
-0.503151908052831	0.189821021366808
-0.703651055748467	0.240588737528622
0.182973217707566	0.0462917199497201
0.962025660417238	0.254682745005495
0.165088029467664	0.0313824661178469
0.183063896529214	0.0463401006276899
1.08750815001851	0.531291979888112
0.172174590786425	0.0665958300972575
1.84525714600486	0.728756039651982
-2.57036588579023	0.664816582891659
0.165088029467664	0.0313824661178469
1.96276901321247	0.454520391574277
0.180107983152346	0.0541465694868784
-0.20083710522649	0.0646522944494468
1.26510116506499	0.879123805972158
0.621935973501029	0.472468127209671
-0.0432055406795058	0.0185003868224182
0.6278228139793	0.330521761875909
0.574113704735104	0.335473235810921
0.364515970078427	0.204640653434754
0.168703934281002	0.0653025262066088
0.0201603348149078	0.0102409517896135
0.970410211547725	0.659772999404252
0.175265015495158	0.0677798960598058
0.801976619230051	0.481766557306151
-3.458653795075	1.22921792319031
0.963743115659934	0.255236344279286
-0.423952086825653	0.323155710099647
-0.279255317676976	0.12672129528596
0.735108539798277	0.486555735936328
0.986425217644944	0.674580612833052
1.84066711299049	0.726365639107333
0.164778629348208	0.0313374327003096
-1.11951983581622	0.337809535545767
-0.611962616144159	0.147977912487881
0.179369859705814	0.0539368960907662
0.164778629348208	0.0313374327003096
1.83556105705841	0.723803926717143
-1.7934287506278	0.390727439150181
0.962553055030982	0.254827961566665
1.96276901321247	0.454520391574277
0.160144755571284	0.0306956063740573
-1.12086886051128	0.33811902750598
1.47155078449581	0.491168545293048
-0.60895933746012	0.147406558741333
-0.33115064247346	0.0948450204466267
-0.613158918177153	0.148231887572971
-1.79346061997896	0.390723019452767
0.963743115659934	0.255236344279286
0.183610895194862	0.0464322674344966
0.630762674516601	0.332500834661757
1.59294829208772	0.80007496780365
0.00774171250726083	0.00419679090975986
0.181519629022171	0.0792580291122638
0.36033517839853	0.202185747483454
0.841769089213797	0.357799988221716
0.677467204799358	0.48511677667852
1.42752277919897	1.113342643157
0.631244174481639	0.332809598075707
-1.79766606524237	0.730020629935894
-0.619532778254033	0.360694941388635
0.184833271134995	0.0632518781741915
-1.79785205353169	0.391773074809323
-1.1182849071041	0.337405124817419
0.359526584277966	0.201632385197288
1.13342261911486	1.0217197093434
1.47032706033056	0.490703617760438
3.27393157336313	1.11982869858365
-0.618535635333325	0.149538863092151
-3.07454565876188	0.948489134275984
-1.11896025029368	0.337616084496264
0.716988147742458	0.338713231526189
-3.07822553691956	0.950796797182827
0.169566032486793	0.032038095111837
0.169566032486793	0.032038095111837
-1.7934287506278	0.390727439150181
-0.32531700249348	0.0932194330065639
-2.57036588579023	0.664816582891659
-0.330698472981565	0.0947716626031445
3.27510914666181	1.12076297640292
0.174504111440695	0.0598231088959162
-2.57036588579023	0.664816582891659
-1.7934287506278	0.390727439150181
0.183063896529214	0.0463401006276899
2.76219840038386	0.780594539857824
1.96276901321247	0.454520391574277
0.549872383663091	0.199625186867885
0.370277635900361	0.187403478705888
0.452900645980081	0.346821435390204
0.574963124951795	0.336081509435885
-0.0689464827735379	0.0271638128980627
0.1797632563816	0.0962374541397714
0.183063896529214	0.0463401006276899
0.186752657299631	0.0471525522204707
0.589544327509964	0.471907998853177
-0.0753438397379853	0.0295740127918997
0.173861764570753	0.067249626638132
0.17845532295061	0.0611293558584829
-1.96409707333712	1.3551329194978
-1.49830311184485	0.532694389774889
0.694404728756287	0.221883604128058
0.383084667214441	0.194675140022767
-0.0282701351204501	0.017537077954758
-0.248794975019374	0.15375344586753
0.980393168355664	0.66899142972599
0.590943530596242	0.473520533875105
0.674890121468026	0.483163483447757
2.76671632811135	0.782410087450427
-1.7934287506278	0.390727439150181
-1.80368192120879	0.733397419313707
0.962025660417238	0.254682745005495
0.687453672774919	0.21969379736456
0.713080057929733	0.336416201974758
-0.613682540053849	0.148388769407339
3.94404333145349	1.74617514669156
-0.325663137440616	0.0933864485177264
0.687453672774919	0.21969379736456
0.18374299244507	0.0464795790495071
1.96276901321247	0.454520391574277
0.169248055862235	0.0319917175833404
-0.319817646410374	0.0917687104349087
1.96276901321247	0.454520391574277
0.165088029467664	0.0313824661178469
3.27510914666181	1.12076297640292
1.96372117107544	0.45473924627511
1.47155078449581	0.491168545293048
-1.7934287506278	0.390727439150181
1.83948692258838	0.725717515665962
0.16619130625606	0.0315431724784316
0.185454319096416	0.0556335769192585
0.342928040113522	0.209022801496973
0.843777178831012	0.35876995680636
0.178820853869998	0.0612698080138397
0.550229507129372	0.199823293779666
-0.040097663842565	0.0172022502253036
0.38922808510939	0.198221544825556
0.934417167696584	0.815666886130602
0.32513251032109	0.22515707380176
0.638731125786093	0.338003811591067
1.41284250728414	1.91114874206854
-0.453951636873142	0.41716148467261
0.969838750890737	0.958167023833278
-0.307229964265234	0.181591080633056
0.463863700116294	0.336752979108709
0.418425560868564	0.190394921638019
0.173195095104282	0.0755037377897217
0.181222403711057	0.0544586569816679
0.320331190945048	0.233229249180845
-0.370393338064475	0.153177348451851
2.92779374523134	1.99396907452812
0.194548276627909	0.120909989565128
0.56784497637255	0.331364920243048
-0.19626072319558	0.0632056639998214
-1.49825523114142	0.532562193916483
1.0203789914674	0.839949287929463
-0.954948996486196	0.468521671179496
-0.571873188433053	0.27072995481507
0.924515436955751	0.502124979279699
4.1882111136414	2.03566038800704
-0.0683797911008886	0.0269526673586698
-0.194822363184045	0.0627608493171706
1.96372117107544	0.45473924627511
-0.69681330218041	0.238104465757831
0.181743714491496	0.0460173511561772
0.842428737935759	0.358225189674143
2.13740444871362	0.96586118508427
0.473019015559315	0.192212164079927
2.7718058002541	1.71819934225041
1.47032706033056	0.490703617760438
-0.494158826533737	0.186015316820675
0.168057187890037	0.0732756288917938
2.14346311197232	0.969739011196667
0.166372662527433	0.0726001291423051
0.726870222923218	0.479731514118854
-0.370908459446938	0.153216945134065
-3.75617280639968	1.48517393103445
2.29720705325428	1.78954621318457
2.13883702891477	0.967128437748762
-0.119439740301372	0.0425627602260846
0.666583190384821	0.475029138344974
-1.24226037484572	1.15206926799431
0.382190747469325	0.19414276061215
0.627088941487675	0.330467968303031
0.410213139819227	0.186400431713759
0.179369859705814	0.0539368960907662
0.687368688538373	0.21962274738387
1.12591788415893	0.860116634911745
0.0163165696471022	0.00837871583488048
1.48095054148257	0.930554025668138
0.291320415402487	0.236462670657039
0.99781120003847	1.09083613049716
-0.0849786525962549	0.033284100072799
0.212756398303547	0.171288732255883
0.336449752364885	0.391997956445913
0.267494814328332	0.265837133981909
0.801080180922719	0.633686402313666
0.568461070631044	0.331234699664629
-1.80221458601455	0.732350899472888
0.843777178831012	0.35876995680636
0.549872383663091	0.199625186867885
0.417449324431424	0.189898148074199
0.713906415672812	0.33698145815023
0.00913703818341794	0.00619537533516765
-0.274117777937819	0.224672895478496
-0.467547775624704	0.455725200300312
-0.0688830123941035	0.0414422463599313
-0.772883919560196	0.586489229938693
-0.194822363184045	0.0627608493171706
0.755994910653044	0.738965734674981
-0.215073194081069	0.106082349165135
0.672954154299642	0.481366531959181
0.369539909228344	0.208123547593687
-0.642813166770037	0.656747607489535
2.05149168656498	1.9504938361693
0.0240295553504616	0.0121613553931377
0.572197079122273	0.333850491481626
-0.148689473460913	0.0782897605390739
0.175745590350331	0.0855812941878132
0.0586325569997301	0.0344175483181878
-1.46507148408952	0.737738330121349
1.59668252657797	1.73061600344485
0.0413297583463948	0.0227207482596756
0.987539427622192	0.676506475996965
0.735366040530706	0.487638469750297
-0.217393758803051	0.107122082088448
-0.922395777051095	0.557058503031394
0.355160276386681	0.198731715751832
-0.100037917057571	0.0582813854060065
1.38280991696474	1.28244049203134
1.06190079859119	0.406050412279014
-0.12612443944077	0.0704625787840122
-0.0394613199129944	0.0243984612200554
0.0331214741202328	0.0231567058804989
0.876628229483111	0.804867162041181
0.553983954466843	0.461880042503698
0.630396808499858	0.705174987577603
0.0982285048290714	0.0643733960648827
-0.0781472245863618	0.0306652259451465
0.629757564812337	0.331740602497263
0.462455851529771	0.187506184046943
1.59892898617393	0.804344272198253
-0.0317558329882926	0.0137401825492043
0.573688702743809	0.335117489805237
0.18412299580905	0.113890647094006
-0.517918197591817	0.322710264230318
0.180134049675231	0.0966382784404048
0.415951121475458	0.189062982282462
0.899282090203993	0.671946262302165
1.47907763424312	0.930337288562796
-0.193735099625946	0.0624393983877589
1.05878746464103	0.40482083139178
0.926451586291442	0.503519267176709
2.29430814236164	1.78577724024143
0.991084217679161	0.679304306345911
0.199825061825483	0.131453023180853
0.472980393898917	0.19208353052612
-0.422244710592425	0.321581387978934
1.49926701211912	1.51310618370045
0.627337684770896	0.330166165181512
-0.035848342346873	0.0154433891172751
-0.75936080088405	0.408110492389178
-0.0310922482627444	0.0134753509952322
1.98661161046239	1.2532688066896
-0.745164314917465	0.322278722695039
-0.0747621360252656	0.0293394287154718
1.48050827140677	0.930181974460646
0.832152716201931	0.352920804417775
-0.326043908260378	0.0934449166225896
-1.12519556185123	0.339754109482426
0.852103342696698	0.362781104166057
-0.13413434239341	0.0476566231180181
0.165088029467664	0.0313824661178469
0.852708790488268	0.36320684772449
3.64871284900552	1.44691597652701
1.47525146835293	0.492648627415429
-3.0729809879685	0.948009080411761
0.169566032486793	0.032038095111837
-1.50069847674699	0.53359178068112
-1.79346061997896	0.390723019452767
0.165880035481028	0.0314978449610492
-0.321011266565823	0.0920911495247304
2.13883702891477	0.967128437748762
0.936724711216646	0.511208499740129
-0.521316102547523	0.32514240489673
1.13668582512096	1.02592843529711
1.97570110893791	1.24202239151168
0.962553055030982	0.254827961566665
-1.11951983581622	0.337809535545767
1.60116826216879	0.805455149926896
-0.379386021759956	0.157118615661147
0.328969810067626	0.228166630443902
0.811741086450617	0.645897247067046
0.338470326593912	0.205800367807211
0.0240295553504616	0.0121613553931377
-0.000824191370312104	0.000466198568659029
0.210034564642063	0.178757167244175
-0.057305976372917	0.0414856171858349
0.847728504925438	0.36079146501607
0.718996087124188	0.340013548677714
1.1077026840884	0.685615243519698
1.84022304372881	0.72612017307568
1.36066880319129	0.603371789765829
0.635117065078742	0.335386736429904
0.176863146843757	0.102539854860969
-0.319070529214617	0.223621668080051
0.18975018204929	0.117564081732649
-0.758104372470721	0.407679415536017
-0.466178165197919	0.241499511172153
-0.469104758738558	0.243148012897492
0.180107983152346	0.0541465694868784
0.189071402373882	0.101505652122079
-0.779573097227562	0.42190085652126
1.30049117008406	0.723689437242112
0.493529186775486	0.338257296547512
-0.314444233594451	0.186484165525531
0.360860977706165	0.202198948283648
0.551298334729919	0.200249958464128
-1.30667994308653	0.811093564048765
-1.45602552476921	1.00384338461892
-0.750364995739161	0.325029815455567
-1.27076290221305	0.572440647841332
0.572085400729875	0.333963311804707
0.172460195069145	0.066675790636707
1.5952065915474	0.801653754038513
0.925931416780438	0.503345182745201
-0.129371030234611	0.0459892945729162
0.723933132238692	0.342825309556924
0.162143548212391	0.0627976084248207
0.57963867102803	0.339467023786517
0.858111840898536	0.781484240043817
-0.526790234332767	0.329767614738431
-0.495848105642275	0.186769649159627
0.552747570175129	0.200686243223241
0.176832554543049	0.0861558843262976
1.93613704337153	1.6828954809909
0.387570284640161	0.196971439295757
0.32599599822259	0.225607697185594
0.588538469356701	0.470656408363741
0.00183376249477876	0.00113721261385273
1.26878807444165	1.07668491187609
0.813361569697439	0.489889532800726
0.419010944897155	0.190689071081355
-0.495848105642275	0.186769649159627
0.550229507129372	0.199823293779666
0.186675568841652	0.115615453934639
0.176138785194489	0.076835812846744
-0.0748232390858092	0.0293773202669746
0.636600590743509	0.336365548484368
-0.382468664821329	0.158455918962651
0.186191748429242	0.055843722836046
-0.326043908260378	0.0934449166225896
-0.490858121984585	0.184753547441339
-0.498210387847668	0.187759028626771
1.60116826216879	0.805455149926896
-0.736213164917305	0.317723730846013
1.11313993684302	0.689247679283816
1.09943233661665	0.538806213816029
0.544930490938392	0.197736218289966
-0.0679155871698548	0.0267780364607804
1.05730971150351	0.403863337099285
-0.280537562189816	0.127101482191009
-1.8082587919171	0.735501049471129
0.17870920895192	0.0869490087660118
0.173676863179753	0.0757156141791281
0.174045724149933	0.0524237595938313
-0.0086278415593627	0.00394344799938973
-0.501139737773695	0.18896582897013
-0.363831939479336	0.150156336394098
0.172935900909832	0.0520977646892395
1.30541759867277	0.727570138048897
0.168550105131561	0.0578455983856731
0.972663326639809	0.662811317192076
0.524966373454343	0.334748980203243
0.802533910782306	0.758976295036168
1.0914868978714	1.27640556151086
1.34922875137301	0.596566456321976
1.64496234817558	1.15878809051923
0.746353128999462	0.62349911491742
0.84714118293522	0.36030412348005
-0.325582325201124	0.0933470317045756
1.05656822569342	0.40367225045814
-0.710436108685877	0.24306686379246
-0.713190295142571	0.244167622817866
-0.744216121275988	0.321768796683503
-0.203324972402716	0.0654285949027121
0.691293725798235	0.220916760169014
1.47032706033056	0.490703617760438
1.96276901321247	0.454520391574277
-1.7934287506278	0.390727439150181
1.47086646676889	0.49088731436037
-3.07402416243152	0.948685276185543
1.06301156133644	0.406541088935866
-1.7934287506278	0.390727439150181
2.76109157462938	0.779871501961836
1.96276901321247	0.454520391574277
-1.79346061997896	0.390723019452767
-2.57036588579023	0.664816582891659
1.96276901321247	0.454520391574277
-3.0729809879685	0.948009080411761
2.76219840038386	0.780594539857824
0.187984352048437	0.0474280610765032
-2.57067328278635	0.665094197548339
0.160144755571284	0.0306956063740573
0.184338509014023	0.0553315106563962
0.923471706807312	0.501624006630074
-3.75617280639968	1.48517393103445
0.169566032486793	0.032038095111837
0.691745806165962	0.221041871886146
0.963214248695465	0.255090594573707
0.203563582778275	0.152479396308309
1.47032706033056	0.490703617760438
1.59892898617393	0.804344272198253
0.633669009419571	0.334479170998834
1.40899933213614	1.09161041140546
0.963214248695465	0.255090594573707
0.181837521716867	0.0460537144756759
1.34568691670338	0.594975431353439
-2.04716996398721	0.931539307482038
0.177340813939346	0.0774632739071795
-0.324393158207149	0.0929933012825356
-0.124226356552131	0.0441913898094736
-1.49488636347355	0.53094883647402
1.84451762847753	0.728350716630867
-1.79346061997896	0.390723019452767
-0.613682540053849	0.148388769407339
-0.612487701707529	0.148134994320372
-0.326771057218117	0.0936418390224184
-0.324126952894347	0.0929244396746841
-1.11896025029368	0.337616084496264
-1.7934287506278	0.390727439150181
0.961881298984383	0.254903830883264
-3.44686848748983	1.22339694388155
-0.60895933746012	0.147406558741333
-2.57067328278635	0.665094197548339
1.96276901321247	0.454520391574277
0.161251150232847	0.0308565698216007
-0.619069360213747	0.149654914653121
1.84913301371151	0.730266351387413
-0.196970790009868	0.0634432336968819
0.418583026187904	0.190731695106026
-0.494158826533737	0.186015316820675
-0.614206104379299	0.148455859250315
-3.07350260546998	0.94852963330217
0.16619130625606	0.0315431724784316
-1.79346061997896	0.390723019452767
1.05235833798367	0.401844810202421
1.35529673097699	0.600305768997688
0.484199246966036	0.354727947993507
-0.321339610078644	0.22541872809093
0.297810102543213	0.224371165604258
0.190213852587882	0.110620232487361
0.0552497170914641	0.0303431044477366
0.381660610509701	0.193754596112631
0.471420558054818	0.191448507230208
0.627280558238085	0.677554385434686
0.190420365164269	0.102318892201361
1.0222988200136	0.842452733630832
0.623663183925326	0.328202687019957
0.176832554543049	0.0861558843262976
0.176151715208171	0.0681554302009089
0.712849824955165	0.336805116882141
0.534488479050492	0.341983709119161
1.09744946401659	0.537697676046118
0.601299533352134	0.580234875557056
-0.181607816274531	0.120257564536075
-1.12519556185123	0.339754109482426
-0.197961486462631	0.0637876154388623
1.59361466522007	0.80088415110559
1.30090052760141	0.724081434804544
-1.14080362759425	0.632847516034372
0.928321490524427	0.505127620322729
-0.613682540053849	0.148388769407339
1.29895588222441	0.722341043751336
0.183960045070368	0.0552151922972765
0.687453672774919	0.21969379736456
-1.80294806323006	0.732963939188901
2.13847384175308	0.967026817523456
-1.12396372987595	0.33934973605565
-2.57522664974505	0.666917731403372
-0.611962616144159	0.147977912487881
0.967271104517323	0.256176548116206
1.81107244925592	1.02425137803948
1.96372117107544	0.45473924627511
0.963743115659934	0.255236344279286
1.96372117107544	0.45473924627511
0.554880938863188	0.20152285461421
0.161251150232847	0.0308565698216007
1.46964366147565	0.490422889690681
1.96276901321247	0.454520391574277
-0.321741768636823	0.0922885496388945
0.41751595322331	0.18993514319526
-1.1341690252269	0.974013639490127
0.182515705814395	0.0461929473161663
0.961881298984383	0.254903830883264
0.968469219672053	0.25651021792255
0.164778629348208	0.0313374327003096
-0.613804976594409	0.148553206549543
1.06449307015235	0.407221804443696
0.177677058875626	0.086569864469717
0.186009175597824	0.121597519412501
-1.58209630742905	1.1999018243829
0.180484451327502	0.0542489043189748
0.16619130625606	0.0315431724784316
-0.0684308859791892	0.0269719073364453
1.27437926014846	0.888249511562815
0.304533257893452	0.230194966004328
0.251536853895037	0.277347410874265
-0.592451206538266	0.793561966686516
0.200352654396147	0.131858061258953
1.34992552348217	0.597211152410209
0.178049240810411	0.0452053813438565
-0.369839048039385	0.152920865999092
-0.0683797911008886	0.0269526673586698
0.192286267518311	0.126094166408287
0.124694645230023	0.0953002358555506
0.416541146654408	0.189406706655173
-0.371745192231231	0.252954800026742
0.0794949084694182	0.0665808394354124
1.36178564516161	1.44335332489031
0.962025660417238	0.254682745005495
2.13460629217846	0.96446244584926
0.185076110728506	0.0555416222332281
1.46964366147565	0.490422889690681
0.549160121479864	0.19934633555332
0.913804148085299	0.495378757808647
0.467213606779098	0.18946343423113
-0.10277514703286	0.0724179031932529
0.145938605760289	0.128168311223318
0.607354550479993	0.588375020893492
-0.772745354965242	0.655508088432643
0.182135434828669	0.105687094790495
-0.212310611715556	0.104669763959296
0.582190957997659	0.464657003253804
-1.04899359847693	1.08857643098725
0.413787149476234	0.342255236445932
1.08750815001851	0.531291979888112
-0.518209667659237	0.322717012801552
1.43843942092451	1.80228428529484
0.348869427034581	0.213182444113538
0.750581062892003	0.628506678687592
-0.378728353853208	0.258585063853252
-0.436280468380285	0.286239837055124
0.322122332629295	0.22270861464811
-0.00183711185881766	0.000925212519337163
0.0590319098278516	0.036573993766834
0.803809543870258	0.760606521978651
-0.0874203367409279	0.0507810265868703
0.564544144830809	0.328826508920072
0.193941117804863	0.120507851883126
0.677254404112278	0.484862051665172
-0.95157315196995	0.922268571228434
0.494400156299178	0.438880089431929
0.464485044264903	0.336965123463738
-1.6537883917749	0.930115291531168
-0.196970790009868	0.0634432336968819
0.192280308965148	0.119400773337188
0.106949913908563	0.078565565293913
0.722036723908932	0.728134566702051
0.939114776996225	1.05336596856916
0.553486040800705	0.461521388729336
-0.0821841119955799	0.0477050694002844
0.0664688492540783	0.0412247559326616
0.177270480424267	0.0685970337630016
1.47402323433779	0.492035659807906
0.259267780371727	0.261689786230233
-1.08202265727388	1.03118756246623
0.687001483078787	0.219402881860221
-0.196970790009868	0.0634432336968819
0.706935010993165	0.333219527597444
1.3496306262408	0.597279749994603
-0.199468626638543	0.0641958776339338
0.425009669043771	0.338097657560333
0.68908810997088	0.220077042266344
0.365776014057245	0.205791060310112
-0.314848679096917	0.375491877826575
-0.293685982130707	0.340997253529875
0.176618617260405	0.077047383860408
1.84258516456861	0.727293955790375
0.171896822253868	0.066476773420953
0.964934921520073	0.255476948633611
1.59326679625826	0.800279226737387
0.164778629348208	0.0313374327003096
0.693216225774344	0.221541872050593
0.0798093901174599	0.0495906029409455
0.447650886712909	0.342028742086585
-0.276854825872383	0.220116838102169
-0.325894222057981	0.257202607526374
0.267294143577052	0.271392085134968
0.819414213402941	0.654026096222005
3.64742237939513	1.44635997008149
2.76109157462938	0.779871501961836
0.161251150232847	0.0308565698216007
1.06264198810457	0.406540438452512
3.27152519356808	1.11907150574555
0.184291063239428	0.0465991085839434
1.49230109170495	0.941722468106995
0.173675896434513	0.0522954303204406
-3.74551962293396	1.47870416259712
-0.312444495010518	0.314497331156964
-0.419644669512659	0.544317904845539
-0.674834467358937	0.815041118121325
-0.244127659559874	0.196541395556024
0.583073975004011	0.580191517775417
-0.707845094848957	0.242262716671496
0.632575913961319	0.685184622055501
-0.00086982135232304	0.000494831601262003
-0.276573462532678	0.198783924606562
-0.477794546513949	0.3540872966823
0.126953390464513	0.105125403559183
0.944470029641687	1.06315829042285
1.0787222006052	1.15194622220355
-0.572740917264867	0.552791166823964
0.723625198026033	0.730209154305772
0.399602493810064	0.341500174518127
-0.217505139395162	0.139958692978797
0.677447063025237	0.793332066950522
-0.244146112089999	0.217210841235595
0.188404768820011	0.134841863157212
0.179057594497484	0.10383416052791
-0.497095154449077	0.451201965320939
0.196398050937396	0.135385909522517
0.538254255311407	0.467988204379172
-0.496862766881646	0.451002886534921
0.20741402058818	0.176240439721154
-0.372394402816858	0.253431512580251
0.165128948002097	0.0639571720481319
-0.362006282918609	0.14945355350984
0.132211538531183	0.104363535017942
-0.180710408555251	0.15144640267393
0.427505296383	0.457148516266694
0.567964350025065	0.714976958231244
-0.138431640346971	0.105227264835887
0.113219605675362	0.0807317301858678
0.682277543465867	0.489695610760057
1.9816934476863	1.24747195895664
-0.0738425599286327	0.0290095423175695
0.390973401908089	0.198987896499488
0.810887075116811	0.770381116090225
0.721025118162547	0.727038930417403
0.635454199011318	0.689567561174356
1.27060056944922	0.88377896144085
1.67669777782179	1.58092790908707
-0.521703432895561	0.325419471867034
0.393780404504587	0.200651929274297
0.795542896761965	0.628479352839181
0.190635766236744	0.118260364135544
0.977890501905693	0.96917535736888
1.05761748081228	1.00825966523774
0.510944750631664	0.457875652484906
0.363608770555333	0.204390071167732
0.173949361764004	0.100641701959849
0.845460532244873	0.359623499672993
0.673023946014714	0.480700765586456
0.411712972650259	0.18711853352773
0.97136722779877	0.660757775289088
0.191874893717471	0.111746154997076
-0.168559885381638	0.0892621024955795
0.927482167895221	0.505199699941499
0.0110026700040988	0.00576629716663897
-0.277060961924359	0.199152149331858
0.390309142157769	0.344191048065339
-0.0815061072207087	0.0473016597724592
-0.0431947305936649	0.0184977101229115
-0.0317558329882926	0.0137401825492043
0.178314810274634	0.077899977517868
3.27393157336313	1.11982869858365
1.05915506670076	0.404786600540214
-0.491888763967548	0.185206039733237
0.81624591352711	0.492517136377381
-3.44686848748983	1.22339694388155
0.622925292995788	0.328105786760682
2.29573562112511	1.78777718825181
0.715917264389056	0.338076201178297
-1.65443681680442	0.929760458709741
0.333210059520147	0.217726084848932
-0.585847281408493	0.471472634759448
-0.519658731416609	0.427407557367772
-1.31988332809444	1.07397633972034
-0.864401984473805	0.785807055848966
0.359540220659524	0.220461666789525
-1.3204801323158	1.07457464416548
0.357495211308436	0.200232617015049
-1.0682162010037	0.719908983467189
0.664360190855458	0.603675596475627
0.182493648374944	0.0796958307765132
-0.468658144451869	0.242887113414478
0.554529317239519	0.201500781149606
0.191955697638301	0.111816233475434
0.418613676006639	0.190790466827292
0.393780404504587	0.200651929274297
-0.274607101712225	0.124392898693099
0.84740079201131	0.360631206481512
-0.226472660137474	0.111973420731473
0.469214796260205	0.190439621590192
0.176552672502959	0.0605054209747227
-0.373517331803364	0.208280922614013
-0.0845132430372175	0.0331092629201447
-0.580667763879253	0.275761333985373
-0.530542805189329	0.332424722169471
-0.0114551313427229	0.0052163991839001
-1.20896085802115	0.903665584876708
-0.426654139652601	0.325478166000279
0.632433858353554	0.334035005230779
0.18236213919911	0.0977401490800495
0.182223111579573	0.0705155629375673
0.186985627472539	0.100477704913472
0.882619256159446	0.65477694207437
-0.250013318912336	0.154497242502379
1.34640064313769	0.595379308973642
1.29836390697722	0.72249917683148
-0.0360161032375173	0.0154951457652387
0.530379772328912	0.338650306873364
0.931724918470024	0.812119690102328
0.391931722371658	0.199573117482782
0.602304197698927	0.485269314893208
0.349326466707104	0.213533789435956
0.095840682305029	0.0653424939183529
0.0573261328966716	0.0336471711088355
1.14252539135428	1.03242508752451
0.605401407533685	0.488250193101676
0.812959895481002	0.489589656524418
0.191796621073926	0.125732628889361
0.645746580541692	0.495673208668457
0.205891701970722	0.14253130185739
-0.0718813305246367	0.0282660616117607
0.738236182354537	0.489773939248816
-0.172938464576779	0.114083178484466
0.179005938368937	0.0957839908820507
-0.442143259410612	0.290594610865022
-1.81887732634207	1.13698819795207
-0.214908755860141	0.105846857879754
0.480133474274003	0.350825673210946
0.883207824696954	0.656326801705058
0.181541703229143	0.0792346569119293
0.171096285668226	0.0914898886178738
-0.589924474303737	0.280766486873369
0.353495534238059	0.197833294599615
0.46605569412732	0.189112961840582
0.33906461634861	0.203553260593744
0.978911376771793	0.667406685421339
-0.00453408747774132	0.00212506387969947
0.311934451194361	0.226101027968388
0.0506452335775708	0.0277870817409523
-1.95961944638244	1.35120974703459
-1.49320671887845	0.530373211909872
0.633669009419571	0.334479170998834
1.00426603322679	0.821410621351452
0.881416262787426	0.654335432912367
-2.62203113928068	1.60186077230246
1.34462745304393	0.59438308976983
-0.617875104469477	0.149400727468359
0.41955621038951	0.191216920870613
2.14346311197232	0.969739011196667
-2.05351794926878	0.93590991881049
1.46955857964488	0.49050725448157
-2.05172589182352	0.934643069348059
0.169566032486793	0.032038095111837
0.178586346650125	0.0453095875153282
0.964934921520073	0.255476948633611
1.47333622017027	0.491753136545405
0.962553055030982	0.254827961566665
1.47078449590325	0.490854051681038
-2.57067328278635	0.665094197548339
-2.57067328278635	0.665094197548339
1.84525714600486	0.728756039651982
1.47032706033056	0.490703617760438
0.694404728756287	0.221883604128058
-1.00377782576872	0.397156038036369
1.10779709098699	0.684137898347566
-0.557263346257214	0.401180805717284
0.184481944940644	0.0899520641542877
1.96276901321247	0.454520391574277
-0.617875104469477	0.149400727468359
1.08731334966669	0.531517192286789
1.84258516456861	0.727293955790375
2.13349923295367	0.963781356442487
0.963214248695465	0.255090594573707
0.179274213223518	0.0454636418217038
2.14242213895221	1.50091672173497
0.347597779523885	0.212103412775515
0.632219585457669	0.333499306363507
0.965649137348231	0.655629089346642
1.48300464947212	0.934081791589259
1.13958541224294	0.8746161193673
0.181738734275122	0.0794230233201831
0.883963500584855	0.656142655797353
1.11362030147923	0.689597324342898
0.633383733403122	0.334644866521731
0.473589454725271	0.19241483097626
0.382872340482065	0.1942357161443
-0.032203594526383	0.0139243934644096
0.979438339419464	0.668020763378991
-2.05584861711123	0.936826216966607
-0.443843889033928	0.292208527694035
-1.07670607188109	0.727693013376817
-0.956647497357864	0.470277276364035
0.374127116541828	0.211050707197737
-1.44548236803606	0.992496519663589
1.27814896870036	0.892286440423136
0.470826153742671	0.191146424486493
0.882619256159446	0.65477694207437
0.473198825825499	0.192238507652064
-1.2538534316043	0.563072867564594
-0.708202433664367	0.24223990188812
-1.70451043533336	1.41619464024449
-0.744824966604454	0.322057504500445
-1.58247624227933	1.20196300454179
0.175432998810237	0.0939639216665605
-0.759046747810654	0.408257995924477
-0.66189713649928	0.517205470807301
-0.0903588751740813	0.0525011395036491
0.430344148479296	0.196437479525093
-0.76796031663029	0.413848538393868
-0.193299190449432	0.0623072824659479
-2.26465752747387	1.14231945914117
-2.05912179942988	0.939247693549779
-0.11801743103402	0.042062090441254
-0.469998671161905	0.243616166741269
-0.370479483475228	0.15300806332412
-0.577818621235764	0.273838152329343
0.181959964224185	0.0546519449572612
2.13349923295367	0.963781356442487
-1.80860659991793	0.735840712092833
0.16619130625606	0.0315431724784316
-3.44754089021611	1.22379406077669
-0.617875104469477	0.149400727468359
0.165880035481028	0.0314978449610492
-1.7934287506278	0.390727439150181
-0.613682540053849	0.148388769407339
0.169248055862235	0.0319917175833404
1.84525714600486	0.728756039651982
3.27032462336087	1.11801013776878
-0.324126952894347	0.0929244396746841
1.47333622017027	0.491753136545405
0.967271104517323	0.256176548116206
3.93892487279316	1.74225767116968
-0.375782868334702	0.155446556365043
-0.924615527636775	0.559676972624499
-1.06905813020364	0.719412858081852
0.184291063239428	0.0465991085839434
1.96372117107544	0.45473924627511
0.181159179759352	0.0458876218072277
0.692481142426252	0.221366284684109
0.692028142380155	0.221092112401465
0.362230441154728	0.203076356305983
0.181837521716867	0.0460537144756759
0.17365131337047	0.0672239741973949
1.67753742984117	1.58325555876956
0.578256996902952	0.338517467059705
0.740247066071803	0.49171945532548
-0.0104849832809599	0.00478106961555008
0.171985774335464	0.075067693019864
0.500241436642473	0.344484596000709
-0.143309218564006	0.0968230760375275
0.62755516655943	0.330833705411334
0.192733470955443	0.103661840055282
0.190467388983276	0.11074253989168
0.0415637646341741	0.0228656339374571
0.175528710194884	0.0601682623632123
0.0557103851072216	0.0326927849826026
0.336253665225395	0.219852908784671
0.676502559675758	0.484201474327258
-0.0313760369647478	0.0135787659653561
1.48207553376003	0.931369183583151
0.967260475195166	0.953856947132452
0.619520134670987	0.32566615933616
1.482960773246	0.932978648377864
1.29791470308242	0.721377615057999
-0.283437383972797	0.12854159422827
0.623896248415372	0.32873453708653
0.564117754111398	0.328523788181269
0.937617697272676	0.818182388165757
0.0359607940449991	0.0198016657844934
1.64592050754162	1.15997890751957
0.461162791671964	0.334101496875452
1.27909697454929	0.893328166107077
0.176287929781929	0.0682081341245489
-0.16453350761608	0.0870218544747272
-0.24318053104341	0.178601945138657
1.42467373279384	1.10980490227102
-0.376472488252563	0.155768984112451
1.09684313502995	0.537308179099367
-0.522872720590967	0.326769490724579
-0.0049791824736024	0.00231064544530809
0.988611433290935	0.67770634863248
0.0498900710212582	0.027397276679632
-0.0350505954079879	0.0150951623665008
0.194701975027967	0.113436582209935
-1.02020234403205	0.804250757552401
0.18159688853195	0.0884805918105308
1.30090052760141	0.724081434804544
-0.19265924146981	0.0621226000055922
1.08750815001851	0.531291979888112
0.932846145063284	0.508515240763595
0.367811158882911	0.206735061863416
-0.520729631291876	0.324693664476144
0.8444579144518	0.3592524441609
-2.2613746461666	1.1393430930319
0.164778629348208	0.0313374327003096
0.843777178831012	0.35876995680636
0.186069807523728	0.046984734903896
0.164778629348208	0.0313374327003096
-0.326310377140785	0.0935168437296262
0.164778629348208	0.0313374327003096
1.05952860814689	0.405011691745652
0.165088029467664	0.0313824661178469
1.47155078449581	0.491168545293048
0.18374299244507	0.0464795790495071
-0.321011266565823	0.0920911495247304
0.963743115659934	0.255236344279286
0.692932973591989	0.221383018666362
1.05915506670076	0.404786600540214
-0.764948506934631	0.412169562241879
-0.0845132430372175	0.0331092629201447
0.552366600094505	0.200647521424049
1.35671193477925	0.601326969297766
0.963743115659934	0.255236344279286
0.714470770965325	0.337329994111773
0.694404728756287	0.221883604128058
0.471420558054818	0.191448507230208
1.05804592236107	0.404331959594976
0.461506526884698	0.334418969347873
0.815292309704804	0.491694704419022
3.27272750868887	1.11966450015405
1.09125662082009	0.533647969284778
1.80909918987904	1.02239066984836
0.173521500598921	0.0595020056954588
0.169126791720544	0.0654462325268458
0.193308457332165	0.13302153587796
-0.149023292977256	0.100957159040465
-0.123751677345962	0.0690069979440453
0.183809152406343	0.0629189729289287
0.491226950253042	0.336291067321173
0.178823758039081	0.0870175387750919
0.35778212080839	0.330195186394106
0.466922641032502	0.440977574162409
0.0113329498744655	0.00764718326062931
-1.81572509216776	1.63802362421951
0.419401743303408	0.190874816267281
0.39282320046669	0.200087170317685
0.818602002746328	0.494404980595227
-0.124442240843376	0.0442663690892336
0.17441224353729	0.0761521919600365
0.123421580000438	0.0914372779779231
-0.467676446013435	0.392276473896655
0.627797424048883	0.588154674568477
0.628817474820278	0.478722895238501
0.583208952516679	0.741750974158066
0.44683302548602	0.444910080327978
0.19338479282558	0.133065534685913
0.356124677301712	0.199373345866188
0.000610127458099532	0.000162094004293812
0.548802214907851	0.199198529969934
0.880023561339138	0.808997175796623
-0.0870789938256211	0.060938641746363
0.310652619238907	0.224970810172407
0.939072903387455	0.821054332262322
-0.139073012980788	0.0937908558019897
0.717457864617758	0.339107473871754
0.812143331751061	0.489787552122631
0.178254851579563	0.0536080680261321
-0.278050958525051	0.126039508900805
0.567825922730433	0.330649217248142
-1.25292634738104	0.562158900236561
0.548869575377077	0.199219016338119
0.699245630703953	0.329168115211358
-0.214720286765297	0.105914262966762
-0.191951684587849	0.0619002672361887
1.69898720570035	1.97457968338758
-1.4523160802809	1.00030901947175
0.564117754111398	0.328523788181269
-0.299990699142926	0.176945610537785
0.714057585749148	0.337036298070241
-0.00635316048062074	0.00292508216189413
-0.457747937218002	0.38192761261631
0.455384638819347	0.349102800205386
-0.897229415681129	0.64579503961891
0.0824018283523516	0.0537178765183095
0.190772528232753	0.125034642150703
0.166741085808389	0.0645460091824029
-0.431755113809038	0.282520413209232
1.99208746679444	1.25836139416711
-0.463161518049434	0.23940598015552
1.99451286705834	1.26090923626986
-0.304468973190583	0.179876407639354
0.927419410674345	0.504659925072578
-0.216593743830538	0.106850958967653
0.176354608339169	0.0857660106201213
-0.373810451189201	0.154600652368187
0.850069339148531	0.361876749971404
0.171753346999323	0.0664367381108907
0.181161766815608	0.0620330398600783
0.181743714491496	0.0460173511561772
-0.701794429638729	0.239974906557054
0.175166461234022	0.0600277554082778
-0.216593743830538	0.106850958967653
0.0616614166619836	0.0361827184838371
0.574113704735104	0.335473235810921
-0.51540285831157	0.320894968199041
0.680099962426596	0.488123748265276
1.99208746679444	1.25836139416711
-0.0678643207492206	0.0267547480221599
0.47280904202969	0.191992375334362
0.630047746455962	0.479915316857288
0.818830363112716	0.495043338621246
1.10683257208943	0.683282059244977
-0.0408974460490308	0.0175389316467532
0.173521500598921	0.0595020056954588
0.174899169086388	0.0851670042735498
0.0618210931073763	0.0363024611278288
-0.284150767665123	0.129050933969876
-0.909270005195158	0.658030484556732
0.178779714919055	0.0958690984261712
0.53336983622271	0.341237696611225
-0.118832847756901	0.0423587664894206
-0.633351193310684	0.370369245456666
-0.0312388441562481	0.0135263507757862
-0.0727452422026444	0.0286275886540948
0.189411326529211	0.117351655545245
0.350505133373967	0.214142370795241
-0.125844894222174	0.0447325448500255
3.94919285179009	1.74908815648613
2.77143168478186	1.71785854480012
-0.0664264865438224	0.0262062736937315
0.369527423053694	0.207892089808251
0.539452641960318	0.469551395239331
0.306029441702657	0.231628762682123
-0.202819197300737	0.129648150533785
0.17899314570337	0.0538175920888867
-0.187993834410194	0.0606579586115245
0.347816539558224	0.212240970468848
0.173185400072764	0.0754800294806542
0.883746866908099	0.656100908325819
0.56784497637255	0.331364920243048
0.523566569247657	0.333124220965804
1.28279994809997	0.8970578548537
0.80555127144525	0.484193467780324
0.625627556916475	0.329533385172512
2.76671632811135	0.782410087450427
0.550585584584045	0.199969616725774
0.555239766445707	0.201780832151434
1.98419395848765	1.24958112768047
0.0242555813739829	0.0122749890454899
-0.446552216804085	0.294177765388579
-0.00870533275102309	0.00398338217135951
-0.89684474287465	0.645433442858728
-0.45464839946214	0.23455578174601
0.985481118442046	0.673989796513263
1.27250032066977	0.885678399653637
0.922501994568226	0.500870462111911
0.735108539798277	0.486555735936328
-0.213098407344061	0.104975222488605
-0.0679155871698548	0.0267780364607804
0.928388373312671	0.50540097797507
0.578827098148575	0.461126983710133
0.876531901732599	0.64906585436168
-1.96918168954162	1.3614124029435
-0.957751739540172	0.470192020456531
0.190797596758428	0.057112493781353
0.175155035311403	0.0527334069281177
-0.613158918177153	0.148231887572971
-0.498865839031448	0.188033265127179
0.932394322962148	0.507908034874942
-1.25678676903573	0.564620297932334
0.169796077823795	0.051192394243904
2.76109157462938	0.779871501961836
0.182384642090162	0.0461735738884295
-1.7934287506278	0.390727439150181
0.165880035481028	0.0314978449610492
-0.32485451718176	0.0931499749349684
0.165880035481028	0.0314978449610492
2.76330811440907	0.780761067286217
1.96276901321247	0.454520391574277
3.64871284900552	1.44691597652701
-2.2617671797605	1.13975256637855
-0.582638265906335	0.276702064574554
1.35636045207216	0.600949327384119
1.96684138854469	0.455504908505281
0.165088029467664	0.0313824661178469
2.76559849788836	0.78194178274137
2.76219840038386	0.780594539857824
1.59462863307605	0.801559751291256
0.696347531127603	0.222535473365176
0.686721713829268	0.219371725498129
0.186752657299631	0.0471525522204707
0.164778629348208	0.0313374327003096
1.96372117107544	0.45473924627511
1.81008609684881	1.02337979056573
0.192388128577069	0.048380175396211
0.176354608339169	0.0857660106201213
1.13893473720355	1.02868338891386
-1.33078237310952	1.08915606274991
0.189800409143574	0.12433175897841
0.478790069642107	0.194683740260329
-0.526790234332767	0.329767614738431
0.815742657416867	0.492049937589709
1.05315145895578	1.00177427623745
0.933813504884338	0.509237194762122
0.183063896529214	0.0463401006276899
-0.458359266815789	0.236605886308526
-0.0674005861215407	0.0265824991773981
-0.121560749658176	0.0677905029201081
-0.777033761878674	0.590215371756945
0.169031458921113	0.0737154132744265
1.47579162106182	0.492713238749138
0.165088029467664	0.0313824661178469
0.175891515215909	0.0602877256141385
-0.0904047831680139	0.05252983201596
1.42143498713579	1.76767385896465
1.80350517893026	1.01783443951576
0.401493100254194	0.182124182179487
0.189353828340414	0.117428629619059
2.0392123841778	1.92827054739836
-1.79726582531089	0.729767900198108
1.96372117107544	0.45473924627511
-0.128432734687206	0.071758474514999
-0.254614488681633	0.157510748147543
0.178818364475998	0.0870534082003433
0.177270480424267	0.0685970337630016
-2.20430774938206	1.81529262834207
0.175229935098753	0.0600621684845024
0.545282959725496	0.197930364047729
1.46955857964488	0.49050725448157
0.198032978181563	0.136614737963156
0.178501542383482	0.0611435078509636
0.81624591352711	0.492517136377381
-0.00910969913184772	0.00416450270231784
-1.70902575919823	1.42281849464859
-0.02699109457728	0.0117770218896124
-0.129979551481791	0.0462019065222805
0.415605153992909	0.189182356528015
-1.81667704481637	1.13638561137284
1.34857054726463	0.5966400161495
-0.497838467787884	0.18767273749484
-0.0360161032375173	0.0154951457652387
0.418069084733492	0.190483937885522
0.688185381402826	0.219868290083128
0.552097787062866	0.459730569480643
0.473198825825499	0.192238507652064
0.334193372711545	0.202907354067096
-1.07476394437227	0.726296418917723
2.76671632811135	0.782410087450427
2.76109157462938	0.779871501961836
-0.702529153090903	0.24025873050893
0.473198825825499	0.192238507652064
0.632700068846687	0.333848450775518
1.84066711299049	0.726365639107333
0.963743115659934	0.255236344279286
0.686721713829268	0.219371725498129
0.182384642090162	0.0461735738884295
1.96372117107544	0.45473924627511
1.96276901321247	0.454520391574277
1.96276901321247	0.454520391574277
-3.07454565876188	0.948489134275984
2.76219840038386	0.780594539857824
0.183063896529214	0.0463401006276899
0.175528710194884	0.0601682623632123
1.06264198810457	0.406540438452512
0.165880035481028	0.0314978449610492
2.76109157462938	0.779871501961836
0.161251150232847	0.0308565698216007
0.182515705814395	0.0461929473161663
1.27404979327738	0.889122503823796
0.926451586291442	0.503519267176709
-3.7497373868844	1.4810753483985
0.963214248695465	0.255090594573707
1.96372117107544	0.45473924627511
0.966736740010186	0.256029100393941
0.165088029467664	0.0313824661178469
0.169566032486793	0.032038095111837
0.963743115659934	0.255236344279286
0.468041971492069	0.190033400267489
0.180503912336474	0.0618296034347483
-0.750767088646402	0.325063979727935
0.389994836866829	0.198454591033013
0.368973982382396	0.207739530542134
0.37810711030828	0.191936066608391
-0.497540036768389	0.187445875024767
0.473198825825499	0.192238507652064
0.446458881469531	0.340911887292827
0.465814647113593	0.337992017678638
-0.0035687659764807	0.00168869012043451
-0.182110881849222	0.120583867796094
1.47155078449581	0.491168545293048
0.174704298688506	0.0675622980925766
-1.14475218348189	0.635473939771042
0.678356624524986	0.486491546312221
-0.683162518436209	0.639899526958766
-0.37943869459867	0.211597195879815
0.0552248302582286	0.0324164097592161
-0.309701490423945	0.183183516567109
0.75148853137378	0.629131271357161
-1.79986379029762	0.730816466217237
1.48050827140677	0.930181974460646
-1.81113119878013	1.63223694520715
0.369831342447402	0.18719645607736
0.16669696027958	0.0890599965573287
0.693827967495665	0.5003588240724
-0.764543793907744	0.49730286945905
0.6263692812698	0.329472325451899
0.923471706807312	0.501624006630074
0.188667958543402	0.04756856032199
0.549934062313663	0.199685220416624
0.175533024130146	0.0679385858602849
0.177607489139513	0.0775064744500753
-0.228293173808885	0.112898440756042
-0.170629050191114	0.0903248291548381
-1.8332566224136	1.1515034550417
0.176466722368741	0.0858330561878281
-0.664498872401129	0.519509800860464
-0.585668575236509	0.278305773676009
0.528689973329178	0.337787202155348
0.175442686112456	0.0854469627997826
-0.946542727655661	0.463563980878003
0.186318488396994	0.108183377093406
-0.873614313405272	0.79744647220826
-1.1389521833296	0.630671614311892
0.34580461704184	0.21117536942305
-1.80055555506428	2.06037412341065
0.207399180903808	0.15567151170307
-0.122215445713398	0.0435046320299458
0.958352222975233	0.253964848564806
-0.619069360213747	0.149654914653121
1.79856005662803	1.01350162417126
0.181159179759352	0.0458876218072277
-0.374925759667409	0.155103292255137
-0.32485451718176	0.0931499749349684
-1.00581385712089	0.398098538455273
-1.11963574652263	0.337715170908198
-2.57067328278635	0.665094197548339
-3.07350260546998	0.94852963330217
1.96372117107544	0.45473924627511
1.96276901321247	0.454520391574277
2.76219840038386	0.780594539857824
1.96276901321247	0.454520391574277
-1.79785205353169	0.391773074809323
1.96276901321247	0.454520391574277
-0.324126952894347	0.0929244396746841
-0.613012730411062	0.148202450577793
0.357089673590033	0.20000276526148
0.183610895194862	0.0464322674344966
1.96372117107544	0.45473924627511
0.160144755571284	0.0306956063740573
2.76671632811135	0.782410087450427
1.96276901321247	0.454520391574277
1.96372117107544	0.45473924627511
0.85300621511486	0.363135557491342
-0.127973808429625	0.0455141210732245
0.717874117611946	0.339372346040594
-1.07476394437227	0.726296418917723
-0.0791263862561241	0.0310335977163937
-0.503852614714804	0.189998350201095
-0.248850405288352	0.153754933384387
0.621721965027064	0.326898101663547
0.963743115659934	0.255236344279286
-1.79726582531089	0.729767900198108
0.964934921520073	0.255476948633611
0.165880035481028	0.0314978449610492
1.0737085130499	1.14342399620163
0.348724818475423	0.213138091745499
1.80195281108162	1.85425818979509
-0.626504116998582	0.365763921386789
0.456690032235005	0.184958413656425
0.346406247598757	0.211468083063952
-1.57649948990763	1.19405262374656
-0.166863429480861	0.0882955062170036
1.41864509261989	1.10172909427703
0.321925541573529	0.222546840623415
0.16612098296364	0.0724104580557702
-0.202159410801197	0.129213591678349
0.549516086641495	0.199542874934359
2.37867985934622	1.2060567432387
1.12332964597043	0.697572424604711
-0.674417941749728	0.529968104483209
2.04702842349399	1.94052234764028
0.326252995382159	0.212395021291122
0.192769639767664	0.126418613055061
0.172815300536377	0.059246231431734
0.183222271364428	0.0550052131678393
0.592849042066625	0.475784219241004
0.416120952630493	0.189455896196809
1.12483055835931	0.856897196002383
0.635117065078742	0.335386736429904
-0.117222152806877	0.0417995405491837
0.180107983152346	0.0541465694868784
-0.129979551481791	0.0462019065222805
1.1083206785272	0.68442440785004
0.848086888544391	0.360868145370789
0.165992626722132	0.0806817141897498
-0.0315343702819889	0.0136586197665475
-0.900743565167335	0.650134854232962
-0.0114804238213411	0.0052208651165415
-0.460599859498033	0.238261561027658
0.817199656824672	0.493302367907307
-0.166963151651811	0.08824284384007
1.12304609782653	0.856955421311388
1.27627726128214	0.890198765781624
1.48692663677035	0.937614681558242
-0.5787895469008	0.274357231514848
-0.908501081094429	0.657259113563257
0.185066191661488	0.099286711291124
-0.0866422617531804	0.050342476705197
-1.32810530253872	1.08645999692418
-0.17012442258902	0.0901151573025218
-0.254166087693937	0.157399815195534
-1.96517505444098	1.35761267712907
-0.527885740675493	0.330171198680789
0.166867074881095	0.0572696115379919
-0.702869188746056	0.240388371983744
0.181222403711057	0.0544586569816679
1.05767805940452	0.40430204105456
-1.12464685880463	0.339484249108323
0.475440022504154	0.34694740851074
0.172864397881798	0.0592822657182494
1.46910411205871	0.490049168285487
1.84525714600486	0.728756039651982
0.962553055030982	0.254827961566665
0.164625296117395	0.0313507498370328
1.96372117107544	0.45473924627511
-3.07875719123617	0.951227905765892
0.964404580081594	0.255330782344719
-1.79346061997896	0.390723019452767
0.182384642090162	0.0461735738884295
-0.500113836340331	0.188493110256419
2.13850725977352	0.966284559687979
-1.7934287506278	0.390727439150181
0.169566032486793	0.032038095111837
-1.7934287506278	0.390727439150181
1.96684138854469	0.455504908505281
-1.79346061997896	0.390723019452767
0.17428253189649	0.067415215827049
0.844087147651677	0.358761656194149
1.27999152077284	0.894253970558575
0.820531901766026	0.495934642890578
1.59656829823909	0.802927704646313
0.382173148842734	0.19404999798293
-2.63044898718976	1.6111619040715
0.170709462001122	0.0660923528424984
-1.46567259490791	0.73823682262087
-1.81868694437139	1.13815852126547
-0.906615981612299	0.65492384361151
0.0188137032433988	0.00957536170015242
1.36137812602329	0.603548948242001
0.550585584584045	0.199969616725774
1.84022304372881	0.72612017307568
0.165880035481028	0.0314978449610492
0.174866744414616	0.0599504088128746
0.692481142426252	0.221366284684109
0.467435422769942	0.189763860429757
0.175528710194884	0.0601682623632123
-0.195896300806791	0.0631110974355499
0.161487962264735	0.0703998477627022
0.0216938084249666	0.0110231022914075
0.820762661587058	0.496700575615661
0.351298171697801	0.214711643617053
1.27293366891536	0.886603190189467
0.771205404901298	0.759777325752327
0.628306260516173	0.330830968972331
0.0254256730601214	0.0128535671682427
0.981965997012565	0.974981091656877
1.55423639533617	1.33864874366586
-0.16791280919446	0.0888159199990404
0.177591660574137	0.0774947914663098
-0.118266052173528	0.0659116933148866
-0.613682540053849	0.148388769407339
-0.207053306012286	0.132647371632641
1.26757048516233	1.07509962304963
0.627000861051296	0.477351118888638
1.10928729951816	0.685603281969023
0.665839246140467	0.60500403710162
0.017604813294419	0.00901371086717252
-0.117222152806877	0.0417995405491837
1.55911523281427	1.34356065304113
-2.01295502467609	2.08941955140112
-0.464580140891958	0.240240173573524
-1.00906318075178	0.399734482931109
0.821425144948875	0.496708856804278
1.10414287777861	0.681882634792945
0.176552672502959	0.0605054209747227
0.384790858377437	0.195369624927805
1.29442909484814	0.718243358250439
0.394293377220375	0.200948328174409
-1.96282187907646	1.35553329148545
2.13275419746116	0.963270597877117
-0.435922832926625	0.285972685321176
0.840510143880536	0.357192711931371
-0.159326249983281	0.0840967009019139
-0.076325321531996	0.0299364369141191
0.557777671448962	0.202582234760086
-0.00951423013785211	0.00434550029669821
1.10683823261153	0.683216844174102
-0.444027238034574	0.292182018365237
-0.0647488541858118	0.0389243002722343
-0.370346829638476	0.152977788998958
-0.8809098080767	0.723943667258008
0.057499100015844	0.0337158943805484
-0.0747036622184543	0.0293682206911135
-0.126365817839433	0.0449469739052816
-0.201906699363454	0.0650030146049408
0.548446031553528	0.199065921260852
-0.699938932255418	0.239135424844937
0.180107983152346	0.0541465694868784
1.29951951746425	0.722783174003019
0.478185042803442	0.1944268337106
1.67943092981619	1.58622416795688
0.180484451327502	0.0542489043189748
3.27631781619437	1.12171855032085
-0.611962616144159	0.147977912487881
2.76219840038386	0.780594539857824
-1.49680843456756	0.531963842405938
1.47155078449581	0.491168545293048
0.160144755571284	0.0306956063740573
-2.57036588579023	0.664816582891659
0.17845532295061	0.0611293558584829
-0.0360798294056658	0.0155212792131445
-0.198045826596271	0.0637553577032532
0.687453672774919	0.21969379736456
0.165088029467664	0.0313824661178469
0.687453672774919	0.21969379736456
0.16619130625606	0.0315431724784316
-3.07454565876188	0.948489134275984
-0.755111718030903	0.327487465643262
0.803381516537235	0.482911237198313
1.10266203065411	0.680258674480958
2.76219840038386	0.780594539857824
0.556308696676708	0.202195250417483
0.845460532244873	0.359623499672993
0.17231657402208	0.0666548669668037
2.13349923295367	0.963781356442487
0.416473035682055	0.189386596139235
0.967271104517323	0.256176548116206
-2.26701037646063	1.14427006201157
0.184338509014023	0.0553315106563962
0.18374299244507	0.0464795790495071
-0.768885574948582	0.414578248011009
1.06078959666294	0.405437996491229
2.76219840038386	0.780594539857824
1.08888268610096	0.532186917645821
1.47402323433779	0.492035659807906
0.963743115659934	0.255236344279286
0.554170265139292	0.201310818357217
0.693216225774344	0.221541872050593
0.725810039073751	0.343681433915171
3.64618465324491	1.4458034047001
1.09106862558984	0.533810470228094
1.30284374112746	0.725551127183887
0.464450897593892	0.188417201617607
0.510207036929882	0.456770461654961
0.483051309238325	0.330185993972706
-0.320548811537412	0.09196618419473
-0.216849536563283	0.106854239972344
2.13239173303271	0.962976446468332
0.363402580265161	0.20384544743461
-0.461816862409626	0.386161543255911
-0.165554223167584	0.108828038244439
0.123922624732371	0.0946704298274313
0.196284236302254	0.141068471714124
-0.519076150619467	0.323887366389937
1.3509899510682	0.597807360301759
0.134071729531441	0.114188691102255
-0.0694393669947153	0.0564255328334343
0.815920307676634	0.649926512647404
0.552366600094505	0.200647521424049
0.351298171697801	0.214711643617053
0.523682743448703	0.33396950848415
0.194048492986164	0.120467965136012
0.046622407428318	0.0256091414950574
0.0156478564574985	0.00803189781633765
0.00828344128720409	0.00563752207023558
0.925996507151989	0.503957546920522
0.896405462448571	0.668762327551887
-2.05243015094334	0.935186138063697
1.090873223338	0.533536423719239
0.175155035311403	0.0527334069281177
-0.702916162136118	0.240304795913802
1.83904259060411	0.725255788020061
1.30597595664212	0.727699361332036
-0.760315108633867	0.408674267032581
1.60420737094224	0.807856023527093
-1.12086886051128	0.33811902750598
0.688637326691298	0.220082192676685
-0.119439740301372	0.0425627602260846
-1.00306966229617	0.39683135622738
-2.0602059242177	0.939970395250002
-0.613012730411062	0.148202450577793
0.964934921520073	0.255476948633611
0.375616489486776	0.190600386457102
0.17388527997155	0.0596222487809083
-0.514011336012187	0.421678813033059
0.532262110429001	0.461626498390908
-0.633323637492783	0.370875080052329
0.706288009704077	0.333110616713874
0.184481944940644	0.0899520641542877
-1.81253150684977	1.12988124302043
-0.317597589068322	0.222290352483071
0.925996507151989	0.503957546920522
0.177190383264668	0.0686000683843296
-0.0761890453096145	0.0299200368408376
0.718435275402613	0.339720316166281
-0.326043908260378	0.0934449166225896
-0.754481605435291	0.404753457008274
-0.122000608308469	0.0434160109793542
0.421093608438223	0.191851690047935
-0.376953857397909	0.156107707172591
-0.282956403719102	0.128312440108498
0.180013017579922	0.0877704393380813
0.0195639774716463	0.00994498169367417
0.38763002895181	0.197079987889104
0.625816814637462	0.329846843106894
-1.44548236803606	0.992496519663589
0.811189554841472	0.488966315269962
0.724489540691048	0.343023009075046
-0.0679155871698548	0.0267780364607804
-0.195531539432362	0.0629840149892884
0.178820853869998	0.0612698080138397
1.79794225341842	1.0125271880799
0.837461884403752	0.355683843208656
1.05989643717056	0.405275695027378
1.49126127642462	0.940567520389747
0.963743115659934	0.255236344279286
0.55666795219135	0.20227767313483
0.181222403711057	0.0544586569816679
2.76671632811135	0.782410087450427
0.553078229148553	0.200859942283057
-0.619069360213747	0.149654914653121
0.963743115659934	0.255236344279286
0.962025660417238	0.254682745005495
-2.57067328278635	0.665094197548339
0.184291063239428	0.0465991085839434
1.4795165223175	0.49403710049889
0.183063896529214	0.0463401006276899
0.688637326691298	0.220082192676685
0.181598622209813	0.0545451831920276
1.47032706033056	0.490703617760438
3.27032462336087	1.11801013776878
0.523742171833144	0.333339310174921
0.679876273226332	0.4878617710134
1.30131087610316	0.724114058313556
1.65510337703177	1.17046414550987
-0.38735047277862	0.265439906874352
0.0376936173657588	0.0207410308930118
-0.211047479076329	0.135444737174789
0.810362251693876	0.643907409511571
-0.763792446813763	0.410756424700134
-0.222623795613081	0.143553671822185
0.0205762664584035	0.0104690212014479
1.0477917662625	0.995346935918669
0.178111209184146	0.0954062342268945
1.0161644948904	0.834646954677307
0.0240295553504616	0.0121613553931377
0.181667939966376	0.0702988324065902
0.41955621038951	0.191216920870613
0.973708931719814	0.662951015927209
-0.173486725798465	0.0919427808439664
0.167264969685156	0.0813201968241591
0.735659607953793	0.487083979874952
0.177607489139513	0.0775064744500753
-1.20458233553286	0.897611134380888
0.572618774975108	0.334405145091627
-1.12629091629428	0.96483062869771
0.0209645100479056	0.0106390944389366
-1.20970849709068	0.903451141717985
-0.763778251086667	0.410810042358742
0.176098350549899	0.0942632983693386
-0.129584455026173	0.0460681277767629
-0.966194768966732	0.476098974247051
0.71334171223002	0.336545260121106
-0.580810490545755	0.275470089991001
-0.371402624689628	0.206682356915687
-0.577818621235764	0.273838152329343
-0.900820843950857	0.648895023775348
0.811455363091628	0.488261583485715
0.356485150208591	0.218399029847892
-0.762736870205311	0.410923367079549
1.08708916630332	0.531397256494164
-0.498493518746738	0.187923773703768
-0.474588966170922	0.246491631170814
0.174182920014092	0.0673634853863691
-0.0892319296660771	0.0518786696757375
-0.380447307370011	0.212489175651016
1.27433273343758	0.888110419723343
0.175891515215909	0.0602877256141385
0.181851117534858	0.0975427247324243
-1.43323623401899	1.26734742220353
0.477973792559749	0.194262281127498
0.981348288100454	0.669916759124187
1.60152187977859	0.806283581542972
0.184971072095669	0.0467387603153735
1.96372117107544	0.45473924627511
0.165088029467664	0.0313824661178469
1.06153095853073	0.405927487776779
1.05235833798367	0.401844810202421
-0.701794429638729	0.239974906557054
1.28736648367509	0.713943465141335
-0.32685310795758	0.0937088146974829
0.180845714650258	0.0543398759613664
0.692481142426252	0.221366284684109
-1.64477870314877	0.921650512152202
-0.214612579875132	0.10569477780988
0.181102638541402	0.11192519139769
1.78865444859473	1.3994316544386
0.177098196712698	0.0772522211179628
0.172931850870829	0.0842230332278556
0.412687031377042	0.187644901882888
0.184338509014023	0.0553315106563962
1.0862785017696	0.530305893793166
0.844796816473284	0.359284495888571
1.46910411205871	0.490049168285487
-0.371336427701869	0.153389557765106
3.27631781619437	1.12171855032085
0.845152475793848	0.359294287590281
0.633015325144445	0.482787580842767
0.712927543244119	0.336393003965956
0.178501542383482	0.0611435078509636
-2.27227384894236	1.1481795786924
-0.746241232385415	0.322634143328872
0.184291063239428	0.0465991085839434
0.17015207774685	0.0658727473442405
0.963743115659934	0.255236344279286
-0.0332348446755271	0.014345029202233
1.9816934476863	1.24747195895664
0.188945802287326	0.0566034382337498
0.701913838552427	0.330532124647734
1.29839189633216	0.721603324136428
3.65119667594504	1.44884031306495
0.554529317239519	0.201500781149606
0.429619248667697	0.342444573209884
1.64400433238929	1.15751085870934
-1.43922164025667	1.27541639602671
-0.0317558329882926	0.0137401825492043
0.17532247601802	0.0853779443313721
-1.11458449535005	0.336227635184335
0.328776259087101	0.214458906936486
1.15671292998002	1.18882659586469
0.386424016595887	0.196585543952617
1.27122171597605	0.886083902645374
0.356278098641964	0.199486429324889
0.424394200477465	0.193521395215672
0.674515346821049	0.482838165498154
-0.114836999915269	0.0409889290231566
0.331947402069826	0.216522369583423
0.178564875216849	0.0779351068292143
-1.70749589219086	1.41955976673016
0.688185381402826	0.219868290083128
1.48444386383094	0.93443444823315
-0.119838421507322	0.0427012024156546
0.179171266566538	0.0873425686276843
0.471213953335543	0.191316020734622
-0.764944621466959	0.497615284879797
-0.0747036622184543	0.0293682206911135
-0.226767479660307	0.112122572773003
-0.758407481924224	0.407444931329795
0.73474634717886	0.48603915871599
-0.745964556331622	0.322905623079582
-0.529386039508745	0.33159768022006
1.09805540245059	0.537873542527655
0.359898343890819	0.201569553989673
0.382637823275585	0.194419420293791
0.161163484333363	0.0624184275728961
-0.960633395585303	0.472527191542257
-0.25099309972095	0.155151704191958
0.0346308376208684	0.0190803065019785
-0.625258880995068	0.365198011520017
-0.901207266804565	0.649223965512388
0.187984352048437	0.0474280610765032
-0.325663137440616	0.0933864485177264
0.421554065471575	0.19220595844
-1.14376104780613	0.63480253551799
-0.20829719850107	0.0669881754355871
2.03822286661217	1.92817138787338
-0.326043908260378	0.0934449166225896
0.16619130625606	0.0315431724784316
-1.12396372987595	0.33934973605565
0.17899314570337	0.0538175920888867
0.963743115659934	0.255236344279286
1.64203419468232	1.1548902471531
-0.325582325201124	0.0933470317045756
0.174045724149933	0.0524237595938313
-1.66642479116518	0.939856405439305
-0.378957681971173	0.211640819022103
0.174963470320836	0.0850580575972514
-1.57691728100042	1.19469620806378
0.381677999637873	0.193832362012244
0.176466722368741	0.0858330561878281
-0.289258015174874	0.13155681953806
0.563155412309798	0.327810644817887
-0.281240711841977	0.127657778564757
0.524648018505869	0.334760215116142
0.468041971492069	0.190033400267489
1.08052391919324	0.527012685348544
0.408869143041682	0.185954308875274
-0.749758606946014	0.324695438112665
-0.934818491520846	0.568219269872817
0.845152475793848	0.359294287590281
1.08689352395271	0.530899521060822
-1.12019427196772	0.338020301365193
1.35458372256336	0.600126054059965
1.84184770666887	0.726890218717793
0.166867074881095	0.0572696115379919
-2.57036588579023	0.664816582891659
-2.04646433681651	0.931063046692899
-0.203686449811516	0.0655556144258791
0.174785547530182	0.0526214906817273
-1.25358545594054	0.562549185434393
-0.19866808684961	0.0640066499155127
0.173206475703241	0.0754981483200105
0.410218765249711	0.186307002484709
1.59756362339209	0.803815611179192
0.450032842011897	0.344301593148293
1.29951951746425	0.722783174003019
-0.204846712145481	0.13112915082341
0.444512332633388	0.339091647865842
0.561753204099847	0.470414158946797
0.187233144114842	0.108873205053214
-0.933855305003188	0.977247209795418
-0.0288623675706538	0.0179023538921959
-0.0360161032375173	0.0154951457652387
-0.0944791268706805	0.0549731150176342
0.816191814802174	0.651170853938608
0.637555595136802	0.336939503114568
1.16228035503353	1.32130621936007
0.388140147446269	0.197384423366095
-0.647220575828917	0.445855800732968
1.07932163273904	1.15226080492996
0.180015941970702	0.0785727156788391
0.17309657833352	0.0842205108086639
0.676878551410764	0.484553132144432
0.186355607936346	0.100101138491997
0.0423096618677836	0.0232538198227741
-0.649106234399485	0.44791495123853
1.92868729205852	1.67127099857894
0.358965269433827	0.201278293525855
-0.125844894222174	0.0447325448500255
0.685539141555545	0.218907224669263
1.48637844179023	0.935780458463818
-0.28805070967024	0.130855727574077
1.11217654935007	0.68841911733725
0.179464008502217	0.0961733387450686
0.468214453891579	0.189971319278414
-1.00538071090824	0.397708037106178
0.713492738665586	0.336741710182099
0.544571131487334	0.197606668979847
0.919538897559668	0.499154172936634
4.1882111136414	2.03566038800704
0.177841385796347	0.0776878464004925
0.17133310499009	0.0662650406914928
-0.525362143641891	0.328450711004264
1.12401287128634	0.856515418593035
1.79151445216653	1.40336051644084
-0.46613926493926	0.240965382856587
-0.0322716519749202	0.0139514444479637
-0.216424325026491	0.106632547295065
-0.760315108633867	0.408674267032581
-1.65987602053016	0.934953860814601
-1.45602552476921	1.00384338461892
0.421928659406831	0.192265447618348
0.469214796260205	0.190439621590192
2.91942319751235	1.98069020162726
2.38370926905572	1.2094584860624
0.843777178831012	0.35876995680636
-1.49830311184485	0.532694389774889
-0.69681330218041	0.238104465757831
0.559194393002298	0.203206497133562
0.177577523726956	0.0774429937027986
0.629015458921408	0.331839180630873
1.84407253912976	0.727924750702318
1.06762213189116	0.40860472471242
0.174866744414616	0.0599504088128746
0.17347888032167	0.0594642874337986
-0.376901534033101	0.155951289607161
0.4678260652541	0.18990422172989
-1.00519547019286	0.397637840840267
0.843422236893639	0.358554124858322
0.1666021673094	0.0726236914372414
0.178269357915488	0.0535920192892428
0.186752657299631	0.0471525522204707
1.35170505429441	0.598459395279544
0.177742158372286	0.0687969725979285
0.185076110728506	0.0555416222332281
2.37735918220141	1.20462116421611
0.180484451327502	0.0542489043189748
0.544571131487334	0.197606668979847
-1.1245135089551	0.339452387639693
0.17154224098598	0.0835280343115983
-1.66642479116518	0.939856405439305
-0.499234614804066	0.188038340526972
1.48020902950819	0.494322465499196
1.84570196896662	0.728945119955139
-1.11896025029368	0.337616084496264
-0.702869188746056	0.240388371983744
0.161251150232847	0.0308565698216007
0.178086308271372	0.0777237254815423
0.161721048489966	0.0626326526460122
-0.465733651484112	0.241277381246533
-0.612487701707529	0.148134994320372
1.96276901321247	0.454520391574277
-1.49825523114142	0.532562193916483
0.181837521716867	0.0460537144756759
0.174045724149933	0.0524237595938313
-0.126597297162789	0.0450360696799377
1.12900577371122	0.862527904812327
1.10393999157724	0.680424228897781
-0.118924520931333	0.0662991165741947
0.445317529219663	0.339939616872763
0.317396789746171	0.230696924765337
-0.558920374489681	0.402138383225704
0.0835620067328424	0.0544501655225225
-1.00581385712089	0.398098538455273
-0.124395273614556	0.0694673429039155
0.175727878726939	0.0679905067665371
0.38473403393753	0.195290154229275
1.42045294665151	1.10446025029824
0.573044343305182	0.334693760013411
0.185325612919726	0.0903887390463383
-0.166963151651811	0.08824284384007
-0.490858121984585	0.184753547441339
1.25755076104032	1.23480276354079
0.564534877800123	0.32870720041099
0.180558380914376	0.0880563760167763
0.32358849976145	0.223881114780113
0.731056112451192	0.482782755837136
0.170769042992324	0.0660467894405734
-0.375354820971522	0.155294211429995
-1.91359875358437	1.85288555924875
0.708888348512713	0.334422800106925
0.180015941970702	0.0785727156788391
0.919087579338948	0.499000192618097
-1.07476394437227	0.726296418917723
1.3549353352076	0.600117468724131
0.887490573697431	0.659805123755087
0.174204355272961	0.0597247391277113
0.464672886133348	0.188460947532309
-0.31047103930076	0.18390774944766
-2.75665487020589	1.84134737657799
-0.376281444735897	0.209681107160472
-0.740216463882872	0.319842507301823
-0.381327629457224	0.213273272450903
-0.367463359621381	0.249362049455295
-0.778670351559556	0.509267411571887
-0.283437383972797	0.12854159422827
0.177481523913508	0.0607912977498877
-0.202976861420011	0.0653350306430413
-1.25014220908184	0.560682218242051
-0.626385897262492	0.366203686042693
0.41658003173877	0.189706055245809
0.415605153992909	0.189182356528015
-1.26908403270058	0.571724725855923
0.160183078440458	0.0620332280126363
3.94011940400443	1.7432966017604
1.05841887097501	0.404561121395212
0.181959964224185	0.0546519449572612
-0.325121870470423	0.0931632456849071
0.179479941018599	0.0614871969929957
0.845152475793848	0.359294287590281
0.85438480250648	0.364063650514856
0.687453672774919	0.21969379736456
0.966736740010186	0.256029100393941
0.843422236893639	0.358554124858322
0.169526884923791	0.0739442110098116
4.18311134782598	2.03106090679659
0.8444579144518	0.3592524441609
-0.89984310069736	0.648002551515142
-0.954514574162285	0.468359712013935
-0.283646662783504	0.12882205540906
0.174475669439187	0.0849495131059441
1.35170505429441	0.598459395279544
0.974240088465071	0.663467527463147
0.962025660417238	0.254682745005495
1.64107535716199	1.15374381761961
1.80648958654957	1.02094879457255
-1.14097916760723	0.631992149592193
1.48541446188601	0.934672768937048
-0.998738562366113	0.394732167512429
-0.273153531396807	0.123712390006322
-0.763314027196348	0.410408341179151
-0.498572689177519	0.187792372240162
-2.05172589182352	0.934643069348059
0.175891515215909	0.0602877256141385
-0.575332215591588	0.272622944792389
2.13772964310007	0.966515557948451
0.471213953335543	0.191316020734622
-0.762819358423479	0.410190902168382
0.468841463235591	0.341160730934203
0.177112460767249	0.0772833039635307
-0.117222152806877	0.0417995405491837
1.80313109106826	1.01722318225474
0.183063896529214	0.0463401006276899
-0.708961798888886	0.242591076534355
2.13164652612125	0.962465868289965
-0.456502217412298	0.235641494870948
2.13496821496621	0.964511990833866
0.16619130625606	0.0315431724784316
0.622206235382099	0.472642969733904
0.876984802927799	0.650088951201932
-0.195896300806791	0.0631110974355499
0.173195095104282	0.0755037377897217
-0.491605604480731	0.184969180273286
0.483773733595523	0.196835446977148
3.27272750868887	1.11966450015405
-1.00415219200353	0.397187604454455
0.559918980569276	0.203418830485645
0.17273732603019	0.0668202643468802
0.187291142528368	0.108801259642318
0.716988147742458	0.338713231526189
1.48741257038354	0.93717466431315
-0.128580960692604	0.0457209220671756
0.331329045255187	0.216065337029192
0.59538334796492	0.478377658350416
0.177158612557092	0.0532687900403008
0.351298171697801	0.214711643617053
1.47155078449581	0.491168545293048
-0.198757003958094	0.063979613393949
-0.00910969913184772	0.00416450270231784
-0.750364995739161	0.325029815455567
-0.279508140984193	0.126715872092124
-0.0743623979206745	0.0292058440796538
-1.31218092444382	0.816631094381753
0.386671632527198	0.196491681655945
0.634148600923121	0.334787507967656
1.12360377212459	0.856059829539868
0.449439234540719	0.343528057684903
-2.2630831070537	1.14041606801818
0.419530879543955	0.190890640876605
0.173143640215649	0.0841166362635131
0.716574453087284	0.338386074034537
1.10607147849098	0.683815054011977
-0.617730542382036	0.359513832101171
-0.0980676000701158	0.0571109750427379
-0.211283490674528	0.10403727901251
0.181159179759352	0.0458876218072277
-0.319086727547559	0.0915432284448938
0.930394468512941	0.5065292315549
2.13349923295367	0.963781356442487
-1.07946935432412	0.730902459617932
0.167722678334851	0.064927369580929
-0.955073958947409	0.46872573592985
1.35742358780664	0.601505744976776
0.681600849226051	0.217707538421281
1.47032706033056	0.490703617760438
3.27272750868887	1.11966450015405
2.76109157462938	0.779871501961836
1.06449307015235	0.407221804443696
1.34992552348217	0.597211152410209
0.187435346122179	0.047292837125537
-3.07402416243152	0.948685276185543
-0.325582325201124	0.0933470317045756
0.692481142426252	0.221366284684109
0.173299717196841	0.0670382465534782
0.319104212505553	0.220251679221688
0.415605153992909	0.189182356528015
-0.465101025147875	0.240537129548746
0.927937666651084	0.505557031983464
-0.929772465798046	0.563465371392208
-0.12282517776863	0.0437139180795264
0.964934921520073	0.255476948633611
0.189325373085195	0.0567092627793379
0.850785405310502	0.362239188979295
1.42277573987779	1.10699493815931
0.168910828881268	0.0579679737759373
-0.0353287509407519	0.0152289879718829
0.177112460767249	0.0772833039635307
-1.12086886051128	0.33811902750598
-0.283437383972797	0.12854159422827
0.88250798466342	0.654476346458835
-0.43699954627233	0.286332602478199
-0.125449682850739	0.0446078069078871
0.420440053336061	0.191422412441429
-0.12282517776863	0.0437139180795264
-0.0742377019042414	0.0291945890329474
0.171753346999323	0.0664367381108907
0.176552672502959	0.0605054209747227
0.551298334729919	0.200249958464128
-0.697202314681331	0.238170495213451
-2.26045288793456	1.13872227576014
0.175891515215909	0.0602877256141385
1.05804592236107	0.404331959594976
1.05878746464103	0.40482083139178
0.172151296326472	0.0590204617019928
0.381967651775487	0.19368391420506
-0.32485451718176	0.0931499749349684
1.84451762847753	0.728350716630867
1.65510337703177	1.17046414550987
1.64931885579566	1.16338091776733
-0.197681301235905	0.0636672013988199
-1.79265643537061	0.727296037347586
-1.65543794275703	0.930904773144199
0.845115487367158	0.359489998713581
1.08750815001851	0.531291979888112
-1.4698691627813	0.740833493555529
0.173775934469518	0.0929401728605412
-1.30646849990977	0.810497144921758
0.6278228139793	0.330521761875909
0.881943384291421	0.653902394839389
0.42290347539764	0.19277164653448
0.451522621010723	0.182697224438693
0.574234667397676	0.336160344131644
-0.585153405541424	0.278063165251053
0.927869863845608	0.504987594352111
-0.201198229263593	0.0647674111943437
-0.128762894937662	0.0457682191199959
-0.576787199921417	0.273266333542919
0.418945635891476	0.190679326632952
0.707817696374999	0.334101132365835
1.6446469766485	1.15967387120965
1.48348075868313	0.933470039535856
-1.81634037135317	1.13524058466815
0.423499006653038	0.193218329132177
-1.00269516620368	0.396499158743995
-0.0298981123828111	0.012972926457027
-0.296300531757285	0.134927363774831
-0.630973027829378	0.368986657244135
-1.81534460849193	1.13386368794988
-0.76742158586906	0.413645886141626
-0.0703383634853172	0.0276814922672612
0.167629207092666	0.0731829620046829
-0.506452145227789	0.191084629350399
2.14443647342586	1.50297939848813
0.926450375599449	0.503869391096998
-1.25084971592941	0.560994572093117
-0.013829608270861	0.00627887143013585
0.85108667327523	0.36236861994358
-1.20930809939811	0.903042430450837
0.00026057840988563	0.00000811614225743122
-1.80328874130775	0.733096849202467
1.06063740894654	0.405466440477548
-1.00236193740671	0.396463059052617
0.17388527997155	0.0596222487809083
-0.584123953425108	0.277507589915137
-0.962743168291609	0.473683806433406
-0.194003025110266	0.0625397304110462
2.76109157462938	0.779871501961836
1.4646350690462	0.48856709745013
1.4745635305468	0.492365493098567
1.06762213189116	0.40860472471242
2.13462263498954	0.964136641076204
1.96684138854469	0.455504908505281
1.06375255943934	0.407031400293661
-0.750364995739161	0.325029815455567
2.13021281863573	0.961386928995266
2.3757874279804	1.20356238361039
-0.284836063838907	0.129432432450066
1.47277528463141	0.49146011988965
1.06375255943934	0.407031400293661
0.827540616865678	0.501469270378122
0.422386428505005	0.19248756401048
-0.00183711185881766	0.000925212519337163
-0.625371841885899	0.364640979678008
1.08410413563049	0.529270731185088
0.475196904470731	0.193138494041749
1.08788836479962	0.53156608167024
0.173841338161581	0.0596051278079202
-0.128976424631748	0.0458608977147569
-0.0377764642463161	0.0162366029649957
0.172500777446168	0.0591472284053665
-0.427718210313144	0.279392381637266
-0.367913871535984	0.151901263292454
-0.330698472981565	0.0947716626031445
4.1882111136414	2.03566038800704
0.714057585749148	0.337036298070241
0.552366600094505	0.200647521424049
-0.166477249311961	0.0880858922604364
2.38875259593717	1.21254594225818
1.05989643717056	0.405275695027378
0.182515705814395	0.0461929473161663
-0.0723431482158385	0.0284413766788247
-0.198757003958094	0.063979613393949
0.844441707134117	0.359109180860946
1.08812238033157	0.531473938923238
0.553818419026129	0.201156081038653
1.79008030775122	1.40173561294045
2.37366431975369	1.20196540132253
0.739497010349142	0.490356790168721
2.13662167910708	0.965753673826741
0.718435275402613	0.339720316166281
0.411649632723481	0.187121886244502
1.09385447088543	0.535476309306029
0.167301337112252	0.0647584008888962
-0.678027391844087	0.533658212268409
0.530768245636654	0.338818388882998
-0.216066245321564	0.161894321083081
-0.429465413541292	0.328290476805503
0.170709462001122	0.0660923528424984
0.556308696676708	0.202195250417483
1.47086646676889	0.49088731436037
0.173508964426819	0.0844451572492258
0.627076442351466	0.330552291336488
-2.27162122808899	1.14757793625026
1.35742358780664	0.601505744976776
0.179521253248432	0.0783299848877246
0.691293725798235	0.220916760169014
0.844132672287949	0.35881952272486
4.18536973210645	2.03283090231972
1.84525714600486	0.728756039651982
0.549873760152136	0.199559475860527
0.179369859705814	0.0539368960907662
0.963743115659934	0.255236344279286
0.681600849226051	0.217707538421281
-1.14955904561953	0.639252576368689
-0.12282517776863	0.0437139180795264
2.13496821496621	0.964511990833866
0.672738233156912	0.480847236818809
-0.696079481998497	0.237763762994826
0.180107983152346	0.0541465694868784
-0.0726987569462304	0.0285999722512744
-2.61153424700228	1.58891767695944
0.47918324112776	0.194878455976921
-0.709698759851068	0.242860149943732
0.182336403143595	0.0547549505032696
0.554888698626794	0.201570551690915
-1.13544336893567	0.628110036834666
1.09148459484778	0.5339278161794
0.0958996283875409	0.0628041346018943
-0.0236051590117977	0.0149044509569342
-1.32032586391438	1.30068663364739
0.81669563394866	0.492872188070568
1.30541759867277	0.727570138048897
0.18139636159084	0.0972790971716131
0.174541561886268	0.0598418639345934
0.355206256490108	0.198997204019683
0.809824194036983	0.487711668148059
0.9259303165263	0.503455711772237
1.48645015556419	0.936066850648667
0.642006475192692	0.491810916955546
0.183960045070368	0.0552151922972765
-0.197597154874105	0.0636622682021146
0.468214453891579	0.189971319278414
0.17251451951708	0.0591412358731675
0.552473109222921	0.200555628800218
0.545282959725496	0.197930364047729
0.183063896529214	0.0463401006276899
1.08788836479962	0.53156608167024
-0.129584455026173	0.0460681277767629
-0.130373788703804	0.0463194287168068
-1.96314594163193	1.35409297170588
1.80488982183167	1.01914911411703
-2.04685059732929	0.931215390081504
-0.374905646587592	0.208790081145594
0.364515970078427	0.204640653434754
0.180860449097146	0.0543198851417517
-0.743812277278672	0.321447711411031
-0.466520525938006	0.241312824073058
-0.125232557551052	0.0445220317733553
-0.279508140984193	0.126715872092124
0.920562389224408	0.49917126365324
0.376687385623926	0.191029928995038
-0.170629050191114	0.0903248291548381
0.17845532295061	0.0611293558584829
-0.764271133372728	0.411077987841827
-0.191583942801118	0.0617784787374467
0.714057585749148	0.337036298070241
1.34928261545842	0.597043496460796
0.922501994568226	0.500870462111911
-1.79338811816094	0.727671784024384
-1.00236193740671	0.396463059052617
0.172935900909832	0.0520977646892395
1.26650267792783	0.880618298742672
3.27272750868887	1.11966450015405
0.844796816473284	0.359284495888571
0.844796816473284	0.359284495888571
0.925409951993453	0.502897741976918
0.187984352048437	0.0474280610765032
0.632433858353554	0.334035005230779
1.80253479501354	1.01694849560204
1.26605167152267	0.880158185467071
-0.112624300925727	0.0774872922396898
-0.758120705450566	0.492067578941288
-0.092472577053114	0.05379725460918
0.0165929201794159	0.00731849787909751
-1.11896025029368	0.337616084496264
-1.7987310156988	0.730186845265308
1.05878746464103	0.40482083139178
1.79478195967718	1.40832581631724
0.174785547530182	0.0526214906817273
0.175528710194884	0.0601682623632123
0.188373661516184	0.116772605702292
-0.0753438397379853	0.0295740127918997
0.959543454922691	0.254205280821647
-0.196606144995592	0.0633346995977349
0.169566032486793	0.032038095111837
0.688185381402826	0.219868290083128
0.842756897055983	0.358214727221788
0.550229507129372	0.199823293779666
-0.465101025147875	0.240537129548746
0.629275007554483	0.331472333529495
0.181527232764378	0.0621573098746313
0.184291063239428	0.0465991085839434
0.475804309460653	0.193396100083251
1.59462863307605	0.801559751291256
-0.00397109616036187	0.0018736378444383
0.551298334729919	0.200249958464128
-0.326043908260378	0.0934449166225896
0.343332365853051	0.209150362950855
1.3885417875712	1.29099847357731
0.420953780464801	0.191739880368985
-0.252379272647099	0.15603937943231
-1.14131512088243	0.633106115710811
-1.49488636347355	0.53094883647402
0.187300583927818	0.0472598613580206
1.36031436257139	0.602945216507901
0.627076442351466	0.330552291336488
0.964934921520073	0.255476948633611
-1.25782089316011	0.565430196965056
-0.746370250650078	0.323005222200847
4.1882111136414	2.03566038800704
-0.954514574162285	0.468359712013935
0.180484451327502	0.0542489043189748
-0.500770553366305	0.188768131506588
-1.49680843456756	0.531963842405938
0.70944970946062	0.334740881194715
0.186191748429242	0.055843722836046
0.167162927808571	0.0647074729110319
0.387180977982477	0.196813840770161
1.46964366147565	0.490422889690681
0.16619130625606	0.0315431724784316
-1.07670607188109	0.727693013376817
1.97821843899844	1.24225261122598
-1.00651922991518	0.398310278071854
-1.64989445763606	0.925627695155045
1.09584999075267	0.536623234040164
0.81910755788255	0.494752545539419
-0.613158918177153	0.148231887572971
-0.743204297243649	0.321159667249727
1.35742358780664	0.601505744976776
0.168551797974127	0.0735094148580177
0.461664855175714	0.187205193106839
-0.0752828972132502	0.0295404802745198
1.80747692900024	1.02166878485333
0.349698734810695	0.21381196869608
0.550229507129372	0.199823293779666
-0.585624368724838	0.278336336245358
1.59091675868759	0.798496332504807
1.06264198810457	0.406540438452512
0.468827722244206	0.190230448930594
0.689821397698691	0.220399946218977
1.08689352395271	0.530899521060822
0.692481142426252	0.221366284684109
0.172815300536377	0.059246231431734
-3.07350260546998	0.94852963330217
-0.371898888707106	0.15362917728401
0.963743115659934	0.255236344279286
0.638537287392517	0.337624266506586
-0.207418722430808	0.102070487772246
0.421990053396122	0.192245134439215
0.772999816394852	0.761831160691681
0.0254156353971774	0.012871915534342
1.900614510293	2.10951329919131
0.19493835864175	0.127982502082725
-0.118624043511714	0.0422812637605863
1.34922875137301	0.596566456321976
0.675078227294392	0.483363288249707
-0.169647787034452	0.111727732516057
-0.775156920590834	0.658654266545242
-0.0526283933754598	0.0380102640007066
-0.6120702316195	0.541085824496229
0.176466722368741	0.0858330561878281
0.623663183925326	0.328202687019957
2.58465636748669	1.45198786370715
1.25916210330409	0.87322576260712
-0.522169333469732	0.32623261348012
-0.70398648315954	0.24079443492873
2.13460629217846	0.96446244584926
0.438133300841858	0.446977276758941
0.182020464734352	0.0886902048815853
0.173521500598921	0.0595020056954588
0.175658331461966	0.0680052602443423
-0.292701041967278	0.133161391428329
-0.702142591343233	0.240009967793785
1.05767805940452	0.40430204105456
0.422963391886386	0.192770332115027
0.17881072147523	0.0691883638328724
0.467827746236218	0.189722715213487
0.549160121479864	0.19934633555332
0.175528710194884	0.0601682623632123
0.551298334729919	0.200249958464128
-0.59240739549944	0.281980102564621
-0.999116065979541	0.394904057507624
-2.77204940985653	1.86281063845626
-0.549140765247498	0.39361393919999
-0.157307910675318	0.0830081928631741
-1.08311769838963	1.03278385662696
0.058486558955454	0.0343431399265449
-0.961069356393055	0.47274486368638
-0.925058492107265	0.560072241918354
-0.32531700249348	0.0932194330065639
0.846123820020908	0.359830157453413
0.17923456214661	0.0693453484999784
0.624624826466792	0.328815517980646
-0.497838467787884	0.18767273749484
-0.777637104847955	0.420746091619903
-2.26006112771225	1.13848806017935
2.1357129064682	0.965022860050489
-0.579257126386819	0.274575189579463
0.97232454634661	0.661702688795704
-0.190877057046861	0.0615565600580822
0.681600849226051	0.217707538421281
0.174423468435977	0.0674481295002801
0.178082602071109	0.0867452446380236
0.691745806165962	0.221041871886146
0.62098387063907	0.326763650193739
-0.196970790009868	0.0634432336968819
-0.586472142319065	0.279009923568439
-0.274131873104552	0.124167812536941
-0.561625395492675	0.405177864159171
0.360860977706165	0.202198948283648
1.5926000408058	0.800136466406671
-0.580810490545755	0.275470089991001
-0.123220651484122	0.0438507532384957
0.415230499842961	0.189028572302946
-1.25782089316011	0.565430196965056
2.37366431975369	1.20196540132253
0.179845637419764	0.0616123591521601
0.803449808532977	0.636972648137392
0.160144755571284	0.0306956063740573
1.42140237065109	1.10574999408249
0.0195639774716463	0.00994498169367417
-0.437010351042713	0.286752066255205
0.183517076211768	0.0894549156492744
0.688637326691298	0.220082192676685
1.84140390214436	0.726768879551614
1.46964366147565	0.490422889690681
-0.124837825991722	0.044401537177189
1.09446319502962	0.535866721790447
0.174504111440695	0.0598231088959162
-0.2234293379777	0.110320898429071
0.68908810997088	0.220077042266344
-0.193367241020068	0.0623371853793179
0.174204355272961	0.0597247391277113
0.112464025307399	0.0772363507067227
0.0349827049148337	0.0192721522008256
0.563582282319901	0.328113433347773
1.60030681053289	1.73509488656849
0.361118754656017	0.202299274292197
1.05003357608906	0.998387558469085
-1.12382467428633	1.2318085222516
0.810362251693876	0.643907409511571
0.842091127718652	0.357749831163131
-0.0708456071380877	0.02786957986943
0.183809152406343	0.0629189729289287
0.963743115659934	0.255236344279286
2.04871759700035	1.94554631054858
0.812650380846629	0.490260386628139
1.12477789961445	0.699270637877446
0.176287929781929	0.0682081341245489
0.182497257982085	0.105914480828515
-0.0096016260977134	0.00438062406632708
-0.119231040222735	0.0424930904552538
0.345247009786522	0.210670774386472
1.93151969463753	1.67583049940688
0.0125864317475653	0.00654330931812384
0.167546613983363	0.0575001557873236
0.488691397413351	0.333993688804756
0.345879547780374	0.21084354666343
1.35995902813645	0.602719106236771
0.467213606779098	0.18946343423113
0.189765603940002	0.130353530581527
0.735108539798277	0.486555735936328
0.549872383663091	0.199625186867885
0.524951803113939	0.334631840825404
0.439452159066149	0.334200649394328
1.81205824365522	1.02500651628689
1.08750815001851	0.531291979888112
0.175891515215909	0.0602877256141385
0.806732241070321	0.485828304348135
-1.81110215419049	1.63039024459867
-1.00403055985993	0.397306910648104
1.35276823183269	0.59898514245525
0.468041971492069	0.190033400267489
-0.697547507150818	0.238387277313668
0.170951981253254	0.058625393056541
0.162143548212391	0.0627976084248207
1.05693634570001	0.403813519694082
1.27105378389316	0.884336175547519
0.17003603440614	0.0741615332298636
-0.69828209728105	0.238636183590358
-0.708961798888886	0.242591076534355
-0.377031831854509	0.155971428963077
1.98798176495886	1.25412717437149
0.179369859705814	0.0539368960907662
-0.282457474326093	0.128081815389832
0.175528710194884	0.0601682623632123
0.554245479785034	0.201333536177828
1.4646350690462	0.48856709745013
1.35529673097699	0.600305768997688
0.633189163096659	0.334130106903438
0.68908810997088	0.220077042266344
0.36267090514159	0.203675174674726
0.380764502985482	0.193263757533401
-0.365807385804441	0.151036991110362
0.976673520777039	0.665038876681972
-0.122215445713398	0.0435046320299458
-0.198757003958094	0.063979613393949
0.717231773476477	0.339194689600832
-1.12019427196772	0.338020301365193
1.79874085949773	1.0146724996679
-2.44531775532546	1.35491652853329
-0.210810377043226	0.103845933841428
-0.459420749007166	0.237331975491241
-2.05444536268822	0.936295096215887
0.636122707641145	0.336016766026804
0.421928659406831	0.192265447618348
2.13349923295367	0.963781356442487
-0.00822643330728054	0.00376343447575759
-4.69911950057665	2.77120454699742
-0.192291270763335	0.06199269927475
1.35170505429441	0.598459395279544
-0.698670682702589	0.238794577468402
-1.14510364143759	0.636336947992443
1.09048847516575	0.533147377110641
0.817145119949678	0.493160564113895
0.555598921920072	0.201915300938634
1.05271914025947	0.402027196178193
1.47032706033056	0.490703617760438
-0.193735099625946	0.0624393983877589
-0.201906699363454	0.0650030146049408
1.58765223089749	0.796771398337474
0.550289590334163	0.199868191494828
1.05804592236107	0.404331959594976
-0.49681174781586	0.187219742194191
0.845815805906363	0.35975917327147
3.27752825134246	1.12202020233476
-0.707108693003757	0.241928926266029
0.686721713829268	0.219371725498129
-0.611962616144159	0.147977912487881
-0.962184894506949	0.473412475835114
-0.192291270763335	0.06199269927475
1.35564812089346	0.600770089805534
2.45369796820583	3.09922337549446
0.532522249993263	0.461986290774775
0.32513251032109	0.22515707380176
0.805078877265999	0.762376248895655
-0.0776841292482497	0.0304932053455497
-0.0519086632158823	0.0374824619070458
0.413324638428075	0.437588972046708
0.489574230030185	0.45166018526851
1.64736085042417	1.16162956725224
0.686721713829268	0.219371725498129
1.26415079961968	0.878035370544486
0.535711779708333	0.342874166213741
1.42073298263816	1.10640787698252
0.565209946435961	0.473648570794533
1.12533165733048	0.858253631083007
-0.961708008281928	0.937393812274065
0.364920934448193	0.204900156197882
-0.474143931342125	0.246220661570069
-0.122102007733038	0.0681662909636784
-1.81153496323559	1.12961062792398
0.368564685455795	0.207254041474388
-0.19265924146981	0.0621226000055922
-0.612487701707529	0.148134994320372
-1.49753171438992	0.532305096548695
-0.371898888707106	0.15362917728401
0.758142294258111	0.636671457154906
0.527079328864115	0.336463642553648
-0.040097663842565	0.0172022502253036
0.810598769516727	0.644003832286194
0.498297458867844	0.342728718847022
0.559367914918222	0.325316153964817
0.369685426163689	0.20797938181653
0.740395756964965	0.616787334957121
0.737982882434132	0.489170344704982
-0.214322495170585	0.137754023570839
0.175455953805935	0.0853785063160368
0.332859040772351	0.217468321357321
1.47811452839385	0.929374471175482
-0.161840676551767	0.0854803814001897
-0.0760007072288021	0.029835399095749
0.926900126021839	0.504246365110297
-0.0648235475315264	0.0389710629218138
-1.30616079663586	0.81115390459918
-0.369738744493084	0.251055073246392
0.200352654396147	0.131858061258953
-0.320238103603232	0.224544604952858
0.472980393898917	0.19208353052612
1.59361466522007	0.80088415110559
1.47032706033056	0.490703617760438
-0.614206104379299	0.148455859250315
-2.04967661201744	0.932958842751402
2.13662167910708	0.965753673826741
3.6562424083433	1.45087157924203
-1.1182849071041	0.337405124817419
-0.613158918177153	0.148231887572971
0.16619130625606	0.0315431724784316
0.173195095104282	0.0755037377897217
0.18586856508584	0.0906622352361936
-0.953194924868674	0.467531219304076
-0.158929835630316	0.0838534753712328
-1.95894248908072	1.34797395410852
2.15763773837833	2.2206760159889
-1.69871611969793	1.408652242809
0.62878945066513	0.331099492770919
0.181995861815111	0.0794749231067184
0.923397944837182	0.501368986291974
0.974345982811859	0.964475494997024
-0.381025828670026	0.260334020084911
0.0500140798667176	0.027444659156231
-0.0792339793997588	0.0310732409851467
-0.653966283600787	0.452039948861489
0.752323849364519	0.629973846150025
-0.74401016267534	0.321605771996981
-2.04858251722026	0.932232235759351
-0.370316987808776	0.206056505998732
0.180034515117456	0.0785764974596989
-1.12802128858141	0.967163696233589
-0.769287156988543	0.501749440000216
0.0263987345763328	0.0133400136850012
-0.120236251257486	0.0428246322371381
-0.286590553423691	0.130165889488539
-0.522033015413468	0.326276080978346
0.181837521716867	0.0460537144756759
1.48020902950819	0.494322465499196
1.35276823183269	0.59898514245525
3.64742237939513	1.44635997008149
-1.7934287506278	0.390727439150181
1.96276901321247	0.454520391574277
0.688637326691298	0.220082192676685
-0.0322716519749202	0.0139514444479637
1.80053969171828	1.01548995787631
0.843422236893639	0.358554124858322
-0.198392257320092	0.0638832149326698
-0.613682540053849	0.148388769407339
-0.162422646267511	0.0857980496765256
-2.05422330759801	0.936346916870338
0.162579653758822	0.0558519902259369
-1.12019427196772	0.338020301365193
0.470826153742671	0.191146424486493
0.635117065078742	0.335386736429904
0.548446031553528	0.199065921260852
0.622692488238304	0.327561992900102
0.551654521195964	0.200367304145546
1.03142170734036	0.972138089418572
1.06190079859119	0.406050412279014
0.165627625490112	0.0721650519743149
0.56784497637255	0.331364920243048
0.843777178831012	0.35876995680636
1.30049117008406	0.723689437242112
0.733588710006255	0.485578755918364
0.169231926585155	0.0904766172354249
0.932784465372508	0.508502826837472
0.737430429849194	0.489327701561287
1.55681349937687	1.34037397135687
-0.763013319358369	0.410974559223611
0.813183117045234	0.647781171222552
0.186168514020523	0.090799636052739
0.196294538142704	0.114429060545045
-1.49705816852235	0.532032217355669
0.528880515109598	0.337878600145425
0.183063896529214	0.0463401006276899
0.167889275021725	0.0576253650682983
-0.0346658815985008	0.0149358095330906
0.167348335607796	0.073044869268985
-0.74259669890376	0.320846616763926
-0.25884883735689	0.160517653119131
0.178161345351442	0.0610444196674466
1.84066711299049	0.726365639107333
0.520148440961162	0.33119255685552
-0.278528756733732	0.126266470686358
-0.129049837115173	0.0721032125062117
-0.126573984285314	0.0706712763013572
0.193362512266287	0.112606435080822
0.534288682882962	0.34180943937698
-0.0415119614112706	0.0177893841084965
-0.750971766157953	0.325331624245207
0.180632287951101	0.0879886323905343
-0.0761977842666913	0.029926788769215
-1.58682028160724	1.20616139506103
-1.12595873495641	0.964040584492541
0.191015664519591	0.11851609699442
0.569849237709753	0.332247916090717
-3.44821343973509	1.22397568320365
0.181159179759352	0.0458876218072277
0.160144755571284	0.0306956063740573
0.475414304078317	0.193168598953148
0.959543454922691	0.254205280821647
0.963743115659934	0.255236344279286
0.178586346650125	0.0453095875153282
2.37862406607973	1.20512348556016
-1.64933127194493	0.926304299388462
0.469428274820716	0.19065864418756
1.09347086227971	0.53527910188038
1.50059106395582	1.51519300225082
-0.00682118442359209	0.00314147367446692
-1.71670367084987	1.43205050514699
-0.131344373145195	0.0735059215469351
0.185813320888401	0.0557349268614171
0.179060326718972	0.0781570704758649
1.11237286549961	0.689122820129455
2.93512706920449	2.0030696350517
-0.0693000133061849	0.027322198445866
-0.645258607802098	0.444138132945004
1.64029412918375	1.15492486153445
1.11900749011702	0.8518474203034
-1.49633399610699	0.531774933095134
0.922501994568226	0.500870462111911
-0.166863429480861	0.0882955062170036
-1.07324397670346	0.723999498932893
0.568784735465513	0.331384091760695
-0.519831634744525	0.324475911946592
-0.920975198878278	0.556255716134651
-0.703264262088321	0.240508331840629
-1.30698191132621	0.810393660108121
-0.383203384370493	0.214197804426133
0.555239766445707	0.201780832151434
0.964934921520073	0.255476948633611
2.76330811440907	0.780761067286217
3.648660887427	1.44649464979281
2.13460629217846	0.96446244584926
0.688637326691298	0.220082192676685
0.167301337112252	0.0647584008888962
-0.329512287054466	0.094417417841927
0.166180490994207	0.0643259864206776
1.14084884994673	1.03105083576223
-0.960076629494688	0.472175041863433
0.572085400729875	0.333963311804707
0.974126478515144	0.663655169767148
-0.366365516770963	0.151285265364036
0.168910828881268	0.0579679737759373
0.171842854941116	0.0589274232351615
1.08589816691238	0.530180013959781
0.852708790488268	0.36320684772449
0.930333060013149	0.80936557230646
0.168568076048135	0.0735111885080769
0.0600312941102945	0.035250832675745
1.83438379793333	0.723158469152769
3.2811485523965	1.12364699463245
0.716480109085594	0.338424362653326
1.00944697119423	0.827640435143148
0.577068229964038	0.337975574686661
0.820241191066562	0.654318644617356
0.174848174603325	0.0936439644829973
1.27814896870036	0.892286440423136
1.49230109170495	0.941722468106995
-1.14041812664692	0.631339556589034
-1.45770329416191	1.00602416805294
-0.703264262088321	0.240508331840629
0.174866744414616	0.0599504088128746
0.182610594106187	0.119242478982665
1.14732231666673	1.17474440017661
0.353239322236858	0.216074105104277
-0.0102398298924561	0.00467114751075789
-1.14526685959787	0.635839392484114
0.174866744414616	0.0599504088128746
1.8098574684561	1.0232031551594
1.96372117107544	0.45473924627511
0.183063896529214	0.0463401006276899
-0.613012730411062	0.148202450577793
0.169566032486793	0.032038095111837
3.94011940400443	1.7432966017604
0.388588574058945	0.197650480504143
-0.501797267692593	0.189241455696606
0.181222403711057	0.0544586569816679
0.327597826263956	0.226961325131254
0.446689954498213	0.341025155518602
0.041276337071042	0.0227030179920869
-0.0327384114366413	0.0141373307487957
0.761174441192431	0.745583318362276
0.491611891809245	0.337298985907983
0.173195095104282	0.0755037377897217
0.535647943108353	0.46499765258643
1.84066711299049	0.726365639107333
-0.0776841292482497	0.0304932053455497
-0.762340284314577	0.409842491384599
-0.55968535718677	0.402816803637991
-1.30081575397631	0.804450855065194
-0.198392257320092	0.0638832149326698
0.692028142380155	0.221092112401465
2.76559849788836	0.78194178274137
1.96276901321247	0.454520391574277
3.94284498612552	1.7447204894592
-0.330698472981565	0.0947716626031445
-3.44754089021611	1.22379406077669
-1.79346061997896	0.390723019452767
2.58069801051514	1.44798887578222
1.06449307015235	0.407221804443696
-0.703604701863641	0.240656194919364
-0.471664167919034	0.24483253379266
0.177750290536133	0.102923111935388
-0.76742158586906	0.413645886141626
0.46605569412732	0.189112961840582
0.183063896529214	0.0463401006276899
0.467988829489435	0.189821643305222
0.183048223605511	0.0980778956448306
-1.49758545502349	1.66362374574432
-0.283437383972797	0.12854159422827
0.815742657416867	0.492049937589709
-0.464506701142596	0.240117561159901
-0.310157502503032	0.183501033859464
-1.25188772636848	0.561803268010386
1.090873223338	0.533536423719239
-0.310570385688608	0.183989344749368
-0.167541526444547	0.0885430645497447
-0.217274939490432	0.107070162577954
0.701807067480494	0.613204181019953
-0.444474373181301	0.292389330457929
-0.377752399153208	0.210908437834933
-0.121210742616539	0.043149778671526
0.545635755066955	0.198001550246931
1.47155078449581	0.491168545293048
0.548802214907851	0.199198529969934
0.544930490938392	0.197736218289966
0.73474634717886	0.48603915871599
1.96372117107544	0.45473924627511
1.96276901321247	0.454520391574277
1.47525146835293	0.492648627415429
2.13239173303271	0.962976446468332
0.175528710194884	0.0601682623632123
0.417095052321074	0.189979485780762
0.963743115659934	0.255236344279286
-1.50655298027038	0.53606385526815
-1.46627408086023	0.73866407925936
-1.45933144037147	0.733322146891193
-1.46576387823699	0.737803608644795
-0.0128567761115046	0.00584080943889726
2.76559849788836	0.78194178274137
0.385893974994178	0.196225517761737
0.85042709926287	0.362163990330178
0.180107983152346	0.0541465694868784
0.923471706807312	0.501624006630074
1.07517849402178	1.14577029234189
1.67470127693211	1.57807728818311
0.664402188173718	0.6035091042314
1.05767758057376	0.404228581247508
0.380494969364514	0.193311081895797
-0.323664690407152	0.0927962418225715
0.963743115659934	0.255236344279286
0.172246622113128	0.0666906896215397
1.8055016985299	1.02012496110933
0.416120952630493	0.189455896196809
0.735916158481403	0.488192869551905
0.537441456010863	0.344208496186674
-0.956093906046376	0.469927680828151
0.336112843452117	0.219972126246514
0.97275179378911	0.662046344495775
0.177575994270802	0.060829694691139
-1.64877676094374	0.924776485622219
0.496688276882306	0.341048258015447
-2.76675336114652	1.85608892971829
-0.0378222133424777	0.0233867993465603
0.19444639256421	0.113264250968756
0.348347363178677	0.212601285472521
0.529602355599505	0.338130274544246
-0.644256385611711	0.443662851152442
0.178161345351442	0.0610444196674466
-0.618535635333325	0.149538863092151
0.548120288206186	0.198903058095186
0.957162742729009	0.253557522610441
1.27200296136081	0.885316261307492
0.413205277023446	0.187851555787686
0.189299477536784	0.123895559446733
-0.126216406143745	0.0705313519778499
0.672578798881562	0.481041121464403
-1.19938027765465	0.893024457821774
0.0475238887681259	0.0279023757559434
1.42330206483267	1.10811355178735
0.674953038030268	0.48247044517878
-0.168489018293761	0.0891505618762719
0.727865325757888	0.481164650246301
0.00227426645809378	0.000902476292067231
0.183436651000124	0.0982951304009076
-0.078664013620457	0.0308649148267959
0.178161345351442	0.0610444196674466
-1.7934287506278	0.390727439150181
-0.60895933746012	0.147406558741333
1.96372117107544	0.45473924627511
-1.7934287506278	0.390727439150181
-0.501797267692593	0.189241455696606
0.16619130625606	0.0315431724784316
-0.611962616144159	0.147977912487881
-0.21549403937334	0.106305924493612
0.388588574058945	0.197650480504143
1.30347604911825	0.725639670888062
-0.462639052737638	0.239024173168432
0.681600849226051	0.217707538421281
0.188373661516184	0.116772605702292
-0.040738856591793	0.0174807117187266
0.341154882295652	0.207828117871967
-0.55983852915874	0.403016888124265
0.0752975674165934	0.0467385175783797
-0.665463698042138	0.520642902320221
0.169570842988667	0.0581880998558025
0.183600515358582	0.055105623027285
2.37438290611096	1.20256030194498
1.98197989825538	1.24949047519161
-0.516376439656383	0.321645790872482
-0.0945207936429276	0.0663663755938063
-0.37478807657181	0.208817056142942
0.193095405810309	0.126658248457071
-0.894294583443589	0.642822570954783
1.91831551467605	1.65572541421287
-0.216849536563283	0.106854239972344
-1.79620281052891	0.72892224592551
0.181837521716867	0.0460537144756759
0.688637326691298	0.220082192676685
-0.278050958525051	0.126039508900805
1.46842163094462	0.489769078028611
2.76219840038386	0.780594539857824
0.161251150232847	0.0308565698216007
1.34992552348217	0.597211152410209
0.185454319096416	0.0556335769192585
2.57968521151009	1.44694300771884
-0.21170603525201	0.104262957193002
0.690559056864311	0.220592978829305
-0.160098311097711	0.0845311265430079
0.476411326599758	0.193605628371283
-0.750568317636396	0.325105589639249
-0.0796439446866726	0.0312337259623859
-0.00453408747774132	0.00212506387969947
0.569316455927995	0.331843947509271
0.176552672502959	0.0605054209747227
-0.128580960692604	0.0457209220671756
-0.763778251086667	0.410810042358742
0.181241544424179	0.0701293933402343
3.64995436887393	1.44813448599007
0.183960045070368	0.0552151922972765
-1.13279514668604	0.973651874269625
-0.2814970172508	0.127616384017236
0.163510771869104	0.0794786050854315
0.178504152028938	0.0869481073016311
-0.142275785294382	0.108385362676171
1.1018201732067	0.540249189740242
0.384790858377437	0.195369624927805
0.359343636379601	0.201187272175155
1.84059795026718	0.726378615413426
2.76219840038386	0.780594539857824
1.05767805940452	0.40430204105456
0.578256996902952	0.338517467059705
-0.366365516770963	0.151285265364036
0.736166471206906	0.611309503608244
-0.492262615205714	0.185286462572277
-0.0363667531820338	0.0156545907426848
-0.041579438851162	0.0178145068153185
0.392757942087543	0.199919333137977
0.563582282319901	0.328113433347773
-0.501797267692593	0.189241455696606
-0.188328130762521	0.060763465615787
0.413698479915964	0.188341734764578
0.0250020510432201	0.0126450923959405
-0.902387521659147	0.64990333307979
0.321146037780423	0.22175984010081
-1.02212766491797	0.80711573206728
-2.04826273814137	0.932264876861533
0.422386428505005	0.19248756401048
0.184291063239428	0.0465991085839434
0.374317905030166	0.189685182077735
1.96372117107544	0.45473924627511
0.625114360270162	0.329150899969101
-0.703651055748467	0.240588737528622
1.46910411205871	0.490049168285487
1.47155078449581	0.491168545293048
-0.520808400063408	0.325232698116511
-0.318612072435514	0.223234284671381
0.42769649912564	0.340515702065247
1.25805517652	1.235765331419
1.26192806315023	1.06695174751708
-0.434911149943518	0.2849173186869
0.587283427282126	0.469517896553252
-0.578320780401792	0.274043054565102
-0.655380461433539	0.453147525546594
-0.0733809977579849	0.0288349533476671
1.97706744065967	1.24374655353769
-0.760822740299715	0.408871888884167
-0.613682540053849	0.148388769407339
0.963214248695465	0.255090594573707
-1.7934287506278	0.390727439150181
-1.7934287506278	0.390727439150181
-0.337026866011333	0.0964604004609729
-1.7934287506278	0.390727439150181
3.64742237939513	1.44635997008149
-0.0752177151460479	0.029563691770673
0.924055540859473	0.802457609377973
-2.3251500345648	2.0879225089576
1.29459048893066	0.718503089093347
-1.79913083573714	0.730688065905454
0.693668977910988	0.221707820486434
-1.57678876660202	1.19250381372609
-0.440203505431271	0.288821787913248
-0.465733651484112	0.241277381246533
0.552289764065114	0.460035263848307
-0.314839117623617	0.186887704476128
-0.314768191882111	0.18688847369522
-0.16907424017837	0.0894802432566856
0.843777178831012	0.35876995680636
-1.79346061997896	0.390723019452767
0.416994646186728	0.18967122277834
-1.42859352581025	1.25961447367038
0.332234481961044	0.216991384867928
-0.64916068257962	0.447879728827887
-0.7759583282749	0.588742106491787
-0.0644205635617909	0.0254571501544209
0.386260263574719	0.196181668726531
-0.493577885172321	0.185829897548729
0.551298334729919	0.200249958464128
1.29596944158472	0.719833885534944
0.567928791906648	0.330841503702232
0.564544144830809	0.328826508920072
0.475196904470731	0.193138494041749
-0.326310377140785	0.0935168437296262
0.843112221571307	0.358304979544083
0.636600590743509	0.336365548484368
-0.370346829638476	0.152977788998958
0.178564875216849	0.0779351068292143
2.76671632811135	0.782410087450427
-2.57067328278635	0.665094197548339
-0.0703383634853172	0.0276814922672612
-1.46576387823699	0.737803608644795
-1.79726582531089	0.729767900198108
1.10976768745591	0.686120519647899
-0.00264527464918914	0.00128457078408952
0.419010944897155	0.190689071081355
0.62878945066513	0.331099492770919
1.05767805940452	0.40430204105456
0.813863463587567	0.490366167934949
-0.92435802021041	0.558626812826574
-0.905249677449454	0.653805554271491
-0.469453655276978	0.39400980872789
0.70965573188704	0.622662094688205
0.82282313594733	0.497761243614985
0.686270437198953	0.219228628867356
0.923546559815548	0.502415925996933
0.686270437198953	0.219228628867356
-1.1182849071041	0.337405124817419
0.178254851579563	0.0536080680261321
0.708790765598591	0.334672496515056
0.349590321626281	0.22980210311202
-0.924436151187718	0.558497728219438
-0.625950057466608	0.365601779180712
0.078679205273976	0.0488939008024126
0.735921712194518	0.487152380375179
0.0278838894086497	0.0154826924016612
-0.0355657985906026	0.0153094555192859
1.35064130120685	0.597863106700744
0.172695728613785	0.0754244982212745
-0.75936080088405	0.408110492389178
-0.0718813305246367	0.0282660616117607
-0.886011880466472	0.730773680505809
-0.0891281384487308	0.0518134447562915
-0.330698472981565	0.0947716626031445
0.347005399174719	0.211654088963358
2.38335999487297	1.20915415695094
-0.608428787479893	0.147248610626808
-0.74259669890376	0.320846616763926
1.83941655550072	0.725786652717124
0.842784839680697	0.358338111013329
0.714470770965325	0.337329994111773
1.05767805940452	0.40430204105456
1.96372117107544	0.45473924627511
0.964934921520073	0.255476948633611
1.29642726978515	0.721036633937648
0.388975789016885	0.197749077556201
1.2617591786049	1.06742588867001
-0.090746626474691	0.052727468702198
0.183027118268573	0.106067530570947
-0.320354367082837	0.224634181271381
0.816838174380116	0.778218505853942
0.0651806266575047	0.0382675160891074
-0.0795727839274462	0.0461626155046746
-1.32166107779449	1.30275021938848
0.734151579282536	0.485606161677675
0.843112221571307	0.358304979544083
-1.13796031516704	0.629735555114005
1.96372117107544	0.45473924627511
-1.12019427196772	0.338020301365193
3.64742237939513	1.44635997008149
-1.79346061997896	0.390723019452767
-1.79346061997896	0.390723019452767
-0.461281515676181	0.238408483138632
0.840863675119034	0.357165407717458
0.0207169984715296	0.0105394431083723
-1.23585675107033	1.14295982841613
0.684992510345764	0.492210219395273
1.27909697454929	0.893328166107077
1.08888268610096	0.532186917645821
0.17133310499009	0.0662650406914928
-0.156538495469165	0.0825938732636028
0.176098350549899	0.0942632983693386
-0.173875595997106	0.114692999111869
0.979013144508658	0.667207288905441
1.67737753603014	1.5828732606113
0.33716078950498	0.220726061796508
1.2909459897109	0.716591826504856
-0.756722141549136	0.32826371676092
-0.283674460913501	0.128818748326983
-0.626656944196673	0.3661447298346
-1.2035980316747	0.896539774621908
0.712745168660687	0.336893495009704
0.179358977854173	0.0873230126819307
-0.560921910275178	0.404359562770787
-0.114950481196959	0.0640074838080222
0.380316100796682	0.192987041901343
1.46341520408474	0.487915667204292
0.851444586445266	0.362576931736793
-0.0101726521518657	0.00463687278223064
3.64371154631014	1.44368517222673
1.96276901321247	0.454520391574277
1.96372117107544	0.45473924627511
0.967933372585482	0.256362285789635
1.96372117107544	0.45473924627511
-0.611962616144159	0.147977912487881
0.843443663477006	0.35876328544495
-0.331884233338781	0.0950660268702792
0.173541542363193	0.059486595858024
1.2949962923304	0.718980378844915
1.01010478859278	0.828192075864637
1.05582634094888	0.403184301021208
0.184291063239428	0.0465991085839434
-0.198392257320092	0.0638832149326698
-0.580759722965728	0.275386588210551
-0.0362936747663347	0.0156287881598363
0.381913319246602	0.193645910810658
-0.745228434114775	0.322263483734654
0.713906415672812	0.33698145815023
0.862715012405038	0.787488430933447
-0.218830695018178	0.108010418564366
-1.91283598964186	1.85450853008189
-0.0891281384487308	0.0518134447562915
0.514775606431391	0.32704318281157
0.17410886569501	0.0846208794792374
0.713407955282736	0.337122359406939
1.47897546128728	0.493826410303162
-0.32485451718176	0.0931499749349684
2.14272056901929	0.969228191398377
0.356761670534772	0.21871384348292
-0.758913600628458	0.407529582534017
-0.366236974962823	0.151153477385737
0.726318066982222	0.47917056547232
-1.30248444473914	0.807533597974078
1.11169495811111	0.687888014484022
-0.0406146852722957	0.0174155448498505
-1.47541864492646	0.745048164284577
0.187984352048437	0.0474280610765032
-0.759891708140597	0.493353668230713
0.184338509014023	0.0553315106563962
0.188088149485815	0.116443735552929
0.363147868351746	0.203725247583637
0.365377035115482	0.205557548372011
1.29530913404538	0.720178516068358
0.378782004023694	0.192077084542172
0.176552672502959	0.0605054209747227
1.83904259060411	0.725255788020061
1.47086646676889	0.49088731436037
0.178586346650125	0.0453095875153282
-3.07875719123617	0.951227905765892
0.682339311812087	0.217953944354753
1.09844117530303	0.538310390343076
0.177270480424267	0.0685970337630016
0.187435346122179	0.047292837125537
0.169248055862235	0.0319917175833404
1.46964366147565	0.490422889690681
1.05767805940452	0.40430204105456
0.175528710194884	0.0601682623632123
2.36684037424134	2.82213210909957
0.412168483354373	0.187395907646168
0.0921667281860717	0.0602646267002258
1.48103023050202	0.93024782707921
-0.894397713594272	0.740051396883296
-1.81667704481637	1.13638561137284
0.810800127998878	0.488562035831995
-4.20594195948479	1.97453398830492
-2.57067328278635	0.665094197548339
0.169248055862235	0.0319917175833404
-1.7934287506278	0.390727439150181
1.96372117107544	0.45473924627511
3.27152519356808	1.11907150574555
0.16619130625606	0.0315431724784316
-2.57067328278635	0.665094197548339
-1.79346061997896	0.390723019452767
-0.613682540053849	0.148388769407339
0.187984352048437	0.0474280610765032
-1.25320475905138	0.56253612866595
1.06190079859119	0.406050412279014
-0.49650800501461	0.187033371669453
0.180484451327502	0.0542489043189748
1.0862785017696	0.530305893793166
1.10683823261153	0.683216844174102
-0.330698472981565	0.0947716626031445
-0.3728896305607	0.154001663905307
-1.08112161929024	1.03044039195852
0.628992348969163	0.479330544756729
0.568806954465269	0.332071003990974
-0.651385908343592	0.450112321667504
0.161163484333363	0.0624184275728961
0.182561796199723	0.0889652980234516
-0.125449682850739	0.0446078069078871
1.06338277916722	0.406730999521995
-0.925254010327961	0.559277050985263
0.721365412728696	0.341312309789257
0.369124478046951	0.207632732344029
0.357709919636296	0.200620772790553
0.184868824647989	0.0991613726718908
0.486994265374542	0.332368069104411
0.46843211581079	0.190223410571102
-0.201906699363454	0.0650030146049408
0.164625296117395	0.0313507498370328
2.3754440739013	1.20341517424864
0.967933372585482	0.256362285789635
0.184833271134995	0.0632518781741915
2.76671632811135	0.782410087450427
-0.614206104379299	0.148455859250315
-0.707845094848957	0.242262716671496
0.966736740010186	0.256029100393941
-0.190877057046861	0.0615565600580822
1.29992838256832	0.723247600092972
0.168798681180132	0.0736895709517737
-1.14179572869648	0.633300670085622
0.187984352048437	0.0474280610765032
0.187435346122179	0.047292837125537
0.851030043378428	0.362129253132689
-0.962184894506949	0.473412475835114
1.48204235905739	0.933073230037212
0.468990411497241	0.190269968199871
1.06338277916722	0.406730999521995
0.172453605951233	0.0922445825840382
2.28514378547363	1.77136553601432
0.34180670249436	0.224216945475496
0.197193139191491	0.13597411071707
-1.45142572409281	0.999525585409184
0.412774452650515	0.187824995794037
0.567928791906648	0.330841503702232
2.76219840038386	0.780594539857824
0.185076110728506	0.0555416222332281
0.567308126092874	0.330937180995651
1.59529375556191	0.801701096502037
1.09308809131309	0.534811978417923
0.182220892276534	0.112537828789846
-1.21772642207625	0.911537259608094
-0.00846213835650208	0.00387290723410465
-0.749758606946014	0.324695438112665
1.28494617939084	0.712071961817563
0.578143609444207	0.33836170051254
-0.613158918177153	0.148231887572971
-0.460177144911024	0.238089481065824
-0.577210007408538	0.273851061377383
0.177425070306107	0.095084494272609
1.49685009633278	1.50806339980014
0.363816724820005	0.204353387883445
0.168841150555759	0.0653387453760335
0.526581486590309	0.336267306856198
0.56784497637255	0.331364920243048
0.687904703717867	0.219759625438134
-0.497168322643533	0.187278575885264
0.182515705814395	0.0461929473161663
0.692481142426252	0.221366284684109
1.06651132055108	0.408020274883858
2.37260189756763	1.20097869065269
0.555598921920072	0.201915300938634
1.96684138854469	0.455504908505281
0.187984352048437	0.0474280610765032
0.474589111281212	0.19285269072617
1.92268115743929	1.66039680517463
1.47032706033056	0.490703617760438
2.13386142848874	0.963951590957412
2.13275419746116	0.963270597877117
0.464672886133348	0.188460947532309
0.379521587388842	0.192750502005537
1.13126788801591	0.865305904744637
1.24698465217191	1.22015338901762
-0.0044765861717097	0.0020935059490849
0.183727273452493	0.106682213473944
0.622288086474583	0.472791132417004
0.471634708951792	0.343595202259095
-0.376685215277109	0.209932408977135
0.41751595322331	0.18993514319526
-0.225369666388741	0.111411179042568
0.557377051584084	0.202557437641114
-0.288574901852764	0.131092892896147
0.468602008697511	0.190152966892753
-3.07402416243152	0.948685276185543
0.165088029467664	0.0313824661178469
0.964934921520073	0.255476948633611
2.76671632811135	0.782410087450427
0.187435346122179	0.047292837125537
0.183063896529214	0.0463401006276899
3.64618465324491	1.4458034047001
-0.612487701707529	0.148134994320372
0.551298334729919	0.200249958464128
0.179369859705814	0.0539368960907662
0.172845680554549	0.0924589949810335
-0.0854940177708687	0.0334797880647727
-0.032203594526383	0.0139243934644096
-0.299990699142926	0.176945610537785
0.546346904865407	0.198325214127253
1.12819180585017	0.861753208960952
-0.365376793227214	0.150864261510649
-0.771801415757897	0.585119142295741
1.48159481667459	0.932136870035144
-0.117170826514294	0.065290591397915
1.05274552071152	1.00135428634976
0.571984295940748	0.334354128172462
-0.124837825991722	0.044401537177189
-0.209344543362901	0.0673271677102377
1.03676538402355	0.979064551709
0.577185565134613	0.337638778907057
0.192342339088869	0.11933638223975
0.4234202211193	0.193034609297238
1.42002431580627	1.10382015103619
0.880204339356517	0.652126003346914
2.76219840038386	0.780594539857824
0.73297262351404	0.484512573718011
1.96372117107544	0.45473924627511
0.169566032486793	0.032038095111837
2.13847384175308	0.967026817523456
0.966736740010186	0.256029100393941
1.96276901321247	0.454520391574277
1.96684138854469	0.455504908505281
0.964404580081594	0.255330782344719
-0.326771057218117	0.0936418390224184
0.365883756379416	0.205526981966896
0.847370672062624	0.360503876090782
-0.955073958947409	0.46872573592985
-1.46678473087704	0.738145623224673
2.13853856816187	1.49832519490995
-0.316681892694892	0.0908861067323367
0.160144755571284	0.0306956063740573
-1.11884555197394	0.337481516657706
0.966736740010186	0.256029100393941
-1.30757494605456	0.812323680027306
0.883333568918844	0.656204883318865
-0.00773470930267359	0.00354831059123831
0.17923456214661	0.0693453484999784
-0.00412898606493666	0.00194451724205368
0.550229507129372	0.199823293779666
0.188015163565235	0.109246255265592
0.177006444410663	0.0860993207978814
-0.378068519141842	0.211233006018914
-0.766095763573855	0.498507093341256
1.09186750437265	0.534241950816178
0.548446031553528	0.199065921260852
-0.956093906046376	0.469927680828151
-0.0391319527120753	0.0168004300816629
0.173416974613078	0.075677272557146
1.55320244698795	1.33527617133566
-1.18869233104305	0.879772055306548
-0.883308622131975	0.727749138952023
0.178820853869998	0.0612698080138397
0.681441953933359	0.489419378949999
-0.374905646587592	0.208790081145594
-0.326771057218117	0.0936418390224184
2.13053841868997	0.961417195686424
0.637568863223421	0.337012569037705
-0.752590015316571	0.325970993694924
0.928388373312671	0.50540097797507
0.500686650129518	0.344537438351794
1.79617354214699	1.41040237368373
-0.032203594526383	0.0139243934644096
0.170230434608558	0.0583940430699947
-1.1152634133402	0.336439469187697
0.186191748429242	0.055843722836046
0.161251150232847	0.0308565698216007
2.76109157462938	0.779871501961836
0.713906415672812	0.33698145815023
1.3509899510682	0.597807360301759
2.76219840038386	0.780594539857824
0.962025660417238	0.254682745005495
0.688637326691298	0.220082192676685
0.478063338753625	0.349140852312306
0.312471224849072	0.226610285507242
1.13687615262291	1.02586685557095
0.180746183112843	0.11167443778004
0.672796128800674	0.481150237702904
-0.528087256779919	0.330369099822782
-1.32238487155488	1.07814560434436
-0.488428996708551	0.363806290460707
0.729638211736119	0.482700120818522
-1.02274569911395	0.807898942495447
0.173479974825581	0.0845024926854661
0.883390868892272	0.656199933468268
0.165880035481028	0.0314978449610492
0.181222403711057	0.0544586569816679
-2.57554526884402	0.666976966437407
-1.7934287506278	0.390727439150181
1.96276901321247	0.454520391574277
0.968469219672053	0.25651021792255
0.165880035481028	0.0314978449610492
0.16619130625606	0.0315431724784316
-1.7934287506278	0.390727439150181
2.76219840038386	0.780594539857824
0.474198126463934	0.19270082318148
1.05456533880612	0.402811234670406
0.625884570133398	0.32916289577606
-0.0728619231799769	0.0286390622815502
0.174204355272961	0.0597247391277113
0.933900890798474	0.814251340919807
-0.763487603028372	0.411281381059651
0.468823111897765	0.190339555471528
1.2949962923304	0.718980378844915
-0.162791024668249	0.0860466878463586
0.177607489139513	0.0775064744500753
0.0181997798794383	0.0092907223266075
0.34856610112732	0.212795771207119
0.673145511322441	0.481231482098125
-0.00127345492591147	0.000674174562399842
-1.12019427196772	0.338020301365193
0.17388527997155	0.0596222487809083
-1.46980732886653	0.741161633974911
-1.81490620138315	1.13363362443438
0.0581370110009207	0.0340918750823677
1.01202438184585	0.830651224678068
1.84258516456861	0.727293955790375
1.05952860814689	0.405011691745652
0.81669563394866	0.492872188070568
0.187984352048437	0.0474280610765032
1.83948692258838	0.725717515665962
0.968469219672053	0.25651021792255
-2.57036588579023	0.664816582891659
0.184971072095669	0.0467387603153735
0.181837521716867	0.0460537144756759
-0.60895933746012	0.147406558741333
-0.703264262088321	0.240508331840629
1.06190079859119	0.406050412279014
-2.27227384894236	1.1481795786924
-1.1152634133402	0.336439469187697
0.690559056864311	0.220592978829305
0.473198825825499	0.192238507652064
-1.11963574652263	0.337715170908198
0.964934921520073	0.255476948633611
0.711873983426973	0.336195040660752
-0.0678643207492206	0.0267547480221599
1.08651366947978	0.530572725371405
-1.00906318075178	0.399734482931109
0.162962330889191	0.0710673240085171
1.11462278492568	0.690467312875498
0.167640002938166	0.0649317559340879
-0.012987615251798	0.00590302452688749
-0.173219516809538	0.114217625205587
-0.501641038575492	0.375957007625363
0.0976143042015175	0.0666223561506434
0.415049935877223	0.343457737111786
0.732839052805262	0.48524597142727
0.475414304078317	0.193168598953148
-1.46967631623163	0.741011018316937
-0.590908864087757	0.281260626215082
0.170623360017568	0.0660738146836554
-0.482551590996588	0.358520600166426
1.79497094121998	1.41047823692826
0.192318605703505	0.119402968905972
-0.0306503541222479	0.0132911968590848
0.922055779899255	0.500397431424491
-0.696079481998497	0.237763762994826
0.176138785194489	0.076835812846744
-0.304702268342063	0.180034035927667
-0.77452062718199	0.587530506158574
0.800311708981277	0.633590230204443
-0.579774617979949	0.274894701600542
0.166320253572048	0.0643709570145403
-0.215036730909149	0.105915560662088
-0.928350468704983	0.562372519674637
-1.00377782576872	0.397156038036369
-0.325582325201124	0.0933470317045756
0.182515705814395	0.0461929473161663
0.184338509014023	0.0553315106563962
0.179369859705814	0.0539368960907662
3.27993169130503	1.12298306623949
0.181959964224185	0.0546519449572612
-0.370346829638476	0.152977788998958
0.708666053111417	0.334612636985554
-0.900295789883018	0.649467532395632
0.740253835779104	0.4911844216786
0.753821226240678	0.632278742134197
0.667759267541042	0.476260507798846
1.99375421150195	2.3570404629045
0.191408095924118	0.131613252289236
-0.123831252718902	0.0440604843970144
-0.377399262296817	0.257552091177942
-0.366365516770963	0.151285265364036
0.509020234969433	0.455710706747083
0.170769042992324	0.0660467894405734
-0.956193738536992	0.469359818837149
-0.646740915433528	0.445448709568447
-0.224525238634736	0.110973092533979
0.690554433996612	0.2205748378538
0.184291063239428	0.0465991085839434
0.16619130625606	0.0315431724784316
3.64995436887393	1.44813448599007
0.164778629348208	0.0313374327003096
-0.328777361869378	0.0941964324844904
0.183063896529214	0.0463401006276899
4.39103382808567	2.31580411658854
0.967271104517323	0.256176548116206
0.160144755571284	0.0306956063740573
-1.7934287506278	0.390727439150181
1.05878746464103	0.40482083139178
0.556308696676708	0.202195250417483
0.472589276523701	0.191952372408541
0.200622603472314	0.144505269621218
-0.649284016469814	0.447934778759992
0.18264999995371	0.0706700314015887
0.630243924930446	0.332090302468619
0.550229507129372	0.199823293779666
0.348191389067649	0.212525690442328
-0.220649656413947	0.109016148452274
0.422963391886386	0.192770332115027
-0.776934993799064	0.590395253662347
1.4228748828669	1.10747353008799
0.201987631570103	0.132991380821543
0.347525252656074	0.212253349735991
0.687368688538373	0.21962274738387
0.166867074881095	0.0572696115379919
-0.130258281416994	0.0728325896422234
-0.261584959733371	0.162429174184603
0.930333060013149	0.80936557230646
0.571236565187199	0.33320789125573
0.8444579144518	0.3592524441609
0.180869771083221	0.0619402640495967
0.336335647090908	0.219916239407836
1.02268627953537	0.84238202606862
0.17863134392367	0.0537118645556901
0.170293180349673	0.0583919552221953
-0.611962616144159	0.147977912487881
0.962553055030982	0.254827961566665
0.16619130625606	0.0315431724784316
2.77014537202506	0.783552977740789
3.27631781619437	1.12171855032085
-0.613158918177153	0.148231887572971
-0.612487701707529	0.148134994320372
1.0538227967033	0.40247872570357
-0.582783765485118	0.276376433152347
-1.25150722571847	0.561383579588263
0.183222271364428	0.0550052131678393
2.13275419746116	0.963270597877117
0.179479941018599	0.0614871969929957
-1.12019427196772	0.338020301365193
0.964404580081594	0.255330782344719
0.9259303165263	0.503455711772237
-1.42431213341742	1.25443982083254
-0.702529153090903	0.24025873050893
1.42647414516389	1.11209944771094
-0.205060207913622	0.0659847569387762
-0.126365817839433	0.0449469739052816
-0.215885606319341	0.106339524013455
0.17899314570337	0.0538175920888867
0.632206407905318	0.333265525675137
0.882400852871296	0.654544013379726
-1.23073427070556	1.13455988608633
0.330752090221301	0.22955953146869
0.028047456203062	0.0141819616086627
-0.124837825991722	0.044401537177189
0.185066191661488	0.099286711291124
1.47805670619909	0.927767289341945
0.873440929944735	0.645456720430325
0.178070608068613	0.0776995010833258
0.176841437313617	0.0772226954254543
1.60086135182031	0.805474181723299
0.686721713829268	0.219371725498129
1.29247856018895	0.717600557110906
0.4234202211193	0.193034609297238
0.553180270735225	0.200879267818678
-0.0408190370886215	0.0175148900396277
0.927994470388827	0.505396245256779
1.36470457466389	1.44733743058263
-0.310383409028442	0.18357559159671
-1.81356407914537	1.13085709304901
0.717964319185401	0.339177317784114
2.76671632811135	0.782410087450427
-0.493218498944464	0.185728512139402
0.0354126822120951	0.019499635106764
0.179243276186944	0.0872748448659392
0.0131745513306898	0.00681632855423383
1.01901054971174	0.83773689480425
-0.0542554886448955	0.0325905337707401
0.370088166502926	0.208254278102917
0.433261615219386	0.197968406580005
1.05657276894202	0.403741434107833
1.47402323433779	0.492035659807906
3.27152519356808	1.11907150574555
0.573578494073406	0.335111346346908
0.690554433996612	0.2205748378538
0.973283822269523	0.661397206949255
1.00914264478928	0.826984865687169
1.64736085042417	1.16162956725224
0.183063896529214	0.0463401006276899
0.560970996135085	0.20387489359709
0.553459142396127	0.201030755019039
1.46585570298693	0.489030037475911
0.549872383663091	0.199625186867885
-2.76095926642088	1.84858359227621
0.176677361093757	0.0945894025465009
-0.905039474105148	0.653458416860991
-0.171405242422644	0.0907526605887632
2.92875534864865	1.99525465806066
0.356856727526577	0.218655000426121
-0.252234090542957	0.204118417831016
-0.651476065558518	0.449348790985676
0.343302541516042	0.209300488024879
0.000663643575388967	0.000187021807810337
0.182817882978819	0.0981069218427716
0.183290509360379	0.0984227426596118
0.193071847045676	0.119811520376539
0.557983036297106	0.465843727483757
-0.307603196996402	0.181839809235535
-2.6153920583906	1.59464626186083
0.808363327396969	0.486525818152595
-2.57067328278635	0.665094197548339
-2.04826273814137	0.932264876861533
-0.611962616144159	0.147977912487881
-0.613682540053849	0.148388769407339
-1.12519556185123	0.339754109482426
-0.609489833121369	0.147475344257464
-3.45307509546519	1.22686211973226
1.96276901321247	0.454520391574277
-1.79346061997896	0.390723019452767
-0.613158918177153	0.148231887572971
-3.07402416243152	0.948685276185543
-1.7934287506278	0.390727439150181
0.161251150232847	0.0308565698216007
1.96684138854469	0.455504908505281
0.963214248695465	0.255090594573707
0.177135608349328	0.0685365301350542
0.686721713829268	0.219371725498129
0.182384642090162	0.0461735738884295
0.552010634561459	0.20046264360567
0.980819783755196	0.669396421124997
-0.375415876073196	0.255947881746641
-0.255535822952137	0.158368332496018
1.29694224603895	0.720632879630045
0.339401278623003	0.206672550136393
0.469214796260205	0.190439621590192
0.892141118236665	0.664872977687231
1.3762865668098	1.27191745254853
0.422446176317576	0.192528590584956
2.76109157462938	0.779871501961836
2.76330811440907	0.780761067286217
0.686626809163374	0.219374653716057
0.164778629348208	0.0313374327003096
1.96372117107544	0.45473924627511
0.968469219672053	0.25651021792255
2.76330811440907	0.780761067286217
0.186069807523728	0.046984734903896
1.84066711299049	0.726365639107333
0.688637326691298	0.220082192676685
-0.123220651484122	0.0438507532384957
-0.283170741917805	0.128599642897359
-0.612487701707529	0.148134994320372
1.59857754726196	0.804530569699723
-0.325582325201124	0.0933470317045756
1.96372117107544	0.45473924627511
-0.331884233338781	0.0950660268702792
0.183942787749478	0.0803352907715118
-0.370824492697174	0.153341721991098
0.544218436165038	0.197506777270022
2.76219840038386	0.780594539857824
0.717312613462146	0.338935897433837
0.181222403711057	0.0544586569816679
0.329755996963008	0.215181978833097
1.79663342073221	1.84631997588128
0.349690015581951	0.195522688243823
0.17743242532416	0.0863207491218973
0.0156478564574985	0.00803189781633765
0.459503481366905	0.332658798489516
-1.46042196777319	1.00954440585532
-0.904093658135242	0.652655797229737
0.809338151989086	0.487395355698898
1.80488982183167	1.01914911411703
0.465668385888745	0.188905949471252
0.716011633271524	0.338184526787078
-0.283170741917805	0.128599642897359
-0.19265924146981	0.0621226000055922
1.47155078449581	0.491168545293048
0.963743115659934	0.255236344279286
-1.00228735779856	0.896403297882908
0.549872383663091	0.199625186867885
-0.36162033808535	0.244806361043115
-0.0316131719426395	0.0136877567257474
-1.71001911457678	1.42399659299331
-0.365867410910185	0.151173956064709
-0.275616617644675	0.12484669693487
2.58761133809706	1.45363254161426
0.165088029467664	0.0313824661178469
0.181241544424179	0.0701293933402343
0.474806409465069	0.192958689821505
0.16514580688599	0.0719518042230147
0.362267599779951	0.203425800106244
0.181995861815111	0.0794749231067184
-0.120583415418288	0.0672368845727265
0.57549105547453	0.336424051566887
2.37756465807866	1.2047701954011
0.544571131487334	0.197606668979847
3.27272750868887	1.11966450015405
0.349469524842869	0.213645624107952
0.555598921920072	0.201915300938634
0.672578798881562	0.481041121464403
1.12168291914693	0.855256306408755
0.753636118654539	0.631476088404995
0.175501335417402	0.0853402152277122
1.60187603917232	0.806248910001153
0.473412187307329	0.192392641288017
0.164778629348208	0.0313374327003096
-3.07350260546998	0.94852963330217
0.555598921920072	0.201915300938634
-1.12019427196772	0.338020301365193
-0.122215445713398	0.0435046320299458
0.423361952169187	0.192974712580901
-0.762061196752585	0.331017802068786
-0.671092671911135	0.526468696921659
-0.651710559765455	0.44944854510696
0.337768005575375	0.235156055416116
0.333210059520147	0.217726084848932
-0.957206111951385	0.930885340659308
0.31174771915881	0.2463730467021
-0.435534332619405	0.285419213148214
0.385003501351266	0.195798611440731
-0.437236025168892	0.286665704638866
-0.581224030990866	0.466557825558113
-0.487523228403573	0.36318211274991
0.804112333773891	0.637458347647743
-1.46678473087704	0.738145623224673
0.172129083543733	0.0837333165976041
0.516027404068353	0.327762012572011
1.60650324203052	0.809381179423122
-0.703250992626958	0.24046200124408
0.963743115659934	0.255236344279286
-1.00273585527417	0.396365142955426
-1.79799823071143	0.730058439715731
0.177591660574137	0.0774947914663098
0.164778629348208	0.0313374327003096
0.165088029467664	0.0313824661178469
0.964934921520073	0.255476948633611
0.183063896529214	0.0463401006276899
-0.611962616144159	0.147977912487881
1.96276901321247	0.454520391574277
1.84066711299049	0.726365639107333
-0.49650800501461	0.187033371669453
0.178049240810411	0.0452053813438565
0.930326074357016	0.506748256320087
1.59857754726196	0.804530569699723
0.552061266868988	0.200456124723519
0.474806409465069	0.192958689821505
0.187490302886165	0.109043778032973
0.966736740010186	0.256029100393941
-0.383607312150954	0.214430421371031
1.30444700734974	0.726683857946427
1.96276901321247	0.454520391574277
-1.7934287506278	0.390727439150181
0.160144755571284	0.0306956063740573
-0.709319061175721	0.242738363206193
1.05656822569342	0.40367225045814
1.05952860814689	0.405011691745652
1.08750815001851	0.531291979888112
1.0920955726605	0.53410737727116
-0.750767088646402	0.325063979727935
-0.376604331682757	0.210183801963739
0.172500777446168	0.0591472284053665
-0.613682540053849	0.148388769407339
1.08632343526952	0.530816019476214
1.25901754864417	1.23721469632573
-1.25847725986996	0.565797109462532
0.166741085808389	0.0645460091824029
-0.715039483836906	0.244812936335783
0.959543454922691	0.254205280821647
0.181053134529505	0.0458624936397602
1.35564812089346	0.600770089805534
-0.197316433582098	0.063550392412948
0.185454319096416	0.0556335769192585
-1.30181428063126	0.805594908420106
0.181959964224185	0.0546519449572612
0.819498229618663	0.494850438073321
1.3857958570209	1.28524506670166
0.809997733467751	0.643448889684774
-0.0888574833419981	0.0347782060955391
1.65027922594135	1.1650129895515
0.888068234312312	0.661354361998305
0.195426488821051	0.128253902041889
-0.226472660137474	0.111973420731473
-0.493577885172321	0.185829897548729
0.52238311993979	0.332581913837539
-0.193367241020068	0.0623371853793179
-3.44619623148129	1.2226326390086
0.56203932365246	0.204253351369236
0.720389052120582	0.340838408288853
0.516027404068353	0.327762012572011
-1.45602552476921	1.00384338461892
0.890089191062559	0.663554201760853
1.79196662310012	1.40466394279418
0.731323708041832	0.483755443602396
-0.894889505161317	0.643626233695081
-0.895192340784846	0.644168521002853
0.84874813165367	0.361333340145203
-1.00198766685669	0.396175079052544
0.185066191661488	0.099286711291124
-0.59324596563977	0.479182560714304
-0.250779201807908	0.154976113668453
-0.768630060265566	0.500331512669313
1.28330158264303	0.897777185854468
0.922949382351468	0.501209857976813
1.28279994809997	0.8970578548537
0.355872061222957	0.199200271947362
0.594598956141798	0.477264869181917
0.17129033066717	0.0916041208402455
0.033310424473183	0.0167931155927127
0.560680486331194	0.469229635837188
0.060745740156853	0.035625365711053
0.520641227572421	0.331283293850774
-0.330698472981565	0.0947716626031445
-0.322472516615752	0.0924590549090847
0.958352222975233	0.253964848564806
2.76330811440907	0.780761067286217
0.176552672502959	0.0605054209747227
0.179369859705814	0.0539368960907662
1.26104146741864	1.24047034546218
0.0213214301032586	0.0108389878502549
-1.29938385308792	0.803274000094192
-0.768915793330901	0.414564156634202
0.384339873370408	0.195103212494859
0.303362077187066	0.229250080603091
-0.217520215992639	0.139961942007313
0.869186341980015	0.795756116359555
0.490560933402365	0.33615105417253
0.967988753488329	0.95515065997653
-0.210196538471771	0.134746082399913
0.18446530767516	0.114112471748914
0.640296583663857	0.490115905591223
0.378393108314758	0.191880836389206
1.2617591786049	1.06742588867001
-0.524037425430278	0.327019110288627
0.176711268978432	0.0683795412521634
-0.159326249983281	0.0840967009019139
0.164778629348208	0.0313374327003096
-2.57036588579023	0.664816582891659
1.84644215856505	0.729350990286639
-3.44754089021611	1.22379406077669
-2.57098043849301	0.664920470822356
1.06153095853073	0.405927487776779
-2.57036588579023	0.664816582891659
-1.7934287506278	0.390727439150181
-0.771527863553109	0.416427684769241
0.964934921520073	0.255476948633611
0.165880035481028	0.0314978449610492
0.169248055862235	0.0319917175833404
0.182384642090162	0.0461735738884295
1.96276901321247	0.454520391574277
0.181837521716867	0.0460537144756759
-0.201198229263593	0.0647674111943437
-0.750568317636396	0.325105589639249
0.4636768650788	0.187995984707304
0.175865706444362	0.0856644525448849
0.364137922240719	0.204616447859547
2.14783579858402	1.50919916892721
0.361460491781376	0.20287219910408
0.323894777451612	0.2241566892794
1.14337029245567	1.0349066231185
0.935243915395954	0.509890920825497
1.1097279665131	0.68577950947268
1.05693634570001	0.403813519694082
-0.17135319815686	0.0907395691938522
0.578256996902952	0.338517467059705
0.964934921520073	0.255476948633611
0.183063896529214	0.0463401006276899
0.169566032486793	0.032038095111837
0.182515705814395	0.0461929473161663
0.165088029467664	0.0313824661178469
-0.617875104469477	0.149400727468359
1.96372117107544	0.45473924627511
0.165088029467664	0.0313824661178469
0.178820853869998	0.0612698080138397
-0.625371841885899	0.364640979678008
-1.25716493894818	0.565002810504402
-0.328777361869378	0.0941964324844904
0.190007503710946	0.0927751684402581
2.1443800832395	1.50636764557356
3.27152519356808	1.11907150574555
3.27631781619437	1.12171855032085
0.173541542363193	0.059486595858024
0.414178505669914	0.188360641507512
0.173676863179753	0.0757156141791281
0.921532221481121	0.500071174349431
-1.1182849071041	0.337405124817419
-3.07402416243152	0.948685276185543
-0.617339897765464	0.149284387408846
1.84140390214436	0.726768879551614
2.14346311197232	0.969739011196667
0.560263982972252	0.203664261240574
0.177270480424267	0.0685970337630016
1.08888268610096	0.532186917645821
0.810048556728264	0.487096879504064
-1.02840949428699	0.815396717504673
0.184195877885734	0.106967483786203
-0.0532688067590866	0.0319986176492462
-4.83304867084296	3.08922916744955
-0.638449017308174	0.374581966747586
0.88318249452283	0.655498002945955
0.416994646186728	0.18967122277834
-0.652258713803634	0.450845547542546
1.35535594087286	0.600275526676328
-0.372366249702784	0.153976634011808
0.963214248695465	0.255090594573707
1.13774172744664	0.872695986358559
0.388588574058945	0.197650480504143
-0.278782241625368	0.126491520896506
0.472023818317729	0.191717157130672
1.41398163406798	1.09492950617044
0.173479974825581	0.0845024926854661
-0.465171179125371	0.240505309472428
-0.0106447655190336	0.00485305222904317
-1.00651922991518	0.398310278071854
1.85076739399678	0.731080313771041
-0.75936080088405	0.408110492389178
0.638597409621322	0.488674260268741
-0.281977120450776	0.127853103537229
-0.279006804703586	0.126485526249689
-1.46228717307244	1.01082367305161
0.815292309704804	0.491694704419022
0.842071790887261	0.357870121172129
1.06264198810457	0.406540438452512
0.179369859705814	0.0539368960907662
2.76219840038386	0.780594539857824
2.76559849788836	0.78194178274137
0.176618617260405	0.077047383860408
0.464450897593892	0.188417201617607
0.84910667455257	0.361360768938745
0.566043369478705	0.329888179533203
0.713906415672812	0.33698145815023
-0.0365305210372118	0.0157081266220334
-0.0315343702819889	0.0136586197665475
0.169031458921113	0.0737154132744265
-0.253468351490513	0.15694097439657
-1.44245911308724	1.28106423433773
-0.162331935387967	0.085814243757137
0.570273518150024	0.332593953348764
1.06449307015235	0.407221804443696
1.09408007726975	0.535457365069787
-0.707845094848957	0.242262716671496
0.182384642090162	0.0461735738884295
-0.49650800501461	0.187033371669453
0.174536264935212	0.084842282245117
-0.0393203679211956	0.0168900809294803
-0.0736764492428271	0.0289677044389865
-0.211283490674528	0.10403727901251
1.00208298786015	1.09834981705708
0.674198923058273	0.481886548067593
0.176532954816688	0.0859574205451079
1.10538979573747	0.681916837406018
0.188773640951867	0.116913791181627
2.10819750088793	3.2006951310881
-0.0815405983088304	0.047326772530687
-0.761861458131084	0.409459967654459
-1.0277365935901	0.813710306877183
0.80555127144525	0.484193467780324
-0.213280860126576	0.105156001060104
-0.0357736856557767	0.0154130776884231
0.626108194828864	0.47587585921028
-0.955102060274138	0.469232539840914
0.418490707651304	0.190446434947592
-0.324393158207149	0.0929933012825356
0.183063896529214	0.0463401006276899
0.161251150232847	0.0308565698216007
-1.7934287506278	0.390727439150181
-1.79346061997896	0.390723019452767
-0.613682540053849	0.148388769407339
0.165880035481028	0.0314978449610492
-1.79346061997896	0.390723019452767
0.165088029467664	0.0313824661178469
-2.57067328278635	0.665094197548339
1.96372117107544	0.45473924627511
1.96372117107544	0.45473924627511
0.16619130625606	0.0315431724784316
-0.740822105599132	0.320129139804216
-1.07282260260103	0.723670433824682
0.738536792708719	0.489597511671438
0.555239766445707	0.201780832151434
-0.977780847547407	0.864903652781811
-0.308745694120833	0.182827521611361
0.840510143880536	0.357192711931371
1.92500035512702	1.66540354858497
0.521031225183442	0.331571188075672
1.47155078449581	0.491168545293048
0.555239766445707	0.201780832151434
1.08888268610096	0.532186917645821
0.469214796260205	0.190439621590192
0.697539161689842	0.222938108752217
0.164778629348208	0.0313374327003096
3.27752825134246	1.12202020233476
3.6449477089076	1.4449787602644
0.966736740010186	0.256029100393941
0.161251150232847	0.0308565698216007
-0.702529153090903	0.24025873050893
-1.79766606524237	0.730020629935894
0.821871416817317	0.49699538876552
-0.322472516615752	0.0924590549090847
-0.469628623217768	0.243440588223195
-0.276118433633921	0.125095129620045
0.967933372585482	0.256362285789635
2.76219840038386	0.780594539857824
-0.0417952014143703	0.0179056804576188
-1.07045589771856	0.72185034895344
0.816297254631469	0.493472129940438
0.693668977910988	0.221707820486434
0.368967834610969	0.207497824006672
-0.28393549604954	0.128757346512117
0.183634276264094	0.106470263629582
-0.113515509767046	0.0632054364844355
0.31546430035497	0.229103341082849
-0.483400469639875	0.359044924428714
-0.0733230219453967	0.0288114204306004
1.79572422509707	1.40981327851777
0.186836202686433	0.100415971721432
0.181222403711057	0.0544586569816679
0.553818419026129	0.201156081038653
-2.45103042244275	1.36091921496074
-0.0796439446866726	0.0312337259623859
1.47086646676889	0.49088731436037
0.17410886569501	0.0846208794792374
-0.467408954341258	0.242296768919437
0.4672407890073	0.189676850544603
-0.0363667531820338	0.0156545907426848
0.448937187177552	0.343115064428778
0.626107177791245	0.329864019696341
-0.00601484612082935	0.00278122183569166
0.17388527997155	0.0596222487809083
-3.44686848748983	1.22339694388155
0.551298334729919	0.200249958464128
-1.30054744308704	0.805726375763069
-0.76826548574524	0.581003346247443
0.640968457908545	0.339111365727834
-1.19932005913892	0.892241414121618
-0.173486725798465	0.0919427808439664
0.177135608349328	0.0685365301350542
-1.4670625719385	0.738837469954536
0.962553055030982	0.254827961566665
-0.197597154874105	0.0636622682021146
-0.617339897765464	0.149284387408846
0.557018023353638	0.202406809251953
0.559556523494549	0.203384722969785
1.12573984105766	0.858708949237702
0.175865706444362	0.0856644525448849
1.63964535952564	1.15177068882352
-0.634439260604915	0.371639762836946
0.181667939966376	0.0702988324065902
-0.324126952894347	0.0929244396746841
-0.382632168381176	0.213837677887702
0.847759918250617	0.360722432560768
0.177783299323853	0.0866131242342835
-0.0897659320733047	0.0521463749341957
0.810887440401718	0.770473565751593
-0.204365097347423	0.130740600933205
0.536746774370913	0.557969450771993
1.25141681110796	1.22685673691764
0.539034390455408	0.469122419606953
1.12723785462602	0.860643950921545
-0.613012730411062	0.148202450577793
0.183063896529214	0.0463401006276899
1.47032706033056	0.490703617760438
0.188667958543402	0.04756856032199
0.972026783845071	0.25740024127234
0.379521587388842	0.192750502005537
0.416019073415376	0.189142650978629
0.0317542351772012	0.0160361856126358
0.979743921640188	0.669281846080589
0.497294641752922	0.341606298557104
-1.25014291146535	1.34414666091361
-0.379699923811008	0.212007335074282
0.441385773093931	0.33605339184453
0.522466711112415	0.332978768002348
-0.174756063238104	0.115255123848227
0.740509392012235	0.491259286601141
-0.0930899131176605	0.0541432096911955
0.461433308919878	0.35471810096722
-1.54112758967019	1.47180244808572
-1.4327095145111	1.26842952166512
-0.0298274185503677	0.0129438400974296
-0.0357736856557767	0.0154130776884231
0.175865706444362	0.0856644525448849
0.963743115659934	0.255236344279286
0.18374299244507	0.0464795790495071
0.183610895194862	0.0464322674344966
1.96276901321247	0.454520391574277
1.96372117107544	0.45473924627511
0.165880035481028	0.0314978449610492
0.687368688538373	0.21962274738387
0.181837521716867	0.0460537144756759
0.688637326691298	0.220082192676685
0.180818324810593	0.0969628682876467
0.928388373312671	0.50540097797507
0.346220447726069	0.211336590939247
-0.00219332788606716	0.00108191720216812
-0.563657724237326	0.407009026518544
2.37233634454725	1.20117728690548
0.923471706807312	0.501624006630074
0.630243924930446	0.332090302468619
0.192504604831791	0.126096054763586
0.447189837717958	0.341385461995653
0.81624591352711	0.492517136377381
0.418490707651304	0.190446434947592
0.364920934448193	0.204900156197882
0.183063896529214	0.0463401006276899
1.96276901321247	0.454520391574277
-0.612487701707529	0.148134994320372
3.27631781619437	1.12171855032085
1.96372117107544	0.45473924627511
1.96684138854469	0.455504908505281
-1.79346061997896	0.390723019452767
-1.25875468189106	0.565485226458265
-0.370908459446938	0.153216945134065
0.925410941995287	0.50302031593182
0.977421022503878	0.66691392124919
-0.586610242551465	0.278830282472325
1.47155078449581	0.491168545293048
1.46964366147565	0.490422889690681
0.168071883948661	0.0732963178096792
1.56190334711996	1.34830288202723
0.570809921263294	0.332919080600547
-0.383203384370493	0.214197804426133
0.444512332633388	0.339091647865842
1.25754149487201	1.23605551486851
0.174843743002118	0.0676263865109378
-1.50215938518201	0.53435945377886
-0.435174821251181	0.285143549834409
-0.430815904970359	0.281982617503059
-0.708225225424176	0.242257120133667
0.0297802559249602	0.0165166221778791
-0.896500662327473	0.645677847384298
-0.517366271395198	0.425160148996083
-0.126472196797159	0.0706306090465819
-0.193026872526739	0.0622167584761554
-1.01014139129076	0.400088841211607
0.549873760152136	0.199559475860527
0.469440599120323	0.190442420020923
0.718996087124188	0.340013548677714
0.798849407982892	0.631637088247445
0.349535218760011	0.213475789852993
0.180397188564749	0.104658087860493
1.30037588434366	0.724075102403922
-0.19624115961797	0.0631993229606972
-0.470151299459077	0.243684847333374
0.487365492275377	0.33368657854767
0.928321490524427	0.505127620322729
-0.58712664962475	0.279098454320091
0.349954865241471	0.213703457836134
0.171133891055786	0.0662595876135475
0.750613138080346	0.500129294556613
0.177254902811249	0.0863667179591804
0.382637823275585	0.194419420293791
-0.370910217488982	0.252287052173461
-1.79799823071143	0.730058439715731
0.187984352048437	0.0474280610765032
0.165880035481028	0.0314978449610492
0.183063896529214	0.0463401006276899
-0.32485451718176	0.0931499749349684
-0.383035893884373	0.21405227060576
0.336956795118296	0.220397889382792
1.28515045615322	0.899213618095843
0.543505930404764	0.197183116271349
-0.123986971098977	0.0441560427469937
-0.128580960692604	0.0457209220671756
1.59361466522007	0.80088415110559
0.17273732603019	0.0668202643468802
-0.58313892220784	0.276894606436483
-1.30694496379629	0.810917557762743
0.594986931480047	0.477671659278408
-0.327335094707949	0.258517418346199
-0.0932036420249423	0.0653867924291008
-1.0277365935901	0.813710306877183
0.328905857096035	0.214404868428255
0.186069807523728	0.046984734903896
-1.11760971687047	0.337077079720442
-0.119231040222735	0.0424930904552538
-0.495188624132318	0.186487217221814
0.182515705814395	0.0461929473161663
0.555239766445707	0.201780832151434
-0.57205717445231	0.414403603897704
-0.561625395492675	0.405177864159171
-0.156538495469165	0.0825938732636028
-0.769820711560466	0.583107570074215
1.79711528217269	1.41177849876114
0.341163728716633	0.207715637354141
0.308606215371014	0.223351884221078
1.79786352376125	2.86275940547343
0.662042843713301	0.600986321776778
0.570537647896	0.333501741352026
-0.563227805413731	0.406297640896379
-0.0881955495059403	0.0512490799873694
0.630315876874469	0.480670120905366
-1.12755183727677	0.964987531704535
-0.76522930804869	0.411645171995329
-0.166363733236161	0.0880553892917727
0.333712424540704	0.218143829759649
1.96276901321247	0.454520391574277
0.161251150232847	0.0308565698216007
0.164778629348208	0.0313374327003096
0.962025660417238	0.254682745005495
-1.7934287506278	0.390727439150181
0.964934921520073	0.255476948633611
-1.79346061997896	0.390723019452767
0.164778629348208	0.0313374327003096
-1.7934287506278	0.390727439150181
-0.198392257320092	0.0638832149326698
0.713825310959767	0.337379497947728
-1.25150722571847	0.561383579588263
0.715448466370102	0.337890549600564
-0.258079655928746	0.160011394389059
0.165088029467664	0.0313824661178469
0.552747570175129	0.200686243223241
1.59822664938579	0.803955017549079
1.50539301591591	1.52369328495301
0.573153208557423	0.334791350877161
0.164778629348208	0.0313374327003096
1.96372117107544	0.45473924627511
0.549580771497717	0.199544396425318
1.96276901321247	0.454520391574277
1.96276901321247	0.454520391574277
0.552366600094505	0.200647521424049
1.58866236447733	0.797442847102933
0.849408948383461	0.361671672630261
0.175891515215909	0.0602877256141385
-0.0341514539287802	0.014723804246443
1.58831621198651	0.797230014484821
0.427884150243101	0.195275315165572
0.524701519636384	0.334116348804269
-0.44010310291199	0.289350200104745
0.564117754111398	0.328523788181269
-0.253468351490513	0.15694097439657
0.974126478515144	0.663655169767148
0.326737928562226	0.238498917944947
0.173841338161581	0.0596051278079202
-0.082505196570293	0.0323425077598634
0.38763002895181	0.197079987889104
0.586368296826014	0.468450829611449
0.00278493675602734	0.00112940444512273
-0.206333260319135	0.132115335100703
0.581965034256219	0.341179431708765
0.173299717196841	0.0670382465534782
1.3509899510682	0.597807360301759
-1.00977041428962	0.400033925972951
-0.697547507150818	0.238387277313668
0.182384642090162	0.0461735738884295
2.29140264692776	1.78136433116367
0.819520831091953	0.495039908053714
1.36534591307254	0.605450530515134
0.548159843287306	0.198990334609177
0.167576891785975	0.0730695048139849
1.29596944158472	0.719833885534944
0.636100462145787	0.335692098463176
0.378551708440538	0.192176865517693
0.179479941018599	0.0614871969929957
-0.491605604480731	0.184969180273286
1.34534186074161	0.594787167003823
0.174899169086388	0.0851670042735498
-0.0461663659388647	0.0197328979520109
0.183473188078016	0.106532229510764
-0.624013719909126	0.364461597311432
-0.704386334982379	0.240838421723177
-0.197597154874105	0.0636622682021146
1.1194285127569	0.853343941039854
1.4745635305468	0.492365493098567
1.96372117107544	0.45473924627511
0.18374299244507	0.0464795790495071
1.05346208699469	0.402359762312703
0.363147868351746	0.203725247583637
-0.00407423746048075	0.00191400671489372
0.463385486310161	0.336307226835766
-0.225082066341438	0.111346496300252
1.91925611811865	1.65790029816947
3.64742237939513	1.44635997008149
0.737027302951153	0.488978007861001
0.168910828881268	0.0579679737759373
0.169248055862235	0.0319917175833404
0.689369698791533	0.22025689756634
-0.373143281494199	0.254168537765883
-0.439223626534094	0.288095743232172
-0.17473481772414	0.115358356423018
-0.0523163249223953	0.0323806858016392
0.330420273966932	0.22928520993914
0.764867365638717	0.751226994039585
-0.755111718030903	0.327487465643262
0.551353578437213	0.200228094406705
0.179369859705814	0.0539368960907662
-0.497838467787884	0.18767273749484
-0.198757003958094	0.063979613393949
0.687453672774919	0.21969379736456
-0.581797112652481	0.27596306596272
-0.372461690984847	0.15385606291698
-0.44384985513992	0.291867668510447
0.0480568719277063	0.0263718621447324
0.185395272479553	0.11478840665226
0.186711590830893	0.115648627852509
-0.311178496037378	0.217152640622373
1.38534716953483	1.99834872745449
-0.0421650780401421	0.0260698296714805
0.748010649965395	0.625435069723934
-0.378726465454496	0.211482877511914
-1.31498576969811	1.06983467276623
-0.171209852985672	0.0906293407003245
0.529532598947555	0.458194029819065
-0.216424325026491	0.106632547295065
-0.0122864085095971	0.00558386141968598
0.363553366436443	0.203999895551891
1.96276901321247	0.454520391574277
0.164778629348208	0.0313374327003096
-0.617875104469477	0.149400727468359
1.96276901321247	0.454520391574277
2.76219840038386	0.780594539857824
-1.79785205353169	0.391773074809323
0.165088029467664	0.0313824661178469
-1.7934287506278	0.390727439150181
-3.45375537289784	1.2267719146559
0.178527824665183	0.0611489290350823
-0.224816522584454	0.111100177016756
-0.377253388199345	0.210288324210148
-0.763792446813763	0.410756424700134
0.521398632177547	0.331681376062306
-0.570887853564598	0.270162971645238
-1.92096109457759	1.86722472486671
0.967271104517323	0.256176548116206
0.971455050083488	0.960459812004505
0.322183516427675	0.234695607010718
0.347611549221445	0.211949493288141
0.864064343861265	0.789096593184099
0.190779268121763	0.11826850584528
0.367407298827123	0.206475611275631
0.683961295954432	0.21841001184846
0.968469219672053	0.25651021792255
0.691745806165962	0.221041871886146
0.696347531127603	0.222535473365176
2.76671632811135	0.782410087450427
2.76545132608884	1.7103259282102
0.803795285277421	0.637512696181303
0.572618774975108	0.334405145091627
0.929349507987341	0.809478949849249
-0.170045953657768	0.0900139712635785
0.189325373085195	0.0567092627793379
-0.17012442258902	0.0901151573025218
-0.137078912247783	0.0767933381574402
0.339152262974676	0.222218259013761
-0.776679993057824	0.659543879111861
-0.566952919707649	0.409735635831716
0.0925684764997857	0.0629924577527228
0.754948591294094	0.632892504364889
-0.590949882015622	0.281350368578303
0.843067846343914	0.358127084535735
0.878154571481684	0.650904578664348
0.8444579144518	0.3592524441609
-0.0272905387830427	0.0119046719666527
1.26915584696189	0.882212901932044
0.809139994108224	0.486319538275499
0.682339311812087	0.217953944354753
1.25450293353957	1.23054358255042
1.14732231666673	1.17474440017661
0.935473451524175	0.816414487297707
1.38164868343335	1.27937000039633
0.811695831256675	0.489475855759712
0.176832554543049	0.0861558843262976
0.171255302338825	0.074621055277552
0.638002152211306	0.487887174836146
0.670662299827017	0.47895453950037
0.518326518025437	0.329388883619769
0.566772346237257	0.330439975624848
0.671611714097616	0.480099291465345
0.683520003518989	0.218340470189805
1.96372117107544	0.45473924627511
-0.0747036622184543	0.0293682206911135
0.488894568204366	0.335099842609113
-2.09370585086562	1.58669841413742
0.976673520777039	0.665038876681972
-0.197681301235905	0.0636672013988199
-0.766724830603591	0.498971330059633
1.35029297080259	0.597376447511037
-0.71006845290112	0.243013667111858
1.96276901321247	0.454520391574277
0.0757161569390947	0.0470357392371882
0.307860463935232	0.222754596463861
0.0661368380594287	0.038835126006966
0.296267356299022	0.23230258502587
0.0725933473434784	0.045051272415868
-0.173787934696977	0.114580210890285
0.364311086086715	0.34751737829369
1.01742973714286	0.837175548246789
0.568461070631044	0.331234699664629
0.687453672774919	0.21969379736456
1.59756362339209	0.803815611179192
-0.609489833121369	0.147475344257464
0.183063896529214	0.0463401006276899
-0.377253388199345	0.210288324210148
-0.440326078382037	0.28934692629397
-0.0355657985906026	0.0153094555192859
-0.680603241184346	0.589693096368753
1.04490639675673	0.990955381824081
0.187428183900369	0.109059364485453
0.769765838933444	0.757694290973427
0.979438339419464	0.668020763378991
0.336335647090908	0.219916239407836
-0.143140559555817	0.0967100643758905
0.193700395650405	0.144343511861285
0.383597796348507	0.194988915534169
-0.94281278760271	0.991480822130596
-0.0054475597271086	0.00252748225449873
0.340788297465367	0.20745370778826
0.367961632202489	0.186070255933986
-0.702529153090903	0.24025873050893
1.05731446601517	0.404073999886943
-0.614206104379299	0.148455859250315
-1.79346061997896	0.390723019452767
-1.79346061997896	0.390723019452767
-1.7934287506278	0.390727439150181
-2.57036588579023	0.664816582891659
-0.7085818841146	0.242531688950869
-0.370346829638476	0.152977788998958
1.84022304372881	0.72612017307568
-0.0845132430372175	0.0331092629201447
-0.883350575015292	0.727671664612826
-0.374385241833281	0.20859048052861
-1.03191745800206	0.819382886749307
1.79091278890176	1.83596917360919
1.59588475472658	0.802198006540431
0.981122687227711	0.670574989306967
1.03599045680482	0.978456563222332
0.186928786286018	0.0560369733702841
0.333429395560724	0.217970218281259
-0.374427044697923	0.255080485034606
0.672815699378224	0.480438432348993
0.183063896529214	0.0463401006276899
1.96276901321247	0.454520391574277
1.96372117107544	0.45473924627511
1.80152871952696	1.01635598151886
1.05841937425473	0.404493015312573
0.63318029710856	0.334156962897562
1.27577819118395	0.889813707468719
0.71503477840043	0.337624289933587
0.702360750170026	0.613943655159483
-0.00550138069125434	0.00255673793773898
-0.0752828972132502	0.0295404802745198
0.187435346122179	0.047292837125537
0.551298334729919	0.200249958464128
0.318257718837408	0.219665147870757
-3.45727803409178	1.22858842810043
-0.365983756965845	0.151219886475149
-0.770072465517322	0.652150480267583
1.67832272727036	1.58449481708861
0.4958924966335	0.340775576716745
-0.00595289020547164	0.00274619905941364
-0.280542056764266	0.201961744874277
0.674703811581611	0.482989303444972
-1.45112115222588	1.00049518335591
-0.763792446813763	0.410756424700134
0.468041971492069	0.190033400267489
1.59654903261596	0.803007544231757
0.917668479487705	0.497899602176564
3.27272750868887	1.11966450015405
1.05878746464103	0.40482083139178
0.564117754111398	0.328523788181269
0.383151350766212	0.194712303996297
1.64251949454243	1.15543213430714
3.64995436887393	1.44813448599007
0.693216225774344	0.221541872050593
1.55147693643994	1.33252967162015
2.13460629217846	0.96446244584926
0.84874813165367	0.361333340145203
0.876531901732599	0.64906585436168
0.164778629348208	0.0313374327003096
0.664230998736802	0.473202880233582
0.638045852587205	0.337320180520919
2.04596430825804	1.93679654459475
1.26718159960829	1.07459599029844
0.421410840923393	0.191981251307706
0.49329807372072	0.338103744714018
0.182543222737303	0.105794571276706
0.875749598690784	0.648179280852834
0.178820853869998	0.0612698080138397
-0.251398737909313	0.155356023658291
1.01345238596333	0.831212840244362
-0.197681301235905	0.0636672013988199
0.547057604624631	0.198554222727286
-3.07875719123617	0.951227905765892
-0.474061613862789	0.246186426965003
0.174045724149933	0.0524237595938313
1.47086646676889	0.49088731436037
-3.07350260546998	0.94852963330217
-2.09864835586018	1.5939028248294
0.340788297465367	0.20745370778826
0.0592902278739562	0.0325515281737495
-0.200851475308083	0.12830769282024
-0.258079655928746	0.160011394389059
-0.367858371590102	0.285232556079001
0.194401423743671	0.120827461602091
0.176832554543049	0.0861558843262976
1.46585570298693	0.489030037475911
-1.13847620348588	0.630080266641635
-0.325582325201124	0.0933470317045756
-0.491888763967548	0.185206039733237
0.963214248695465	0.255090594573707
0.464063455250434	0.188241879817787
0.177575994270802	0.060829694691139
-0.77474859837173	0.505966744145209
0.360860977706165	0.202198948283648
-1.65432545491249	0.930124270808386
0.491169262550901	0.336742158331505
0.192730607048933	0.119598065878531
0.191665190705067	0.137380029158885
0.932846145063284	0.508515240763595
0.867965398904127	0.794286587105968
0.0457005150832778	0.0250808771050782
0.194227217267979	0.13374410797084
0.174123877848966	0.0673869450707369
0.49614385867928	0.341035530026915
3.65499468921657	1.45049079500857
-0.744824966604454	0.322057504500445
-1.11896025029368	0.337616084496264
0.160144755571284	0.0306956063740573
1.96276901321247	0.454520391574277
-1.1258777723839	0.339888304991231
0.681600849226051	0.217707538421281
0.177516165041885	0.0533832927158356
0.180107983152346	0.0541465694868784
0.180860449097146	0.0543198851417517
-0.643269848375603	0.442830928326998
0.188229300164433	0.101096372644362
-0.744824966604454	0.322057504500445
0.811990774125898	0.771341272065456
0.444284169274683	0.338666212527331
1.35671193477925	0.601326969297766
1.1436190553773	1.03370725126571
0.569345661303514	0.332410997795196
-1.58251692629909	1.20039151217704
-0.493577885172321	0.185829897548729
1.08769613908304	0.531928346400358
0.712361999191137	0.335956835731755
2.13275419746116	0.963270597877117
1.84258516456861	0.727293955790375
1.05878746464103	0.40482083139178
1.35423242875669	0.599512730561188
1.06375255943934	0.407031400293661
0.688637326691298	0.220082192676685
1.08410413563049	0.529270731185088
1.42140237065109	1.10574999408249
0.556015432593505	0.201937017041915
0.614660548310921	0.322304046812768
1.08589816691238	0.530180013959781
-0.127973808429625	0.0455141210732245
1.13797056016075	1.02735123471117
-1.0782184703185	0.729786999026248
1.47086646676889	0.49088731436037
0.171753346999323	0.0664367381108907
-0.862542261570565	0.783371175726743
0.310205310627445	0.235264875296756
-0.11068678093494	0.0760953278070635
-0.448879687640485	0.296156488410207
-0.7813483878199	0.665499359207081
-0.201325230791778	0.128666632392115
0.33258562174162	0.217233824811491
-1.01544637554403	0.402516794371791
-0.761835013100273	0.409542714061078
0.177848189783669	0.0609243649410369
-0.195896300806791	0.0631110974355499
1.96372117107544	0.45473924627511
2.76671632811135	0.782410087450427
1.96276901321247	0.454520391574277
2.37438290611096	1.20256030194498
0.631907169884453	0.333449483750918
0.476290147960385	0.347522892201654
1.05804592236107	0.404331959594976
2.37366431975369	1.20196540132253
1.5926000408058	0.800136466406671
2.76219840038386	0.780594539857824
0.183222271364428	0.0550052131678393
0.170538005186528	0.0830618978194096
0.171678244675184	0.0918252467893475
-0.274180556215494	0.196801350118329
0.891461339517021	0.903538570557376
0.813508138576147	0.6472711361736
0.627289380451814	0.330908857506847
0.718996087124188	0.340013548677714
-0.0388771433339674	0.0167055012426746
0.732028527912667	0.484482743513976
-1.14376104780613	0.63480253551799
0.184971072095669	0.0467387603153735
-0.361950082480153	0.149354123655673
1.35564812089346	0.600770089805534
-2.57036588579023	0.664816582891659
0.180484451327502	0.0542489043189748
-0.0376310484116936	0.0161774663259691
0.980393168355664	0.66899142972599
-2.51674487863944	2.59218368358921
0.0795676429087445	0.0518041325910767
-0.0670993472533744	0.0403543861908831
0.173062488663366	0.106639736424723
0.191304009930527	0.142331683269026
-0.759837831077119	0.408405559813846
0.185076110728506	0.0555416222332281
0.184971072095669	0.0467387603153735
0.546346904865407	0.198325214127253
0.177516165041885	0.0533832927158356
2.38875259593717	1.21254594225818
0.159202333190043	0.0616361676563379
-0.961626957296919	0.473097683549944
-0.626803095253313	0.366494371828576
-0.570020548284308	0.412607835647159
-0.887034758083585	0.731565186777622
1.38828621924393	1.28914676957255
1.25946624639531	1.06410538078156
-0.84172874025439	0.948663691460858
-0.527409721122485	0.435552398264821
0.0773201712692885	0.048057779833672
-0.0678935791238679	0.0408439518788499
0.727710306569967	0.48098841546124
-0.50881238158221	0.416162630109281
-0.776705506114637	0.507227089333893
0.173185400072764	0.0754800294806542
0.419984878184803	0.191185276917023
3.27152519356808	1.11907150574555
0.184971072095669	0.0467387603153735
1.46964366147565	0.490422889690681
-2.57522664974505	0.666917731403372
-2.57522664974505	0.666917731403372
2.76109157462938	0.779871501961836
0.553818419026129	0.201156081038653
-0.0270646808823868	0.0118054220659544
0.415608862733263	0.189127166252788
-1.00198766685669	0.396175079052544
-0.446080806080722	0.293568160721351
1.12587411966229	0.700663403705167
0.81669563394866	0.492872188070568
0.492924418380109	0.337737601187194
0.630430897710893	0.59146911759113
1.45924955767173	1.65636411067256
1.25560923846841	1.23337357162232
0.718069181518646	0.722879787663169
0.677842908851539	0.485468460975824
0.0433311216157171	0.0238110643559307
0.846045347999375	0.35970032424254
0.166741085808389	0.0645460091824029
0.173178140989587	0.0593793792188454
0.848086888544391	0.360868145370789
2.13906062935306	1.49892541915581
0.716895862929234	0.338759360169462
3.27272750868887	1.11966450015405
0.967271104517323	0.256176548116206
1.47086646676889	0.49088731436037
0.963214248695465	0.255090594573707
0.843777178831012	0.35876995680636
0.543895799223616	0.197317175912332
0.360739226372389	0.202435196258758
0.551298334729919	0.200249958464128
0.555598921920072	0.201915300938634
-0.58712664962475	0.279098454320091
0.179667994956428	0.0874904709866229
0.743324476817821	0.493760505413323
1.0178791411908	0.836995106096147
1.67323039840356	2.70356055228399
0.0193680471122191	0.0098719872883253
0.63435213148245	0.335255614597199
1.80053969171828	1.01548995787631
-2.05422330759801	0.936346916870338
0.689821397698691	0.220399946218977
-0.381051425390857	0.157811708905735
-3.07875719123617	0.951227905765892
-1.79346061997896	0.390723019452767
-3.44754089021611	1.22379406077669
0.717604757687493	0.338919218901797
1.63789421186248	1.1513336629274
0.567420438044958	0.33102299804053
1.11121453960495	0.687081124966543
0.563515792077951	0.32847004075177
0.553539003246056	0.201009804352982
0.685539141555545	0.218907224669263
-0.330698472981565	0.0947716626031445
0.625401050958934	0.328714254275461
0.922949382351468	0.501209857976813
1.11121331330028	0.687537619360445
0.026621292935035	0.0147990342938031
0.711457622396147	0.33583289986925
0.924061951080643	0.502614819234415
0.981656478678209	0.671131913448774
0.923484534717889	0.502223218061638
2.38477118100095	1.21017863043222
0.813863463587567	0.490366167934949
-1.30745875454285	0.810871806643669
0.846123820020908	0.359830157453413
1.84451762847753	0.728350716630867
0.384339873370408	0.195103212494859
-0.277072022519318	0.125573551816857
2.76559849788836	0.78194178274137
-0.374692259035009	0.255141415205481
-0.0674005861215407	0.0265824991773981
0.322258338008255	0.222841631166361
0.624898157051208	0.475385353064036
-0.486538188702286	0.362272254419508
0.360739226372389	0.202435196258758
-0.167061841854108	0.0883910489754632
0.53783587799259	0.194907045930754
-1.49633399610699	0.531774933095134
-0.7085818841146	0.242531688950869
1.47086646676889	0.49088731436037
-3.44821343973509	1.22397568320365
1.4745635305468	0.492365493098567
-0.37478807657181	0.208817056142942
-0.11899578031306	0.0424344742499363
-1.32375271581027	1.07970455750677
-0.122537284843066	0.0683381076479575
-0.280487342591891	0.127135696716412
1.04387989187423	0.989729815813444
0.0195985947434863	0.00998557169867027
0.562552247942559	0.327740698712322
-0.257187569131798	0.208726566785169
-0.756916129118786	0.406445424997159
-0.385799701741095	0.215948972851194
-0.775239226278221	0.588205121057541
-0.934367346260478	0.56728276379924
-0.652221252922422	0.449964449145231
1.59225233432831	0.799448709280147
0.520824274488143	0.331368724389838
-2.57067328278635	0.665094197548339
-3.07350260546998	0.94852963330217
0.554245479785034	0.201333536177828
2.76330811440907	0.780761067286217
1.96372117107544	0.45473924627511
0.169248055862235	0.0319917175833404
-2.05243015094334	0.935186138063697
-1.00052828635423	0.395507231165513
0.420440053336061	0.191422412441429
1.05989643717056	0.405275695027378
0.73147265962144	0.484024335527186
0.469602716565917	0.190601252697973
-0.0346009093964436	0.0149098540048753
0.17881072147523	0.0691883638328724
0.174064391459629	0.0847013486529048
-0.981756741163212	0.870807628763445
0.344648450004537	0.210253612406238
0.70781950575911	0.620557253229844
0.182491572108204	0.0890169837262348
1.35782818213167	0.601346585616184
1.50226726163759	1.51816760017497
2.14783579858402	1.50919916892721
0.888444327167005	0.660879513848428
0.520641227572421	0.331283293850774
-0.760792339578809	0.494526258127684
0.470602913949207	0.191029730454952
1.10780131671251	0.684116648356048
1.59361466522007	0.80088415110559
0.720389052120582	0.340838408288853
0.462455851529771	0.187506184046943
1.96276901321247	0.454520391574277
1.96276901321247	0.454520391574277
1.83904259060411	0.725255788020061
0.846123820020908	0.359830157453413
1.12573984105766	0.858708949237702
0.524375988604811	0.334309067177087
-0.32485451718176	0.0931499749349684
-0.999821957506565	0.395227039947302
0.356530583888532	0.199603287324175
0.196237280522477	0.128914763673145
-0.437835852281101	0.287497929899159
0.917735438028455	0.943169541634768
0.94778372145737	1.06805250331233
0.865921269824547	0.791647708952578
0.335012058762066	0.218916934643331
-0.76649715431589	0.498846740531242
-2.003023235742	2.07023784399067
-3.07350260546998	0.94852963330217
0.48337840678936	0.196554801863658
1.96276901321247	0.454520391574277
0.968469219672053	0.25651021792255
0.167587753759014	0.0505623239737036
0.385299990222988	0.195650574633905
-1.00977041428962	0.400033925972951
-0.912663803196075	0.661538507401433
0.498993537758933	0.343080097006819
-2.76095926642088	1.84858359227621
1.60218197822222	0.80642049141541
0.849408948383461	0.361671672630261
0.927869863845608	0.504987594352111
1.35205380401403	0.598333159725176
0.332168667321636	0.216966768129665
1.15620167746563	1.05134411842319
0.180516854136388	0.087902665823493
0.920189820981338	0.50000996001218
1.14746118955205	1.03931687026738
0.489714054563533	0.335375144344762
0.344799172214516	0.210217624673783
0.469643053480253	0.190710227610968
0.708012498552154	0.620351961935359
0.189238823705832	0.110019787531436
0.415951121475458	0.189062982282462
-1.00269516620368	0.396499158743995
1.42424744776102	1.10876302513057
0.551298334729919	0.200249958464128
-1.12086886051128	0.33811902750598
1.96372117107544	0.45473924627511
0.418015823664312	0.190381597820846
0.735194333467532	0.487528997561098
0.468602008697511	0.190152966892753
0.733516360448684	0.743897740767624
-0.478566440534288	0.354790060581906
0.684099957001784	0.706754287391961
-0.882606006659461	0.726301609780505
0.359343636379601	0.201187272175155
4.39507215505397	2.32023461927536
1.47566532636078	0.926268944973106
0.164635938649755	0.0637059446981229
0.181222403711057	0.0544586569816679
0.164778629348208	0.0313374327003096
-1.96115530277187	1.35224433281677
0.167576891785975	0.0730695048139849
4.73313741130727	2.91204045320312
-0.386202141245639	0.216167377484443
-0.558506299145031	0.401855082366763
-0.0644993451531641	0.0387725727522608
0.752323849364519	0.629973846150025
0.0931967903159531	0.0634652962767702
-0.437996699915317	0.287552716814637
-0.522873300317166	0.326186306601501
-0.704419989459771	0.667404350690785
0.674299086484149	0.615617068005721
-0.373410231636428	0.254313257531309
-0.529177138866286	0.331431815798814
0.627353112208259	0.477657842982978
-0.3358441065628	0.0961666214694948
0.175155035311403	0.0527334069281177
1.47032706033056	0.490703617760438
-1.79346061997896	0.390723019452767
-1.79346061997896	0.390723019452767
1.96372117107544	0.45473924627511
2.76219840038386	0.780594539857824
-1.7934287506278	0.390727439150181
-1.12019427196772	0.338020301365193
-0.0737829387661499	0.0289781337328124
0.475196904470731	0.193138494041749
0.812004695336861	0.488822962597836
0.412687031377042	0.187644901882888
0.672438211445981	0.480129043052197
-0.165609596978171	0.0874438600524631
0.351153240794533	0.196329508549067
0.181159179759352	0.0458876218072277
-0.116451907910495	0.0648813931963878
0.0257865019193189	0.0130567924887107
-0.374492340333348	0.208863715455449
-0.0182662466353616	0.0115676037447204
0.191769012178244	0.103106623693502
1.11073251367955	0.686953872406249
1.27672662417529	0.890755131673873
0.0000980641086830726	0.0000645166823628423
-0.459866546491049	0.237612413140275
-1.25782089316011	0.565430196965056
0.553459142396127	0.201030755019039
0.70620937260931	0.618692205710456
-1.58723968684081	1.20661583050133
-0.469277399151281	0.243497167646083
-2.61383135494171	1.59307423992006
0.171189775428302	0.0662121976703994
0.17899314570337	0.0538175920888867
2.76219840038386	0.780594539857824
0.182384642090162	0.0461735738884295
0.180855826143695	0.0543097849929288
1.96276901321247	0.454520391574277
0.384044010342967	0.195244512436863
0.18322051481707	0.10634964270448
-1.79653379913892	0.729391431830202
-0.583151656310173	0.276968049740594
-0.31150607663377	0.184355396681939
0.358965269433827	0.201278293525855
1.79911009969753	1.85075259829514
0.560732932177441	0.468955941964713
-0.657485433520157	0.455376853721133
2.15763773837833	2.2206760159889
1.27904478375913	0.893212881823991
-0.0723431482158385	0.0284413766788247
-1.81718346756703	1.13692313513003
-1.79693424859175	0.729556600315067
0.552366600094505	0.200647521424049
0.962553055030982	0.254827961566665
-0.614345716129905	0.14867066764313
0.692481142426252	0.221366284684109
-0.579774617979949	0.274894701600542
-1.00403055985993	0.397306910648104
-1.44351362988571	0.990542427271534
-0.76334227219118	0.49620053567013
-0.0369814437595021	0.0158941849256268
0.634148600923121	0.334787507967656
1.35889390139827	0.602114985237052
1.34428249004666	0.594123262694733
-4.21314111869582	1.9800528440117
0.556308696676708	0.202195250417483
0.396671808798593	0.202297934476046
1.27105378389316	0.884336175547519
0.180484451327502	0.0542489043189748
1.34356740200532	0.593719044095478
0.169031458921113	0.0737154132744265
-0.0748232390858092	0.0293773202669746
0.167083097968807	0.0728299219191437
0.17845532295061	0.0611293558584829
1.08750815001851	0.531291979888112
3.93892487279316	1.74225767116968
1.11092025038773	0.688135451235679
0.171690427224654	0.0664790795125569
-0.164056537556134	0.0866545734973293
0.67591876988491	0.483310916192548
0.695609467079394	0.222209476353201
-2.26262884949501	1.14094624877889
-1.50142880975048	0.534054734577795
-0.613682540053849	0.148388769407339
-0.6602523081736	0.45755782695431
-0.588113324008147	0.27951214651156
0.649194987965336	0.585119786952646
0.336253665225395	0.219852908784671
0.699844929497455	0.610883210647445
-0.148358452178061	0.100473554478712
-1.06681154986408	0.71719964350655
0.808418937342754	0.486587032595251
-0.769363552692722	0.41482217185004
0.472822535457464	0.191965104680712
-0.325663137440616	0.0933864485177264
0.833123400855347	0.353380999977591
-1.11951983581622	0.337809535545767
0.37698133283036	0.190992534516531
-1.3003382084299	0.80410577653578
-0.282457474326093	0.128081815389832
-1.42919032757304	1.2634399844814
0.85282863944362	0.774327779543271
0.800555853747441	0.633749361839221
0.0711203096611347	0.046216891451452
0.905287630402322	0.924836207266917
-0.666902627962707	0.522216769367159
0.816872791376835	0.493619660540223
-0.451032640937745	0.297752872754882
-0.266602921767714	0.190588976438006
1.14482377471888	1.03714268989463
0.424909873706813	0.193762617215335
2.14443139240784	1.50350670922186
0.964404580081594	0.255330782344719
-3.07875719123617	0.951227905765892
0.16619130625606	0.0315431724784316
0.962553055030982	0.254827961566665
1.96276901321247	0.454520391574277
1.96276901321247	0.454520391574277
1.96372117107544	0.45473924627511
1.96684138854469	0.455504908505281
-0.612487701707529	0.148134994320372
0.174204355272961	0.0597247391277113
0.168250391881484	0.0577343624104858
0.82525693406185	0.499675554540072
-0.74259669890376	0.320846616763926
0.470055337326698	0.341919869072395
1.41864509261989	1.10172909427703
0.0100252605823455	0.00528720213144674
-0.750520013645642	0.325235753893354
-0.442768569428279	0.291106270683576
0.0433959082315089	0.0238219235270682
0.592054072200213	0.474574587012019
1.64592050754162	1.15997890751957
-0.0346658815985008	0.0149358095330906
-0.768944289792328	0.414291610379038
-0.00550138069125434	0.00255673793773898
1.35777515997233	0.601744093773413
1.26555280538114	0.879584232576708
1.12573984105766	0.858708949237702
0.980819783755196	0.669396421124997
-0.122557227530995	0.068325055030826
-2.04896945823684	0.93265893552962
-0.20829719850107	0.0669881754355871
0.555239766445707	0.201780832151434
1.09308809131309	0.534811978417923
1.09545498925013	0.536344243988646
-0.376472488252563	0.155768984112451
0.705845033604449	0.617462054910769
-0.162422646267511	0.0857980496765256
1.09645720621756	0.537013029562423
3.08607109212731	2.32235003330922
-0.322936466881447	0.0925708388690686
0.169566032486793	0.032038095111837
0.18374299244507	0.0464795790495071
1.84451762847753	0.728350716630867
2.76109157462938	0.779871501961836
0.963743115659934	0.255236344279286
1.35348220382035	0.599165579425034
0.550229507129372	0.199823293779666
0.17881072147523	0.0691883638328724
0.633660270423425	0.334424258526487
0.185732200589845	0.107977961446532
-0.438623514533181	0.288022335333432
-0.366795601394091	0.151414835159292
-0.322936466881447	0.0925708388690686
0.637568863223421	0.337012569037705
0.748980988043337	0.62660429902423
-0.622457687210553	0.362787193593046
-0.00601484612082935	0.00278122183569166
0.448620921561002	0.342962505052935
0.179088432672746	0.103765652296718
0.340349663899791	0.206997111078911
1.48303802630745	0.932496135647721
-0.384593359296238	0.215191706677877
0.161562133987356	0.0554995358161078
-1.25254603603633	0.562193102367071
2.76559849788836	0.78194178274137
-1.79346061997896	0.390723019452767
-1.12396372987595	0.33934973605565
1.10995644829615	0.687220429549501
1.08571507315782	0.530583736420232
0.569574446440006	0.332839820794342
0.173226391620975	0.0670693928756387
-0.656498074618852	0.454595960318711
-0.0781472245863618	0.0306652259451465
-0.750971766157953	0.325331624245207
0.16619130625606	0.0315431724784316
-0.571873188433053	0.27072995481507
0.964404580081594	0.255330782344719
1.29951951746425	0.722783174003019
1.47571624831442	0.927283465908558
0.963214248695465	0.255090594573707
0.936781042440359	0.51118153558692
0.324944336795448	0.237035652792915
0.804217792503019	0.636243374966364
0.170769042992324	0.0660467894405734
-0.275082578998395	0.12461020602859
0.692481142426252	0.221366284684109
0.185076110728506	0.0555416222332281
5.021862050853	3.64531454509273
0.182515705814395	0.0461929473161663
-1.79346061997896	0.390723019452767
0.172935900909832	0.0520977646892395
-0.749356140710198	0.324535436720139
0.0433959082315089	0.0238219235270682
-0.583771853114181	0.469233350262499
0.860789928766496	0.784974957989371
0.623885506573671	0.474383003233912
-0.863066481290794	0.783212913719418
0.178086308271372	0.0777237254815423
0.687453672774919	0.21969379736456
0.549872383663091	0.199625186867885
0.556308696676708	0.202195250417483
0.171088689990155	0.0436215883182389
-3.44686848748983	1.22339694388155
-1.30179396697772	0.805576358241538
-0.129584455026173	0.0460681277767629
0.177694321152834	0.0687605170376194
-0.238737344952566	0.146827126545941
0.165759159342809	0.0641584131500615
-0.310018813377121	0.216256829021735
-0.21406772773903	0.105456582441046
-0.323327855812649	0.227081749701585
-0.131242310768984	0.0734029916656345
0.627567532991904	0.330878791440902
-0.479884602465787	0.35588617022195
0.0780464841217011	0.0484910971733854
-0.656496579864812	0.454068528363836
0.0539929635618871	0.0317015638598677
0.165880035481028	0.0314978449610492
-0.325582325201124	0.0933470317045756
1.46910411205871	0.490049168285487
-1.79346061997896	0.390723019452767
-0.613682540053849	0.148388769407339
0.540304651106913	0.195915676773764
0.185454319096416	0.0556335769192585
-0.121606099675459	0.0432915369663538
0.527466576067269	0.336750964462302
0.573469716843994	0.334946071432621
-0.582540028834922	0.276837293399388
0.976362273609161	0.666463143371288
-1.00377782576872	0.397156038036369
0.569230815974331	0.3323733263217
-0.377350962660438	0.210637909956498
-0.0346009093964436	0.0149098540048753
0.465402707417936	0.338021359605947
0.0271433583755506	0.0137113798232931
-0.162893358065923	0.0860046715727383
-0.218443727989725	0.10787594402362
0.418583026187904	0.190731695106026
0.63998157026547	0.338475426759111
-0.622577087128175	0.362572889070808
0.712432965713939	0.336512499450233
-1.49897898499855	0.532683365671509
-1.14080362759425	0.632847516034372
0.176263706576241	0.0530277163300986
-0.49650800501461	0.187033371669453
0.425368112655579	0.193971462874269
-1.14959118987667	0.63930869596404
-1.19851031375906	0.889899661803448
0.843777178831012	0.35876995680636
-0.493577885172321	0.185829897548729
2.76559849788836	0.78194178274137
1.96372117107544	0.45473924627511
1.96372117107544	0.45473924627511
-0.208388018862045	0.102567536301507
-0.375354820971522	0.155294211429995
0.741050110703045	0.492482241366837
0.815469390255681	0.492496158009565
0.836448935576852	0.355028318228606
0.927419410674345	0.504659925072578
-1.07226094056104	0.72283922896441
-0.283437383972797	0.12854159422827
1.08850211338313	0.531958239000341
0.923471706807312	0.501624006630074
-0.124619577057719	0.0695190922927344
1.3941871431863	1.29724194847228
0.173104182722994	0.0926124504381877
-0.31183823707073	0.217686972085514
-1.57342876029741	1.1893226581013
-1.145612032666	0.636671425174639
0.853366694188432	0.363544292018452
-0.617339897765464	0.149284387408846
1.05804592236107	0.404331959594976
0.845815805906363	0.35975917327147
0.17863134392367	0.0537118645556901
0.688637326691298	0.220082192676685
-0.192291270763335	0.06199269927475
-1.06473136552323	0.716533219695954
-0.380277206583796	0.212358391373823
-1.46907199273655	0.740509202720264
-0.580810490545755	0.275470089991001
0.526231569831189	0.335282024896471
0.553459142396127	0.201030755019039
0.184291063239428	0.0465991085839434
0.185076110728506	0.0555416222332281
1.34886052544281	0.596542879120315
2.13847384175308	0.967026817523456
0.963743115659934	0.255236344279286
0.689821397698691	0.220399946218977
2.13386142848874	0.963951590957412
0.364378997890319	0.204781256203761
0.175865706444362	0.0856644525448849
-0.120844504686832	0.0430331190822174
0.173299717196841	0.0670382465534782
0.696347531127603	0.222535473365176
0.682339311812087	0.217953944354753
1.98266088735288	1.24857030420285
0.544218436165038	0.197506777270022
1.47032706033056	0.490703617760438
0.18374299244507	0.0464795790495071
-1.50215938518201	0.53435945377886
-0.963738711535577	0.474056962855238
-0.0355005121131515	0.0152794890722119
-0.629150392289846	0.367734230009071
-0.889696577856802	0.734536387215528
-0.424362202121216	0.323414766062449
-1.12593540903992	0.964482489969638
0.929357261785221	0.506099103619842
0.968469219672053	0.25651021792255
0.713492738665586	0.336741710182099
0.182336403143595	0.0547549505032696
0.964934921520073	0.255476948633611
1.84140390214436	0.726768879551614
-0.99841061134366	0.394537718823851
-0.371336427701869	0.153389557765106
-0.135134010916441	0.0479974607496354
0.530950724913183	0.339158431856425
-0.66351517177341	0.519010343343189
-0.268694332463133	0.192269874801363
0.709849067497426	0.622644179890087
0.981965997012565	0.974981091656877
0.38493574417482	0.195671989729594
0.471029426995403	0.342780981272913
-0.381984972522689	0.261048841059402
0.625249232065778	0.475755872072628
0.39357165901109	0.200727063174672
-0.0031030330496588	0.00148037290532498
0.168568076048135	0.0735111885080769
1.79675908244634	2.22751848893861
-0.619069360213747	0.149654914653121
-1.79346061997896	0.390723019452767
0.165088029467664	0.0313824661178469
2.76219840038386	0.780594539857824
0.169248055862235	0.0319917175833404
0.963743115659934	0.255236344279286
0.172543826884755	0.051947286242732
0.850069339148531	0.361876749971404
0.719269772077776	0.340054500911702
0.848414965901682	0.36114715155684
-0.0649788496968979	0.0256662860814372
0.175229935098753	0.0600621684845024
-0.464506701142596	0.240117561159901
-0.319817646410374	0.0917687104349087
-1.13946882766251	0.631017139725963
0.170171652868245	0.0827780342662015
-0.315954345165438	0.187606123701689
-0.165994873360538	0.0877202059987829
0.757318839617651	0.636195726986936
-0.212128770215441	0.104482601043352
0.00302379165102828	0.00123471543042545
0.84740079201131	0.360631206481512
1.30243340405806	0.725293281067362
0.573484795597397	0.335469969517457
0.171704025928417	0.0835157689066553
1.59326679625826	0.800279226737387
0.962553055030982	0.254827961566665
0.967933372585482	0.256362285789635
2.76219840038386	0.780594539857824
1.27577819118395	0.889813707468719
-0.0678643207492206	0.0267547480221599
0.740658274974767	0.491561240118514
1.48100357868126	0.932027723317589
-1.30084038701731	0.804839672976325
-1.25254603603633	0.562193102367071
0.183063896529214	0.0463401006276899
2.76219840038386	0.780594539857824
0.17161151118064	0.0663593260099115
0.520824274488143	0.331368724389838
-1.14376104780613	0.63480253551799
1.41756584105622	1.10242673454671
-0.366923986553794	0.151522574693312
0.0157077191123205	0.00807995744572173
0.542835685153747	0.196854746188577
1.80846372247157	1.022176022024
0.180107983152346	0.0541465694868784
1.63641339249522	1.14989177084039
-0.282956403719102	0.128312440108498
0.50237828828846	0.345939060398495
-0.774235404565883	0.5881018625195
-0.51714701522121	0.322213219035816
0.535061973533475	0.342446516512051
0.385909941649434	0.196217638094783
-0.923792165056347	0.559333580960337
-0.202852580834675	0.0997146887414799
-0.755514208166508	0.327660281762724
-1.46515587047556	0.737457902476713
1.96684138854469	0.455504908505281
0.832503518696952	0.353141949264662
-1.11458449535005	0.336227635184335
0.172909841479634	0.0520598771377659
-0.164637763816639	0.0869778023440797
0.74495251159262	0.62220512967399
0.623655409255502	0.328175143919234
0.17899314570337	0.0538175920888867
0.172671045244316	0.0668579744831706
4.58179608275576	2.61692516099134
-0.122215445713398	0.0435046320299458
-0.749962038454575	0.324836661096217
1.05878746464103	0.40482083139178
1.4745635305468	0.492365493098567
1.47525146835293	0.492648627415429
0.850972782511046	0.894051141564429
1.54958155639395	1.32953969736573
2.76219840038386	0.780594539857824
3.94131434673369	1.74409517718346
0.549225010517651	0.199456707208777
0.921545121398504	0.500787350667924
0.335519774595495	0.204022598567612
-0.210199960991454	0.10347087487251
0.720948174329145	0.341130987722089
1.8383071367458	0.724853864168302
-0.200447315869425	0.0645274762182257
1.05566808904931	0.403162157728324
1.96372117107544	0.45473924627511
-1.7934287506278	0.390727439150181
1.26932362129248	0.884008704919198
-0.135344761914774	0.0480662198736017
0.34938230316281	0.213283452308633
-0.375341847354971	0.255553163227768
1.09261193170917	1.27828077724478
-0.310304262155537	0.18360074243149
-0.516751378485968	0.424375453282076
-0.586140009572339	0.278603992039962
0.186752657299631	0.0471525522204707
0.178254851579563	0.0536080680261321
-1.1245135089551	0.339452387639693
-0.330698472981565	0.0947716626031445
-2.04787602398227	0.931932803365012
0.927419410674345	0.504659925072578
0.921978899173054	0.500456159670338
-0.306796495376171	0.181378864081049
-0.654768340587007	0.452617053915151
-1.71239586203438	1.84659125955366
1.25127487174437	1.51413095632801
0.523919164984164	0.333418629607546
0.29545185835853	0.22222965032218
0.176040268255826	0.0856116190799247
0.192981481437968	0.138461434500214
0.349698734810695	0.21381196869608
-0.208837299003829	0.133845158044483
0.52978498546941	0.338243953701207
0.55548802134451	0.322690934012664
0.179746106686676	0.0540237006551008
0.963214248695465	0.255090594573707
-2.57522664974505	0.666917731403372
1.96372117107544	0.45473924627511
0.16619130625606	0.0315431724784316
0.171161907553934	0.0832411183002654
-0.278050958525051	0.126039508900805
-0.613682540053849	0.148388769407339
0.173841338161581	0.0596051278079202
0.626107177791245	0.329864019696341
1.41290891028887	1.09601406749319
-0.123220651484122	0.0438507532384957
0.861177774743981	0.785225083673661
-0.065959692081143	0.0260346746229354
0.348191389067649	0.212525690442328
0.171173221739676	0.0662721494632688
0.165088029467664	0.0313824661178469
-0.0887414274221988	0.0515479111595623
1.08750815001851	0.531291979888112
1.13475227100692	1.02344431092795
0.931194566012581	0.810418764937676
0.033475172302194	0.0184934665457053
-0.365376793227214	0.150864261510649
-2.20472589279557	1.81606882731996
-0.502166281046843	0.189377225365948
-2.57098043849301	0.664920470822356
0.184338509014023	0.0553315106563962
-0.745631042634214	0.322319305626002
0.848390137942497	0.36112999220408
0.555598921920072	0.201915300938634
-0.288553167064888	0.131104800633221
-0.501139737773695	0.18896582897013
-0.498572689177519	0.187792372240162
-1.11896025029368	0.337616084496264
1.96276901321247	0.454520391574277
1.47086646676889	0.49088731436037
1.96684138854469	0.455504908505281
1.34322253527857	0.593318244658196
-0.0265467426073473	0.0115941838612109
-0.955073958947409	0.46872573592985
0.730012242382859	0.48226562963863
-0.274634430844339	0.124358300691603
1.10779709098699	0.684137898347566
0.469827192531849	0.190698541732883
0.468827722244206	0.190230448930594
-1.12396372987595	0.33934973605565
1.59857754726196	0.804530569699723
2.1664918196274	2.241533198599
0.178954017989291	0.103782514549433
-1.81046496062467	0.736658636197327
-0.180843420682692	0.096032228767032
-0.306279382976583	0.181164447399903
0.637685075222773	0.487431482264196
0.680523827207515	0.487771795710601
1.64300453275842	1.15540732557335
-0.366418490284619	0.151428231798692
-0.0718246726392077	0.0282416382398738
-1.26805856517808	0.570914600534935
-1.49175325085157	0.529773188260123
-1.7934287506278	0.390727439150181
0.469643053480253	0.190710227610968
0.838480859620841	0.356210298702787
-0.497250095425204	0.187244475756107
-1.01316344213347	0.796645907791102
0.882819923037817	0.655837748011597
0.178387877468988	0.0690052751650131
0.712514372081836	0.336121352777663
-1.50289020322423	0.534512321528133
-2.05281302393613	0.935366141453254
1.08788836479962	0.53156608167024
2.76330811440907	0.780761067286217
0.925410941995287	0.50302031593182
0.71503477840043	0.337624289933587
1.26215046666862	1.06793059703626
1.96372117107544	0.45473924627511
1.96372117107544	0.45473924627511
1.96684138854469	0.455504908505281
1.83556105705841	0.723803926717143
0.311200367739946	0.236083658715845
0.436004896885406	0.348860514804941
0.312545712929828	0.237358960432358
0.371638361720483	0.20911191715959
0.178725268959645	0.103538436877302
-0.760345084318004	0.408576391808945
0.507441819635688	0.350250073499196
-0.218703692175002	0.107938823585339
0.718996087124188	0.340013548677714
0.571659355303781	0.333674600044308
0.17565870033917	0.0766184471688
0.385692129585193	0.195850163622844
-1.5026235657887	0.534584753118728
-0.459789094063699	0.237563524064593
1.84140390214436	0.726768879551614
1.96276901321247	0.454520391574277
1.96372117107544	0.45473924627511
0.384849394445588	0.195365468391383
-0.160484571443986	0.0847418866929902
0.180208044035612	0.0877730271711821
-0.431836437851482	0.330509074262787
-0.662156399387368	0.517207550621779
-1.70234612311018	1.41144026612562
1.10703600887587	0.684696032671947
1.29179522743567	0.717899559026649
-0.99803333812908	0.39440964118414
1.0516149872675	0.401512248410012
-0.613682540053849	0.148388769407339
0.182384642090162	0.0461735738884295
-0.124442240843376	0.0442663690892336
-0.379874537979506	0.212113225028327
1.59462863307605	0.801559751291256
0.178395125739173	0.0956479641521158
0.344110756716906	0.209563627676026
-0.31467458744796	0.186567848899655
0.984951601545002	0.673343862835275
0.490806493635473	0.336436242026236
0.445019867693326	0.339271413211828
1.46910411205871	0.490049168285487
2.76671632811135	0.782410087450427
0.4234202211193	0.193034609297238
-0.700673100063675	0.23947715305123
-0.331432979676728	0.0949515324990773
0.426397409454567	0.19451490110927
0.533563245722632	0.34159940341599
-0.496529611776328	0.187086496901877
0.811128754035352	0.645446285193224
-0.367159499526134	0.249313243099469
0.630843694637001	0.480589360045482
-0.364262540078694	0.150356151100216
-1.49608539149807	0.531478987360942
-0.194113630428157	0.0625242468970416
0.322446780833835	0.222812126723199
0.493725831653201	0.338921984271694
1.45124526729471	1.64307384083715
0.570276357297971	0.332536877010566
-0.305678688709274	0.180661218915993
-0.158277422346857	0.0835346648677236
0.382872340482065	0.1942357161443
-1.46556737542942	0.737399568931953
-0.196970790009868	0.0634432336968819
0.176552672502959	0.0605054209747227
-0.289289385533113	0.131511315476846
0.552747570175129	0.200686243223241
-1.65488617717747	0.931129464681145
0.362788018879772	0.20342222489299
0.733380373137645	0.484889429244638
0.581544325422293	0.340860185607739
1.35348220382035	0.599165579425034
1.96276901321247	0.454520391574277
1.35170505429441	0.598459395279544
0.964404580081594	0.255330782344719
3.27272750868887	1.11966450015405
2.13164652612125	0.962465868289965
0.688185381402826	0.219868290083128
1.96276901321247	0.454520391574277
-0.324126952894347	0.0929244396746841
-0.0313083012657367	0.0135552996661402
1.27150676048536	0.884710271509002
-2.25411359338022	1.13343118243164
-0.122215445713398	0.0435046320299458
-0.473172568733237	0.245664968714804
-0.703264262088321	0.240508331840629
0.384849394445588	0.195365468391383
0.550585584584045	0.199969616725774
3.94764084202246	1.74800550010391
-0.00773470930267359	0.00354831059123831
0.333560960507078	0.217968517856507
0.0267711142122606	0.0135260149161286
0.676878551410764	0.484553132144432
-0.250764842984879	0.155092778457343
0.174650650238659	0.0761513227900883
0.174165381377833	0.093158981324309
0.550229507129372	0.199823293779666
1.48199321524583	0.931110760476387
0.165088029467664	0.0313824661178469
-1.50142880975048	0.534054734577795
-1.49825523114142	0.532562193916483
-1.14459554085305	0.635948604491747
-0.507107257415835	0.191392547046605
1.84570196896662	0.728945119955139
-0.379386021759956	0.157118615661147
-0.0223160782165282	0.00985532863986736
-0.221183618396326	0.109192131796346
-0.571361862357512	0.270456478929924
0.180236681648493	0.0966442335991653
0.17700284287452	0.0532253086588512
-1.49825523114142	0.532562193916483
1.8039005047542	1.01823404154245
0.172713073431482	0.0752861785253497
1.47525146835293	0.492648627415429
1.47086646676889	0.49088731436037
0.687368688538373	0.21962274738387
0.164625296117395	0.0313507498370328
0.556308696676708	0.202195250417483
1.06118272499864	0.405550780549417
-0.00956241646836967	0.00607627924022768
0.184242654904178	0.10686123393004
0.033310424473183	0.0167931155927127
0.319524769301426	0.232506803686595
0.471714133677635	0.343417358363608
0.318214348020589	0.242311629692456
0.813487153087377	0.975416524316759
0.190426528418743	0.0929838774162265
-0.378790757627093	0.211177016091549
-0.129979551481791	0.0462019065222805
0.381677999637873	0.193832362012244
1.05235833798367	0.401844810202421
0.186752657299631	0.0471525522204707
1.41588296233553	1.09762527760555
-1.8221395604156	1.1404160946093
0.320014533784684	0.232953270742995
-0.00504484169949091	0.00234765059784
1.05804592236107	0.404331959594976
-0.463682805782788	0.239718370627626
-0.748750624071192	0.324201697189559
0.962553055030982	0.254827961566665
2.76559849788836	0.78194178274137
1.97803300453152	1.24475768120597
0.166320253572048	0.0643709570145403
0.185172036742944	0.10757957672022
0.469767690829141	0.341677499156461
-2.52064342161542	2.60230754212237
-1.16498336428889	1.17883586655498
-0.0360798294056658	0.0155212792131445
0.687453672774919	0.21969379736456
0.963214248695465	0.255090594573707
-1.00057398212972	0.395354994834308
0.688637326691298	0.220082192676685
0.963214248695465	0.255090594573707
1.35205380401403	0.598333159725176
-1.80673302551369	1.62491668691248
-0.442138020840385	0.290896900654622
-0.0699279906334021	0.0275352416289361
-2.32312470759008	2.08331365868638
0.629695157886122	0.479985193312472
0.860568046858554	0.784348340624148
1.26919682171696	0.881889836747906
0.310918557130985	0.23594079386885
0.718435275402613	0.339720316166281
1.96372117107544	0.45473924627511
1.96372117107544	0.45473924627511
1.80214347751856	1.0164368004903
0.572618774975108	0.334405145091627
1.98757799606323	1.25432902720667
0.386424016595887	0.196585543952617
-0.38167588778588	0.260854622554237
-0.586094131867088	0.278540640573356
0.495469795616885	0.339831709412963
0.344681609327389	0.210030563585768
1.56644307200206	1.35477102323842
-0.165802940550976	0.0876022204631983
0.188080878996833	0.0917769888050769
1.47086646676889	0.49088731436037
0.919538897559668	0.499154172936634
-0.0410632080521534	0.0176029933793664
0.556474720796357	0.323108534625836
-0.208388018862045	0.102567536301507
0.496692975273878	0.340972256740545
0.986119801396107	0.674124373660852
0.630243924930446	0.332090302468619
-1.25847725986996	0.565797109462532
2.76219840038386	0.780594539857824
1.29829443526571	0.722336990280255
0.158642723352139	0.0614086451570313
0.929424479278469	0.505897092748427
0.179269118850548	0.0960941811672861
0.976673520777039	0.665038876681972
-1.30372546324385	0.806847133608325
-0.213398118549824	0.105104544394684
0.168910828881268	0.0579679737759373
0.958352222975233	0.253964848564806
0.963743115659934	0.255236344279286
0.16619130625606	0.0315431724784316
-0.32485451718176	0.0931499749349684
0.187984352048437	0.0474280610765032
1.05841937425473	0.404493015312573
-0.195531539432362	0.0629840149892884
-2.04826273814137	0.932264876861533
-0.367913871535984	0.151901263292454
-0.222155298746123	0.109684977566308
0.931463000336835	0.811847283672094
-0.0776841292482497	0.0304932053455497
0.330106391365497	0.215445585831597
-0.00504484169949091	0.00234765059784
1.46842163094462	0.489769078028611
1.10142126190899	0.68022819886582
0.578569482051291	0.339101470522362
-0.650867779775138	0.448811454232833
-0.465370579277353	0.241032836868039
-0.122665596248299	0.0684002026096005
0.568888861100807	0.331554858551489
0.347922746434429	0.212657828112031
-0.0329702853369183	0.020408677730991
0.922061902815981	0.501312107166686
0.633383733403122	0.334644866521731
-0.156353222312118	0.0824635899750931
0.817648749388514	0.493657204181521
0.686721713829268	0.219371725498129
-1.79346061997896	0.390723019452767
-3.07402416243152	0.948685276185543
-0.764271133372728	0.411077987841827
0.193552329496484	0.112832822025263
0.930326074357016	0.506748256320087
0.630762674516601	0.332500834661757
0.978057511092421	0.666348475988114
0.631447390838361	0.333317916604404
0.964934921520073	0.255476948633611
1.29694224603895	0.720632879630045
0.468823111897765	0.190339555471528
0.16619130625606	0.0315431724784316
1.46585570298693	0.489030037475911
1.96276901321247	0.454520391574277
0.967271104517323	0.256176548116206
1.96276901321247	0.454520391574277
0.187300583927818	0.0472598613580206
-3.07822553691956	0.950796797182827
0.554529317239519	0.201500781149606
0.179274213223518	0.0454636418217038
1.47086646676889	0.49088731436037
-1.80294806323006	0.732963939188901
0.551298334729919	0.200249958464128
0.0487335827678656	0.0353991003803995
0.811189554841472	0.488966315269962
-0.316941621991809	0.221761103114939
0.858965622080265	0.782212089608144
-0.117949451610993	0.0813444705244742
-0.00861036270101834	0.00547038509865958
0.643382563037463	0.761939605402598
0.0891675435282079	0.0628596032482242
0.210704475083718	0.164133624925502
1.63837693717167	1.15226107285419
0.346181160173999	0.211285916617219
0.1780336780817	0.0953481265388075
0.581176089829122	0.340736583906465
-0.00239960751835077	0.00117568222750449
0.692481142426252	0.221366284684109
0.713492738665586	0.336741710182099
0.180484451327502	0.0542489043189748
-0.0368124823398353	0.0158414603303477
0.519498698114501	0.330248027214451
1.29586837621044	0.720826497078155
0.180855826143695	0.0543097849929288
0.174785547530182	0.0526214906817273
-0.312131878407579	0.185091047362615
-0.585668575236509	0.278305773676009
-3.07402416243152	0.948685276185543
1.96372117107544	0.45473924627511
0.412168483354373	0.187395907646168
0.622686163312133	0.327511518374809
-0.0846808259477763	0.0491852276596982
-1.0424226474105	1.07844127264513
0.773877900579127	0.856973635771981
0.901935157133712	0.919804933666798
-0.123220651484122	0.0438507532384957
-1.49705816852235	0.532032217355669
-0.221607632456538	0.109411331801366
-2.05422330759801	0.936346916870338
0.178049240810411	0.0452053813438565
0.185813320888401	0.0557349268614171
-0.751578918535292	0.325601084499325
0.387383113206452	0.197169514550084
0.388588574058945	0.197650480504143
0.179814369499614	0.104200922270271
0.38661515263637	0.340456374779303
0.562301084954101	0.32705327835442
0.524648018505869	0.334760215116142
0.313863119528549	0.227753101068746
0.979320608967826	0.668821545241543
0.348724818475423	0.213138091745499
1.92405515874399	1.66208595170818
0.731324781141288	0.48284699497927
-0.0648405314340054	0.0256319624010108
0.181995861815111	0.0794749231067184
0.63318029710856	0.334156962897562
-0.173100236324008	0.0917291723977696
-0.367994153525622	0.315270606482677
0.187678586129188	0.122763117645397
-0.173535682619521	0.114439566083252
1.27172383956173	0.886566975020811
3.94131434673369	1.74409517718346
0.356278098641964	0.199486429324889
0.801210590460474	0.634160351004342
0.182484105638909	0.0547795623460174
-0.210257217477545	0.103578187272527
0.171704025928417	0.0835157689066553
-0.768407845300964	0.414298071680974
1.46910411205871	0.490049168285487
2.3754440739013	1.20341517424864
1.34992552348217	0.597211152410209
0.923024783217736	0.501196414852532
0.182493648374944	0.0796958307765132
0.384849394445588	0.195365468391383
-0.0629303552611234	0.0248944393040827
-0.0811984182586254	0.0318160099772292
1.96276901321247	0.454520391574277
0.165880035481028	0.0314978449610492
0.179186941663505	0.0613870679805912
-0.746567596407663	0.32317257549059
0.552010634561459	0.20046264360567
-1.65987602053016	0.934953860814601
-1.07490999224228	0.726086004049827
-2.77256690403788	1.862902052109
-0.92044563063861	0.555856560781271
-0.0448235962229832	0.0191818502519923
-0.611962616144159	0.147977912487881
0.684701102955821	0.218657021719675
1.10635335363475	0.68286476480187
0.180092520900824	0.0877002182918641
0.345994445608582	0.211178587912353
-0.157705240394113	0.083204019685541
0.0295016679870237	0.0163512110998262
-0.314228062046467	0.186520441781127
0.836801828367122	0.355233633929432
0.182515705814395	0.0461929473161663
1.30597595664212	0.727699361332036
1.84022304372881	0.72612017307568
-3.99861681475654	1.73147127002256
-1.49753171438992	0.532305096548695
-1.79785205353169	0.391773074809323
-0.697202314681331	0.238170495213451
0.477792218364005	0.194185516539515
-0.374367935902034	0.154859203967229
1.59857754726196	0.804530569699723
1.08609801322351	0.530754269656687
1.59654903261596	0.803007544231757
1.96276901321247	0.454520391574277
1.10655664827651	0.684046418411796
3.27393157336313	1.11982869858365
0.164778629348208	0.0313374327003096
-0.619069360213747	0.149654914653121
-3.07350260546998	0.94852963330217
0.167889275021725	0.0576253650682983
0.185076110728506	0.0555416222332281
-0.124837825991722	0.044401537177189
1.1258764893471	0.858890677737192
0.17469500540013	0.101213814492921
0.173688120627949	0.075722075568917
0.498631599846381	0.342735231615618
0.52418983380594	0.334210140083229
0.191796621073926	0.125732628889361
0.171120665297702	0.0833153561303721
0.321865276976809	0.222473126916851
-0.585273237691733	0.470422312496525
0.325595466743732	0.237575462134658
0.184714520252153	0.114365997701842
0.843422236893639	0.358554124858322
1.11702728198572	0.692719097117969
0.67570491049606	0.483197313536805
0.563938687394631	0.328746252992028
-0.772053861069683	0.504202554822303
0.46306655364777	0.187776589424895
0.336668361323754	0.204640161998287
1.48300464947212	0.934081791589259
2.58532225023263	1.45264161088505
1.27764974313616	0.891728090026837
0.473198825825499	0.192238507652064
1.59654903261596	0.803007544231757
-1.00415219200353	0.397187604454455
0.414178505669914	0.188360641507512
-0.743607658160876	0.32145501649726
0.968469219672053	0.25651021792255
0.930383844002303	0.507146696378062
1.27343045461288	0.88718068460138
-0.0341514539287802	0.014723804246443
0.765229923339601	0.64463809602175
-0.0921334537508945	0.0535960172909739
0.179845637419764	0.0616123591521601
-1.25150722571847	0.561383579588263
-0.618535635333325	0.149538863092151
0.16619130625606	0.0315431724784316
1.84644215856505	0.729350990286639
0.543153338421797	0.197033542378853
0.713492738665586	0.336741710182099
0.330777092103264	0.215732800774247
0.167301337112252	0.0647584008888962
2.13496821496621	0.964511990833866
0.442669809969985	0.337257658118082
1.78996234081947	1.83410036807399
1.96684138854469	0.455504908505281
1.96372117107544	0.45473924627511
0.550229507129372	0.199823293779666
-1.24688169093376	0.558888115507585
0.358460434154854	0.200850558685545
0.348940675807899	0.213052126092824
-0.375354820971522	0.155294211429995
0.0440972970282411	0.0242043001274505
0.180632287951101	0.0879886323905343
-0.621231001963451	0.362324909819772
0.162579653758822	0.0558519902259369
0.179373437044473	0.0960085231188665
0.352121798771062	0.196958652172375
0.845815805906363	0.35975917327147
1.4745635305468	0.492365493098567
-1.25885564304551	0.565783370773101
0.175528710194884	0.0601682623632123
-0.123831252718902	0.0440604843970144
0.55666795219135	0.20227767313483
-0.284898959562331	0.129208403955742
1.47209004689925	0.491178510113126
1.84525714600486	0.728756039651982
1.96684138854469	0.455504908505281
3.27752825134246	1.12202020233476
-0.619069360213747	0.149654914653121
-0.0758039589727982	0.0297393931166451
-1.20556600784988	0.898475753003853
-1.21324038442798	0.907743592744506
0.362997047547182	0.203601260342835
0.174785547530182	0.0526214906817273
-0.0450631193400724	0.0192783362098936
-0.121780551281279	0.0433765059795377
-0.926678618335314	0.56020644882702
-1.01507902194208	0.402491912396081
0.169570842988667	0.0581880998558025
-0.460758823006416	0.238130177135739
1.27437926014846	0.888249511562815
-0.165505674971376	0.0875574432628282
-0.838056913606444	0.883222903166873
-0.465815035231061	0.241308658320707
-0.776026984025662	0.65913025319735
-0.0310922482627444	0.0134753509952322
0.547057604624631	0.198554222727286
-2.44634487417805	1.35576812746217
1.05878746464103	0.40482083139178
0.686270437198953	0.219228628867356
-2.57067328278635	0.665094197548339
0.469643053480253	0.190710227610968
0.713407955282736	0.337122359406939
0.360860977706165	0.202198948283648
0.191955697638301	0.111816233475434
0.188626381381517	0.10963878409815
1.8055016985299	1.02012496110933
0.180107983152346	0.0541465694868784
2.76330811440907	0.780761067286217
1.46585570298693	0.489030037475911
1.47402323433779	0.492035659807906
0.963743115659934	0.255236344279286
0.165088029467664	0.0313824661178469
-0.496879333423488	0.187181684059415
-0.74122831740074	0.320242482806758
-0.00590701056932378	0.00273763001083674
-0.276272446439676	0.198393399126657
0.203874637152741	0.147021103325298
0.117570412798026	0.0894843357096262
0.351076222352462	0.214562050060955
1.11139056015261	1.4123231141293
-0.238014244759286	0.196522430160178
0.752999656468852	0.734818814821588
0.122372466099528	0.0933938924619096
0.136219341029762	0.116233158364529
0.713526155601906	0.716161629565155
0.0259887334573919	0.0174473418059863
-0.0616210434155375	0.0370189469068434
0.804791944530893	0.866621133676057
3.27152519356808	1.11907150574555
1.05989643717056	0.405275695027378
0.39207239230083	0.199812676160473
0.200152584633826	0.138182395244719
0.527864209117331	0.336720522107448
0.18784709167326	0.100789302683299
2.13021281863573	0.961386928995266
0.731733127319299	0.482999399664107
1.47277528463141	0.49146011988965
0.416019073415376	0.189142650978629
0.172230797984254	0.0750622156102414
1.12099459002392	0.853721728469029
0.903675409663906	0.922178363934805
0.749551435976297	0.627145870599948
0.180685528523274	0.0699125106463246
0.554529317239519	0.201500781149606
0.848390137942497	0.36112999220408
0.964934921520073	0.255476948633611
1.83904259060411	0.725255788020061
1.29596944158472	0.719833885534944
1.28374716081502	0.898146226280778
0.934865815670501	0.815445732780326
0.700957570577996	0.612554241081331
0.807866982293613	0.641867147418159
1.96372117107544	0.45473924627511
1.06486169296399	0.40740811103867
1.96372117107544	0.45473924627511
0.623655409255502	0.328175143919234
-0.197681301235905	0.0636672013988199
0.812959895481002	0.489589656524418
0.522910886821324	0.333327367942437
-0.519908534328017	0.324653723063989
-0.274390175079253	0.196877628270956
-0.0801055936873721	0.0313959180984179
0.474347090120744	0.345629300008603
-1.07296169755897	0.723789789987354
1.06375255943934	0.407031400293661
1.47155078449581	0.491168545293048
1.03956963619353	0.983124196142697
0.3549059574313	0.198571006282353
-0.473417787924491	0.398228758522624
0.419465408252761	0.190942893827129
-0.215915074748525	0.106522697114368
1.05731446601517	0.404073999886943
-0.492545799481847	0.185468080029724
1.47402323433779	0.492035659807906
1.59892898617393	0.804344272198253
0.362267599779951	0.203425800106244
2.77014537202506	0.783552977740789
3.27272750868887	1.11966450015405
1.96372117107544	0.45473924627511
0.169248055862235	0.0319917175833404
0.849408948383461	0.361671672630261
-0.196970790009868	0.0634432336968819
-0.750160210493648	0.324665889189866
0.174899169086388	0.0851670042735498
1.80849011512453	1.02231612629982
1.64932244866165	1.16376300280737
0.474198126463934	0.19270082318148
0.833163666665121	0.35346794461736
0.624624826466792	0.328815517980646
-1.49247986516622	0.53011506511111
0.421990053396122	0.192245134439215
-1.14526685959787	0.635839392484114
1.48837489165499	0.938185007954384
0.388588574058945	0.197650480504143
0.709537560971038	0.62219204159271
-0.966889299860385	0.85081602163295
0.180484451327502	0.0542489043189748
-2.04179018303573	0.927926984033333
0.178161345351442	0.0610444196674466
1.47155078449581	0.491168545293048
1.59462863307605	0.801559751291256
-0.618535635333325	0.149538863092151
-1.50342895272977	0.534820350018527
-0.955633680315855	0.469059081581706
1.30146246649907	0.724522922364383
1.25946624639531	1.06410538078156
-0.626236078220756	0.365888008680193
0.549934062313663	0.199685220416624
0.85042709926287	0.362163990330178
1.09227555082659	0.534570087714788
0.413143259890935	0.18790555165654
0.484169899118959	0.197000293895378
-0.000824191370312104	0.000466198568659029
0.38956788129781	0.198078421641994
0.718996087124188	0.340013548677714
0.467840058855371	0.189904966918735
3.27631781619437	1.12171855032085
-1.7934287506278	0.390727439150181
0.181837521716867	0.0460537144756759
-3.45307509546519	1.22686211973226
3.27272750868887	1.11966450015405
-2.57522664974505	0.666917731403372
-0.123831252718902	0.0440604843970144
0.553459142396127	0.201030755019039
-2.21797351757249	1.83801204224363
0.365344445695552	0.205419283308237
0.0898379312372572	0.0587032166064722
0.317121626402925	0.241301242682315
0.312153619396861	0.226341916603161
0.933546674526339	0.813730087264166
-0.0415439911714095	0.0256863643507058
0.0458801384379698	0.0332898061652621
0.446929445246836	0.341387131894423
-0.657150727139205	0.750502853033454
-0.693813368745137	0.653470907173605
0.863719727674925	0.788786471965188
0.193427597442672	0.144063056168966
-0.211581269242345	0.104192685315961
1.60086135182031	0.805474181723299
1.10586821525081	0.682381806888523
0.426857042810016	0.194772651866993
0.169769039591311	0.0825264243109056
1.35458372256336	0.600126054059965
0.183063896529214	0.0463401006276899
0.549934062313663	0.199685220416624
0.324825574106937	0.224846310003514
1.25712463152051	1.06238528017409
1.35529673097699	0.600305768997688
-0.32485451718176	0.0931499749349684
0.467435422769942	0.189763860429757
0.555598921920072	0.201915300938634
0.554529317239519	0.201500781149606
3.27272750868887	1.11966450015405
1.06449307015235	0.407221804443696
1.11265931490102	0.688765450288419
0.625676991853506	0.47603260621749
0.531499702657155	0.460506141004665
-0.284417102085834	0.128986915140891
1.92594503762061	1.66696963906495
0.713965740603098	0.337338313632072
1.96372117107544	0.45473924627511
0.962025660417238	0.254682745005495
-0.00167725265894501	0.000853603414034361
-0.76817333115035	0.580521599982789
0.976576073167253	0.66480853057485
-0.896460220167752	0.645038728430381
-0.00743416883269383	0.00341966788693361
0.176138785194489	0.076835812846744
0.171753346999323	0.0664367381108907
0.964934921520073	0.255476948633611
0.964934921520073	0.255476948633611
0.384339873370408	0.195103212494859
0.0544669982635765	0.0319580186381719
0.527864209117331	0.336720522107448
-0.19624115961797	0.0631993229606972
-0.618535635333325	0.149538863092151
-1.00198766685669	0.396175079052544
1.35170505429441	0.598459395279544
-1.12086886051128	0.33811902750598
0.876922814425303	0.649372574413872
0.417970167573709	0.19018267865932
-0.0687905672431759	0.0271293223108896
1.05767805940452	0.40430204105456
2.13239173303271	0.962976446468332
1.96276901321247	0.454520391574277
1.96276901321247	0.454520391574277
0.964934921520073	0.255476948633611
-1.79346061997896	0.390723019452767
0.692481142426252	0.221366284684109
2.76330811440907	0.780761067286217
-0.767453129627885	0.413649350614576
-0.193735099625946	0.0624393983877589
0.681600849226051	0.217707538421281
1.08670587761131	0.531285464915701
1.47954443514528	0.929251990384716
0.354603113862892	0.198304245524635
0.35975080515339	0.201431728531042
0.410674026823197	0.186595237728108
0.687368688538373	0.21962274738387
-0.379940817920688	0.157371456640493
0.18139636159084	0.0972790971716131
-0.768016033660398	0.581347411156018
0.173036315290626	0.0925838105354589
-0.625669246085811	0.36486587225854
-0.00870533275102309	0.00398338217135951
-0.0315343702819889	0.0136586197665475
1.10977022207675	0.685954310241983
-0.919736066352457	0.555873180260552
-0.0801618026797435	0.0314312822044557
0.62852395186883	0.331490500613762
1.47032706033056	0.490703617760438
-1.79785205353169	0.391773074809323
0.690559056864311	0.220592978829305
-0.492920041972495	0.185567465410241
-0.75611798444061	0.327981950322127
-0.422559457657894	0.321856699567081
1.89921712884281	2.10428520419517
0.709864501255251	0.33498104786306
0.633858291384572	0.33484064492127
0.565932033446641	0.329782494389972
0.808868638288101	0.486978977055121
1.90133219320496	2.1079783399173
-0.770858746960093	0.415599770937099
-1.26442467098108	0.569146459384872
-0.899529207008041	0.648669448142588
0.807701132212714	0.486622012036271
1.96276901321247	0.454520391574277
0.16619130625606	0.0315431724784316
-3.07875719123617	0.951227905765892
-0.509810363913967	0.192412302708023
2.76219840038386	0.780594539857824
1.96276901321247	0.454520391574277
1.46964366147565	0.490422889690681
0.176139035531232	0.0447669868764769
-0.0693590507969908	0.0273198390182347
0.424975110953083	0.353511059445605
0.0287190740981155	0.014498768184298
-0.359327831967134	0.277293825151645
-0.136506966071634	0.0919560842576126
0.931371549994178	0.811529756365222
-0.168296108464087	0.126633884235734
0.34059768368951	0.237396895663995
-0.60520798025501	0.532800306267603
0.197937139643436	0.136545933695333
0.197731542483555	0.147680233858692
1.24258720567198	1.49840924480052
-0.166184409305378	0.109237443871241
0.0677822926968041	0.0420571695953634
0.178881883802134	0.0958687236576956
0.551298334729919	0.200249958464128
1.96276901321247	0.454520391574277
0.84874813165367	0.361333340145203
0.179592237972852	0.0875598811658197
-0.220635150137555	0.108909007899008
0.185066191661488	0.099286711291124
-0.196970790009868	0.0634432336968819
-1.11951983581622	0.337809535545767
0.92735104973989	0.504429301312337
1.80488982183167	1.01914911411703
0.871677503134424	0.798740205226723
0.581312154778413	0.340429699927053
0.810996317725019	0.489227760359177
0.703854600619819	0.61501795088352
1.14673451367686	1.03859718625126
0.169342834606259	0.0823017048070232
-1.12019427196772	0.338020301365193
-0.0733809977579849	0.0288349533476671
-0.0683797911008886	0.0269526673586698
0.963743115659934	0.255236344279286
2.77014537202506	0.783552977740789
0.164778629348208	0.0313374327003096
0.557377051584084	0.202557437641114
1.05989643717056	0.405275695027378
1.34544638580469	1.58300099375429
0.711399968443591	0.335825568860817
0.542160687431422	0.449283108380252
0.317131984409737	0.218795636329703
2.76219840038386	0.780594539857824
1.96276901321247	0.454520391574277
0.479787385949075	0.195135116565142
-0.257164940697908	0.159394205187582
0.419978840295239	0.191176345198112
0.680937597275331	0.488444864264157
0.822377495089117	0.497475081781684
-0.0150415501422972	0.00682401610249083
0.546346904865407	0.198325214127253
2.29430814236164	1.78577724024143
0.388588574058945	0.197650480504143
1.1277845672189	0.861163888367982
0.809375124566091	0.487319911765099
-0.365249593379889	0.150776093416907
-3.0729809879685	0.948009080411761
-1.64877676094374	0.924776485622219
0.552366600094505	0.200647521424049
-3.99280599777723	1.72674829161483
-0.494894822438954	0.186283001068513
2.12634870418503	0.95912271644804
0.176354608339169	0.0857660106201213
0.711381953635283	0.335336450077716
-0.281715498941186	0.127899696441362
0.687453672774919	0.21969379736456
1.46585570298693	0.489030037475911
1.4646350690462	0.48856709745013
0.164778629348208	0.0313374327003096
0.632692763791964	0.333766596119835
1.47032706033056	0.490703617760438
2.76219840038386	0.780594539857824
-0.613158918177153	0.148231887572971
-1.12328075924743	0.339047939506251
2.13275419746116	0.963270597877117
0.0232252889272463	0.0117827063758022
0.188050516192257	0.109454627238637
0.723261073316436	0.47689181965043
-0.960946536022262	0.472231353658055
0.537441456010863	0.344208496186674
-0.763998428384847	0.411584090181485
0.175131571337344	0.093713639661151
0.962553055030982	0.254827961566665
-1.1182849071041	0.337405124817419
-2.61591540538228	1.59657211940411
-0.438713955840168	0.288104550037164
0.417095052321074	0.189979485780762
0.181139305337421	0.111865215110691
0.0976927002747829	0.0666812389964784
-0.063954009862461	0.0252837414577822
-1.57594626701895	1.1914010057903
0.686721713829268	0.219371725498129
0.176151715208171	0.0681554302009089
0.84874813165367	0.361333340145203
-0.590949882015622	0.281350368578303
0.165088029467664	0.0313824661178469
0.187435346122179	0.047292837125537
-0.326043908260378	0.0934449166225896
1.59361466522007	0.80088415110559
0.181222403711057	0.0544586569816679
0.479577254545525	0.195000342217498
0.347597779523885	0.212103412775515
0.846171628001674	0.359694731462397
0.181837521716867	0.0460537144756759
-0.210071767677059	0.0675314693327457
0.17388527997155	0.0596222487809083
-0.123615274187178	0.0439773688403038
0.471588580083609	0.191447919383032
0.0143548481551661	0.00741290289880349
0.551654521195964	0.200367304145546
1.65171441634278	1.16668747896697
1.29530913404538	0.720178516068358
2.76109157462938	0.779871501961836
-1.49561006114969	0.531433597211914
0.161251150232847	0.0308565698216007
0.177362298643623	0.0450515694227369
1.06449307015235	0.407221804443696
-0.19265924146981	0.0621226000055922
0.838480859620841	0.356210298702787
0.174744153055098	0.0675877292008797
-0.98108408058199	0.869937620510028
0.48910533576801	0.334837460684884
1.41608936390281	1.100428623008
0.317969896222123	0.231266036361626
-0.319029362861991	0.250722062062858
0.186153515907518	0.115333541525245
0.0908662932732016	0.0593945035146021
0.348347363178677	0.212601285472521
-0.518506835645393	0.42602231740238
0.599853711473886	0.578735069257929
-0.113390910757581	0.0780474241537738
-0.356634910350008	0.303525291670678
0.540107349485926	0.47023242628702
0.0370149852911019	0.0203715629540441
2.14346311197232	0.969739011196667
0.16619130625606	0.0315431724784316
0.549516086641495	0.199542874934359
0.73378795431337	0.485216747609366
-0.773538525692021	0.41781806325108
-0.592963955332215	0.282294084600698
1.05767805940452	0.40430204105456
-0.612487701707529	0.148134994320372
0.548120288206186	0.198903058095186
0.642355423578124	0.492102689439952
1.09186750437265	0.534241950816178
0.62664849063822	0.477002612671194
0.466986741337368	0.189353228234193
-1.25254603603633	0.562193102367071
1.34638906207876	1.58508658604706
-0.613012730411062	0.148202450577793
0.688637326691298	0.220082192676685
2.42993434911468	2.08076840958896
-0.471046780339722	0.244225289082318
0.184291063239428	0.0465991085839434
0.559556523494549	0.203384722969785
0.667759267541042	0.476260507798846
0.352193591301265	0.215573262909641
1.25141844135075	1.51468807508691
1.28140850593812	0.895505293421366
0.0502372201164836	0.0275894268371631
1.29489864782618	0.719995922701654
0.179088432672746	0.103765652296718
1.96276901321247	0.454520391574277
1.35484980404274	1.43189691684572
0.808813189231854	0.486705025903785
0.466036577605995	0.338556633860736
0.421869080210924	0.192163709713804
0.525928228657682	0.335521616765575
0.843443663477006	0.35876328544495
0.685539141555545	0.218907224669263
0.42290347539764	0.19277164653448
1.08911546676438	0.532139557345346
0.688185381402826	0.219868290083128
-0.0451373244826576	0.0193060485397216
-1.12026119291491	0.338168680078347
-0.124384654386373	0.0442880812812879
-1.32315258555298	1.07921704739411
-0.747171016307407	0.323378302658716
-0.93133991734268	0.565170054284536
-1.12464685880463	0.339484249108323
0.681600849226051	0.217707538421281
-3.07402416243152	0.948685276185543
0.963743115659934	0.255236344279286
-1.79346061997896	0.390723019452767
-1.79346061997896	0.390723019452767
1.96372117107544	0.45473924627511
0.175234430946419	0.0938651496581662
0.714057585749148	0.337036298070241
-0.0791811018205979	0.0310620640361985
1.11558596071797	0.691383124325184
2.76219840038386	0.780594539857824
1.96684138854469	0.455504908505281
0.175155035311403	0.0527334069281177
-0.0068740677939151	0.00316951125045812
0.168551797974127	0.0735094148580177
-0.900048450093533	0.648137186498118
0.183714314852199	0.0985192707616615
1.11313830196945	0.688894897200926
0.530424636480061	0.339089797287632
-1.50215938518201	0.53435945377886
0.171488774809756	0.0748342853660748
0.176711268978432	0.0683795412521634
1.26725847372103	0.879832655904844
0.372358402586653	0.209685761806554
-0.124257250268169	0.0693097858052694
0.0860937701874082	0.0561925956217183
0.365908843519161	0.205791910448167
0.174866744414616	0.0599504088128746
2.58667986627849	1.45385465135736
1.58932551992224	0.797901086619759
-0.329512287054466	0.094417417841927
-1.79346061997896	0.390723019452767
0.182484105638909	0.0547795623460174
-3.07928878926676	0.951136693928373
-1.80255467315262	0.73276942485064
0.179667994956428	0.0874904709866229
-0.653201520661347	0.450772232263243
0.38050098998865	0.192753206352688
0.181204829426007	0.0971884233104684
0.976147138494849	0.66450007289395
1.59690016581137	0.803005891193071
0.173999188501109	0.0845537584930452
0.533327679603425	0.341070106207743
0.172256019509466	0.0752101564069186
-1.64315163216849	1.68100777606153
1.09125662082009	0.533647969284778
0.84874813165367	0.361333340145203
-0.324393158207149	0.0929933012825356
1.05767805940452	0.40430204105456
1.05235833798367	0.401844810202421
0.184291063239428	0.0465991085839434
-1.12328075924743	0.339047939506251
-0.130588459022303	0.0464095375974323
0.980819783755196	0.669396421124997
0.463112667168591	0.335847698467498
0.197937139643436	0.136545933695333
0.189301916068054	0.123915218214422
-0.0436505980366355	0.0186879550373751
0.111201855585547	0.0818421231020129
0.0845919823334661	0.0551620630888341
1.26094057313913	1.06713847442793
0.195748319459035	0.128490589868207
1.10269884131089	1.39570825232564
-0.194542799264193	0.144032273372991
0.306643936093814	0.241846157598011
-0.766015622239123	0.81599571370364
0.444512332633388	0.339091647865842
0.186874177328131	0.100386563626654
0.958352222975233	0.253964848564806
-0.608428787479893	0.147248610626808
-1.80108767962844	0.731723738057602
0.42290347539764	0.19277164653448
1.35636045207216	0.600949327384119
1.55374057732619	1.3364741184186
0.165880035481028	0.0314978449610492
0.963214248695465	0.255090594573707
0.46306655364777	0.187776589424895
1.10947054796684	0.686646116452117
3.27631781619437	1.12171855032085
0.411289221632577	0.187092169932754
0.16619130625606	0.0315431724784316
1.97706744065967	1.24374655353769
-2.04826273814137	0.932264876861533
0.184971072095669	0.0467387603153735
1.05346208699469	0.402359762312703
0.304640734432254	0.220043711826562
0.188032594964244	0.116544266771248
0.0108590940333887	0.00569574568189645
0.963743115659934	0.255236344279286
0.424394200477465	0.193521395215672
0.570809921263294	0.332919080600547
0.18687875046392	0.10031706450507
0.683520003518989	0.218340470189805
0.187300583927818	0.0472598613580206
0.964934921520073	0.255476948633611
1.98604765384917	1.25210627087425
0.622686163312133	0.327511518374809
1.93519327826732	1.68157622284219
-1.64933544258927	0.925231514961399
0.177591660574137	0.0774947914663098
-0.326771057218117	0.0936418390224184
2.76330811440907	0.780761067286217
0.165880035481028	0.0314978449610492
-1.11963574652263	0.337715170908198
0.187300583927818	0.0472598613580206
3.27152519356808	1.11907150574555
1.96276901321247	0.454520391574277
0.182515705814395	0.0461929473161663
0.186191748429242	0.055843722836046
0.173841338161581	0.0596051278079202
1.08074896976431	0.527239452172004
0.687453672774919	0.21969379736456
0.194934321032316	0.127965749691456
-0.0805533203504911	0.0316064148708301
0.741466651408002	0.492155792027913
0.058486558955454	0.0343431399265449
0.843777178831012	0.35876995680636
0.180632287951101	0.0879886323905343
-0.37855575871986	0.211409930261387
0.704916965932394	0.617165970155498
1.14697995849604	1.03816937556704
-1.12830336670022	0.966018195691061
0.171966479635534	0.0750398819882131
0.740913700588458	0.491406659629469
0.181222403711057	0.0544586569816679
0.168071883948661	0.0732963178096792
0.964934921520073	0.255476948633611
0.963214248695465	0.255090594573707
1.05804592236107	0.404331959594976
0.629272384608044	0.331289014308645
0.357143119621225	0.200264253350841
-1.13309412823686	0.972801231330638
0.581965034256219	0.341179431708765
0.975614027119046	0.665185017292202
0.743879549184412	0.494319680154704
0.179186941663505	0.0613870679805912
0.179369859705814	0.0539368960907662
0.176841437313617	0.0772226954254543
0.173775934469518	0.0929401728605412
0.75460521487407	0.632577050778777
0.343529063508401	0.225339892689333
-0.366311618473544	0.203404567193822
-1.07252670293628	0.724272796454157
1.11265755437719	0.68876915115128
2.76219840038386	0.780594539857824
1.96276901321247	0.454520391574277
-1.25847725986996	0.565797109462532
3.64618465324491	1.4458034047001
2.76219840038386	0.780594539857824
1.84140390214436	0.726768879551614
1.12087720509425	0.852325510084221
0.843422236893639	0.358554124858322
-0.665802094243998	0.520959306716998
-0.669069576288443	0.524007560567559
-0.767205898796214	0.765818266950752
0.30489781911273	0.220168965101237
1.23508806587056	1.72307053888029
-0.326588214580306	0.257838621505133
0.0725933473434784	0.045051272415868
0.4504080739245	0.344414890860941
-0.303290294712016	0.285336947514098
0.200559091400727	0.144469355196538
-0.405070144109044	0.341941461056032
-1.70233839594756	3.00454876693584
-0.0900407965931304	0.0630639806700009
0.0343574248796291	0.0189333540030249
0.171753346999323	0.0664367381108907
-2.57098043849301	0.664920470822356
-1.24791978355826	0.559453062443608
0.529032130518015	0.3376351220322
-0.573833732953752	0.271737023034605
-0.118523943592413	0.0660569913536313
0.165880035481028	0.0314978449610492
-1.1182849071041	0.337405124817419
-0.110237717809492	0.0394053766317638
0.620013405685941	0.326011916960084
2.76219840038386	0.780594539857824
0.192948118872025	0.13276978095963
0.525270707075645	0.334542415866508
0.302003962211648	0.246655685028964
0.587462158659491	0.46995454143902
0.295245696160772	0.240185718410633
0.180677620225266	0.104754529968027
0.722819284476415	0.342186641862474
-1.11896025029368	0.337616084496264
1.96276901321247	0.454520391574277
0.963214248695465	0.255090594573707
0.551654521195964	0.200367304145546
0.415605153992909	0.189182356528015
0.31822294756671	0.231461555449032
0.0261708680039014	0.013224723540857
0.568356861547709	0.331130699825938
0.73894215142489	0.489974433863032
-1.49633399610699	0.531774933095134
0.566009577629065	0.329342997832344
0.770727093475705	0.758924087291974
1.25550861297638	1.38405532938169
0.169728152255202	0.0656922749485056
1.84957887095899	0.730635761791688
-1.0016546506687	0.39600963496329
0.0349827049148337	0.0192721522008256
0.418945635891476	0.190679326632952
0.745395493023093	0.495609312601863
-0.580341522363266	0.275191062288329
-1.79653379913892	0.729391431830202
-1.79346061997896	0.390723019452767
1.96276901321247	0.454520391574277
3.27752825134246	1.12202020233476
1.06264198810457	0.406540438452512
-0.750971766157953	0.325331624245207
0.181053134529505	0.0458624936397602
0.165880035481028	0.0314978449610492
0.165088029467664	0.0313824661178469
-0.744824966604454	0.322057504500445
0.171842854941116	0.0589274232351615
0.385241610397786	0.19561947558382
1.79524703160597	1.40892740860962
-0.0313760369647478	0.0135787659653561
0.171488774809756	0.0748342853660748
0.181667939966376	0.0702988324065902
-0.373746164110211	0.208136518760521
0.178070608068613	0.0776995010833258
1.99000162025934	1.2560899525368
-1.12019427196772	0.338020301365193
0.850714327680688	0.361953431022001
0.920057191882775	0.499678550562948
1.12955302239799	0.863262292057767
-0.591935371885358	0.477815937977308
0.37089315150111	0.208757306046448
0.629757564812337	0.331740602497263
0.468602008697511	0.190152966892753
0.689369698791533	0.22025689756634
0.164778629348208	0.0313374327003096
0.171753346999323	0.0664367381108907
-0.122215445713398	0.0435046320299458
-2.20920307599273	1.8210119915146
-0.162035666518486	0.0855865330321099
0.170769042992324	0.0660467894405734
0.838118239422636	0.35600887737651
-0.701794429638729	0.239974906557054
0.464450897593892	0.188417201617607
-0.195186900570072	0.0628739701093823
0.182515705814395	0.0461929473161663
0.837818282577269	0.355785005700546
-0.497540036768389	0.187445875024767
-1.30276934273854	0.806333088698021
-0.470075857935412	0.243702004865756
1.80352429937607	1.01818921274933
2.58734409880815	1.45450738282534
2.76219840038386	0.780594539857824
1.96276901321247	0.454520391574277
0.967271104517323	0.256176548116206
1.84329475221871	0.727295949232999
0.687453672774919	0.21969379736456
-1.12519556185123	0.339754109482426
-0.217700533921823	0.107279852858221
0.17530504283203	0.0678054422581583
-0.123773894976215	0.0691074244146615
1.68588066064507	1.59706770819204
1.25198265524282	1.22614319394217
0.585783713203155	0.343810814620313
0.191071253584962	0.118489345905079
0.201827780149098	0.145469232359268
2.29465700201289	1.78334975530886
0.0956189530193895	0.065172121546737
-0.229178994858627	0.188223723017935
0.103471724228797	0.0734185359890734
-0.273666518565646	0.19623963381844
-0.421802068276097	0.321236797406798
0.210767627929161	0.146226230432067
0.366310479336391	0.206041010718867
-0.197961486462631	0.0637876154388623
3.27152519356808	1.11907150574555
0.177362298643623	0.0450515694227369
-0.196606144995592	0.0633346995977349
0.173841338161581	0.0596051278079202
3.27752825134246	1.12202020233476
1.58765223089749	0.796771398337474
0.360739226372389	0.202435196258758
0.181895576664095	0.0974339132382705
-0.312284223593677	0.218083633603466
0.0803991740218601	0.0523723893774084
-1.71574930471145	1.85100789212543
0.0391632153373825	0.0215079246551791
-0.0264715934204531	0.0115623813320096
-0.196970790009868	0.0634432336968819
0.852103342696698	0.362781104166057
0.181222403711057	0.0544586569816679
0.692932973591989	0.221383018666362
0.963214248695465	0.255090594573707
0.551353578437213	0.200228094406705
0.188330998085606	0.116723374305454
0.688637326691298	0.220082192676685
0.524843501603831	0.334883569489907
0.174045724149933	0.0524237595938313
0.421504541060089	0.192204475680829
0.17881072147523	0.0691883638328724
0.736211824623445	0.487520981922916
0.446784089664001	0.341172558196131
-0.0464769619022653	0.0198666938413737
0.17785343051225	0.0865481449723713
0.187984352048437	0.0474280610765032
-0.191244569931459	0.0616646869685805
-0.119838421507322	0.0427012024156546
0.180152919935037	0.0964603915195486
1.25712463152051	1.06238528017409
1.35170505429441	0.598459395279544
0.179186941663505	0.0613870679805912
-0.198757003958094	0.063979613393949
0.693216225774344	0.221541872050593
-2.57036588579023	0.664816582891659
0.165088029467664	0.0313824661178469
0.963214248695465	0.255090594573707
0.160144755571284	0.0306956063740573
-1.25358545594054	0.562549185434393
0.715598438270517	0.337826339040822
0.175891515215909	0.0602877256141385
-0.073119553270294	0.0287723251983143
0.678633110379161	0.486147754079781
0.716011633271524	0.338184526787078
1.27360281940631	0.888663630922024
0.460670222234415	0.186707810433207
0.665043405975333	0.473739681868844
-0.213098407344061	0.104975222488605
0.84874813165367	0.361333340145203
1.59857754726196	0.804530569699723
1.02075519509466	0.840348535649972
1.32178457798397	1.68500575051146
1.27006407264611	0.88265400469346
2.76109157462938	0.779871501961836
-0.301022003077019	0.177754278858981
-1.07059331282036	0.720255798170675
0.180632287951101	0.0879886323905343
0.176211297702456	0.0682161493598424
1.05878746464103	0.40482083139178
0.173675896434513	0.0522954303204406
1.34568691670338	0.594975431353439
2.37867985934622	1.2060567432387
0.92735104973989	0.504429301312337
-2.44816567057274	1.35712000678705
0.186928937403552	0.10856997573201
0.184678671046632	0.0990694939295294
0.816750329967525	0.49288158393362
1.30146246649907	0.724522922364383
1.06338277916722	0.406730999521995
3.27032462336087	1.11801013776878
-1.1245135089551	0.339452387639693
0.963743115659934	0.255236344279286
1.96276901321247	0.454520391574277
0.169248055862235	0.0319917175833404
1.84140390214436	0.726768879551614
1.47032706033056	0.490703617760438
1.46964366147565	0.490422889690681
-3.07402416243152	0.948685276185543
0.168145028933385	0.0650827801378977
0.88318249452283	0.655498002945955
-0.773877464681612	0.587543437252784
-0.892287950196718	0.641073169179948
-0.269359649778363	0.192825273220864
-0.686762969664228	0.596258718034007
0.194479468003978	0.133825458817596
0.510913598238566	0.458018080255566
0.186512893063453	0.108424603762449
0.336956795118296	0.220397889382792
0.0881273641228533	0.0575545035040385
-0.769679662829869	0.821777232203367
-0.163668657378783	0.0864423432183296
0.63456958334588	0.596714814680799
-0.769203517265097	0.651716863541914
0.183834597820551	0.106753320725354
0.688637326691298	0.220082192676685
1.96372117107544	0.45473924627511
0.921610123647187	0.500888721602771
0.418490707651304	0.190446434947592
0.963743115659934	0.255236344279286
0.689369698791533	0.22025689756634
0.171161907553934	0.0832411183002654
0.173195095104282	0.0755037377897217
0.677681388610061	0.485162073365588
0.627092494628232	0.587081502183371
0.813144950700945	0.646933767398062
0.970801324860514	0.959606798805684
0.183203311834223	0.0983256440817019
0.169210512219869	0.0580517383438211
0.178269357915488	0.0535920192892428
0.841413141993505	0.357603400869263
0.688637326691298	0.220082192676685
0.470214630529904	0.190887743886364
2.76109157462938	0.779871501961836
0.325198787138078	0.225167535730559
0.806957972023293	0.48541599658367
0.419010944897155	0.190689071081355
-0.0653469035780684	0.0258230570486496
-0.0678643207492206	0.0267547480221599
0.548802214907851	0.199198529969934
-1.11390573268458	0.335899190520225
0.962025660417238	0.254682745005495
1.47032706033056	0.490703617760438
0.169566032486793	0.032038095111837
0.963214248695465	0.255090594573707
0.165880035481028	0.0314978449610492
0.186191748429242	0.055843722836046
0.175894574529828	0.052931112244421
0.172671045244316	0.0668579744831706
-0.129153876323112	0.045949245582522
0.7038624466002	0.33172894426238
0.474806409465069	0.192958689821505
-0.196951224186331	0.0634016966113052
0.188945802287326	0.0566034382337498
0.811502796188842	0.488446230664006
2.38257728240473	1.20850129096014
0.488497843569038	0.334249408029005
0.963743115659934	0.255236344279286
0.962025660417238	0.254682745005495
0.175229935098753	0.0600621684845024
0.671682816858618	0.479383822703979
0.0399454044390675	0.021981352530732
0.53056230183372	0.338881365630724
0.544571131487334	0.197606668979847
0.689369698791533	0.22025689756634
0.406885747903188	0.184731413968268
-0.202615613594689	0.0652232518828875
-0.767638760117709	0.580470363406377
-0.368797089997939	0.15229369927963
0.361704770230717	0.20306210710356
3.6449477089076	1.4449787602644
1.06264198810457	0.406540438452512
0.962553055030982	0.254827961566665
-0.197681301235905	0.0636672013988199
-2.57067328278635	0.665094197548339
-2.57522664974505	0.666917731403372
-1.79346061997896	0.390723019452767
-1.79346061997896	0.390723019452767
0.958352222975233	0.253964848564806
2.76330811440907	0.780761067286217
-1.12396372987595	0.33934973605565
-1.47129756633403	0.741779531267693
0.181506584145918	0.0972227618207726
0.0692128443920319	0.0429187121945703
-0.328419388708215	0.231163867767927
-0.672454468816464	0.528246120415591
0.0122083357425949	0.00637246585294805
0.744314143925218	0.843931642004933
0.574886216401446	0.569431334490468
0.635655267671644	0.597897113460065
0.624795321812172	0.474919072542174
-0.139676681477527	0.10899317917543
0.0997516305367561	0.0706781204079905
-0.867923302084519	0.789982275401095
0.063275904198873	0.0371362336545563
0.609850307439818	0.591578251636389
0.308726305962798	0.233917513806557
-0.611962616144159	0.147977912487881
-0.32485451718176	0.0931499749349684
-0.617339897765464	0.149284387408846
1.27814896870036	0.892286440423136
1.96684138854469	0.455504908505281
0.187984352048437	0.0474280610765032
0.461844758371917	0.187186797154921
0.357244429481541	0.200104479272546
1.78862069017628	2.21078741863594
0.626118229054705	0.329810999370103
1.96684138854469	0.455504908505281
-0.32485451718176	0.0931499749349684
0.62316787810991	0.327712013122016
0.628309124618584	0.330814029298577
1.63902555761403	1.15414437053821
0.845460532244873	0.359623499672993
-0.13413434239341	0.0476566231180181
0.966736740010186	0.256029100393941
1.46955857964488	0.49050725448157
-1.79346061997896	0.390723019452767
1.47155078449581	0.491168545293048
-1.49753171438992	0.532305096548695
2.76330811440907	0.780761067286217
-0.613682540053849	0.148388769407339
-0.0830187080501491	0.0325407183783623
4.40427070687263	2.32684971877966
-1.46465786576239	0.737604114579331
-0.0408190370886215	0.0175148900396277
1.27308921297382	0.887995721155049
3.27152519356808	1.11907150574555
-1.49753171438992	0.532305096548695
-0.0312388441562481	0.0135263507757862
0.173688120627949	0.075722075568917
1.64932244866165	1.16376300280737
1.42045294665151	1.10446025029824
1.47402323433779	0.492035659807906
0.190023731034322	0.102196226054284
0.933753298402889	0.509170289176668
2.38045665129255	1.20745339715395
0.177340813939346	0.0774632739071795
-2.04775621133695	0.932071689763307
1.96372117107544	0.45473924627511
-0.654520853261213	0.452843528612873
-0.078664013620457	0.0308649148267959
2.05251775203365	1.95064928231048
0.966736740010186	0.256029100393941
3.27631781619437	1.12171855032085
-2.57067328278635	0.665094197548339
1.47086646676889	0.49088731436037
-0.611962616144159	0.147977912487881
0.160144755571284	0.0306956063740573
1.96276901321247	0.454520391574277
-3.07350260546998	0.94852963330217
0.966736740010186	0.256029100393941
0.164625296117395	0.0313507498370328
0.175155035311403	0.0527334069281177
-0.198392257320092	0.0638832149326698
1.07794351625674	0.525619062075072
0.175709629113125	0.0940444236061597
-0.385960579238276	0.215735017140388
-0.324601060249039	0.279949342211658
-0.376018505426057	0.256246729477037
-0.431497071318998	0.424274641483502
-0.263841413927865	0.163996458937508
-0.996714440948278	0.889809663228434
0.355771114127587	0.199380882387326
-0.531291630601704	0.589499760942545
0.463745667573787	0.336355028378449
-0.123675025725242	0.0690504537369568
0.890326619251344	1.02267208332041
-0.21923927601547	0.108178211858645
-0.770087554518431	0.502432916831175
-2.05313484261539	0.935622527916679
-2.57067328278635	0.665094197548339
1.0920955726605	0.53410737727116
1.96372117107544	0.45473924627511
0.164778629348208	0.0313374327003096
0.340282191643766	0.222932508903197
0.912770399554322	0.494660600376756
-0.209778389072899	0.103264128849841
-0.30619181497746	0.18097006206104
1.71890446423663	2.32739917035229
1.13482331573018	1.02265755493055
1.06063740894654	0.405466440477548
-0.743204297243649	0.321159667249727
-0.32485451718176	0.0931499749349684
0.971485400220684	0.257250631808135
0.179845637419764	0.0616123591521601
0.18374299244507	0.0464795790495071
0.422446176317576	0.192528590584956
1.30049117008406	0.723689437242112
1.79290996373742	1.40598466679202
0.176711268978432	0.0683795412521634
-0.376472488252563	0.155768984112451
0.17899314570337	0.0538175920888867
0.468602008697511	0.190152966892753
1.96684138854469	0.455504908505281
0.169566032486793	0.032038095111837
-3.07928878926676	0.951136693928373
-3.07350260546998	0.94852963330217
0.963214248695465	0.255090594573707
0.687904703717867	0.219759625438134
1.96276901321247	0.454520391574277
-0.613012730411062	0.148202450577793
0.632908922451858	0.334364877438906
0.572193011734265	0.334085110764027
1.08651366947978	0.530572725371405
-0.746448236482561	0.322813370370425
0.38337991397195	0.194542725113259
0.164778629348208	0.0313374327003096
-0.366969905278567	0.151668384400962
0.176153303514499	0.0768420887607494
-0.0115473799459362	0.00525413786190403
0.815345768795402	0.491551066734365
0.1735715113843	0.0843379917904306
0.386424016595887	0.196585543952617
1.59326679625826	0.800279226737387
2.13241876013691	0.963156397926432
-1.79867586482886	0.730667932620658
0.176139035531232	0.0447669868764769
2.76330811440907	0.780761067286217
0.178070608068613	0.0776995010833258
0.629761745393136	0.331781434013899
0.473835749080614	0.345596985351962
0.413143259890935	0.18790555165654
1.3885417875712	1.29099847357731
3.27152519356808	1.11907150574555
-1.7934287506278	0.390727439150181
2.76559849788836	0.78194178274137
2.76219840038386	0.780594539857824
0.177362298643623	0.0450515694227369
-2.26132574600932	1.14000888788025
0.165088029467664	0.0313824661178469
-1.49753171438992	0.532305096548695
-1.00340310411483	0.396780300923095
-0.613682540053849	0.148388769407339
0.331086709093057	0.216155862638854
-0.328969195883168	0.231562717739341
-0.36749650901351	0.249578376700389
0.0100252605823455	0.00528720213144674
-0.426207386485758	0.325169616865287
-0.490890589340713	0.444131364399198
1.41290891028887	1.09601406749319
-1.50086582045368	1.67047842544604
0.526846216442654	0.544084706271507
-0.233276978783719	0.19206337608559
-0.771798045433333	0.58413618299266
0.0533709637858411	0.0410912099077772
0.55204592858114	0.55980465610702
1.5998325772174	1.7362488882123
-0.495848105642275	0.186769649159627
0.964404580081594	0.255330782344719
2.13958082308296	0.967639587738095
1.05841937425473	0.404493015312573
0.466720959665087	0.339217837955543
-0.900615388754671	0.648623540466119
0.453220931496052	0.347065446466215
1.96276901321247	0.454520391574277
0.844441707134117	0.359109180860946
0.966736740010186	0.256029100393941
1.35853932002922	0.601998791347663
0.636110739222185	0.335990911067588
0.571659355303781	0.333674600044308
-1.30599228124743	0.810019443251717
0.164778629348208	0.0313374327003096
0.164778629348208	0.0313374327003096
0.160144755571284	0.0306956063740573
-1.7934287506278	0.390727439150181
-1.7934287506278	0.390727439150181
-0.613682540053849	0.148388769407339
0.16619130625606	0.0315431724784316
0.179369859705814	0.0539368960907662
1.3495769767586	0.597194616535652
-0.12282517776863	0.0437139180795264
0.471437286557169	0.191357677073301
0.174866744414616	0.0599504088128746
-0.213149370707486	0.105107469269979
1.84333369293536	0.727520140615955
0.687453672774919	0.21969379736456
0.165088029467664	0.0313824661178469
0.693216225774344	0.221541872050593
0.70944970946062	0.334740881194715
2.42489438955696	2.07513774915927
0.470423896349218	0.191054562716746
-0.194822363184045	0.0627608493171706
2.37684810566725	1.20417632731638
-1.11458449535005	0.336227635184335
0.687368688538373	0.21962274738387
-0.698670682702589	0.238794577468402
-2.2617671797605	1.13975256637855
0.364781214595279	0.205010091420741
0.464672886133348	0.188460947532309
0.846128233176068	0.359900030052925
1.47032706033056	0.490703617760438
0.966736740010186	0.256029100393941
0.964934921520073	0.255476948633611
0.183063896529214	0.0463401006276899
-1.1182849071041	0.337405124817419
-1.79785205353169	0.391773074809323
2.76330811440907	0.780761067286217
-0.613682540053849	0.148388769407339
0.176825054435177	0.0449204608148946
0.17689298302135	0.0860487922400318
-1.30196614600422	0.806811364518865
0.460417957627897	0.333633709755255
0.176947782641821	0.0947500022862614
-0.511079715319037	0.41847379084198
-0.118405519307989	0.0659628223517232
-0.198675615651939	0.147399561677254
-0.377037998175821	0.257093332502676
0.916415343649444	0.940981375009888
0.308969204097357	0.243983168978365
0.473594638769545	0.448898831761695
-0.682592858968183	0.591433200065164
0.509020234969433	0.455710706747083
0.336605289067272	0.220131829923404
0.184059823083915	0.0897233894448679
-2.57554526884402	0.666976966437407
0.165880035481028	0.0314978449610492
0.851729239866484	0.362539712307131
1.05878746464103	0.40482083139178
1.96276901321247	0.454520391574277
-0.0386129564860022	0.0165826698557702
0.170195050824796	0.0827439728021799
1.38387772962285	1.28239005966233
0.18901299686958	0.117200198913521
0.357422050615551	0.199833919745572
0.68278086909504	0.218093717626154
-0.124226356552131	0.0441913898094736
0.933299136367261	0.508915121822028
0.175891515215909	0.0602877256141385
-0.135344761914774	0.0480662198736017
0.424394200477465	0.193521395215672
1.96276901321247	0.454520391574277
2.76219840038386	0.780594539857824
2.76219840038386	0.780594539857824
2.76219840038386	0.780594539857824
1.96276901321247	0.454520391574277
0.165088029467664	0.0313824661178469
0.181837521716867	0.0460537144756759
1.59056883852916	0.798298506268483
-0.368368584388627	0.15207318780677
0.56750052642173	0.330521322093881
-2.57067328278635	0.665094197548339
-1.50802734580894	0.536690312605626
0.538895973456004	0.195376263391291
0.714057585749148	0.337036298070241
0.634664504971216	0.334931236618997
0.692028142380155	0.221092112401465
0.18374299244507	0.0464795790495071
-0.331884233338781	0.0950660268702792
-0.326043908260378	0.0934449166225896
0.0613295662954872	0.035986363118952
-0.0684308859791892	0.0269719073364453
0.422963391886386	0.192770332115027
0.681600849226051	0.217707538421281
0.692481142426252	0.221366284684109
0.685539141555545	0.218907224669263
0.968469219672053	0.25651021792255
-1.12396372987595	0.33934973605565
-2.57067328278635	0.665094197548339
0.165088029467664	0.0313824661178469
0.161251150232847	0.0308565698216007
0.176825054435177	0.0449204608148946
-0.611962616144159	0.147977912487881
0.959543454922691	0.254205280821647
1.83948692258838	0.725717515665962
-0.745838143765145	0.322552749669043
-0.135134010916441	0.0479974607496354
0.176993073808333	0.102512139008574
0.82525693406185	0.499675554540072
0.188032594964244	0.116544266771248
-0.554904241095865	0.399074615552914
0.196496919393932	0.122232357524667
0.498627002207012	0.342684358423237
0.00375276717083111	0.00156092540618116
0.753198032453278	0.631496637982466
0.202175227382746	0.145660915230873
1.07255597190354	1.14114154389299
0.0246573297068969	0.017232243579386
-0.0885339659809944	0.0619768983820343
-0.769652998035817	0.652176435211364
0.673988097055267	0.481598889641866
1.47648048364922	0.492996794108507
0.957162742729009	0.253557522610441
1.96372117107544	0.45473924627511
1.96372117107544	0.45473924627511
-0.20888906381047	0.133844874711601
0.521214221934575	0.331723190072679
0.196227922657834	0.146396076560589
-0.0709095509304929	0.0279036031062306
0.685443035318802	0.218928003643606
2.3754440739013	1.20341517424864
0.179369859705814	0.0539368960907662
-0.215757870497732	0.106270909601373
1.29888681009674	0.722055937679437
0.177065719352673	0.0948082883506047
0.551298334729919	0.200249958464128
-2.57067328278635	0.665094197548339
2.76219840038386	0.780594539857824
3.27152519356808	1.11907150574555
0.963214248695465	0.255090594573707
-0.614206104379299	0.148455859250315
0.183063896529214	0.0463401006276899
1.84140390214436	0.726768879551614
0.474806409465069	0.192958689821505
-0.0679155871698548	0.0267780364607804
0.681159029124573	0.217491385122168
-1.11951983581622	0.337809535545767
0.174785547530182	0.0526214906817273
0.180558380914376	0.0880563760167763
1.47155078449581	0.491168545293048
-0.322936466881447	0.0925708388690686
0.554170265139292	0.201310818357217
1.80053969171828	1.01548995787631
0.919156689971182	0.498852850232134
0.177617846533845	0.0687587504012942
0.626564170859149	0.330021250488465
-1.46012455770089	0.734049874675633
0.927869863845608	0.504987594352111
-0.707845094848957	0.242262716671496
-0.49650800501461	0.187033371669453
-1.00403055985993	0.397306910648104
-0.74259669890376	0.320846616763926
0.524701519636384	0.334116348804269
0.687300312833867	0.494316616376659
-0.19624115961797	0.0631993229606972
0.187435346122179	0.047292837125537
0.161251150232847	0.0308565698216007
2.76671632811135	0.782410087450427
0.966736740010186	0.256029100393941
2.76671632811135	0.782410087450427
1.47032706033056	0.490703617760438
1.47402323433779	0.492035659807906
0.181837521716867	0.0460537144756759
0.962553055030982	0.254827961566665
-0.618535635333325	0.149538863092151
0.702888318136486	0.331146298934814
2.75873827913463	1.70466993330459
-0.0980676000701158	0.0571109750427379
2.14931470898726	1.51037039114267
-1.32258928511128	1.07970300426952
0.0440220273167199	0.0241626850181755
0.0541698524517235	0.031814617142035
-0.379695859738467	0.259268169833313
-0.5142013162851	0.421711694070632
0.182432299432042	0.0978814416515121
0.115970293407939	0.0855675844573941
0.198398950271859	0.130456263281309
-0.38270629718623	0.214128608365861
0.576752815883406	0.571821961419788
0.62223684461828	0.580964493580725
0.181222403711057	0.0544586569816679
2.76671632811135	0.782410087450427
2.13618542268235	1.49458917196784
0.549516086641495	0.199542874934359
1.08812238033157	0.531473938923238
1.26915584696189	0.882212901932044
1.26272377700305	1.06984319332089
0.1797632563816	0.0962374541397714
0.0636073632025253	0.037332809097025
1.04119820731049	0.985596539386499
0.49329807372072	0.338103744714018
1.02826281938736	0.849479156975202
0.174785547530182	0.0526214906817273
0.178269357915488	0.0535920192892428
0.720896867385645	0.474889416256136
0.849408948383461	0.361671672630261
0.687904703717867	0.219759625438134
0.566772346237257	0.330439975624848
0.162962330889191	0.0710673240085171
0.180429893159	0.0967291319205767
-0.580241473392003	0.275066476869592
0.688637326691298	0.220082192676685
-1.11896025029368	0.337616084496264
1.96276901321247	0.454520391574277
3.27152519356808	1.11907150574555
0.553078229148553	0.200859942283057
1.10587531032344	0.682269234652023
0.169210512219869	0.0580517383438211
-0.591463028829417	0.281600703629663
0.688185381402826	0.219868290083128
1.35671193477925	0.601326969297766
-0.376685215277109	0.209932408977135
0.163440350387908	0.0712828005374671
0.845815805906363	0.35975917327147
1.80053969171828	1.01548995787631
0.549160121479864	0.19934633555332
0.549934062313663	0.199685220416624
0.417554842974859	0.190210651649704
-0.0355759879251305	0.0153330460264101
-3.07350260546998	0.94852963330217
1.08174090283251	0.527955113199031
0.406827315502994	0.184783141012108
1.05804592236107	0.404331959594976
2.3754440739013	1.20341517424864
0.572085400729875	0.333963311804707
-0.0849786525962549	0.033284100072799
-0.0747512783180012	0.0293872404823009
0.817648749388514	0.493657204181521
0.418425560868564	0.190394921638019
-0.46918161652523	0.243162559141836
0.848032693315309	0.360709825155979
1.35458372256336	0.600126054059965
0.16619130625606	0.0315431724784316
2.76559849788836	0.78194178274137
-1.7934287506278	0.390727439150181
-1.7934287506278	0.390727439150181
0.967271104517323	0.256176548116206
0.160144755571284	0.0306956063740573
2.76219840038386	0.780594539857824
-0.201906699363454	0.0650030146049408
0.186191748429242	0.055843722836046
1.64496234817558	1.15878809051923
0.0375348823562274	0.0206762467822099
-0.278478296514103	0.200365440941262
0.527272487740582	0.455951204841551
-0.0274092713295271	0.0173031690216454
-0.873475658093186	0.797171781028698
-0.414202163554175	0.351392444294109
0.0867701405179992	0.0565985391053968
0.420705868081889	0.349353516536108
0.30789825589876	0.233259619274446
0.0523086683307521	0.0391874109774706
-0.95250718811626	0.924517347251468
0.192724942451463	0.13259759805773
0.527930603719478	0.456891327427922
0.330988884313616	0.215952004938882
0.414178505669914	0.188360641507512
-0.216044432531742	0.106588697949566
0.169566032486793	0.032038095111837
0.555598921920072	0.201915300938634
0.463453634222606	0.187971647179528
0.885658783737332	0.658055375506646
0.842756897055983	0.358214727221788
0.175834588738841	0.108442178908458
1.26527923210759	1.07215103565834
0.717874117611946	0.339372346040594
1.05989643717056	0.405275695027378
0.410778771890071	0.186731483825434
0.328425505580885	0.214178905240048
0.849408948383461	0.361671672630261
0.690559056864311	0.220592978829305
0.180484451327502	0.0542489043189748
-1.25320475905138	0.56253612866595
0.475196904470731	0.193138494041749
0.181499258477061	0.0792392225641378
-0.119838421507322	0.0427012024156546
-0.703999757003376	0.240702491325751
-0.490858121984585	0.184753547441339
-0.288750642060377	0.131318240062622
1.96276901321247	0.454520391574277
1.09227555082659	0.534570087714788
-0.284150767665123	0.129050933969876
2.37756465807866	1.2047701954011
0.188667958543402	0.04756856032199
0.182384642090162	0.0461735738884295
2.58069801051514	1.44798887578222
0.172983368794044	0.0754863036964802
-0.624974610751248	0.364974044303962
0.976673520777039	0.665038876681972
-0.191951684587849	0.0619002672361887
0.963214248695465	0.255090594573707
1.08812238033157	0.531473938923238
0.549872383663091	0.199625186867885
1.29433854842701	0.719347932834594
0.165088029467664	0.0313824661178469
1.08888268610096	0.532186917645821
1.59722553801484	0.803383510060259
0.185076110728506	0.0555416222332281
0.179968567373025	0.0963390257838715
-0.0293811297536895	0.012759770525036
1.79005172072755	1.40056640567183
0.47280904202969	0.191992375334362
0.172220859005393	0.0750626503511875
0.17589226986752	0.0768055314802705
0.169566032486793	0.032038095111837
0.164778629348208	0.0313374327003096
0.16619130625606	0.0315431724784316
0.962553055030982	0.254827961566665
-2.57522664974505	0.666917731403372
-2.57036588579023	0.664816582891659
1.96276901321247	0.454520391574277
-0.331993943722139	0.0950999538773194
-3.44686848748983	1.22339694388155
-0.902428347211268	0.65122459394308
-0.98969146272811	0.881199170349495
-1.80657834904042	1.62322326998749
0.668184114874719	0.712241807795634
0.0727138118342343	0.0451000044980714
0.475608392045527	0.346929708823515
-0.379010628664889	0.258632223090729
-0.210736554759702	0.103759883240611
0.201080504816991	0.174617472341989
-0.763198676340697	0.760058836964864
-0.0567503264719444	0.034090707156197
0.473675772405641	0.448998582285583
1.96684138854469	0.455504908505281
1.47086646676889	0.49088731436037
1.5407867814054	1.3191331700053
0.343791244121771	0.225718696226345
0.162503760245559	0.0709422342657192
0.351361752190859	0.214883414662749
-1.25122982966508	0.561359418848618
-0.196970790009868	0.0634432336968819
0.18081614615194	0.0699376571989104
-1.4702810167601	0.74144128695738
0.017976172431636	0.00919689260149217
0.164778629348208	0.0313374327003096
0.169248055862235	0.0319917175833404
0.674140433291232	0.482463932999937
1.98362797157139	1.24958473826105
1.41524247018386	1.09882746875033
0.387826729839858	0.197424466234607
1.09286125469016	0.53488830944908
3.94370546162746	1.74479074779
0.385810290729655	0.195896657067699
-1.30133714603042	0.805154832130386
-1.15487324646445	0.64330773558337
-0.656363376110179	0.453960142561662
1.05841937425473	0.404493015312573
0.171753346999323	0.0664367381108907
0.634638110938696	0.335078610095398
1.08949555622004	0.532578731259661
2.76671632811135	0.782410087450427
0.927419410674345	0.504659925072578
1.59721287836547	0.803147695445306
-0.0072524162021441	0.00332646215822241
0.16660283396092	0.064475191849204
1.06449307015235	0.407221804443696
1.46964366147565	0.490422889690681
0.689821397698691	0.220399946218977
0.387899135231148	0.197457362563527
1.35529673097699	0.600305768997688
2.37650465928581	1.20415667498595
-0.469104758738558	0.243148012897492
3.27510914666181	1.12076297640292
-0.763998428384847	0.411584090181485
-0.13373932752609	0.047518908347534
0.177591660574137	0.0774947914663098
0.365730365295418	0.205369453034693
-0.253799357471286	0.157135358100932
-0.701794429638729	0.239974906557054
0.845460532244873	0.359623499672993
-0.74461910719638	0.321949104009387
4.18424075214228	2.03204738042248
-2.57522664974505	0.666917731403372
-1.50774474493265	0.536593235425421
2.76109157462938	0.779871501961836
-1.13091688302283	0.34155410743896
-1.7934287506278	0.390727439150181
3.27152519356808	1.11907150574555
0.962025660417238	0.254682745005495
-0.324393158207149	0.0929933012825356
-1.79785205353169	0.391773074809323
2.1274507756149	0.959922459970677
-0.496879333423488	0.187181684059415
0.173195095104282	0.0755037377897217
0.0464007294906351	0.0254613610883092
-1.13403203103144	1.24806759107159
0.720649849098881	0.47467962370113
-0.202883505621326	0.129728007449717
-0.065278056946686	0.039250716930017
0.659497404045182	0.597734790144873
1.06666840960709	1.13269347804107
0.102949194287461	0.0703935923595309
0.561252668327526	0.469698583569999
0.458826936844349	0.44592752387763
0.362230441154728	0.203076356305983
0.966736740010186	0.256029100393941
1.01048145879764	0.828033404532667
0.331962357591641	0.216710643063917
-0.626220365410715	0.365250856992385
0.183988062854786	0.0551849521160161
-0.370346829638476	0.152977788998958
0.549160121479864	0.19934633555332
0.638537287392517	0.337624266506586
1.35458372256336	0.600126054059965
0.751266907936797	0.629103004205929
1.80811173178186	1.02117371945369
-0.197316433582098	0.063550392412948
1.96276901321247	0.454520391574277
0.185454319096416	0.0556335769192585
0.171161907553934	0.0832411183002654
1.477091950266	0.926709107662171
0.878721824827793	0.651592867764955
-0.19624115961797	0.0631993229606972
-0.121453143558744	0.0432378564742228
-0.693669831673973	0.236871417760034
-4.7007907498862	2.77320710219213
0.876531901732599	0.64906585436168
0.630494933656219	0.33270746467465
0.166741085808389	0.0645460091824029
1.84570196896662	0.728945119955139
3.64995436887393	1.44813448599007
-0.764473344229221	0.411891470010967
1.55658691762464	1.34076309703275
2.13386142848874	0.963951590957412
-0.194822363184045	0.0627608493171706
0.477973792559749	0.194262281127498
-0.0738425599286327	0.0290095423175695
0.468214453891579	0.189971319278414
0.663371308070857	0.60264886508814
0.179076874436317	0.0959693599703118
-0.370346829638476	0.152977788998958
-0.284653669799497	0.129239420686653
-0.123615274187178	0.0439773688403038
0.17273732603019	0.0668202643468802
-0.201906699363454	0.0650030146049408
-1.00835638596109	0.399381922624064
0.687453672774919	0.21969379736456
-0.617875104469477	0.149400727468359
1.96276901321247	0.454520391574277
0.963214248695465	0.255090594573707
1.84302870233133	0.727219634707302
-0.326043908260378	0.0934449166225896
-0.498493518746738	0.187923773703768
0.183610895194862	0.0464322674344966
0.852708790488268	0.36320684772449
-2.57067328278635	0.665094197548339
1.92869107343269	1.67015382708424
0.50139082966022	0.345553939654595
0.972222489095356	0.661248815671416
0.582068822289554	0.578995446524589
0.0416101919648949	0.0228742221509339
0.453578082928566	0.347480051441505
0.30430941684827	0.265525534525069
-0.201570673724526	0.149802439179419
0.206851398200794	0.160789085795917
0.0872526541257207	0.0569427179047015
1.96276901321247	0.454520391574277
1.30638782039642	0.728375001997889
0.592375342154207	0.474603710267346
-0.117069563318041	0.0652193053355126
1.26393871784323	1.0701380015458
0.338957974148645	0.22192124990714
-0.0313760369647478	0.0135787659653561
-1.11760971687047	0.337077079720442
-2.4465295357363	1.35590911449002
-0.2834541412807	0.128519712527707
0.628306260516173	0.330830968972331
0.181222403711057	0.0544586569816679
1.35064130120685	0.597863106700744
3.27272750868887	1.11966450015405
0.880204339356517	0.652126003346914
0.592985152422258	0.475901378637541
0.529991142345186	0.338407445771003
0.38337991397195	0.194542725113259
0.174866744414616	0.0599504088128746
-0.209362902173829	0.0672983478232866
1.06375255943934	0.407031400293661
0.41658003173877	0.189706055245809
1.59690016581137	0.803005891193071
1.27528027703054	0.889178662239975
1.98362797157139	1.24958473826105
1.47648048364922	0.492996794108507
0.38763002895181	0.197079987889104
0.474198126463934	0.19270082318148
1.07150769114618	0.410034531241997
0.844441707134117	0.359109180860946
0.926450375599449	0.503869391096998
0.180978678659038	0.0882668783158446
0.172129083543733	0.0837333165976041
0.468990411497241	0.190269968199871
0.623174076767099	0.327892898642064
0.555598921920072	0.201915300938634
0.980393168355664	0.66899142972599
2.38477118100095	1.21017863043222
1.06375255943934	0.407031400293661
0.182384642090162	0.0461735738884295
-0.370908459446938	0.153216945134065
-0.372037301621695	0.207134813682766
-1.06446174478102	0.716444491988559
-0.560225422128337	0.403760771425809
-0.930748941554831	0.564123592403865
-0.193735099625946	0.0624393983877589
-0.172070890534956	0.0911427109276174
1.35458372256336	0.600126054059965
0.165088029467664	0.0313824661178469
-1.7934287506278	0.390727439150181
0.963214248695465	0.255090594573707
-1.7934287506278	0.390727439150181
1.84913301371151	0.730266351387413
-1.11884555197394	0.337481516657706
0.175891515215909	0.0602877256141385
-0.613804976594409	0.148553206549543
0.17133310499009	0.0662650406914928
-0.172511112053878	0.0913984881450792
0.554170265139292	0.201310818357217
0.977023784144879	0.967898148296764
0.386200483346957	0.196166538351484
-0.176787555926023	0.116765016428675
0.362185483140772	0.203067310095561
0.556005561008736	0.464115395475535
-0.311963944169132	0.217841938772397
1.04466064230262	0.989590174378825
0.443157581976329	0.337870220957623
1.15259459723159	1.18234147284663
0.771495282670367	0.853312688072871
0.380695408596478	0.333899672173232
-0.0647674155679671	0.0389160090192108
0.187300583927818	0.0472598613580206
-2.57036588579023	0.664816582891659
1.05767805940452	0.40430204105456
-0.210392282182718	0.103638469319694
-0.120236251257486	0.0428246322371381
0.367757890669868	0.206719923386433
2.76881136694448	1.71482739512586
0.967271104517323	0.256176548116206
0.627289380451814	0.330908857506847
0.177340813939346	0.0774632739071795
1.79167205870357	1.83603142096615
2.27092900743636	2.52711747273244
0.81259059836359	0.489964389060516
0.367277099131856	0.206643870537806
-0.000466351846728303	0.000315605566141949
-0.0984664126158756	0.0573669030449978
-0.748750624071192	0.324201697189559
-1.80294806323006	0.732963939188901
-0.118226339598863	0.0421510838894909
-0.460072046645022	0.237986725593809
-0.217859141201426	0.107525970541003
-0.164734500322867	0.0871240722544645
-0.214972147548024	0.138210975613267
2.42757788242683	2.07795784427679
1.09266133921019	0.534950792017445
0.850069339148531	0.361876749971404
0.683520003518989	0.218340470189805
0.352526747550888	0.197215321612879
1.8958638169569	2.09732113383475
0.640986362284584	0.339127662806248
1.84184770666887	0.726890218717793
0.632709061774479	0.333704177875255
-4.39160101377468	2.22574277754784
0.173521500598921	0.0595020056954588
-1.50142880975048	0.534054734577795
0.962025660417238	0.254682745005495
1.80648958654957	1.02094879457255
-0.508786249084006	0.192068550469136
-3.75764202455077	1.48556788150114
0.716011633271524	0.338184526787078
0.633669009419571	0.334479170998834
-0.287595145898396	0.130646223105755
0.183610895194862	0.0464322674344966
0.16612098296364	0.0724104580557702
0.631169189094935	0.333332182623757
-0.110237717809492	0.0394053766317638
-0.787292046399843	0.672243425115235
0.714470770965325	0.337329994111773
0.955552845154608	1.08099476682323
0.415519104288997	0.344035019097863
1.07434990015612	1.14446009252905
0.885872098292613	0.65817867256085
0.0343065521261739	0.0189244475246342
0.680937597275331	0.488444864264157
1.80131995043412	1.01690823966158
0.180107983152346	0.0541465694868784
-0.11979637681122	0.0426905189330347
-1.8082587919171	0.735501049471129
-3.44686848748983	1.22339694388155
0.161251150232847	0.0308565698216007
1.47579162106182	0.492713238749138
0.853366694188432	0.363544292018452
-0.196970790009868	0.0634432336968819
0.182384642090162	0.0461735738884295
0.175105025692296	0.0677862968110469
-0.929574683908363	0.563913813079752
-1.2046354933129	0.898767169866441
-0.707591364331329	0.761766866267195
-1.00392214982915	1.10677620932587
-0.374875687271366	0.291851120720297
0.537875660570035	0.467706613695602
-0.033098168640931	0.0204874460976223
0.093438807539692	0.0636631185354624
0.406275390087138	0.334559342660535
-0.0944281693474125	0.066270707012167
-0.426695410049802	0.325598543615316
-0.0422704382789297	0.0261344673730253
-0.772449931382742	0.773374540771185
1.41391853439652	1.9141298958399
0.173199780333018	0.0925977160346127
0.185813320888401	0.0557349268614171
-0.590437030579735	0.281072318815245
-1.19880331797593	1.38389928505497
0.0113937998276476	0.00769284105896521
-0.442503408290672	0.290848870954245
-1.26512041507511	0.569358377158988
1.34356740200532	0.593719044095478
-1.65088314169943	0.92741399998857
-0.124035085586095	0.069260613951389
-0.946656619559514	0.916010594000656
0.379893876801052	0.355496371040143
0.0796354504199413	0.0518415595163462
0.823857694495986	0.658375547401347
-0.0392509501567321	0.0242716832986669
0.300518298829097	0.23622256905848
0.531224282513281	0.339329670527012
0.177254902811249	0.0863667179591804
0.809397907412934	0.64278226942929
-0.371997374536261	0.153930951998906
0.192981481437968	0.138461434500214
-0.240360783795924	0.17612189184831
1.13031501864697	0.864094511047679
1.30202405601974	0.724655242344649
1.47326928029008	0.925158068350586
0.840510143880536	0.357192711931371
0.626084757433002	0.329739736385864
0.862715012405038	0.787488430933447
1.41441347281807	1.0959640634711
0.980921956310899	0.669414778620506
1.10828095571575	0.684620600985581
-0.158018444416981	0.0834393608999221
-1.50335347787301	0.534889336029958
-0.709698759851068	0.242860149943732
0.706935010993165	0.333219527597444
1.68682660238401	1.59860720931884
-0.202615613594689	0.0652232518828875
-0.957190516318411	0.469930782197292
0.385692129585193	0.195850163622844
-0.212177853119382	0.104606838970317
1.98661161046239	1.2532688066896
0.718435275402613	0.339720316166281
0.746697341166686	0.623767063913237
1.17794027931046	1.57286344475968
-0.0747554351085632	0.0533133223284696
0.112883590433852	0.0831823083173042
0.0335642205011673	0.0185241000482372
-0.166863429480861	0.0882955062170036
-0.0966048340927362	0.0678762617823616
-1.02216910370862	0.805786049713199
0.490624163532461	0.335760648643187
-0.621061148603356	0.361869327943132
-0.254452227459056	0.157612886905286
-0.0733230219453967	0.0288114204306004
0.191612437127286	0.131746184827725
0.34594224039548	0.211168424445842
-0.249780325487737	0.154429873946648
-0.284653669799497	0.129239420686653
0.520535809215235	0.331454134338938
-0.12124835869736	0.0676510857214227
1.12611558865149	0.860313231807862
-0.218408229013042	0.107792436337547
-0.763252550879637	0.576546139071916
-1.07867291950274	0.729367685091072
-0.0655392052361263	0.0465795647838208
-0.237739441642919	0.174030562296287
0.0712909077616987	0.0419042398893312
0.76722206296692	0.754033490135961
0.17881072147523	0.0691883638328724
-0.0738425599286327	0.0290095423175695
-1.31151731150219	0.815301170258876
-0.586610242551465	0.278830282472325
-0.0927489119259718	0.0539420830623388
1.26837477019426	0.882875058337112
0.70944970946062	0.334740881194715
0.812457222360864	0.489243983278966
-0.00805465045560491	0.00368565186231186
0.169749176369584	0.0825734398912788
0.814338846343468	0.490826352504748
-0.985732802096346	0.876066261689138
0.0471004790440621	0.0258359943684389
0.375613307473987	0.339873142952609
0.0621332318634411	0.0492431206727532
-0.38911967564725	0.218125368783275
0.55375353590387	0.461829125141552
-1.46073662333351	2.0165357346852
0.190698232480186	0.131105226684261
0.806507009828801	0.485023786411843
-0.0992324037043559	0.079002327494753
0.0229087941263838	0.0116055355110416
-0.612240274652136	0.541177162599704
0.720573996847608	0.475094584036281
0.414491090090282	0.357118778135013
1.15225801958594	1.18169019398708
-0.758376325559213	0.40750326748295
-0.463394610460056	0.387665044132821
-0.414921024880419	0.314753606822791
1.09326157505518	1.37774314852275
0.202470886278458	0.166784854098046
0.90783087191599	1.22812518809348
0.195061214634691	0.113668224742757
0.0958942067736488	0.0653973079481848
0.927419410674345	0.504659925072578
0.716480109085594	0.338424362653326
0.722539792950117	0.341747796669149
0.938171247731007	1.05267252702632
0.524310421147933	0.333784084040874
1.98209369553673	1.24740938663324
-1.50848113268972	0.537019591842101
1.35564812089346	0.600770089805534
0.688637326691298	0.220082192676685
2.76109157462938	0.779871501961836
0.552366600094505	0.200647521424049
-0.702529153090903	0.24025873050893
1.36066880319129	0.603371789765829
0.0959164306338026	0.0653824575283878
0.0848203739049061	0.0727709487144071
-0.089536241703662	0.0520570498263398
-0.497829058923719	0.187488525845502
-0.329512287054466	0.094417417841927
0.849408948383461	0.361671672630261
-0.957755682743215	0.470857661817387
1.35387025916238	0.599473598026445
-1.25386389579696	0.562825873961657
2.59165803122563	1.45789020898867
-0.43625373551394	0.285929086712132
-0.161307419136521	0.136463929193626
0.90847209510421	0.929771969328509
-0.164529754393796	0.139559673242936
0.370251977209177	0.344513977528651
0.379062213737689	0.496270041618984
0.126907159612408	0.10502848896108
-0.121400059953945	0.0958885187047145
-0.281681138204122	0.224608259033759
0.33011968566408	0.333060083050614
-0.512906004276934	0.496607427654364
0.589251737473014	0.471576763947092
-0.698670682702589	0.238794577468402
0.687453672774919	0.21969379736456
-1.79346061997896	0.390723019452767
-0.33115064247346	0.0948450204466267
0.187984352048437	0.0474280610765032
3.27152519356808	1.11907150574555
-1.7934287506278	0.390727439150181
-3.74407740392499	1.47715432623262
-1.00906318075178	0.399734482931109
-0.32485451718176	0.0931499749349684
-0.613012730411062	0.148202450577793
3.64871284900552	1.44691597652701
0.164778629348208	0.0313374327003096
-0.196970790009868	0.0634432336968819
-3.99426960204548	1.72770098156261
-0.0224024451889342	0.0205599556750767
-0.30548095561192	0.388605753958724
-1.29690460977919	0.801877478182481
0.360860977706165	0.202198948283648
1.79136035945559	1.83886566013288
2.76745598386546	1.71373808269645
0.14323799503191	0.128193826211168
0.310092099642884	0.356382255091467
-0.639572592692029	0.375451101688454
-0.0781472245863618	0.0306652259451465
1.96276901321247	0.454520391574277
-0.00854287153520294	0.0039097793350942
-0.203324972402716	0.0654285949027121
-0.32485451718176	0.0931499749349684
-0.928304737242872	0.969565552802656
-0.282956403719102	0.128312440108498
-0.017948510793902	0.0113650415601923
0.243869174218191	0.28524158871279
-0.456525126682202	0.476231329389442
2.76219840038386	0.780594539857824
1.30033823902939	0.723343317970801
0.690554433996612	0.2205748378538
1.06375255943934	0.407031400293661
0.63948973221237	0.338197299858082
2.13847384175308	0.967026817523456
1.47086646676889	0.49088731436037
0.385155982025226	0.338836431001934
0.0898023287739252	0.0586608208569677
0.687001483078787	0.219402881860221
0.169248055862235	0.0319917175833404
0.164778629348208	0.0313374327003096
1.84184770666887	0.726890218717793
0.165088029467664	0.0313824661178469
1.96372117107544	0.45473924627511
2.76109157462938	0.779871501961836
0.165088029467664	0.0313824661178469
1.96684138854469	0.455504908505281
1.96276901321247	0.454520391574277
0.191978891949187	0.1191884768429
-0.969383397751405	1.48350586007361
0.173932942960796	0.084662627627622
1.36066880319129	0.603371789765829
-0.707845094848957	0.242262716671496
1.09247799441691	0.534633070236409
-0.745964556331622	0.322905623079582
-0.960076629494688	0.472175041863433
-0.761835013100273	0.409542714061078
-0.495476598007788	0.186560284391804
-0.38148214237599	0.158042902493283
0.140202566576566	0.111220093643063
0.566364723906597	0.475123539035048
0.03450825883993	0.0232316595561663
-0.236754335084797	0.227372591227485
0.827143680910396	1.38422266019676
-0.158482764175309	0.121874995902696
0.105671794116993	0.0750774117169295
-1.0782684903045	1.25430022981066
-0.579793070267214	0.699015061052831
-0.0974934991286498	0.0685343528758978
0.625549644060416	0.58527748646257
-0.0331870178601894	0.0143236457867375
0.554170265139292	0.201310818357217
-1.00727939684884	0.398725619716456
-3.0729809879685	0.948009080411761
0.692481142426252	0.221366284684109
-1.49753171438992	0.532305096548695
1.47086646676889	0.49088731436037
-3.44619623148129	1.2226326390086
3.27993169130503	1.12298306623949
3.28479266719607	1.12476031435108
-0.617875104469477	0.149400727468359
1.47525146835293	0.492648627415429
2.37761737678735	1.20510731423188
-1.80368192120879	0.733397419313707
0.714243670717276	0.337503821527466
0.205174774226978	0.211316882062675
-0.00512061147962054	0.00441001947810157
0.188580555562427	0.116959552964064
-0.621613147724562	0.362181414686892
-0.664474633896386	0.519669042440505
0.636110739222185	0.335990911067588
-0.547799721314307	0.596226997643285
-0.432810240818477	0.592384366144755
-1.13237815133011	0.971730817047987
-0.120446187706217	0.0429055937947684
1.4745635305468	0.492365493098567
-1.22507721774917	1.12679007888864
0.392890181685234	0.200138147031393
-0.746448236482561	0.322813370370425
0.0824332396341342	0.0513097785498492
0.327226567311893	0.213140327115157
-0.120003619919398	0.0669551946452681
0.0513009351346337	0.0475955812020302
0.356255914569782	0.36567780706239
0.172149830644699	0.0666536037624031
0.378332185913566	0.191841571405118
1.4170405746819	1.10171917573825
0.554529317239519	0.201500781149606
1.47155078449581	0.491168545293048
0.963214248695465	0.255090594573707
0.362652023252781	0.335798445511391
-0.0713633193346383	0.0280688321246484
0.682339311812087	0.217953944354753
0.184697427143245	0.0554084744862393
0.966736740010186	0.256029100393941
0.161251150232847	0.0308565698216007
3.27631781619437	1.12171855032085
0.963743115659934	0.255236344279286
2.76219840038386	0.780594539857824
0.968469219672053	0.25651021792255
0.962025660417238	0.254682745005495
2.76330811440907	0.780761067286217
-0.035629368714613	0.0153336732024432
0.31605103012404	0.229628585786854
0.0318233498684636	0.0175962583010924
0.0236561040881776	0.0119766510754279
-0.4911121133521	0.444275384445995
-0.00861260083880875	0.00557827779278068
0.681903487239727	0.489344396437215
0.595120057613327	0.478082943514901
-0.224482116693211	0.163198387261054
0.175745590350331	0.0855812941878132
0.416994646186728	0.18967122277834
-0.581797112652481	0.27596306596272
0.847728504925438	0.36079146501607
0.179479941018599	0.0614871969929957
-0.129979551481791	0.0462019065222805
0.968469219672053	0.25651021792255
-1.26377029644958	0.568815934452661
0.326723647758547	0.226329893667291
-0.961660818594507	0.473515354679161
0.0606895962439337	0.0356065360550896
-0.661835766100317	0.516713180270502
0.753479907484783	0.631888011836504
-0.650270300172249	0.448947695709002
0.189447507965732	0.11026217310097
0.158845913371839	0.0692642153206433
0.627337684770896	0.330166165181512
0.624634051131706	0.328820226083367
0.160183078440458	0.0620332280126363
-0.119231040222735	0.0424930904552538
-1.13353410306649	0.973122425498958
-0.58212517045488	0.276414785383592
0.473198825825499	0.192238507652064
0.364942436578928	0.205170141950226
0.344110756716906	0.209563627676026
-0.906615981612299	0.65492384361151
-0.781869161868145	0.512897640241209
-0.316618731837907	0.221519989212971
1.98661161046239	1.2532688066896
0.189194022265764	0.101645503506262
-0.297494170111707	0.239494577061582
-0.647503390046346	0.446520746259086
0.936708325675049	0.818362239316424
0.317119493236724	0.241284166440999
0.529076294331137	0.338074226094578
-0.62803969941579	0.366805818932555
0.196336039296053	0.122013959226614
-0.16657419800836	0.0880296356402261
-0.422756266209893	0.321894411325257
-0.473616977603869	0.245935393798248
0.810766639387777	0.644772623732343
-0.210717834145999	0.135217774727354
0.179701045210655	0.104148712311832
-0.378280747926219	0.295073106756287
0.188109058639642	0.144569582881352
0.312822441221028	0.237471516009871
0.329941983315684	0.228969820249401
0.199864366648161	0.131448142454696
1.09186750437265	0.534241950816178
0.17133310499009	0.0662650406914928
0.550585584584045	0.199969616725774
2.92327956272963	1.98693816705666
1.06947130664082	0.409206481730878
1.47032706033056	0.490703617760438
0.963214248695465	0.255090594573707
0.848086888544391	0.360868145370789
0.181159179759352	0.0458876218072277
0.843777178831012	0.35876995680636
-0.0670595404005552	0.0403258800381177
-0.00275621645143749	0.00176072492080561
0.0463554482055585	0.0272577990958093
0.495332120444054	0.458532636814329
0.191577201678781	0.13176165934257
0.614536508809852	0.571211932969667
0.186680844868748	0.108408728118561
-0.776130159997184	0.506971066768873
-0.188008636019869	0.124818094568503
-1.23684505587905	1.14335031838427
0.0172235094392076	0.00880956262859118
-0.438343091143619	0.287400838119081
0.0229087941263838	0.0116055355110416
-0.474669685037472	0.246451453147438
-0.466784598352498	0.241778321211318
0.342554318152716	0.208421644333317
0.465454872374836	0.338005634476584
-0.899071414690209	0.647245816935444
0.554015274964879	0.461831869292024
0.181944641253337	0.0887551750882722
0.744694989789928	0.621265597342979
-0.621631928535503	0.552019421906886
-1.23385230691753	1.14051782151188
-1.30595387314765	0.81014450346237
-0.19265924146981	0.0621226000055922
-0.465001126443168	0.241000830188982
-0.455615479093241	0.23509998448109
0.387121074767437	0.196741209183481
0.471824602510079	0.191574432510034
-0.492545799481847	0.185468080029724
0.56976923475555	0.332752928664466
0.172809971130731	0.0923789682697565
-0.369961171219019	0.152957073576735
-2.10500222182372	1.60135686339073
0.466599074950141	0.189176603443296
-1.06807813687019	0.718506108401465
-1.08005008130204	1.0284387633182
-0.115545605364104	0.0796086081243935
0.455513494461283	0.349406674267612
0.170837942108051	0.0914225516176533
-0.586807179545168	0.47242017234667
0.197054168198816	0.152307839192317
-0.0527804781599428	0.0317053436733939
1.38837381779812	2.00764433082391
-0.563747365348065	0.541279911017214
0.352564640315147	0.215835083923454
0.169728152255202	0.0656922749485056
-1.54152228115078	1.4742885504695
-0.320033264603943	0.224397657672299
0.670470583781144	0.610742716427607
-0.149834367742939	0.101535993222193
-0.383020113273608	0.33109074104358
-0.931337113773592	1.04760046887921
-0.310749379407583	0.273840611555892
0.0272606947126758	0.0197213659709532
0.204173251146962	0.177568358778544
1.02325989776922	0.843617529842103
0.555099074408361	0.463300032124024
0.556308696676708	0.202195250417483
2.57937356084025	1.44758389357402
1.84957887095899	0.730635761791688
0.920575181336318	0.500043746336485
1.05878746464103	0.40482083139178
1.59857754726196	0.804530569699723
0.685539141555545	0.218907224669263
0.546346904865407	0.198325214127253
0.525810978820789	0.335624331704565
0.172230797984254	0.0750622156102414
-0.441404217402821	0.290105060490362
-0.381904803195835	0.213611046105977
-0.268926439038043	0.167519621396021
0.369527423053694	0.207892089808251
-0.5928325360839	0.478501774114137
-0.556988180252441	0.400997689838608
0.75073356072724	0.627963362993182
-0.515882658224559	0.321539273101975
-0.171210982575217	0.0906214169320762
0.927419410674345	0.504659925072578
1.35140080275467	0.598236003347431
0.165880035481028	0.0314978449610492
2.13239173303271	0.962976446468332
1.35280460382118	0.598680500724995
0.963214248695465	0.255090594573707
-0.135134010916441	0.0479974607496354
1.11025022969174	0.68660314367414
0.182515705814395	0.0461929473161663
-0.750364995739161	0.325029815455567
-0.444115523413915	0.292418220089787
-1.58251692629909	1.20039151217704
-0.1652178351112	0.0872899041130559
1.25180033287651	1.22580615729322
-1.03415019711512	1.06583783342791
0.202835501456763	0.140205981110725
-0.582033784036358	0.27659159653623
-0.420365945711271	0.357848362339033
0.162464065135684	0.0708441738046974
0.386680104109777	0.340517823422001
-0.206002398713175	0.131888110852985
-0.0779322359780751	0.0452110449463092
1.25712463152051	1.06238528017409
0.684355310206423	0.491860081118674
-0.377752399153208	0.210908437834933
-0.370251429713291	0.287523171226169
-0.122665596248299	0.0684002026096005
-3.45796583598768	1.22919156297893
1.65654048692907	1.17200675401022
-0.920000652217139	0.555550470292608
0.320983602572543	0.221821171989126
0.718148233971747	0.722371021952547
0.174204355272961	0.0597247391277113
-0.51918264658985	0.323481102528656
1.26774493316961	1.07501780154085
1.55899797640967	1.34623614329285
-0.379434071879926	0.259179163743612
0.320155211013018	0.221184496568521
0.567732756331836	0.331199818734752
2.15715063814338	1.51966530659877
0.00318676481936447	0.00130823763709156
-0.577804511413052	0.273747516445408
1.14121224665251	1.03201278152623
-0.120998237505809	0.0431156409405122
0.526442444554632	0.335457430046642
0.173676863179753	0.0757156141791281
-0.754955589399387	0.405096632918557
-0.267793513507755	0.121126794267037
0.842428737935759	0.358225189674143
0.175131571337344	0.093713639661151
0.347567897865865	0.21224690265804
0.190396084153046	0.13633656815075
-0.620859441825072	0.590231896180686
-0.594903289100497	0.480784733327464
0.814789820779213	0.491181725409607
0.0332843872623864	0.0183707648728459
0.170708161185563	0.0912760230128456
1.34857054726463	0.5966400161495
0.177362298643623	0.0450515694227369
-0.702529153090903	0.24025873050893
-1.11951983581622	0.337809535545767
-0.60895933746012	0.147406558741333
3.27393157336313	1.11982869858365
0.174045724149933	0.0524237595938313
0.182484105638909	0.0547795623460174
-0.325582325201124	0.0933470317045756
-0.999116065979541	0.394904057507624
0.964404580081594	0.255330782344719
0.670645420852163	0.479125128772073
-0.127452869547062	0.0711966519860473
-0.202274989457322	0.150378379524959
-1.32911064482821	1.50971416352107
1.13712712345998	0.871308601331604
-1.07965582199998	0.729853865815112
0.817255908145801	0.493084235751967
-0.692919561230597	0.697709605088203
-1.17632511309758	1.19663344171632
-0.151828205397277	0.116312373720172
-0.484311641355129	0.436518485937335
-0.890634372268826	1.10611458087548
0.305542856377431	0.220690705170083
0.432562653482248	0.345527440819157
0.319845565081005	0.243712172224452
-0.293006181361509	0.235274037303498
0.706371606592459	0.332804684607661
0.183063896529214	0.0463401006276899
0.449987485088685	0.34395739908126
-0.519040836022281	0.426881592983126
-0.245115095762096	0.151231229871183
0.018029983781694	0.00923794166485447
1.08830272008167	0.532159510230079
-0.586094131867088	0.278540640573356
0.467435422769942	0.189763860429757
-0.516964006653635	0.322046197964195
0.0799677879496862	0.0520704620247078
0.442910413211793	0.337463391721889
-0.127467601578692	0.0712475428549567
0.584269889253747	0.466710164417701
0.563047883640588	0.327642310818435
-0.322942949519563	0.19233320302861
0.596153088624121	0.479123291676889
0.175131535277828	0.0763564409212716
0.172463093000529	0.0752804629540888
0.380252353045824	0.192973296073417
0.858062133573562	0.365541271518822
0.164778629348208	0.0313374327003096
0.169931732336975	0.0583028870285989
-0.999116065979541	0.394904057507624
-0.672437564953311	0.52821053027003
-0.197480293351891	0.125972481502076
0.638836409281017	0.601854740179283
0.00754920204444571	0.00407552145698286
-0.971644116003698	0.47947421478528
1.91984552855493	1.65612943632597
0.702473862421873	0.330774970493302
0.967271104517323	0.256176548116206
-2.57067328278635	0.665094197548339
0.183610895194862	0.0464322674344966
2.76559849788836	0.78194178274137
0.966736740010186	0.256029100393941
2.76330811440907	0.780761067286217
0.957162742729009	0.253557522610441
1.06078959666294	0.405437996491229
0.183063896529214	0.0463401006276899
-0.698670682702589	0.238794577468402
0.568254075032486	0.330828395953054
-0.764454650763359	0.497644992314759
-1.62360431611105	1.647864607882
-0.125375880619607	0.0700252802613939
-0.413604287131986	0.313479171847781
-0.0425820331561304	0.026325949273448
0.8855119170563	0.658730008172786
-0.324043151226213	0.227511448855865
-0.955646262653733	0.929087027310156
-0.0195209824817758	0.012348200297743
-0.214247732182624	0.137636395023047
-0.526724568283429	0.329438534720941
0.471924706816573	0.343880672591229
-1.35274761774656	1.89486240954534
-0.17773781296226	0.117434742042949
-0.776855690823306	0.589666699472307
0.552010634561459	0.20046264360567
1.06449307015235	0.407221804443696
0.176190253019983	0.0603726989291664
0.710010723607964	0.334958589196876
-0.218942137677857	0.10797705422241
-1.31431407464289	1.06762181191605
1.30396387067548	0.726122477880366
0.686626809163374	0.219374653716057
-0.515118592027326	0.320869698691306
-0.00601484612082935	0.00278122183569166
0.571659355303781	0.333674600044308
1.67329376582273	1.5773603159154
-0.585109023877585	0.278047246717244
-0.490397121978039	0.365683076559752
0.0511360514726481	0.0300185750193482
0.932682444127952	0.812530813140773
1.26792510389337	0.882415505599628
1.47858052547239	0.928260383636545
0.184877496225861	0.0991503265397732
0.718340170227035	0.339925270792984
0.182384642090162	0.0461735738884295
-0.323664690407152	0.0927962418225715
-2.57036588579023	0.664816582891659
-0.435565323797263	0.285690729193595
-0.00397109616036187	0.0018736378444383
0.417095052321074	0.189979485780762
-0.25606807917034	0.158675179648368
-0.0598420224240356	0.0359518224536945
-0.926388733394767	0.56103074604992
0.168282085823286	0.0651395862135137
0.179129010219219	0.0871949531889897
0.464063455250434	0.188241879817787
0.692481142426252	0.221366284684109
1.84022304372881	0.72612017307568
1.47155078449581	0.491168545293048
-3.45171499640176	1.22586147893993
-1.79346061997896	0.390723019452767
-2.57036588579023	0.664816582891659
0.165088029467664	0.0313824661178469
-0.197335094105888	0.0635174359839544
1.3549353352076	0.600117468724131
1.30202405601974	0.724655242344649
-0.378153997810122	0.211165479472245
0.20660472082466	0.155007981374932
-0.460112402308483	0.384139065855968
-1.33295463098715	1.3178214996216
-0.456563891110862	0.3806432978392
-0.328219397380457	0.259356744459262
0.684434687194055	0.707405170653904
0.184449914372055	0.107144260151076
-0.96398718137332	0.940318754153238
-1.33715162419208	1.5230202224145
0.100533558383697	0.0712376847936586
-0.203207632678702	0.129972479029219
-0.117437629544353	0.0925653397264869
-0.775300506706068	0.72060497346786
-0.561893606812181	0.405096842184862
0.177501415059504	0.0608062606278489
0.182515705814395	0.0461929473161663
0.844441707134117	0.359109180860946
0.180152919935037	0.0964603915195486
-0.436776982330412	0.286292167525603
-0.549540128172063	0.393984524822222
-1.24753635380142	0.559274902962467
0.165088029467664	0.0313824661178469
-0.196970790009868	0.0634432336968819
0.462757302914717	0.335679838518015
-0.563863013522718	0.406745257573902
-0.0727452422026444	0.0286275886540948
0.590314337098683	0.472796585574266
1.92405594650591	1.66373187105372
1.34837533152829	1.41791844710349
0.494630178176763	0.339316684707789
-1.20636909895132	0.89906888065475
1.47155078449581	0.491168545293048
0.166320253572048	0.0643709570145403
-1.1182849071041	0.337405124817419
0.342706161431136	0.208857509434687
-1.12459463521451	0.963058149418517
0.977657540076522	0.969192291723185
0.537704094393364	0.467530415790507
0.478185042803442	0.1944268337106
0.178252692101149	0.0689778456927492
-0.575802666642287	0.272840641276801
0.550229507129372	0.199823293779666
0.172940159701571	0.0754859435944859
-0.954514574162285	0.468359712013935
-0.700673100063675	0.23947715305123
0.963743115659934	0.255236344279286
0.16619130625606	0.0315431724784316
2.76219840038386	0.780594539857824
0.181837521716867	0.0460537144756759
0.542126930562084	0.196582316426667
-2.57098043849301	0.664920470822356
0.181222403711057	0.0544586569816679
0.715448466370102	0.337890549600564
0.379533916892316	0.192802900029182
0.198567103697896	0.130511052961771
0.0893174495936365	0.0583628164336622
0.495421786692427	0.340333359502618
0.490540170868215	0.336343942918887
-0.574829687553058	0.586654351026701
-0.327325177489859	0.282854497440512
0.200602789789712	0.150052465525402
0.106637731666199	0.0984206797940899
-0.0938725676081455	0.074491792344447
0.419739445799237	0.348392247450414
-0.138655603449212	0.108126693268895
0.417033848491355	0.345640372241772
-0.54131279962286	0.56062059509113
-0.46195142601571	0.386211853193958
-0.288553167064888	0.131104800633221
-0.613682540053849	0.148388769407339
1.05767805940452	0.40430204105456
-0.302183322421959	0.178363853849543
1.60521903927081	0.808334808912077
0.0246288840498851	0.0124603418504543
0.169570842988667	0.0581880998558025
-0.202976861420011	0.0653350306430413
0.879947396208844	0.652338387586129
0.905123215567928	0.924720963337951
1.24916819295581	1.22300113438995
1.35377119544592	1.59873449386828
-0.375678893668534	0.255936338540337
1.2489838711082	1.37360285194722
0.85714894512123	0.780164783370903
0.638705491849718	0.337920490776115
1.5926000408058	0.800136466406671
1.55207684555696	1.87769015901076
0.1930854329787	0.119949650055415
0.930495504679934	0.810651469651515
1.0290029123184	1.232363698356
-2.04787602398227	0.931932803365012
-2.57067328278635	0.665094197548339
1.05952860814689	0.405011691745652
-1.11896025029368	0.337616084496264
-0.0888145591965095	0.0347665059010789
-0.516964006653635	0.322046197964195
0.604403400564891	0.584585517860268
0.497402516552217	0.342198267420599
0.740104916125878	0.490990920886511
0.181973584926334	0.0975111087130239
1.49434684200188	1.50409767564316
-0.924805902196419	0.558968000675209
0.551298334729919	0.200249958464128
0.692481142426252	0.221366284684109
3.94011940400443	1.7432966017604
-0.611962616144159	0.147977912487881
-1.79346061997896	0.390723019452767
-0.60895933746012	0.147406558741333
0.964404580081594	0.255330782344719
-3.74551962293396	1.47870416259712
-0.618535635333325	0.149538863092151
0.169566032486793	0.032038095111837
1.35423242875669	0.599512730561188
0.924515436955751	0.502124979279699
0.322780749366337	0.223074039982048
-0.380054526586135	0.35607765325606
-0.373099357155882	0.254050580354092
-0.761893805348955	0.703542710522322
-0.930337008805966	0.972287264942061
0.117247040755879	0.0865742630837722
-0.286165813101333	0.228811549785428
-0.590635211003184	0.476417073101683
-0.767241848656835	0.710356456998327
-1.1566864676837	1.41867253211547
-0.00571638529465967	0.00363283725999149
1.24615501243669	1.62999058674338
-0.263874838747554	0.253215781777014
0.0888333233748497	0.0580100099978839
-0.701017280984258	0.752103257512102
0.474198126463934	0.19270082318148
-2.57522664974505	0.666917731403372
0.713906415672812	0.33698145815023
0.59201285264475	0.474903770193523
0.974240088465071	0.663467527463147
-0.0801618026797435	0.0314312822044557
-1.00906318075178	0.399734482931109
-0.196970790009868	0.0634432336968819
-0.171405242422644	0.0907526605887632
0.382173148842734	0.19404999798293
-0.37317771167251	0.207840138837452
1.7328371444696	2.64495883135403
0.728149867159876	0.736535828608238
0.191996203034107	0.131975222144938
0.35085566608918	0.214336125407594
2.38045665129255	1.20745339715395
1.01516813294356	0.833108181342408
0.183600515358582	0.055105623027285
2.29899077836383	1.79082244317329
1.43238963961729	1.78961200279996
0.209407816036823	0.151478990474751
0.351716683397481	0.196680564293658
0.182858951290242	0.106135503224732
1.83904259060411	0.725255788020061
-0.699405444382189	0.239043645886915
-0.132739820857166	0.0471619686484614
0.180484451327502	0.0542489043189748
0.859169866353688	0.906158834751592
-0.37204989031209	0.25297026723524
1.05473428026755	1.00432235506136
1.1611779261892	1.32023026710847
0.328619367560518	0.227930162477666
0.524578182080324	0.334497690849908
0.169047606961274	0.073731210741751
0.616603861211076	0.323748256331666
-1.7934287506278	0.390727439150181
0.180107983152346	0.0541465694868784
-3.07350260546998	0.94852963330217
-1.7934287506278	0.390727439150181
-0.614206104379299	0.148455859250315
-0.613682540053849	0.148388769407339
-1.11963574652263	0.337715170908198
3.27510914666181	1.12076297640292
1.84022304372881	0.72612017307568
-0.161067282724922	0.0850622829202647
-0.166091222630473	0.0878714052834163
0.292542423275775	0.245673938001438
-0.0925282686321651	0.0649076895386565
-0.585380340374345	0.601151932694622
0.203480783864978	0.152451537493254
-0.648200326036438	0.446621671081975
0.282861646001045	0.243820363302325
-0.372227580995576	0.289317272194409
1.09008761503214	1.27440965450475
-0.256552006169014	0.208107379397106
0.0193571734912263	0.0135632961866002
0.938337203104937	0.820480005140043
-0.421731654289198	0.359311027914736
1.09593679022038	1.28460661516052
0.0810564342504675	0.0528000638284026
-0.744824966604454	0.322057504500445
2.76219840038386	0.780594539857824
-0.702529153090903	0.24025873050893
0.0859807661371345	0.05611545727708
-0.219788262174736	0.108464474498506
-0.564447123358761	0.542341479715707
0.987378985066214	0.675638675334566
1.47648048364922	0.492996794108507
0.930903409228585	0.507498449443057
0.205852733687091	0.142497316107964
-0.212867299633459	0.136695597740387
-0.247315494808736	0.182008950378876
0.339401278623003	0.206672550136393
-0.178794782860191	0.118219719588801
0.19379047757586	0.127167747017641
-0.205010413165775	0.131174216827338
-1.07490999224228	0.726086004049827
0.386671632527198	0.196491681655945
0.39282320046669	0.200087170317685
0.0371331301537843	0.0204064024492051
0.707511121593959	0.739827546439852
0.532985496679828	0.341065402648712
0.362636513343598	0.203320699259383
0.971681244976324	0.960199718238155
-0.069085856363235	0.0415643930847527
-0.696541300176869	0.608127203131043
0.693668977910988	0.221707820486434
-0.471221256308256	0.244605103774267
0.545282959725496	0.197930364047729
1.09286125469016	0.53488830944908
-0.0693590507969908	0.0273198390182347
0.81240806266057	0.490245647177826
0.936268352821604	0.81790154852032
-0.110009933110871	0.0756071773021303
0.167546613983363	0.0575001557873236
-1.49680843456756	0.531963842405938
-0.193367241020068	0.0623371853793179
1.96276901321247	0.454520391574277
1.96276901321247	0.454520391574277
-2.57067328278635	0.665094197548339
-0.703264262088321	0.240508331840629
0.179845637419764	0.0616123591521601
-0.32531700249348	0.0932194330065639
0.963214248695465	0.255090594573707
-0.707845094848957	0.242262716671496
0.882725900367526	0.654292754967781
0.316500190947684	0.218166079403025
-0.051262755913342	0.0307951134616921
0.922514866493992	0.501526571469751
0.596207273150469	0.574063798142974
-0.08712146086114	0.050606216188254
0.181274022842234	0.10522958383023
-0.0869803188449513	0.0608643855047714
0.199864366648161	0.131448142454696
-0.899071414690209	0.647245816935444
0.206042515702074	0.142674336754311
-0.560188305463192	0.403318216549924
0.185941240193848	0.107899785157185
-0.11999417494327	0.0427171790732325
0.190729444947071	0.118257125342674
0.359898343890819	0.201569553989673
-0.635282581627261	0.37225794374793
-0.123831252718902	0.0440604843970144
0.807462898778488	0.485820877044198
0.607026498028557	0.58777156711381
0.806370842208611	0.639175381857476
-0.206646932228356	0.132324453068085
1.05566808904931	0.403162157728324
1.05346208699469	0.402359762312703
0.822377495089117	0.497475081781684
0.668890286942063	0.47723114475602
0.464324971876484	0.337137837938976
-0.374092389535063	0.208608510916117
0.548446031553528	0.199065921260852
2.37833363806881	1.20570132413706
1.27010474544158	0.883301687477531
-0.904700009221573	0.654029252807784
1.08689352395271	0.530899521060822
0.343247700571541	0.20936018739523
0.636680371343222	0.486498332284128
0.899889120107556	0.917032648350764
0.346038952200519	0.21093118237434
0.303264178364112	0.229097909049917
0.524310421147933	0.333784084040874
0.188569630187637	0.10970650710736
0.408832384216153	0.185762497244236
0.360604487625078	0.201916689219251
0.554888698626794	0.201570551690915
0.423936665900175	0.193276103723713
1.15197500434061	1.18135704304333
0.0775335419285506	0.048163976334857
0.461793714303374	0.334639592743271
0.0586958024343171	0.03439983189912
0.169605761924141	0.0825283217303454
-0.369357547659888	0.152543412743622
0.556308696676708	0.202195250417483
-0.320548811537412	0.09196618419473
-1.79338811816094	0.727671784024384
0.184338509014023	0.0553315106563962
0.169566032486793	0.032038095111837
-0.749962038454575	0.324836661096217
-0.035115724760903	0.0151229999380053
2.12634870418503	0.95912271644804
0.174866744414616	0.0599504088128746
-1.49804253967721	1.66598767554665
-0.957735508564936	0.93035535487102
-0.769022006063203	0.712907227124745
0.52888722891683	0.337708185419437
0.724352409163367	0.343090789836712
1.12900577371122	0.862527904812327
-0.649448208255759	0.447684398026128
-0.0391319527120753	0.0168004300816629
1.04340049552988	0.988979394140416
-1.14625878245289	0.636222020457509
1.27814896870036	0.892286440423136
-0.520541898468289	0.324538096424349
-0.579774617979949	0.274894701600542
-0.586655946639658	0.278847109448402
-0.759601524105454	0.408547259091922
0.631780919614744	0.481634519349244
0.4958924966335	0.340775576716745
2.58069801051514	1.44798887578222
0.177858212974373	0.0865364411096852
-0.0444931594172057	0.0275066078385763
-0.367398257073908	0.204213011816085
1.55188721505904	1.33241258507889
0.378842765815337	0.192157696824091
0.17881072147523	0.0691883638328724
0.980700057685397	0.670233792551426
0.189463550989587	0.0924901519329718
-0.319941472806007	0.224011700050569
1.25697177864641	1.23530891554389
-0.4447367832527	0.29259559961676
0.182867040305946	0.089078518311952
-0.084463586353819	0.0330850075245822
0.178721194692651	0.110389243742249
0.413600678391149	0.188126826729603
0.404663293640409	0.332905715696228
0.499602082134084	0.343577860052182
0.336112843452117	0.219972126246514
0.455835582896924	0.349690550747485
0.361704770230717	0.20306210710356
0.381660610509701	0.193754596112631
0.866782883719057	0.791706365619404
0.876140829850781	0.648667810891983
-0.321541705855435	0.225565162597793
-0.656249818328759	0.454300081758462
0.419504258944662	0.19114580001047
-1.49488636347355	0.53094883647402
0.547449661990873	0.198666666721272
0.185813320888401	0.0557349268614171
0.968469219672053	0.25651021792255
-0.194822363184045	0.0627608493171706
0.165336774033921	0.0882905315941481
0.984951601545002	0.673343862835275
-0.748145488205946	0.323804861048173
0.473198825825499	0.192238507652064
0.529462459090459	0.338324518865001
-0.495467088212444	0.370428541823593
-1.20458233553286	0.897611134380888
-0.767453129627885	0.413649350614576
-0.456058735172743	0.235378014255836
2.13958082308296	0.967639587738095
-0.767698653351095	0.500366746868719
0.711399968443591	0.335825568860817
1.09167228307017	0.534341039349394
-0.374092389535063	0.208608510916117
0.929877461415162	0.506116569485989
-0.0806799604615525	0.0316262364066697
0.176151715208171	0.0681554302009089
1.00952108611791	0.827432081026608
-1.14276993945418	0.633862727560986
0.814515889090386	0.491637750645634
-2.89936749723634	2.12481837848779
0.175528710194884	0.0601682623632123
0.0189949588542435	0.00968744368187784
-0.26053628088259	0.161739208664472
0.181743566138518	0.112344246187452
-0.324232985190393	0.255613259064827
-0.772040727280283	0.416912762366139
0.162579653758822	0.0558519902259369
0.640986362284584	0.339127662806248
-0.0678643207492206	0.0267547480221599
-0.157892276604134	0.0833291883866356
1.29653544264768	0.720276919184037
0.417554842974859	0.190210651649704
0.175166461234022	0.0600277554082778
0.470740513037975	0.342556060856873
0.914051599674451	0.937760635583592
0.746353128999462	0.62349911491742
0.363958698283082	0.204259370121033
0.980393168355664	0.66899142972599
1.27360281940631	0.888663630922024
0.177591660574137	0.0774947914663098
0.566117443517204	0.475068142056941
0.402381112175909	0.330725762698788
0.185788279784628	0.107972130826505
0.487615014256659	0.333923834203426
0.0480568719277063	0.0263718621447324
-1.08154236493899	1.0309642486828
0.039650258679215	0.0218081716624996
-0.374692259035009	0.255141415205481
0.696844127389947	0.72479945908887
-0.619274277676725	0.549435140470906
0.0624428392545661	0.0387075509509727
0.078143990740061	0.0485788757353016
0.417970167573709	0.19018267865932
0.060514483931964	0.0355278852504089
-0.498201158890918	0.187691502941451
-0.0766523900390929	0.0300897944123724
0.472416645443175	0.191943651710654
0.173437582906667	0.0757197683873992
0.168910828881268	0.0579679737759373
3.27152519356808	1.11907150574555
0.177362298643623	0.0450515694227369
-0.198392257320092	0.0638832149326698
1.79992365131976	1.01451500838487
-0.702916162136118	0.240304795913802
1.29596944158472	0.719833885534944
0.17133310499009	0.0662650406914928
-0.284159707626603	0.128724533231013
-0.785350447935988	0.89468346323043
-0.662905986857799	0.759624795287441
-0.880930775911809	0.724873559912529
-0.651869804960869	0.45035088323566
-0.275961634255588	0.198150556669825
1.04744920663145	0.994922773321015
-0.10076605397872	0.0786280939366218
0.37712396310385	0.341542169518188
0.0819279233766707	0.0533955263093905
-0.0399116306261662	0.0171362846235682
0.0219362501505637	0.0111222369124257
-0.0905099258724739	0.0524123625003676
-0.580810490545755	0.275470089991001
1.26527923210759	1.07215103565834
0.591277034515481	0.473970209164088
0.0969050638815819	0.0685574209717633
1.07982998289362	1.15296926723904
0.524578182080324	0.334497690849908
0.401939262788657	0.343960138531852
0.420953780464801	0.191739880368985
-0.382228605824872	0.213605394686672
0.526503201761362	0.336022153626684
1.79893321400998	1.01356998027013
0.180484451327502	0.0542489043189748
-0.69828209728105	0.238636183590358
-1.00198766685669	0.396175079052544
0.713492738665586	0.336741710182099
0.475196904470731	0.193138494041749
1.12578349717055	0.857976728503609
-0.282695070299447	0.12836790241986
-1.8226751263221	1.14179911883642
0.341256607290895	0.223664513579145
0.336256679368003	0.219971088538484
0.0598699663209298	0.0351449939707629
0.183685846851525	0.106736997846369
0.413600678391149	0.188126826729603
-0.495476598007788	0.186560284391804
0.177128417646057	0.0772826073847812
3.07435082494068	2.30496819059099
-0.0748232390858092	0.0293773202669746
-0.584123953425108	0.277507589915137
-0.125844894222174	0.0447325448500255
0.717874117611946	0.339372346040594
-0.503483382578555	0.189906433790702
-0.471046780339722	0.244225289082318
0.0127696809835272	0.00663293516930231
-0.0302739366177903	0.0131272853375204
1.49867599732294	1.51214666239445
-1.47582914633891	0.74490389431856
0.353090958308124	0.197576629927931
-0.0733230219453967	0.0288114204306004
0.573578494073406	0.335111346346908
-0.620217925472987	0.361221807750906
0.4678260652541	0.18990422172989
-1.24622743861444	0.558447645481955
0.924897227871634	0.803326768172857
-0.930748941554831	0.564123592403865
0.347525252656074	0.212253349735991
0.530230635131603	0.338973933731706
-0.00587533967387186	0.00270298492296695
0.368967834610969	0.207497824006672
0.326766994047095	0.226438642565363
0.579587521120179	0.461919272105125
0.586171686011305	0.468811252145017
0.631250170364834	0.332841211984305
0.18901299686958	0.117200198913521
0.343080675992756	0.209103501149892
0.686270437198953	0.219228628867356
0.692028142380155	0.221092112401465
0.161251150232847	0.0308565698216007
0.183614084665718	0.0550686689100405
1.47155078449581	0.491168545293048
-1.25292634738104	0.562158900236561
0.0154993153249026	0.00796053319426625
0.182515705814395	0.0461929473161663
0.348954061701269	0.213235765957309
0.526904678088905	0.335925380167342
0.183960045070368	0.0552151922972765
1.48741257038354	0.93717466431315
0.8786870052021	0.650500977217665
0.0216586635129108	0.010974239279228
0.884137242784231	0.656536989804348
-0.072277850010807	0.0284446033718591
0.858351843240578	0.365884689192615
0.0313858200596472	0.0158512119347736
-0.371369797878116	0.252411334705763
0.571446403507949	0.333860474821157
0.17273732603019	0.0668202643468802
1.08689352395271	0.530899521060822
-0.373810451189201	0.154600652368187
-0.520729631291876	0.324693664476144
-1.91706129245148	1.86202615531573
-1.57873946891914	1.19624673344309
0.637732098164198	0.48760416296664
-1.5026235657887	0.534584753118728
-0.897185503742456	0.646066407547093
1.27077396003061	0.885625244917427
0.182559546673191	0.09794396530163
-0.214484485105389	0.105626037472161
0.725501981812943	0.47840803595583
0.441071944408358	0.335625636092842
1.04083241709395	0.98545004583173
0.925483544496549	0.502840553877202
0.525092460536376	0.334421432006538
0.534142145895036	0.342066751286905
0.693216225774344	0.221541872050593
3.64618465324491	1.4458034047001
0.968469219672053	0.25651021792255
-1.49897898499855	0.532683365671509
-1.48157831958932	0.748817153272625
0.164778629348208	0.0313374327003096
-0.373381378634024	0.154387683701127
0.596990630736853	0.480040401535472
1.26527923210759	1.07215103565834
-1.2114524171667	0.90584435968578
0.178779714919055	0.0958690984261712
-0.464318844843735	0.240465507302889
0.352281307025707	0.19697947430929
-0.154088917460086	0.118245802910331
-0.626791795355518	0.366235485549497
-0.924526353544816	0.559720700777854
-0.195896300806791	0.0631110974355499
0.372908303152303	0.188847783311975
-0.558506299145031	0.401855082366763
-0.625796008972676	0.364956071177134
-1.12625411519444	1.23539697314105
0.166180490994207	0.0643259864206776
0.168703934281002	0.0653025262066088
0.532800361422032	0.461846637783991
-0.12638890892736	0.0705998085758929
0.805071880380942	0.76248143358214
0.426911587733147	0.194755606409184
0.512559556536119	0.459769710034882
0.190530603629339	0.118216122249729
1.96372117107544	0.45473924627511
0.18669557897159	0.0471023434054876
0.178501542383482	0.0611435078509636
-1.81421062423404	1.13373192936931
-0.49650800501461	0.187033371669453
-1.81887732634207	1.13698819795207
0.0238304860724247	0.0120847405182582
0.110330146309234	0.0811719547599516
0.365074397279878	0.204992677724776
0.970449159104603	0.660123575652879
-0.0815405983088304	0.047326772530687
0.416560881962769	0.344980828969201
-0.215999304766252	0.106404677854699
0.175528710194884	0.0601682623632123
1.01799305355011	0.838174080182445
-0.36974452594511	0.251258316983727
1.05370635455528	1.00253681836876
0.349097240095351	0.213400002340584
-0.321011266565823	0.0920911495247304
0.0369917818103121	0.0203580063444067
0.0137022824982292	0.00921933701893986
0.317099740833067	0.241274127907959
0.490443593377125	0.336102743328988
-0.326310377140785	0.0935168437296262
-0.08448619656828	0.0490477729637702
-0.481569405470037	0.357617761613961
0.103376538230071	0.0733674347264105
0.360582612686216	0.202211893503112
-0.370774307691174	0.153138816357845
-0.371810273970554	0.153719153369864
0.174899169086388	0.0851670042735498
-0.199032317017901	0.0641034971037585
-0.0898077929386061	0.0522153881114075
1.78762733667488	2.20953323008911
-0.078577526106497	0.0455850580000723
-0.456782102053027	0.236011285679243
-0.0980676000701158	0.0571109750427379
1.26656859737481	1.24857773184167
-0.141422769019975	0.0954923379596812
-0.262507102926803	0.163094940953088
0.492751930222829	0.338112612148829
0.726175060062389	0.478672077418135
0.19639504445178	0.114513669050731
0.56965273195447	0.478676384779902
-0.764731953499065	0.76230137540545
-0.174735216988072	0.131991927666924
0.187668527032263	0.122837511394208
-0.0296057763226819	0.0128589355627462
1.16356588936109	1.32434156144679
0.0354126822120951	0.019499635106764
0.321891891134701	0.209176258567157
0.365074397279878	0.204992677724776
1.38941647866679	1.29080818197584
1.27532819603609	0.889257087055675
2.13053841868997	0.961417195686424
0.466848409349585	0.189413702865932
-0.221183618396326	0.109192131796346
-0.964649822104942	0.475010592895011
-0.277072022519318	0.125573551816857
0.821485514774609	0.49670121622004
-0.214915659375467	0.105879941685192
0.549872383663091	0.199625186867885
-0.767892650946616	0.650045227441149
-1.12276724259739	0.959248257214332
0.544218436165038	0.197506777270022
-0.0752177151460479	0.029563691770673
0.0356628884841603	0.0196290225559856
-0.210331738554294	0.134953793621042
0.183517076211768	0.0894549156492744
0.620677076587409	0.470763048015054
1.26298853814784	1.0687250007854
0.565080406655964	0.329216827300277
0.363370211146945	0.346651005179382
-0.131650706174757	0.0884679447517965
0.083907298754833	0.0547102491848751
0.633740030271999	0.595378029269546
-0.879527264866005	1.1992534216048
0.729200279269538	0.738418832113681
-0.672108964710466	0.527454506213152
-0.623175381106081	0.719738161834572
-0.711220543419146	0.809337317450111
-0.0922400463718967	0.0646981603369213
-0.0557047011569885	0.0334635346688888
0.688637326691298	0.220082192676685
1.05346208699469	0.402359762312703
1.84066711299049	0.726365639107333
1.46842163094462	0.489769078028611
2.37472616461454	1.20282054172587
-0.0761890453096145	0.0299200368408376
-0.293891427213924	0.256135168674002
-0.335016570732662	0.380935883341821
0.438143479434005	0.332934855813531
0.718852025787888	0.339949377569185
-0.0743029388377007	0.0291787825838512
0.268895227979046	0.242923696836684
0.338809056831962	0.344069147126897
0.173688120627949	0.075722075568917
-0.496879333423488	0.187181684059415
-0.129584455026173	0.0460681277767629
0.81054851963882	0.487615015343109
0.444424219959619	0.339079902796089
2.09567876716509	2.64570172425236
0.188773640951867	0.116913791181627
0.199529022975677	0.137754556503865
0.535698982503291	0.465216481675823
0.111387900178931	0.0820012087989138
0.0815036128131982	0.0531120642951006
-0.232855851575918	0.191651788509447
-0.207063279916246	0.132655079999645
0.505862608029063	0.548200581685189
0.108936570744434	0.0775139400338866
-0.267268278385371	0.166364311149815
-0.0343636704342692	0.0148279990278093
0.183063896529214	0.0463401006276899
1.96372117107544	0.45473924627511
1.83948692258838	0.725717515665962
0.0245607378976787	0.0196450280397734
0.182777943360957	0.0707253211190143
-0.497540036768389	0.187445875024767
0.179702768329927	0.0695105798120936
-0.0704094907680216	0.0501303714522818
0.329405484754022	0.214901855203407
-0.972336729272693	1.20735293799399
-0.324573691379101	0.279999024154756
-0.0558856987721838	0.0450549515785487
-0.262547795058484	0.230493074602931
-0.144623165558936	0.110362366456746
-0.156180814052867	0.119971133464364
0.0236408308263638	0.0193504340634312
-0.317597589068322	0.222290352483071
0.128295463347805	0.101034233214647
1.84451762847753	0.728350716630867
1.96684138854469	0.455504908505281
3.27032462336087	1.11801013776878
-0.0743623979206745	0.0292058440796538
0.36030531412713	0.201829061934451
-0.230648070374812	0.208198333904111
-0.304087524015765	0.327476270343893
0.527012161269901	0.335919404833186
0.486028538446142	0.332528775379592
1.55052896455403	1.33107390355692
-0.119810930807891	0.0826956074923254
-0.89573745433678	0.645035152611127
-0.373917075321175	0.208523322887148
-0.123986971098977	0.0441560427469937
0.166416934324898	0.0809024387405559
0.174204355272961	0.0597247391277113
0.191147452730766	0.125242484187877
0.928961000450359	0.506116010125217
0.494920370816705	0.339908550170336
-0.165994873360538	0.0877202059987829
-0.000701568309213909	0.000455906684405363
0.809100360396179	0.643549299275981
0.0375024296999569	0.0206729019748438
-0.119974610297284	0.0828077710554035
0.197054168198816	0.152307839192317
0.649839340900888	0.585887821723318
-1.06446174478102	0.716444491988559
2.13275419746116	0.963270597877117
0.185454319096416	0.0556335769192585
3.27152519356808	1.11907150574555
-0.613158918177153	0.148231887572971
0.963214248695465	0.255090594573707
0.179274213223518	0.0454636418217038
-0.324126952894347	0.0929244396746841
0.182559546673191	0.09794396530163
0.85042709926287	0.362163990330178
0.565080406655964	0.329216827300277
0.316378784086468	0.218102569138268
0.382572714273387	0.194322876656066
1.02881805866836	0.850070662986883
0.72734042743285	0.34469169147887
0.469643053480253	0.190710227610968
0.186000407219271	0.0469461640510397
-0.619069360213747	0.149654914653121
-3.07402416243152	0.948685276185543
1.47402323433779	0.492035659807906
-1.15010290897731	0.639583921316873
-0.377889904977927	0.156323288174476
0.71997230620103	0.340590077078722
0.622204192345036	0.327229075576889
1.34822262370512	0.596255354083427
0.682339311812087	0.217953944354753
2.76109157462938	0.779871501961836
-0.495848105642275	0.186769649159627
1.05989643717056	0.405275695027378
0.182515705814395	0.0461929473161663
0.540304651106913	0.195915676773764
0.417095052321074	0.189979485780762
1.34886052544281	0.596542879120315
2.76330811440907	0.780761067286217
-0.219810286045173	0.108582120480534
1.24857348268328	1.37188511657315
0.417970167573709	0.19018267865932
0.474198126463934	0.19270082318148
1.1256944322543	0.860448364948909
-0.0118833340055622	0.00540249744588713
0.330677678329718	0.200658020348753
0.164778629348208	0.0313374327003096
-0.613158918177153	0.148231887572971
0.183440567956279	0.0627804993608223
0.167951450829655	0.0506774666906113
1.05767805940452	0.40430204105456
1.29433854842701	0.719347932834594
-0.127203337617098	0.0452340088467163
0.378393108314758	0.191880836389206
0.478183451166601	0.349179575536795
0.38763002895181	0.197079987889104
0.193025136204098	0.119807315395114
-0.766862447320197	0.648704795953687
0.193032487791551	0.138357786970693
0.924441356513303	0.502340581007705
0.471213953335543	0.191316020734622
0.452860349211171	0.326861088072923
0.316535217770778	0.229852928699293
0.470660867593794	0.342723768932904
3.94644126070058	1.74779877932007
0.682339311812087	0.217953944354753
0.184291063239428	0.0465991085839434
1.96276901321247	0.454520391574277
0.165088029467664	0.0313824661178469
1.46910411205871	0.490049168285487
-1.46454824115948	0.737058651118592
0.68278086909504	0.218093717626154
-1.64544334621197	0.922136022671461
0.712849824955165	0.336805116882141
1.47155078449581	0.491168545293048
-0.284627323960963	0.129273758704093
-0.0283996090077808	0.0123550635042398
0.345448877252564	0.210409434548729
0.165683268324569	0.0641708639399483
1.09324535433153	0.534882460785815
-0.521784563942758	0.325947885556398
-0.00758672065317875	0.00348669455322218
0.962553055030982	0.254827961566665
0.967933372585482	0.256362285789635
0.719313720443427	0.340479857323176
0.160144755571284	0.0306956063740573
0.185454319096416	0.0556335769192585
-2.05351794926878	0.93590991881049
0.374640829257509	0.190040544121811
1.84066711299049	0.726365639107333
1.35064130120685	0.597863106700744
0.332859040772351	0.217468321357321
0.683520003518989	0.218340470189805
-0.497168322643533	0.187278575885264
-0.769381182615852	0.582690712285228
0.807505674192679	0.765908131561047
0.165088029467664	0.0313824661178469
1.96276901321247	0.454520391574277
1.83941655550072	0.725786652717124
0.957162742729009	0.253557522610441
1.84059795026718	0.726378615413426
1.13262655010996	0.866768667669515
0.808109467996989	0.642126735018435
0.686721713829268	0.219371725498129
0.552010634561459	0.20046264360567
0.75003444481899	0.627124343838105
0.626564170859149	0.330021250488465
0.686626809163374	0.219374653716057
2.37366431975369	1.20196540132253
0.922061902815981	0.501312107166686
0.821425144948875	0.496708856804278
1.25269441179399	1.22633496027598
1.96276901321247	0.454520391574277
1.96684138854469	0.455504908505281
0.165088029467664	0.0313824661178469
1.96372117107544	0.45473924627511
0.686270437198953	0.219228628867356
-2.57067328278635	0.665094197548339
0.381212672838939	0.193519693460706
0.183063896529214	0.0463401006276899
2.5803809958122	1.4485787246897
0.958352222975233	0.253964848564806
2.76559849788836	0.78194178274137
0.959543454922691	0.254205280821647
0.963214248695465	0.255090594573707
3.27152519356808	1.11907150574555
0.16619130625606	0.0315431724784316
0.964934921520073	0.255476948633611
0.711873983426973	0.336195040660752
0.182082537265255	0.0975452458998732
1.47066594383697	1.67766288993274
1.96372117107544	0.45473924627511
1.84451762847753	0.728350716630867
-2.57036588579023	0.664816582891659
0.735108539798277	0.486555735936328
2.38370926905572	1.2094584860624
1.96372117107544	0.45473924627511
3.27152519356808	1.11907150574555
-0.381421969195556	0.213100695407934
0.495349303528456	0.340512065762279
0.551298334729919	0.200249958464128
2.76219840038386	0.780594539857824
0.550942476833057	0.200036223470925
0.738236182354537	0.489773939248816
3.64995436887393	1.44813448599007
0.348900702045839	0.213341464520661
0.169526884923791	0.0739442110098116
0.878154571481684	0.650904578664348
1.81046515624466	1.02417885111464
-1.01047808700666	0.400246726724795
0.843777178831012	0.35876995680636
0.818086555381018	0.652526319051668
0.187254335699082	0.0913496821862215
0.345552440832795	0.22690605147428
0.881379920702995	0.653208306065899
0.169570842988667	0.0581880998558025
0.983573630422655	0.672033146463958
0.184753152010751	0.0992120862986951
0.359898343890819	0.201569553989673
-0.216044432531742	0.106588697949566
-3.07875719123617	0.951227905765892
-0.756807060240431	0.490786564056032
0.178440569028125	0.10341585455472
0.504320145691184	0.347636892037044
0.451000131912616	0.345177564710314
0.676640267683639	0.484891521229265
0.317505985044418	0.23069871958005
3.27032462336087	1.11801013776878
-0.198757003958094	0.063979613393949
0.467600793707699	0.189684539353419
0.364942436578928	0.205170141950226
1.08949555622004	0.532578731259661
1.3584861339302	0.601922433106549
0.181837521716867	0.0460537144756759
0.550585584584045	0.199969616725774
0.437926247745136	0.350643182160168
0.539648330890365	0.469697778227145
1.06449307015235	0.407221804443696
0.412168483354373	0.187395907646168
0.169570842988667	0.0581880998558025
0.374765109168082	0.189926680907382
0.425423998836967	0.193954389951136
1.05767805940452	0.40430204105456
0.17700284287452	0.0532253086588512
1.08750815001851	0.531291979888112
0.57294505679917	0.335077050913598
0.766577860726844	0.753461099676379
0.731729296343985	0.48391962153763
0.97136722779877	0.660757775289088
1.0058532458082	1.10445992768277
0.179464008502217	0.0961733387450686
0.363414135600391	0.204124480186401
1.34640064313769	0.595379308973642
0.798611102251294	0.631647235605433
-0.211283490674528	0.10403727901251
0.672859215894091	0.480421515281811
0.620770587559472	0.470940084919569
0.981122687227711	0.670574989306967
0.445296138806636	0.357779859079173
