x	y
0.0764523156305429	0.0475188475723795
-0.123004578552603	0.0437556903075886
0.187435346122179	0.047292837125537
0.164778629348208	0.0313374327003096
0.172703256400318	0.0752746211264852
0.172129083543733	0.0837333165976041
-0.377253388199345	0.210288324210148
0.0836434220992666	0.0567648878392952
0.422963391886386	0.192770332115027
0.0717626190338339	0.0445445165140578
0.803343360159331	0.759991326492395
-0.116811303301423	0.0650874011557784
0.771341834725484	0.852857510037038
1.02267444270508	0.84285186388338
0.324308289628885	0.210864813740836
0.377402264838021	0.341717943281274
0.0857997956841256	0.0582844593905322
0.0887085970538071	0.0579486643489997
-0.376730185552677	0.256797453019369
0.00137248582046137	0.000859820121875662
-0.27323383019959	0.241660934571862
0.0249221227381651	0.0167258479706198
0.632687126856141	0.59437237947177
0.800052285669242	0.952306582729618
1.98306162977224	1.2484237206916
-0.273301904126154	0.170549286980223
0.311272232966643	0.236234328634534
-0.0938743013568508	0.0658827226665026
0.201753334061514	0.145346900278901
0.420678151364412	0.33362812645664
0.326903105024649	0.226422269716902
0.0896706326804768	0.0585627061455991
-0.176024826030081	0.116279621051947
0.308818677780427	0.234003628751207
0.72163825920617	0.727857611998834
-0.209357007260359	0.103051383830693
1.66189796929475	2.42271621514119
0.532754697982817	0.340637633109615
0.3052597514455	0.230842180488091
0.442184616264338	0.336984617704973
-0.232044295225808	0.169437679943168
0.587283427282126	0.469517896553252
-0.178429136416931	0.117878224054799
0.302611831076046	0.218363464519184
0.535325768344985	0.342569953888112
0.0541344709997028	0.0317622456803345
-0.322749609182941	0.226506862146082
0.718435275402613	0.339720316166281
0.331190466105235	0.216208439903303
0.634627937787039	0.335054533013571
0.17231657402208	0.0666548669668037
0.752228197569797	0.630336705585771
0.0643470413088408	0.0377926061735571
0.60929998624526	0.492347113598085
0.174504111440695	0.0598231088959162
0.0366637050482465	0.0201825882995075
0.177516165041885	0.0533832927158356
-1.25347193887989	0.562872615625383
-0.576787199921417	0.273266333542919
-0.630268278690838	0.368818272260697
-0.459866546491049	0.237612413140275
-0.400661130354352	0.225452528223553
-0.0377194244960924	0.0162112904120331
0.348530356311492	0.213050347835062
0.175131535277828	0.0763564409212716
0.177190383264668	0.0686000683843296
1.38280991696474	1.28244049203134
-0.0743623979206745	0.0292058440796538
-0.766976143268925	0.413273998444086
0.170736372916729	0.0830235618116871
-0.0363667531820338	0.0156545907426848
-0.376069915078328	0.256485330206446
-0.920975198878278	0.556255716134651
1.08708916630332	0.531397256494164
0.420435191152685	0.191455608161947
0.175917860236395	0.0767978345275389
-0.0950125469876717	0.0552763525637244
-0.780363380317727	0.664376894846869
2.14739975115911	1.50767036079939
-0.896336666939409	0.64556177640812
-0.556239331814211	0.400209488077888
-1.43727978355777	0.984695894020279
0.171046492505491	0.0831590382984522
0.198176924992363	0.136600109146554
0.308438087445108	0.233700209934769
0.16809866596688	0.0734070246173047
0.555598921920072	0.201915300938634
-1.0048610187024	0.397512616365048
-0.32485451718176	0.0931499749349684
-0.198325482094093	0.0638690390997088
0.18374299244507	0.0464795790495071
-0.60895933746012	0.147406558741333
-0.613158918177153	0.148231887572971
-4.2117291754871	1.98002115309067
0.192388128577069	0.048380175396211
0.275501591481225	0.250083748825654
0.557264748859913	0.566808163957097
0.355802003649074	0.347324312761579
0.342216214146051	0.356229638001746
1.05878746464103	0.40482083139178
0.165088029467664	0.0313824661178469
0.181837521716867	0.0460537144756759
0.165088029467664	0.0313824661178469
1.05989643717056	0.405275695027378
0.180107983152346	0.0541465694868784
1.47086646676889	0.49088731436037
0.687453672774919	0.21969379736456
-0.146163195970455	0.111625126634534
0.182336403143595	0.0547549505032696
0.559556523494549	0.203384722969785
0.175229935098753	0.0600621684845024
3.27272750868887	1.11966450015405
1.10143126197752	0.539985731199
-0.326043908260378	0.0934449166225896
0.962553055030982	0.254827961566665
-0.122215445713398	0.0435046320299458
3.27272750868887	1.11966450015405
0.369491074949743	0.554578501389609
0.888234046151161	0.660826499652624
-0.0792535116318708	0.045981767589575
0.37646092231647	0.340618978102576
0.00396349180341705	0.00248508680795476
1.96276901321247	0.454520391574277
0.271694413426129	0.252471587615799
0.178254851579563	0.0536080680261321
2.76109157462938	0.779871501961836
1.96372117107544	0.45473924627511
0.963214248695465	0.255090594573707
0.962025660417238	0.254682745005495
0.165088029467664	0.0313824661178469
-0.612487701707529	0.148134994320372
-1.49561006114969	0.531433597211914
0.182515705814395	0.0461929473161663
3.64995436887393	1.44813448599007
2.77014537202506	0.783552977740789
0.0827988766215589	0.0709577751468635
0.116325242299999	0.12434405596501
0.569117423043398	0.332115007118693
-0.198392257320092	0.0638832149326698
0.0621514540243182	0.0364973196448552
0.416372228030246	0.344967473861491
0.416994646186728	0.18967122277834
0.442293271965559	0.337090227565625
0.197184714819781	0.147184001693032
2.76109157462938	0.779871501961836
1.96372117107544	0.45473924627511
0.164778629348208	0.0313374327003096
1.47451530684874	0.492178385686461
1.96372117107544	0.45473924627511
-0.613158918177153	0.148231887572971
0.188667958543402	0.04756856032199
2.76219840038386	0.780594539857824
0.972026783845071	0.25740024127234
-0.196556719921614	0.190594338829414
-0.0530629066218232	0.04776820183903
0.189811553130714	0.175245742817268
0.469440599120323	0.190442420020923
0.181729365732259	0.105494021502052
0.373804208334209	0.189355879473225
0.556454547841006	0.323382784072341
0.544115300163643	0.474853414643534
1.46833343766606	0.489897083934438
2.76671632811135	0.782410087450427
0.18374299244507	0.0464795790495071
2.76109157462938	0.779871501961836
1.47277528463141	0.49146011988965
0.182384642090162	0.0461735738884295
-0.613158918177153	0.148231887572971
-0.618535635333325	0.149538863092151
3.27631781619437	1.12171855032085
-0.614206104379299	0.148455859250315
0.184697427143245	0.0554084744862393
0.121221027872589	0.0924688556339062
-0.330145929877893	0.261075186790311
1.30146246649907	0.724522922364383
0.123270756795814	0.0912577059374959
0.388019262298292	0.197161435603446
0.921503294105609	0.799146854210369
0.814515889090386	0.491637750645634
1.03229890022185	1.23800503345101
0.162700260026208	0.0630116789469624
0.716988147742458	0.338713231526189
0.635529892953705	0.597876966899554
0.963214248695465	0.255090594573707
0.182515705814395	0.0461929473161663
1.46964366147565	0.490422889690681
1.96684138854469	0.455504908505281
-3.44754089021611	1.22379406077669
-1.80368192120879	0.733397419313707
0.843422236893639	0.358554124858322
-0.321011266565823	0.0920911495247304
0.185076110728506	0.0555416222332281
1.59361466522007	0.80088415110559
-0.149391178747457	0.101169113187845
0.0348454950002005	0.0251846571434544
0.519679024531013	0.33050590282998
-0.168686942782701	0.0892645994358249
0.396600575685973	0.202230910093261
-0.0916658698605693	0.053306236591249
0.183063896529214	0.0463401006276899
0.0827071887029489	0.0539203222593081
0.355515098140302	0.217698328154914
0.844087147651677	0.358761656194149
-0.0738425599286327	0.0290095423175695
0.672254405266336	0.612885553126926
0.549516086641495	0.199542874934359
0.186752657299631	0.0471525522204707
-3.75690729519465	1.48558300753873
0.469214796260205	0.190439621590192
0.464427391612948	0.337125097497075
2.37939544032746	1.20665053912734
1.47086646676889	0.49088731436037
0.181159179759352	0.0458876218072277
0.695609467079394	0.222209476353201
0.683520003518989	0.218340470189805
-0.701794429638729	0.239974906557054
0.842428737935759	0.358225189674143
1.84022304372881	0.72612017307568
0.967933372585482	0.256362285789635
0.166741085808389	0.0645460091824029
1.01644188794286	0.836112962043463
0.846394324414279	0.359869771009262
0.0779770454536701	0.0484674254481971
-0.845518653983379	1.01097438851717
-0.466542461863681	0.241726478819265
0.732283594916201	0.484661000398499
1.26727727595939	1.0742907425543
1.54534622677445	1.32723436938973
0.31746317993343	0.219059909164047
-0.0678643207492206	0.0267547480221599
1.46964366147565	0.490422889690681
0.471602597473607	0.191420995004485
0.296402545256606	0.232341877345587
0.0192101233534999	0.0134572494018677
2.87628547236531	3.39326362571666
0.495708481583043	0.340832510695959
0.425957584764386	0.194428555957412
1.11509877776904	0.690436317437485
0.410889769569076	0.339418389153798
2.13958082308296	0.967639587738095
0.692481142426252	0.221366284684109
0.17782934982735	0.0688077558569217
0.549872383663091	0.199625186867885
1.02708502055515	0.848166993907912
1.96372117107544	0.45473924627511
-1.11951983581622	0.337809535545767
3.27152519356808	1.11907150574555
0.963743115659934	0.255236344279286
-0.612487701707529	0.148134994320372
0.187435346122179	0.047292837125537
3.27752825134246	1.12202020233476
0.169248055862235	0.0319917175833404
0.689369698791533	0.22025689756634
0.164778629348208	0.0313374327003096
3.27032462336087	1.11801013776878
-1.12019427196772	0.338020301365193
0.426911587733147	0.194755606409184
0.319254702635983	0.220484756857152
-0.528465014959118	0.516361429066251
1.06762213189116	0.40860472471242
0.687453672774919	0.21969379736456
0.875302685963105	0.648538272640582
0.927805204797345	0.805741419022563
0.424452809970147	0.19347586002807
-0.329512287054466	0.094417417841927
2.76219840038386	0.780594539857824
0.175229935098753	0.0600621684845024
-0.171994013543327	0.113397782037223
0.668136413613524	0.476634616905658
0.388588574058945	0.197650480504143
-0.467871933212421	0.241950873607799
0.710010723607964	0.334958589196876
3.27631781619437	1.12171855032085
-0.744216121275988	0.321768796683503
0.963743115659934	0.255236344279286
0.917598045406558	0.497760823322185
1.47155078449581	0.491168545293048
2.76330811440907	0.780761067286217
-1.11760971687047	0.337077079720442
-3.0729809879685	0.948009080411761
-0.492545799481847	0.185468080029724
0.165880035481028	0.0314978449610492
-0.613158918177153	0.148231887572971
1.96276901321247	0.454520391574277
-1.26507945790434	0.569355960961702
0.543153338421797	0.197033542378853
2.14739975115911	1.50767036079939
0.525540403866993	0.33527048446619
1.32359196287393	0.686439118282379
-0.0746541997152996	0.0293295617080175
1.4757442145528	0.926064495670803
0.974332982438122	0.662608435407941
1.08235255378905	0.52818945443094
0.923471706807312	0.501624006630074
3.64871284900552	1.44691597652701
-0.580628633601705	0.27567733151222
0.730160561759199	0.482636818668212
0.891398512464502	1.02524383630481
-0.0417846698675146	0.0179151485373702
0.185641671858509	0.0718264309671979
1.56019895078253	1.34615588088802
0.167861245188392	0.0649578174448022
1.48351791436523	0.934249329008814
1.5926000408058	0.800136466406671
1.79538261853859	1.01146940420808
-0.962184894506949	0.473412475835114
-1.50215938518201	0.53435945377886
1.34928261545842	0.597043496460796
1.12573984105766	0.858708949237702
0.169728152255202	0.0656922749485056
0.173521500598921	0.0595020056954588
1.09148459484778	0.5339278161794
1.84644215856505	0.729350990286639
1.84140390214436	0.726768879551614
3.27272750868887	1.11966450015405
-1.7934287506278	0.390727439150181
0.967271104517323	0.256176548116206
-1.11884555197394	0.337481516657706
2.76559849788836	0.78194178274137
0.963743115659934	0.255236344279286
3.94524209007654	1.74713132583643
0.165880035481028	0.0314978449610492
-1.79653379913892	0.729391431830202
1.83904259060411	0.725255788020061
-1.00306966229617	0.39683135622738
2.14731400971746	1.50782193968093
-0.946706283850028	0.915552251184552
0.291981773884742	0.237102354453468
1.48837489165499	0.938185007954384
2.76109157462938	0.779871501961836
0.691683363979681	0.220942532657518
1.84066711299049	0.726365639107333
-0.623962156972292	0.150791561723962
1.34822262370512	0.596255354083427
0.422526576092029	0.192723945165493
0.889306771798347	1.02136340068472
1.35170505429441	0.598459395279544
-0.00976042474107242	0.00628593616500082
0.179592237972852	0.0875598811658197
2.13625724362141	0.965246201574124
-2.05879756743872	0.939093080908095
-0.303725034105934	0.179390579697157
-0.147034602464059	0.115223051486309
0.115030826445003	0.0848196474251255
-0.0753438397379853	0.0295740127918997
0.373870468531661	0.189418812342508
-0.197681301235905	0.0636672013988199
-0.629572895583758	0.368040380173418
-0.0491039425523823	0.030343600043825
1.99208746679444	1.25836139416711
0.711948337415143	0.335772521089498
0.165088029467664	0.0313824661178469
-0.966512806040614	0.475846088956709
1.14038888424792	0.87565941088542
0.63318029710856	0.334156962897562
0.0140796535966075	0.0072721182004658
-0.207967301781935	0.102349635300676
0.176825054435177	0.0449204608148946
0.183063896529214	0.0463401006276899
0.181743714491496	0.0460173511561772
1.05952860814689	0.405011691745652
0.964934921520073	0.255476948633611
0.165880035481028	0.0314978449610492
-1.7934287506278	0.390727439150181
0.165088029467664	0.0313824661178469
0.696347531127603	0.222535473365176
0.962553055030982	0.254827961566665
0.167951450829655	0.0506774666906113
0.424987673824755	0.353676307066006
0.203930027627517	0.152814318722704
0.173914010876616	0.0759251117962961
1.47155078449581	0.491168545293048
0.161251150232847	0.0308565698216007
-0.324393158207149	0.0929933012825356
0.189325373085195	0.0567092627793379
0.165880035481028	0.0314978449610492
1.84525714600486	0.728756039651982
2.58136682246645	1.44864412096296
-0.277003949964208	0.199079098415417
-0.737996704231867	0.31861997633351
-1.3054780346968	0.809724792257402
-0.0693590507969908	0.0273198390182347
0.188667958543402	0.04756856032199
0.181959964224185	0.0546519449572612
0.177897745896969	0.053489137684244
-0.0247754794765291	0.0154101752338958
-0.12269417777799	0.068488358529084
0.170230434608558	0.0583940430699947
0.689821397698691	0.220399946218977
1.7878528255325	1.40043544077023
0.165880035481028	0.0314978449610492
1.06449307015235	0.407221804443696
2.76671632811135	0.782410087450427
0.963743115659934	0.255236344279286
0.165088029467664	0.0313824661178469
-1.79346061997896	0.390723019452767
-2.57522664974505	0.666917731403372
-2.57067328278635	0.665094197548339
-2.57036588579023	0.664816582891659
1.96276901321247	0.454520391574277
0.963743115659934	0.255236344279286
1.85467094996703	0.73266901097571
1.96372117107544	0.45473924627511
-0.398164025063448	0.365831757125123
0.326565917633067	0.328511056687423
-1.01366780129674	0.401737832772042
2.13275419746116	0.963270597877117
2.76671632811135	0.782410087450427
2.77014537202506	0.783552977740789
0.555239766445707	0.201780832151434
-0.572346484793284	0.27090294615078
1.46842163094462	0.489769078028611
0.968469219672053	0.25651021792255
-0.32685310795758	0.0937088146974829
-0.309154012524411	0.183201446937134
-0.628880208648321	0.791139285387096
0.169728152255202	0.0656922749485056
-0.449777606191621	0.296403837380962
-0.915979003223806	0.66537841938135
-1.11884555197394	0.337481516657706
-1.11951983581622	0.337809535545767
0.16619130625606	0.0315431724784316
0.199664290713473	0.181695041560878
1.35064130120685	0.597863106700744
1.84258516456861	0.727293955790375
4.39399198413285	2.31884325348376
2.76109157462938	0.779871501961836
0.16619130625606	0.0315431724784316
1.84066711299049	0.726365639107333
-0.609489833121369	0.147475344257464
1.96276901321247	0.454520391574277
-0.613682540053849	0.148388769407339
0.184971072095669	0.0467387603153735
-0.321011266565823	0.0920911495247304
-0.704722398968598	0.241062538843187
-0.324126952894347	0.0929244396746841
0.498019723533657	0.342112656604769
0.56942669327285	0.478308796312983
0.17845532295061	0.0611293558584829
-0.373530126282198	0.207843522572574
0.164478831788938	0.0799041664601996
0.342277293166747	0.224412893148236
2.37650465928581	1.20415667498595
0.173531552785268	0.0441618839867273
0.184291063239428	0.0465991085839434
-0.319817646410374	0.0917687104349087
1.34922875137301	0.596566456321976
-2.57036588579023	0.664816582891659
-0.707845094848957	0.242262716671496
2.37833363806881	1.20570132413706
0.189325373085195	0.0567092627793379
-0.0167087991201646	0.0125680216641731
-0.126483404635216	0.0706811939645528
0.175658331461966	0.0680052602443423
-0.592921792935847	0.282259142230573
0.963214248695465	0.255090594573707
0.848414965901682	0.36114715155684
0.167162927808571	0.0647074729110319
0.341606626082746	0.223917550930316
-0.0888616050051997	0.0516427464908035
0.686626809163374	0.219374653716057
1.46833343766606	0.489897083934438
0.164778629348208	0.0313374327003096
0.16619130625606	0.0315431724784316
-3.07822553691956	0.950796797182827
-1.7934287506278	0.390727439150181
-2.57522664974505	0.666917731403372
0.556308696676708	0.202195250417483
0.687001483078787	0.219402881860221
-1.79346061997896	0.390723019452767
0.558486255845266	0.202926921804785
-0.119587289884535	0.082529735705344
-0.631571892552815	0.641133183358865
0.844441707134117	0.359109180860946
0.177516165041885	0.0533832927158356
-0.250764842984879	0.155092778457343
-0.502455215004387	0.189494091012893
-3.07402416243152	0.948685276185543
-2.57036588579023	0.664816582891659
-1.49247986516622	0.53011506511111
3.27272750868887	1.11966450015405
1.06836139957449	0.408794416634394
-0.322936466881447	0.0925708388690686
0.181959964224185	0.0546519449572612
-0.0892816673683425	0.0349335051773179
0.951235002238308	1.07354856105563
0.844441707134117	0.359109180860946
-0.126934397133692	0.070936073839872
-0.117545848358608	0.065495221009177
-0.190877057046861	0.0615565600580822
2.76671632811135	0.782410087450427
1.48199321524583	0.931110760476387
-0.256398451301643	0.158811076608051
0.393324194584637	0.347421751535132
0.632212154631025	0.333499052061704
3.27152519356808	1.11907150574555
1.47086646676889	0.49088731436037
0.17863134392367	0.0537118645556901
0.16619130625606	0.0315431724784316
1.0656018006057	0.407598291481118
-0.199739594795254	0.0643228222061803
1.47032706033056	0.490703617760438
0.688185381402826	0.219868290083128
-0.116616902278513	0.0415886899790243
0.686626809163374	0.219374653716057
0.183960045070368	0.0552151922972765
-1.49561006114969	0.531433597211914
0.699553300413858	0.610513109753343
-0.21743715164521	0.107308366585201
-1.80255467315262	0.73276942485064
-0.374954297474149	0.208922542802024
-0.520928924431608	0.324848847989616
0.558290858311165	0.324471080326687
0.963743115659934	0.255236344279286
0.963214248695465	0.255090594573707
0.181837521716867	0.0460537144756759
1.47086646676889	0.49088731436037
0.462268734403518	0.187507460312042
0.179008086694114	0.0538125056714061
1.09584999075267	0.536623234040164
-0.0869484560262156	0.05050921484276
-0.0883462331990139	0.0345885389884346
0.381212672838939	0.193519693460706
0.168924787482713	0.0579333564395255
0.342706161431136	0.208857509434687
0.324783486381196	0.224848472884157
1.27389229817857	0.889580724166007
-2.0901770662438	1.57935124151078
0.363599597189274	0.203926000219054
0.558784851153162	0.325210849586205
0.573044343305182	0.334693760013411
0.552366600094505	0.200647521424049
0.174744153055098	0.0675877292008797
-0.930456851969879	0.564632894841954
-0.584638531677294	0.277796071314227
0.474416756952015	0.192706870598628
3.27993169130503	1.12298306623949
3.65119667594504	1.44884031306495
-1.7934287506278	0.390727439150181
-1.7934287506278	0.390727439150181
0.187984352048437	0.0474280610765032
0.688185381402826	0.219868290083128
-0.613682540053849	0.148388769407339
0.696347531127603	0.222535473365176
0.292142027002086	0.22841617049024
-0.371861936621431	0.319450912308291
0.847370672062624	0.360503876090782
-0.58212517045488	0.276414785383592
-0.293178043076397	0.133390685493582
0.389484731544153	0.198129554650035
2.76330811440907	0.780761067286217
0.165880035481028	0.0314978449610492
3.27032462336087	1.11801013776878
0.187984352048437	0.0474280610765032
0.180107983152346	0.0541465694868784
0.0306975650182672	0.0169696377850809
0.734144023067881	0.486276882527936
0.176552672502959	0.0605054209747227
0.16619130625606	0.0315431724784316
1.05841937425473	0.404493015312573
-0.174966964269913	0.115516592916781
-0.515330765678893	0.565925832206954
-0.36633297284033	0.248645542282477
0.426397409454567	0.19451490110927
1.46955857964488	0.49050725448157
-1.1152634133402	0.336439469187697
1.83556105705841	0.723803926717143
0.181837521716867	0.0460537144756759
0.718019519758237	0.339400982537212
1.98112540674473	1.24631128767574
3.27032462336087	1.11801013776878
-0.617339897765464	0.149284387408846
0.179731047800424	0.0540108619593111
0.164778629348208	0.0313374327003096
-1.7934287506278	0.390727439150181
2.76330811440907	0.780761067286217
0.963743115659934	0.255236344279286
0.640493442178011	0.33880443030499
-0.150942498200386	0.102320330945124
-0.22326965898821	0.200596658151307
-1.31270420239952	0.816749748974633
-0.613682540053849	0.148388769407339
0.819414213402941	0.654026096222005
-0.0310922482627444	0.0134753509952322
0.958352222975233	0.253964848564806
1.47525146835293	0.492648627415429
-1.1182849071041	0.337405124817419
-1.7934287506278	0.390727439150181
0.967271104517323	0.256176548116206
1.46842163094462	0.489769078028611
-0.325582325201124	0.0933470317045756
-1.80255467315262	0.73276942485064
4.18311134782598	2.03106090679659
0.696199774070357	0.724086341255523
-0.44632833378571	0.442990269036261
0.309889329816093	0.224435621675062
-0.374796496741303	0.155035092886394
0.686721713829268	0.219371725498129
2.76219840038386	0.780594539857824
-1.00765002948625	0.39893930859467
1.47086646676889	0.49088731436037
2.76559849788836	0.78194178274137
1.96372117107544	0.45473924627511
-0.190877057046861	0.0615565600580822
1.47155078449581	0.491168545293048
1.96276901321247	0.454520391574277
2.76219840038386	0.780594539857824
-2.57554526884402	0.666976966437407
0.181159179759352	0.0458876218072277
0.169566032486793	0.032038095111837
0.681600849226051	0.217707538421281
-0.250056748127543	0.202063738553266
0.489274223078299	0.539407101136777
0.84874813165367	0.361333340145203
-0.131151535363617	0.0466226303180062
-1.20325082903534	0.897339024667606
-0.0933412808574698	0.0542537300448059
1.96372117107544	0.45473924627511
-1.79346061997896	0.390723019452767
0.687001483078787	0.219402881860221
0.962025660417238	0.254682745005495
0.343791244121771	0.225718696226345
0.180107983152346	0.0541465694868784
1.06190079859119	0.406050412279014
-0.194822363184045	0.0627608493171706
0.0201675704835072	0.0135357114335515
0.003367753324061	0.00286274759503734
1.50910104795976	1.52947859108259
0.166615863777868	0.0727386321214277
0.695609467079394	0.222209476353201
2.76219840038386	0.780594539857824
3.27152519356808	1.11907150574555
1.96372117107544	0.45473924627511
2.76109157462938	0.779871501961836
0.963743115659934	0.255236344279286
1.47525146835293	0.492648627415429
0.183063896529214	0.0463401006276899
1.96276901321247	0.454520391574277
-0.320281010212049	0.0918656344140368
0.16619130625606	0.0315431724784316
-1.7934287506278	0.390727439150181
0.551298334729919	0.200249958464128
0.168550105131561	0.0578455983856731
1.47032706033056	0.490703617760438
-2.57067328278635	0.665094197548339
-0.329512287054466	0.094417417841927
0.328498976768172	0.21423510076911
0.20508942626378	0.148023957301141
0.181959964224185	0.0546519449572612
0.182561796199723	0.0889652980234516
0.0360376049285146	0.019841736632796
0.00170949615734853	0.000650783295089301
1.05235833798367	0.401844810202421
0.966736740010186	0.256029100393941
0.963743115659934	0.255236344279286
0.47280904202969	0.191992375334362
0.17684763832526	0.0684190334791449
-0.170045953657768	0.0900139712635785
-1.44109217788015	1.27950340026556
-0.602679680714599	0.656156541876764
0.726342246266745	0.479773173914199
0.624634051131706	0.328820226083367
-0.612487701707529	0.148134994320372
1.47525146835293	0.492648627415429
1.06264198810457	0.406540438452512
1.47402323433779	0.492035659807906
2.76219840038386	0.780594539857824
-0.321011266565823	0.0920911495247304
1.96372117107544	0.45473924627511
0.16619130625606	0.0315431724784316
1.84839075322272	0.729859263775591
-2.57067328278635	0.665094197548339
-0.619069360213747	0.149654914653121
-1.7934287506278	0.390727439150181
-1.11458449535005	0.336227635184335
0.181222403711057	0.0544586569816679
0.184499719147777	0.145975184810547
-0.0529245794908158	0.0390096311418033
-0.00601484612082935	0.00278122183569166
0.162579653758822	0.0558519902259369
-0.163390801804608	0.0863144802452505
0.566883300972784	0.3306347203133
0.182515705814395	0.0461929473161663
0.403119207617549	0.358200084821783
-0.206697686602086	0.18768041671687
1.14613595325153	1.03772797699901
-0.383513210772392	0.15897335187287
0.555239766445707	0.201780832151434
0.169566032486793	0.032038095111837
0.964404580081594	0.255330782344719
-0.613682540053849	0.148388769407339
0.961881298984383	0.254903830883264
0.164778629348208	0.0313374327003096
-0.618535635333325	0.149538863092151
0.687001483078787	0.219402881860221
0.169566032486793	0.032038095111837
1.96276901321247	0.454520391574277
0.16619130625606	0.0315431724784316
0.183063896529214	0.0463401006276899
0.160144755571284	0.0306956063740573
-0.612487701707529	0.148134994320372
-0.560556812029052	0.537448032503374
0.275742903840928	0.256999883606375
-2.05313484261539	0.935622527916679
0.687453672774919	0.21969379736456
0.73147265962144	0.484024335527186
0.330752090221301	0.22955953146869
0.963214248695465	0.255090594573707
1.47402323433779	0.492035659807906
0.184971072095669	0.0467387603153735
0.479787385949075	0.195135116565142
0.483778882844889	0.607751791309306
0.567732756331836	0.331199818734752
1.0516149872675	0.401512248410012
0.181743714491496	0.0460173511561772
1.35423242875669	0.599512730561188
1.84140390214436	0.726768879551614
-0.612487701707529	0.148134994320372
2.76109157462938	0.779871501961836
1.06190079859119	0.406050412279014
1.96276901321247	0.454520391574277
0.686721713829268	0.219371725498129
1.96372117107544	0.45473924627511
-1.79346061997896	0.390723019452767
1.96372117107544	0.45473924627511
1.96276901321247	0.454520391574277
3.65499468921657	1.45049079500857
-1.11951983581622	0.337809535545767
0.187984352048437	0.0474280610765032
-0.613682540053849	0.148388769407339
3.64995436887393	1.44813448599007
-0.321011266565823	0.0920911495247304
0.717874117611946	0.339372346040594
1.06449307015235	0.407221804443696
-0.232731440907814	0.191574835982915
-0.590638051296501	0.688985421901384
-0.0688297939823614	0.0271376115981017
1.99112267919511	1.25724114569155
-0.119501238506907	0.0666142270166527
1.96372117107544	0.45473924627511
0.59164198050264	0.474416200366593
0.348940675807899	0.213052126092824
0.174785547530182	0.0526214906817273
0.528303495999162	0.337468320676003
0.808418937342754	0.486587032595251
0.843443663477006	0.35876328544495
0.299116674216426	0.243908362471977
0.845115487367158	0.359489998713581
0.4636768650788	0.187995984707304
0.16619130625606	0.0315431724784316
-0.320281010212049	0.0918656344140368
0.957162742729009	0.253557522610441
0.169566032486793	0.032038095111837
0.164625296117395	0.0313507498370328
1.96372117107544	0.45473924627511
2.3826467534681	1.20856168009655
-3.08406063790942	0.953411710574981
0.16619130625606	0.0315431724784316
-1.49830311184485	0.532694389774889
0.690554433996612	0.2205748378538
-1.7934287506278	0.390727439150181
1.84140390214436	0.726768879551614
0.165880035481028	0.0314978449610492
-2.57036588579023	0.664816582891659
-1.49756982395339	0.532388959419506
-1.50335347787301	0.534889336029958
0.420435191152685	0.191455608161947
0.18011793418247	0.054112323705194
-0.0128982617567404	0.00821282379707005
1.03930293829814	1.33756253397543
0.548446031553528	0.199065921260852
0.526579348211018	0.335820773403116
0.815914280577612	0.492806539015917
0.0584755005245679	0.0343352128343435
2.76266565923335	1.7094405679795
0.849051344453761	0.361335510776158
0.0221496212056898	0.014857549045731
0.429321002665817	0.195893035552912
0.180503912336474	0.0618296034347483
0.179746383607047	0.0540100642734575
1.81107244925592	1.02425137803948
0.178820853869998	0.0612698080138397
0.175229935098753	0.0600621684845024
0.184833271134995	0.0632518781741915
1.34462745304393	0.59438308976983
0.962553055030982	0.254827961566665
0.161299566709036	0.0624482732486643
1.06190079859119	0.406050412279014
1.06190079859119	0.406050412279014
0.554529317239519	0.201500781149606
1.59327091135398	0.800862646951346
-1.79620281052891	0.72892224592551
-1.50189389559208	0.534121741351592
2.76330811440907	0.780761067286217
0.716895862929234	0.338759360169462
1.59462863307605	0.801559751291256
-0.473088822414578	0.245599473115912
-0.587456671002984	0.279436567542631
1.05730971150351	0.403863337099285
0.0813364775578008	0.0530000733960898
-0.645869476396627	0.444637021934233
0.312339274918737	0.214949739269652
0.635743503541842	0.485602993477787
0.93989873494986	0.82162675345376
0.182858951290242	0.106135503224732
-0.311476046905286	0.184664698633997
0.510263537732815	0.323359349110608
1.14673451367686	1.03859718625126
2.13736636122811	0.966264970252144
0.188209072837067	0.0563932249652722
1.35671193477925	0.601326969297766
-0.472201030600198	0.245079128004919
-0.324925483517562	0.093165291273504
-0.0757320659981238	0.0297567250732437
0.687001483078787	0.219402881860221
0.548869575377077	0.199219016338119
2.37366431975369	1.20196540132253
0.167348335607796	0.073044869268985
0.821425144948875	0.496708856804278
0.385299990222988	0.195650574633905
0.18374299244507	0.0464795790495071
0.554529317239519	0.201500781149606
-0.129979551481791	0.0462019065222805
1.67345846176861	1.57849019149502
-0.0313083012657367	0.0135552996661402
-0.135134010916441	0.0479974607496354
1.26961007893918	0.882587881958876
0.688185381402826	0.219868290083128
0.550585584584045	0.199969616725774
0.174158377834769	0.0759208855899525
1.12764529538273	0.861099226081601
0.550585584584045	0.199969616725774
0.175155035311403	0.0527334069281177
1.08911546676438	0.532139557345346
-0.507107257415835	0.191392547046605
0.173299717196841	0.0670382465534782
0.555310087967475	0.201709773314307
0.844441707134117	0.359109180860946
3.64618465324491	1.4458034047001
3.64995436887393	1.44813448599007
1.47155078449581	0.491168545293048
0.175528710194884	0.0601682623632123
-0.617339897765464	0.149284387408846
2.76219840038386	0.780594539857824
-0.743607658160876	0.32145501649726
0.177694321152834	0.0687605170376194
0.93917068361376	0.512890729965669
0.189783494736965	0.130320108479942
-0.00764882949064842	0.00485759030124688
1.98648334390136	1.25407890237195
0.177112460767249	0.0772833039635307
0.184195877885734	0.106967483786203
1.30978749837977	0.730853634590305
0.850069339148531	0.361876749971404
1.96684138854469	0.455504908505281
-1.49680843456756	0.531963842405938
-0.611962616144159	0.147977912487881
-0.208647529308682	0.0670988682939245
-0.701794429638729	0.239974906557054
-0.32485451718176	0.0931499749349684
0.473019015559315	0.192212164079927
2.13772964310007	0.966515557948451
0.685443035318802	0.218928003643606
-0.32685310795758	0.0937088146974829
0.186752657299631	0.0471525522204707
0.165088029467664	0.0313824661178469
0.964404580081594	0.255330782344719
2.76109157462938	0.779871501961836
0.921610123647187	0.500888721602771
-1.1182849071041	0.337405124817419
0.175528710194884	0.0601682623632123
-0.586976163638083	0.603226726070246
-0.367751544600776	0.341697781746693
-0.0806799604615525	0.0316262364066697
1.48444386383094	0.93443444823315
1.05235833798367	0.401844810202421
1.47328483950145	0.491684507137658
2.76219840038386	0.780594539857824
-0.714301603425288	0.244494021421489
0.963743115659934	0.255236344279286
-1.79346061997896	0.390723019452767
0.187435346122179	0.047292837125537
-0.613158918177153	0.148231887572971
2.76219840038386	0.780594539857824
0.687904703717867	0.219759625438134
0.169566032486793	0.032038095111837
0.553434299021439	0.200998764869903
0.963214248695465	0.255090594573707
0.178586346650125	0.0453095875153282
1.05952860814689	0.405011691745652
0.687904703717867	0.219759625438134
2.76219840038386	0.780594539857824
1.46910411205871	0.490049168285487
-3.44686848748983	1.22339694388155
0.182384642090162	0.0461735738884295
0.686270437198953	0.219228628867356
-1.00727939684884	0.398725619716456
-3.07875719123617	0.951227905765892
0.555598921920072	0.201915300938634
-0.328358875890883	0.259390109389139
0.190681465210073	0.146745383612022
0.478790069642107	0.194683740260329
0.560803639324239	0.325971671946546
1.47277528463141	0.49146011988965
0.180855826143695	0.0543097849929288
1.05878746464103	0.40482083139178
2.76219840038386	0.780594539857824
1.47155078449581	0.491168545293048
0.187300583927818	0.0472598613580206
0.164778629348208	0.0313374327003096
-2.57036588579023	0.664816582891659
0.687001483078787	0.219402881860221
1.83941655550072	0.725786652717124
0.181222403711057	0.0544586569816679
0.173305506499925	0.0522037309364545
-1.01084929511225	0.400388606838382
-0.619069360213747	0.149654914653121
1.47032706033056	0.490703617760438
-0.3358441065628	0.0961666214694948
-0.128553421862095	0.04573237912082
-0.613682540053849	0.148388769407339
0.964934921520073	0.255476948633611
0.16619130625606	0.0315431724784316
1.47032706033056	0.490703617760438
1.96372117107544	0.45473924627511
-0.32531700249348	0.0932194330065639
-0.322472516615752	0.0924590549090847
0.573044343305182	0.334693760013411
0.687299546132415	0.809318515880151
0.350920502474252	0.332079293638254
0.857962377099088	0.904566015318082
0.190979719757484	0.111187687270418
-0.277072022519318	0.125573551816857
-0.465815035231061	0.241308658320707
1.35960435833631	0.602767583717152
0.851444586445266	0.362576931736793
-0.613682540053849	0.148388769407339
-0.617875104469477	0.149400727468359
1.47525146835293	0.492648627415429
-2.57067328278635	0.665094197548339
1.96372117107544	0.45473924627511
-1.79346061997896	0.390723019452767
0.172463093000529	0.0752804629540888
0.180845714650258	0.0543398759613664
1.46842163094462	0.489769078028611
1.28324488892092	0.897110490808879
1.83941655550072	0.725786652717124
1.84022304372881	0.72612017307568
0.165088029467664	0.0313824661178469
0.553078229148553	0.200859942283057
3.94919285179009	1.74908815648613
1.96372117107544	0.45473924627511
2.76109157462938	0.779871501961836
0.689369698791533	0.22025689756634
0.179369859705814	0.0539368960907662
1.08651366947978	0.530572725371405
0.177897745896969	0.053489137684244
0.207375083414983	0.213932949614799
0.244209603372389	0.272052005948978
0.0403506785771798	0.022187451322555
1.05508601239673	0.402675371903265
1.47032706033056	0.490703617760438
0.963743115659934	0.255236344279286
0.074503392082203	0.0462835621823269
0.426397409454567	0.19451490110927
0.18182048774373	0.0622128362136007
0.187435346122179	0.047292837125537
1.05620955590379	0.403465785623987
1.01702923125545	0.836951546072768
0.181222403711057	0.0544586569816679
0.181837521716867	0.0460537144756759
0.686270437198953	0.219228628867356
0.696800426249806	0.22261158669709
1.08750815001851	0.531291979888112
-0.497555352228381	0.18744613056233
-0.329964215322259	0.0945505800706473
-1.49680843456756	0.531963842405938
0.184291063239428	0.0465991085839434
0.165088029467664	0.0313824661178469
2.76109157462938	0.779871501961836
0.963743115659934	0.255236344279286
0.963214248695465	0.255090594573707
-0.122215445713398	0.0435046320299458
-0.0678643207492206	0.0267547480221599
-0.0688955593825769	0.0271486518108793
0.982078620694336	0.671472819124615
-1.10073831930687	1.68469715629955
-0.106706126161156	0.0955484157400682
0.806968784543195	0.639873760361104
1.4745635305468	0.492365493098567
2.76559849788836	0.78194178274137
1.35564812089346	0.600770089805534
0.559902083374768	0.203417362657743
2.93103956169836	1.99997986728076
-0.0341514539287802	0.014723804246443
0.170590929435123	0.0585228740679515
0.806957972023293	0.48541599658367
1.25744606003101	1.52606790457031
0.0775335419285506	0.048163976334857
1.08850211338313	0.531958239000341
0.469214796260205	0.190439621590192
0.173437582906667	0.0757197683873992
0.84740079201131	0.360631206481512
0.962553055030982	0.254827961566665
0.846123820020908	0.359830157453413
-0.196606144995592	0.0633346995977349
0.469214796260205	0.190439621590192
0.71488495209138	0.337542222598651
1.84140390214436	0.726768879551614
-0.49650800501461	0.187033371669453
-0.581797112652481	0.27596306596272
-0.505481795017773	0.190664202971996
0.719829584799651	0.340490873259159
0.815771324873536	0.493019768287069
2.37650465928581	1.20415667498595
1.60715957030063	0.809514882578913
0.167162927808571	0.0647074729110319
0.937747595413543	0.511940281377731
-0.629033304908388	0.367524825540063
1.26532609697114	0.880526628042002
-0.551458968503195	0.574538525613153
0.46820971408145	0.442323808295454
-0.443843889033928	0.292208527694035
1.41751711172344	1.92163154595835
1.15927101472186	1.3168746898531
1.13884227289508	1.16113832955098
2.04973558230671	1.94427668044083
0.563155412309798	0.327810644817887
0.520069386817928	0.330793839947477
0.714361351129353	0.628241940807306
0.680472415380302	0.48849788458021
-0.164249679367851	0.0867609118498861
0.179701045210655	0.104148712311832
0.194697006385584	0.113424733256036
0.303460056355473	0.256573632945916
-0.055923932283554	0.0335945614081828
1.42125953125999	1.10716089234924
0.0223102573289713	0.0113079632388633
0.418069084733492	0.190483937885522
-1.26377029644958	0.568815934452661
-0.584638531677294	0.277796071314227
1.16971560588033	1.55702135250989
0.204220994242465	0.147316751967429
1.59158476389303	0.799305203801273
0.71503477840043	0.337624289933587
-0.118226339598863	0.0421510838894909
-0.32531700249348	0.0932194330065639
0.163596511212999	0.0561917237218299
0.551353578437213	0.200228094406705
-0.494158826533737	0.186015316820675
-0.197681301235905	0.0636672013988199
0.40636922774147	0.184517959271917
0.378551708440538	0.192176865517693
0.544571131487334	0.197606668979847
0.714470770965325	0.337329994111773
0.623655409255502	0.328175143919234
1.80512563394182	1.01928780972392
0.934267189154712	0.509582316706714
-1.21284112542314	0.907368434179336
-0.268553379004784	0.192158002904651
0.600820758882066	0.483966011012801
0.62755516655943	0.330833705411334
1.14746118955205	1.03931687026738
0.417998529256478	0.346590599537447
0.0261708680039014	0.013224723540857
0.709849067497426	0.622644179890087
0.551654521195964	0.200367304145546
0.84874813165367	0.361333340145203
0.568888861100807	0.331554858551489
0.172384815638667	0.0839209805526378
0.333336354142155	0.217613616092976
0.34731639280265	0.2122266436823
0.570713485460903	0.563843323736349
-0.456474992853738	0.380541886407455
0.192397491857136	0.143243785873935
0.328148218032557	0.213988112102802
-0.482230617520942	0.358217275361139
0.200641081847835	0.138590565402083
0.636122707641145	0.336016766026804
1.13618895486047	0.8718728816993
0.359930964398307	0.201918928219983
0.169566032486793	0.032038095111837
-0.698670682702589	0.238794577468402
0.685443035318802	0.218928003643606
1.12802732996192	0.862672255613536
0.19573712362303	0.134876699492108
1.33587581658608	1.56400248867595
0.957162742729009	0.253557522610441
0.691293725798235	0.220916760169014
1.96276901321247	0.454520391574277
0.957162742729009	0.253557522610441
-0.191244569931459	0.0616646869685805
1.84644215856505	0.729350990286639
-0.619069360213747	0.149654914653121
1.83556105705841	0.723803926717143
-0.32485451718176	0.0931499749349684
0.165088029467664	0.0313824661178469
3.6449477089076	1.4449787602644
1.47032706033056	0.490703617760438
0.692481142426252	0.221366284684109
1.96372117107544	0.45473924627511
0.550585584584045	0.199969616725774
1.29895588222441	0.722341043751336
-1.06472787946802	0.715886493496074
0.849408948383461	0.361671672630261
0.056326716107753	0.0532630834302379
0.258231260829037	0.322724392829422
0.326932443976088	0.226476191713553
-0.129371030234611	0.0459892945729162
0.910546916534404	0.932740668229662
0.410184572998754	0.433278532840692
0.966736740010186	0.256029100393941
-0.497838467787884	0.18767273749484
0.964934921520073	0.255476948633611
0.186069807523728	0.046984734903896
0.98332555300096	0.67220412885014
0.688637326691298	0.220082192676685
-0.374148712924924	0.208410485690882
-1.46435153449532	0.736426287452659
-0.54445933479125	0.4867113525738
0.59504587606926	0.827806476111046
0.685365337076819	0.492604575263145
0.193295984043036	0.143949246638488
0.411136653594307	0.339579617300532
0.173437582906667	0.0757197683873992
0.383597796348507	0.194988915534169
0.288470276584987	0.348684966102741
0.150788171773392	0.158925143014616
0.171985774335464	0.075067693019864
1.35429655074843	0.599675579307814
-0.197335094105888	0.0635174359839544
-1.49561006114969	0.531433597211914
1.5011836001108	1.51835900914898
0.580964374195509	0.577509773347566
-0.70585046909702	0.715911416373291
-2.04685059732929	0.931215390081504
0.967271104517323	0.256176548116206
1.05271914025947	0.402027196178193
-0.331884233338781	0.0950660268702792
0.184971072095669	0.0467387603153735
3.6562424083433	1.45087157924203
0.551298334729919	0.200249958464128
-0.618535635333325	0.149538863092151
-0.369839048039385	0.152920865999092
1.59923975249082	0.804669261280403
1.98419395848765	1.24958112768047
1.96276901321247	0.454520391574277
0.691293725798235	0.220916760169014
1.69013964822011	1.60261597421682
0.169248055862235	0.0319917175833404
1.47032706033056	0.490703617760438
3.65499468921657	1.45049079500857
-0.063954009862461	0.0252837414577822
1.4646350690462	0.48856709745013
0.184338509014023	0.0553315106563962
0.182336403143595	0.0547549505032696
0.165088029467664	0.0313824661178469
0.187300583927818	0.0472598613580206
0.544218436165038	0.197506777270022
0.397999033825351	0.203037879580552
0.627337684770896	0.330166165181512
0.713267688677129	0.336964607913212
0.20991049446124	0.178645892624007
-0.294454174079129	0.321108180599833
0.0182131720841938	0.00931520098396015
-0.622035323133494	0.36249438874899
0.102436817590607	0.0750461488231936
0.0829896414344036	0.0541041912631371
3.64995436887393	1.44813448599007
-0.197681301235905	0.0636672013988199
0.18669557897159	0.0471023434054876
1.59158476389303	0.799305203801273
0.474614760207335	0.192876703144861
0.712102197546388	0.335728571598287
0.845815805906363	0.35975917327147
-0.696079481998497	0.237763762994826
0.723662717492128	0.810615787617055
-0.625046825886589	0.595656025023299
-0.485102181828863	0.360735456998138
0.0178330317326527	0.0119750343110628
-0.876778585198844	0.801238610208656
0.578566272275483	0.338536211424449
-0.203686449811516	0.0655556144258791
0.616847238490792	0.324248616801289
-0.0497768254692759	0.0413039275364507
-0.326043908260378	0.0934449166225896
0.184088658762766	0.106916669080287
1.27723764268543	0.892682970455687
-1.50335347787301	0.534889336029958
-0.37317771167251	0.207840138837452
-0.135739913865307	0.0482074792784098
-0.0737866146817768	0.0525993408562496
0.481555148340808	0.458793269828936
3.94404333145349	1.74617514669156
1.12381682856354	0.698330185228806
0.844441707134117	0.359109180860946
2.37939544032746	1.20665053912734
0.846478708147722	0.360097911246668
-0.201906699363454	0.0650030146049408
-0.703604701863641	0.240656194919364
-1.00236193740671	0.396463059052617
-0.125232557551052	0.0445220317733553
-0.194822363184045	0.0627608493171706
0.172029451453554	0.0666104063826453
0.808783164785939	0.767496000258777
0.181743714491496	0.0460173511561772
0.555949767102404	0.201992647886448
0.718340170227035	0.339925270792984
0.710840306466784	0.335508062587138
0.849408948383461	0.361671672630261
0.49119096715384	0.336998840961489
1.41978256595575	1.10505797238867
0.187322684745621	0.100665621774084
-0.0638280317784377	0.0516798661886778
-0.213855840258966	0.220227386784769
0.478188228749706	0.454715235933635
-1.33754200246904	1.32671457313864
0.385889230067997	0.339509015812762
0.040974262438424	0.0305531406614545
1.80587859773411	1.0199729984607
0.71997230620103	0.340590077078722
-0.12261043679513	0.0436371800151759
1.48251757016272	0.932432369769521
1.60785105497809	1.74978222169357
0.842428737935759	0.358225189674143
0.416994646186728	0.18967122277834
2.15219963514059	1.51394050729574
1.06561570043773	1.1309635972612
0.070849998772267	0.0625482037908525
-0.405298104839752	0.342057316903109
-0.605351057641092	0.660666656221461
-0.450224584808742	0.412867471620937
0.351823108173726	0.215059474031883
-1.01835340263156	0.803085367420442
-0.116961173466322	0.0652074405991376
0.608099028356273	0.671864180240511
3.64618465324491	1.4458034047001
0.182784373310677	0.0625636986950216
-0.140301145948742	0.0497906691879588
0.810235918112511	0.488099392823427
0.172012396637245	0.083656064751043
0.176763924690244	0.0684133183980822
-0.0083011309035065	0.00380217156041236
0.868076558622964	0.793668391359301
0.451845359970805	0.511588274115466
0.689944982675489	0.715243432625501
0.394012829413966	0.200960038785023
0.462872226332155	0.187737106063827
-0.2790297134685	0.126488485691436
-0.172842611520631	0.0915749917610485
1.05767805940452	0.40430204105456
-0.130152438617657	0.0462916762399095
0.463453634222606	0.187971647179528
1.09446319502962	0.535866721790447
0.19006169952255	0.0569194977045989
0.408869143041682	0.185954308875274
0.174296398567711	0.0849113291583513
0.390442175336774	0.198684173894641
0.349213906357767	0.229663177523007
-0.157204403038648	0.145944895649496
-0.324048875755236	0.255462400625508
-0.148119666936351	0.113222695103445
0.0478655869924701	0.0367462934246433
1.01508807776828	1.11930150071655
-2.44695143181769	1.35630974489835
-0.278050958525051	0.126039508900805
-1.31569430243089	0.819083742475728
0.475414304078317	0.193168598953148
1.1554192687441	1.18668427871718
0.676419754085613	0.484657064270134
0.422963391886386	0.192770332115027
0.192617820579829	0.12635026822059
0.524341563853594	0.473321029259847
0.303165972082934	0.264528772813189
-0.402939487267641	0.371432121693757
0.0619854186661694	0.0502725506363181
-0.411466536325721	0.348532107991462
-1.03346715501119	0.819741002952938
0.0652003291084379	0.0382594917845551
0.324597434461061	0.211333518481943
0.119668142139815	0.0912195946115055
0.387826729839858	0.197424466234607
-0.751578918535292	0.325601084499325
-0.010574805439132	0.00481757419445436
1.09211145609919	1.27813300247954
-0.539043127818522	0.557396628639931
0.0385459710860688	0.0287396355559957
0.180484451327502	0.0542489043189748
1.3495769767586	0.597194616535652
0.0193680471122191	0.0098719872883253
0.632908922451858	0.334364877438906
0.178161345351442	0.0610444196674466
0.183222271364428	0.0550052131678393
0.185813320888401	0.0557349268614171
0.932784465372508	0.508502826837472
0.483172865076361	0.196579805965247
-0.197681301235905	0.0636672013988199
0.676029576526986	0.4843957309036
-0.203337770567853	0.0654100202274196
0.708474059972957	0.334155380176658
0.927697965733053	0.806019099909882
0.597322228151182	0.480404781203172
-0.231466596317466	0.19036833856286
0.0568482666946655	0.0333789048598675
0.359539105124531	0.37016577283926
-0.0370437669163892	0.0159183576709744
-0.376472488252563	0.155768984112451
1.11510207441598	0.69094919291444
0.179243276186944	0.0872748448659392
0.112327932256404	0.0827408179068033
0.726786564951175	0.344345642534344
-1.47465843941562	1.84653596984191
1.12305976585909	0.855386694298482
-0.16835920160523	0.110818491454689
-1.07781488931273	1.5321964135037
0.317468147240822	0.218953675522342
-0.289375842401845	0.209254690495276
-0.0585144987970794	0.035156171994934
-0.173324635806574	0.114336849159262
0.193510080480002	0.144186296407894
0.312142415924069	0.226303426739074
0.175544487354006	0.101636574301047
-0.735792782320303	0.972862274900956
-0.0125336141559562	0.00944352978567402
0.559831098803579	0.656316686643673
0.0355687547645271	0.0196117250515259
0.736066076945038	0.487460884894739
1.06766554047224	1.13450653222115
0.522655465608328	0.332877508189611
0.057015363610127	0.0334628595897416
1.38460428878379	1.99881818183279
0.392377576891852	0.199838653210954
0.476277864687881	0.347499396333368
0.332234481961044	0.216991384867928
0.0389493725054215	0.0214245005562226
0.572193011734265	0.334085110764027
0.446681602480659	0.341073866011065
1.10665704098213	1.40367638336321
1.05889811594713	1.01012657513885
1.35569449608676	1.4319017230394
0.183685846851525	0.106736997846369
-0.855076040063223	0.84497198115823
-0.243249831465794	0.178660236429581
0.388374408120901	0.342332264878517
-0.535439794788481	0.552329064725819
1.87484333994292	2.44978946796043
-0.121692661684349	0.0939518265449097
0.38898463836808	0.33026093004459
-1.32618204276751	1.0833402391468
-0.145941540986607	0.0987312864632277
-0.777221014694001	0.833170458122206
-1.64941357023438	2.56236017860416
0.0619705947605877	0.0363637423771766
0.529652888165746	0.338552717286061
0.363976615792133	0.204532096903869
0.863900238136506	0.788297579148497
0.373243516315548	0.325849722645465
0.148721187290591	0.13086761389688
-0.475212975558362	0.522443721574094
0.864815565550173	0.789709946884918
0.73242219444226	0.48403858888248
0.0477172813350252	0.0280386907923587
0.55644335179858	0.46461636407997
0.0401367472881596	0.0220385652942439
0.404085051875279	0.346173478501867
-0.258526910774226	0.160429360009017
-0.0107424935144951	0.00489185004232168
0.422682761433024	0.335908285495235
0.918568504892127	0.498475765483795
-0.220648385656085	0.108885928727569
0.286434405644864	0.231803186704878
-0.165319629404733	0.0874253209183076
1.44252709034652	2.31779949234576
-0.322749609182941	0.226506862146082
-0.544573370809677	0.486808811205849
-0.372052856982173	0.289221529310374
-0.373959069247438	0.321621382558178
-0.374420913643749	0.291360220190352
0.597802641374101	0.480417382673015
-0.140545573893888	0.109725699993801
0.190919767277891	0.131267304513732
-0.00179509965525531	0.000898631742570402
0.476958547212272	0.348045539928538
-0.0371009726141568	0.0229371411755178
0.205270601746697	0.153947152538004
0.0713382076940619	0.0594526983237737
-0.375877836787545	0.209418681291857
0.673546676143098	0.481954132719401
0.10426857851605	0.0740093921088531
0.544356281449332	0.474947900986394
0.432710180155686	0.345660232019274
0.0357883179286766	0.0197536479273802
0.184678671046632	0.0990694939295294
0.183939530099312	0.126006282072346
0.181401899952944	0.112106474730037
-0.0389116191013917	0.0166868558650706
0.0114161225111744	0.00769464199266886
0.0106512643682819	0.00720238914500018
-0.695046732547448	0.655248952093569
0.078679205273976	0.0488939008024126
-0.771834002612067	0.654650382285213
0.32781549154661	0.227129814558707
-0.000993143043566593	0.000541799733409936
1.10655664827651	0.684046418411796
-1.25216514834477	0.561725883236464
-0.44164928731818	0.289905885625892
0.674742067818106	0.48225982070836
1.55694548180745	1.34096168047979
0.110336778733741	0.078531709988275
0.46843211581079	0.190223410571102
0.668927017826973	0.609327117974491
0.193260181453481	0.133011556127778
0.817151793307056	0.98200617190338
-0.370774307691174	0.153138816357845
0.168798681180132	0.0736895709517737
0.81583136494646	0.65073955529577
-0.0339694829780485	0.0210207445158208
0.587275917741631	0.469819519046057
0.201161902242717	0.132373465821519
0.0598881207820059	0.0351424701749932
0.576314676450496	0.571347702431568
0.814223754653198	0.774457754723773
-0.119430131221426	0.0824294364428326
-0.13680891995363	0.10656148239071
4.18649818771245	2.03338563212884
0.526890659670989	0.336273114044614
0.198301931838164	0.148166254222563
-0.59518997293002	0.521311124579951
0.12004996677116	0.0915230200195566
-0.64312233933885	0.657440849697648
0.307625623994005	0.252011502500044
-0.558570833353108	0.401877437726705
0.469369708338724	0.341182999453235
0.473589454725271	0.19241483097626
-0.189404792426016	0.0610922709447724
0.171189775428302	0.0662121976703994
0.534295026968869	0.554555012162797
1.24839552392437	1.22171944137762
0.427179419184199	0.340149324731808
0.745917336858974	0.623328233374818
0.448797118714862	0.34294208441787
-0.161460642287799	0.0853551521291506
-0.778302878078649	0.591598142758827
0.297162551470067	0.233125340421682
2.7658579636291	1.71191173412025
0.329042410822918	0.228199641145762
0.140526685012245	0.12017785048835
0.193343546644953	0.138752136521319
0.433604446933165	0.346419973255926
0.11751991173618	0.0894495006289303
1.06190079859119	0.406050412279014
0.185076110728506	0.0555416222332281
0.715356862466954	0.338235285103659
-0.31262483038707	0.185262366608648
0.178269357915488	0.0535920192892428
0.191805857493383	0.119114292830957
0.183879250217368	0.106635906066435
-0.204309887039715	0.152131891931216
0.0822863012770849	0.0536386936690207
-1.3313671164248	1.68680978720278
-0.887393124489474	0.732309874832644
0.275239231099528	0.249805913549818
0.305148530208455	0.258270566282586
0.389484731544153	0.198129554650035
-1.11896025029368	0.337616084496264
1.84688671309285	0.729320128563701
0.475804309460653	0.193396100083251
0.568033084398219	0.330879299421052
0.563691167856479	0.328181993371945
0.474945192627513	0.323173724875851
1.06445117528848	1.12928663871226
-0.151763103078937	0.116263920689428
0.303411896043593	0.238849695046075
0.207266728671415	0.161124149942405
0.388588574058945	0.197650480504143
0.727710306569967	0.48098841546124
0.18105633923802	0.0881983213337621
0.477997441025278	0.194355925571476
1.67714453740035	1.58179673801123
0.923919803756443	0.501926629303299
-0.697547507150818	0.238387277313668
-0.186918521891732	0.060329821587259
0.180107983152346	0.0541465694868784
0.558942561553381	0.324914660439036
-0.958228372435311	0.471274574913483
-0.288553167064888	0.131104800633221
-0.764350411292689	0.646019146240415
-0.00641793315045921	0.00296137258748599
-0.339579729708527	0.295557872872084
-0.179342852445115	0.11864771744512
-0.126472196797159	0.0706306090465819
0.40730661212062	0.349569702668578
-0.416813412447511	0.31633857510613
0.338632564291708	0.221612743275623
1.80352429937607	1.01818921274933
2.76330811440907	0.780761067286217
1.10828095571575	0.684620600985581
1.09507152712249	0.536044348082863
0.836450863441204	0.355149677404318
2.25745562364441	3.16629063153929
0.424909873706813	0.193762617215335
0.434841028644035	0.329975798722934
0.884527459907774	0.656900810717688
0.449064069943422	0.343418033296028
1.49639495801671	1.50988954844964
0.199554989848253	0.124212658726072
-0.0631244261050158	0.0379436700852053
0.121193414130013	0.0896859371694809
0.43279651620334	0.345585028445879
0.630700398398796	0.59183689611901
0.348124414412021	0.212711237220114
1.16528814789399	1.74486206521829
0.421472067802173	0.192003171629797
0.52244992051359	0.332741156392967
0.4736583693271	0.34520146059328
-1.52260409694752	1.44411338546666
0.919156689971182	0.498852850232134
0.0727443976556043	0.0472834156649362
0.70944970946062	0.334740881194715
1.07261918508603	0.410540557568179
-0.613158918177153	0.148231887572971
-0.367354566826806	0.151663543087237
-1.49247986516622	0.53011506511111
0.327579316044835	0.213411827598421
-0.378024727906389	0.25787248744043
-0.481898241030153	0.357959593861803
1.13141035325225	0.865406261508121
-0.553963896397883	0.398117560495892
1.3524197012094	0.598640284839141
0.0361674528813652	0.0199498344468525
-0.36736872091049	0.284873090663138
-0.078664013620457	0.0308649148267959
-0.197681301235905	0.0636672013988199
0.826143704546784	0.500447806312372
-1.9237061258719	1.87301249489993
1.11462278492568	0.690467312875498
0.66603789049101	0.474340637845291
-1.50215938518201	0.53435945377886
-0.703999757003376	0.240702491325751
-0.998738562366113	0.394732167512429
0.378842765815337	0.192157696824091
-0.518707740686231	0.323316146876235
-0.369407388516628	0.152715464291671
0.712361999191137	0.335956835731755
-0.709692290055233	0.24283295045235
1.84451762847753	0.728350716630867
1.96276901321247	0.454520391574277
0.179845637419764	0.0616123591521601
1.05952860814689	0.405011691745652
-0.322936466881447	0.0925708388690686
0.561332988620982	0.204043002102302
-2.04716996398721	0.931539307482038
1.80488982183167	1.01914911411703
0.176825054435177	0.0449204608148946
0.182384642090162	0.0461735738884295
0.165880035481028	0.0314978449610492
1.96372117107544	0.45473924627511
0.184291063239428	0.0465991085839434
0.188209072837067	0.0563932249652722
0.550229507129372	0.199823293779666
-0.702529153090903	0.24025873050893
-1.49247986516622	0.53011506511111
-0.124384654386373	0.0442880812812879
-1.46617586367611	0.737799364206718
-1.25581513881111	0.563933798367211
-1.81046496062467	0.736658636197327
-2.57067328278635	0.665094197548339
3.27032462336087	1.11801013776878
2.76330811440907	0.780761067286217
0.688185381402826	0.219868290083128
1.05804592236107	0.404331959594976
0.963214248695465	0.255090594573707
0.723796162870462	0.342744040256638
-2.04716996398721	0.931539307482038
-0.366923986553794	0.151522574693312
-0.749962038454575	0.324836661096217
0.708326640473527	0.334007927769194
-1.30516991985861	0.810123409709701
0.170769042992324	0.0660467894405734
0.383597796348507	0.194988915534169
1.96276901321247	0.454520391574277
1.36137812602329	0.603548948242001
0.175894574529828	0.052931112244421
0.164778629348208	0.0313374327003096
0.187435346122179	0.047292837125537
-1.00415219200353	0.397187604454455
-0.611962616144159	0.147977912487881
-1.00128060564233	0.395807493251949
0.938203542873895	0.51231103023025
0.427831079483817	0.195268911181977
2.76219840038386	0.780594539857824
0.165088029467664	0.0313824661178469
0.169566032486793	0.032038095111837
0.962025660417238	0.254682745005495
0.188667958543402	0.04756856032199
0.687453672774919	0.21969379736456
0.963214248695465	0.255090594573707
-2.04716996398721	0.931539307482038
1.84140390214436	0.726768879551614
0.473589454725271	0.19241483097626
-0.123220651484122	0.0438507532384957
-0.497540036768389	0.187445875024767
-1.79338811816094	0.727671784024384
-1.46072851793002	0.734392295037367
-3.44821343973509	1.22397568320365
0.165880035481028	0.0314978449610492
-0.614345716129905	0.14867066764313
1.96372117107544	0.45473924627511
2.76219840038386	0.780594539857824
0.963214248695465	0.255090594573707
1.4745635305468	0.492365493098567
0.425882931318365	0.194252543090857
0.691240034356655	0.220791555953193
-2.57036588579023	0.664816582891659
-1.79785205353169	0.391773074809323
1.80846372247157	1.022176022024
-0.0278282803627405	0.012122780193729
0.179186941663505	0.0613870679805912
0.561332988620982	0.204043002102302
-0.20829719850107	0.0669881754355871
-1.07003605691067	0.721522944365849
1.29982025776459	0.723867649399335
0.421504541060089	0.192204475680829
0.689369698791533	0.22025689756634
1.96372117107544	0.45473924627511
1.08670587761131	0.531285464915701
0.549934062313663	0.199685220416624
-1.01400572904258	0.401834663934782
-2.26268979957517	1.1396693327935
3.27152519356808	1.11907150574555
-0.745838143765145	0.322552749669043
0.712927543244119	0.336393003965956
3.27152519356808	1.11907150574555
-1.7934287506278	0.390727439150181
2.76109157462938	0.779871501961836
-0.32485451718176	0.0931499749349684
1.96276901321247	0.454520391574277
-0.741963540046879	0.320779503745205
0.173841338161581	0.0596051278079202
0.723796162870462	0.342744040256638
0.170230434608558	0.0583940430699947
-1.00415219200353	0.397187604454455
-0.195896300806791	0.0631110974355499
-1.49830311184485	0.532694389774889
1.96684138854469	0.455504908505281
0.681159029124573	0.217491385122168
0.963743115659934	0.255236344279286
1.96276901321247	0.454520391574277
1.96276901321247	0.454520391574277
1.35464760015195	0.599873242414809
0.689369698791533	0.22025689756634
0.550229507129372	0.199823293779666
-3.99500196333994	1.7279060597149
-0.7085818841146	0.242531688950869
-1.7934287506278	0.390727439150181
-3.08406063790942	0.953411710574981
0.469643053480253	0.190710227610968
0.180503912336474	0.0618296034347483
1.29627935366941	0.720946366070688
0.456911820913748	0.184991565866248
1.47032706033056	0.490703617760438
0.554888698626794	0.201570551690915
-0.966077254654695	0.47595410744567
-0.619069360213747	0.149654914653121
0.683520003518989	0.218340470189805
1.98294435245198	1.25044818726841
-0.194822363184045	0.0627608493171706
2.76109157462938	0.779871501961836
1.47648048364922	0.492996794108507
3.27032462336087	1.11801013776878
3.64742237939513	1.44635997008149
2.76109157462938	0.779871501961836
-1.7934287506278	0.390727439150181
1.96684138854469	0.455504908505281
-3.44888613612191	1.22380916720858
-0.613158918177153	0.148231887572971
1.47155078449581	0.491168545293048
0.967271104517323	0.256176548116206
0.681600849226051	0.217707538421281
-1.49753171438992	0.532305096548695
2.3754440739013	1.20341517424864
0.968469219672053	0.25651021792255
0.186752657299631	0.0471525522204707
2.29273551537288	1.78042567614635
1.84140390214436	0.726768879551614
0.968469219672053	0.25651021792255
0.964934921520073	0.255476948633611
1.4646350690462	0.48856709745013
0.169248055862235	0.0319917175833404
0.963214248695465	0.255090594573707
1.96372117107544	0.45473924627511
0.963743115659934	0.255236344279286
0.962553055030982	0.254827961566665
0.962025660417238	0.254682745005495
-0.613158918177153	0.148231887572971
-0.332618072686463	0.0952457032075058
-3.07875719123617	0.951227905765892
-1.79785205353169	0.391773074809323
1.96372117107544	0.45473924627511
-0.324393158207149	0.0929933012825356
2.76671632811135	0.782410087450427
-1.49561006114969	0.531433597211914
0.183063896529214	0.0463401006276899
1.96276901321247	0.454520391574277
0.186069807523728	0.046984734903896
2.76109157462938	0.779871501961836
2.76330811440907	0.780761067286217
-2.57067328278635	0.665094197548339
-1.49633399610699	0.531774933095134
-1.79726582531089	0.729767900198108
3.27272750868887	1.11966450015405
0.964934921520073	0.255476948633611
-1.11594248674068	0.336539906623349
0.174045724149933	0.0524237595938313
1.47086646676889	0.49088731436037
1.96372117107544	0.45473924627511
-1.7934287506278	0.390727439150181
-3.07402416243152	0.948685276185543
0.164778629348208	0.0313374327003096
-1.79785205353169	0.391773074809323
0.964404580081594	0.255330782344719
-0.613012730411062	0.148202450577793
0.16619130625606	0.0315431724784316
0.688637326691298	0.220082192676685
3.27152519356808	1.11907150574555
0.963214248695465	0.255090594573707
-0.325582325201124	0.0933470317045756
0.967933372585482	0.256362285789635
0.963078860472085	0.255236868510046
2.76219840038386	0.780594539857824
1.96276901321247	0.454520391574277
2.76671632811135	0.782410087450427
2.76219840038386	0.780594539857824
-0.712079472835643	0.243670210223705
0.169248055862235	0.0319917175833404
-1.79346061997896	0.390723019452767
0.964404580081594	0.255330782344719
0.690554433996612	0.2205748378538
1.4745635305468	0.492365493098567
0.551298334729919	0.200249958464128
-1.12519556185123	0.339754109482426
-0.611962616144159	0.147977912487881
2.04968683403794	1.94496325533949
0.179043190150935	0.0781396679956833
0.190684097197404	0.110881776636449
-0.284627323960963	0.129273758704093
-0.292196089379769	0.132926442308598
-0.763998428384847	0.411584090181485
0.188626381381517	0.10963878409815
1.15637750075381	1.18817474456431
0.933239105347441	0.508611825412179
1.60025218356245	0.805291863633781
0.469428274820716	0.19065864418756
0.964934921520073	0.255476948633611
1.35671193477925	0.601326969297766
0.853727719894795	0.3637264312541
0.176711268978432	0.0683795412521634
-0.322936466881447	0.0925708388690686
0.411193651243347	0.186869354705351
0.807913230631584	0.486212971980523
-1.03159560137471	0.818298159946287
0.966736740010186	0.256029100393941
0.187435346122179	0.047292837125537
-0.625950057466608	0.365601779180712
1.35529673097699	0.600305768997688
1.96276901321247	0.454520391574277
0.187435346122179	0.047292837125537
0.165880035481028	0.0314978449610492
0.16619130625606	0.0315431724784316
-1.49756982395339	0.532388959419506
0.177158612557092	0.0532687900403008
2.76219840038386	0.780594539857824
0.688185381402826	0.219868290083128
1.29992838256832	0.723247600092972
0.537834821508072	0.19488892150441
1.80849011512453	1.02231612629982
0.724352409163367	0.343090789836712
-0.329964215322259	0.0945505800706473
0.160144755571284	0.0306956063740573
0.164778629348208	0.0313374327003096
2.76109157462938	0.779871501961836
-1.7934287506278	0.390727439150181
0.169248055862235	0.0319917175833404
-3.07402416243152	0.948685276185543
-0.700462730278474	0.239341223768234
1.96372117107544	0.45473924627511
0.175591818831304	0.0679189345460243
-0.321011266565823	0.0920911495247304
-2.04716996398721	0.931539307482038
0.161920816628695	0.0556241130056107
0.967271104517323	0.256176548116206
1.84570196896662	0.728945119955139
1.96372117107544	0.45473924627511
0.967933372585482	0.256362285789635
-0.12498904527434	0.0444985404997069
0.183063896529214	0.0463401006276899
-0.326043908260378	0.0934449166225896
0.181159179759352	0.0458876218072277
-3.07875719123617	0.951227905765892
0.46306655364777	0.187776589424895
0.182384642090162	0.0461735738884295
-1.49680843456756	0.531963842405938
0.692028142380155	0.221092112401465
-2.04755645131174	0.931787975309293
1.96684138854469	0.455504908505281
0.161251150232847	0.0308565698216007
-1.12019427196772	0.338020301365193
-0.613682540053849	0.148388769407339
-0.612487701707529	0.148134994320372
0.188945802287326	0.0566034382337498
1.96276901321247	0.454520391574277
1.05915506670076	0.404786600540214
-1.30248444473914	0.807533597974078
1.96276901321247	0.454520391574277
0.177362298643623	0.0450515694227369
-0.197316433582098	0.063550392412948
1.85467094996703	0.73266901097571
3.27993169130503	1.12298306623949
1.47032706033056	0.490703617760438
0.16619130625606	0.0315431724784316
-2.57098043849301	0.664920470822356
-1.79346061997896	0.390723019452767
1.96276901321247	0.454520391574277
0.164778629348208	0.0313374327003096
3.64618465324491	1.4458034047001
1.96276901321247	0.454520391574277
0.165088029467664	0.0313824661178469
-1.7934287506278	0.390727439150181
-0.612487701707529	0.148134994320372
0.16619130625606	0.0315431724784316
-2.57098043849301	0.664920470822356
1.96684138854469	0.455504908505281
2.76109157462938	0.779871501961836
1.96276901321247	0.454520391574277
-2.57522664974505	0.666917731403372
0.681159029124573	0.217491385122168
0.964934921520073	0.255476948633611
0.966736740010186	0.256029100393941
0.959543454922691	0.254205280821647
1.96276901321247	0.454520391574277
0.169566032486793	0.032038095111837
0.967933372585482	0.256362285789635
-2.57067328278635	0.665094197548339
-2.57098043849301	0.664920470822356
0.164778629348208	0.0313374327003096
1.96372117107544	0.45473924627511
1.96684138854469	0.455504908505281
-1.7934287506278	0.390727439150181
-3.07350260546998	0.94852963330217
1.96276901321247	0.454520391574277
1.96372117107544	0.45473924627511
1.96684138854469	0.455504908505281
2.76219840038386	0.780594539857824
1.96276901321247	0.454520391574277
1.96372117107544	0.45473924627511
1.96276901321247	0.454520391574277
1.96276901321247	0.454520391574277
1.96276901321247	0.454520391574277
1.96684138854469	0.455504908505281
1.96372117107544	0.45473924627511
0.957162742729009	0.253557522610441
0.164625296117395	0.0313507498370328
0.165880035481028	0.0314978449610492
1.96276901321247	0.454520391574277
1.96372117107544	0.45473924627511
2.76219840038386	0.780594539857824
-1.7934287506278	0.390727439150181
1.96684138854469	0.455504908505281
1.96276901321247	0.454520391574277
1.96372117107544	0.45473924627511
0.165088029467664	0.0313824661178469
1.96372117107544	0.45473924627511
1.96372117107544	0.45473924627511
1.96372117107544	0.45473924627511
1.96684138854469	0.455504908505281
1.96684138854469	0.455504908505281
-1.7934287506278	0.390727439150181
-3.44754089021611	1.22379406077669
1.96276901321247	0.454520391574277
-1.79346061997896	0.390723019452767
-1.79346061997896	0.390723019452767
1.96276901321247	0.454520391574277
-1.7934287506278	0.390727439150181
1.96372117107544	0.45473924627511
1.96276901321247	0.454520391574277
2.76219840038386	0.780594539857824
0.968469219672053	0.25651021792255
1.96276901321247	0.454520391574277
1.96684138854469	0.455504908505281
1.96372117107544	0.45473924627511
1.96372117107544	0.45473924627511
1.96276901321247	0.454520391574277
1.96684138854469	0.455504908505281
1.96276901321247	0.454520391574277
1.96276901321247	0.454520391574277
0.165880035481028	0.0314978449610492
1.96372117107544	0.45473924627511
1.96684138854469	0.455504908505281
1.96276901321247	0.454520391574277
1.96276901321247	0.454520391574277
1.96372117107544	0.45473924627511
1.96276901321247	0.454520391574277
1.96276901321247	0.454520391574277
1.96684138854469	0.455504908505281
1.96372117107544	0.45473924627511
-0.319817646410374	0.0917687104349087
0.963214248695465	0.255090594573707
0.473589454725271	0.19241483097626
-2.57067328278635	0.665094197548339
1.46833343766606	0.489897083934438
0.966637590266194	0.256126252544328
0.183063896529214	0.0463401006276899
-0.326771057218117	0.0936418390224184
-2.57522664974505	0.666917731403372
2.76671632811135	0.782410087450427
-1.12019427196772	0.338020301365193
1.96276901321247	0.454520391574277
1.96276901321247	0.454520391574277
0.165880035481028	0.0314978449610492
-0.60895933746012	0.147406558741333
-0.32485451718176	0.0931499749349684
1.96372117107544	0.45473924627511
0.165088029467664	0.0313824661178469
1.96276901321247	0.454520391574277
0.169248055862235	0.0319917175833404
2.76219840038386	0.780594539857824
0.173675896434513	0.0522954303204406
0.962553055030982	0.254827961566665
-1.7934287506278	0.390727439150181
2.76219840038386	0.780594539857824
-1.7934287506278	0.390727439150181
2.76219840038386	0.780594539857824
1.96372117107544	0.45473924627511
1.96276901321247	0.454520391574277
0.169248055862235	0.0319917175833404
-0.32485451718176	0.0931499749349684
0.16619130625606	0.0315431724784316
0.186069807523728	0.046984734903896
-0.319817646410374	0.0917687104349087
0.164778629348208	0.0313374327003096
0.962025660417238	0.254682745005495
2.76109157462938	0.779871501961836
0.169248055862235	0.0319917175833404
2.76671632811135	0.782410087450427
-1.79346061997896	0.390723019452767
2.76330811440907	0.780761067286217
0.161251150232847	0.0308565698216007
-2.57067328278635	0.665094197548339
1.47032706033056	0.490703617760438
2.76671632811135	0.782410087450427
0.169566032486793	0.032038095111837
0.963743115659934	0.255236344279286
-0.612487701707529	0.148134994320372
0.687904703717867	0.219759625438134
0.962553055030982	0.254827961566665
-1.79346061997896	0.390723019452767
-1.7934287506278	0.390727439150181
-2.57036588579023	0.664816582891659
1.96276901321247	0.454520391574277
-1.79785205353169	0.391773074809323
-0.613682540053849	0.148388769407339
2.76219840038386	0.780594539857824
-2.57522664974505	0.666917731403372
0.962553055030982	0.254827961566665
0.164778629348208	0.0313374327003096
1.96372117107544	0.45473924627511
1.96276901321247	0.454520391574277
3.64995436887393	1.44813448599007
1.0516149872675	0.401512248410012
0.921978899173054	0.500456159670338
-0.374796496741303	0.155035092886394
0.843777178831012	0.35876995680636
0.826586742043792	0.500732414119675
0.18011793418247	0.054112323705194
-0.325663137440616	0.0933864485177264
-0.00208121464294428	0.00103307197520141
-0.124590863637408	0.0443613006456175
-1.25744232749444	0.564986428735264
0.183063896529214	0.0463401006276899
4.18934074145553	2.03655237370426
-2.05313484261539	0.935622527916679
-1.81688123585841	1.13533875261539
-0.365376793227214	0.150864261510649
0.188945802287326	0.0566034382337498
-0.608428787479893	0.147248610626808
0.165880035481028	0.0314978449610492
-3.07822553691956	0.950796797182827
0.164778629348208	0.0313374327003096
-2.57067328278635	0.665094197548339
0.850785405310502	0.362239188979295
0.175891515215909	0.0602877256141385
-0.0775736606010374	0.0304730734956713
-0.703264262088321	0.240508331840629
0.962025660417238	0.254682745005495
0.685539141555545	0.218907224669263
-1.46114365597842	0.734684321976156
0.71488495209138	0.337542222598651
-0.612487701707529	0.148134994320372
-1.11884555197394	0.337481516657706
1.11236000597175	0.689399610983235
-0.321011266565823	0.0920911495247304
0.173541542363193	0.059486595858024
2.59629222953997	1.46151737686834
0.165088029467664	0.0313824661178469
0.16619130625606	0.0315431724784316
3.648660887427	1.44649464979281
0.188209072837067	0.0563932249652722
0.162700260026208	0.0630116789469624
-0.222177651587396	0.109812316285756
1.55550619521761	1.33827635090523
0.175528710194884	0.0601682623632123
0.567397574624698	0.330395636943785
-0.127367041397413	0.0453024177564538
1.59756362339209	0.803815611179192
0.182384642090162	0.0461735738884295
2.76219840038386	0.780594539857824
-1.7934287506278	0.390727439150181
3.6449477089076	1.4449787602644
-2.57522664974505	0.666917731403372
-2.57554526884402	0.666976966437407
-1.1258777723839	0.339888304991231
3.93892487279316	1.74225767116968
-0.195896300806791	0.0631110974355499
1.84525714600486	0.728756039651982
3.64618465324491	1.4458034047001
-0.0379466160280447	0.0162919906541534
-1.49705816852235	0.532032217355669
0.183063896529214	0.0463401006276899
0.165088029467664	0.0313824661178469
2.76219840038386	0.780594539857824
-2.57036588579023	0.664816582891659
-0.32531700249348	0.0932194330065639
-3.74696276382151	1.47929664249189
1.47525146835293	0.492648627415429
0.16619130625606	0.0315431724784316
1.96276901321247	0.454520391574277
0.160144755571284	0.0306956063740573
-1.79346061997896	0.390723019452767
0.187300583927818	0.0472598613580206
0.687453672774919	0.21969379736456
-1.0048610187024	0.397512616365048
0.174204355272961	0.0597247391277113
-0.613012730411062	0.148202450577793
0.855041461721105	0.364266661354196
-0.188328130762521	0.060763465615787
-0.321280223120013	0.0921368657574935
0.661811169314838	0.600586176830942
-0.485432038196579	0.361060589946442
0.0203137068475598	0.0103122536715702
1.29191641587408	0.717387728142124
0.745856806322032	0.623144146115046
-0.206723492154317	0.132397963825324
-0.773507547566623	0.586529852157415
0.313374738691785	0.227397938853611
0.200774612427591	0.150128264830808
0.488861565785539	0.334420331189523
1.56339581945439	1.35058649764111
-0.258780120437731	0.16050604278439
-0.52228894658027	0.325830834087805
0.183398085557165	0.0893861921815237
0.486193664684899	0.332284847758887
1.47579162106182	0.492713238749138
0.842756897055983	0.358214727221788
2.76219840038386	0.780594539857824
-0.380495952373683	0.157606394207631
-1.11896025029368	0.337616084496264
-0.0567503264719444	0.034090707156197
1.13842004862337	1.02639770955493
0.641460987827839	0.339475922337384
0.171753346999323	0.0664367381108907
-1.46525847956859	0.738030619991319
0.410674026823197	0.186595237728108
-0.559238905167454	0.402946987710736
0.327718015367819	0.227221780045841
0.17126650450407	0.0663041273338479
0.170573844364017	0.0830315415361353
0.367811158882911	0.206735061863416
0.361417797534103	0.202542245178932
0.639986831302896	0.489695077890705
0.17532247601802	0.0853779443313721
0.192216288202566	0.112000679265549
0.71211774660134	0.62526336790047
0.344702501234267	0.209976154994881
0.054893214212394	0.0321776355647319
-0.114634160477151	0.0901971134115804
0.452256649461085	0.34620295698665
1.59857754726196	0.804530569699723
1.47086646676889	0.49088731436037
-0.613158918177153	0.148231887572971
1.46842163094462	0.489769078028611
0.686270437198953	0.219228628867356
-1.1182849071041	0.337405124817419
0.158617971119418	0.054513377288948
0.738952377591178	0.490573282863144
-0.128976424631748	0.0458608977147569
-0.526337815657892	0.329151538415684
1.16092156785042	1.19579623690419
-1.4702810167601	0.74144128695738
-0.905249677449454	0.653805554271491
2.16290634245444	1.526379912168
0.184833271134995	0.0632518781741915
0.18374299244507	0.0464795790495071
3.27272750868887	1.11966450015405
3.2811485523965	1.12364699463245
0.553818419026129	0.201156081038653
0.180484451327502	0.0542489043189748
-0.99841061134366	0.394537718823851
-1.50335347787301	0.534889336029958
0.183063896529214	0.0463401006276899
-1.7934287506278	0.390727439150181
-2.57098043849301	0.664920470822356
-0.497540036768389	0.187445875024767
-0.612487701707529	0.148134994320372
1.09286125469016	0.53488830944908
0.84874813165367	0.361333340145203
0.555949767102404	0.201992647886448
-0.196606144995592	0.0633346995977349
0.045008734326539	0.0247249076720454
1.25034840980417	1.05274930026916
0.187984352048437	0.0474280610765032
0.187984352048437	0.0474280610765032
-0.0738425599286327	0.0290095423175695
0.0431218332364673	0.0236700665613432
-0.933834765949728	0.567007768002078
-0.0054475597271086	0.00252748225449873
0.187291142528368	0.108801259642318
-0.163378064112928	0.0863638907493027
0.168562745306947	0.0578373517486114
1.89213141056703	2.0885744562106
0.0715224801095156	0.044407215545847
0.121208029554757	0.0896827416581485
0.56681901815851	0.648962567763806
0.978340865930522	1.1991202450625
0.410660939702838	0.434080831600916
0.194610814256494	0.127743562134088
0.349366940683049	0.339423277478173
0.488349638434632	0.4499311504771
-1.13143715448977	0.970791590128957
-0.53216533620025	0.547827018993962
-0.616806250208589	0.584890021404425
-0.111573569858814	0.0767310911219535
1.07158476298538	1.65110714638872
0.751212907782578	0.933134856921496
0.62757778870553	0.700999995133497
-0.0207929187275989	0.0131437180252471
0.474198126463934	0.19270082318148
0.164778629348208	0.0313374327003096
1.09048847516575	0.533147377110641
0.53589919019496	0.343054995811867
0.749265568965641	0.627013056436744
0.31660861485881	0.230085344848436
0.65653657709598	0.5941939102822
0.495235932957231	0.339819154376271
0.176098350549899	0.0942632983693386
1.04228933314653	0.987475381662946
0.668614064221715	0.608941361979799
0.398162584279136	0.34006324649625
-0.00590701056932378	0.00273763001083674
-0.929856027272628	0.563440376293461
-0.292945137983851	0.235072867412662
0.559829060704169	0.468275853232656
-0.200066376326491	0.14860518649024
0.448725436709075	0.342928149162624
0.672815699378224	0.480438432348993
0.540458748711604	0.563058080350471
0.184599036401986	0.154494768753816
0.348654475468675	0.33849374650633
0.0757002246836699	0.0492349216630489
1.03974234008594	1.25119577170939
-0.698731620762827	0.748417798151322
0.211417703289568	0.180088833558206
0.368775740123528	0.207291296164591
0.425882931318365	0.194252543090857
0.183960045070368	0.0552151922972765
0.553078229148553	0.200859942283057
0.712514372081836	0.336121352777663
0.983998480726028	0.672338848920872
-0.199468626638543	0.0641958776339338
0.17962622641832	0.0695135638933477
0.321778535868905	0.222253008027481
-0.912535436626505	1.0831922209772
0.0712325848749142	0.0442100360197873
-0.375384095914091	0.255817607565126
-0.898332998404145	0.64732221537957
0.19694651365958	0.129335207263824
0.522044098570819	0.450186599390717
0.416064032678346	0.344475076060219
1.06762213189116	0.40860472471242
0.177270480424267	0.0685970337630016
-0.380349175846924	0.212644025550226
1.05804592236107	0.404331959594976
0.962553055030982	0.254827961566665
2.76219840038386	0.780594539857824
0.169272112881138	0.0580693332292454
-1.9713120647994	1.36465909854277
-0.0354802416887639	0.0152942451298062
-0.309355180397339	0.183243078381439
1.59261070657448	0.800405463849262
0.473589454725271	0.19241483097626
-0.306674321190473	0.181484585780348
1.79147596969528	1.40384251339959
-0.00178911907153872	0.000902178438636414
0.16820126184648	0.0577079510764977
0.632650908053355	0.594312018329496
-0.621935153790372	0.552297867248329
-0.271187821807764	0.194382860237168
-0.697843389544271	0.704705453260622
1.14612445727649	1.03678286102907
-0.774412840794266	0.828780089149441
-0.134739359675737	0.0478662176045301
-0.0547245246390215	0.0328759468894086
0.198242641543256	0.130229193205951
0.375183505310325	0.349856729030018
0.32138470252466	0.234148648681791
0.189870593582842	0.150751964722964
-0.179952802663856	0.136323471953988
0.053881213873875	0.0403909167066603
0.578494506445524	0.574316823601984
0.367737598444472	0.341588715557205
0.312976207397455	0.227050432581811
0.155615769955325	0.140493646822811
0.359573850456557	0.342255617194479
0.274121031991032	0.241836658867012
0.0944085901087761	0.0643485763041548
0.638136073322304	0.776235669075484
0.286191755320055	0.247121852371877
-0.563063993597042	0.540779181387449
0.812821624264766	0.647419841376501
0.329742361178194	0.214827560896793
-0.489161578523254	0.364599049314151
1.16670121000311	1.55017791365708
0.191379032700155	0.142425462717141
-0.0316098565847566	0.0195799463388135
-0.0358454235315852	0.0221762398772829
1.15206007384602	1.18236001334832
0.950577459694509	1.07301974814611
0.0137079030557143	0.00922948095201701
0.753479907484783	0.631888011836504
0.174843743002118	0.0676263865109378
0.19694651365958	0.129335207263824
0.0129055043280858	0.00913265904665217
0.208093258234746	0.161869134842171
0.282732646193956	0.250934171230229
0.50735038567817	0.453876262245042
0.303302866009189	0.229131880071696
0.551353350367698	0.558812312530072
0.29955355468495	0.235327126525017
1.00091615774692	1.31806298527148
0.461354845923427	0.449306884817826
0.124366183850648	0.0921856030965489
-0.0126002566482415	0.00802170542163281
0.117350315577641	0.0942723037119613
-0.0979920233077424	0.0779720083406384
0.202600791375453	0.146079376416362
0.186939130811744	0.100440099781577
-0.74401016267534	0.321605771996981
0.550289590334163	0.199868191494828
0.0183925714495205	0.00938891182774541
-1.49753171438992	0.532305096548695
-0.65224037747872	0.450681112093093
0.0219362501505637	0.0111222369124257
-0.937033948424082	1.27271359988445
0.49809116716538	0.461591066657642
-0.692574240372273	0.697349658691497
-1.40733520346289	1.68231410024235
0.290928467740157	0.244247140076979
0.0978695910521832	0.0692549315116564
0.512345784026825	0.541440875025527
0.930903409228585	0.507498449443057
-0.00773470930267359	0.00354831059123831
2.1551480632038	1.51755445946
0.808813189231854	0.486705025903785
0.678218473982034	0.48577730836116
-1.31589690610954	1.06993777400006
1.11121331330028	0.687537619360445
0.173305506499925	0.0522037309364545
0.181159179759352	0.0458876218072277
0.688185381402826	0.219868290083128
0.631464319448676	0.333388834102461
-1.00344380433825	0.396818957300656
-0.749962038454575	0.324836661096217
-1.8018209860465	0.732336264923416
-0.129584455026173	0.0460681277767629
-0.239358870062827	0.175494382926817
0.18608091732399	0.115195043507507
0.178049240810411	0.0452053813438565
0.205589964684022	0.183514404424744
-0.183767897497822	0.154317881530318
-1.17051698682009	1.18836844749101
-0.0178621691173893	0.0113158622806351
-0.374846454374969	0.29168462655929
0.511282973903406	0.458469510607795
0.351099331631632	0.33232781575039
-0.897103466895826	1.05619219784945
0.187967836702006	0.128976851746097
0.400747034327173	0.342772786649474
0.740142540014911	0.83669502147406
0.636543019019193	0.599013524950916
0.223777312783151	0.229608814253492
0.756962124346786	0.74041987998801
0.610452062644415	0.675377205719124
0.853050739091049	1.00432692934637
0.677897828950077	0.794292021272187
0.445630575191029	0.526352548533543
0.29623909310472	0.249506579416527
0.29609628798366	0.257325081986974
0.036268411774112	0.0199899403749005
0.305941466212409	0.231349872647219
-0.0340849212210221	0.0146941850160205
0.0735812337646841	0.0456868980872237
-0.211148784386846	0.135421312084537
0.449113356487261	0.343191324994862
-1.15007459222567	1.40638394569255
-0.049735373494131	0.0359034395032127
-0.0883992646562815	0.0618893201118134
0.672954154299642	0.481366531959181
0.595510297325117	0.478490899606591
-0.245889613988315	0.180847575055581
0.804273447347586	0.76138030568752
0.30182475227659	0.237346254930027
0.761730257435356	0.64081594221385
0.481353827684844	0.458457263347822
0.45519131526733	0.349100783883595
-0.414854092639221	0.352178959812394
-0.67951733727736	0.58830453845826
0.201933653043838	0.188159351089403
0.378061679233292	0.353524252829679
0.628088948229452	0.678513696226405
0.13141829978342	0.109181181850661
-0.53852725603422	0.479839175866116
-0.0567503264719444	0.034090707156197
-0.126939049646371	0.0983054749037462
-0.411786940217386	0.34892136298882
-0.0014201667804075	0.000915624851239914
0.551298334729919	0.200249958464128
-0.495848105642275	0.186769649159627
0.17899314570337	0.0538175920888867
0.712514372081836	0.336121352777663
0.528824311478002	0.337492870570792
-1.65055066149279	2.03327975336631
0.810130638764499	0.874836712031541
0.191346654212601	0.147323640460574
0.868124028971454	0.919432954153909
0.194978591401217	0.134310557145487
0.496865407685035	0.341619149392288
1.12666634064144	0.861156811584358
0.174415063218798	0.0525132560977555
0.713906415672812	0.33698145815023
0.933813504884338	0.509237194762122
0.551654521195964	0.200367304145546
-0.498201158890918	0.187691502941451
0.170195050824796	0.0827439728021799
-0.744354053349253	0.322033856563692
-0.215623300292631	0.106356244611593
-1.5026235657887	0.534584753118728
0.169566032486793	0.032038095111837
1.59294829208772	0.80007496780365
1.41608936390281	1.100428623008
-0.586472142319065	0.279009923568439
-0.288074031163663	0.130880260550639
-0.2856350627595	0.129709151828122
0.185325612919726	0.0903887390463383
0.0480568719277063	0.0263718621447324
-0.0907803402815657	0.0527641031123069
0.275941346685498	0.243712349757867
0.578594528689705	0.487881494398223
-0.250362621228563	0.154740840400672
0.872794488757708	0.799894236115465
-0.364715103996211	0.311954875160982
0.182468568542852	0.124921009226492
0.303055247826236	0.238512873538444
1.36717636262328	1.45136964713723
0.201957015726753	0.170994847542813
-0.144643097532013	0.12367752767833
0.107349762187074	0.0856596089471838
0.195059459255812	0.1505649692123
0.633400330923286	0.595132262350791
1.78175287354383	1.39178162970656
0.0587215155454385	0.0344368918479647
-0.270880270320088	0.194058806613068
-0.266291232451308	0.21724617452245
0.587702213501152	0.470434896602915
-0.0968102498711536	0.0563787566145816
0.0161085812183609	0.0108243283213459
0.000423529387901905	0.000252580562677708
0.379132597615497	0.332259998187959
0.0437466608742707	0.0240136349582611
-0.988686885047987	0.879174356677017
-0.138855603039793	0.0936063724845083
0.518510623436423	0.466691870028687
1.27545693281066	0.890291112878047
-0.107231771524727	0.0735795653876659
-0.199799010636399	0.148387510474038
0.387826729839858	0.197424466234607
0.0451350943945552	0.0336957336093826
0.610776648614698	0.592568904793176
-0.259559763499579	0.210909526097085
0.0220461108530395	0.0147844662099208
0.200898915901071	0.138738148941879
0.449320892016935	0.434191760480766
0.111597404360631	0.0794933199505067
0.298850033621382	0.243656327916687
1.18247085693406	1.58361486566169
0.526405394019501	0.543634378692167
0.524578182080324	0.334497690849908
-0.320548811537412	0.09196618419473
0.0583011584751915	0.0342213211385799
0.975837766724759	0.966823002471548
0.306249608676717	0.231637916630851
0.772509008845473	0.854657968053698
0.735661962763255	0.487705285104242
-0.578661307763639	0.274570261078517
0.179369859705814	0.0539368960907662
-0.751578918535292	0.325601084499325
-0.773027721133206	0.41756737591432
-0.0781472245863618	0.0306652259451465
-0.678516270681374	0.586981835073535
-0.443127182237712	0.291671843225643
-0.923830666697089	0.558201500584246
-3.0729809879685	0.948009080411761
-1.79346061997896	0.390723019452767
4.39399198413285	2.31884325348376
-0.287068673987821	0.130378716349636
0.842784839680697	0.358338111013329
-0.451665138353095	0.298251572015514
-1.6564393691487	0.931197867863898
-1.02249815629663	0.807467759982699
0.629170688010486	0.479054900612446
0.637876649065048	0.600690484361355
0.402545068088074	0.423410069930956
0.198612021419828	0.148395071141694
0.0878647748465862	0.0573577562722093
0.0842630947390789	0.0549587468012158
-1.20163367065399	1.3891324829826
0.0761324458083326	0.049539834413957
0.297788996133696	0.242630482500455
0.306295940432098	0.250691793722328
0.188213139264233	0.129191235412364
0.667964242231792	0.608214407534529
0.0613732263885618	0.047436545413109
1.42446041851233	1.7730013431605
0.933648035843692	1.04493911941018
0.721737674677871	0.727806977771683
0.77371243842143	0.941297110158547
0.481353827684844	0.458457263347822
1.27198454677534	1.8030354101768
0.20216688202471	0.166537793123103
0.554529317239519	0.201500781149606
-0.0133447787522273	0.00848147044339367
0.341760416843165	0.208125841872514
0.313944600357061	0.227869821569216
-3.01321062248474	2.3973759872307
-0.773538525692021	0.41781806325108
0.0250020510432201	0.0126450923959405
-0.154147135701075	0.118284783591545
-0.448930668932563	0.411388225425259
1.50320469227454	1.52117928103335
0.964799558529268	0.95068577349657
-1.33028357702074	1.31522363040015
0.935155232962556	0.814982680712497
-0.834992480867279	0.878607853591484
-0.207308944181468	0.132784824598787
0.190131267888994	0.124557395220668
-0.585996687671979	0.278770121774391
-0.614083577048947	0.543501866134991
-0.778661447096224	0.591968642042537
-0.359327831967134	0.277293825151645
0.186061413399015	0.121606575147102
0.0796479601673361	0.0495129723119278
0.99828941953976	1.09284219953521
0.182432299432042	0.0978814416515121
0.427831079483817	0.195268911181977
1.06190079859119	0.406050412279014
-0.745434194480551	0.322317614109222
-0.010574805439132	0.00481757419445436
-1.00557028486789	0.397794564458927
-0.52059988077786	0.325024695962575
0.180728132595723	0.0967825004381946
2.76446765564862	1.70955403636173
0.692481142426252	0.221366284684109
-0.33115064247346	0.0948450204466267
1.98266088735288	1.24857030420285
-1.82846574275384	1.14687913158521
-0.0748232390858092	0.0293773202669746
0.183714314852199	0.0985192707616615
-0.222177651587396	0.109812316285756
0.640986362284584	0.339127662806248
1.15475005369616	1.1861101634479
0.523227821393408	0.333414672075267
1.04238627221518	0.986278518052602
0.321535564599321	0.234131490773136
1.04381833649424	0.989888458538223
0.691017799601035	0.716857873834699
0.868702426028837	0.794622936122195
-0.281186130075799	0.202482665930913
0.515183547134493	0.462787691635153
0.67147978514793	0.612085100899718
0.0881884503331787	0.059960814228179
0.069530334299809	0.0431185664306308
0.305663671877554	0.231278542768325
0.597887051184656	0.480794534747943
0.363574068207238	0.204265331539551
0.868032623160815	0.793888322492773
0.576780093619437	0.571410662423563
0.313280077417763	0.237992986787266
1.16530531763361	1.32640349621859
0.760417359099199	0.639287555980015
0.943986150671789	1.06168855005261
1.96372117107544	0.45473924627511
1.49081350103926	0.93999497919048
0.181667939966376	0.0702988324065902
0.809250191733181	0.767683755173803
0.631288745990958	0.481631929911814
0.0793317901522971	0.0493123408159522
-0.54176260495587	0.483289073544656
-0.11948607009066	0.102391964751217
-0.655929003637729	0.748574315744263
0.812860836659661	0.489254490805178
-0.251048903760286	0.155104457849806
0.335565152332415	0.233398398696518
0.177750290536133	0.102923111935388
0.529032130518015	0.3376351220322
-0.940634675557524	0.572345347217527
-0.895055830036373	0.741237980138447
-0.439223626534094	0.288095743232172
0.597770366823226	0.480482394143539
1.05223697261428	1.00155413365718
0.61190578438179	0.677630090994357
0.321953232297441	0.222610257150859
0.201827780149098	0.145469232359268
0.702559167343041	0.614392545906577
0.472525909554383	0.344371636111095
0.444657103864507	0.442281572284545
-0.983731666845154	0.872098485031413
0.0366476864055322	0.0184702961116233
1.10510710112694	0.682881370004587
0.930911171907934	0.506852277876771
0.33264299574074	0.201941050154759
-0.444574024230463	0.292573239302593
-1.1423165313235	0.985414341366637
0.0278874405571493	0.0140800047739162
-0.25550827149646	0.158324007520492
-3.44754089021611	1.22379406077669
0.550229507129372	0.199823293779666
2.38370926905572	1.2094584860624
-0.0100800849365571	0.0045997722163119
0.36033517839853	0.202185747483454
-0.204846712145481	0.13112915082341
0.179365765885112	0.0962035824630754
0.37089315150111	0.208757306046448
1.09225125414182	0.534294338792014
1.6819934543575	1.59065311898777
0.526115587236675	0.335734733267837
0.797941236011311	0.856331213272824
-0.118006750513091	0.0657477085486246
1.11510207441598	0.69094919291444
0.47593735441276	0.347192207212696
0.37929219041989	0.192413916943886
0.193501061753004	0.104088829298229
0.0752060633643574	0.0467055818876168
0.885380626388758	0.658277518490899
0.353167950231153	0.216256704899483
0.359930964398307	0.201918928219983
1.48100357868126	0.932027723317589
1.96276901321247	0.454520391574277
0.963743115659934	0.255236344279286
0.688637326691298	0.220082192676685
0.701033675361185	0.611861406686937
0.662687942371542	0.60177887239793
0.306756780284938	0.251152474307609
0.271973596835948	0.252794847315687
-0.156291000181618	0.131784715247178
0.326468007143474	0.212699613473261
-0.161179871908701	0.0851765683730865
-0.561328430170364	0.404932440885895
0.522783399922338	0.332541322445502
-0.00898527331616771	0.00580008437146369
0.74465920327839	0.495568653198416
0.184056200898562	0.0988407864456837
-0.0392820957906969	0.0242800521567931
0.0212867810062195	0.0108365220226282
0.302435721221661	0.237846683518572
0.199580805005692	0.143625112978398
0.521112136240808	0.449193642052376
0.312898417998877	0.226932158132535
0.864682783975113	0.789984513277453
0.804337829636866	0.483675970485298
-0.319484223533072	0.223792108945848
0.031529256294843	0.0174235229240503
0.0840079107802838	0.0547765292433967
0.180426677809576	0.104597088099203
0.188501317096431	0.123414392978724
0.682357185992455	0.865617357299601
0.192445397990636	0.126196348278361
-0.89399400784294	0.643119076814844
-0.00208121464294428	0.00103307197520141
-0.117277727466219	0.0808524940383071
-0.00509591554977472	0.00237585676052676
0.876708731153095	0.649156761282599
0.834994089673904	1.06844150680018
0.310971218128546	0.225257739005355
0.647463773273698	0.768599895043688
-0.28393549604954	0.128757346512117
-0.377329563932727	0.156077780751978
-0.287802884886021	0.130876324509093
-1.3213279028488	1.30224057479742
0.301686355421096	0.227708605644016
-1.19117417720089	1.37108095000571
0.338957974148645	0.22192124990714
-0.00371577404100308	0.00236842892699175
-0.0360161032375173	0.0154951457652387
-0.166567536850102	0.125198029031075
-1.66001561967882	2.05172649273064
0.336253665225395	0.219852908784671
1.3649174278793	1.44760931366609
0.421016652154646	0.191681857776423
0.187053004404368	0.115883191314464
0.172671045244316	0.0668579744831706
0.16293849871021	0.0559638959423466
0.183610895194862	0.0464322674344966
1.96276901321247	0.454520391574277
0.443832166503651	0.634923522355078
0.132977765027873	0.122873373278763
1.05603704964217	1.00608150271904
-0.740622188238879	0.31993044227794
1.4646350690462	0.48856709745013
0.553886985294821	0.201106948910148
-3.75690729519465	1.48558300753873
-1.00835638596109	0.399381922624064
-0.631950130866312	0.369598633723766
-0.709319061175721	0.242738363206193
0.181995861815111	0.0794749231067184
-1.47088609464501	0.741809353787203
1.34928261545842	0.597043496460796
1.06301156133644	0.406541088935866
-1.25716493894818	0.565002810504402
0.845460532244873	0.359623499672993
-0.19866808684961	0.0640066499155127
0.559556523494549	0.203384722969785
-0.114233731509593	0.0407829355488277
-0.124171894762057	0.0442242317556852
-0.198757003958094	0.063979613393949
0.723376380262484	0.342533617607671
-0.749356140710198	0.324535436720139
0.174204355272961	0.0597247391277113
0.545282959725496	0.197930364047729
0.974024242999325	0.664109341707516
-1.08118776637856	1.71794927141426
-0.281467709316228	0.37383516052499
-0.188090222112229	0.143140974981856
-0.213519997536043	0.205769240855634
-0.0164525290223995	0.0138475782510198
0.195655685221773	0.121580314017998
-0.529177138866286	0.331431815798814
-0.953536070761114	0.925128085200778
0.228567225885883	0.320956704408179
0.191343766667063	0.238980124068389
-0.129188184399401	0.119333005199898
-0.777052304087294	0.660454309157304
0.0863716392089065	0.0563722518672621
-1.08165599376783	1.25973613026706
0.732714821625133	1.27999710355087
-0.0380324233147219	0.0278623122427903
1.27150676048536	0.884710271509002
0.177607489139513	0.0775064744500753
0.055387408937543	0.0415030256935867
0.132036123872788	0.104229252732745
0.261775620823315	0.247504278229581
0.662386335169713	0.6009444011234
1.13167349139735	0.865624284769876
0.810741421430702	0.488654340566908
-0.699405444382189	0.239043645886915
0.179731047800424	0.0540108619593111
0.550229507129372	0.199823293779666
0.962553055030982	0.254827961566665
0.165088029467664	0.0313824661178469
1.63496931421362	1.14774794032025
0.552010634561459	0.20046264360567
1.46964366147565	0.490422889690681
0.689369698791533	0.22025689756634
1.06762213189116	0.40860472471242
2.76559849788836	0.78194178274137
1.47209004689925	0.491178510113126
1.35135662214001	0.598044460885579
1.16886854703477	1.33226987834445
-0.352801740713405	0.357031898197005
0.431275131788702	0.438072999110508
-1.3054780346968	0.809724792257402
0.552366600094505	0.200647521424049
-0.12298542228522	0.0438035048977104
1.59822664938579	0.803955017549079
1.59822664938579	0.803955017549079
2.76219840038386	0.780594539857824
0.842756897055983	0.358214727221788
-3.0729809879685	0.948009080411761
1.0862785017696	0.530305893793166
0.184291063239428	0.0465991085839434
-0.753461786631893	0.404216295418124
-2.08973098216549	1.57876240164745
0.71438258842796	0.337696483094953
0.689369698791533	0.22025689756634
1.11945944486951	0.694539311315199
1.81482634579463	1.02699544979182
-0.0408423573567698	0.025254471640541
-0.32685310795758	0.0937088146974829
0.179746383607047	0.0540100642734575
-0.124572142446101	0.0443576455219409
0.552366600094505	0.200647521424049
0.174866744414616	0.0599504088128746
0.181959964224185	0.0546519449572612
1.84957887095899	0.730635761791688
1.05989643717056	0.405275695027378
-1.1245135089551	0.339452387639693
1.11025022969174	0.68660314367414
-0.370908459446938	0.153216945134065
0.378393108314758	0.191880836389206
1.13455293323123	1.02329004008665
1.25729697682585	1.0626732913819
-0.0791263862561241	0.0310335977163937
0.179243276186944	0.0872748448659392
-0.120236251257486	0.0428246322371381
0.427554629548605	0.457094837971594
-0.200341676351743	0.260236607340134
-0.077713217044267	0.0450810018193236
-0.20840409988586	0.221024388520933
-0.222843879231333	0.231369535572061
-0.554108477987311	0.397956497269765
-0.768885574948582	0.414578248011009
-0.0147107832023067	0.00667221295678679
-0.100765728972759	0.115766215515916
-0.0135111856322856	0.0139488701837822
-1.1763983964192	2.10823290715134
0.325405454786004	0.237489189499951
-0.377737677627321	0.257814180716917
0.197423241101126	0.129744523549765
0.547135404420275	0.782404064911672
1.10731707394698	0.683764912397814
0.0486538142251838	0.0373730230034491
0.178302140718175	0.0955383477878281
0.332454143739939	0.230988291657057
0.624626075643444	0.47505473831329
3.94250969970351	1.744660072344
1.97706744065967	1.24374655353769
0.68908810997088	0.220077042266344
-1.00835638596109	0.399381922624064
0.688637326691298	0.220082192676685
0.469602716565917	0.190601252697973
0.551298334729919	0.200249958464128
3.27152519356808	1.11907150574555
0.852381322937074	0.362963931021427
0.724489540691048	0.343023009075046
0.720948174329145	0.341130987722089
0.740086261068589	0.491849375211372
1.04853235020151	0.995344677194473
0.114025482309621	0.0866389136628079
0.148108335388097	0.138453964235701
-0.129010390636655	0.13049960860885
-1.07407314229573	0.725115051815895
-1.46454824115948	0.737058651118592
-0.369839048039385	0.152920865999092
0.550229507129372	0.199823293779666
-2.62436031952289	1.60467011659644
0.927937666651084	0.505557031983464
-1.14376104780613	0.63480253551799
-1.57748413615678	1.19455651863096
-1.13942696859827	0.63095643497674
0.17628853425871	0.0858753483478682
0.0255895632244862	0.0129552880790565
-0.370346829638476	0.152977788998958
0.174963470320836	0.0850580575972514
-1.66487771154287	0.939146495151279
2.15271754551677	1.51531929203695
1.4745635305468	0.492365493098567
-0.0010296059208767	0.000566226435933511
0.0280331829033683	0.0188314914342236
0.847759918250617	0.360722432560768
-0.574818177078327	0.272328984058988
0.17899314570337	0.0538175920888867
1.99249323568184	1.25938078365848
0.926970129451146	0.504194008513819
0.475804309460653	0.193396100083251
1.09805540245059	0.537873542527655
-0.12498904527434	0.0444985404997069
0.553539003246056	0.201009804352982
-1.26377029644958	0.568815934452661
0.807065932115661	0.641405437640052
1.38587217723951	1.2867333165582
0.38731228480816	0.197074194869401
1.06627651023847	1.13181638092223
0.0742494780405065	0.0632410266058047
0.191150498785099	0.235784086696095
-0.304813320177868	0.267637780848336
-0.0529159876521161	0.0440043219323424
-0.324427057672095	0.30949871469427
-0.01930193418361	0.0122169779472983
0.806454219724662	0.484899152689843
-0.113599500181254	0.0781774785627801
-0.207029324737135	0.273744780277634
-0.72293189246775	1.15676212232681
-0.361451658140642	0.431909520256386
-0.370415442168803	0.37001585447853
0.481508278197235	0.441925893521228
0.408567981710081	0.350988386680632
-0.761221201899509	1.29723769615469
0.744130261876371	0.494353585017964
0.571562011284077	0.334052213033851
0.811929312793399	0.645586977847161
0.375279597143601	0.190243382513167
1.06202613532403	1.12502145276056
0.129235434485848	0.107181673535497
0.373161134984544	0.210219733380267
0.660124433155207	0.789670540566598
0.0345365789551441	0.0257279866450295
0.664983596440582	0.473658708201167
1.2617591786049	1.06742588867001
-0.925945094846084	0.560749164325922
1.92311040636621	1.66066849050572
0.849767099826588	0.36182590832994
-2.26045288793456	1.13872227576014
0.170623360017568	0.0660738146836554
1.79287024669985	1.4051088326894
0.914772338622063	0.496090813951715
1.11217843546868	0.688068011147437
0.962553055030982	0.254827961566665
0.449996059625891	0.344014547180008
0.188177263732656	0.123183740939819
0.690481175356148	0.715710671616856
0.211453779863341	0.153115021716161
0.319599199161095	0.349482756276201
-0.671986947459738	0.810150640074907
0.807567935888961	0.640479830346645
-0.0377046290784263	0.0162121036294832
-0.25976142932921	0.161162860454358
-0.0419589270001102	0.025942081880643
-0.649721230749536	0.448277927858526
0.728385198790444	0.481050298211375
1.71211287630589	2.00040604586441
0.677254404112278	0.484862051665172
1.5043194936456	1.52150028048332
1.25143581326098	1.51485017995776
-0.209257984429915	0.134073527812069
0.320983602572543	0.221821171989126
0.301411256149187	0.237011795432636
-0.57505502339611	0.417152039606516
1.01846188206826	0.837687800290062
0.493101122615954	0.455902202613295
0.75010157390132	0.626947722024717
0.0249362401703756	0.0174278254310441
-0.439584604603455	0.288387042577399
0.338052809355963	0.205699117856054
0.614776436167992	0.465386248631732
0.62361395671331	0.474029564888243
0.198687531707626	0.14296501013626
-0.0539329449259525	0.0323939535066477
0.449987485088685	0.34395739908126
0.336723180648027	0.204927096456313
0.203080667977849	0.146403154370865
0.605745140084636	0.586286248803278
0.929579529134752	0.809256343790021
0.000871421228876267	0.000529276810251211
0.927538096755792	0.806471436124997
-1.43725648268067	1.27511761093875
-0.325997995642484	0.257298675135086
-1.04014413752788	1.07480642084192
-0.64077340929706	0.654161893868481
-0.495848105642275	0.186769649159627
-0.613012730411062	0.148202450577793
0.345901081897954	0.227158937336701
0.347816539558224	0.212240970468848
-0.25618089700262	0.158704454335961
0.318922477160475	0.220226408350766
2.09059821536842	2.63399831835823
0.318282235950774	0.219707556834575
0.658901399420236	0.596826122508461
0.180107983152346	0.0541465694868784
0.559449123889161	0.548930292018004
0.185747159272396	0.090597970091425
0.923471706807312	0.501624006630074
-0.0405457936026946	0.0173882594679995
-0.876209140260044	0.719063361835054
0.573372983208697	0.567060443691974
-0.0413005693986234	0.0255330511785731
0.0992683005754511	0.0677939326927532
0.318729998917588	0.231817470732192
0.20393602665674	0.152825440062617
0.183326277441054	0.0982962784528176
0.0000980641086830726	0.0000645166823628423
0.0425484419413691	0.023400755271943
0.0448626406441569	0.0263752808520476
0.47424254948873	0.449765819429056
0.493318329181621	0.530384249983183
0.0982568551837603	0.0695435751946404
0.175727878726939	0.0679905067665371
-0.0941077730229357	0.054771170468956
-0.065472242977769	0.0393635583779277
0.00330965474604639	0.00208446376155667
0.125008118668762	0.103401136896407
-0.925332459107451	0.559281591797879
-0.629150362077175	0.368168445413467
0.109726526900965	0.0807186801630902
0.363705542975662	0.204072605966602
0.382838468943941	0.347841580279252
1.30340398010253	0.725991762377807
0.198283606223291	0.148136025606078
1.60276575851994	1.74195779847538
-0.132686496723515	0.0742188477058853
0.11426854111952	0.0842318620042297
-0.279830084899544	0.265328155882873
1.05949699264433	1.12078821118329
0.567645468684338	0.476467908466784
0.494707108285045	0.457580034123428
0.29471343038215	0.255905694951994
-0.641214066505092	0.654637861119703
-0.88162437348344	0.725567923655335
0.0430501674276605	0.0236502152196497
-1.69660605391327	1.40347329193802
-1.05611012152349	1.3041119642774
0.36101876360628	0.34387131314244
1.61825195402013	2.51656661986112
0.174853961049678	0.084966954716651
-0.129371030234611	0.0459892945729162
0.181527232764378	0.0621573098746313
0.727865325757888	0.481164650246301
0.060940967224337	0.0458324144354077
0.29623909310472	0.249506579416527
0.714057585749148	0.337036298070241
-0.761835013100273	0.409542714061078
0.585783713203155	0.343810814620313
1.59158476389303	0.799305203801273
-0.745838143765145	0.322552749669043
-0.880503775574274	0.723396850318803
-0.00167725265894501	0.000853603414034361
-0.0399068990272805	0.0246696163288736
-0.0738425599286327	0.0290095423175695
-1.7934287506278	0.390727439150181
0.416120952630493	0.189455896196809
1.27528027703054	0.889178662239975
1.10876456166741	0.684971969845701
0.628372553156635	0.478654665691287
1.30090052760141	0.724081434804544
-0.172623562085011	0.113859807800465
1.15202623636379	1.04574471481091
0.921978899173054	0.500456159670338
0.416994646186728	0.18967122277834
-0.0816456427647121	0.0473940628087951
0.493114128234769	0.338418634854154
0.324691541421591	0.236913191634979
1.38338870996993	1.99572298290195
0.314499160945275	0.228291582575261
0.513813230614907	0.461341577604496
-0.151022028809056	0.12693200126777
0.473835749080614	0.345596985351962
0.855567756474548	0.900650073472584
0.293918935779772	0.238862240994049
0.314222324675424	0.238774816296748
-0.0441829887927928	0.0273133352195661
0.389036011499221	0.343057513940472
1.07579703869978	1.14567190345998
0.684365284500137	0.706771193228464
-0.625117975419026	0.595360542071399
0.385635596742432	0.420317760818896
-0.441946233840569	0.403149646816839
1.66954761690017	1.57072713833473
-0.00880638414606742	0.00403204455026019
0.404954758177741	0.333263571402216
0.574699622020696	0.569152443826388
0.319233297515035	0.253405564788007
0.186405759248832	0.108351716693846
0.456016029992604	0.442418937437428
0.0963613276365043	0.0657289835746465
0.544085677029694	0.568000878855868
0.0987779870975697	0.0699011314405433
0.369633605568601	0.343754381389047
0.092004718199704	0.0626505333760989
0.39263620723811	0.346923948288835
0.116908179090011	0.0889582992770323
-0.706480696134065	0.760219937356234
0.274449351284877	0.255539872765502
-0.463617888423183	0.387942931220746
-0.0964001182105966	0.0561180846800063
-0.180420814587474	0.0957776065967796
0.732808876437542	0.743204572691783
0.639942260631117	0.670829292636107
0.792349144048641	1.10336839698667
0.631811432785815	0.481558677501375
0.709035921782671	0.334373549044149
0.700264986940383	0.611347260179597
0.0795548611514141	0.0494613163307685
0.297175690035023	0.250415069487835
0.0332826199268998	0.0232697840096009
0.709806184971095	0.818570432626117
-0.128211356107657	0.0993513749044447
-0.762792659115907	0.410160683865049
3.06609262191491	2.29055290501164
1.59822664938579	0.803955017549079
0.616847238490792	0.324248616801289
-0.753498937764103	0.404254407936014
0.183326277441054	0.0982962784528176
-0.420290584057281	0.31976802893492
0.0581565743751921	0.0341502939414332
-0.375354820971522	0.155294211429995
1.05235833798367	0.401844810202421
0.9868586878353	0.675191717400351
0.359774273223565	0.201794508518761
0.447827158278386	0.44623716116354
0.382158502331223	0.358037308111993
0.39257293657188	0.334178044949536
0.467481203958295	0.339556576844499
0.538895973456004	0.195376263391291
-0.628595591679183	0.367328162520711
0.749608901113901	0.62740472093049
0.341423592285282	0.207612021382821
0.177974163580226	0.103165345550481
-0.020498399473577	0.0129422824902542
-1.53158348724963	1.45911511292627
0.570809921263294	0.332919080600547
0.979252174217234	0.971677417005443
0.100247648438984	0.0684906493674275
0.196722965391213	0.13551175964133
0.201160336482531	0.138957866584107
0.629169579441115	0.589793604656865
0.100329832078777	0.0710958111443596
0.881379920702995	0.653208306065899
0.331469570120076	0.216493787514754
0.512857350639586	0.542010209010417
-0.625344840834925	0.892470451071819
-0.395983049837419	0.41805951231407
-0.432737022686102	0.283232159273601
0.980050247495789	0.669989421054983
-0.392016543690681	0.269198416871335
0.820800979401548	0.89110576851133
-0.518321813612371	0.323023357552108
0.0442498269189497	0.0243250922931014
1.06338277916722	0.406730999521995
-0.44824977795877	0.295728847983459
-0.25531590418441	0.158026291619097
-0.415745643342185	0.315510621655775
0.0891391184743438	0.0582146075649102
0.21437259425901	0.161526414123129
0.46761504978456	0.457044412233887
0.0459256885333688	0.0252292100408887
-0.77109100947398	0.584654922841397
0.467818109701833	0.339779063832584
-0.667504254758485	0.523219727311183
-0.557522894114884	0.400976545363588
0.593817997735052	0.476765123106957
-0.0944473678531119	0.0549731323665015
-1.20035014383407	1.3870650908598
-0.121050533177854	0.0955582532497335
1.24902017591492	1.86750314418561
0.637320235647458	0.600115448955219
0.721954000368465	0.727792890266614
0.489574230030185	0.45166018526851
0.747323150175672	0.62470952649287
0.0875631281313274	0.0571704732899235
-0.168559885381638	0.0892621024955795
0.18326148995238	0.113401165821828
0.0538266973013326	0.0315814366846485
0.365074397279878	0.204992677724776
0.419465408252761	0.190942893827129
0.737024191048735	0.488331647385913
0.532871603457633	0.340584168426983
0.53125430120614	0.339712024738858
-0.029813820421776	0.018822900131794
-0.9172467328471	1.02377698865454
0.395545054590624	0.337198936749254
0.979743921640188	0.669281846080589
0.187984352048437	0.0474280610765032
0.838480859620841	0.356210298702787
-0.221607632456538	0.109411331801366
0.0506452335775708	0.0277870817409523
0.559067085477073	0.46756649535885
1.1380533591578	1.02596242904564
-0.14023802506164	0.119480745810948
0.200300457150025	0.149802927374168
-0.767548151260255	0.580246184897221
0.474198126463934	0.19270082318148
0.741050110703045	0.492482241366837
-1.03886550664808	1.07345387134866
0.163440350387908	0.0712828005374671
0.973597093339412	0.662916651634123
-0.988686885047987	0.879174356677017
-1.22979665901644	1.134598092714
0.522660363037348	0.333145548844994
0.713407955282736	0.337122359406939
0.924997724508712	1.15165211160605
0.926217565137309	0.804971448786864
1.4745635305468	0.492365493098567
2.16054680320197	2.22889722959958
0.359774273223565	0.201794508518761
-0.365502331581351	0.150863605573539
-0.0262363118728416	0.0165532316498151
0.486072747368902	0.534867514968149
-0.257902356054802	0.278292347920393
1.60647538490049	1.74670124125479
0.0406799500512913	0.0223353300955984
-0.0327384114366413	0.0141373307487957
0.305503012454998	0.209474861115644
0.929015416238265	0.80775411345248
0.042694053262603	0.0234351594190399
0.687077090266424	0.494143379413684
1.61185917197848	1.75803483125343
0.177367710896216	0.0774682756172532
0.423690355251128	0.336837525923579
0.368173154301069	0.207224031584238
-1.08312699091397	1.03322976981202
0.972091346666143	0.961469895009187
-0.222044639105581	0.10973091214755
0.631486106912421	0.481917624229758
0.361704770230717	0.20306210710356
0.733237923926445	0.48463632282141
0.539512914219573	0.46976240081097
-0.38148214237599	0.158042902493283
-0.211158816847825	0.103979087994674
-0.314212465069236	0.186338660769266
-1.81110215419049	1.63039024459867
-0.25648346510314	0.158949616833895
1.08016178615037	1.25658384001114
0.324117808424212	0.236404488825456
0.17050215168051	0.0743730541830416
0.444512332633388	0.339091647865842
0.114588767453057	0.0940960732871421
1.68182925630829	1.590304769809
-1.39957780761971	1.85577630383887
-0.177970055628725	0.134678550008358
0.302817969269372	0.238264140186354
0.763908643876841	0.749944986704542
-0.407840569943464	0.344756298322467
0.932128105426843	0.812680628767786
0.570113553791985	0.563136779369062
-0.902481119499315	1.12817615640267
0.423066694052363	0.336276404943119
-0.274180556215494	0.196801350118329
-0.705123488335345	0.714576536052503
-0.0445623289760192	0.0275452526576928
0.20402499472843	0.163336478748826
-0.484322727237522	0.360224220684726
0.562620730587178	0.32737874736759
0.761205995799972	0.74597860161849
-0.0208724225476021	0.0131993866073101
0.411192390622082	0.339736444691562
0.445317529219663	0.339939616872763
0.00924270100420086	0.00584256498683911
0.49189440661617	0.337264284562669
0.0548213637143811	0.0321948524044963
0.356124677301712	0.199373345866188
0.188766728207993	0.135144185104199
-0.0782700499020045	0.0454081753609103
-0.494817503599559	0.186297123887455
0.191102411444502	0.125255043578518
0.321548461514048	0.245265289122607
-0.35980149962983	0.277762670470841
0.57549105547453	0.336424051566887
0.305861798817086	0.231410759642292
0.492330316009944	0.337206258822116
0.42290347539764	0.19277164653448
0.635632470983399	0.33568301354224
1.02075519509466	0.840348535649972
0.596863629917171	0.479686334307326
1.46964366147565	0.490422889690681
0.346205513185069	0.193200625129518
-0.626945987585804	0.3664290083261
0.483215709194551	0.530640657780381
-0.349511332553617	0.330279249119564
-0.0660259279568385	0.0469165821857348
-1.95452104784895	1.34416838212382
1.79836508982771	1.01416278341983
2.14827300935349	1.50911629901421
1.28900407927681	0.714824282939114
0.383831520508066	0.194809237508958
-2.57098043849301	0.664920470822356
0.717366250033392	0.339327063475527
0.962025660417238	0.254682745005495
-0.366365516770963	0.151285265364036
-0.00606224579226366	0.00280711454617771
1.24988151457257	1.22287042922561
-1.25254768032111	0.562106619078831
-1.07352088418224	0.724075757684136
1.12819180585017	0.861753208960952
0.615855270436026	0.323414318330887
0.687453672774919	0.21969379736456
1.10977022207675	0.685954310241983
0.687453672774919	0.21969379736456
-0.124837825991722	0.044401537177189
0.172935900909832	0.0520977646892395
0.168071883948661	0.0732963178096792
0.172908546278474	0.0841798180335592
0.68278086909504	0.218093717626154
0.46843211581079	0.190223410571102
0.529602355599505	0.338130274544246
-0.771868759272902	0.503724891438167
0.0343574248796291	0.0189333540030249
0.256117581246191	0.283426096448663
0.1578919109055	0.172378540963853
0.211680735558914	0.18514566158878
0.104660383497787	0.0790713092953213
0.190481604318812	0.197177748437035
-0.588810837204304	0.786536163182937
1.3495769767586	0.597194616535652
-0.45845287420478	0.236766975592509
0.339659080677019	0.222440257854394
-0.468923923293226	0.243261959643944
0.748105416850249	0.625759419921636
-0.0764597680000921	0.0669874181336174
-0.219775309496426	0.245298336988042
-1.16914780551134	1.56720392744564
0.000855151045022338	0.000905842530435556
-0.0772595442417137	0.0607181345397418
-0.174074961588253	0.11487951155634
-0.0864198243568164	0.0604486428813089
-1.22701998149893	1.12988567872193
0.321241278127663	0.365523069436341
0.0158205162545833	0.0151458650000871
-0.0809177255147273	0.0650012875790539
1.16288187108538	1.3209278675257
-1.04933057241353	1.29081386383026
0.296208530472188	0.249404334053052
-0.429632185809885	0.497805914338882
0.333712424540704	0.218143829759649
-0.586140009572339	0.278603992039962
-0.961190497528217	0.472841360511926
-1.14041812664692	0.631339556589034
0.673709449492578	0.482360500484288
0.273989502629877	0.279370178776536
-0.186763907328448	0.141970290328895
-0.327329359661354	0.230247123261511
-0.699107130457071	0.74912246009061
0.185624744911859	0.127258991318254
1.51353574413757	1.99866729681541
3.27032462336087	1.11801013776878
1.0164639881965	0.836148140129602
-0.581278269312196	0.275684019199003
-0.555545786455736	0.399574848213633
-0.139183487587214	0.118528816752962
0.316768919491181	0.345636254333192
-0.370346829638476	0.152977788998958
-0.121606099675459	0.0432915369663538
-0.278528756733732	0.126266470686358
1.05952860814689	0.405011691745652
0.412687031377042	0.187644901882888
-3.74624107806015	1.47909592511107
1.41649222197493	1.10172556472476
0.167083097968807	0.0728299219191437
-0.743204297243649	0.321159667249727
0.926514762748768	0.504424120802862
0.00106654487183909	0.000365940780408877
1.48592500255415	0.93538646114824
2.37438290611096	1.20256030194498
-1.11594248674068	0.336539906623349
0.180869771083221	0.0619402640495967
1.3509899510682	0.597807360301759
0.172703256400318	0.0752746211264852
-0.209005384004942	0.0672209708644337
0.418583026187904	0.190731695106026
0.171189775428302	0.0662121976703994
0.859005573507892	0.366086058393571
0.014336247350163	0.00741732734626937
-0.483214569580224	0.359153151920131
0.592092889281753	0.474702567905318
0.0650895586220177	0.0572252561012902
0.553259935317876	0.763514473731116
0.197278981977513	0.136053607568471
1.25194980630697	1.64269493340654
0.0588309659242348	0.0465450715947596
0.192875510461574	0.162162314119342
-2.25476610375183	1.13432726133968
-0.199032317017901	0.0641034971037585
0.174866744414616	0.0599504088128746
-0.216117863282458	0.106403011058018
0.387930931346559	0.341557067947285
1.26697574929747	0.881197314380102
0.174475669439187	0.0849495131059441
-0.377820391923678	0.210612685024032
-0.259682258826611	0.227560771716259
-0.462704522632161	0.597050576556212
-0.78089957497048	0.838194309432147
0.524540024812668	0.63272509185631
0.13182258897788	0.114602916703053
0.174296398567711	0.0849113291583513
-0.776586571694411	0.659924375002634
0.0604383653452838	0.0354387762334438
-0.0226044223414888	0.0186071337205444
0.00263070211935036	0.00206882383773486
0.555058204054797	0.649026490868601
-0.200535875695913	0.185086721788166
-0.480665981536734	0.356834878064084
-0.172076306369559	0.113459151175534
-0.776928722018125	1.02112812722335
0.181519629022171	0.0792580291122638
0.18159688853195	0.0884805918105308
0.358569450564786	0.219799516845884
0.348352259912959	0.212859996002235
-1.05141939089639	1.09251919864031
0.301411256149187	0.237011795432636
0.0940545481488418	0.0640704089057013
-0.517806022039378	0.425604525506602
-0.386885312567095	0.30297005293995
0.72725484963659	0.735620434119435
0.812650380846629	0.490260386628139
0.470055337326698	0.341919869072395
2.37833363806881	1.20570132413706
1.11073251367955	0.686953872406249
0.381943093503375	0.335353929398663
1.14079036835009	0.875974172457022
0.18223691278468	0.0977614007983317
0.609741404520786	0.769236507738324
0.22062034152377	0.194063459550511
-0.222060866897747	0.19931505562467
0.474305381835331	0.346075311423156
0.38070091809469	0.193208419531427
0.416994646186728	0.18967122277834
-0.0375306743699381	0.0161391366130042
-0.0893262973005338	0.0349632731386169
0.181040219024808	0.10498193491114
-0.471046780339722	0.244225289082318
0.686270437198953	0.219228628867356
0.360739226372389	0.202435196258758
1.54958155639395	1.32953969736573
0.383597796348507	0.194988915534169
1.80087203031702	1.41671919089341
0.92503309492807	0.503177539358462
-0.21097885569553	0.135402770653378
0.807462898778488	0.485820877044198
0.876984802927799	0.650088951201932
0.622907842150155	0.327966217023582
4.57774949131761	2.61291002651926
0.421405402128871	0.334628712843557
-0.205565024066179	0.153163769851923
-0.43418595555064	0.394319806297238
0.12518515477347	0.0984313660805265
0.438470798614459	0.33328437893877
0.100840569624613	0.0688974165918788
0.532284239507042	0.569121911209973
0.311301887837607	0.246077136637479
0.468214453891579	0.189971319278414
3.07445528002394	2.30417453642759
-1.0312259891589	0.817955522677317
0.183750717852014	0.113659494925551
0.813686330954986	0.975882957962668
0.671987359574979	0.480424714543263
-0.18363812063483	0.121696918098794
1.01260884441484	0.831500107676054
0.00807605787669755	0.00550411265250622
-0.0476974703115185	0.0344126411289561
-0.364613555953908	0.311799792320637
0.419325193462039	0.332519824246181
0.702525536724161	0.613856873848276
-0.518114603509996	0.425950090951592
0.108038716646919	0.0793973441581746
-0.17569770186024	0.132797662095221
0.806200621050974	0.86913561071765
-0.0853876333185795	0.0596982258205236
0.607090894964967	0.58781886009902
0.444194450518193	0.338807134861951
0.187053004404368	0.115883191314464
-0.275106477020193	0.197597350895597
-0.140415517437474	0.0947588221932532
-0.176095102175557	0.133124575088898
-0.439584604603455	0.288387042577399
0.0698635342278907	0.0433239851336518
0.202972837796868	0.157375287629545
0.0597485889628572	0.0350365422705284
0.553434345668072	0.461467860709486
0.425101832284617	0.338202788875193
-0.773913797580363	0.719183400080687
0.191714147032645	0.137461446701448
0.310133458211592	0.213170085806248
0.634422439130339	0.484348791702411
1.61017742571678	1.75391279275522
0.633383733403122	0.334644866521731
-0.00219632327066756	0.00107717786570952
2.88004433039351	3.40260935477825
0.363958698283082	0.204259370121033
0.501568252507353	0.542075366315842
-0.965640676501883	0.475766234717907
1.3496306262408	0.597279749994603
0.416088824268853	0.189085213305892
0.418490707651304	0.190446434947592
0.359343636379601	0.201187272175155
-0.503852614714804	0.189998350201095
1.09148459484778	0.5339278161794
-0.123831252718902	0.0440604843970144
0.836450863441204	0.355149677404318
-0.285581185866346	0.129675481279684
-0.212204736871828	0.136213083446695
-0.761959119061179	0.495380322060535
-0.467241724596611	0.242027038088214
0.377372340475207	0.191253148765407
0.923024783217736	0.501196414852532
1.27258417547598	0.886904124242372
1.30638782039642	0.728375001997889
0.190202444294591	0.136195054412933
-0.0796725761373833	0.0569694085309196
0.0592265142761071	0.0347587059736473
-0.462434321197775	0.484266511363715
-0.77293800754904	0.968939839150029
0.444185403053909	0.356714526660939
0.379201052501708	0.354739475523697
1.05578087293152	1.00655096139455
-0.00239960751835077	0.00117568222750449
-0.167130554234255	0.0884576478252207
0.805433616168506	0.961717961325241
-0.169658295284307	0.0897979291719645
-2.42807903727196	2.34807866372763
-0.0279718732914884	0.0121754210218401
0.403254682403733	0.434808783793562
-0.171319252187031	0.142612968357038
0.699052006639535	0.801399652840947
0.449375570854382	0.448146133172315
0.280164329201651	0.261877682966287
0.189238823705832	0.110019787531436
0.199554989848253	0.124212658726072
-0.526683638842684	0.434726540604085
0.412787757347459	0.355312397273884
0.0431304193576222	0.0312531060680666
0.143586564018722	0.125889810407356
0.732391796213812	0.824541621789342
-0.311643759758645	0.217590650173733
-0.63760627208811	0.649607061983667
0.281651096343465	0.263416684805731
-0.673787248409246	0.529515181037312
0.633877966829715	0.334975886013678
0.416994646186728	0.18967122277834
-0.651129057811663	0.449609755549429
-0.000543174514163496	0.000362044862284449
0.00279666041946158	0.00174629478852669
0.557084415615475	0.465299576838284
0.0669643381351986	0.0415374319145932
0.31190384029377	0.236753042766709
0.430806078564723	0.196731405602619
0.177591660574137	0.0774947914663098
0.177362298643623	0.0450515694227369
1.96372117107544	0.45473924627511
3.64742237939513	1.44635997008149
-0.12498904527434	0.0444985404997069
0.525613869795694	0.335525888793672
0.813543881265425	0.490748033802569
0.00281816676780023	0.00115408770959762
-0.0697400435931536	0.0419655113676028
0.329360101366899	0.339989866029771
0.578679567079897	0.338805201122539
-0.7085818841146	0.242531688950869
0.176151715208171	0.0681554302009089
-1.12094794119803	0.338304428987289
-1.25819888209438	0.565355524789593
-1.80108767962844	0.731723738057602
0.183444589704034	0.0801233961988896
0.474589111281212	0.19285269072617
0.177319050330637	0.0862587594607392
1.80611317780083	1.02020199862134
0.359021453750497	0.201226511905266
-1.14423780041102	0.635061834809115
0.168703934281002	0.0653025262066088
0.169055769665861	0.0509845854978933
0.417609772196223	0.190227467919093
0.467213606779098	0.18946343423113
4.18934074145553	2.03655237370426
0.0262702816166055	0.0146137052886663
-0.419248469030066	0.318736745581369
0.174021728696831	0.191945985466503
0.310756276610626	0.46158561766495
0.692040053592441	0.883102881729714
1.98757799606323	1.25432902720667
-0.69681330218041	0.238104465757831
-0.502824622854512	0.189653352789705
0.34180670249436	0.224216945475496
-0.379033874435501	0.211368962064543
-0.0779852802613909	0.0306326788697901
-0.123831252718902	0.0440604843970144
-0.26423117905747	0.232312877636772
0.306148141394315	0.369544159115682
0.218118605749459	0.181441111349959
-0.59128484396383	0.718739412048354
-0.499581017133016	0.520332855821643
0.206436736084179	0.165571499939425
0.176098350549899	0.0942632983693386
0.874473428729803	0.802600982228472
-0.485817516229965	0.624710053003471
0.0109683320881845	0.0101860056410746
0.15260552725575	0.131633388340172
-0.173851934127488	0.114656829358829
-2.20851102932407	1.82112762723965
0.491416203049128	0.336950335434905
-0.241788618531254	0.233289745025444
0.522956645316024	0.333070292293813
0.735108539798277	0.486555735936328
1.48300464947212	0.934081791589259
0.70944970946062	0.334740881194715
0.607944139798429	0.58917694178276
0.662102623839235	0.931883452756409
0.493139314692125	0.455964143496865
0.528689973329178	0.337787202155348
-0.0049393534818873	0.00230564365384749
0.325277895805181	0.225295147916848
1.68721507145096	1.5990246880841
0.187692602072769	0.109223576766145
1.92199529215553	1.66173281025787
0.351558562109766	0.19658616257705
0.180845714650258	0.0543398759613664
0.110677117993913	0.0839349432327321
0.963214248695465	0.255090594573707
3.64618465324491	1.4458034047001
-0.703604701863641	0.240656194919364
0.180208044035612	0.0877730271711821
0.208187916884448	0.161931902794814
1.02075519509466	0.840348535649972
0.922061902815981	0.501312107166686
1.11073141055571	0.6870550730658
0.175178362518486	0.0763945507496054
-0.000708635088608882	0.000422675541701832
0.693216225774344	0.221541872050593
-0.222177651587396	0.109812316285756
0.174866744414616	0.0599504088128746
-0.198392257320092	0.0638832149326698
0.175155035311403	0.0527334069281177
-0.625815400727552	0.365606733712204
0.70944970946062	0.334740881194715
0.38337991397195	0.194542725113259
0.849408948383461	0.361671672630261
1.26956382054232	1.07751054812929
0.53056230183372	0.338881365630724
0.469827192531849	0.190698541732883
0.633383733403122	0.334644866521731
0.927419410674345	0.504659925072578
0.74067996073309	0.617009773385086
0.471029426995403	0.342780981272913
0.489564294542546	0.335557998365103
1.13277029117095	0.867078447416049
-0.0290054376807323	0.0125993636055955
0.0615061609337288	0.0361120405409306
1.65123613589827	1.16616735462337
-0.175286920977663	0.0929869065596196
-0.0046422876776948	0.00216782850380148
-0.0116135755954311	0.00528739458861383
0.310817057464122	0.23575512680126
-0.543206566838562	0.485320679672104
0.932936758094145	0.81301302112509
0.339221478242624	0.22223182043821
-0.163390801804608	0.0863144802452505
-0.0610331672810285	0.0366682071974174
-1.07294426965479	0.724722687449489
-0.463019117037184	0.387334251164127
-0.299873493258021	0.262483121810689
-0.0903152182150214	0.0632907801713435
0.503331664504192	0.449220653610155
-0.604932167138845	0.532824995585652
-0.180967366497742	0.132894698377349
0.70652571003327	0.619048170441672
-0.255390145674927	0.158090568495882
1.27577819118395	0.889813707468719
-0.767423209460054	0.499308562191889
-0.580859440545543	0.275428188081338
-0.77295813858168	0.656075690863822
-1.90858989647961	1.84657831642628
0.993549439569051	1.08479922197092
0.815024266942294	0.492105171142932
0.963743115659934	0.255236344279286
-0.502824622854512	0.189653352789705
-0.512073152620169	0.193325198768812
-0.703264262088321	0.240508331840629
-0.0742377019042414	0.0291945890329474
0.713080057929733	0.336416201974758
1.96372117107544	0.45473924627511
1.96276901321247	0.454520391574277
0.165088029467664	0.0313824661178469
0.187984352048437	0.0474280610765032
0.718996087124188	0.340013548677714
0.188283179048446	0.116742671801139
0.46306655364777	0.187776589424895
0.698277641594483	0.22311476291791
0.174178182829632	0.0597072241968293
-3.44754089021611	1.22379406077669
-1.0079855208987	0.399077505174083
1.29637673830132	0.719895606607843
-0.324393158207149	0.0929933012825356
-0.197961486462631	0.0637876154388623
0.4234202211193	0.193034609297238
-1.00906318075178	0.399734482931109
-0.040097663842565	0.0172022502253036
0.412687031377042	0.187644901882888
-0.702529153090903	0.24025873050893
0.418583026187904	0.190731695106026
1.98814074582381	1.25432054296536
0.84874813165367	0.361333340145203
1.47525146835293	0.492648627415429
1.47328483950145	0.491684507137658
2.76330811440907	0.780761067286217
0.551298334729919	0.200249958464128
0.962553055030982	0.254827961566665
1.12591788415893	0.860116634911745
0.383597796348507	0.194988915534169
0.316401843371795	0.519016197075386
0.855041461721105	0.364266661354196
-0.0379730900342151	0.01632453643805
-0.0528782328869144	0.0382016397046273
-0.194883646566453	0.219218819622342
0.704916965932394	0.617165970155498
-0.326187838627802	0.331422782740747
0.136041877986154	0.121150962374223
-0.0659075016806927	0.0260106349025111
2.29607801641663	1.78640099191302
0.519860759754345	0.3306099571676
-0.127573501736057	0.145503699627127
-0.538437092764305	0.855989555457515
-0.907704840373688	1.43903738910966
0.19976902160025	0.143714576912517
0.336956795118296	0.220397889382792
0.207980652577508	0.129894409635299
0.00142216136083511	0.00100321550493713
0.419043048125343	0.190969415978327
-0.119628382929123	0.0426124014215239
2.13275419746116	0.963270597877117
-0.387052430101545	0.160510054472235
0.165992626722132	0.0806817141897498
-0.109310111349866	0.085704368429455
-0.422781618443379	0.322119670224264
0.635041623786342	0.597334796198048
0.37638542981052	0.340537725249026
0.297843153803987	0.233748327118924
0.0112497472517445	0.00799984249598291
-0.0436696950240012	0.0314705500966805
0.166180490994207	0.0643259864206776
0.177848189783669	0.0609243649410369
0.183588586081345	0.0985375439783217
-0.0639081139742516	0.0252611434304051
-2.09459320273514	1.5877041300689
0.17126650450407	0.0663041273338479
0.173815363322603	0.084557586082048
0.683520003518989	0.218340470189805
0.499982497641018	0.464039319294315
1.06651132055108	0.408020274883858
0.964404580081594	0.255330782344719
-1.11390573268458	0.335899190520225
1.4745635305468	0.492365493098567
-0.498865839031448	0.188033265127179
0.0251991788396841	0.0127368304708901
0.527340783528257	0.336677557322079
0.806433583483688	0.869543016817186
0.554951509844971	0.201561033049545
-2.6105235180608	1.58802649977923
-0.586094131867088	0.278540640573356
-0.274607101712225	0.124392898693099
-1.00473482077482	0.397604363143975
0.942086983968697	0.51459703962629
-0.955508871026033	0.46892875411228
0.468602008697511	0.190152966892753
-0.324393158207149	0.0929933012825356
0.411649632723481	0.187121886244502
0.17133310499009	0.0662650406914928
-0.712816544653786	0.243988353383883
-2.89470650253128	2.11670991185717
0.172510951303153	0.0840186856122439
0.688637326691298	0.220082192676685
0.686721713829268	0.219371725498129
0.470826153742671	0.191146424486493
0.549225010517651	0.199456707208777
0.383776095009439	0.194716974456251
0.845115487367158	0.359489998713581
0.687001483078787	0.219402881860221
0.626108194828864	0.47587585921028
0.386868266047971	0.196840602988203
0.129235434485848	0.107181673535497
0.0484527231965909	0.0434237261365251
0.115703253572846	0.0853819226992336
0.656305431402249	0.694888103956578
0.739552703781513	0.4903154877534
-0.203988561852444	0.151836684204299
0.150357917905479	0.15353370406832
-0.382053222820334	0.506424224423012
-0.905724864451832	1.13293905035634
-0.400492723713208	0.337009239657538
0.18051541486125	0.104807291163904
0.988755238914853	0.677126663493356
0.087910842940528	0.0755600714999598
0.383531279437888	0.194909665180666
0.976039411819592	0.66564564349502
-0.909079050753554	0.65845600847467
-1.20041963474694	0.892179513675805
-0.307781195951324	0.182267155440832
0.211455970857693	0.189560341739759
0.0840152299286582	0.057007886695447
0.20809844121956	0.167070036020309
1.48741257038354	0.93717466431315
0.105770726543648	0.0751508539860947
0.0513986159724255	0.0301710550059908
-0.0231994100555431	0.0102180719046083
0.170775942312265	0.0745595014531863
-1.46053920799008	0.73428791747872
0.941781341014625	0.82383179666254
-0.581278269312196	0.275684019199003
0.555239766445707	0.201780832151434
-1.06388689702645	0.715144498128656
-1.44528718594995	0.993688413327325
0.0369424458386371	0.026726189083948
0.684701102955821	0.218657021719675
0.472589276523701	0.191952372408541
0.419984878184803	0.191185276917023
-0.153158125686642	0.141760059672962
-0.0279718732914884	0.0121754210218401
0.422379555167034	0.350959154875631
0.569190807102256	0.478369189266346
-1.79693424859175	0.729556600315067
-0.217859141201426	0.107525970541003
0.627076442351466	0.330552291336488
0.565080406655964	0.329216827300277
0.179260908655032	0.0782944266407934
1.05346208699469	0.402359762312703
0.164611188771063	0.0800217831667743
-0.0798798061620908	0.0463484153778098
-0.158743004201669	0.083777823458934
-0.376949688243218	0.210350044311821
-0.55717380892192	0.400639182065947
0.382637823275585	0.194419420293791
-0.45032585850676	0.231982592487294
0.339441125804148	0.206493480992125
-0.0839986552588921	0.0329139659696853
1.09186750437265	0.534241950816178
3.9503958711934	1.749912605214
1.36846007938326	2.09577603300975
0.24164059507673	0.290685733859365
0.240770389840016	0.267512774944481
0.149198838247028	0.134164368179329
0.27335049739354	0.247732424450846
-0.304702268342063	0.180034035927667
-0.174593187623769	0.131841539829678
-0.714489139369155	1.22915531662232
0.362185483140772	0.203067310095561
-0.0957734675854977	0.0557556516493548
-0.438264922263945	0.28770492149384
-0.206874361269258	0.0665381377045802
-0.370128986829542	0.251703336945243
0.443495327288277	0.510877088052468
-0.306018898757385	0.18107411991987
0.633270915174809	0.68631305206058
0.453220931496052	0.347065446466215
0.475949326376058	0.347237207831437
0.418743940644359	0.332048960260532
-0.118545365064224	0.081739875198138
-1.41130325716074	1.69172457848527
0.85715945143295	0.903490258516567
0.802339848344543	1.04301462977024
0.19095908080574	0.118503236342447
0.00969457800474059	0.00656988699213139
0.165880035481028	0.0314978449610492
0.931815547016561	0.507780294909812
-4.20664863751479	1.97490790127896
0.299772236862314	0.252990613793404
-0.609807071341094	0.538540598915389
1.08677814998052	1.26876778211355
0.445381160756919	0.339805507657091
0.538060433511839	0.638857302361775
0.382370039385432	0.435059761995294
0.175868405950955	0.0767624264780476
1.13259187163257	0.867870456665936
0.346043908936171	0.193137885420299
0.933288429762022	1.1662476605168
-0.073812555457383	0.0526097417506382
-0.699838539122368	0.707495982492989
0.331469570120076	0.216493787514754
0.0195647525352636	0.0099846179285598
-0.904700009221573	0.654029252807784
0.0908924429359827	0.0594032212141226
0.475108504257408	0.450946781913869
1.02312818092554	1.22174648089922
-1.61610562035677	2.21146684151917
0.121351731438381	0.0898045947437534
0.401968010911851	0.344059662435847
-0.30054244051161	0.242296984077515
-0.00876781706050643	0.00557056787747844
0.385755527051732	0.339450214858036
0.982194781638284	0.670556882490201
0.181743566138518	0.112344246187452
-0.118918994175402	0.0820531575232766
-0.634422625936831	0.37203452435487
0.938506835022483	1.05321576876632
0.728238140334234	0.480961541524651
0.632692763791964	0.333766596119835
0.0552266729755305	0.0323746186075575
-0.124590863637408	0.0443613006456175
1.96276901321247	0.454520391574277
0.490198010726965	0.335872866952392
-0.0793481174395965	0.0460298026953257
0.386221957766395	0.196225475175775
0.191640332511792	0.125654425243975
-1.42710767466352	1.25746449097546
-1.17029978958617	1.1877987488518
-0.0684379134978631	0.041168948224925
0.190296364373128	0.130797737463276
0.348724818475423	0.213138091745499
-0.217700533921823	0.107279852858221
1.93560525622288	1.68047747575844
0.413661033766514	0.188154335954189
0.592674442094717	0.669256559275793
-0.365440782842862	0.312685998413274
0.661398671122667	0.600124846855148
-0.300563141252267	0.263155923477098
0.363435337363385	0.346680665380458
1.01178986022737	1.48990037355171
0.0984002613363082	0.0696421691851734
-0.843801841339281	0.891456090936579
0.473019015559315	0.192212164079927
0.158094002568351	0.0612504349269051
-1.1245135089551	0.339452387639693
-0.496879333423488	0.187181684059415
-0.158077937457414	0.0834030497007913
-0.765863330869107	0.708697836246091
-0.145221201295311	0.0981650993800183
0.059329972839566	0.0458035262963696
0.914336775886535	0.937847172302098
-0.626224940180346	0.724737074826532
0.25906843681884	0.244516234506934
0.671098009958616	0.478827804187406
-0.579257126386819	0.274575189579463
-0.0426745230491495	0.0263671173463976
0.803562251632138	0.864836060982888
-0.184344470066822	0.139993456481292
0.430049659808738	0.358800677344313
0.767191169373478	0.754065243367429
-0.0461314675892087	0.0285273129503194
1.03018610027459	1.2348691103036
0.581378459178685	0.577883724920095
0.110462291170656	0.0837550214304602
-0.456177433499918	0.380257680725933
-0.198675615651939	0.147399561677254
-0.781003196866379	0.594100188296734
0.0860059845128811	0.0561288023399417
-0.0958580593395148	0.0673314265736258
0.371328805315438	0.345734427611996
0.387121074767437	0.196741209183481
0.728315729168061	0.345273040260105
0.201200824008985	0.138912522509429
0.052853710459138	0.0406828129101258
-0.0397712714623059	0.0245898161110887
-0.205795737953928	0.186745395586016
0.723996017855222	0.731157589984746
0.42330849711814	0.336499173163461
0.691724296120838	0.601380691437175
0.193419549984031	0.126887106352983
-0.459789094063699	0.237563524064593
-0.501139737773695	0.18896582897013
1.4790213911736	0.92875927381817
0.549225010517651	0.199456707208777
0.194209965163088	0.120675316567012
0.466787155976084	0.338857256722996
-1.11951983581622	0.337809535545767
1.96372117107544	0.45473924627511
0.180845714650258	0.0543398759613664
-0.365376793227214	0.150864261510649
-1.00236193740671	0.396463059052617
0.941012127783063	0.823759277619731
0.176172750572164	0.0603387234066506
1.11600413714397	0.847886125740953
-0.139537043856239	0.0941267524951996
0.456981877401388	0.443831722047003
0.404574889184845	0.333003860154493
-0.431171575174119	0.282277350609506
1.84451762847753	0.728350716630867
0.495809256881907	0.614645545730142
0.198965270382115	0.137246209317011
0.339025544581079	0.344363910302676
0.683844433095082	0.868213207837507
-0.0175517513087377	0.0131966726546697
-0.512538967185839	0.561996545067844
1.23062817274621	1.59798347227375
-0.271122643827239	0.239439642815836
0.461432777047459	0.449328133541515
0.0985143496456685	0.0672384422078985
0.34856610112732	0.212795771207119
0.474974151274239	0.346383067854869
-1.12086886051128	0.33811902750598
0.179243276186944	0.0872748448659392
0.634122602255373	0.483650535624371
-0.0297481077385257	0.0187772274093487
-0.371138866396403	0.28837689125907
0.0658940671234867	0.0408486232557027
0.191161767841116	0.1113571673035
-0.232824691346089	0.170072171064932
0.187784341978099	0.12889640805023
0.363821317498048	0.347231595291507
1.2513004857059	1.05419391169925
0.32433032156925	0.224370974558392
-0.268972801528313	0.237218149010972
-0.369066179122506	0.250701783632069
0.202312830934948	0.175789591278056
-0.59211154427382	0.477922546929466
-0.562325477776544	0.539839839646253
-0.321474333443316	0.252897188214159
0.301854566672364	0.237400112643978
-0.145149804241243	0.124103840101078
0.396774895285498	0.426142546958957
0.117350315577641	0.0942723037119613
-0.186169310713553	0.156602413700928
0.300959012791409	0.227096993488838
0.476534703063383	0.452740464416927
-0.769216654500255	0.870113733285933
0.703489885218628	0.808665821167013
-0.75736176925176	0.697539012915504
1.23878844765836	1.35566227021655
0.403918712618319	0.425091440441061
-0.123370632988236	0.0975739647328359
0.0765097686251997	0.0677749162906697
0.67910301325648	0.48690953412145
0.492924418380109	0.337737601187194
0.970352802336395	1.18449481013592
0.17435324685781	0.0932695371955647
-0.613158918177153	0.148231887572971
0.845105806899757	0.359316278453548
0.566969030594577	0.33010635611892
-0.708961798888886	0.242591076534355
0.551298334729919	0.200249958464128
0.319651034399315	0.220666853402845
-0.183427800053753	0.097474694463787
-0.123435296184223	0.0439193903519356
-1.11951983581622	0.337809535545767
-1.12328075924743	0.339047939506251
-2.04685059732929	0.931215390081504
-0.286349105034096	0.130166812540356
-0.706728811590437	0.241764690191015
-1.25188772636848	0.561803268010386
-0.2834541412807	0.128519712527707
-0.471306533256953	0.244557455980057
-0.0889955676622563	0.062322856515674
0.531159871967345	0.460093303546987
0.687788634320248	0.712132516937403
0.0239680766373541	0.0121484632764322
0.685408266394991	0.708644308226641
0.513507418247406	0.542779094982183
1.24957464927366	1.63699888095849
1.19044132527992	1.80582059544825
0.981446911751276	1.27988702923793
0.20847376943805	0.195077251023383
0.11095976496499	0.08415551183619
0.282462284196433	0.250653056307594
0.00355701186472612	0.00222667823023593
-0.0386205561969945	0.0282988606321896
0.0600521746888937	0.0463789390110479
0.109538131302002	0.0853103458144623
0.685476438993997	0.708975452846772
0.270918589733093	0.275846710296401
0.0670346192425996	0.0415733946582651
0.20121022283755	0.13897829499844
-0.198757003958094	0.063979613393949
0.736624008828221	0.488564574150786
0.181159179759352	0.0458876218072277
-0.283437383972797	0.12854159422827
-1.08049840356663	0.730604402230071
-0.156484025298635	0.106367003168781
0.848023205050856	0.889694765699351
0.0563601970821908	0.0349256780272603
0.19493835864175	0.127982502082725
0.978483801794014	0.66700148182914
0.731605790559508	0.483228819924809
0.0787673221116669	0.0512882753565286
-0.846017891856297	0.955497402177388
-1.22543408008064	1.12803988667957
-1.9576785437666	1.34946917746708
0.557342567548441	0.465035019495796
0.655112409770892	0.592527048241107
0.205490196463114	0.148335081655181
-0.51481890250185	0.422364053653209
0.510177063310403	0.456893166781903
0.103400355795513	0.0733810773982571
0.039650258679215	0.0218081716624996
-0.157524991112244	0.121119348617339
0.742404063652798	0.840752943213331
0.200030478570558	0.131622401388952
0.453370087023614	0.34743091623707
-0.49064016151062	0.443726986188206
0.0153030179121972	0.0102844724106865
0.382815495830769	0.358898374417722
1.99762984808613	2.36530543072599
0.189894599944395	0.117832491505155
-1.70194626352545	1.41078769017395
-0.356826015760154	0.303473706977574
0.300072971176257	0.244824418947366
-0.0930057458655861	0.0752724809991559
0.376824102311463	0.341210003994029
0.664986004525633	0.604540045850396
0.590641800956147	0.473431629508975
-0.205026132114747	0.131210032550192
0.474416756952015	0.192706870598628
-1.25254603603633	0.562193102367071
-0.699405444382189	0.239043645886915
-0.513744679104078	0.194032522254057
0.17180436715338	0.0517394542845904
0.37929219041989	0.192413916943886
-0.378153997810122	0.211165479472245
-0.119396505036939	0.0425742797620838
-1.49753171438992	0.532305096548695
1.47155078449581	0.491168545293048
-1.00627999093365	0.39799500621885
1.4795165223175	0.49403710049889
1.05841887097501	0.404561121395212
1.08850211338313	0.531958239000341
0.930846545108692	0.507002307720443
0.397043384575387	0.202458685331719
1.49471477899078	1.50442946524335
0.467697644079432	0.340079430397718
0.0539764731732883	0.0316864539010211
-0.764191769062518	0.411948145040156
0.560363985805891	0.638997995223438
1.2928906328858	2.23120812442818
0.202984179785109	0.185061867830962
0.0933797520357011	0.0636221107935429
0.289548510337247	0.258060806459243
-0.217683068051418	0.177495501770861
0.125016613991609	0.098286038733062
0.299652565547428	0.225816213500927
-0.317312168754395	0.320523114065001
0.299452646057524	0.244099910516508
0.434562111112139	0.442294115786369
0.342074368552437	0.339646541626349
0.0796287647078185	0.068049189033995
0.345496495406978	0.343748128273505
-0.574343537803651	0.63537090928112
-0.143321729153628	0.112049734909116
0.216438448707277	0.199251401471537
1.02211512290268	1.22052470198281
-0.367050711309875	0.151523719399728
0.173521500598921	0.0595020056954588
0.718996087124188	0.340013548677714
-2.57067328278635	0.665094197548339
-0.953955525691479	0.467953360562584
0.386354592378142	0.196451368919617
0.632262421317823	0.482564103040004
0.0916204131666542	0.0646784993510474
0.305134598297342	0.249592587853264
1.33130282300951	1.70563537412629
-0.667776266243321	0.52312950811989
0.585059704136883	0.582777979322952
-0.416092151662737	0.353415539993046
0.560339154186279	0.570768431523839
-0.129979551481791	0.0462019065222805
-0.0834953848445095	0.0484670332692166
0.208102193575878	0.161841352737257
-0.167699663798961	0.110360236477852
-0.370592163755585	0.287696145164929
0.319254702635983	0.220484756857152
-0.248683756810231	0.153580533881726
0.630138101795626	0.480051376800362
0.772222501496494	0.854465527737611
-0.589522723737816	0.637322311473811
0.0620366842915849	0.0502993735010173
-0.588659616712631	0.474396762679327
-0.618401268154691	0.548344595134173
0.114856006520908	0.0819654517734819
-0.176445769121467	0.133378748852874
0.66673701018026	0.709938208668837
-0.512722029262435	0.420358679530635
1.14252539135428	1.03242508752451
-0.260278161906255	0.185355701642138
-0.159129359584741	0.148012134592316
0.20276762160147	0.151777107942682
0.0280114143213982	0.0195731337975832
0.390561130712668	0.344742246270901
0.657573256240659	0.696811682234564
0.0504718150481344	0.0296321131175472
0.195598477075767	0.151043053580127
0.173841338161581	0.0596051278079202
1.10683257208943	0.683282059244977
0.838480859620841	0.356210298702787
-1.14471334953151	0.634973369972127
-1.26414637790551	0.568761921398651
0.941567421367603	0.823569419085142
0.553539003246056	0.201009804352982
0.179188988287478	0.0959105107383068
2.76109157462938	0.779871501961836
0.549516086641495	0.199542874934359
-3.07928878926676	0.951136693928373
-0.291719726595106	0.132697598638754
-0.491605604480731	0.184969180273286
-0.122780335434974	0.0437279611514517
1.6031950158676	0.807194595300597
-0.0757320659981238	0.0297567250732437
-0.0643208596630264	0.0386579901362291
0.069530334299809	0.0431185664306308
1.10414287777861	0.681882634792945
0.950259625893513	1.26822751392398
-0.203371801146226	0.184182899178543
-0.846417651029117	0.956002602149718
0.144824470097148	0.121260504657978
-0.142860058235151	0.131210048660164
-0.409337167213229	0.462649021554564
0.685735340227167	0.708961071549618
-0.018819764092239	0.0141491097723996
-0.484779612615868	0.36042173273894
0.72619199526153	0.815066181926085
-0.776894915570903	0.975900844081422
-0.0437606911432552	0.0315352518514019
0.202422934891953	0.171469577265369
0.210531731657875	0.1692397769236
-0.135076711250413	0.105131285961752
-0.41199074376111	0.381762821650802
-0.595938333517324	0.615508459340835
0.582088790614167	0.653455845807046
0.449914801254407	0.344185098857047
0.185076110728506	0.0555416222332281
0.571236565187199	0.33320789125573
0.966736740010186	0.256029100393941
-1.47190351194253	0.742148154121523
0.565812238958814	0.329614075646146
-0.0213088419657031	0.0158339452415998
0.189187617593726	0.110105232819877
0.217343651848081	0.180663262750755
-0.25976142932921	0.161162860454358
0.0907396580216638	0.0617585581253062
-0.140624472107484	0.0948914765104761
0.535797117716682	0.465539900207546
-0.109573405579119	0.0859266863509432
-0.081614709895424	0.0473821828109754
0.0152734070891289	0.00784851037686309
-0.209487677085634	0.13437838709763
0.196624057770183	0.129074818176213
-0.113399386617547	0.0891629285102975
-0.161772449530599	0.106104334784285
0.517749200378323	0.465865217972415
-0.537181206494934	0.478224954699181
0.197288915246179	0.157278090875448
0.0604383653452838	0.0354387762334438
0.200902742619438	0.165341877989973
-0.261404232843506	0.212729930511995
-0.129604020329156	0.100532700178132
-0.36231908200221	0.30910524474762
0.20623145194981	0.154747271707926
1.34237081573562	1.5764049883634
0.393497787605381	0.347914705241133
0.0958942067736488	0.0653973079481848
-0.277096110709126	0.125560069709318
-0.0626817398134995	0.0444874830910089
0.12385533353517	0.0946237139565735
0.0454597814435671	0.0339475727586207
0.105938619930426	0.075234114812793
0.148043597296947	0.121207640112943
0.0177474622351614	0.0141613291903587
0.0486538142251838	0.0373730230034491
0.730916266255862	0.482576284639075
0.183610895194862	0.0464322674344966
0.843777178831012	0.35876995680636
0.0762486748098733	0.0473504259605266
-0.295137198906071	0.257434519655205
1.3495769767586	0.597194616535652
0.390506106372786	0.198742751487526
0.419043048125343	0.190969415978327
0.468990411497241	0.190269968199871
0.17684763832526	0.0684190334791449
0.180208044035612	0.0877730271711821
-0.926229672089653	0.559932978906869
-3.74551962293396	1.47870416259712
0.164778629348208	0.0313374327003096
0.688637326691298	0.220082192676685
-0.217859141201426	0.107525970541003
1.12360377212459	0.856059829539868
0.411649632723481	0.187121886244502
-2.04716996398721	0.931539307482038
0.814051302161265	0.491318990480672
0.681200869894039	0.863169205746256
0.281118786433905	0.249153628134442
0.291646769080741	0.260227025817369
-0.467556669679147	0.455735823749765
-0.138925998518065	0.108358947651084
-0.253051510331886	0.226446840643202
0.396691872998427	0.363315635251949
0.347313539264242	0.336967554224272
-0.911977290589937	1.08226247819147
-0.109714526808099	0.0753931300951576
0.386968113906562	0.340817036834127
0.210183634742506	0.183666695684627
0.0950237789986089	0.064744977914871
1.42095269197642	2.26100887994598
-0.410013637767555	0.379497936885847
0.381514753120715	0.4245501628147
-0.578790192455261	0.592101853804318
0.471954474981149	0.44710757379541
0.617383592135418	0.662668864164916
0.177914540898507	0.0953129663277603
1.39095462351667	1.29317689209653
0.456864294986498	0.330360980942669
-1.7934287506278	0.390727439150181
-0.287571955733784	0.130642489782235
0.845105806899757	0.359316278453548
-0.0608414887631248	0.0365603815179118
-0.0130776948322317	0.00833900698132019
-0.438430548525247	0.399265406124733
-0.967248995415503	0.945132436300667
-0.685353709973455	0.595146844297735
0.187394305883829	0.116111424537313
-0.028785732457531	0.0210844690959903
0.678311882576379	0.794771058733996
-0.122215445713398	0.0435046320299458
0.173226391620975	0.0670693928756387
-0.761828524046859	0.757940170942946
-0.16844421616341	0.110842183972937
-0.363879987292195	0.311143964083152
0.19268379360651	0.119574860886302
-0.0254405815097947	0.016065073756837
0.311608151983474	0.225795133009405
-0.717871547108899	0.777140108123438
0.264983797792445	0.245047796801774
0.508201958079891	0.535460626296744
0.435266105040843	0.348160261111802
0.31442881024647	0.228019401204341
-0.836344672267553	0.995113446866005
0.269509982172426	0.237048449872102
0.484123682063683	0.444896082224196
-0.630216327893572	0.602271789229439
0.324800660634158	0.224890140988273
0.548599297274554	0.638772751029092
0.402020049522237	0.343956491311054
-1.18691827634366	1.60403317330064
0.0415782413223611	0.0310199904791555
0.321853606341754	0.245534517461339
0.808418937342754	0.486587032595251
0.171985774335464	0.075067693019864
0.355328584891362	0.217539905734586
-0.258148149964975	0.160073058697623
0.0649339261902008	0.0515472578097529
-0.444393233271832	0.491181685647996
1.47209004689925	0.491178510113126
0.842756897055983	0.358214727221788
0.853366694188432	0.363544292018452
-0.040097663842565	0.0172022502253036
-0.384820508141256	0.215309577226596
0.470826153742671	0.191146424486493
-1.7934287506278	0.390727439150181
-2.57522664974505	0.666917731403372
-0.202976861420011	0.0653350306430413
1.35636045207216	0.600949327384119
-0.757900168661223	0.407184230399488
-0.360287728721605	0.148615436995087
-1.49705816852235	0.532032217355669
0.532754697982817	0.340637633109615
-0.0583495764224456	0.0350542246393166
0.68278086909504	0.218093717626154
0.53374779543191	0.553668394653756
-0.171760624430504	0.113233182746713
-0.0756237910626016	0.0539567341954292
0.289074878361589	0.225615263154351
-0.368797355390957	0.316247310913596
-0.611937419388274	0.540792374793401
0.333494455291818	0.345347317694422
-0.780012532433653	0.663782791696061
-0.0000405504135660287	0.000333214181523602
0.195081799271557	0.140121952919825
-0.0211537482671426	0.0155475753263041
-0.248328344777564	0.221591884672874
0.472159327240874	0.447365729593052
0.00561382654515677	0.00353691553029968
1.44908137740117	2.1868581139761
0.104199069996217	0.0787079931890521
0.0536989823768489	0.0413298334115884
0.174204355272961	0.0597247391277113
-0.497168322643533	0.187278575885264
1.96684138854469	0.455504908505281
0.428344007470137	0.19553090215051
0.819520831091953	0.495039908053714
-0.0372695458671536	0.0230504426166965
0.295304754167923	0.231409836065296
-1.52881421884968	1.45493938223022
0.624158361629834	0.474505137517242
-0.124395273614556	0.0694673429039155
0.327048665873431	0.213192280932486
1.08158057732679	1.25840636015804
-0.840766593617436	1.0566019616549
0.7038624466002	0.33172894426238
-0.498493518746738	0.187923773703768
-0.213011381905105	0.136845563390448
-0.264191684945214	0.164227852886713
0.102241805819214	0.0725068734828972
0.316378784086468	0.218102569138268
-0.375384095914091	0.255817607565126
-0.208692320773056	0.133815929679438
0.722767693126872	0.839411814412943
0.707071630506332	0.619562454599739
-0.187981498595092	0.158301036707369
-0.438623514533181	0.288022335333432
-0.374954297474149	0.208922542802024
1.13841970686938	0.874169646377705
-0.69228224055041	0.651840253108061
0.572511251164025	0.334215822287706
0.122533642449747	0.0961984282267304
1.012031434002	0.830463709744359
0.0197409995098783	0.0100560085049773
-0.114664950830727	0.0789376302411819
-0.228630417315481	0.187726797204755
-0.141520483091502	0.110541822558794
0.0197854123750014	0.0100558309006188
-0.287295081063138	0.130632166795621
0.962025660417238	0.254682745005495
-0.0728619231799769	0.0286390622815502
1.33616671003097	1.56494864020502
-1.41624535862875	1.70032336620691
0.533899480834619	0.463240018600389
1.80251721638361	1.01714329229409
1.3524197012094	0.598640284839141
-0.372326339235676	0.153761645573141
-0.00127345492591147	0.000674174562399842
0.539245057444731	0.195523725648339
-3.99207475411529	1.72599723147682
-1.79785205353169	0.391773074809323
-1.46926495359775	0.740466286977461
-0.197681301235905	0.0636672013988199
-1.15109563570381	0.640258162068592
-0.929326512707965	0.563142506430761
0.418490707651304	0.190446434947592
0.425726501128815	0.338881766561606
0.844796816473284	0.359284495888571
0.212085158813703	0.165290101051784
0.54635918708056	0.651866204108775
-0.245930901369202	0.198169149720744
-0.278517810894241	0.247136687043012
0.0448491308962418	0.0334898682447102
0.435408647449608	0.430388528780518
0.311367694373753	0.246195265328507
0.598954287132704	0.577143332108313
-0.20697788821972	0.13255726170212
1.15953793986424	1.53552784435883
-0.536362161779701	0.553803355768552
0.371117773574827	0.345440477288279
0.384169572811909	0.337618438254402
0.514175384040336	0.461782968720631
0.383994039171634	0.349127476860731
1.16882593462655	1.44758428549647
0.188766728207993	0.135144185104199
0.19477677352116	0.127793934391056
0.175785331182078	0.0680143958043529
-0.221624186906747	0.109526874564297
-1.7934287506278	0.390727439150181
0.920484182931332	0.499099583518953
1.25169995707552	1.22730428913727
-0.76542391666661	0.412411610465276
-0.375712300691118	0.209302885598542
1.45932290452127	1.6578585540088
0.174536264935212	0.084842282245117
-0.484392546023499	0.359944795150018
0.593447482861038	0.476209506154053
0.613347358093166	0.755451772560721
-0.106143889875423	0.0848944595533571
0.175658331461966	0.0680052602443423
0.503708997180406	0.347120468260865
0.467685266769885	0.340033374448256
-0.0610230848193104	0.0432810709920905
-0.774468671421752	0.719676201916198
0.0359186415644922	0.0198013772916289
-0.370781343536053	0.252155905940218
0.192143495670115	0.119337663785697
0.46547053522274	0.337640157074459
-0.322544344738333	0.226447506045614
0.375701965766844	0.339922066094427
0.730478486869655	0.82170726782977
-0.0550459456415454	0.0330674962055619
0.66179116080257	0.702535918660445
-0.890692059780256	0.735788118856486
0.907702937869087	0.927938523983999
-0.170356445330431	0.112242143405739
1.12857997307479	0.863387841889306
0.513566681957713	0.461090144042546
-0.289526110454074	0.231959396712617
0.546875546721816	0.617825324892376
-0.246250797050889	0.18110995838669
0.0821500617194625	0.0535364252651252
0.404218706129624	0.346235358932806
0.313775744115424	0.227704013499126
0.191639066581999	0.118966596057823
0.294856715708372	0.263669642930323
0.180484451327502	0.0542489043189748
0.170573844364017	0.0830315415361353
0.853727719894795	0.3637264312541
-0.646981454788212	0.445728688375681
-0.3125026427684	0.185369209425096
-0.16560290032515	0.124415440634964
0.367524181682969	0.341386180110736
0.653848640478822	0.456255034342907
0.281029640152252	0.241860253490103
1.35570706486664	0.600317965337133
0.717457864617758	0.339107473871754
1.46585570298693	0.489030037475911
0.176825054435177	0.0449204608148946
0.172864397881798	0.0592822657182494
-1.50142880975048	0.534054734577795
0.708326640473527	0.334007927769194
1.11121331330028	0.687537619360445
0.845460532244873	0.359623499672993
-0.95565481212264	0.469581353866591
0.0207169984715296	0.0105394431083723
-0.0000630463177629706	0.000136523753804024
0.687904703717867	0.219759625438134
2.3757874279804	1.20356238361039
0.0592172549514921	0.0457031610525318
-0.511460228184975	0.536695534386752
0.210355068236467	0.188354037151971
0.761081098368884	1.02625082487322
0.497283388709142	0.551363689676975
-0.888904921643922	1.10325262456864
-0.855269563314603	0.909626302148229
-0.256781918834932	0.258746504921532
-0.767791258727981	0.766539534587126
0.663980923070622	0.603155394000028
0.0045937404732704	0.00338054641172144
-0.641616788135581	0.655050568653054
0.512748628388599	0.459762129659292
1.88770310147691	2.08196286055128
0.815240560226625	0.491470741167073
1.46585570298693	0.489030037475911
0.973246973374491	0.962317824308538
-0.907002130489521	0.655186635640756
-0.145506490551511	0.111036302005913
0.350482004798251	0.214094905213777
0.290465421448332	0.251546944104354
1.03728627257374	0.980499469495122
0.175445448170395	0.108175548536933
0.715549378967003	0.629274415771676
0.422740701019768	0.351247990591535
-0.40610477664347	0.342917414472029
-0.550527512146473	0.394911201981909
-0.0405457936026946	0.0173882594679995
-0.516264917555356	0.321839582908831
0.184545926050672	0.131813775205077
-1.0398748716027	1.07377202356956
-0.171393316423788	0.129162407955779
-1.01286224173359	1.12244031684212
1.25317713667534	1.51792528925778
0.00769443757673434	0.00485555239076777
0.0805156361026246	0.052442935734083
1.09293949987104	1.27931843099146
0.0837537253889216	0.0546249059825597
-0.544823669236663	0.487146326639862
0.556065801167546	0.464306456263261
0.414117917983369	0.356769385381565
0.209497282676146	0.168350691289721
0.197867483383631	0.130054437192166
0.38337991397195	0.194542725113259
0.277999946657251	0.238778200767702
0.204195048050605	0.158486282824816
0.204685863872481	0.173641160091592
-0.0166919706595975	0.0125539553650614
0.193106522983477	0.138549061072354
1.48392465796541	0.933943462431263
1.06486169296399	0.40740811103867
1.35671193477925	0.601326969297766
-0.247021917959176	0.152470251391877
1.47277528463141	0.49146011988965
-1.80255467315262	0.73276942485064
0.0415257861545355	0.0244508771916333
0.0940320755576453	0.0640889544556043
0.301854026241325	0.22774680567495
0.111183801973784	0.0818200958631033
-0.0702015165147912	0.0422510181197121
0.0926981815473596	0.0630840173327897
0.203417596367032	0.11890225938857
0.181837521716867	0.0460537144756759
0.179731047800424	0.0540108619593111
-0.123220651484122	0.0438507532384957
0.37810711030828	0.191936066608391
0.528235051221064	0.337120145122395
-0.0890828180428793	0.0517494909551538
-0.702529153090903	0.24025873050893
-0.331884233338781	0.0950660268702792
1.28049185596889	0.894852664568229
1.06375255943934	0.407031400293661
1.29596944158472	0.719833885534944
0.498328904136915	0.537104381233096
-0.218367791446064	0.195468670288097
-0.534001480528573	0.617864680008809
-0.336192632103261	0.314917578365525
-0.0123822385213611	0.00933287438550489
0.858271719455036	1.16865395065649
-0.495471242103462	0.514661627876289
0.0231402029631522	0.0189339547625317
-0.770165463709972	0.714422668223419
-0.325657076219571	0.302868821993388
-0.304888970594456	0.267715080343581
0.393274953650164	0.334933742359548
0.29425297011039	0.255348318414006
0.610175335369521	0.674566715937241
1.47402323433779	0.492035659807906
0.178868357214939	0.0612550226138081
1.09783573379242	0.537921256515803
0.316704380944729	0.230161647389019
1.46123585263541	1.66166864144965
-1.57062437151841	2.33191148325731
0.00609092292365433	0.00260415635793576
-0.469619042557317	0.346445625284277
-0.0971484184237407	0.0565821381481863
-0.0285438527612049	0.0180167580765894
-0.0877628295111376	0.0614158583994747
-0.484392546023499	0.359944795150018
0.0759151991128862	0.0471348314577838
1.58491709535448	2.19775640664864
0.191147472013305	0.125271986442802
-0.423287780617965	0.322562498209556
0.608896957543023	0.590390664731482
0.0889230190727426	0.0580950347952306
0.0402796660543442	0.0221499194081501
0.988594430323786	0.984166576824198
-0.108962091821554	0.0748270708520274
-0.434539662649108	0.394646136060577
-0.777130844609026	0.882881250385553
0.709551129624147	0.818378532656786
-0.0235031667104697	0.0148467026687876
0.968268429886716	1.18060783924249
0.290447539104416	0.235613867448915
0.297936428105333	0.266929656692408
0.462137328003752	0.334982168491886
0.485515861272013	0.3322268181145
-0.289086296167017	0.231599498204707
0.672565589143578	0.785283501966856
0.0331788893782434	0.0231935705997492
0.625594413988585	0.329432683085039
0.177270480424267	0.0685970337630016
0.715356862466954	0.338235285103659
-0.952198655731885	0.467109548671339
-0.00122504369468969	0.000644446093508604
-1.01512022712058	1.12569151669424
0.802846056709779	0.759418484099409
0.195240117823339	0.150709623025197
-0.880990542050479	0.725057711021617
1.3788880862014	1.27435836899344
0.337579109960045	0.220854945617994
0.180208044035612	0.0877730271711821
-0.425680813280692	0.324615048354222
0.182515705814395	0.0461929473161663
0.182384642090162	0.0461735738884295
-0.202976861420011	0.0653350306430413
-0.215333217619758	0.106061967849226
1.48741257038354	0.93717466431315
0.437704924217537	0.458390980784986
0.72010464852571	1.03960582111201
0.812116377481246	0.77156211179686
0.000503221217854955	0.000298035287196125
0.651805720862762	0.68831446421121
0.123392721309249	0.0942246893474944
-0.139173728416422	0.0938708209199539
-0.0623785504195494	0.0442729966150628
-0.201706431153167	0.149960015286966
-0.172538298707353	0.130140617315097
-0.856921821963754	1.25614203901602
0.348666596556372	0.338774388104472
0.309059624087533	0.244030316008547
-0.0458617957759019	0.0336961682999157
0.402652916082697	0.44468015634346
0.417062916255739	0.189649784747185
-2.26071768275616	1.13895890649434
0.404338934083857	0.34652409229008
-0.0244228394906764	0.0151993125821662
0.294273768006691	0.247499076487659
-0.0372730029868026	0.01602401152227
-0.0967750430992432	0.0563175171227439
0.189897079200857	0.130439895824642
-0.0954784731810049	0.0670570953812841
-0.0301831025754877	0.0224331532975654
-1.80787666855944	1.62633948811794
-0.0917265045053055	0.0533058963602542
1.14553859777824	1.03664860055467
0.379076466365705	0.192509187313611
-0.492040261404876	0.367165222204538
0.869046934916992	0.795635803635712
-1.52954491707686	1.45525222665161
0.844719509422742	0.990047077694407
0.59140401408267	0.59112461045019
0.654034012119071	0.691544392297879
0.804443831724803	1.04673192096976
0.514827240505664	0.462536421529145
0.0214566252979267	0.0150087187825474
-0.429150985765271	0.328034650541324
0.487119859473725	0.465426125509458
-0.289086296167017	0.231599498204707
0.866110947403065	0.791453451562543
0.978852559610047	0.970600098703213
0.0213214301032586	0.0108389878502549
0.20153133159982	0.161103473464445
0.484809394347888	0.445994884952102
1.29530913404538	0.720178516068358
3.27272750868887	1.11966450015405
0.544930490938392	0.197736218289966
-0.00550138069125434	0.00255673793773898
0.472023818317729	0.191717157130672
-0.502534727372921	0.189406224071046
-0.489161578523254	0.364599049314151
-0.623831387361472	0.593802197076648
0.181292548929421	0.105121575933307
-0.403855980458061	0.340543797783508
-1.22841655543814	1.1324041149967
0.336778504652213	0.234369698022329
0.188121333517144	0.123104639069653
0.630813018157848	0.480566355857402
1.10683823261153	0.683216844174102
-0.00487909883369718	0.00227300841583766
-0.0569032172380258	0.0341857444218594
0.188423430359089	0.101170032465355
1.08727422065021	0.530972419786571
-0.329964215322259	0.0945505800706473
-0.380926159480231	0.15780746477946
0.342737747341784	0.322402968169429
0.292967254704931	0.261708662330676
-0.641512524444941	0.691109303724981
0.0371631702664854	0.026007875620984
0.377419718271984	0.341549983934289
0.776988111917215	0.946871105493881
-0.583130531706867	0.468413309343488
-0.0535001653187423	0.0386716442079334
-1.09193673538815	1.47890073592519
-0.698509181576764	0.65996841349268
0.406653711530616	0.348883497834444
0.000417949721515449	0.000244155042564765
0.474466788426943	0.45008647618354
0.57294505679917	0.335077050913598
0.0858944946835749	0.0560512282856346
0.317710462470897	0.219099098926141
-0.069085856363235	0.0415643930847527
1.2602504531153	1.06529099731336
-0.383575607814423	0.299887589440028
-0.172713900602822	0.0915095470186601
0.46579222850561	0.45477797996574
-0.190052787104395	0.174099509257654
-0.654207141455128	0.452101675740984
0.331436744458789	0.21640284658795
0.0201577738598354	0.0102563160103541
0.416013801344994	0.344511974479193
0.811847316743897	0.771716162151241
0.7486552541044	0.498868005080468
1.51895743794728	2.39954464906892
0.722881403784105	0.729394486463734
-0.0285085094794743	0.0176871668873996
-0.687466457846876	0.645552594862742
-0.0131043333721022	0.00986918917101759
0.472662115117259	0.447893435047996
0.416069825469941	0.34467504013716
-0.989703794774855	0.881194477667665
-0.0020885327360305	0.00133822252115401
0.297880441218451	0.266866451006371
0.84928359421393	0.89159557591358
-0.0152060169766147	0.00689899132818301
-1.81549699023978	1.63761102073285
0.495057744611139	0.458022668674284
-0.0162219670147538	0.010293376649323
1.11898303854102	0.694192059113906
0.180107983152346	0.0541465694868784
0.683520003518989	0.218340470189805
0.377822784269218	0.191488826577795
-0.768376033928735	0.414168972500845
0.740658274974767	0.491561240118514
-0.896118983610805	0.645375551652875
0.507935622356226	0.454554909302737
-0.177685333911308	0.134445873584756
-0.926388733394767	0.56103074604992
-0.52340898033832	0.326945084526035
0.32381594784762	0.235938269178733
0.693957988665867	0.721057097286113
1.05115497293563	0.999298006720601
0.972026783845071	0.25740024127234
-0.382396017722995	0.213692321604152
1.65475749939276	1.17132660994308
0.727284987231333	0.735752751509745
-0.757424258505799	0.406838888417539
-0.957201422835055	0.470589070838634
-1.1182849071041	0.337405124817419
1.29596944158472	0.719833885534944
0.417671885772044	0.443823614749956
0.205286586693688	0.164512265384023
0.382293526612705	0.347258748229674
0.765957420579119	1.03529072599836
0.354393093824798	0.336069877466107
0.423282442779517	0.439748669249959
0.041111096790507	0.022569084419217
0.670042212617586	0.610760139485076
-0.651373054715468	0.863766464258911
0.0624013586378308	0.0506045128242762
0.771279166559144	0.853038929551485
0.435097362128426	0.455267644822854
0.00262192336018104	0.00105609597890559
-0.783659788009048	0.668093178224826
-0.705087810535202	0.667616340577616
0.66382551505295	0.602879815633598
-0.208373559244987	0.133579068207427
0.345807868817578	0.21102422619379
0.0547994241212697	0.0321523655405789
-0.16969352565114	0.111764093150948
-0.141203830780796	0.107509803148857
-1.63273390026096	1.6658129261517
0.914709855665922	0.496049583062223
0.329941983315684	0.228969820249401
-0.211890149378987	0.136007484340541
0.0786490942871472	0.0511912110172937
-0.489864525620026	0.443024028785374
-0.621726105576684	0.591390504181796
1.069683251528	1.13578155927602
0.080347683787652	0.0523466035302391
1.32792373212765	1.83699828774567
0.196989543204646	0.166243077953346
-0.436903021607188	0.431145681940616
0.462914771464757	0.451186171062634
-0.844661770359246	0.893505684400241
0.723236766774575	0.730020849962026
-1.85790152985703	2.60521329187641
0.517440187036183	0.465498720785336
-0.550819989608739	0.395174291002876
-0.630549863512625	0.368703010366747
0.19299187440078	0.157938690193638
0.543141434488047	0.629528890018316
-0.0912113669324381	0.0639264647896053
0.457958081645055	0.4589703111799
0.039964462065063	0.0343587152654589
0.209475935408081	0.151516195999783
-0.0964415613875511	0.0677764183174537
0.565302205262197	0.205492864170923
0.160144755571284	0.0306956063740573
0.165880035481028	0.0314978449610492
-0.370346829638476	0.152977788998958
-0.218126319971477	0.107481462583819
-1.00977041428962	0.400033925972951
1.29288648582541	0.718129584807986
0.193206305119187	0.13296028450985
0.0930062897495705	0.0608214286854012
0.308881521031441	0.234089856559363
0.815500566938816	0.776067970119333
0.166741085808389	0.0645460091824029
0.284193740834518	0.237521419845285
1.42589295139276	1.11291207262337
1.02181580968837	0.842728901885875
0.545282959725496	0.197930364047729
0.971764632976337	0.960995712194758
-1.81324199323074	1.63258878390634
0.206281733158952	0.149012154978357
-0.555288544494855	0.399400608360406
-0.955508871026033	0.46892875411228
1.47086646676889	0.49088731436037
0.366442935938186	0.205880288552237
0.179845637419764	0.0616123591521601
0.880204339356517	0.652126003346914
0.281198238870857	0.249326529757936
0.271363639218184	0.245656375349632
0.202635380952389	0.188949559913989
-0.10729997835066	0.073647685510314
0.280801548725553	0.255769439184189
0.0188428912187098	0.0132025566485431
1.10681905592447	1.49803609157185
-0.364796146653185	0.362920337371737
0.20501542117326	0.169222720223084
0.375827731267859	0.340101717790883
0.181482422076765	0.112105958382859
0.755338989732297	0.737974961843081
-1.61433879393728	2.2089553227989
0.182759367652619	0.119297741942281
0.325059276245279	0.211701930949712
-0.776216099432382	0.722049757956306
-0.851187212596945	0.839490609957822
0.585378109697671	0.658496757472193
0.17973173434071	0.111017370885982
-0.0402171896786463	0.0248602283089346
-0.655380461433539	0.453147525546594
-0.677714851903916	0.53320668294091
0.128500868088086	0.0983911933491716
0.879159778606399	0.652433666555976
1.55065586164094	1.33138977921146
-0.122858626699956	0.0849067980951327
-0.454074361279264	0.377886585000588
1.10931168146337	1.40826823846455
0.201301330473891	0.139097037663655
0.0188813527349915	0.0132319991243812
-0.271306813126608	0.194411416413867
0.671593000094179	0.612364156669857
-0.0264078345664729	0.0193508138748072
0.122917117488608	0.0965275124152192
0.065823516708699	0.0386519791572725
-0.0907803402815657	0.0527641031123069
-0.517349424647212	0.322355611807223
0.115022586290235	0.0874468196159962
0.307145200881955	0.222075451436753
-0.517471343331851	0.502472652539199
0.0318605198256356	0.0237422005636553
-0.910604376125715	1.07949636445174
-2.35170448922073	4.38984261276252
0.0680039283313333	0.0421846590870896
0.18374299244507	0.0464795790495071
-1.79785205353169	0.391773074809323
-0.202615613594689	0.0652232518828875
0.623655409255502	0.328175143919234
-0.961220600026109	0.473147927272968
-0.286615199218208	0.130184805127086
0.302321264546581	0.237820824432925
-0.519771047602014	0.505405932115412
-1.25494172279975	1.35127961039461
0.56604631710239	0.474762383618791
-1.31203555219089	0.815747566489897
0.122443488910658	0.0986611543332186
0.480265292488533	0.45711566035248
0.0210895282552303	0.0107228921571588
1.05167764566734	1.00012480055798
-0.551931911242872	0.495432977912886
0.171678244675184	0.0918252467893475
-0.0426728098722828	0.0182842605540577
0.16619130625606	0.0315431724784316
-0.0742377019042414	0.0291945890329474
0.406310972280432	0.184479533062247
0.0650061828847189	0.0381878192481308
-0.0476236824509626	0.0294457986141787
0.648890892002572	0.771233952551279
0.265593980532365	0.239429900977504
0.193461593476631	0.14409631876381
0.404744665274308	0.346873436310838
0.509259310726668	0.456155801542918
-0.576732044454092	0.589275747490727
0.0143685401032428	0.0117685249607341
0.7413804036143	0.988188646119356
0.664983596440582	0.473658708201167
0.0667848163936181	0.0414184419137445
-0.642493235612211	0.44184751692301
0.358616488535014	0.20097698552758
0.193582910900147	0.138889650735282
-0.556729351438335	0.532595111659281
-0.285290304705	0.271523255886555
0.365746289568198	0.205648024759612
-0.455615479093241	0.23509998448109
-0.0623200247225515	0.0374608760704161
0.0152932859021788	0.00787122688010769
0.0645814913636827	0.0379063045912764
-1.3335778729594	1.32038118080101
-0.108756384584107	0.0746790012980247
-0.285245782351682	0.227982651285832
-0.259898892160368	0.211327807196018
0.0841193566458263	0.0523886598272616
-0.133370383992545	0.0896900159924894
-0.232050943218357	0.19087426797972
-0.316682055993999	0.248493146152048
-0.0303982399444893	0.0188269670719876
-0.77399609851306	0.775385039279076
0.670269346198646	0.478751270352484
0.581856476570887	0.464312259195625
0.18373211537219	0.113590624181778
-0.28337400641427	0.204376633356331
0.329449867377177	0.228507180304992
-0.468779274636164	0.457313932022636
0.00888856514912179	0.00474460307127895
-0.626308820948366	0.59730073554581
-0.690613253145617	0.649855561165317
0.44580816830426	0.340321034811754
0.688637326691298	0.220082192676685
-1.79265643537061	0.727296037347586
-0.774249797164337	0.587205351173638
-0.967067912786135	0.476323944019636
0.0032171861209116	0.00133186504651102
-0.693904244619764	0.654036482860361
-0.851131982804646	0.838307019758625
-0.20257872824053	0.168053026207614
-0.0659353428061087	0.0396547421715743
0.0623023505615083	0.0365617010968148
1.24839552392437	1.22171944137762
0.627000861051296	0.477351118888638
0.170250264455783	0.0910838334110534
1.31374473598139	0.733638155225642
0.366847164412723	0.206139781692614
0.387121074767437	0.196741209183481
-0.585624368724838	0.278336336245358
-0.307833246284723	0.181983800683846
0.417175604551528	0.190099993547107
1.96372117107544	0.45473924627511
-1.82116806989148	1.13996394801131
0.847728504925438	0.36079146501607
0.174744153055098	0.0675877292008797
1.89329703680988	4.09739978496365
0.948737378307228	1.26515093592274
0.462837028270445	0.451101839972781
1.29936524488939	0.722509615440331
1.96372117107544	0.45473924627511
0.710425013165065	0.335298859617793
-0.127067321004934	0.0880003479745374
0.0826691855581307	0.0514531454823754
0.874805060394846	0.803033292139336
0.807012084782772	0.764229687895093
-0.23459636118196	0.171528061682352
-0.875082317254886	0.799175888798074
-0.176700368276679	0.160267294653035
-1.13099908284635	0.969012488424975
-0.252194887446881	0.156016462415207
-0.173875595997106	0.114692999111869
0.196014303840189	0.134958188624882
-0.138756941642572	0.0935638800735495
-0.367739526501301	0.285220148180927
-0.409163261629915	0.346099420262646
0.397524626070425	0.352033337451634
0.924033038911374	1.14979975211252
0.439113275129319	0.460523069629488
0.504694088543295	0.54682317396068
0.457326924564422	0.350967160125318
0.51147754663583	0.458558549548248
0.0336755932618772	0.0235511393938688
-0.416831746402517	0.354249688996218
-0.678840426940894	0.587479031094773
0.202413507871087	0.161956407573918
-0.174303425693673	0.115046646961773
-0.95581216745749	0.928791564796701
-0.856167691542117	0.971831217794336
-0.187136343431408	0.142309941301073
-0.140690940500504	0.124694184328963
-0.271079640595575	0.239438947343275
-0.120583415418288	0.0672368845727265
0.119795960130871	0.0912835995149802
0.00125979064757731	0.000779314570043295
-0.0254601219925854	0.018663964107403
0.689821397698691	0.220399946218977
1.96276901321247	0.454520391574277
-0.488574108346941	0.183800595206409
-0.217859141201426	0.107525970541003
0.40636922774147	0.184517959271917
-1.3054780346968	0.809724792257402
0.0409798440308899	0.022531584660246
-0.546299192900572	0.637518984910618
0.122259927136056	0.0933250275095644
-0.454167343628535	0.378083685684973
2.16808646776202	2.24427938480582
0.1986880787105	0.148475388188505
0.323726959462371	0.210696662412573
1.96276901321247	0.454520391574277
0.964934921520073	0.255476948633611
2.37153890221196	1.19971544622691
0.814789820779213	0.491181725409607
-0.580759722965728	0.275386588210551
0.875182638200126	0.647654577037483
1.24905740140129	1.51019937587491
-0.0629496087837868	0.0456661639915716
-0.28393549604954	0.128757346512117
0.183063896529214	0.0463401006276899
-1.01047808700666	0.400246726724795
0.477186310501546	0.193928430219323
0.991010893695035	1.08096209427639
0.193707485843004	0.120254514631551
-0.70992165713229	0.765271413357383
0.374021141052793	0.338016815512743
0.298318556151116	0.259580106358238
0.208380512080506	0.181880533277788
1.08689352395271	0.530899521060822
2.76219840038386	0.780594539857824
0.181584284102346	0.0702847563409803
1.08788836479962	0.53156608167024
-0.210196538471771	0.134746082399913
0.0563465048463183	0.0309153467646499
0.121371733661938	0.0925867553766291
0.624846996536889	0.329249444632465
-0.774070556381728	0.719478080363091
0.0359186415644922	0.0198013772916289
-0.275122457272503	0.243639804858891
-0.246025460117194	0.255452649828321
-1.13379164511525	0.974732637677218
0.710985178755825	0.335516097065978
0.672815699378224	0.480438432348993
0.120835386740113	0.0947600061954248
0.658838391413302	0.698444583727582
0.181225709465064	0.118258023975862
0.0806174600544076	0.0501306782582296
-0.16589149228118	0.0877667004352538
1.17240045205543	1.45354245673925
0.344925286797494	0.226432638853727
0.377491940079204	0.330513878003068
0.0155761340747932	0.0109589720817729
-0.619491678395209	0.588352931677128
0.644693888733604	0.763932649780641
-0.689078050833856	0.599201702319415
0.0672920356188469	0.0417007660922308
-0.0839115013815822	0.0487250435292313
0.0846197385787254	0.0551966458008999
0.287300229456717	0.248337689403566
-0.439065489051923	0.399868704381715
-0.778097984274086	0.88425035369412
0.501735911209179	0.447489666388323
0.0279471228046676	0.022393169888487
0.533421338783475	0.55317762538873
0.310918557130985	0.23594079386885
0.39189132318166	0.345972019361703
0.185089377213745	0.0716033852088419
-0.0791811018205979	0.0310620640361985
-0.500770553366305	0.188768131506588
1.03207887762929	0.854090350403068
-1.01934410498337	0.804470818386688
-0.59257606407539	0.478449435401506
-0.0947415317930428	0.075247391963417
-0.55795842568081	0.401777142273018
0.319104212505553	0.220251679221688
0.0819013621595176	0.0533604589055775
0.469653425755326	0.341745220706135
1.96276901321247	0.454520391574277
0.422963391886386	0.192770332115027
0.67900817257074	0.486541895872003
0.692028142380155	0.221092112401465
-0.551514057334554	0.395786471864509
0.481167319582606	0.351815993194073
-0.692876715758916	0.652566485626633
-0.880213258660788	0.723206744238754
-1.31199176336128	0.815552522542168
0.719412338789723	0.340297154529456
-0.520424143053412	0.324929692815355
-0.0684308859791892	0.0269719073364453
0.0844460678887296	0.0573259091585631
0.127720893855326	0.103173450529188
0.707995664940116	0.815455047929582
2.58769059866656	1.45456839847731
0.563155412309798	0.327810644817887
0.164778629348208	0.0313374327003096
-0.621191160873839	0.361845834130536
0.905794013985798	0.925777982246592
0.199287688402966	0.14887559647823
0.18861518405515	0.101313410041677
-1.14894223616035	1.4045897089586
0.332936643730999	0.217456563932235
-0.953018028133839	0.925425578174763
-0.867593276422367	0.788948827625227
0.194628874876404	0.134067511930392
0.275851964479028	0.269760450226113
-0.250080260022102	0.154540233385298
0.697281987898059	0.608193549638036
-0.556915976991795	0.40085239799033
0.526503201761362	0.336022153626684
0.523033233448449	0.451391436941792
0.205480741001	0.178986626739794
0.191071253584962	0.118489345905079
0.806864971424293	0.765051420082634
1.0534253093421	1.00238474510443
0.392864749122464	0.347092355326812
0.454089955394792	0.347810430635752
-0.462009033477655	0.448636127623178
-0.0348840452513529	0.0150440042213377
0.345295475880766	0.210363306966702
0.860903343662208	0.908689999512653
-0.160104830755752	0.135428703731924
0.280023168032001	0.240845293274789
-0.193359570825113	0.177504918787867
-0.518654790976118	0.426467179616874
0.892193706350017	1.02697421555882
0.410184018363624	0.338398196927582
0.191054547100987	0.11115487671128
1.84447991901338	0.728069173154699
-0.161453902920086	0.0852734304947839
0.396671808798593	0.202297934476046
-1.65599468596305	0.931174269702438
-0.21743715164521	0.107308366585201
-0.412208697362511	0.349338458409665
1.46917765130989	2.07367157170151
0.308428957690507	0.223143928275849
-0.122665596248299	0.0684002026096005
1.96276901321247	0.454520391574277
0.966736740010186	0.256029100393941
1.34886052544281	0.596542879120315
0.169639883651052	0.0655856348099331
1.08273230762539	0.528618116518224
0.178820853869998	0.0612698080138397
-1.25424497835742	0.562892657997906
0.926900126021839	0.504246365110297
-0.317729087067229	0.188757392988122
0.338686521940297	0.221680821452183
-0.168783332884895	0.11107444732063
0.817199656824672	0.493302367907307
0.964404580081594	0.255330782344719
-0.0688955593825769	0.0271486518108793
0.975837766724759	0.966823002471548
0.382853779187994	0.347948216132357
0.291609183492963	0.267560533574498
-0.481799853094678	0.473783282105209
0.284695941030302	0.238078584978863
0.569035123284346	0.670829313402248
0.206202022935119	0.142772148223246
0.20799782908485	0.18148826512745
0.0933797520357011	0.0636221107935429
1.4519189334522	1.64338892520187
-0.364945196134694	0.150639795574567
0.0391435542364708	0.0215591491667085
-0.32485451718176	0.0931499749349684
0.731495010984834	0.484378117506487
0.0302443456475784	0.0152781175661249
0.492772064324177	0.455474543309478
-0.518007211880796	0.323122694812524
-1.53095765284258	2.2070390532039
-0.0294815155344628	0.0182786167976171
-0.308374161053813	0.18259381932651
0.551332938911756	0.577883740212558
-0.271489784183045	0.261669989404985
-0.0292762966086542	0.0217634956607278
0.815628287469594	0.775768226560106
0.419010944897155	0.190689071081355
0.178954017989291	0.103782514549433
0.0747230765822333	0.0464110665839672
0.198266060223167	0.158247495045306
0.437585110034419	0.332698338604686
0.189230872900851	0.16299373415149
0.77352405724726	0.856580423518876
-0.26975132822064	0.237960837595206
-0.771892165987973	0.585588229499326
-0.069085856363235	0.0415643930847527
-0.0675824257594761	0.0538688041634318
0.0121003108167541	0.00816245089635931
0.285365012363773	0.253609153215037
0.119748463763703	0.0912791283040021
0.130521375718762	0.108339775209931
-0.068078751268515	0.0483947928392114
0.00703884622789918	0.00444263295413532
0.691745806165962	0.221041871886146
-0.746448236482561	0.322813370370425
0.176654687898567	0.0946075794541161
-0.282457474326093	0.128081815389832
0.36033517839853	0.202185747483454
0.560218035516728	0.32591705475601
-0.145980839114142	0.124863452881931
0.534295026968869	0.554555012162797
-0.8426748105635	0.890571626117338
0.0794298369707676	0.0517264171752902
0.693216225774344	0.221541872050593
0.561332988620982	0.204043002102302
-0.324126952894347	0.0929244396746841
0.00836592061309324	0.00362183641204813
0.960374908960153	0.650748105091667
0.325772348792886	0.225679370874338
1.30541759867277	0.727570138048897
0.444344275081109	0.339025310181528
-0.0354307440338592	0.0219140303329426
-0.203865500780794	0.130434346570792
0.675573266782361	0.617064844945892
0.0147275569975255	0.00759712325630039
0.171738207710718	0.0748450336409684
0.284129061243578	0.237498945264389
0.10272000238742	0.0728817981117384
-0.40568873563517	0.374603036826786
1.17086906176904	1.5589074231167
0.31492935192493	0.217045735812302
-0.408396328957459	0.377677929173355
0.19221058688585	0.137790876034893
0.0257726091510461	0.0180118190233819
0.425031862833978	0.338118438117303
0.171753346999323	0.0664367381108907
0.963743115659934	0.255236344279286
1.34674578874505	0.595497710731737
0.421554065471575	0.19220595844
1.99384910443359	2.35915373009553
-0.517451696182313	0.322639742134931
-0.424762836548943	0.323980040275951
-1.04792123808802	0.833530365858322
-0.668791359900386	0.523723059551789
0.732443759866665	0.825116581322418
-0.614719720795573	0.81616298571518
0.318546154812374	0.340983177285875
-0.881641453242873	0.72576125038943
0.317468147240822	0.218953675522342
0.444194450518193	0.338807134861951
0.931712340144864	1.04127983135857
0.19095908080574	0.118503236342447
-0.0224503524439926	0.0141685725861802
1.08782299504605	1.2696037243776
0.537820051249964	0.344591067114024
-0.197316433582098	0.063550392412948
-0.681520367346624	0.590047417710303
-0.324662004432972	0.255933209132096
0.19664548374276	0.141341294573779
-0.669100831197998	0.524077782196654
-0.304877994100129	0.180306234194089
-0.210061828321585	0.156883327918555
0.690554433996612	0.2205748378538
1.06339332939435	0.406540322221546
-0.0728037837440256	0.028611216226822
0.500934714308227	0.344743615178955
0.664040638576673	0.473341121871384
-0.763252550879637	0.576546139071916
-1.20418139011759	0.897229269911415
-0.856616176579844	0.847075192269727
-0.708389257979496	0.804626815284435
0.585160550302919	0.583008744877784
-0.0734044278468745	0.0523260789215931
0.325930998192057	0.237780046317441
0.183515715398923	0.106404868584333
0.183063896529214	0.0463401006276899
2.76219840038386	0.780594539857824
-0.626770405391006	0.36556416917685
-0.27957026363341	0.201184865358258
-0.477578854413323	0.353804006901046
-0.20343627907104	0.151377494905445
2.58431031561478	1.45148633408446
-0.745228434114775	0.322263483734654
0.568473665455639	0.477400576155087
0.201539101222225	0.150814275368941
-0.117318571470921	0.0654039210489578
1.5013092315433	1.51655612781642
0.171985774335464	0.075067693019864
1.10510710112694	0.682881370004587
0.0404077042706834	0.0221891384406686
-0.00707316571780678	0.00539417549369583
-0.00870379928833355	0.00829691721805259
-1.50335347787301	0.534889336029958
0.963743115659934	0.255236344279286
-3.07454565876188	0.948489134275984
0.187984352048437	0.0474280610765032
0.0148988214322934	0.0076646598115313
0.299804157410485	0.244574701619385
0.882965638543025	0.6548962178963
-0.531728767459622	0.333266941534816
-1.13584628365309	0.97756287393556
0.436871542908961	0.457815777844882
-0.186223616838039	0.156616345265846
0.0830587648473791	0.0711885861816435
0.470977764036784	0.191116706083767
-0.584681240793414	0.277690896402517
1.35064130120685	0.597863106700744
-0.286615199218208	0.130184805127086
1.08731334966669	0.531517192286789
1.64447875931974	1.15769738095367
0.368564685455795	0.207254041474388
0.973489151662386	0.66343615969434
0.745037670549555	0.621929671620282
-0.717573703179039	0.859960551586673
-0.13075416589023	0.046499618535847
-0.498201158890918	0.187691502941451
-0.766911596335937	0.413152377220238
-0.622035323133494	0.36249438874899
1.6842773267246	1.59433184259738
0.359930964398307	0.201918928219983
-0.281715498941186	0.127899696441362
0.806657931058041	0.48554968279964
0.176711268978432	0.0683795412521634
1.11169528670328	0.687936702802563
0.317687198384848	0.380170522845878
0.123368270446853	0.136341495534427
-0.591877247793728	0.609789578463607
0.606592792347372	0.669625200189485
0.438818998418983	0.588148415537875
0.400849668865265	0.431813142151449
-0.371935097142025	0.1538414278662
1.05878188329451	0.404602739849127
0.341256607290895	0.223664513579145
-0.527174395055612	0.330063832389628
-0.255079309711554	0.228385761768765
0.0169962442985725	0.00869496353317633
-0.671106150018209	0.526826674088706
-0.379359594455365	0.29598361125896
-0.0553060799893148	0.0453114205421537
-0.102347391370776	0.112955268646248
-0.0581670194760178	0.0421193765586229
0.116847221825603	0.0914282555428142
-0.0020885327360305	0.00133822252115401
0.0585455946468645	0.0473449087085349
-0.185601715212288	0.184732512044101
0.192164296576701	0.177684162593793
-0.36310609305103	0.336453833270295
-0.000174151270069554	0.000125501395324458
0.851639104750971	0.894998705574364
-0.0120212292209574	0.00910681986382902
-0.207785653939449	0.133153185168926
1.64736085042417	1.16162956725224
-1.07965582199998	0.729853865815112
0.0147275569975255	0.00759712325630039
0.029407993467742	0.0205536443281536
0.363553366436443	0.203999895551891
0.419465408252761	0.190942893827129
0.0216938084249666	0.0110231022914075
0.203632227086188	0.189982788731107
-0.335281350377195	0.406337491175881
0.0234590420827593	0.011899993894896
0.165088029467664	0.0313824661178469
0.164778629348208	0.0313374327003096
-1.12519556185123	0.339754109482426
0.0240656430037443	0.0122005360004587
0.401637700220813	0.356594082349814
0.184481944940644	0.0899520641542877
0.0848511339760637	0.0576034174870177
0.523227821393408	0.333414672075267
0.355345983217242	0.346663386592839
0.297808691777653	0.357026755906486
0.264609572201079	0.289572967129469
-0.582878089292954	0.468308534516011
0.167563775118609	0.0730225530530657
1.024881684079	0.846278474469269
1.12628447189071	0.859479640724813
0.678280657581592	0.486398825537081
0.710425013165065	0.335298859617793
-0.444845214041759	0.292780355926932
-0.773577955324335	0.877215239426224
-1.5026235657887	0.534584753118728
-1.47657237792784	0.745704007001888
0.171120665297702	0.0833153561303721
0.810235918112511	0.488099392823427
-0.122817037322565	0.068584369370976
-0.297792468128956	0.135653819816251
-0.310861521433744	0.184250568985027
-0.369357547659888	0.152543412743622
0.580469773622772	0.340006243283942
0.383506294704399	0.348652410584251
0.191563189599634	0.214732645694261
0.00169930324291972	0.00140903709428903
-0.201997541318617	0.150195116606571
0.00202977747842432	0.00154270583192461
-0.603449247535794	0.840836564674243
0.05160265768693	0.0455169096011963
-0.078664013620457	0.0308649148267959
0.807866982293613	0.641867147418159
0.677609682182621	0.485792351903637
1.0551573238924	1.00562339319534
-0.0722060146496301	0.0576872314347257
-0.768016033660398	0.581347411156018
0.343619901394323	0.209590360467717
0.668512635175471	0.608724960639592
0.0729929773809863	0.0581793364567686
0.446221116312745	0.52725019870345
0.0721930086188162	0.0469293144465237
0.296864227096873	0.232862387378925
0.213030476708108	0.166127640185041
0.116321765044503	0.0884816501729754
0.587871739316969	0.470651314056777
0.312191092385515	0.237052807415886
0.292791149457119	0.34372193563844
0.0880392083621516	0.0574593595271763
2.04969830520875	2.98969436599059
1.71902957911309	2.32907094307942
0.309075507147706	0.243957418629423
0.527340783528257	0.336677557322079
0.713289205238045	0.626645969610216
0.177561383824425	0.0951725901818348
0.654133876006635	1.04164217113971
0.0400459215256561	0.0452682668638602
0.242880591845791	0.301092193647142
0.738824751398102	1.59955468708078
0.138680868993266	0.150905255496967
-0.203833958254272	0.231134964075308
0.402679921785941	0.509389872326228
-1.08533163496951	1.03523086326848
1.84957887095899	0.730635761791688
0.068657351555581	0.0425968601499601
0.662745065743672	0.60188078169031
0.161458610107555	0.17942211792077
-0.113686950403482	0.10897492692851
0.651001846203232	0.982614858319638
-0.027109409190294	0.02285071936185
-0.0141536857780283	0.0119328403903672
-0.000553384100940863	0.000757957586167651
0.132925688746963	0.113110745094769
0.433067843079902	0.45273098166289
0.325644468752284	0.430165461194875
-0.144250593436893	0.167377157743217
0.352726706897266	0.334245432892858
0.0296292752466695	0.0289440862487914
-0.113980995798809	0.109267609450962
0.232633256872602	0.297438951398536
0.843198023750311	1.47383304833332
-0.00070031835992098	0.00062092051208154
0.198915313376787	0.207444649457685
0.0643138763151474	0.0583237700715865
-0.24433301521931	0.240726889606641
-0.0487319909235993	0.0358507858208156
0.331473288760612	0.318130173275804
0.0233824488199794	0.0163401755244638
0.258111241414218	0.291117613239497
-0.149212564068318	0.127974783716527
0.298242548955869	0.345636078829539
0.551087503706629	0.642467795732375
-0.399380931457663	0.462548729239146
-0.446835249053569	0.597176647250059
-0.592357117819649	0.869393824376676
0.302116695955583	0.387104516238959
0.59621858786434	0.875426823923203
-0.380926416754584	0.487723070676946
-0.406332432328274	0.47322574856159
0.282908472335098	0.278032854706492
-0.306625291875291	0.269548854999557
0.203031245857668	0.19323700307647
0.144343768315579	0.126637494370392
0.413115639567952	0.517109107247953
0.710922577843598	1.04537592842347
0.421786871267161	0.335009789497533
0.435483366245149	0.330567729609043
-0.0713054366869085	0.0580106162602166
-0.147894284538876	0.1130877684342
-0.698847039964028	0.99887656697434
-0.0315501723907698	0.0238367428747661
0.319319638933833	0.356125675696787
0.419369495009132	0.332658270387626
0.295079548732366	0.221844741569919
0.346265443372853	0.211022483172493
-0.175365813114526	0.115801860044852
0.176649093615684	0.0770452431188919
2.76219840038386	0.780594539857824
0.182384642090162	0.0461735738884295
0.470214630529904	0.190887743886364
-0.217409907473403	0.177235478785354
0.177138874918889	0.0948289541356844
0.670419769435579	0.479146003441911
0.549200554249783	0.480398030868476
0.327076251245691	0.226723788844702
-0.981756741163212	0.870807628763445
1.29992838256832	0.723247600092972
-0.211559013168258	0.135769867052548
0.0466786724883235	0.0256138042464276
-0.782833291142991	0.513195853129276
0.193963507857662	0.127279737768315
1.04433850786814	0.990687192419393
0.742011800382263	0.493323018817619
-0.0698787209012142	0.0420514564821914
-0.369405297882831	0.250985557338541
-0.52101547982667	0.325319820710301
0.690826473178609	0.600387275111124
-0.262507102926803	0.163094940953088
-0.126833439190758	0.0708383567424937
-0.774828941432471	0.658298642574986
0.116646690212754	0.0887281561015601
-0.290710101096598	0.210379178704447
-0.0534224477925035	0.0320938873165416
0.200030478570558	0.131622401388952
0.180129172044627	0.0696888506422006
0.322183516427675	0.234695607010718
0.179243276186944	0.0872748448659392
0.204823842959064	0.147818078981584
-1.02058340810921	0.805898077038922
0.735659607953793	0.487083979874952
0.18998088598568	0.146182784621713
0.468452666336791	0.340473771154772
0.804672014878893	0.762045460529046
0.175528710194884	0.0601682623632123
0.81290951376168	0.489599793757216
0.728315729168061	0.345273040260105
1.25420624390096	1.05908495890886
0.702888318136486	0.331146298934814
0.716425822261068	0.338419602734398
-0.0782004468952671	0.0306899272143896
0.688185381402826	0.219868290083128
1.47155078449581	0.491168545293048
2.1274507756149	0.959922459970677
0.165088029467664	0.0313824661178469
1.47209004689925	0.491178510113126
0.181837521716867	0.0460537144756759
0.175197423847489	0.0600468701453268
-0.0210964783267553	0.00954761167592789
0.396157537015981	0.201983208409624
0.181527232764378	0.0621573098746313
0.691293725798235	0.220916760169014
0.704836221286141	0.332284328540466
-0.58330366443147	0.276637536267328
0.179274213223518	0.0454636418217038
2.13075394660833	0.96148813875092
1.59823396692702	0.804041108576349
-0.37478807657181	0.208817056142942
0.170532608182155	0.0744014933837213
1.29992838256832	0.723247600092972
-0.32485451718176	0.0931499749349684
-0.617339897765464	0.149284387408846
-2.57098043849301	0.664920470822356
-0.613012730411062	0.148202450577793
-0.32485451718176	0.0931499749349684
1.84302870233133	0.727219634707302
-0.961747935591229	0.473112121221655
2.92481000984194	1.98892711468727
-0.462098943818017	0.238761140267193
0.964404580081594	0.255330782344719
-0.326043908260378	0.0934449166225896
-0.284417102085834	0.128986915140891
-0.330698472981565	0.0947716626031445
-0.709698759851068	0.242860149943732
2.76219840038386	0.780594539857824
3.27631781619437	1.12171855032085
0.165088029467664	0.0313824661178469
1.96276901321247	0.454520391574277
0.967933372585482	0.256362285789635
0.962025660417238	0.254682745005495
2.59029816716354	1.45683820958716
1.96372117107544	0.45473924627511
0.160144755571284	0.0306956063740573
-0.192291270763335	0.06199269927475
-0.499234614804066	0.188038340526972
0.177362298643623	0.0450515694227369
0.546346904865407	0.198325214127253
1.84066711299049	0.726365639107333
3.27272750868887	1.11966450015405
0.180129172044627	0.0696888506422006
-3.45307509546519	1.22686211973226
-0.707465428768275	0.242033353320822
0.691293725798235	0.220916760169014
1.98197989825538	1.24949047519161
0.179731047800424	0.0540108619593111
1.08911546676438	0.532139557345346
0.173841338161581	0.0596051278079202
1.35276823183269	0.59898514245525
2.13847384175308	0.967026817523456
3.27272750868887	1.11966450015405
0.560263982972252	0.203664261240574
3.27993169130503	1.12298306623949
0.963214248695465	0.255090594573707
1.59923975249082	0.804669261280403
0.967933372585482	0.256362285789635
2.76219840038386	0.780594539857824
1.80152871952696	1.01635598151886
0.685443035318802	0.218928003643606
-0.332618072686463	0.0952457032075058
1.07756332531382	0.525378210214198
0.16619130625606	0.0315431724784316
-0.743607658160876	0.32145501649726
0.850069339148531	0.361876749971404
1.0862785017696	0.530305893793166
-0.194443769853819	0.0626542518681332
-0.283674460913501	0.128818748326983
-0.323664690407152	0.0927962418225715
-0.332618072686463	0.0952457032075058
0.165088029467664	0.0313824661178469
0.962025660417238	0.254682745005495
2.76109157462938	0.779871501961836
2.76219840038386	0.780594539857824
0.687001483078787	0.219402881860221
0.18374299244507	0.0464795790495071
0.175105025692296	0.0677862968110469
-0.612487701707529	0.148134994320372
0.548515509988744	0.199132914018316
0.963743115659934	0.255236344279286
2.38158363851248	1.20736446208946
0.16619130625606	0.0315431724784316
1.11362030147923	0.689597324342898
1.47333622017027	0.491753136545405
0.16619130625606	0.0315431724784316
2.76330811440907	0.780761067286217
1.46341520408474	0.487915667204292
-2.57036588579023	0.664816582891659
-1.7934287506278	0.390727439150181
-2.57067328278635	0.665094197548339
0.964934921520073	0.255476948633611
-2.57036588579023	0.664816582891659
-0.326771057218117	0.0936418390224184
0.964934921520073	0.255476948633611
1.96276901321247	0.454520391574277
-0.708961798888886	0.242591076534355
0.962553055030982	0.254827961566665
-3.07402416243152	0.948685276185543
-1.79346061997896	0.390723019452767
1.96276901321247	0.454520391574277
1.05878746464103	0.40482083139178
1.46955857964488	0.49050725448157
1.96276901321247	0.454520391574277
0.550585584584045	0.199969616725774
0.692481142426252	0.221366284684109
0.963743115659934	0.255236344279286
2.76671632811135	0.782410087450427
0.169248055862235	0.0319917175833404
0.544218436165038	0.197506777270022
1.46910411205871	0.490049168285487
0.16619130625606	0.0315431724784316
-3.08351879397427	0.953227279124287
0.687453672774919	0.21969379736456
-0.715777792138902	0.245038507634421
2.76219840038386	0.780594539857824
1.80449260379925	1.01831859416345
0.549873760152136	0.199559475860527
0.187435346122179	0.047292837125537
0.175197423847489	0.0600468701453268
3.64618465324491	1.4458034047001
1.34886052544281	0.596542879120315
0.173841338161581	0.0596051278079202
-0.288553167064888	0.131104800633221
0.178254851579563	0.0536080680261321
-0.323664690407152	0.0927962418225715
1.96684138854469	0.455504908505281
0.165088029467664	0.0313824661178469
1.46964366147565	0.490422889690681
1.83941655550072	0.725786652717124
0.718996087124188	0.340013548677714
0.46483919295449	0.188523995585184
1.47525146835293	0.492648627415429
-0.325121870470423	0.0931632456849071
0.964404580081594	0.255330782344719
0.962553055030982	0.254827961566665
0.161251150232847	0.0308565698216007
1.96276901321247	0.454520391574277
0.165880035481028	0.0314978449610492
0.688637326691298	0.220082192676685
4.39912407910331	2.32313180758323
0.180484451327502	0.0542489043189748
0.181837521716867	0.0460537144756759
0.165088029467664	0.0313824661178469
-2.57098043849301	0.664920470822356
0.962553055030982	0.254827961566665
0.471213953335543	0.191316020734622
1.05878746464103	0.40482083139178
0.179369859705814	0.0539368960907662
-0.32485451718176	0.0931499749349684
0.963214248695465	0.255090594573707
0.180107983152346	0.0541465694868784
0.178586346650125	0.0453095875153282
0.174204355272961	0.0597247391277113
0.84874813165367	0.361333340145203
0.554529317239519	0.201500781149606
1.96684138854469	0.455504908505281
1.96372117107544	0.45473924627511
1.96372117107544	0.45473924627511
2.76559849788836	0.78194178274137
1.96276901321247	0.454520391574277
1.96372117107544	0.45473924627511
-1.79785205353169	0.391773074809323
1.96276901321247	0.454520391574277
1.96684138854469	0.455504908505281
2.76671632811135	0.782410087450427
1.96276901321247	0.454520391574277
1.96372117107544	0.45473924627511
1.96276901321247	0.454520391574277
-1.7934287506278	0.390727439150181
1.96276901321247	0.454520391574277
1.96276901321247	0.454520391574277
1.96372117107544	0.45473924627511
0.621721965027064	0.326898101663547
0.357495211308436	0.200232617015049
0.924962603347085	0.50266583546604
0.368161370839969	0.206994700680958
-0.382799619590988	0.213951443184781
0.0106339703028629	0.00463721346769527
0.188749284252297	0.0921102969401086
0.167386469875704	0.0813938092593628
0.185454319096416	0.0556335769192585
0.178779714919055	0.0958690984261712
-0.316422115887972	0.221446676009763
1.14733428079004	1.03927190348787
1.30527176865544	0.727197097940825
0.165447721478475	0.0804062887905184
-2.01230741783243	2.08961900092612
-0.0694116258185793	0.027342944103128
0.976899705761739	0.66696416478026
1.29433854842701	0.719347932834594
-1.5026235657887	0.534584753118728
1.05546745281569	0.403133310523844
1.84407253912976	0.727924750702318
0.354545837405551	0.216977277477525
0.17863134392367	0.0537118645556901
1.35742358780664	0.601505744976776
0.633660270423425	0.334424258526487
-0.278275730536022	0.126263377824064
1.63981727716658	1.15376719194054
0.184724704475009	0.0553822155404387
2.13460629217846	0.96446244584926
3.6449477089076	1.4449787602644
-0.201906699363454	0.0650030146049408
0.71997230620103	0.340590077078722
0.181159179759352	0.0458876218072277
-0.618535635333325	0.149538863092151
0.550585584584045	0.199969616725774
-3.44686848748983	1.22339694388155
1.47032706033056	0.490703617760438
0.714470770965325	0.337329994111773
-0.331884233338781	0.0950660268702792
-0.00504484169949091	0.00234765059784
0.718435275402613	0.339720316166281
-0.19689123280029	0.0634436268958657
0.182384642090162	0.0461735738884295
0.164778629348208	0.0313374327003096
-0.48819639026651	0.18363970900708
2.76559849788836	0.78194178274137
-0.375969148034233	0.155685554872445
-1.31009542482363	0.814123147782043
-0.124226356552131	0.0441913898094736
-0.491232144366944	0.184925459956005
0.49092981238407	0.336793639652674
0.816427436488212	0.493308681253452
1.30777100145045	0.72923123227456
1.30105360773476	0.723822591464121
0.847552960998145	0.994857120448331
0.641657408677437	0.491479692693889
1.12296053983119	1.62358903887172
2.13164652612125	0.962465868289965
1.62729792897956	2.07828775126457
0.629365469373249	0.589946466070845
0.0685631066121724	0.0425107068668033
0.313530346316091	0.248140867529602
0.0701339145493519	0.0435216833757847
-0.141627250386633	0.107871923669604
0.184807507251875	0.114327256814231
0.736618091834181	0.487954702331752
0.314297919510403	0.238907690466984
0.383786295891205	0.348989933994592
0.116547706584952	0.0860375159306794
0.116553486669653	0.0832256752180688
-0.14434632860876	0.110136981887003
-0.493821130224419	0.368930308774178
1.1675384011497	1.44413473417964
-0.168299799148586	0.0890436638208582
0.466720959665087	0.339217837955543
-0.123622294603881	0.0689320846633496
0.17528898067856	0.0853633902932732
0.850069339148531	0.361876749971404
0.686626809163374	0.219374653716057
0.964404580081594	0.255330782344719
0.968469219672053	0.25651021792255
0.804310004855645	0.761302354081972
-0.209602760863475	0.134371229491193
0.443132666793079	0.337827505055156
-0.279454563993976	0.201162648103585
0.186193628132217	0.0720425013680895
1.34992552348217	0.597211152410209
1.58932551992224	0.797901086619759
-0.128580960692604	0.0457209220671756
0.748474843296155	0.626144512989063
0.844441707134117	0.359109180860946
1.26919682171696	0.881889836747906
2.76330811440907	0.780761067286217
0.16619130625606	0.0315431724784316
0.569654483006648	0.332635606620973
0.182384642090162	0.0461735738884295
-1.08007701912074	0.730254282250205
1.80352429937607	1.01818921274933
-0.496529611776328	0.187086496901877
0.4234202211193	0.193034609297238
-0.293405914222745	0.133582447273964
-0.560311174339912	0.403953058523494
-1.13615291046951	0.975695546181254
0.175891515215909	0.0602877256141385
0.687453672774919	0.21969379736456
-0.264563795131159	0.164544519758242
-0.073724423019638	0.0289995321134745
0.631464319448676	0.333388834102461
0.714470770965325	0.337329994111773
0.171738207710718	0.0748450336409684
0.409291434054438	0.186042760110891
1.36264544466045	1.44345842669607
0.687453672774919	0.21969379736456
1.83941655550072	0.725786652717124
1.30243340405806	0.725293281067362
1.47086646676889	0.49088731436037
1.09247799441691	0.534633070236409
0.713906415672812	0.33698145815023
-0.190110933282644	0.0612931637059442
-0.195186900570072	0.0628739701093823
0.184464531049921	0.0631356689023766
-1.79346061997896	0.390723019452767
0.573578494073406	0.335111346346908
0.183063896529214	0.0463401006276899
-0.197316433582098	0.063550392412948
-0.283646662783504	0.12882205540906
0.175894574529828	0.052931112244421
1.0516149872675	0.401512248410012
0.968469219672053	0.25651021792255
0.963743115659934	0.255236344279286
0.84874813165367	0.361333340145203
1.60289004599019	0.806911127141076
-0.194443769853819	0.0626542518681332
1.47086646676889	0.49088731436037
0.556308696676708	0.202195250417483
0.178161345351442	0.0610444196674466
1.47525146835293	0.492648627415429
0.180484451327502	0.0542489043189748
1.05989643717056	0.405275695027378
0.179274213223518	0.0454636418217038
0.686270437198953	0.219228628867356
1.47525146835293	0.492648627415429
1.96276901321247	0.454520391574277
1.96684138854469	0.455504908505281
0.962025660417238	0.254682745005495
0.169248055862235	0.0319917175833404
-0.611962616144159	0.147977912487881
0.164778629348208	0.0313374327003096
0.186069807523728	0.046984734903896
-1.49753171438992	0.532305096548695
-0.956069082331503	0.469295459078014
2.13275419746116	0.963270597877117
-0.617339897765464	0.149284387408846
-2.57067328278635	0.665094197548339
0.17863134392367	0.0537118645556901
0.180855826143695	0.0543097849929288
-0.618535635333325	0.149538863092151
0.808888916857841	0.486873705565738
1.7910234041082	1.40325126845714
1.26982421024725	0.884617845968075
0.536316036697071	0.34371314389815
0.825532694918881	0.500405463147693
0.726318066982222	0.47917056547232
1.48637844179023	0.935780458463818
0.17388527997155	0.0596222487809083
0.744282318660198	0.494696266569533
-0.0342162689536294	0.0147477102238171
0.383084667214441	0.194675140022767
0.526904678088905	0.335925380167342
0.387121074767437	0.196741209183481
0.632433858353554	0.334035005230779
0.551298334729919	0.200249958464128
0.463044701379809	0.336030992603489
1.09148459484778	0.5339278161794
-1.58293773036272	1.20081090618897
-1.04133463039096	1.07734448940891
-1.19523893767245	0.888068464848953
-0.121560749658176	0.0677905029201081
0.326073729599243	0.212310208869473
-0.951641741608268	0.466811094507108
-0.287571955733784	0.130642489782235
-1.30694496379629	0.810917557762743
1.58730623178499	0.796487225327764
-0.00676348064225898	0.00311315162720073
0.174567931745634	0.0598240637323324
0.180092520900824	0.0877002182918641
0.474198126463934	0.19270082318148
0.813116124296325	0.490284784270987
-0.223976766863912	0.110599956071707
2.29803906541716	1.78929911230838
0.979743921640188	0.669281846080589
0.741768438632877	0.492428656000751
0.910197439383046	0.931746963550937
0.194355809994201	0.113260196662178
0.312898417998877	0.226932158132535
0.300411275569225	0.235952466821968
0.329144541642181	0.228253181861121
0.682040416003593	0.489927284033377
0.0237604942354082	0.0159486446882749
-0.0824872751979767	0.0478745346851665
0.188089330548765	0.101095745638678
0.466438199138473	0.189262806780757
0.388140147446269	0.197384423366095
-0.37466626846426	0.208870424895496
0.362230441154728	0.203076356305983
-0.166038439586376	0.109094715897821
0.186928786286018	0.0560369733702841
0.492751930222829	0.338112612148829
0.589980686025868	0.472777516891137
-0.307772950330283	0.18198798798897
-0.551861261320923	0.39606512031663
0.376384967931546	0.212256098134433
-0.0101726521518657	0.00463687278223064
-0.265930253538542	0.16546204704441
0.191072641987656	0.111313418588952
0.967225398309861	1.17851269781553
0.677014100079373	0.485265727457757
0.0930841175026451	0.0634126337894441
0.576451019499837	0.337147244076676
0.422446176317576	0.192528590584956
-0.0585263448509265	0.0351681764878323
0.0620764315280653	0.0364420509875424
-0.202615613594689	0.0652232518828875
-0.310198399796016	0.183723355628362
1.36036593069198	1.4386800170885
0.334928439762227	0.218825274214039
1.42140237065109	1.10574999408249
0.705232161575514	0.617455661441811
1.05737114788715	1.00848568339956
0.485303394939202	0.331853205478362
1.47451530684874	0.492178385686461
1.06375255943934	0.407031400293661
0.710840306466784	0.335508062587138
-0.198325482094093	0.0638690390997088
1.08850211338313	0.531958239000341
1.09385447088543	0.535476309306029
1.12481490361644	0.85853166918302
-0.26152211073602	0.162422340169212
0.187343286874785	0.0818649684475037
0.632427711022957	0.482258228072321
0.183222271364428	0.0550052131678393
0.180484451327502	0.0542489043189748
0.170286041476414	0.065904167534079
0.925410941995287	0.50302031593182
0.796458381278198	0.853727649364448
0.350476939348539	0.214296202545202
0.85135126914605	1.00112358258917
1.11522469262448	1.41954483387351
-0.179891523292197	0.136294935488162
-0.405526698014267	0.342183973436429
0.934899486032915	1.04699999719278
-0.241505821714226	0.17718841138119
-0.0800418002597092	0.0314127299011551
0.464450897593892	0.188417201617607
0.178269357915488	0.0535920192892428
0.564493896101067	0.473231536728775
0.202876247435127	0.157317524710667
0.330567605454935	0.229492439646452
0.664669021784448	0.706897324443118
0.731122653883833	0.483428579192997
0.530038840372988	0.338839672877685
0.413698479915964	0.188341734764578
0.36872136763414	0.20735788113052
2.76330811440907	0.780761067286217
1.46964366147565	0.490422889690681
1.47648048364922	0.492996794108507
0.185076110728506	0.0555416222332281
-0.171017069248436	0.090541252648856
-0.763487603028372	0.411281381059651
1.09347086227971	0.53527910188038
-0.203270602145771	0.0999361468849251
-0.903333470933258	0.652688979057554
0.441921439007098	0.336507830882976
0.0556316254399482	0.0326581894293568
0.845115487367158	0.359489998713581
0.558085703366845	0.202768705752388
-1.49561006114969	0.531433597211914
0.182384642090162	0.0461735738884295
0.842784839680697	0.358338111013329
0.908801196338668	0.930059419649165
0.530867191233495	0.459948643424771
0.304416577886214	0.239805338683544
0.30295960474275	0.24754754368504
0.671942353568325	0.612796381347412
0.81267244828496	0.772712408699218
-0.00143327682905816	0.000745659239546921
-0.162331935387967	0.085814243757137
-0.466259718226313	0.241568014508268
0.964934921520073	0.255476948633611
1.0656018006057	0.407598291481118
0.71438258842796	0.337696483094953
0.848390137942497	0.36112999220408
0.688637326691298	0.220082192676685
0.331832482382269	0.216549331996736
0.191706215765792	0.118918635009572
0.576528578128585	0.337409412041106
0.531134603720964	0.339304561435811
0.474926184937199	0.346246991099685
0.346254969223647	0.211127949798935
0.845460532244873	0.359623499672993
1.59654903261596	0.803007544231757
1.06338277916722	0.406730999521995
0.169566032486793	0.032038095111837
-1.12019427196772	0.338020301365193
-0.707845094848957	0.242262716671496
0.416541146654408	0.189406706655173
0.181222403711057	0.0544586569816679
1.80071200662155	1.01640346568284
0.469214796260205	0.190439621590192
-1.95720688242627	1.34891143871264
0.0215056852902182	0.0109280649438211
0.881027377894664	0.654030068680099
0.823351744513773	0.49803755868397
0.555239766445707	0.201780832151434
0.549873760152136	0.199559475860527
1.12805256625056	0.861419034968814
0.393130281980965	0.200472137438231
0.656280615161368	0.694951026226428
0.209788535886609	0.157699627626095
-0.554029791179436	0.397946508217642
-0.0320661387315056	0.0198560343278419
0.190087807953242	0.136143269174605
0.174204355272961	0.0597247391277113
1.85032180687312	0.731043526561718
2.14235496013146	0.969045712278659
0.189588288189988	0.0925601902809887
-0.0348840452513529	0.0150440042213377
-0.0738425599286327	0.0290095423175695
-0.000543174514163496	0.000362044862284449
0.86346903430725	0.912587241248039
1.45710538513293	1.65208414075896
0.694002044400692	0.720888018806288
0.634638110938696	0.335078610095398
-0.767898685996653	0.413925523633449
-0.613682540053849	0.148388769407339
-1.7934287506278	0.390727439150181
0.963743115659934	0.255236344279286
-2.75616592976581	1.84093425272263
0.712849824955165	0.336805116882141
-0.330698472981565	0.0947716626031445
-0.0399116306261662	0.0171362846235682
0.178818364475998	0.0870534082003433
0.632133116856414	0.482002038747963
0.427584622538833	0.340666832214885
-0.380686290975773	0.260070418985206
0.385893974994178	0.196225517761737
0.16619130625606	0.0315431724784316
0.549516086641495	0.199542874934359
0.172879456781673	0.0668664345803421
4.19332756457112	2.03901099962885
1.55884288801522	1.34403514542768
-0.165606277246312	0.0875072017310385
0.385241610397786	0.19561947558382
0.422379555167034	0.350959154875631
0.192233374165788	0.143095124452645
0.192940639088882	0.12657416128709
0.766742512848145	0.753315053100462
1.42699793892459	1.11288839749168
0.181797220026299	0.070339345271789
0.963743115659934	0.255236344279286
0.811691470289087	0.645393219900444
0.75682861509467	0.635112925371475
2.37260189756763	1.20097869065269
0.554170265139292	0.201310818357217
1.06153095853073	0.405927487776779
1.64788445802417	1.16185549770928
0.711381953635283	0.335336450077716
0.964934921520073	0.255476948633611
0.182515705814395	0.0461929473161663
0.178269357915488	0.0535920192892428
0.473980929542814	0.192521461661697
1.34992552348217	0.597211152410209
1.06153095853073	0.405927487776779
1.59428060468996	0.801026192541377
-1.65478406895799	0.930801218190633
0.470973599310619	0.342832209254517
-0.577302762796917	0.273561358867356
-0.216044432531742	0.106588697949566
0.188667958543402	0.04756856032199
3.94011940400443	1.7432966017604
-0.503483382578555	0.189906433790702
-0.525748537323309	0.328737259028318
0.183063896529214	0.0463401006276899
0.846478708147722	0.360097911246668
0.981122687227711	0.670574989306967
0.334245506490916	0.218241713194118
0.174917955967148	0.07634514555184
0.413143259890935	0.18790555165654
0.177257533089288	0.0949038373329739
0.903075336258362	0.921598787075147
0.508959835676493	0.45580935382678
1.39173205338234	1.86529396115885
1.4799860034999	0.929689677882191
1.06264198810457	0.406540438452512
0.728315729168061	0.345273040260105
0.71438258842796	0.337696483094953
-0.0360798294056658	0.0155212792131445
-0.378224723187554	0.210875980777945
-0.58165299154008	0.27627537598198
0.925073649201288	0.804065183978219
-0.212003912055943	0.104400225131815
-0.581278269312196	0.275684019199003
-0.612487701707529	0.148134994320372
0.719412338789723	0.340297154529456
-0.627638054039561	0.366988337345962
1.3495769767586	0.597194616535652
0.171189775428302	0.0662121976703994
0.676126428834442	0.483807335704746
-0.881228208906351	0.725029600913348
0.175387073896815	0.0765710638761905
1.12723785462602	0.860643950921545
-0.0736258291248379	0.0289714718141651
-0.283893553552938	0.128994142604561
0.48974168917664	0.468602972924678
0.318624296003636	0.242683808569689
0.418815923126368	0.332057202660147
0.209504663245285	0.178253606565801
1.79430408650726	1.40780317520152
1.28658303172499	0.900783116103464
-0.368824754402119	0.250654756654854
0.529602355599505	0.338130274544246
0.660805937735754	0.701395939327806
0.201962530344074	0.139590337790835
0.806002863415128	0.48458575527901
-0.486889285554207	0.183138334436036
-0.499521706169529	0.188284678762176
0.18407464274977	0.113841114635062
-0.37347921620671	0.154448534871048
0.305309938305198	0.230959061605838
0.0761203901498917	0.0495329817376175
-0.0129224115101991	0.00587071516654089
0.571659355303781	0.333674600044308
-0.465544060331117	0.241292589961914
0.195342730088222	0.134565720488266
0.190803423108639	0.110958906349599
0.460228679085357	0.447753402028416
0.292994998478124	0.276180691687718
2.58633351266151	1.45364169633544
1.48103023050202	0.93024782707921
-0.770401885636067	0.652536720546233
-0.772074018901335	0.585323470064979
-0.238408262077645	0.174584170557327
0.195953243853713	0.121784177697421
0.177190383264668	0.0686000683843296
0.179186941663505	0.0613870679805912
0.473198825825499	0.192238507652064
0.500934714308227	0.344743615178955
0.163955515325982	0.0562962601144911
-0.124655068607416	0.0696076666537849
-1.05267085122559	1.29683066407353
0.334242638004414	0.232324478178815
0.978897100135758	0.668167183799053
-0.209556659889249	0.103203684446562
0.499602082134084	0.343577860052182
0.366784940328174	0.340378157713514
0.486267849044283	0.447815161401937
0.53412669194465	0.554328229891186
0.978485490325029	0.66665627841578
0.846478708147722	0.360097911246668
0.35975080515339	0.201431728531042
0.922949382351468	0.501209857976813
1.54952177070709	1.87118203099435
0.201945250188807	0.132986365826043
0.499915998967278	0.463795450138189
0.689369698791533	0.22025689756634
-0.763962133268548	0.411558959267011
0.178113736401005	0.103150210118637
-1.20915625704602	0.903961367034998
1.46178726918887	1.66164273395859
0.0859807661371345	0.05611545727708
0.187111951998981	0.115789272898048
0.723667535364164	0.477277509556166
0.327881933064881	0.330320473794486
0.31605103012404	0.229628585786854
0.0988865719007734	0.0674956340206865
0.855924071865978	0.901568078971593
0.635687634464116	0.598058741958979
0.999388834846007	1.09354541907395
0.0336653931249185	0.0235382431317557
1.80152871952696	1.01635598151886
0.963743115659934	0.255236344279286
-0.0858387123236298	0.0498369299942588
-0.0330373820780367	0.0204523024035705
1.01777990068007	0.837718448763102
0.17899314570337	0.0538175920888867
-1.8226751263221	1.14179911883642
-0.0618222642179109	0.0371541128867263
0.197680394839979	0.136365564245989
0.434410148438197	0.347050705570969
0.195953243853713	0.121784177697421
0.41023368826345	0.338669010078331
-0.19215016248689	0.142063714013754
0.289067548745401	0.242353839418869
0.628307973764904	0.58882319636658
1.2734039958289	0.886608254302855
0.632700068846687	0.333848450775518
0.963214248695465	0.255090594573707
0.629170688010486	0.479054900612446
1.17337695130908	1.66720813403989
0.428397255000567	0.195473554037537
-0.564721410841903	0.408000971641744
-0.443753084343705	0.291863431959274
0.319984330332405	0.220980431970521
-1.47069199859247	0.741348714485643
0.0277446924846978	0.0140124399324719
-0.216044432531742	0.106588697949566
0.0320119703759678	0.0223790385024601
0.470356084460277	0.445007555656086
0.175229935098753	0.0600621684845024
1.27622794983717	0.890185571212319
0.859370892333118	0.783320389289473
0.734339134133154	0.485711946230377
0.619491055862773	0.577660369677188
1.48741257038354	0.93717466431315
0.690559056864311	0.220592978829305
2.62721478991601	3.70180636078806
2.77082200037812	1.71715502873756
-0.929039476450328	0.56358450811058
0.426001917242652	0.19432341306823
-0.113893425795558	0.0784108054595246
-0.773649454762364	0.505662548029489
-0.669464625309277	0.525036724401882
1.64303190352519	1.15444588395114
0.308376148514446	0.252689311797483
-0.0400698707623601	0.0293906025545595
-0.504191671069417	0.526605475603902
0.407466563126385	0.335848599757901
1.05878746464103	0.40482083139178
2.77878915233719	1.72422357212541
1.06375255943934	0.407031400293661
0.185325612919726	0.0903887390463383
1.064607629808	1.12945036193822
0.687904703717867	0.219759625438134
0.634422439130339	0.484348791702411
1.30280368834816	0.72570582753384
0.19413145349421	0.0948696095057559
-0.592490198332496	0.47819685130508
-0.553271313347184	0.397567215946423
-0.432879041772623	0.283539803205078
0.630971289129272	0.333037502975202
0.388588574058945	0.197650480504143
0.527623200779464	0.456499635522758
-0.20588433522013	0.153342656847673
0.18872319729383	0.149684437073284
0.720948174329145	0.341130987722089
0.469428274820716	0.19065864418756
0.918568504892127	0.498475765483795
0.161745019153901	0.0705745850951094
0.0183925714495205	0.00938891182774541
1.38579131127895	1.28517434315018
0.513566681957713	0.461090144042546
3.64371154631014	1.44368517222673
-0.644646484848698	0.443496279078802
0.0348970166902066	0.0192418195053157
0.167162927808571	0.0647074729110319
0.0145240994180261	0.00748040840822905
-0.426311720595949	0.32520985525733
-0.00951423013785211	0.00434550029669821
-0.778436143922551	0.724734256863253
1.64396224066188	1.15648074484024
0.0158737518735693	0.00814487386089494
0.559251635958725	0.467659965499961
0.130168205344687	0.108025978762285
0.373409303854475	0.33735829526785
0.114193887688968	0.0867666039904821
0.0969427075133678	0.0661416980333963
0.728673965379545	0.481860069714681
0.179369859705814	0.0539368960907662
0.712927543244119	0.336393003965956
-0.166383623535794	0.0879288867466567
0.929357261785221	0.506099103619842
1.47648048364922	0.492996794108507
3.27272750868887	1.11966450015405
0.361301093405218	0.202812685385131
0.545282959725496	0.197930364047729
0.183517076211768	0.0894549156492744
-0.158277422346857	0.0835346648677236
-0.31287354124743	0.185631777297277
0.0701570883957941	0.0435068413511996
-0.774014514069073	0.41814525900191
-1.12592975368237	0.963537789244477
0.182497257982085	0.105914480828515
0.175928068648386	0.0855559791042798
-0.0858852195094076	0.0498941788021143
-0.0554508043478584	0.0333048541254473
0.411917332351033	0.340350482316471
-0.0409271074035741	0.0300171121203019
0.667127925940627	0.710239655663478
1.08372318075856	0.529235641723907
0.362636513343598	0.203320699259383
0.928449484345449	0.505920068681215
-0.206958159648165	0.15431834965655
-0.0054475597271086	0.00252748225449873
0.671475923337307	0.479179360802224
0.959543454922691	0.254205280821647
-1.7934287506278	0.390727439150181
-0.510467950446701	0.192634994676847
1.29433854842701	0.719347932834594
0.360739226372389	0.202435196258758
-0.119067327029604	0.0664309794802831
0.161163484333363	0.0624184275728961
0.0671284274855097	0.0394255072767804
-0.501797267692593	0.189241455696606
-1.45891776504636	0.733205072648082
0.974391481231327	0.964131824361026
0.386671632527198	0.196491681655945
0.350185284004277	0.195688375952652
-1.08806620302584	0.738596546671369
-1.57664458992729	1.84742659599567
0.593212021960804	0.476003693921949
-0.418398882532864	0.355800210018827
0.198276698502766	0.142601117472061
0.0135158481239947	0.00699940484274848
0.402449675301355	0.344475110916233
0.460706895652989	0.448500198445439
0.176288847274866	0.0943640302562893
-0.645999496730873	0.444838221184382
-0.621061148603356	0.361869327943132
0.564117754111398	0.328523788181269
0.206948198711832	0.170999087085622
0.38763002895181	0.197079987889104
0.746697341166686	0.623767063913237
-1.00581385712089	0.398098538455273
0.967271104517323	0.256176548116206
-0.751578918535292	0.325601084499325
-0.559488866974554	0.402697297724827
-0.277934786020047	0.199841044862605
0.3281760490854	0.227449086615442
1.14326578487179	1.03479816620954
-0.375710729248481	0.256027082271819
0.41477598466209	0.328124455713057
0.971808690328807	1.1872096133178
0.533327679603425	0.341070106207743
0.811155199639233	0.770100802401566
0.292439159676185	0.228679979801575
-0.0940315981247331	0.0546982085721232
0.196163495959214	0.135194970712101
0.676878551410764	0.484553132144432
-0.911564007107645	1.01457391941909
-0.362523949015256	0.30964933035286
-0.399427229287417	0.367257790049845
0.2968930807945	0.250127792237222
0.128744362326529	0.101449493309224
0.356416567237631	0.338524343066154
0.143109783800453	0.122678145332197
-0.161752552214783	0.124656948765362
1.4574684016998	1.65480040313895
0.405315939854056	0.347601614556922
0.848410486986037	1.09391463727799
1.27068974289593	1.07921114973582
0.464273866443641	0.337043661633977
-0.214580447047213	0.105856879287296
0.358809910440292	0.20113672199713
-0.936348960338968	0.981724775610602
-0.918996172465664	0.667617747057839
-1.09094564209014	1.27566885754262
-0.135429844935301	0.0911699348128313
-0.161947761395919	0.0856065181456611
0.171738207710718	0.0748450336409684
0.70942692191701	0.621772126717229
-0.316287632486439	0.248131355918792
-0.771622676702766	0.65448901444633
0.174182920014092	0.0673634853863691
0.74967653054095	0.730221932186418
-0.127674594003177	0.0713722531129325
-0.00692720461804634	0.00318654282294471
0.564504666435916	0.473369351350383
-0.470336113383746	0.244086757448538
-0.0343498227069009	0.0148161019602823
0.637568863223421	0.337012569037705
0.559721929118667	0.325915959034079
0.0184383616370872	0.00938987674215173
0.8080369830922	0.642479604456273
-0.0752177151460479	0.029563691770673
0.183104193661032	0.089218931922504
-0.925058492107265	0.560072241918354
-0.307392320863443	0.181925169581096
-0.680709194313583	0.589576448458647
0.38731228480816	0.197074194869401
0.384112103079528	0.195266627654541
1.55361180609336	1.33515657058732
-0.091794441009108	0.0533921432026736
0.53056230183372	0.338881365630724
0.529652888165746	0.338552717286061
0.975508470280899	0.665017483370092
0.338378962876315	0.221645261102714
0.925507447141168	0.804091954349195
1.26861454428058	1.07611885766136
0.465276441243968	0.337895972786604
0.0321391692379521	0.0177713357689316
0.531224282513281	0.339329670527012
-0.77623067471491	0.880582981381576
0.7515434529001	0.629611943310883
0.0673702785858058	0.0417864532549403
0.00623117978639414	0.00429303015344737
-0.378058478154441	0.257823760399199
0.0403506785771798	0.022187451322555
0.177560949022841	0.0686680759912769
0.969511536943133	0.957598264619326
0.922061902815981	0.501312107166686
-0.526963611039303	0.329912994647045
0.386671632527198	0.196491681655945
-0.216985540196245	0.139627077449045
-0.0374325977229412	0.0160792027875367
-1.02570584611755	0.81048804996678
0.0445948585754192	0.0245018999095658
0.73297262351404	0.484512573718011
1.93237138822668	1.6761841116432
0.640373707923108	0.490069375854482
0.166741085808389	0.0645460091824029
0.0168241611169745	0.00862974077330596
-0.369785540362907	0.152727540652227
-0.277072022519318	0.125573551816857
-0.677400226505683	0.533018869008203
1.55654762561845	1.34248487434955
0.0382704853373479	0.0210520418520726
0.874169670281995	0.802155471104106
-0.452655880570757	0.298993926998838
-1.12019209758334	1.22507838467919
-0.420290584057281	0.31976802893492
-0.282475674436709	0.128075248154545
0.171587248755068	0.083452290621918
0.328148218032557	0.213988112102802
0.440240949956541	0.335166954348117
1.12805256625056	0.861419034968814
3.64995436887393	1.44813448599007
0.750404505278222	0.628213502067692
-0.135846343597815	0.105712871799807
-0.0231744843812405	0.0195042338903054
0.180208044035612	0.0877730271711821
0.0565178804139459	0.0331827451913062
0.505254190983138	0.451369452342216
-0.110903810422987	0.097951985723924
-0.0554259730686119	0.0461488313196801
0.537727396657413	0.559254984199184
0.302561689033564	0.255759348977833
0.0625733706038236	0.0367131961176188
0.534128207330117	0.463615080445595
-0.866479211266324	1.32868566507982
0.572618774975108	0.334405145091627
1.05162430846755	1.36064216242406
0.331415416790559	0.230071537245359
0.468214453891579	0.189971319278414
-0.588885471512273	0.474386134716044
-0.370393338064475	0.153177348451851
-0.427039489150074	0.326054916185692
0.589209145398272	0.471529270125964
0.0419376908654767	0.0246658040446568
0.564479641975206	0.32917550154232
0.417970167573709	0.19018267865932
1.64299318384851	1.15596513003904
0.519288504598003	0.330186958040052
0.635826289949205	0.33615084354105
-0.763792446813763	0.410756424700134
1.92500035512702	1.66540354858497
0.814223754653198	0.774457754723773
0.461844758371917	0.187186797154921
0.0199355299055842	0.0101679630487866
1.37705242459456	1.46777902069584
0.820472923274779	0.495899281763096
1.08969250037679	0.532857398847186
0.545282959725496	0.197930364047729
0.170590929435123	0.0585228740679515
-0.77255236719228	0.417240735532564
0.463841568690425	0.188097905381509
-0.580039235172741	0.275448487911704
-0.696981095102792	0.657578421576823
2.14931470898726	1.51037039114267
0.461850148347275	0.334713141518072
0.805407945856672	0.638043405346905
1.15543780278895	1.30958625204228
0.559793072866076	0.325640240024712
0.753011659062271	0.630658111842636
1.10850768213645	0.685513861129085
1.78639527550139	1.82857696108577
-0.469867758877856	0.24393779929908
0.713939067579646	0.627466616517677
0.968744447902922	1.18190485434757
0.0366637050482465	0.0201825882995075
0.763976980124467	0.643314098115041
0.955633770584139	1.2788035236603
0.107068520711024	0.0810109972393456
0.177377652472995	0.0864228467938857
0.814789820779213	0.491181725409607
0.174554672390753	0.0933713657983643
0.445489140251758	0.340009637659078
0.303651375966927	0.239064866814872
0.0658873571433759	0.0386729941513772
0.17845548770474	0.110146137233212
0.183326277441054	0.0982962784528176
-0.158860843748975	0.0838465442940558
0.550585584584045	0.199969616725774
2.76249868827434	1.70756442921482
1.79775445936036	1.0136566754026
1.09607211465573	0.536383621441342
0.358585078597092	0.20125103746284
2.13847384175308	0.967026817523456
1.83948692258838	0.725717515665962
0.692481142426252	0.221366284684109
-0.125169288493175	0.0445724895609022
-0.330247461830149	0.0945973836552012
-0.198045826596271	0.0637553577032532
-1.14475218348189	0.635473939771042
0.168071883948661	0.0732963178096792
0.759613639839623	0.638675431751693
0.431779347078724	0.197241496481901
1.35135662214001	0.598044460885579
1.30146246649907	0.724522922364383
0.172864397881798	0.0592822657182494
0.169210512219869	0.0580517383438211
0.749784225214784	0.627481164860663
0.570192613814152	0.333055140698529
-0.290262746542189	0.131978551902113
-0.448887313961937	0.295956734467844
-0.621649277782516	0.362651023521628
-1.1344527678797	0.627657685606536
-0.435922832926625	0.285972685321176
0.632959346673267	0.482659492527019
0.520251072458294	0.330964301441627
0.53273547557755	0.461996160450294
0.31749742754368	0.230686420442115
0.576451019499837	0.337147244076676
1.1577666136052	1.19097545082691
0.0824149943386337	0.0512757937164977
0.0808006273765037	0.0526470558119628
0.632637408418001	0.33432554920302
0.068996156655385	0.0405321463658896
0.483172865076361	0.196579805965247
-1.15538262121036	0.64367192052927
1.55296486597603	1.33480961772747
1.5926000408058	0.800136466406671
2.13906062935306	1.49892541915581
1.46341520408474	0.487915667204292
-1.12519556185123	0.339754109482426
-3.07822553691956	0.950796797182827
0.920057191882775	0.499678550562948
-0.0102398298924561	0.00467114751075789
0.171704025928417	0.0835157689066553
-0.16153731339258	0.0852358825444521
0.478701430005459	0.349932248297976
0.459560328660423	0.332605385831707
0.763036515584556	0.642243599462153
0.4672407890073	0.189676850544603
0.844441707134117	0.359109180860946
1.06449307015235	0.407221804443696
-0.464651857044816	0.240268785301997
-0.75748148143745	0.328671545453277
-0.309726999020992	0.183477140349273
-1.07705367783671	1.02380003402712
0.183727273452493	0.106682213473944
-1.31453130223002	1.06841918673548
-0.0317558329882926	0.0137401825492043
0.184290995371237	0.0988464666159299
-0.411962595131073	0.311958917778461
0.66376027413369	0.602675558071903
-0.857973691996413	0.777275881283609
0.768765425638654	0.756032408910817
1.00160370401694	1.09816024828879
0.360897250702911	0.202545829812918
0.186326471949777	0.115437780355559
0.0528547401433539	0.0310101686208742
-0.768760516519057	0.650599870997206
1.05989643717056	0.405275695027378
-0.123220651484122	0.0438507532384957
0.834173941240862	0.353975060317692
1.26566885727217	1.07265497343219
0.718996087124188	0.340013548677714
4.19332756457112	2.03901099962885
0.713407955282736	0.337122359406939
0.17745392213564	0.095020624133841
1.29750740227623	0.721075544674954
0.637078219849197	0.336673323030678
0.465668385888745	0.188905949471252
0.421928659406831	0.192265447618348
0.356278098641964	0.199486429324889
-0.0151067389148274	0.0096032355723579
0.310718387706901	0.23554361007939
0.172960903275516	0.0755070889304416
0.194242881564731	0.120705402243433
1.48155429999779	0.931304333386372
0.185454319096416	0.0556335769192585
-1.00340310411483	0.396780300923095
-0.376949688243218	0.210350044311821
-0.37605043838665	0.256296376570465
0.41955621038951	0.191216920870613
0.523742171833144	0.333339310174921
0.532367242873544	0.340305171699043
0.184690158350229	0.126578016159852
-1.32470885033108	1.3073101239018
0.765792903802236	0.752335113312829
0.465427668768095	0.33819607397196
1.04387989187423	0.989729815813444
0.890429085338279	0.663325021284914
0.0180191963691882	0.00920446358368886
0.171278774958816	0.0832909538716651
0.987910619825633	0.675936728243287
-0.955508871026033	0.46892875411228
-1.01970812106872	0.404484563036765
0.38212547295305	0.194088176340719
-0.195186900570072	0.0628739701093823
1.09844117530303	0.538310390343076
1.42330206483267	1.10811355178735
2.76330811440907	0.780761067286217
0.165088029467664	0.0313824661178469
1.84913301371151	0.730266351387413
0.17782934982735	0.0688077558569217
-1.00340310411483	0.396780300923095
-0.765921970082255	0.498432493633798
-0.57537444198039	0.272562464667013
0.675750158813931	0.483361294545888
0.817648749388514	0.493657204181521
0.880988219471765	0.652926561805385
0.410265378902304	0.186519356607219
2.59130867018283	1.45777478304179
0.632700068846687	0.333848450775518
-0.282956403719102	0.128312440108498
0.4500906938092	0.34414280353314
-0.267268278385371	0.166364311149815
-0.668761338346995	0.52375971199532
-1.30690628551392	0.810819945675694
0.015690518408317	0.00808485444748614
-1.13544336893567	0.628110036834666
0.203413945789435	0.157744742376143
-0.0552236978231542	0.0331732525552822
0.316718970162021	0.240909981242622
0.295700294551641	0.240562952138012
0.322258338008255	0.222841631166361
-0.595098150735252	0.480888518940938
-0.864721933169468	0.786153670810062
0.714800438759229	0.33791859771632
-2.04787602398227	0.931932803365012
-0.703264262088321	0.240508331840629
-4.20961446625336	1.97810741883553
1.59428060468996	0.801026192541377
1.35029297080259	0.597376447511037
0.920124812623292	0.499566932524203
0.962553055030982	0.254827961566665
1.05989643717056	0.405275695027378
0.178820853869998	0.0612698080138397
0.174911674153999	0.0763586535006483
1.10731707394698	0.683764912397814
-1.79726582531089	0.729767900198108
1.8383071367458	0.724853864168302
1.96276901321247	0.454520391574277
0.170230434608558	0.0583940430699947
-0.221489787075252	0.109404066281498
0.17556095712477	0.0601675035655895
-1.45187079039801	0.999948591765882
-0.512807453054578	0.318998696238769
-0.867681357361387	0.790134919494789
0.171189775428302	0.0662121976703994
-0.281977120450776	0.127853103537229
0.526621944202931	0.335614377812274
0.534101702125499	0.341707216344417
0.108722677663141	0.0773332040350251
-0.170047443273262	0.111958424044115
0.28860058721465	0.225220642689152
0.44137410312586	0.336040385640501
0.439764841336387	0.334544598886982
-0.178154453034467	0.134824153782244
0.0853137273382063	0.0556723098308056
0.201350429138347	0.150685516909747
0.18311164859427	0.106304732599949
0.0336779723026694	0.0235458367375557
0.0633223421757538	0.0392390323673238
0.804337829636866	0.483675970485298
0.173720977468161	0.0671974039748162
0.41715164680405	0.189909355575589
-0.75738603312523	0.491065791793147
0.879501228214407	0.652296452460725
1.08769613908304	0.531928346400358
0.917598045406558	0.497760823322185
0.963214248695465	0.255090594573707
0.172309731920116	0.0439046529437047
0.182877036044145	0.0548713515215598
-0.191951684587849	0.0619002672361887
0.638522588439434	0.337586096645613
2.37833363806881	1.20570132413706
0.183063896529214	0.0463401006276899
0.416928177991198	0.189574501107516
-0.629150392289846	0.367734230009071
0.545282959725496	0.197930364047729
-0.375971744780697	0.25637821541533
0.52994116217299	0.459082484123313
-0.325997995642484	0.257298675135086
-1.47703470869112	0.745782655478961
0.18589785584412	0.0812108553937734
-1.01254633881263	0.796255728848001
0.899859761412469	0.916617512539434
0.373460255585615	0.337421842971424
0.488867901515213	0.4507821045677
-1.14132900140017	1.60427708314412
1.25065825109081	1.75876937301641
0.713297760962034	0.626657979331541
0.518881868215709	0.550227561317522
0.123676325425147	0.0971411353673697
-0.207167542854131	0.154476616260605
0.123657575447702	0.0971480499923726
-0.524832690302835	0.328371567896717
0.843067846343914	0.358127084535735
0.547057604624631	0.198554222727286
0.527972876313318	0.336637724805581
1.26644762794149	1.07295626558509
1.09110007173437	0.533327431860545
3.65499468921657	1.45049079500857
0.962025660417238	0.254682745005495
0.572618774975108	0.334405145091627
0.46306655364777	0.187776589424895
0.927419410674345	0.504659925072578
0.174963470320836	0.0850580575972514
0.71503477840043	0.337624289933587
-0.388617379983737	0.217852275661052
-2.51746768902559	2.59589127747156
-0.678737461555101	0.534428691932201
-0.287571955733784	0.130642489782235
-0.289554466138518	0.131510191979948
-1.58154828235449	1.857560558505
0.637064772196356	0.486776926744546
0.19244682416822	0.126181624566782
0.0749641708865645	0.0465343987172847
0.9104055285144	0.93199400474896
0.018302099351328	0.0128327212991649
0.333422891623092	0.217634323206375
-0.772074018901335	0.585323470064979
0.625622741895845	0.475701836884041
0.212095567609053	0.159557430589363
2.2709173725569	2.52889194457271
0.869679684528236	0.796285109075718
0.73646913456995	0.488468345188445
0.588963725372184	0.663812420150108
-0.0666388098814377	0.0473820921940444
-0.769090087139689	0.713019253954644
-0.0270646808823868	0.0118054220659544
0.812376706207877	0.647191793106936
0.630971289129272	0.333037502975202
0.418904781644313	0.347407755259396
-0.594135034249413	0.47973080698115
0.717167525171704	0.721274489660763
0.922578380067924	0.501676926030707
0.723933132238692	0.342825309556924
0.931866940954638	0.812225216608015
0.565932033446641	0.329782494389972
0.420514256790008	0.349105600807837
0.976996319353491	0.66657155648078
0.934962815351363	0.815317332197498
-0.579171799424685	0.274880131171674
0.81624591352711	0.492517136377381
0.201485205234356	0.132600884448069
1.1073129672945	0.683442040082374
0.53218285689087	0.34015173704014
0.175229935098753	0.0600621684845024
0.383151350766212	0.194712303996297
-0.0544031998056498	0.0326831536345329
0.681529292535513	0.488950144592125
0.629794222736275	0.331744910018741
1.10217882059891	0.680051928896139
0.191894620667583	0.103135441204229
0.165005952699444	0.0802406640873846
0.770723534969237	0.85194239154653
0.211258007583466	0.16990527017592
0.19667004054485	0.129143510412396
0.63600247656578	0.598572452243418
-0.174495982239036	0.115156854091468
-0.35894501333799	0.242602223094864
0.203457446459787	0.140681166913851
-1.23013810970242	1.133286459743
0.84740079201131	0.360631206481512
0.184811040344194	0.107365404547828
0.170577013325729	0.0660273817481434
0.68278086909504	0.218093717626154
0.817317936258235	0.493794453804657
0.63998157026547	0.338475426759111
0.552418133132983	0.460105683538724
1.25899353520237	1.23770470987295
0.713645395252702	0.336619236114937
-0.626644911310794	0.365525301846955
-1.154900219188	0.64329149488414
-0.644827336390258	0.443814723278699
0.289840185397421	0.226261175011973
0.632415486177175	0.33399903035708
-0.143256622193235	0.109223790797047
-0.249796592375457	0.154296412116899
0.185921729579219	0.137933335626485
-0.476016025635975	0.352440581341422
0.0268090499391741	0.0187366320514647
0.583729909534734	0.466350963241834
0.380190341554113	0.192844119052471
0.104598786402156	0.0716026233002972
1.46910411205871	0.490049168285487
-1.4702810167601	0.74144128695738
-0.923749239270671	0.557838313123971
0.937747595413543	0.511940281377731
0.480784163820623	0.19554158587468
0.183063896529214	0.0463401006276899
1.4646350690462	0.48856709745013
1.35599982772491	0.600674346947817
0.718435275402613	0.339720316166281
1.84839075322272	0.729859263775591
0.692028142380155	0.221092112401465
0.182384642090162	0.0461735738884295
2.13958082308296	0.967639587738095
-0.0296057763226819	0.0128589355627462
1.08689352395271	0.530899521060822
-0.323664690407152	0.0927962418225715
0.167162927808571	0.0647074729110319
0.182336403143595	0.0547549505032696
1.35064130120685	0.597863106700744
0.173675896434513	0.0522954303204406
0.463453634222606	0.187971647179528
-2.06091075272129	0.940131737105375
1.83948692258838	0.725717515665962
-3.44821343973509	1.22397568320365
0.687453672774919	0.21969379736456
0.844441707134117	0.359109180860946
0.172815300536377	0.059246231431734
1.49082578735798	0.940153988428946
0.726870222923218	0.479731514118854
0.183914802913096	0.0985942263966054
-0.498493518746738	0.187923773703768
1.29735004154942	0.720640365367746
1.06449307015235	0.407221804443696
2.38875259593717	1.21254594225818
-1.50215938518201	0.53435945377886
-0.697202314681331	0.238170495213451
0.173299717196841	0.0670382465534782
0.195098600299179	0.128006973832202
0.161251150232847	0.0308565698216007
-0.20519038735839	0.10088203753277
0.467600793707699	0.189684539353419
0.718019519758237	0.339400982537212
0.491778817852099	0.337283983501923
-0.282938079048762	0.128302505025126
-0.563576994601835	0.406629357021678
-0.314212465069236	0.186338660769266
-0.325582325201124	0.0933470317045756
0.713407955282736	0.337122359406939
0.364920934448193	0.204900156197882
0.525661443653014	0.334874737612512
1.90434939937839	2.11391168417521
0.811049644426749	0.488025155134793
0.17133310499009	0.0662650406914928
3.94011940400443	1.7432966017604
3.94764084202246	1.74800550010391
0.709864501255251	0.33498104786306
-0.699017072942874	0.238830158693906
-1.80908116063323	1.12733264064497
-2.57036588579023	0.664816582891659
-0.164056537556134	0.0866545734973293
1.01595239489665	0.834198643658789
0.807408698843856	0.485729130110353
-0.331884233338781	0.0950660268702792
1.60289004599019	0.806911127141076
0.478185042803442	0.1944268337106
0.181837521716867	0.0460537144756759
-0.749962038454575	0.324836661096217
-1.0685007065582	0.718859996111121
0.170349312710672	0.0658625058398233
0.487165675425447	0.198229906819303
0.384339873370408	0.195103212494859
-0.0741899069918027	0.0291703427470554
0.461162791671964	0.334101496875452
0.179369859705814	0.0539368960907662
0.181222403711057	0.0544586569816679
1.0862785017696	0.530305893793166
0.421472067802173	0.192003171629797
0.517957553508377	0.329298168958535
0.557018023353638	0.202406809251953
-0.775215384065424	0.50691665385012
-0.215073194081069	0.106082349165135
0.313992035172408	0.23861044084899
0.590549250767845	0.472853323156473
0.744684921331458	0.495022029324183
2.58431031561478	1.45148633408446
-0.744354053349253	0.322033856563692
0.184290995371237	0.0988464666159299
-1.35286299517598	1.89536077639374
0.900530335390875	0.918002999202816
0.315007215242869	0.228685868199155
0.163014177538385	0.0709826943247341
0.190454927032278	0.124788251549012
0.318770589485159	0.219998100780077
0.380749573524303	0.345505879841648
0.588232927838773	0.470906343206875
0.334904098534024	0.232886407021053
-0.356784772262925	0.27489090276434
1.05615850665401	1.11583114555875
0.710803187392249	0.623571918165281
0.0304369263747221	0.0249957743475649
0.687135935845927	0.711284722898621
-0.766748878679815	0.865622635269073
0.444019899687926	0.338708788367799
1.16180893593814	1.32120464637047
0.201379399744804	0.132517867258024
0.12745001009578	0.0975621571263792
0.361504505250025	0.344439028911406
-0.102537111150356	0.0702174513477006
0.201869972161011	0.166205489026004
1.24381976410818	1.364792000292
0.443831464857774	0.440900038546625
1.03248537109976	1.32389625031923
-0.104994721053664	0.0719639063095628
-1.19298986489934	1.37435243431307
0.534516478805352	0.46400859547192
0.275169875155873	0.26896069985248
-0.27896275763762	0.222001208155496
0.00687509033525364	0.00553341676749866
0.121049370514591	0.0923272292856386
0.110400336197784	0.0837064107450902
-0.0531501970104934	0.0328886900960824
0.631639608351797	0.481938164374838
0.0821712731219674	0.0535622612498717
0.173932942960796	0.084662627627622
0.31214341192528	0.2368991669865
0.180043123445404	0.0965252163589181
0.40327285902904	0.331611168232022
0.379178368978338	0.354574437620363
0.944055524773875	1.06216713334995
0.428010118477931	0.340859583912085
0.181307067777719	0.112121934413466
0.309715766329152	0.244645001543216
-0.0604765695554422	0.0429012924494865
0.0704501652412215	0.0437242043581747
0.33412752450915	0.218443087614408
0.0423597975780835	0.0232496450333815
-0.0845313467686699	0.0490973464693617
1.38079712334403	1.27735276182375
-0.748347786934168	0.323925352386627
1.12721824589707	0.861770025229822
0.200969844666069	0.155686401161547
0.0750392343739014	0.0466095810804836
0.550941991992969	0.200022862882379
0.636322007002431	0.336491949487148
-1.34877208007072	1.72117575795072
0.192644533496638	0.132550495663525
-0.0274356750930574	0.0119593052026946
0.184555197562421	0.0990936491724302
0.525661443653014	0.334874737612512
0.178820853869998	0.0612698080138397
1.12304609782653	0.856955421311388
0.105481480086797	0.0749304327190013
0.124856698194243	0.0954319586349181
-0.318726622807328	0.223347976748712
1.08678881594053	1.26852143070812
-0.112588163043985	0.0774382995443257
1.12224065716945	0.854342756468737
0.630753578617637	0.48068888006805
0.209107247630747	0.151242209600058
1.36247184293252	1.44427031307049
0.433441993656079	0.346352412628019
0.811327369428542	0.644994745467394
0.660455471173277	0.59897025374644
1.55959782291305	1.34689776302398
