x	y
0.0740197950037505	0.262087135899514
-0.0645051145690634	0.216454144492133
0.654598667615538	3.98007883365982
0.95854876904365	7.30606745163382
0.784014870531409	3.98975263861371
1.32927411478364	5.51555357992567
0.0437765887694755	0.032673217677372
1.96276901321247	0.454520391574277
1.08343202366489	1.75996015537685
0.703542470312023	1.78045779398582
0.849140076835454	1.73945884558474
0.0316809839362296	0.0292092462479709
0.0143505816387637	0.0146990571707249
0.219706291302729	0.29999696333264
0.344674346752208	0.324772624863464
1.23802389447479	1.73130214730884
0.169774052278907	0.0741208666961899
-0.177325436888131	0.134076646435485
0.891544412837324	1.02580180686852
-0.0361090116068646	0.0297604016852392
0.258686881960923	0.260902856863517
0.20276184958671	0.197025296434275
0.101926715330847	0.095406444037098
0.558971018535269	0.654967793694165
0.693139000282592	1.03111012199539
-0.0667633074012199	0.047466682311285
-1.7934287506278	0.390727439150181
-3.07454565876188	0.948489134275984
-0.176076213791993	0.181676117588439
-0.320801838896938	0.360840533431466
-0.263983445693336	0.253280255370119
1.17826080453447	1.8733687498244
-0.43933391828301	0.433936989281864
-0.560949705847326	0.53800694737807
-0.194704448458906	0.188463978728963
0.311440262813445	0.338416810584562
0.0538936028864493	0.0414962754153604
0.19408518312626	0.167725389469385
0.051273938589307	0.0452341300289172
0.376121344492544	0.340241860047975
0.631739639746059	0.593213558491768
0.703723686705103	0.615701073993613
0.39282320046669	0.200087170317685
-0.444474373181301	0.292389330457929
-0.297792468128956	0.135653819816251
-1.1182849071041	0.337405124817419
-2.57036588579023	0.664816582891659
-0.439627420403075	0.400646978120772
0.197594291854604	0.129807158332273
-0.591615167397975	0.477461020173235
-0.491710078833126	0.366882185405644
-0.625815400727552	0.365606733712204
-0.240239452925137	0.176210093688768
-0.214311374783677	0.137747444126376
-0.0644679087728911	0.0457909230167862
-0.924047183799384	1.03563775579424
-0.558866604562546	0.503391507724164
0.0657492529787747	0.0521984425374948
-0.0581920496858129	0.0349648486374023
0.490997254175567	0.336813985468697
-0.465101025147875	0.240537129548746
-0.930991659172317	0.564791257093308
-0.625394911607526	0.365302627449566
-2.61041778977671	1.58798313828849
1.3495769767586	0.597194616535652
3.27631781619437	1.12171855032085
-0.703264262088321	0.240508331840629
-1.7934287506278	0.390727439150181
0.181159179759352	0.0458876218072277
0.623655409255502	0.328175143919234
-0.123024124625614	0.0850504529499874
-0.85668481545908	0.846976019536568
-0.222576497830415	0.109921725106809
-0.375913484716817	0.155538822167635
-0.373810451189201	0.154600652368187
4.19219665808375	2.0379520855075
-3.44619623148129	1.2226326390086
1.4226346464751	1.10885362592843
0.687368688538373	0.21962274738387
0.183063896529214	0.0463401006276899
0.184971072095669	0.0467387603153735
0.683961295954432	0.21841001184846
0.53818486903416	0.195103437224185
1.06227192186728	0.40611816355748
-0.31287354124743	0.185631777297277
-1.0048610187024	0.397512616365048
-3.75617280639968	1.48517393103445
-0.32759034209047	0.0938892839663892
0.373562253968828	0.2104630559587
1.01681744544919	0.836433978154248
2.15124144569891	1.51256972438531
0.054737867682082	0.0321159501396079
-0.324188521437909	0.227750289841465
-0.310778085812774	0.184124690693208
0.0172720380290177	0.00883395270115049
1.02096246456854	0.840734766698114
-0.444115523413915	0.292418220089787
-0.883004256384934	0.727429860461561
-0.377493244495115	0.210400130101187
-1.08144842732064	1.03071892932342
-0.378647522483454	0.211570272159897
-0.75611798444061	0.327981950322127
-0.701407652969022	0.239760620804689
0.186752657299631	0.0471525522204707
-3.07350260546998	0.94852963330217
-1.49608539149807	0.531478987360942
1.35135662214001	0.598044460885579
-1.79785205353169	0.391773074809323
1.090873223338	0.533536423719239
-1.13879098387899	0.631314368353238
-1.82738978023162	1.65656900440525
-0.322494138445218	0.253973479664174
-0.371336427701869	0.153389557765106
0.16619130625606	0.0315431724784316
-0.677441757578046	0.585621238868116
-0.775032336538132	0.506764219933557
-0.772162537320673	0.503667423191532
-1.66642479116518	0.939856405439305
-0.301027252242736	0.242676650914668
-1.14320991255037	0.633997436018136
-1.31999206134036	1.30003912432784
0.507083065878969	0.349955459879821
0.16965480738538	0.0824518710881052
-0.892387132290636	0.738222969071979
-1.00198766685669	0.396175079052544
0.372198530070715	0.209565392433698
0.170514629320981	0.0743743929550718
0.37089315150111	0.208757306046448
0.817865796313315	0.652828123728937
-0.951085162655015	0.466480187150023
-2.04319649221053	0.928970425477793
0.694404728756287	0.221883604128058
-0.322936466881447	0.0925708388690686
0.00204318680485887	0.00712051560643179
0.614342901624609	7.18579957983719
0.724517548921547	7.99706274589697
0.453649181797223	2.94305727483496
0.948739266316767	7.57068004279542
1.46702898460652	6.66457043908152
1.9816934476863	1.24747195895664
0.915179580900838	2.97138567988929
0.46621214692502	1.62862655023826
0.65355843482136	2.15835844136007
0.245986614971021	0.491486210096871
-0.0266347199782274	0.0392133779740081
-0.0156595884144707	0.0223501813922294
0.0608162763503901	0.0784670065821539
0.189080323362841	0.214659659774515
0.788877014383751	1.24640760080063
0.487041719038487	0.727985828587952
0.412762717380065	0.681339973264944
0.342660574447053	0.548691828408754
-0.0267149434863846	0.0308832409192221
0.459053342002357	0.785234934597569
-0.0247607601104019	0.0338937647699782
0.0242066361858725	0.0265781890134059
0.560235290871985	1.28928044000021
-0.19011745379348	0.291520135421071
-2.04179018303573	0.927926984033333
-0.0733809977579849	0.0288349533476671
-0.453061577654308	0.781750837760678
0.39097440577298	0.627942463945874
-0.387722218809427	0.665211996851395
-0.489735963367484	0.89548513722426
-0.421118951413296	0.711740009609285
-0.470876303002886	0.748386529316088
-0.351955609732793	0.512619516727698
-0.102539356906072	0.098816168529864
-0.236329917827224	0.284501900744511
-0.365600067486887	0.458312620564059
0.156038688383976	0.162657107201925
-0.654619455037346	0.901206349475012
0.0317876608906225	0.0302321908061979
1.18492103171419	1.98482392468252
-0.15099791416926	0.129656633062964
-0.321769449493909	0.225707365651732
-0.631819924657964	0.36947253502143
-0.613682540053849	0.148388769407339
-1.7934287506278	0.390727439150181
-1.79346061997896	0.390723019452767
-0.613158918177153	0.148231887572971
-1.79785205353169	0.391773074809323
-0.219391833967159	0.196499273674682
-0.326971532803785	0.258195966092619
0.324715585293836	0.2246042325815
0.445641606879388	0.340232462411177
-0.0687050242055005	0.0488918254968528
-0.366156426645386	0.283754174756021
-0.0502944856230519	0.0363083788481087
-0.169070795703891	0.127224910658378
0.921583507165453	1.0238467686633
-0.512640107823156	0.420231579896077
-0.187767349760845	0.158035756514671
0.341496266321346	0.208033049294458
-0.447261065796693	0.294979456885971
-1.20364870031043	0.897803236816867
-1.44714941685365	0.995365511826666
-0.517241514167097	0.322576762591071
0.174866744414616	0.0599504088128746
-2.57098043849301	0.664920470822356
-1.7934287506278	0.390727439150181
-0.114233731509593	0.0407829355488277
-0.0947141977667697	0.0551090763791591
-0.123024124625614	0.0850504529499874
-0.298182395116066	0.371158918913138
-0.0647247539236268	0.0459828963489065
0.197229343735777	0.157261597368646
0.211127796413243	0.158734512860329
0.730012242382859	0.48226562963863
-0.0897165135976775	0.035127721638205
0.328207030264392	0.22761416154391
-0.139588461712172	0.0941237486302455
0.73147265962144	0.484024335527186
0.819073065254008	0.494685680283489
0.447331229974875	0.341562626738542
0.329368297633978	0.240819649321337
-0.715060733066329	0.728468042978436
-0.462335091279277	0.517350021274969
-0.00304960259305762	0.00146429003713101
0.0141492409772405	0.0072957579381628
-0.613012730411062	0.148202450577793
0.187984352048437	0.0474280610765032
-0.257983118792559	0.209491061423981
0.130390390081674	0.108249433020989
-0.463280107838394	0.387506573766519
-0.943391677385216	1.28566108276208
-0.414201900074987	0.384333420552213
-0.541741554195561	0.483430930205946
-0.487223545884515	0.439924524759381
-1.13623703214812	0.977278750977989
-0.124901511433341	0.0697650536624856
0.345454474257245	0.210502387320063
-1.4237718005312	1.50197713394104
0.0924626079793398	0.081384248517531
-0.723346984021665	0.910182559994064
-0.041218929899364	0.0340420876876009
-0.531728767459622	0.333266941534816
-0.282475674436709	0.128075248154545
0.172510951303153	0.0840186856122439
0.974242672418529	0.964510954473341
0.631725722401272	0.593137892321545
0.471213953335543	0.191316020734622
1.16293582683014	1.3230916465813
0.38017780160972	0.344919962200047
-0.108231377514343	0.0848400034255209
-0.15545297879229	0.153572069562506
0.88864103834766	0.661964702066667
1.96276901321247	0.454520391574277
0.16619130625606	0.0315431724784316
0.187984352048437	0.0474280610765032
0.0637794970429076	0.0493536112112333
-0.565198744463303	0.449488031959675
-0.0765141867707215	0.0546266218270742
-0.522033015413468	0.326276080978346
-1.02810818795166	1.33168825539079
-0.868000823442606	0.790535330494027
-0.144811978390462	0.121192108330415
-0.373899441963551	0.321555083526527
-0.405305482255761	0.342041259589656
-0.616606951199202	0.740204331350713
-0.288195446181676	0.257326934108514
-0.262234127665551	0.21334643551972
-0.317422214760607	0.222222727867492
0.819020467693674	1.07410122203924
0.714695033773128	0.826534620033118
-0.768260558876959	0.711894325671229
-0.277191920346555	0.19930758891243
0.0244028708917732	0.0123453806142049
-0.254388113306228	0.157522246225628
-0.0776841292482497	0.0304932053455497
-0.00443628029825364	0.016452002460156
-0.226878814182112	1.56931522948714
-0.315277627974552	2.31056751746621
-0.178419377035599	0.890188996680058
0.258012232519038	0.947354855860859
-0.438982233364091	0.28832176312109
-0.684876407590288	2.88628758894031
-0.180109325960678	0.528428708994941
-0.306181521430209	1.19759815353153
-0.264134280170875	0.735666402954753
-0.165254242565557	0.369973187927196
-0.378862880243548	1.4243602509947
-0.930903497825495	6.17294109847046
-0.209284103906322	0.381702379209324
0.0101480772152928	0.0137934837953953
-0.0521524410888111	0.0818145460628215
-0.0485716074429416	0.0776197121032322
-0.0307549899325509	0.0492415756742301
0.035505267511205	0.0600584176830633
-0.159441855777554	0.224415598627669
0.239055555704983	0.409067853817625
-0.242900698540005	0.43104477742287
0.0143763236839073	0.0154624110022126
0.0530555841414163	0.0807394821816203
1.46964366147565	0.490422889690681
-0.58169175877382	0.276267019515021
-0.252815178521995	0.335661948678062
-0.449592034769216	0.682306119010458
-0.0790850110803157	0.102323202194106
-0.529626737129874	1.36652719572089
-0.639362046536987	1.45104952448503
0.0306370676093014	0.0353443914324977
0.320168581489723	0.357233618074925
0.367242419645896	0.351237083365939
0.230701046242342	0.278627632189752
0.781718211209065	1.258746924636
0.662284755380425	0.931844065695968
0.569781787727506	0.562676722501337
-0.0632745912570579	0.0673749239644735
-0.155411067287376	0.131040679662137
-0.0905179078330897	0.0716848632831158
-0.139637732597073	0.0941734672609963
0.463385486310161	0.336307226835766
1.4646350690462	0.48856709745013
-1.79346061997896	0.390723019452767
-1.79785205353169	0.391773074809323
-0.260532901540648	0.161726653872843
-0.770666345968659	0.502837876468317
-0.374492340333348	0.208863715455449
-0.208094001336437	0.102376943927024
-0.899314699242822	0.648494865886994
-0.204695564830805	0.13097797606953
-1.44874928159321	1.29040759813492
-0.698559384547563	0.748263433263144
-0.65753535826075	0.512351039747445
0.342331509268045	0.208595633365031
0.469643053480253	0.190710227610968
0.0158737518735693	0.00814487386089494
-0.292701041967278	0.133161391428329
2.13164652612125	0.962465868289965
-3.07454565876188	0.948489134275984
2.76109157462938	0.779871501961836
-0.617875104469477	0.149400727468359
-1.7934287506278	0.390727439150181
-0.759329380245833	0.408066013840661
1.08314915239333	1.26231033670707
-0.00236294745040112	0.00200849109020823
0.00220468371606079	0.00218207170836915
-0.361256661251192	0.470697913925509
0.0696896115117565	0.0567751801626206
-0.680679401604878	0.894719168282946
0.122701477583781	0.0962924372519504
0.0789115231323553	0.0660671214480526
-0.564238111203326	0.62020824430105
0.305794896524062	0.250264661407515
0.263673532555625	0.271961103316788
-0.376265560401373	0.40128031852414
0.230920610814454	0.258627321969921
-0.335700934210506	0.40016842254634
-0.619622480826044	0.68213986810847
-0.0811425477812152	0.0317943668886758
-1.65101348898405	0.926212735256324
-1.12026119291491	0.338168680078347
1.36031436257139	0.602945216507901
0.803382359396605	0.636518379949005
-0.679768869590859	0.588622061755957
-0.558306135940881	0.402043382751527
0.0532667999617026	0.0292555852244844
0.449816304285629	0.448791502280291
-0.160858471399693	0.105518776595183
0.203330432246164	0.162709260381582
-0.218408229013042	0.107792436337547
-0.0303447935297755	0.0131580291104604
-0.677535154590574	0.585790054136374
-0.891905392977841	0.640681637468414
-0.827286773940276	0.97881758211279
-0.0645627947601254	0.0619801967240443
-0.586305986464305	0.940591160257199
-0.180824713913332	0.19335334103112
-0.297013380040508	0.302269810263143
-0.347045394739533	0.32738980414475
0.194371061277782	0.17615608606569
-0.00187383464972755	0.00145660269093876
-1.00824431010872	1.36658978752047
-0.0925981845291117	0.0807180986535088
-0.451706986228927	0.589620145007333
-0.842778516884094	1.68396602062873
-0.156303720419298	0.120044021994766
-0.559586857700073	0.403256160584923
0.193621576959245	0.133269193822357
-0.89240418085381	0.737799528506559
0.34594224039548	0.211168424445842
0.00125360748159554	0.000447234868703764
0.575740067968758	0.570224942611198
0.385241610397786	0.19561947558382
-0.0629382522666659	0.0456565232453602
-0.340547578877773	0.319925178562175
-0.108741597432936	0.0746877760364455
-0.540686735329978	0.628107707879918
-0.200350125040542	0.223262768574072
-0.865946639472549	1.47361122618577
-0.0674830421480606	0.060533088929321
-0.389379968040907	0.433747723657773
-0.355098883588399	0.381631528160034
-0.535113604734131	0.682343795789515
0.0263017087426201	0.022024043558388
-0.638061682355943	0.776529704739825
0.0233791915599444	0.015692338568423
-0.217836409094711	0.140195235345527
-0.0747244548447902	0.362836055135736
-0.163123026353657	0.951569423206517
0.273405954374079	1.69582529023186
0.569565675614665	2.86281956323706
-1.20319744769604	0.896158479090627
-0.350057852853443	1.0865121420973
-0.0682050048705591	0.176888563807319
-0.00256945486862294	0.00502175293433149
-0.205765689876745	0.538023881385269
-0.231721484663321	0.635035887488261
-0.403232173138615	1.57660314126816
-0.29908544898181	0.820126980394057
0.136297955786488	0.257021226058506
-0.00889746405989837	0.0111041543771599
0.0845192411824257	0.128686361197346
-0.217245241436937	0.454018493060654
0.135298747272295	0.253311258944992
0.0497853972796612	0.0769031246466311
-0.630069585656541	1.52821888095287
-0.0839369244839421	0.128130603041123
-0.2594987400778	0.427192780343709
-0.603032910822077	1.25007848646026
0.167633735877091	0.275559170300801
-1.12019427196772	0.338020301365193
-1.13843583247211	0.63028693934371
-0.429220361704476	0.79358415805571
-0.0161081990581822	0.0175259268457738
-0.318727139385741	0.536978821770743
-0.830445460883156	2.42881399419176
-0.355607935800946	0.618764911362938
0.169386789428316	0.207917972412787
0.396616602701568	0.51784097388465
0.660428973995759	0.928757913045438
0.0681642638204668	0.0698288491942287
-0.449408085751241	0.557022079382171
-0.913101670885769	1.45266379962343
-0.374090988776205	0.398410000940374
0.327357628655101	0.392580695934435
-0.542396342619364	0.484316742349596
-0.0934167453912964	0.0741337249292067
0.0991357548490567	0.0725213990183365
0.46306655364777	0.187776589424895
0.552366600094505	0.200647521424049
-1.7934287506278	0.390727439150181
-0.00229956593851296	0.0011222732666628
0.060711712088436	0.0468784994035678
-0.382528315355019	0.298858359600806
-0.463208100131598	0.387671565020161
0.388078847678869	0.197329392844396
-0.263841413927865	0.163996458937508
0.193969281350072	0.133566396753803
1.2631118316066	1.07045086326991
-0.580810490545755	0.275470089991001
1.47155078449581	0.491168545293048
-3.45796583598768	1.22919156297893
-0.287595145898396	0.130646223105755
0.286694132253158	0.262161769312294
-0.845165500615355	1.55714590213288
-0.496717395985869	0.610446628652478
0.00252496178871603	0.00182502208802992
0.0874350394003684	0.0751743996482431
0.536261585336295	0.556837626231214
-0.0817620648581106	0.0474552365638563
0.388427240379409	0.342155787916032
-0.379521738350908	0.355470523508268
0.00565314911169912	0.00417438020757028
-0.665500984403636	0.520948082888419
-0.630321180585465	0.602321896450115
0.132301132730266	0.112548453870203
-0.774223367545087	1.01599102830436
0.0784030607472244	0.0656383644356
0.358676432155113	0.200670343518745
0.712432965713939	0.336512499450233
1.46842163094462	0.489769078028611
2.14068730085802	0.968013963390159
-0.147228943602381	0.112533016501438
0.587337720985265	0.73035704854544
0.0610215409651333	0.0358013018591043
0.196186973355201	0.160964383679971
0.497678936092147	0.536694639238699
0.300758819439523	0.245484511658187
-0.625162864376399	0.723363591140782
-0.770173204282624	0.58382690543591
0.572826047013946	0.482080514168978
-0.145608957204465	0.0984948986421004
0.18697059136256	0.115865100019919
-0.00540611099395686	0.00416494178153322
-0.690617901116496	1.13631150388514
0.239986077419145	0.257357364925185
0.76657349962545	0.753213695255641
-0.177518132922358	0.117317120497017
0.516855030910755	0.464898721088262
0.0695442637018573	0.0431490162102023
-0.240323604511412	0.213293894747853
-0.314274158944979	0.21958838365327
-0.468079755861998	0.456520275188192
-0.373111546939164	0.373152837373257
-0.7400744945312	1.19792132652863
-0.615704147655022	0.89257871018321
-0.666467628615756	0.521962814799458
-0.109123929575834	0.074957454257112
-0.591846859429791	0.47748831755128
0.821648403827165	0.497401752754441
-0.630126888446832	0.368396341125587
-0.635972391781938	0.647488053544159
-0.277803293208474	0.126034064578302
-0.216738737765718	0.176597157356804
0.634113120373931	0.687683816184468
0.511345712446302	0.458486876234681
-0.170159499816223	0.128162304973332
0.0833930485297131	0.0781966912940616
-0.0195481527452802	0.0166197817880837
0.193280536303559	0.182736271974667
0.102897370085023	0.104224030350202
-0.0576587551238483	0.0520833185511614
0.346347296786678	0.34472513297428
0.51365722540903	0.680979722963681
-0.613404851082767	0.542709687774909
-0.0621756331664754	0.0373570700645097
0.16294247326355	0.0710514670787299
-0.0152824405181528	0.0597926180442807
0.21347860215455	1.46609328667901
0.759633755501015	6.35047924028701
-1.31350325817278	0.816452483581774
0.115550195679452	0.251567978569993
-0.285082489505029	1.08895281624347
-0.307974661746111	1.19419060401747
-0.154973619670719	0.382049175993897
-0.219896843517239	0.607144840820885
-0.359791707295246	1.39475157093071
-0.487570378795781	2.11572822471667
-0.189317028987887	0.372171331540484
0.299909572441357	0.634064207664923
0.164057685350606	0.306843597796851
-0.0298002792563555	0.0482142842074469
0.181031204944059	0.402864317996132
-0.232229384130347	0.489722691169491
-0.116065578362903	0.144511484169443
-0.341596013439124	0.67848311770622
-0.103433929046468	0.145930473078697
0.234812481770378	0.320404241386396
0.200921866183289	0.374422493316099
0.687453672774919	0.21969379736456
0.4234202211193	0.193034609297238
0.0722828599665951	0.074293653749425
0.145792507817359	0.166262978377345
-0.40179665095304	0.724698558468343
-0.633134905890096	1.65293255903127
-0.552036045576186	1.15843915408609
-0.0992097784813368	0.114969758896982
0.0508432948404655	0.0400710717897177
0.0794628506410023	0.0679473804482384
0.182574360761828	0.16393047729781
-0.184884010133297	0.180913481512749
-0.0696818996613854	0.0566303657384015
0.473430287260755	0.530642542940859
-0.291587159889686	0.352549616294164
0.638283283453312	0.601264968862779
0.267150013018279	0.259531131440544
-0.214908755860141	0.105846857879754
0.454607036541062	0.328527833433481
0.182384642090162	0.0461735738884295
-1.79785205353169	0.391773074809323
-1.7934287506278	0.390727439150181
-0.417546101137253	0.31725142779898
0.180558380914376	0.0880563760167763
-0.556915976991795	0.40085239799033
0.00100549655080177	0.000356662811955977
1.27403399729338	1.08437011264442
0.174504111440695	0.0598231088959162
0.164778629348208	0.0313374327003096
-0.708961798888886	0.242591076534355
-0.386950364990527	0.216670969683395
-0.313811886268571	0.219339876284963
0.280192804966756	0.298877122856506
0.246947655349944	0.307174269982619
0.054842823724976	0.0525939396961062
0.0662001525383077	0.0630961783257519
-0.120355345820555	0.105116303606429
1.30217775890572	2.02657455570875
-0.208369777110793	0.18931315614794
-0.0215901991394629	0.0185724307445653
0.121733004919064	0.095528000176545
-0.353868256698771	0.335168409406936
-0.199582513819164	0.169333816641162
-0.228170528650999	0.222318876425084
0.599386993778262	0.881534000449956
-0.162530096243067	0.15888404976182
0.806055812102645	0.484502592366032
-0.124226356552131	0.0441913898094736
1.46964366147565	0.490422889690681
-0.214349321685649	0.0688804823982153
-0.326102511140134	0.281555138255182
-0.220017366962811	0.179649473236297
-0.78243695758092	0.667034578700795
-0.788276696527604	0.673422285487369
0.444708798010089	0.33888507261155
-0.36713908264338	0.249262767706032
-0.68482736422259	0.59420008093277
0.0446600715842695	0.0245370911337549
0.175390481969306	0.0852681380917403
0.527079328864115	0.336463642553648
-0.375913484716817	0.155538822167635
0.0113468497111014	0.00806580490483133
-0.426822908302152	0.546499163444722
-0.31053621717932	0.405859256103099
-0.495707342125266	0.627575764012718
0.0111203310901619	0.00887575553682847
-0.333600565758714	0.289332181038326
-0.940529102555951	1.27787248295642
0.456632749432266	0.443307999392277
0.305248440143012	0.230920863259066
0.202350226735698	0.204209142129815
0.0999600056550624	0.0964660485624272
0.0244566344089765	0.0234789321216987
0.000739631938158543	0.000627393586714044
0.0380443600098269	0.0209309811944905
1.09385447088543	0.535476309306029
0.38763002895181	0.197079987889104
1.59654903261596	0.803007544231757
0.0997778142703153	0.0681355559970048
-0.197681301235905	0.0636672013988199
-0.201928198509762	0.150147571006077
0.019798369752371	0.015384527589938
-0.984115874546123	1.22925059088259
-0.031532499822583	0.0266323575329783
0.256499298643219	0.273945070703974
-0.835952818103278	1.38518520768077
-0.0676503210265328	0.0548959195742986
-0.695267851550206	0.957726024693916
0.321194008199233	0.337183894032591
0.390648571178167	0.437491864118809
0.145143429356541	0.130127922051324
-0.0229045562204831	0.0170231563959529
0.395082218930457	0.349460785906798
-0.599712902046967	0.485321616670991
0.0530011780455308	0.259649031414535
-0.385297254575717	3.96979659335412
-0.869869159405071	1.38664397919987
-0.885815049629106	7.49346371008622
-0.769082631988486	6.59973904122399
-0.639980836429967	6.18620362409223
-0.589392035289135	3.52834623156805
-0.552105178435815	2.52185455527612
-0.986934031566857	10.2130082308812
-1.14797114970456	16.7440356508749
-0.263379107076709	0.897576701621001
-0.275028604481152	0.983023700789381
-0.191153392529513	0.616832412305702
-0.233532263319374	0.780930417427765
-0.422943181074275	1.77338241574012
-0.216163173988001	0.597316722075363
0.572331160605897	1.04180237138211
0.284478312220175	0.5048905647034
-0.215858837671498	0.364592785220896
0.197250506002516	0.208729329482103
-0.250557119567099	0.56116037740486
0.180107983152346	0.0541465694868784
-0.0712546895294582	0.0280540126781842
0.511943786236154	0.459255422229729
-0.689691199960004	0.946991686302422
-0.543631743730632	0.964993646897005
-0.397253459783366	0.936665122315397
-0.617072460800864	1.18507784712891
0.229791598978377	0.308315085161835
0.102862711050937	0.070363966957998
0.486081707563539	0.611592476944724
0.423067898008965	0.427401509894419
0.0832956043110416	0.0543084526861183
0.70481991775188	0.616897228827798
0.399835483669342	0.504748867804221
-0.440824524571682	0.436054238474667
-0.0315821528401314	0.0231282198658633
-0.116192263255973	0.0647365717262368
1.35742358780664	0.601505744976776
0.689821397698691	0.220399946218977
0.169566032486793	0.032038095111837
-1.7934287506278	0.390727439150181
-2.57036588579023	0.664816582891659
-1.30036399298418	0.804400409542806
1.06264198810457	0.406540438452512
-3.44754089021611	1.22379406077669
0.549225010517651	0.199456707208777
-0.496219048461158	0.186898738117231
-1.49830311184485	0.532694389774889
0.176825054435177	0.0449204608148946
-0.928693412043868	0.562931084566016
0.120019173488645	0.0988866061611375
0.171163038257036	0.309707878794663
-0.268108932940949	0.466114445145695
0.379897701250209	0.583898718120513
0.0417385727691931	0.0490807644052261
0.162442580105487	0.200266073570343
-0.0874701198713126	0.0866390937736541
0.741040049118837	1.33852884272784
0.567665825854296	0.650598389971378
-0.0795386120088366	0.0895843270086748
-0.422625884449652	0.784875795444487
-0.290793129347439	0.483057831750542
-0.749079030934091	1.60535512453992
0.0738325641787419	0.0616310254950536
2.14272056901929	0.969228191398377
-2.57522664974505	0.666917731403372
1.96276901321247	0.454520391574277
-2.57522664974505	0.666917731403372
-1.58696912445649	1.20534203975664
0.0125075626539847	0.00793042251131067
-0.463957865805314	0.240205300514061
1.09801485112845	0.676710670009447
0.173521500598921	0.0595020056954588
-0.707845094848957	0.242262716671496
-0.636261544467821	0.372872549305376
-3.46358163097975	1.23139695004213
1.06725099268012	0.408210190702023
0.722297591752169	0.342076253368078
1.12234321398294	0.697203510757039
0.00127693308247258	0.000466896352054757
0.0359712292840815	0.0275296321108886
0.347481261474058	0.45705258231668
-0.155150606393129	0.227967294643734
-0.47248223432449	0.850672738410034
-0.0936117360378086	0.125748586222252
0.173208827169435	0.272668567051187
-0.243156890944706	0.351527471554195
0.46292437480935	0.73946473156496
0.248522113049604	0.413149552772548
-0.0206108943422319	0.0255469769649763
0.157285468110215	0.199754741419776
-0.413290549065805	0.313161864231782
-1.49753171438992	0.532305096548695
-1.13978151585776	0.632169863545236
0.841735975212034	0.357579650332891
1.46964366147565	0.490422889690681
3.64618465324491	1.4458034047001
-0.0688955593825769	0.0271486518108793
-0.118624043511714	0.0422812637605863
-0.0345981589795286	0.0149268191876678
0.517923680110264	0.549271401601272
-0.455820911195346	0.37978326729517
0.0960830317142555	0.08637476333998
0.0646913288783762	0.0830668350608411
-0.410248983787864	0.660415355673895
-0.189345140909043	0.222637246115067
-0.117771324740088	0.102638636413238
0.776538325144114	0.766359699950984
-0.172216146069988	0.24003708372232
0.128253148260912	0.140442789060197
0.190645166465522	0.216686065293931
0.079592134365468	0.0707014842434419
-0.339592914108738	0.543903792300719
-0.0250795370319584	0.10716601533491
-0.745529273992769	2.26666101229955
-0.64764930701517	6.14212602105047
-0.306019378390787	1.59259038887083
-0.0322610791317811	0.102894722907119
0.12719835425151	0.340319435198982
0.0421181851021783	0.0878580413858121
-0.262027870210005	0.999569316730627
-0.635085264858185	5.32096857559538
0.33795836269829	1.28187687752645
0.295082727033058	1.0936821215185
0.177543268346638	0.561963384489142
0.439265913693581	1.79166672350077
0.256809862750613	0.748368455304093
0.0666931973866424	0.132186730268578
0.463865279271122	0.516377089830747
0.0712482991150361	0.0617325134968984
-0.221297310124581	0.264335096994861
1.16040493143785	1.31837204188414
0.596052417309604	1.33892279197592
1.35960435833631	0.602767583717152
0.967271104517323	0.256176548116206
-0.276118433633921	0.125095129620045
-0.767898685996653	0.413925523633449
-0.0787282448577191	0.0631250673858697
-0.0283371657858917	0.0322920194461949
-0.0698398056330687	0.0645832602608661
0.166108349666292	0.06434155947886
0.188455214706664	0.134879965315412
-0.648571547175152	0.446985155799669
-0.0741899069918027	0.0291703427470554
-0.123383461810898	0.0439460364093289
0.537838003275315	0.55939174337565
0.359774273223565	0.201794508518761
0.468026739798479	0.340351117239
0.188667958543402	0.04756856032199
-2.57036588579023	0.664816582891659
-1.79346061997896	0.390723019452767
-0.33115064247346	0.0948450204466267
-0.326771057218117	0.0936418390224184
-1.7934287506278	0.390727439150181
-1.1245135089551	0.339452387639693
0.18374299244507	0.0464795790495071
-0.32485451718176	0.0931499749349684
0.966736740010186	0.256029100393941
-1.11458449535005	0.336227635184335
-2.57067328278635	0.665094197548339
-0.613682540053849	0.148388769407339
0.977369918636065	0.968808702278145
-0.196972425031775	0.254919683876358
0.29741912459577	0.394184064647716
-0.350338344142067	0.402760203874109
0.263898472264398	0.377922437095495
0.266204000052382	0.326756951745128
0.0250210312747824	0.0181136497839862
0.30112652877009	0.330975489198419
-0.622070728361254	0.591850236756792
-0.271710762411302	0.296401919543846
-1.14710181263463	2.46426702251023
-0.270781942349531	0.389053584849195
0.368534784894367	0.453414004837313
0.631447390838361	0.333317916604404
-0.612487701707529	0.148134994320372
0.681600849226051	0.217707538421281
1.96372117107544	0.45473924627511
1.4745635305468	0.492365493098567
0.686721713829268	0.219371725498129
0.165088029467664	0.0313824661178469
3.65119667594504	1.44884031306495
-1.1245135089551	0.339452387639693
0.469214796260205	0.190439621590192
-2.57522664974505	0.666917731403372
-1.79766606524237	0.730020629935894
-2.05281302393613	0.935366141453254
-0.999360765853381	0.394936353347204
-0.586610242551465	0.278830282472325
1.09919765203858	1.38934919388011
-0.507427772561817	0.613313789607405
-0.194097129797376	0.253280206725179
0.0388988335599458	0.040746744844665
0.324940464249315	0.495322261407611
0.104117025875396	0.134684493691851
-0.257581339586256	0.345430973246828
0.352261402093224	0.480320198376238
-0.0570543469438255	0.0697791479927051
-0.7553213280482	1.28260162447783
0.402492606681765	0.433917467456089
1.08334307256198	0.528851903877681
1.96372117107544	0.45473924627511
1.84258516456861	0.727293955790375
1.96372117107544	0.45473924627511
-3.0729809879685	0.948009080411761
-1.79346061997896	0.390723019452767
2.76109157462938	0.779871501961836
0.169566032486793	0.032038095111837
1.34081203277098	1.57467956618279
1.05841887097501	0.404561121395212
-0.665500984403636	0.520948082888419
-0.359124617692795	0.447921703881975
0.661102477502884	0.92950049490817
0.245214579873596	0.300188534668111
0.468853458273799	0.340641469321969
-0.251112645366339	0.155332565974544
0.587700240584663	1.04751467743026
-0.476791813082122	0.590606064509269
-0.296675625903358	0.388585640313244
-1.08097176017284	1.53948473043741
-0.211097411118299	0.280291758229866
-1.79867586482886	0.730667932620658
-0.179554647061028	0.272927601249883
-0.40364797034	0.580750481655127
-0.107123704658166	0.125189178300071
0.301753462577838	0.331855036825069
0.352655280215283	0.640428270599252
-0.426469625718791	0.504245486577661
-0.442943660761926	0.574343920651313
-1.3204801323158	1.07457464416548
1.02863633176047	0.849976665278487
1.05376807496858	1.00286995265097
-0.456502217412298	0.235641494870948
0.624884160748746	0.474600496676608
0.357922403427514	0.200741780087913
0.692481142426252	0.221366284684109
0.968469219672053	0.25651021792255
-3.07350260546998	0.94852963330217
0.963743115659934	0.255236344279286
-0.199032317017901	0.0641034971037585
0.164778629348208	0.0313374327003096
-1.49320671887845	0.530373211909872
-0.191951684587849	0.0619002672361887
-1.79346061997896	0.390723019452767
0.16619130625606	0.0315431724784316
-1.79785205353169	0.391773074809323
-0.612487701707529	0.148134994320372
-1.7934287506278	0.390727439150181
-1.79346061997896	0.390723019452767
-1.79346061997896	0.390723019452767
-2.57554526884402	0.666976966437407
-0.326771057218117	0.0936418390224184
2.76219840038386	0.780594539857824
2.76559849788836	0.78194178274137
0.165088029467664	0.0313824661178469
-1.7934287506278	0.390727439150181
-1.79346061997896	0.390723019452767
-1.7934287506278	0.390727439150181
-1.79346061997896	0.390723019452767
-0.611962616144159	0.147977912487881
-1.79346061997896	0.390723019452767
1.96372117107544	0.45473924627511
0.964934921520073	0.255476948633611
-1.7934287506278	0.390727439150181
1.96684138854469	0.455504908505281
-1.7934287506278	0.390727439150181
-1.79346061997896	0.390723019452767
1.96372117107544	0.45473924627511
0.178269357915488	0.0535920192892428
1.96372117107544	0.45473924627511
-1.7934287506278	0.390727439150181
0.161251150232847	0.0308565698216007
1.96276901321247	0.454520391574277
-1.7934287506278	0.390727439150181
-2.57036588579023	0.664816582891659
-1.79346061997896	0.390723019452767
-2.57036588579023	0.664816582891659
-1.79346061997896	0.390723019452767
1.96684138854469	0.455504908505281
-3.45171499640176	1.22586147893993
-2.57067328278635	0.665094197548339
1.96276901321247	0.454520391574277
1.47032706033056	0.490703617760438
-0.612487701707529	0.148134994320372
-1.50729003919016	0.536490208929206
0.165880035481028	0.0314978449610492
-2.57067328278635	0.665094197548339
0.0115905887025255	0.0390780387596934
-0.156875699417872	0.82111491740735
0.11659726182472	0.467193838974181
-0.0100230390218747	0.0245391748696497
0.131806724032717	0.457384661319471
-0.397094384577633	1.98897890173199
-0.426288350981058	2.0810819931446
-0.0457526116274806	0.08193456528318
0.291686981764739	0.56758757260344
0.295371168004637	0.638551508066785
-0.0989550773092588	0.191617450639858
-0.140558411681977	0.290311450272364
-0.131652039993254	0.205933115049556
0.142529138844816	0.182687876585931
0.000357682238763723	0.000328752648470315
1.08171899351859	2.46623224938818
0.346685133791728	0.414958902264117
0.322781915287339	0.479214678762608
0.16619130625606	0.0315431724784316
0.165088029467664	0.0313824661178469
-0.21251985967733	0.19375400465382
0.115604297891316	0.090386718719208
-0.362349433285713	0.453284197555861
0.191481390775346	0.205102360525726
-0.688664892843371	0.598974070507389
-0.0679860710637817	0.0483605196136707
-0.677140437786091	0.585483336924781
-1.7934287506278	0.390727439150181
-1.79785205353169	0.391773074809323
-0.744354053349253	0.322033856563692
-0.119439740301372	0.0425627602260846
-0.925254010327961	0.559277050985263
-1.7934287506278	0.390727439150181
-1.79346061997896	0.390723019452767
-0.623962156972292	0.150791561723962
0.182973217707566	0.0462917199497201
0.185813320888401	0.0557349268614171
0.188667958543402	0.04756856032199
0.687453672774919	0.21969379736456
1.09645720621756	0.537013029562423
-1.0085918582528	1.19698497184146
0.436106931168864	0.331207723182247
-0.856167691542117	0.971831217794336
-0.233645436077484	0.170747024908362
-0.58497893518581	0.278192072396331
-0.386306722235848	0.216534468385981
0.973807874686734	0.662080546011192
-0.284176978189455	0.128996082130335
1.13582069058344	1.02504742462686
-0.587079275701533	0.278953441041235
0.421504541060089	0.192204475680829
0.485669625231901	0.331945898492702
-0.230893598180564	0.168451321171941
1.1065512278899	0.684227024682977
0.165088029467664	0.0313824661178469
0.181837521716867	0.0460537144756759
0.16619130625606	0.0315431724784316
-0.203686449811516	0.0655556144258791
-0.498493518746738	0.187923773703768
0.18374299244507	0.0464795790495071
-2.26132574600932	1.14000888788025
-0.366923986553794	0.151522574693312
0.396087862820427	0.201837057676929
-0.0766523900390929	0.0300897944123724
-0.74461910719638	0.321949104009387
0.692932973591989	0.221383018666362
3.27152519356808	1.11907150574555
0.174187491010051	0.0596689496025459
-0.281715498941186	0.127899696441362
1.17580799239952	1.45936751047299
0.186326471949777	0.115437780355559
-1.65935021545938	0.934799376623238
0.695899088821732	0.606481223163415
1.13031501864697	0.864094511047679
0.423499006653038	0.193218329132177
0.630315876874469	0.480670120905366
0.887101800479595	0.659525793870533
-0.211340053163658	0.104170002243237
0.0875929544508084	0.0571958716250634
0.180818324810593	0.0969628682876467
-0.0696536394441066	0.0418916041780896
1.83556105705841	0.723803926717143
1.84066711299049	0.726365639107333
-3.44686848748983	1.22339694388155
-0.714665675658161	0.244711731134708
0.181837521716867	0.0460537144756759
1.06228828603256	0.406131001097981
-3.44686848748983	1.22339694388155
-0.368672329780595	0.205155494715453
-1.58224043604051	1.19903131772228
-0.257797979501691	0.159837905289382
-0.655321356922522	0.452939419100596
-0.288527002713897	0.230944170594318
-0.14540322282757	0.110995570686186
-0.660111480694771	0.718582246273943
-1.55323811693771	2.04251659806763
-0.46303086933949	0.427688798169975
-0.22815188657851	0.166242872992539
0.054655118763832	0.0320850126643035
-2.76247452837762	1.85012473232342
-0.0118623298411852	0.0451081482014123
-0.039324948219836	0.154225156261609
-0.174210239627324	0.81849081865545
-0.0581654987159241	0.19100338636075
-0.325399925296673	2.02468020033049
-0.641486218955737	5.54755429384406
-0.0108435957800882	0.0234802386634288
-0.0325537187745561	0.0562568565407204
-0.176898968754984	0.456450331038963
-0.403560949710336	1.59440335483496
-0.0493690973167189	0.106979860554989
-0.195059265250219	0.451272709050586
-0.247735617906516	0.523042660578205
0.240177857433868	0.579554832778779
0.172794725658847	0.305062059122575
0.513413081321544	1.19023917041954
-0.0167846390589071	0.0224353476644452
0.164778629348208	0.0313374327003096
-0.202976861420011	0.0653350306430413
0.410407392358365	0.626280421148748
-0.099469742064475	0.111997618475669
0.0958859399462578	0.112314681641339
-0.0327257102619377	0.0380052204863447
-0.0847943021637038	0.0960995066038317
0.208861315638163	0.17763018053465
0.813538913841687	1.19527388423636
-0.0882920191400544	0.0633659938463301
-1.79346061997896	0.390723019452767
-1.7934287506278	0.390727439150181
-0.193635710912812	0.0624291791544377
-1.7934287506278	0.390727439150181
-1.1182849071041	0.337405124817419
-1.47129756633403	0.741779531267693
-0.74122831740074	0.320242482806758
-0.370393338064475	0.153177348451851
-0.617875104469477	0.149400727468359
-0.415283981948269	0.444299836575916
-0.581140665396979	0.2759885702755
-0.279761018562638	0.126916582969476
-1.13796031516704	0.629735555114005
-0.137339710438315	0.0924931376926849
0.257612244588832	0.275335331486828
-0.132263464881877	0.102764207925961
0.817882181973383	0.887010860375782
-0.0177576913741857	0.0132207209839492
0.46547945261055	0.337548486226124
0.88864103834766	0.661964702066667
1.25569321647649	1.52297836069668
-0.489437370980553	0.442349056474288
0.429395249503784	0.447907862791573
0.526192079292958	0.335570115465542
-1.06444521806457	0.715534767094596
-0.208035153568369	0.173135968602933
0.362150595972956	0.203468456904247
-0.327040469269267	0.258216979858698
0.171729830848205	0.0748275273235346
-0.740016439542735	0.319589655632503
2.76109157462938	0.779871501961836
1.35358752126448	0.59927309259513
-0.375347956461225	0.292296511762156
-0.161092523039227	0.105661306025876
0.396157537015981	0.201983208409624
1.63897140806716	2.10266300607217
-0.202147501052749	0.129191828964898
0.81027302899196	0.488023872940844
0.396470994595775	0.351066765889855
-0.265231780457377	0.164981400265362
-0.25370800159382	0.187327637756259
0.812669812285058	0.772739134535939
-0.213332051229228	0.105227874496303
0.198261632225049	0.147950243357551
-0.209952997026708	0.215485647726039
-0.370029862015463	0.392986560377783
-0.211957399899723	0.136017664001258
0.0620370196698174	0.0384312929345934
-0.881614670996657	0.725046305319404
0.414275518170091	0.342546991961396
-0.274797754548423	0.197340937613825
-0.253754479216059	0.157122173195259
0.195908583684696	0.128668840959872
0.32658362664032	0.226340634568522
-0.431241276500697	0.390886203270149
0.372529618763907	0.33640079383356
0.528642980402776	0.337357865059639
-0.37904053922126	0.258790263030674
1.1258764893471	0.858890677737192
0.676291120590865	0.483917748084277
4.57062721211889	2.60348504758619
-0.036155555090563	0.0223663802729979
-0.894835696183412	1.11370660255135
0.416367187381701	0.344809962611396
0.588408513733213	0.471156897442242
-0.029210977731117	0.0184383191797936
0.0854144960080584	0.073338879089444
0.291340995568336	0.259975731937616
-0.186746910569273	0.194434618125056
-0.118986129059599	0.111001050577954
-1.1766743328967	1.19629753480659
0.0451231892206083	0.201878778757107
-0.1247500455507	0.589283681490362
-0.144739255682286	0.606135171145839
-0.708881155259647	9.03697495454425
-0.895851385981158	14.0099949746537
-0.144654934748401	0.526860011365763
0.115400521380539	0.35767687341517
0.00749090966559342	0.0180281334106889
-0.158635959846101	0.549727271686412
0.153347885144282	0.483415326560032
-0.124784930121811	0.306775427458283
0.00697847683818687	0.00881827097013834
0.045391870726697	0.0652243323421512
0.426545729664889	1.09074029454437
0.0641868577708171	0.0728611265187953
-0.0374041247039209	0.0624725173743762
1.05620955590379	0.403465785623987
-1.11458449535005	0.336227635184335
-0.320257092369589	0.360005584841942
-0.133726950126739	0.117958174373324
-0.720743791648031	1.6645469760626
0.0890828081099891	0.125251311962777
-0.471587821628774	0.805364448472934
-0.374533057336268	0.255233547875611
0.0317351987030874	0.0271422599041548
-0.690408796493171	0.649403945492379
-1.79346061997896	0.390723019452767
-1.79346061997896	0.390723019452767
-1.12019427196772	0.338020301365193
-1.7934287506278	0.390727439150181
-2.57067328278635	0.665094197548339
-1.79785205353169	0.391773074809323
-0.613158918177153	0.148231887572971
1.46833343766606	0.489897083934438
-0.0305701463727194	0.0132598538668966
0.186069807523728	0.046984734903896
0.959543454922691	0.254205280821647
-0.362383752032098	0.149507054176405
-0.704722398968598	0.241062538843187
-0.772851337736012	0.505009302927342
-0.46261245080334	0.596734263170606
0.240843069218876	0.360077676297686
0.000303163544901997	0.000125724541199688
-0.369685962344581	0.287060464142101
-0.114634129573247	0.0409060363358354
-0.507107257415835	0.191392547046605
-0.315214387245148	0.0904629277497206
0.71503477840043	0.337624289933587
0.101566120989986	0.0899677819692126
-0.0987889420424468	0.101314845937073
0.175868475155387	0.211735274258495
-0.503418314413657	0.585405810157781
0.61183436966407	0.822939081187507
0.612586074426087	0.678116050250043
0.289239340037862	0.257661774308765
1.39571846094957	2.71160829388621
0.205551919656063	0.17898075089077
0.258497041231611	0.260654053060847
0.40290144853933	0.490637316199887
0.0418168722696311	0.0359970133170867
-0.0992724052053037	0.0790386680618097
0.52693485456026	0.455665912584997
0.685443035318802	0.218928003643606
-1.49705816852235	0.532032217355669
1.96372117107544	0.45473924627511
1.06688242811148	0.408113977666791
0.339931817487911	0.222666392826303
-0.212128770215441	0.104482601043352
-1.66087424483351	0.935242904803267
0.682342801054598	0.625290162039607
-0.119996740485375	0.042782500294997
0.165497728239662	0.0884533132133969
0.174744153055098	0.0675877292008797
-2.61936929083049	1.59943360168018
-2.04319649221053	0.928970425477793
0.550941991992969	0.200022862882379
1.58728551908396	0.796581820971621
0.48115530084221	0.328403347591293
0.469956140783309	0.538700086442172
0.19655298791323	0.21814262466927
-0.288516612163778	0.352904312356897
0.0830831393208303	0.0726251410888601
0.204333483152085	0.198733920159048
0.264647301258052	0.28445836607091
0.213525253897732	0.204984584345178
0.197019197082632	0.174843178565565
-0.641193814022569	0.813785237026459
-0.0103635819205222	0.00969616914228083
0.359060639533308	0.426225938360979
1.51480762797317	2.00152807344896
0.174785547530182	0.0526214906817273
-0.386950364990527	0.216670969683395
0.470439197866309	0.190910161542033
1.4646350690462	0.48856709745013
-0.495188624132318	0.186487217221814
-0.073724423019638	0.0289995321134745
-0.0699279906334021	0.0275352416289361
-0.705966407478926	0.716105045018564
0.589673922220842	0.472465849470773
-0.291746095533407	0.234081376639892
0.030602266949969	0.0286387309036552
0.191047099411193	0.191012043073293
-0.275767967599276	0.296296359136964
-0.43377105810733	0.427232578813039
0.337472674774454	0.342203993137407
-0.0927302539767039	0.0898439328777019
-0.946682325004103	1.73350854487042
-0.00770484419255761	0.0277086453755376
-0.177476894725979	1.01393566429493
-0.442922088999001	4.21615656960111
-0.177450050389412	0.848662115878072
0.578269669519711	4.01730833062866
0.625564676841883	3.12859468187314
0.522359460958314	2.83529411766207
0.356808287256102	1.52755215578404
0.443489751667322	2.00057719779496
0.0823768888902502	0.170255748171443
-0.0995115495223932	0.161406530028396
0.230017013909216	0.497296852660521
-0.153753363913205	0.249302903429971
0.123449175191034	0.187790146137405
0.205105029494927	0.398650726033513
-0.329964215322259	0.0945505800706473
-0.160484571443986	0.0847418866929902
-0.317054333660177	0.385098320689394
-0.701942796821404	1.16489206554079
0.177308810454511	0.221153720780084
-0.155893645950503	0.199854970700965
0.0950926162751991	0.0648182895316722
-1.25150722571847	0.561383579588263
-0.608428787479893	0.147248610626808
-1.79346061997896	0.390723019452767
0.16619130625606	0.0315431724784316
-0.611962616144159	0.147977912487881
-0.613012730411062	0.148202450577793
-1.7934287506278	0.390727439150181
-1.79346061997896	0.390723019452767
-0.706728811590437	0.241764690191015
-0.283437383972797	0.12854159422827
-0.58165299154008	0.27627537598198
-0.613804976594409	0.148553206549543
1.11217654935007	0.68841911733725
-0.2856350627595	0.129709151828122
0.555949767102404	0.201992647886448
0.165880035481028	0.0314978449610492
-0.708956040781869	0.242608405956901
0.967271104517323	0.256176548116206
0.0459256885333688	0.0252292100408887
-1.16727400401026	1.18305405822857
-0.962020937729796	0.937846935399566
0.272888536843644	0.266323641661927
-0.727094237125945	0.834787641103043
-0.370774307691174	0.153138816357845
-0.959520198988893	0.471779233153376
0.4225077374777	0.192445628985336
-0.325582325201124	0.0933470317045756
0.178269357915488	0.0535920192892428
0.182515705814395	0.0461929473161663
-0.702142591343233	0.240009967793785
-0.0369954170727909	0.0159227055474102
-0.0629999328030751	0.0446797554864217
-0.439071219972246	0.39996898129602
0.324469905833942	0.341320123482533
0.411736294186949	0.354298842949619
-0.654770475440148	0.453086165718965
0.709395967363231	0.622447714815066
0.404232488919306	0.332587243923007
-0.764637471966717	0.645803329337924
0.921978899173054	0.500456159670338
-0.0741899069918027	0.0291703427470554
-0.454987919715975	0.378964614784438
0.915542417425169	0.93985721904594
-1.16920234077407	1.18638359091602
1.51451554470401	2.00017198087326
0.16060557743652	0.0621909301432303
0.181959964224185	0.0546519449572612
1.96372117107544	0.45473924627511
1.4745635305468	0.492365493098567
1.99015751394274	1.25598873058414
0.569490850954914	0.47864484283319
0.171189775428302	0.0662121976703994
0.0205762664584035	0.0104690212014479
0.181884099830136	0.105510088751757
-0.105204388584022	0.0613933797539296
-0.31761268633096	0.22236913442532
3.64618465324491	1.4458034047001
-0.277549190820471	0.125800056072986
-0.113832486018696	0.0406412674307643
1.47402323433779	0.492035659807906
0.428160331474283	0.340957477232638
-0.561001464819144	0.537992234240829
0.01949612652756	0.0155648205383733
-0.256058143850112	0.207592270428866
-0.541070609349375	0.55999258756039
0.19331483842225	0.103984354115543
0.42807641116013	0.341086690437679
1.24532461116177	1.36715681697418
0.16869239447355	0.0901515918845115
-0.609338036906273	0.537715860939785
-0.203019665063694	0.151028761696827
-0.0995369686933441	0.0792484266962959
0.281317634012147	0.242183419217406
-0.125053616201947	0.0444647240620424
0.181787340332158	0.0973994593650662
0.428344007470137	0.19553090215051
0.852347915817301	0.362931659457989
0.173441995562861	0.067065204020237
0.184170289869112	0.0988817685414563
2.38045665129255	1.20745339715395
-0.0747512783180012	0.0293872404823009
-0.154229000837691	0.104711080809379
-0.162778494262069	0.106845125771772
0.532568854474528	0.4619534682201
-0.136109340514925	0.105968332018883
-0.834059800691106	1.24280082288841
-0.274282830663014	0.242779615382128
-0.76472247887412	1.04000604801627
-0.698215522216523	0.963753604652023
-0.328305079495207	0.334347944828177
0.428692289542462	0.488184920708291
-0.33393625580379	0.312328101408477
-0.00583847849609279	0.0212148456075657
-0.137983750905366	0.751113285666027
0.126812954685921	0.537530125809369
0.989928531517777	10.2356935811047
0.731680989449377	4.02371043432461
0.421639801948888	1.97278209821165
0.295544830718836	1.13269570942445
0.164030696562587	0.476268127386024
-0.0712979587589158	0.140603255463406
-0.266638462432002	0.591288703901073
0.0186402783152768	0.0317983080191549
-0.0239666089620175	0.0366799627091366
0.108152319031878	0.167870148892242
0.187970865222517	0.343051552045057
-0.707108693003757	0.241928926266029
1.47648048364922	0.492996794108507
0.588652021093583	1.24370416539839
-0.12438701381097	0.155421953987884
-0.0642682235681782	0.0727305345560742
0.062539420657789	0.0753027357681706
0.0688607080005122	0.0547799564018741
-1.79346061997896	0.390723019452767
-2.57522664974505	0.666917731403372
1.05767805940452	0.40430204105456
0.967271104517323	0.256176548116206
-1.7934287506278	0.390727439150181
-3.07402416243152	0.948685276185543
-0.120597357209593	0.0429861315229494
-0.608428787479893	0.147248610626808
-0.371433050269543	0.252720542152746
-0.377329563932727	0.156077780751978
0.473316850895771	0.344872475925536
-0.770830475099394	0.584546794466231
-0.666568947830723	0.463334288466642
0.738742842490582	0.489720465505795
-1.58556317539144	1.2042592849111
-0.557935490672294	0.401794350785846
-1.1334300516023	1.24720469639026
0.801266508628684	1.03966535327136
-0.567897569475607	0.65302089218118
-0.0471256342479152	0.034640714862215
-0.644483580351441	0.658868728220187
0.042896228951836	0.0235882126899478
-0.571755308441613	0.270812101312315
-0.526413903136549	0.329621168969942
-0.883248972905587	0.726975795442491
-0.207939580435493	0.0668891971625401
0.179114799832285	0.061333195223855
-1.79346061997896	0.390723019452767
-1.00765002948625	0.39893930859467
0.634185343596492	0.334582532420491
1.25957764573439	1.3909617210918
0.080019394589571	0.0710713634137129
-0.199360156740129	0.127277672155308
0.554793350468332	0.691095989971378
-0.109989626052036	0.0862976817276935
-0.0033653442644152	0.00160541269308874
-0.00784052552811214	0.00360114656859192
0.206552302168318	0.143015680397967
-0.0933669814245395	0.0655122200523211
0.532940433835364	0.340703501643686
0.183785227706994	0.0986630225571039
-0.3134657104373	0.185856954797717
-0.0447063489001776	0.0322297331367273
-0.0522068043706758	0.0322782598439105
0.533217716766594	0.553101135426994
0.683520003518989	0.218340470189805
1.05952276636539	0.404935145675835
-0.325582325201124	0.0933470317045756
-0.965522989308937	0.475476767576612
0.885592473343227	0.659049706086469
-0.257729596792928	0.159750703415796
0.523616536096215	0.333702254659283
-0.046230663357473	0.0285887216021548
-0.172732794462681	0.113919322842008
0.301571016674084	0.217420985953845
0.531552110293089	0.460893601346917
0.474391629725956	0.345545329584637
-1.65987602053016	0.934953860814601
-0.912883726575009	0.661735464787936
-1.20832200453248	0.902174028580335
0.344873085899266	0.210392866356793
0.727310655790621	0.735509358936727
-0.0813329615696338	0.0665753250820802
0.193805984696714	0.127092042192551
-0.630256723649802	0.368311918583067
1.49628040745275	1.50964869251282
0.188787339825449	0.0824943634382671
0.0616043397843697	0.0381723221177303
-0.259488640252029	0.160961612988376
-0.479531944503552	0.249492263036964
-0.38505119602548	0.333190890572478
-0.416358528747897	0.38679662965584
-1.34032937050625	2.02052188372758
0.177744924413483	0.0864615625564887
0.575165271140758	0.336752504389975
1.10752197766535	0.684874653842647
-0.129584455026173	0.0460681277767629
-0.231745710052624	0.114723446406934
-0.165771441487965	0.0877256376405011
-0.651869804960869	0.45035088323566
-0.109838143337026	0.0754559709351081
0.91306515912395	0.936037241771711
-0.548349404643768	0.491275321109745
-0.522930017274023	0.509487858466257
0.574510044776613	0.56821929606881
-0.236423703207203	0.195025301528177
-0.128901122819651	0.111212274449251
-0.219415345878399	0.212442918001796
0.0343385279322943	0.0240189307504206
-0.287686043028837	0.296852879212032
-0.470261275019555	0.459142966746163
-1.05159749257185	1.09237627373604
-0.542509662897745	0.387582958709062
0.156656648100787	1.03609530565544
0.0356644760003282	0.142205071631699
0.764826659801796	9.08264125356935
1.25932241953119	17.9339274458655
0.483248906672268	3.52997344619745
0.0939167024456913	0.304430834902957
0.143700187897368	0.481659635552682
-0.15212550697159	0.422562367608073
0.269106195264014	0.636096870781963
0.35461290439462	1.10868147363949
0.0149343628881232	0.0249952924503242
0.222699748514611	0.406495565571794
0.403038703394626	1.11992697324103
3.27032462336087	1.11801013776878
-0.45845287420478	0.236766975592509
-0.172679595641512	0.216660872302754
-0.210409475661234	0.269529882947968
0.12939794446039	0.190484166836701
-0.121552953869602	0.189445831000531
0.169566032486793	0.032038095111837
-1.7934287506278	0.390727439150181
-1.79346061997896	0.390723019452767
0.16619130625606	0.0315431724784316
-0.746241232385415	0.322634143328872
-0.745021235798536	0.321975498336134
-2.04755645131174	0.931787975309293
-1.12528909869008	0.339740126445227
-1.26377029644958	0.568815934452661
-1.58167587364821	1.19933877647713
-1.00344380433825	0.396818957300656
0.177795424572055	0.0609118795792828
-1.07549332363115	0.72546480356039
0.81669563394866	0.492872188070568
0.426911587733147	0.194755606409184
-0.323396188580372	0.227029612912182
-0.216465754934925	0.106812736898284
-0.111357844751188	0.0619731830550061
-0.00641793315045921	0.00296137258748599
-0.379041503950248	0.404962234375307
-0.768973035105056	0.712215856273155
-0.313784246087191	0.219207006663069
-0.857289261030212	0.847813038183866
-0.0918670574523897	0.0826653748138266
0.0786233799097215	0.0802087475725128
-0.0664037535397478	0.0646572466999447
-0.091854225569033	0.0644118766169624
-0.481439960127766	0.666171236528284
-0.380444932188359	0.259879320772194
0.59347452433412	0.476253072556088
0.0440290399432713	0.024187971387626
-0.537181206494934	0.478224954699181
1.49388104091311	1.50562295255426
-1.32512079610125	1.08074406754628
0.180208044035612	0.0877730271711821
0.688185381402826	0.219868290083128
-0.0733809977579849	0.0288349533476671
-3.44686848748983	1.22339694388155
-0.614206104379299	0.148455859250315
1.47907763424312	0.930337288562796
0.0781186153949601	0.0485590968971453
0.92082712711464	1.47663343447703
-0.242484545987177	0.246370649605254
0.0481719673779091	0.0438864901361336
0.404964890678531	0.522832689790264
0.181021872755458	0.151115122865149
-0.405862617778006	0.43128245120529
-0.338272999638838	0.338869891434003
0.389136341907411	0.435366426602396
0.438374316524659	0.459787260906718
0.912108544697156	0.934652493619166
0.103573853154382	0.0734705288591338
-0.684078096377234	0.901711054514815
-0.49635075847237	0.574322592653037
0.288174762857016	0.263848149166962
0.468602008697511	0.190152966892753
-0.125844894222174	0.0447325448500255
0.165088029467664	0.0313824661178469
-2.57522664974505	0.666917731403372
0.412104833631856	0.340629747176963
-0.425558397439372	0.324695715858641
-0.291243613627003	0.1324563748656
-0.705509878617097	0.668657238956386
-0.0145454130178014	0.00923592353573294
0.0504060325223444	0.0276541478000421
0.47498044987306	0.346655224880948
-1.13151069145905	0.971536369305911
-0.653782020114323	0.452179791481403
-0.371745192231231	0.252954800026742
1.27622794983717	0.890185571212319
0.182663414666025	0.105854480369541
-0.330836493593384	0.337402818687236
-0.196625804294482	0.194013177932452
-0.00531315409773384	0.00409586604272015
0.265159645948763	0.26280696969129
-0.221143101012965	0.198384518387846
0.517283848522449	0.635809099291223
0.895521882901578	1.03208621390106
0.209756389663319	0.183169944122465
1.74564136657544	2.67691681089716
-0.308705019960121	0.271380496476568
-0.671458428658628	0.527201850143773
-0.580292405959418	0.275191572182977
-0.768437931036981	0.414224502704598
1.29951951746425	0.722783174003019
0.00535762932370192	0.00227522492861577
0.802735776570588	0.482746005266566
0.172553947921364	0.0839444384047018
-0.280690438603655	0.249475180685993
0.406926118819675	0.335389331010839
0.209118342335216	0.167984531631997
-0.0191781848416836	0.0144171739571385
-0.581333859717207	0.790358405512104
-0.720889565940882	0.944578907889858
-0.399258065353029	0.422648005107008
-1.3422140790003	2.45480546044846
-0.0866118093434174	0.0835237441482176
0.222344793171483	0.236194428444377
0.47755616023429	0.536199059651384
-0.240454884091687	0.231762342489588
-0.0846187696251395	0.465716801546777
0.505082904419343	6.37790910492321
0.600485698708137	7.37154513816138
0.0486340045829203	0.183778866552936
-0.670612618702517	8.2643783991073
-0.437126648530109	3.47452678888141
-0.367687993688904	2.0437307470623
0.0227758826580813	0.0336988138919059
0.241911332625676	0.613390813629188
-0.145712982591807	0.298701493365877
0.42040786783354	0.960294584050962
0.164389367377744	0.403494453273389
0.550229507129372	0.199823293779666
2.12634870418503	0.95912271644804
-0.0756484457534849	0.0682775468368265
-0.29091456928643	0.351510046422357
0.282390602011372	0.467093433054811
-0.339950551243477	0.77745580233286
-1.12396372987595	0.33934973605565
0.160144755571284	0.0306956063740573
-0.12498904527434	0.0444985404997069
-0.764543793907744	0.49730286945905
-0.613682540053849	0.148388769407339
-2.57522664974505	0.666917731403372
-2.27123369449761	1.1473904928078
0.18374299244507	0.0464795790495071
-0.0296873902735463	0.0128933117976587
-4.20452988526723	1.97330572285527
-0.470778571510964	0.244355564519678
-1.46556737542942	0.737399568931953
-0.288989913471143	0.131474784394195
0.0716430400877961	0.0444630098852014
-0.205352163529751	0.23845251571734
-0.0202724246660286	0.025787561987342
-0.892882230963199	0.641346718440964
-1.00377782576872	0.397156038036369
-1.49633399610699	0.531774933095134
0.85042709926287	0.362163990330178
1.06375255943934	0.407031400293661
-1.11951983581622	0.337809535545767
-0.744216121275988	0.321768796683503
-1.14609423039714	0.636788613507516
0.421504541060089	0.192204475680829
0.544571131487334	0.197606668979847
0.181959964224185	0.0546519449572612
-0.198392257320092	0.0638832149326698
-0.619069360213747	0.149654914653121
4.19445798118336	2.03975416083939
0.718019519758237	0.339400982537212
0.345101582145176	0.351821590495557
-0.488938144259936	0.818970879078164
0.0693408438831502	0.075603072012324
0.250450867750423	0.275832922119277
-0.443263375496072	0.653585336507231
0.22697098991493	0.253288652736074
0.0879593529852485	0.0813857028926262
0.569340946772972	0.835056546760259
0.0799123982037745	0.0683518472326723
-0.150986382047222	0.153372143599114
-0.428294997630758	0.533279501256021
0.0065993350429947	0.00591517209083904
-0.492408226477741	0.547442706703328
1.15985060217122	1.42884077992447
-1.47129756633403	0.741779531267693
0.173158278931665	0.0593526101604331
1.96276901321247	0.454520391574277
0.964934921520073	0.255476948633611
0.174554672390753	0.0933713657983643
-1.81919471182626	1.13851715037562
0.620970320767702	0.326645454341656
1.1165492792906	0.692237488001957
-0.221607632456538	0.109411331801366
-1.30248444473914	0.807533597974078
-0.625394911607526	0.365302627449566
-0.0791263862561241	0.0310335977163937
0.172174590786425	0.0665958300972575
-2.04646433681651	0.931063046692899
-0.120778107831146	0.0430500872234017
0.0436801388568287	0.0240002009293729
-0.882455569323094	1.1493763808688
-0.0837182966097237	0.0897143577436127
-0.682127571904569	1.37289374651406
-0.549949675815586	0.888237304952659
0.0664349898513101	0.061296320187403
-0.0447873570269789	0.0468697660131925
0.487841013531461	0.729659838955457
0.391793837593815	0.509422037846162
-0.103131740800301	0.116522546780412
-0.231048466033801	0.307638377049265
-0.198299974304054	0.223673718692703
-2.57067328278635	0.665094197548339
-1.7934287506278	0.390727439150181
1.09167228307017	0.534341039349394
1.58967182269147	0.798033270500838
0.690495395275368	0.220542264445643
-3.07402416243152	0.948685276185543
-1.1245005180034	0.961926543904991
0.843067846343914	0.358127084535735
-0.766976143268925	0.413273998444086
0.529266779773072	0.338233817133207
1.24617368380233	1.36879396858649
-0.345499801343399	0.347873279831512
-0.22486572078452	0.26210662997774
-0.399776985363104	0.595102428266143
-0.61342959767836	0.959103623031102
-0.200481630031278	0.271024491793036
0.0934299920782374	0.109148084233422
0.116619636709768	0.129717402558003
-0.251907690470084	0.287121569638268
-0.0160770058869724	0.0652603914295253
-0.303534636142665	2.77339297749991
-0.641306186516354	9.43134774565203
-1.13376792384394	22.9484386418854
-0.519228916704957	4.72876471037223
-0.270354812001769	1.20302574521666
-0.229185553539338	0.416847467264975
0.172659033405679	0.345645925239775
0.105751376996417	0.172652849128823
-0.211867824104828	0.325809484620456
0.326235089177213	0.81535583249191
0.538895973456004	0.195376263391291
-0.0715150140696283	0.058189678561751
0.802089230076879	1.35138405143732
-0.871625962742629	1.88088667590793
-0.256218850486613	0.490765853537608
-0.0611883345976411	0.0561621878956055
-0.256555899984521	0.26843225813714
-0.161359596438511	0.0852838342077872
-1.79346061997896	0.390723019452767
0.165088029467664	0.0313824661178469
-1.79346061997896	0.390723019452767
-0.187623106087822	0.0605504090088322
0.174204355272961	0.0597247391277113
-0.49650800501461	0.187033371669453
-1.79785205353169	0.391773074809323
-0.32531700249348	0.0932194330065639
-2.57554526884402	0.666976966437407
-0.161766449619103	0.0854723562378844
0.963214248695465	0.255090594573707
0.182515705814395	0.0461929473161663
4.39615175238887	2.32136635339539
1.06762213189116	0.40860472471242
-0.196970790009868	0.0634432336968819
1.05878746464103	0.40482083139178
-0.99841061134366	0.394537718823851
3.66006901072331	1.45227695570756
3.27510914666181	1.12076297640292
0.187984352048437	0.0474280610765032
-2.57522664974505	0.666917731403372
-3.45239496999294	1.22656388713544
1.05878746464103	0.40482083139178
1.18752499439905	1.59308187880684
0.0709334361876272	0.0718830876951637
-0.044552795274608	0.0456663379858061
0.00749363804853109	0.00621364566732521
-0.728912125648584	0.998547025102169
-0.261865101660483	0.264750813876783
0.763205888866754	1.0304863819251
-0.224799092192367	0.20201830006133
-0.513455811089025	0.497331825982546
-0.164245396300651	0.153303894597534
-0.000199084656039735	0.000207507122364741
-0.228608057873804	0.222855093433031
-0.419193774526361	0.492238809596579
1.13903331006093	0.874040967397522
3.65119667594504	1.44884031306495
0.68278086909504	0.218093717626154
-3.07350260546998	0.94852963330217
0.437706826440129	0.200159973655825
-0.955508871026033	0.46892875411228
-0.928216622938915	0.562958563550759
-0.493218498944464	0.185728512139402
-0.196970790009868	0.0634432336968819
0.174415063218798	0.0525132560977555
-1.49633399610699	0.531774933095134
-0.608428787479893	0.147248610626808
0.691293725798235	0.220916760169014
-1.00977041428962	0.400033925972951
0.17589226986752	0.0768055314802705
-0.937735205960634	0.984053682709699
0.347344245368166	0.346090471487095
-0.0813946379770338	0.0872146478990319
-0.379344283132536	0.493666407932339
0.00223104258231804	0.00185794764354538
-0.317048105504678	0.362257011204909
-0.0649013021362507	0.0572736234469264
0.204623157152745	0.20295523887242
-0.127349533718466	0.126706138498407
-0.482046289766434	0.617714758479382
-1.79346061997896	0.390723019452767
-1.79785205353169	0.391773074809323
-1.79346061997896	0.390723019452767
2.5803809958122	1.4485787246897
-0.321011266565823	0.0920911495247304
-0.608428787479893	0.147248610626808
-0.613158918177153	0.148231887572971
1.5995908001092	0.805153857006722
0.18374299244507	0.0464795790495071
0.81259059836359	0.489964389060516
0.627086718631175	0.477086486935455
0.637568863223421	0.337012569037705
0.504994124460036	0.451210333235554
-0.16553853740792	0.154563217242238
-0.636152796947926	0.804482962206719
-0.287383099077166	0.311645217011558
-0.443683565414853	0.632663966658657
-0.33388739018443	0.333345000385612
-0.0563717627008625	0.283490269898944
-0.189184162028092	1.37572850163427
-0.446506017755449	4.19049730266434
-0.0862623168345024	0.315124736842574
0.138154078147049	0.459598549412905
0.959998336472035	2.43030199915441
0.707621065998586	1.80589711924209
0.710212941315415	2.33392772407014
0.476485485722123	0.718097296741867
0.0883989076040855	0.170851116892119
0.713717111081981	0.337445494410385
0.687453672774919	0.21969379736456
0.544995250154885	0.633040823306381
1.47421360972929	2.08669388646481
0.346746682520396	0.437688534616945
-0.0570581465233811	0.0772748470259927
0.156373395811816	0.184826420356265
-2.57098043849301	0.664920470822356
0.16619130625606	0.0315431724784316
-0.701794429638729	0.239974906557054
-0.201198229263593	0.0647674111943437
-2.05243015094334	0.935186138063697
-0.613682540053849	0.148388769407339
-3.44888613612191	1.22380916720858
0.545282959725496	0.197930364047729
0.471588580083609	0.191447919383032
0.16619130625606	0.0315431724784316
-0.464401472136153	0.240500816152329
-0.260694125178554	0.311315278513618
-1.79346061997896	0.390723019452767
-1.79346061997896	0.390723019452767
-1.25254603603633	0.562193102367071
0.181837521716867	0.0460537144756759
0.687453672774919	0.21969379736456
0.963743115659934	0.255236344279286
0.16619130625606	0.0315431724784316
0.68278086909504	0.218093717626154
0.185076110728506	0.0555416222332281
-3.07822553691956	0.950796797182827
-1.79785205353169	0.391773074809323
-1.7934287506278	0.390727439150181
1.35564812089346	0.600770089805534
-0.0610267079753895	0.0366749590919084
0.317891701008489	0.510082875160031
-0.115412660103117	0.151424694432099
-0.303426313350544	0.355015450240408
-0.301360446827915	0.493714094471108
0.261008522218638	0.359476687106215
0.550351918157945	0.717407840588
-0.231658922734236	0.246287666016831
-0.236006637048166	0.194587643457708
0.639292910486794	1.14110400396218
-0.871644086255412	2.01797776059625
-0.441195865988174	0.689849616907804
0.0980567555419146	0.100316901088195
0.0294622838619666	0.0148690608830546
-0.612487701707529	0.148134994320372
-1.79346061997896	0.390723019452767
-1.7934287506278	0.390727439150181
-2.57554526884402	0.666976966437407
-0.703651055748467	0.240588737528622
0.543866069327593	0.197263140253266
1.34886052544281	0.596542879120315
0.171896822253868	0.066476773420953
0.695686472020731	0.605937035950455
0.196857587621716	0.17462621320991
-0.0130341953528704	0.0153899696198311
-0.00894009974691727	0.0095652379104311
0.346687708599698	0.444417758744185
0.0421002166441643	0.048630525475111
-0.506247976864	0.865084622094358
-0.168728789003536	0.171311193753032
-3.07350260546998	0.94852963330217
-2.58013588785136	0.668674470410509
0.695578618238174	0.222096290419702
0.165088029467664	0.0313824661178469
0.180107983152346	0.0541465694868784
-2.57067328278635	0.665094197548339
0.176825054435177	0.0449204608148946
3.65374776280759	1.44939212067817
-0.376901534033101	0.155951289607161
0.198576239421311	0.14837261971418
-1.1399005607857	0.630911571385364
0.198990401923912	0.130763319504779
-0.120636977712525	0.141478907155817
-0.452589688756461	0.623429998019377
0.0234576191373308	0.102837648416162
0.065359122500466	0.301093360399012
0.214138560398396	1.29280599344866
0.323342929626002	1.89172702082917
0.276497615514652	0.682290199742698
0.43908758584992	1.36003301774153
0.708137992496087	2.70156313601882
0.291741503848631	0.56951392387
0.370697007961491	1.27928277130215
1.47402323433779	0.492035659807906
0.963214248695465	0.255090594573707
-0.164921998035419	0.166917814096763
0.20119726351311	0.217320256282117
0.202478529643935	0.277729635896402
-0.154306442897589	0.304673024643331
0.108185622976282	0.129431121683482
-1.79346061997896	0.390723019452767
-1.7934287506278	0.390727439150181
0.165088029467664	0.0313824661178469
0.165880035481028	0.0314978449610492
1.96276901321247	0.454520391574277
0.169566032486793	0.032038095111837
-0.365249593379889	0.150776093416907
-0.618535635333325	0.149538863092151
-1.1182849071041	0.337405124817419
-0.50142768726195	0.189020237645387
-0.502781731421472	0.189630436127614
-1.01330057740261	0.401508143873863
-1.54152228115078	1.4742885504695
-1.12519556185123	0.339754109482426
-0.745228434114775	0.322263483734654
0.685539141555545	0.218907224669263
1.30090052760141	0.724081434804544
-0.577685762289758	0.274035588638691
1.96372117107544	0.45473924627511
-0.187993834410194	0.0606579586115245
-2.26006112771225	1.13848806017935
0.62878945066513	0.331099492770919
-0.701794429638729	0.239974906557054
0.473019015559315	0.192212164079927
0.963214248695465	0.255090594573707
-1.7934287506278	0.390727439150181
-1.79346061997896	0.390723019452767
2.76330811440907	0.780761067286217
0.686721713829268	0.219371725498129
-0.585996687671979	0.278770121774391
0.856415315375712	1.00973732115397
-0.732320609406754	1.44744228781359
-0.146907247723011	0.18132169341705
-0.314372694027452	0.454143130624314
-0.360756016789165	0.558022713983178
0.241954677765422	0.282505539413912
-0.486663788475947	0.658048485048493
0.0660578968485807	0.0619550740677298
0.0290213672078039	0.0248039524116784
0.132427283734321	0.158845588788208
-0.326338111525498	0.518716525139003
0.358934071453144	0.484952532109257
0.0782338638276659	0.0807792343712256
0.695630076424138	0.723045804527016
-0.702529153090903	0.24025873050893
0.697085340206751	0.222711908279372
-0.193635710912812	0.0624291791544377
-0.195531539432362	0.0629840149892884
-0.702916162136118	0.240304795913802
0.0680016044646038	0.0540728904601875
0.108959794405263	0.114065992706593
-0.288786021973418	0.474232190884945
-0.0478007928667497	0.0587600335387362
-0.289407924810519	0.48475202416098
0.24036936227295	0.324133260354671
-0.116903133057987	0.12463652813586
-1.5026235657887	0.534584753118728
1.96276901321247	0.454520391574277
-1.00377782576872	0.397156038036369
-0.326043908260378	0.0934449166225896
-1.49633399610699	0.531774933095134
0.172935900909832	0.0520977646892395
1.09805540245059	0.537873542527655
-0.700673100063675	0.23947715305123
-0.701794429638729	0.239974906557054
0.614832399086661	0.597812280828042
-0.758884017888431	0.407790884209351
0.531559503900369	0.460916923192912
0.563589458337949	0.909224673665086
-0.352616145180667	0.492498032353587
0.0258531352577014	0.111644792495707
0.0169684532996441	0.0646210930351443
-0.474712070686742	4.34636339684374
0.311236945153354	1.06892433384078
0.358935961502475	1.39611590760032
0.347920414671304	1.28108888428525
0.342891279449733	0.94085132687634
0.422657310281715	2.08003954853417
-0.216304240885043	0.106570995666047
0.915740456769865	0.49676650207074
-0.618261356879714	1.16329475220095
-0.476160418725934	0.883004267871348
-0.682221944506377	2.43708453788695
-0.785080797759782	3.9749140952745
-0.686272925410091	2.03407245597948
-1.49175325085157	0.529773188260123
-0.612487701707529	0.148134994320372
-2.57554526884402	0.666976966437407
0.174045724149933	0.0524237595938313
-0.220796587579975	0.109136818414761
-2.57036588579023	0.664816582891659
-0.954003214552136	0.926869378540565
-0.0156103679387812	0.00708104397947323
-1.5026235657887	0.534584753118728
-0.374925759667409	0.155103292255137
0.169566032486793	0.032038095111837
-1.46012455770089	0.734049874675633
-0.369285095075563	0.152636591530615
-1.49320671887845	0.530373211909872
0.170023510383488	0.0741601711074216
-0.412268843611879	0.349359310229332
0.048115359213009	0.0496042162856616
-0.230368199041429	0.207881988358504
-1.79726582531089	0.729767900198108
1.96372117107544	0.45473924627511
0.841769089213797	0.357799988221716
0.716011633271524	0.338184526787078
0.174866744414616	0.0599504088128746
0.178820853869998	0.0612698080138397
-0.19265924146981	0.0621226000055922
-0.38148214237599	0.158042902493283
-0.279006804703586	0.126485526249689
-1.00377782576872	0.397156038036369
-2.57067328278635	0.665094197548339
3.64371154631014	1.44368517222673
1.85151100608139	0.731488521526503
-0.612487701707529	0.148134994320372
0.165088029467664	0.0313824661178469
0.968469219672053	0.25651021792255
-0.741989481926024	0.32050473839187
0.357244429481541	0.200104479272546
0.359805497577602	0.361309257569181
0.22679614652661	0.295757171943744
-0.0652317913836321	0.0738890329723667
-0.470714101270486	0.787634705196244
0.494299063738522	0.717827098163659
0.494951331143174	0.70623168749638
-0.288632682029177	0.327969348360664
-0.0864485871007542	0.0988748633822536
0.372833874429983	0.46035069160242
-0.313485722634856	0.44687110071099
-0.00808729930868395	0.00816143768355471
-0.150540354666418	0.167057376787553
0.180790583429392	0.194851128584795
0.198721422914159	0.130685230550598
0.17899314570337	0.0538175920888867
-0.19265924146981	0.0621226000055922
-1.81688123585841	1.13533875261539
-0.588672198112066	0.686058559453876
0.152640558527917	0.165931793509275
-0.251452775757844	0.326872717830761
0.0974791148509347	0.103676885396609
-0.223424558836293	0.280716424658553
-0.287441303957284	0.230076050399178
-0.585487664762467	0.278494858012582
-1.12519556185123	0.339754109482426
2.37833363806881	1.20570132413706
-1.11951983581622	0.337809535545767
0.362230441154728	0.203076356305983
-0.321011266565823	0.0920911495247304
-1.64877676094374	0.924776485622219
-0.233998972591174	0.17103115195519
0.435016827816336	0.429928273664509
0.458550020274076	0.521676259947292
0.198406778355406	0.230390286805738
-0.187158465602468	0.238286145046094
-0.0711234352061705	0.369278825486886
0.0110235195514975	0.039696220006592
-0.0295856700215637	0.0740960447302528
-0.143168508713958	0.499399334156429
0.125318760086065	0.385120345074097
0.143838851788979	0.382925335564916
0.065954592546589	0.186439582269999
0.188468507550124	0.109656338064437
-0.644680320730935	0.379135043733612
-0.151634511661563	0.23202327454999
-0.52674865872947	1.29231222814121
-0.566616739188308	2.02124545454983
-0.567588699560833	2.66332393793323
-0.275093086038777	0.621471968063591
-1.7934287506278	0.390727439150181
-1.7934287506278	0.390727439150181
-1.12396372987595	0.33934973605565
-2.57522664974505	0.666917731403372
1.84059795026718	0.726378615413426
-0.773284306977784	0.656482144647168
-1.79346061997896	0.390723019452767
0.16619130625606	0.0315431724784316
-0.325031222231732	0.22833021578099
-0.14732366315565	0.135792514337122
-0.434850684272064	0.285078160371351
-0.169599743482189	0.0898367844428969
-0.626656944196673	0.3661447298346
-1.7934287506278	0.390727439150181
-1.00415219200353	0.397187604454455
-1.79766606524237	0.730020629935894
-0.199739594795254	0.0643228222061803
-0.381327629457224	0.213273272450903
0.266119548930472	0.258375022761797
0.057499100015844	0.0337158943805484
-0.0796984894124443	0.0312566433568414
0.199316740818809	0.137588921541167
0.105104787896669	0.106693437397754
-0.242230254283349	0.380145288912942
-0.359721779342091	0.449003924091941
0.252482648508203	0.258655011455458
0.0465927023471695	0.0255884813702807
-0.265238903881938	0.165010643041697
-0.305074453653573	0.180281651416503
-0.2099510486413	0.103419129480359
0.628258962761153	0.331553464401355
-0.0757320659981238	0.0297567250732437
-0.00086982135232304	0.000494831601262003
0.931294809286935	0.507296461672158
0.417554842974859	0.190210651649704
1.27411749964492	0.888924807986374
0.916708500807587	0.497397564128421
0.58904069374569	0.471840510910999
-0.282695070299447	0.12836790241986
-0.608428787479893	0.147248610626808
0.423499006653038	0.193218329132177
-1.14856862825937	0.638580352762944
-0.331432979676728	0.0949515324990773
-0.617339897765464	0.149284387408846
0.412687031377042	0.187644901882888
0.412212793434824	0.187554342287688
0.420472051703364	0.435947059039832
-0.291678960770907	0.448262856882595
0.12122596541426	0.148591494976742
-0.154538976749151	0.184625292182063
-0.0538000067014349	0.0542995920557942
-0.0325030343022451	0.030321591664876
-0.154712157095206	0.155192783258016
0.170827589475293	0.191344433669833
0.0155931022617486	0.0124257640473256
-0.0453814987980628	0.0459656702196773
-0.11578832467638	0.136541557618315
0.355561478212591	0.56965828244281
-0.0300524782660477	0.029737916295294
0.587466194437642	0.661453170605503
-0.417866415915564	0.50111440278769
-0.205256232984819	0.238276645548351
0.540729062287993	1.0413019327986
-0.354188000172476	0.50996984680171
-0.237971764841141	0.276381205223503
-0.143752457030461	0.173889761724919
-0.510444905125703	0.741602646754889
-1.79785205353169	0.391773074809323
-0.618535635333325	0.149538863092151
0.525873869918112	0.334943032022098
-0.12498904527434	0.0444985404997069
0.173158278931665	0.0593526101604331
0.475804309460653	0.193396100083251
0.627076442351466	0.330552291336488
0.175231853218088	0.0678170036028536
0.491591720493417	0.336610045365225
0.927998084279353	1.33173622393579
0.0725303407283915	0.0449788623838052
0.401067126117415	0.442330246011543
-0.322604222367521	0.469759616320529
0.0266702814696691	0.113391409372939
-0.0304960761754598	0.104266192331807
0.0391609756311124	0.127820744190348
0.16994080858238	0.753769649133809
0.169175239978911	0.628565778499514
0.151838223222413	0.629702701056405
0.665413962798449	0.605087768033161
-0.712149872520729	0.724494286709884
0.112176349535591	0.206665895084417
-0.302706821468417	0.678806371393245
-0.837224999342184	4.60329376842442
-1.01183209016533	7.5130842393066
-1.12519556185123	0.339754109482426
-0.614206104379299	0.148455859250315
0.469827192531849	0.190698541732883
0.322867262323348	0.209932667259781
-1.79346061997896	0.390723019452767
-0.613682540053849	0.148388769407339
0.169566032486793	0.032038095111837
-0.761047651183615	0.494346268238588
0.383151350766212	0.194712303996297
0.104690573352835	0.0834272830041168
-0.106723265397938	0.0732246843261026
0.182919976164901	0.113188232745437
0.174647287865892	0.0848904734947196
-1.7934287506278	0.390727439150181
-0.32485451718176	0.0931499749349684
-0.763792446813763	0.410756424700134
-1.49753171438992	0.532305096548695
-0.770564665615363	0.503094689705204
0.0434862747287748	0.0255837603479882
0.00799887925009859	0.00746129577483104
-0.0948395462593196	0.0753309950675824
0.11432340833616	0.143929119937566
-0.290886763226584	0.300840800641541
-0.286394562978024	0.229051140413619
-0.437261437327932	0.286570343546158
0.500318319914112	0.344590404873984
1.30881717821768	0.729995672456047
-0.0733230219453967	0.0288114204306004
0.0432081290896886	0.0237588744593281
0.716811366459165	0.339010879065116
-0.755514208166508	0.327660281762724
0.175417309691609	0.0765858681643769
-1.64889177679451	0.924487204211708
-0.212551695677615	0.104696607539573
-0.132595921720997	0.0742192854732787
0.8444579144518	0.3592524441609
-0.708225225424176	0.242257120133667
-0.702916162136118	0.240304795913802
-0.500113836340331	0.188493110256419
-0.497168322643533	0.187278575885264
-2.57067328278635	0.665094197548339
0.184971072095669	0.0467387603153735
0.165880035481028	0.0314978449610492
-0.613682540053849	0.148388769407339
0.183063896529214	0.0463401006276899
0.545994337450589	0.198159602216923
0.894823663985864	0.667466343109227
-0.0722031995149274	0.0715351149493317
0.0512858621712343	0.0642970948733343
0.074187012986233	0.0911696222654309
0.0563265438458146	0.0524418808130182
0.438090361036378	0.623651448194916
0.156518053252082	0.163268880696142
0.367030614406993	0.429859857282038
0.769673594455506	1.088035379453
-0.224487741331475	0.183846678523881
-0.421784094975952	0.457898598652705
-0.0602901286299519	0.065265744343259
-0.237501442609328	0.28620090138437
-0.164856632453039	0.199060436828558
-0.0900793266190138	0.0713167804137969
-0.929743638793045	0.971542012583577
0.0460572693919955	0.0411709305030046
-0.199121696787348	0.244396352939643
-0.578755172789252	1.10223937624293
-0.696644703823254	1.18340683964709
-0.39055897883559	0.59733425018278
-0.627507687327336	0.788239867182204
1.96372117107544	0.45473924627511
-0.741834827359843	0.320529587494122
0.980700057685397	0.670233792551426
-0.287329379464784	0.130637054237486
0.181959964224185	0.0546519449572612
-0.524886030011205	0.432935729403013
-0.731196009302149	0.315094927846163
-0.655991320751678	0.453601831142045
-0.577936918506644	0.669158021305058
-1.0923655022191	1.47997649930646
0.00467804559533213	0.00344213739180182
-0.43941370092081	0.681284804711511
-0.412761966602905	0.579743109072933
0.0488575864957128	0.193784329371929
0.120671858538779	0.562447638941679
0.0554825061118023	0.170434886636318
0.17511829146719	0.700724320971684
0.106533895434626	0.357664688338082
-0.577863642875557	0.273905411412226
-0.688744072297207	0.64707127074287
-0.0595596734285903	0.106835180729508
-0.866314982946868	4.11128549473247
-1.06112340343951	5.82456732226484
-1.13609733721846	5.56690890014807
-2.57522664974505	0.666917731403372
-0.949973009192648	0.465713193619115
-0.679234898994876	0.634890575122198
-0.32485451718176	0.0931499749349684
-0.0607131000959112	0.0364727912428518
0.305420067173902	0.240716635597933
-0.146887569795804	0.0994113737954896
0.0813919276591254	0.0551902375844178
0.0860937701874082	0.0561925956217183
-0.0590245705038436	0.0354618270577265
-1.00943392667062	0.399735935116325
-2.57098043849301	0.664920470822356
-0.526337815657892	0.329151538415684
-0.372760651977732	0.253794893104954
0.0508842033283512	0.0298523577520886
-0.331993943722139	0.0950999538773194
0.174051976960424	0.0847246119826406
-0.708961798888886	0.242591076534355
-1.13384556480577	0.97517202158475
0.702948863116399	0.733316063851285
0.144260994222234	0.12656707389807
-0.06578469604649	0.0477854475034431
-0.335806572852448	0.266424560284085
-1.45133406821936	0.999426352901855
0.924061951080643	0.502614819234415
0.593514438540539	0.476477325920637
-0.214612579875132	0.10569477780988
-0.165120011012315	0.0873433441678624
0.339581325852299	0.222387244063349
1.25120451921579	1.37749703878603
-0.127317623162912	0.0853718501080627
-0.320697109315906	0.224933499280401
0.581516993447586	0.464015690391738
0.19834310212351	0.136860983538085
-0.00509591554977472	0.00237585676052676
-0.501508356762519	0.189062054512787
0.628059816958534	0.331097904225649
0.465059836542953	0.188687227798385
0.164778629348208	0.0313374327003096
-0.619069360213747	0.149654914653121
-1.7934287506278	0.390727439150181
2.13239173303271	0.962976446468332
-0.379524935096536	0.259101821000068
1.79047912970542	2.21566992840536
-0.279509901776032	0.264989884213153
0.197594291854604	0.129807158332273
0.915542417425169	0.93985721904594
0.534528412586907	0.464174832329813
0.550997960911466	0.200096486449454
0.179731047800424	0.0540108619593111
0.162700260026208	0.0630116789469624
0.807913230631584	0.486212971980523
-0.032203594526383	0.0139243934644096
0.175658331461966	0.0680052602443423
0.550229507129372	0.199823293779666
-0.026303793592275	0.0165961924478436
0.336125399483157	0.204454731513766
0.0621523433900731	0.0480561663019756
0.625884570133398	0.32916289577606
0.38673169461799	0.196528732272757
-2.57098043849301	0.664920470822356
-1.50335347787301	0.534889336029958
-0.776444427289043	0.778716511494216
-0.370762866424163	0.252009949479384
-0.432471614408509	0.283054828544521
0.564822358048983	0.473715608534364
-0.312585128926163	0.29599398366949
-0.61212063208708	0.541176952260262
-0.00641793315045921	0.00296137258748599
-0.156910579562853	0.120613729792676
-0.314328764788333	0.246366947190852
-0.236500732731589	0.209334092442898
0.963214248695465	0.255090594573707
0.471875316484626	0.447051688160796
1.64496234817558	1.15878809051923
0.181480198012407	0.0884006642968021
1.11365975294743	0.689480891273484
0.186550762473395	0.122020833024238
0.442184616264338	0.336984617704973
-0.286674798212903	0.207094234780726
-0.0808048570715661	0.0577988093262776
-0.255251929296482	0.206971569703684
-0.211040593857184	0.135447576156691
1.70600422237145	1.9871407060038
-1.10744451905765	1.42192382109447
-0.416062642839644	0.416863643942431
-0.575406007470647	0.736326215418372
-2.00501663034642	2.07217086340585
0.138089507762482	0.827938528494971
-0.107960812085369	0.526762139787257
-0.143670010068088	0.650311561231107
-0.392431441821912	2.97956991743633
-0.325894222057981	0.257202607526374
-0.41171501013282	0.516373662573464
-0.72526162693075	3.81913444805292
-0.820035917320349	4.62622416642946
-1.00416544345494	6.38509986323554
-0.950125289591039	5.99070970860086
-0.488753790714885	1.5079441433968
-0.499234614804066	0.188038340526972
-0.612487701707529	0.148134994320372
-1.79346061997896	0.390723019452767
1.06190079859119	0.406050412279014
1.64932244866165	1.16376300280737
0.214739366264268	0.201771525100152
0.472199005963952	0.191734119717762
-1.79346061997896	0.390723019452767
-0.465266430839928	0.389618038971886
-1.19484850937354	1.37757820769575
0.135748323212329	0.110307455113389
0.0936550393408326	0.0840516884385142
0.479888720337787	0.456675251425492
0.0210219563340081	0.0141082142065843
-0.514428680286155	0.3200675700208
0.422715637116656	0.351188840130236
0.428344007470137	0.19553090215051
0.173299717196841	0.0670382465534782
-0.52399998289589	0.327411603903326
-0.416850743762929	0.354192323209529
0.106059907371754	0.0753687165393291
-0.410236660264006	0.347352668870637
0.490411013029542	0.591769242166768
-0.723964358169917	0.871470191497005
-0.387026305002733	0.380430441966249
-0.317174270372372	0.221882538116453
-0.123383461810898	0.0439460364093289
-0.331638238652911	0.262479206085669
0.723236766774575	0.730020849962026
0.628395238943377	0.588982809522866
-0.392435794745163	0.387174674518189
0.578622302781574	0.574428330562663
0.804200276257066	0.95902948120106
0.205639760409429	0.169714319360511
0.867848742322361	0.79413670757445
0.571154712922905	0.333707010855002
-0.770632974295543	0.653439677823652
0.718435275402613	0.339720316166281
0.413698479915964	0.188341734764578
-0.319817646410374	0.0917687104349087
0.186752657299631	0.0471525522204707
0.173841338161581	0.0596051278079202
0.173841338161581	0.0596051278079202
0.813284684798687	0.647861501857108
-0.52960778097441	0.46926020597882
-0.180686617355519	0.19028841427153
-0.769864791312671	0.652324007950081
0.283443646119118	0.251486371118591
0.577113902499313	0.572384720181142
0.632262421317823	0.482564103040004
-0.12261043679513	0.0436371800151759
-0.432737022686102	0.283232159273601
-0.317100712143735	0.221949536415888
-1.65599468596305	0.931174269702438
0.456420840485021	0.330090161746087
-0.120116985239571	0.0669523418808414
0.199721965799583	0.124396018520778
-0.294534640118335	0.23662288322559
-0.132947929169905	0.0743871348510695
-0.12119961618637	0.0675855644326991
-0.614206104379299	0.148455859250315
-0.960196414617702	0.472086487520094
-0.116904540449608	0.101860965996058
-0.315829075878684	0.270748059382201
-0.302554455317912	0.178610166106247
-0.242957129547826	0.17846173392216
-0.652853740310878	0.927778136818167
-0.444115523413915	0.292418220089787
-0.842802126746144	1.00645831383536
-0.660131078276159	0.94268801097157
1.96276901321247	0.454520391574277
-0.257448327382104	0.208997353398284
0.175544487354006	0.101636574301047
0.811955712042735	0.488802237280373
0.364807337315408	0.205158517402412
-0.429330979856054	0.328116114459197
1.14713869847922	1.17445181879149
0.211371459038669	0.170020940430159
0.27478129477512	0.235587197633998
-0.249709439675552	0.184010791116649
0.373812450621913	0.337767806616127
-0.698528708570336	0.748131510264093
0.371406721963383	0.33501244639929
-0.911162345306098	1.0805568562201
-0.731144093046636	0.924651421337853
-0.323863033230586	0.372089420144436
-0.216671108154621	0.176486961059885
-0.286761275899017	0.229425439337176
-0.679930927993861	0.588846691586948
0.0342980429317775	0.14115137453264
-0.0203000723199166	0.0671725342788847
-0.38309323072788	2.8430786209943
0.0506220776181729	0.0398947919020341
0.288370373685582	0.256795949032256
-0.845886621600103	3.92018079264788
-0.508672428743382	1.74118556212324
-0.714477061355622	2.83307359101759
-1.06218945642867	6.58861711776874
-0.446022384898717	1.17866396167312
-0.22910421223185	0.390111660100804
-0.617339897765464	0.149284387408846
-1.11390573268458	0.335899190520225
-1.50289020322423	0.534512321528133
0.164778629348208	0.0313374327003096
0.178254851579563	0.0536080680261321
2.86948214762828	3.37944294543337
0.117141829185348	0.0864736940648207
0.188667958543402	0.04756856032199
1.02133851821312	0.841232213309962
-0.683865817513368	0.593054937274852
0.0967941188686802	0.0886433927564727
0.986467662515922	1.21338255628368
-0.609938702417893	0.538487653444012
-0.244230217585956	0.17943346835981
-0.7771021914475	0.779508743869801
0.388588574058945	0.197650480504143
-0.570072234523529	0.412647290031717
1.28477489831737	0.899156193308288
0.692932973591989	0.221383018666362
-1.58209630742905	1.1999018243829
-0.0887179629745533	0.05156496288105
-0.244769557093068	0.150915739671779
-0.0793025827650134	0.0636159119797166
-1.1159365011734	1.21719665866146
-0.4619243340489	0.239031519776989
-0.0386846771440749	0.0166138140805509
-0.313004504791784	0.185768837953071
-0.582106446813452	0.467351053666471
0.88805592087717	0.660600466022907
-0.150298459982602	0.101875020976585
0.0913764877916984	0.0597518017075959
-0.140528074161906	0.094782821986625
0.0566836717893809	0.0332683884901856
-0.0927817774559108	0.0539808447223094
0.815921381529559	0.649668921826895
-1.81685304905878	1.1358131949312
0.630280918808248	0.33215165734534
-0.924083784650116	0.559364832597637
1.84140390214436	0.726768879551614
-3.07875719123617	0.951227905765892
-0.698670682702589	0.238794577468402
1.05693634570001	0.403813519694082
1.08411408454461	0.529236262649411
0.420997321280588	0.349482469071999
0.0588140621095942	0.055722416619832
-0.156163736287111	0.142117902314236
-0.498585141749711	0.519111225113676
0.000136284931332084	0.000310019805638737
-0.0881019379701241	0.0511809420108384
-0.585527503750826	0.471110610399761
-0.867593276422367	0.788948827625227
-0.621493752590729	0.591028903997573
-0.370967694651626	0.288239253427419
0.492876378713674	0.455325211415886
-0.0347634667926536	0.0215040915024691
1.01186914223626	1.41654192406114
-0.501139737773695	0.18896582897013
1.05841937425473	0.404493015312573
2.76330811440907	0.780761067286217
0.180503912336474	0.0618296034347483
-0.517349424647212	0.322355611807223
-0.3272251914692	0.258285930022001
-0.207024920389217	0.15430911851699
-0.777761575785825	0.723785981739007
-0.163300883621294	0.125960337732605
-0.69037660234008	0.878211612620747
-0.293960825940501	0.23609396645639
-0.435249690498485	0.460265388314562
-0.362118414583331	0.39113003885793
-0.737881546982744	1.01665433410952
-0.20712621029103	0.132688233093063
0.16619130625606	0.0315431724784316
-0.165690330046602	0.0876313188975961
-0.296809702182365	0.135187710273671
-0.751578918535292	0.325601084499325
0.565302813209624	0.329571861975896
0.29808891226719	0.251303995506375
0.413235866317089	0.188115844591244
0.109071258098102	0.080210405582407
-0.572972861373887	0.633437855163363
-0.483344819458054	0.475702712596947
-0.204240066202548	0.169585328438776
-0.208364307289324	0.173456124348005
-0.319884180364583	0.348936309123105
0.214529729779808	0.172873154185305
0.269865086170702	0.262629722058277
-0.0575373505845095	0.0472182201202262
-0.142170210163388	0.111086860788228
-0.0291650991490528	0.0216828847273366
0.0118687259385064	0.0412480501570068
-0.0314584788555947	0.105626795006747
-0.0284719661590479	0.012381935832033
-0.517896367694424	0.502647954963065
-0.544348266684293	1.98076058713299
-0.199220606260357	0.429752691433324
-0.936077559429374	4.11645352568888
-0.698504243393094	2.364679868042
0.171633865241793	0.276995014153965
0.148778223650603	0.174531513918897
-0.930015655844926	0.564294838368021
-1.79346061997896	0.390723019452767
-0.613682540053849	0.148388769407339
1.91984552855493	1.65612943632597
-2.25607234103169	1.13554410412037
-2.57067328278635	0.665094197548339
0.167861245188392	0.0649578174448022
0.277879372940162	0.238715654881571
0.0970233722648616	0.0662066703805507
2.76109157462938	0.779871501961836
0.164778629348208	0.0313374327003096
0.165880035481028	0.0314978449610492
-0.105521144217124	0.0825564008615444
-0.0522773572967218	0.0377653183563047
-0.497351733419964	0.611118696648726
-0.027330892926024	0.0206053329742713
-0.13442514671598	0.104580905293552
0.198385243696342	0.171988827378128
-0.230118012185447	0.167833774123134
-0.438515812582807	0.399198980131305
-0.0315933890873925	0.0195591437463826
0.174866744414616	0.0599504088128746
0.178586346650125	0.0453095875153282
0.593181791980171	0.476148377744587
0.071454677555306	0.0420189910004635
1.64173345972402	1.15623194491978
-0.708956040781869	0.242608405956901
-0.932857842857925	0.566234930179722
-0.363705546715734	0.310822728402148
-0.0523572172801982	0.0434862288388328
-0.525093906450459	0.433159176101961
-0.329887337461566	0.260833902796726
0.113817942902953	0.0811647674933443
-1.11972956920963	1.44616794076682
-0.201170478331683	0.128521710871907
-0.107360477501656	0.0758263434142699
0.562620730587178	0.32737874736759
0.942184594565702	0.514716179216156
0.171753346999323	0.0664367381108907
1.08433305868194	0.529468868573675
0.0604445321433092	0.0354943241451375
-0.397801152098282	0.334254977615249
-0.22575807342327	0.164234882066661
0.304695637458945	0.208859255431507
0.0171469175047989	0.0115124119193861
-0.895867426454442	0.644591835016014
0.40840432678183	0.185694111743612
-0.309963410288874	0.18363129262938
1.67714453740035	1.58179673801123
1.47715133578681	0.92833868214273
-0.613012730411062	0.148202450577793
0.180845714650258	0.0543398759613664
-0.495848105642275	0.186769649159627
0.927482167895221	0.505199699941499
-0.326726185448911	0.28208094912554
-0.0342214697267375	0.0285684623280189
1.15844409138807	1.31413860373763
0.204310300903906	0.153141267184638
0.710174983808443	0.622989771459087
0.0193680471122191	0.0098719872883253
-1.80705863221034	1.12571457502754
0.980050247495789	0.669989421054983
0.311106239943003	0.225359339481682
-0.204085589833706	0.151877554280678
-0.632004292894399	0.641964729943102
-0.216729364751206	0.106780321378707
-0.576832563965895	0.273411525933658
-0.618535635333325	0.149538863092151
-0.583665341884427	0.277209656171523
-0.255435270797854	0.158272692558093
-0.373248664513549	0.320822704621281
-0.429260741645697	0.421510174645108
-0.290716256878913	0.25286092622345
-0.0049393534818873	0.00230564365384749
-0.12792054582951	0.0715088386776335
0.422963391886386	0.192770332115027
-0.168686942782701	0.0892645994358249
0.0482345664154372	0.0379736510121384
-0.0772198396013518	0.0303150593259663
0.44662579243193	0.340770003473604
-0.59313391583196	0.478812027650745
-1.41395377344366	1.4860678973812
0.648630770651342	0.683270877807514
-0.448260032478832	0.295480862376026
0.313870290390072	0.238458867843051
0.196953860399936	0.141611074201764
0.415361168781303	0.429288998031803
0.513817215084398	0.461227625622275
0.566039721640212	0.474726738882464
0.0926830609271145	0.0606024025527436
0.353895645703541	0.198223982672467
0.139874074830704	0.84150743360129
-0.139548647610134	0.238114723092913
-0.499478461038265	0.453675029758429
-0.333767828839762	0.898141531413104
-0.381899879811692	1.06540594422404
-0.396409116830018	1.11503409011703
-0.653523588970364	3.19716453652126
-0.222512115380104	0.467175292430874
0.0141000571617434	0.0189049816113987
0.400769519375101	0.615122959945309
-0.713794240647542	1.100261890653
-0.0606640459876991	0.0709667469821609
0.0889235154029882	0.0952955911864962
0.126419373718936	0.147320393564704
0.131796061767501	0.117028254035623
-1.79346061997896	0.390723019452767
0.16619130625606	0.0315431724784316
-0.60895933746012	0.147406558741333
0.544218436165038	0.197506777270022
-0.613682540053849	0.148388769407339
2.76109157462938	0.779871501961836
0.963743115659934	0.255236344279286
1.79893321400998	1.01356998027013
-0.630291871002094	0.602217459942133
-3.44686848748983	1.22339694388155
-0.613158918177153	0.148231887572971
0.183063896529214	0.0463401006276899
0.765167096242821	0.751137514199001
0.465526388150699	0.439089998214043
0.539674918774957	0.698497521478259
-0.640376458494364	0.653680287777903
-0.45841278158326	0.382276541435469
-0.630973027829378	0.368986657244135
0.814472266679876	0.648433180506114
-0.00390715501460712	0.00183870622677243
0.931866940954638	0.812225216608015
1.47086646676889	0.49088731436037
-1.1152634133402	0.336439469187697
1.29329541167416	0.718157935888325
-0.631103048597107	0.369007412405944
0.363637631446839	0.204270945220993
-0.614206104379299	0.148455859250315
-0.895483638569684	1.17467816940898
-0.416881003745289	0.316646978529755
-0.368706661211073	0.286130892897855
0.680472415380302	0.48849788458021
1.06449307015235	0.407221804443696
-1.65088314169943	0.92741399998857
-0.0782004468952671	0.0306899272143896
-1.07279563839657	0.724355961586475
0.623679461463161	0.473868094046449
0.17212919335715	0.0995847680507546
0.585234021977647	0.467726185040334
0.340749834899351	0.207615253236368
0.190824007541337	0.125021967845467
0.193997331864194	0.120451524968345
0.413235866317089	0.188115844591244
-0.491232144366944	0.184925459956005
0.187435346122179	0.047292837125537
-0.464651857044816	0.240268785301997
-0.167338397804288	0.088580185978188
0.262652475402392	0.265776535083777
0.0733177793625574	0.074423679864784
0.0150675688282447	0.0144196033326727
-0.723630878783288	0.987633188401555
-0.322972850367753	0.363880028864123
-1.15015712466476	1.62402274015604
0.915642448252206	1.55897589599321
-0.435914711692844	0.587754498775761
0.738778205382439	1.1449150121214
0.138293348340438	0.115392559234791
-0.468923923293226	0.243261959643944
-1.00906318075178	0.399734482931109
-0.613804976594409	0.148553206549543
-0.172175591615407	0.204393658656196
-0.336552091703121	0.469557223038782
-0.202013101129684	0.213208251227066
-0.624418663527228	0.364613675064482
-1.79346061997896	0.390723019452767
0.164778629348208	0.0313374327003096
0.633453417302576	0.483357917021443
0.172879456781673	0.0668664345803421
-0.523609013383787	0.327297990997004
1.06449307015235	0.407221804443696
-0.165505674971376	0.0875574432628282
1.48792917536378	0.937233531845234
0.0956905715165622	0.0652508551684327
0.86144548419378	1.07727897957662
0.196723312857206	0.166000336432573
-1.02942344609138	1.6440313017568
-0.0603431826807176	0.0591468843047277
0.521411327585529	0.709600516152305
0.303820244257058	0.347224358472175
-0.0634195999666325	0.0583359058840248
0.898534487079241	1.36656927861193
0.245251352166531	0.28695676566504
0.0271452460725945	0.0227372729499685
-0.00652678773830369	0.00498973467549515
0.198944777978507	0.153917595092913
0.259345820221864	0.261678715606509
-0.0477135956530401	0.0428086542769535
0.198565147274952	0.153574366462562
-1.12328075924743	0.339047939506251
-0.999444223472655	0.395011962383954
-0.464845305097164	0.240776107501828
-0.0772198396013518	0.0303150593259663
0.18374299244507	0.0464795790495071
-0.613158918177153	0.148231887572971
0.160144755571284	0.0306956063740573
-1.7934287506278	0.390727439150181
0.169566032486793	0.032038095111837
-1.7934287506278	0.390727439150181
0.164778629348208	0.0313374327003096
1.96276901321247	0.454520391574277
1.96684138854469	0.455504908505281
1.96372117107544	0.45473924627511
-1.7934287506278	0.390727439150181
-1.7934287506278	0.390727439150181
-1.79346061997896	0.390723019452767
-1.7934287506278	0.390727439150181
-2.57554526884402	0.666976966437407
-1.79346061997896	0.390723019452767
-0.618535635333325	0.149538863092151
1.96684138854469	0.455504908505281
-1.7934287506278	0.390727439150181
-1.12519556185123	0.339754109482426
0.169566032486793	0.032038095111837
-1.79346061997896	0.390723019452767
-1.79785205353169	0.391773074809323
-0.617875104469477	0.149400727468359
-1.7934287506278	0.390727439150181
-1.11760971687047	0.337077079720442
-1.79346061997896	0.390723019452767
-1.7934287506278	0.390727439150181
0.165880035481028	0.0314978449610492
-1.7934287506278	0.390727439150181
0.16619130625606	0.0315431724784316
-2.58013588785136	0.668674470410509
-0.619069360213747	0.149654914653121
-1.7934287506278	0.390727439150181
-1.7934287506278	0.390727439150181
-1.79785205353169	0.391773074809323
-1.7934287506278	0.390727439150181
0.266901515301046	0.657408227268252
-0.388949027439632	1.39717750744417
-0.207992218483045	0.352335478305308
0.0339845021654171	0.0363018741325231
0.201660972770477	0.199642009143558
0.521385010751667	0.611955694660968
-0.0895599025217391	0.0709140624278687
0.300083255045741	0.261379769364682
0.0207169984715296	0.0105394431083723
0.472589276523701	0.191952372408541
-1.79346061997896	0.390723019452767
1.96276901321247	0.454520391574277
0.957162742729009	0.253557522610441
-1.1182849071041	0.337405124817419
0.174204355272961	0.0597247391277113
-1.79346061997896	0.390723019452767
-1.79346061997896	0.390723019452767
-0.743607658160876	0.32145501649726
2.38151726673336	1.20811240042553
3.27152519356808	1.11907150574555
-0.370346829638476	0.152977788998958
0.180860449097146	0.0543198851417517
0.42290347539764	0.19277164653448
-1.1182849071041	0.337405124817419
0.469214796260205	0.190439621590192
0.555239766445707	0.201780832151434
-1.79346061997896	0.390723019452767
1.96372117107544	0.45473924627511
-2.57067328278635	0.665094197548339
2.92722888736308	1.99320885928937
-1.1182849071041	0.337405124817419
-3.07822553691956	0.950796797182827
-1.50921776759309	0.53721941864807
0.183063896529214	0.0463401006276899
-1.00269516620368	0.396499158743995
-3.07402416243152	0.948685276185543
-2.57067328278635	0.665094197548339
-0.503804509378522	0.19008371969888
-1.80221458601455	0.732350899472888
-0.699405444382189	0.239043645886915
2.13847384175308	0.967026817523456
-0.613158918177153	0.148231887572971
0.967271104517323	0.256176548116206
3.64871284900552	1.44691597652701
0.17899314570337	0.0538175920888867
-0.702529153090903	0.24025873050893
0.963214248695465	0.255090594573707
-1.00977041428962	0.400033925972951
-0.191951684587849	0.0619002672361887
0.963078860472085	0.255236868510046
-0.282695070299447	0.12836790241986
-0.720039304571019	0.246656057253225
-0.613682540053849	0.148388769407339
-0.608428787479893	0.147248610626808
0.165880035481028	0.0314978449610492
-1.79785205353169	0.391773074809323
0.184291063239428	0.0465991085839434
0.169566032486793	0.032038095111837
-1.7934287506278	0.390727439150181
-1.7934287506278	0.390727439150181
-1.79346061997896	0.390723019452767
-2.57067328278635	0.665094197548339
1.96684138854469	0.455504908505281
0.164778629348208	0.0313374327003096
0.180107983152346	0.0541465694868784
-2.57067328278635	0.665094197548339
1.96684138854469	0.455504908505281
0.963743115659934	0.255236344279286
0.474806409465069	0.192958689821505
-0.703651055748467	0.240588737528622
-1.26007476746704	0.566424643400487
0.192388128577069	0.048380175396211
0.688185381402826	0.219868290083128
0.963743115659934	0.255236344279286
-1.11884555197394	0.337481516657706
0.165088029467664	0.0313824661178469
2.76219840038386	0.780594539857824
0.693668977910988	0.221707820486434
-0.197681301235905	0.0636672013988199
0.16619130625606	0.0315431724784316
-2.57554526884402	0.666976966437407
-3.07454565876188	0.948489134275984
0.0684601178273534	0.308831925444007
-0.0654174694252505	0.249418598653461
-0.0749821802172639	0.230363121877494
-0.29324390124307	1.22638970708189
0.346273696982757	1.27598117910846
-0.0449781359282602	0.0489679935789343
0.278022421422924	0.369374364871549
-0.215393820294621	0.207923431679041
0.679597719444853	0.487118314753081
0.181837521716867	0.0460537144756759
-1.7934287506278	0.390727439150181
-0.123986971098977	0.0441560427469937
-1.79346061997896	0.390723019452767
0.17863134392367	0.0537118645556901
0.202521257156754	0.156996312594037
0.140685001379101	0.133236851307483
-0.114836999915269	0.0409889290231566
-0.613158918177153	0.148231887572971
4.18595033025594	2.03283969777774
0.181053134529505	0.0458624936397602
0.442706528191955	0.50990226295893
-0.463123167609898	0.450178338305453
-0.555181605548577	0.607285430959013
-0.493662594558458	0.707798169853397
-0.194983463367886	0.175468505992118
0.389542665737437	0.435923925900205
0.112679627716719	0.102561112018506
-0.114097149398522	0.0992576327467654
-0.114199823655114	0.106127637988609
0.451535539340435	0.345655401682618
-0.292196089379769	0.132926442308598
-0.241305579796672	0.177063713196583
0.565134680437631	0.710312702597807
0.197801376351525	0.171289691747514
-4.71169782562327	2.79085548565698
-0.254258258643129	0.227771202176809
-0.253211777384577	0.156790324770286
0.328997545217063	0.346916655970558
0.198478807257948	0.1631066515429
-1.01307841864632	1.60524742014888
-0.227109445085964	0.221153427287714
-0.374778722979892	0.375413911709169
-0.911105534388021	1.14402423052958
-0.113459682907765	0.105325461284579
0.605619852527203	0.811217235082226
0.482691027616305	0.529639098430746
-0.0808663766446453	0.0649266811854612
0.387100044157985	0.352474073891543
-0.0918318973214004	0.0728124472296315
0.491474671006813	0.607530575845934
-0.127886802394166	0.112334057698998
-0.115219085384938	0.0906746662091294
-0.169522449795683	0.127662639633027
0.575169570568652	0.744783609888232
0.77955971058425	1.10809512394347
-0.409145042634387	0.408187910559689
0.583938580433095	0.742224582047153
0.0658993104532267	0.0408635870817797
0.19983978030536	0.137984829309409
0.428675616355101	0.341578856602348
1.50071744228217	1.51573435672571
-0.204047587147551	0.0656463968045093
-0.324393158207149	0.0929933012825356
-0.713401230052001	0.853178127613247
-0.215091472353267	0.106058027804593
0.1735715113843	0.0843379917904306
-3.07454565876188	0.948489134275984
-0.123220651484122	0.0438507532384957
-0.682719977527892	0.592070664902938
-0.942346494275201	1.59490133634339
-1.79597745038153	2.05110928536012
-1.7934287506278	0.390727439150181
0.177897745896969	0.053489137684244
-0.195253190433629	0.192559774196157
0.290294940811024	0.251338471324214
-0.177655764471974	0.117428379799991
-0.0557895801126557	0.040322040827267
-0.722984167374204	0.909724685658724
-1.14955424042931	1.40549226642585
0.0847837342029506	0.0727521822197274
-0.41733508631166	0.354530294544166
0.129464307248509	0.104762031877565
-0.0959424962589769	0.0838470815282153
0.203645862775573	0.146918587431496
0.179814369499614	0.104200922270271
0.196633576203977	0.122243486748862
0.79888598749468	0.949493302669306
0.0709730026141049	0.0591139884598645
0.383831520508066	0.194809237508958
0.625174627721687	0.475577820051421
0.0516810125131346	0.216866216974161
-0.0861908513686555	0.342835793784816
-0.0329209440621681	0.0913874253502086
0.270223879852614	1.08192362958341
0.112853145154435	0.16484382844972
0.435166597645622	0.757697924185093
0.313288773521839	0.361055701865898
0.114665545093895	0.12889029746556
-0.00834781501692622	0.00715797122425297
1.48340514459681	0.933039316852001
0.966736740010186	0.256029100393941
-1.7934287506278	0.390727439150181
-1.7934287506278	0.390727439150181
0.164778629348208	0.0313374327003096
-1.00835638596109	0.399381922624064
0.166529805567795	0.0571485677556131
-0.310735724975908	0.184201097534213
0.178514517902691	0.0868184724859064
0.959543454922691	0.254205280821647
0.364110839619014	0.204365919281669
0.968351854432497	1.37400519953672
0.593661715747628	0.806897653687584
1.06449307015235	0.407221804443696
-2.57036588579023	0.664816582891659
0.18011793418247	0.054112323705194
-0.323664690407152	0.0927962418225715
-0.387082166286204	0.406216470799244
0.030370777749865	0.0219568644269484
0.100640624812824	0.0907720025546444
-0.393958676763937	0.487424959991698
0.669748127126638	1.00308521142804
-0.488679128151269	0.597131233936325
-0.544343100919814	0.737135788681654
-0.129239571926427	0.130766369140945
-0.0355724180661291	0.0328747606920682
0.0442459700716643	0.0243088300075983
-0.0790196510442757	0.031013543709508
-0.689960166326892	0.600403223945146
-0.39682290879663	0.392727449580158
-0.282794657497684	0.225687029709358
0.747896010589722	0.497749504752592
1.85541940644089	3.36120680431861
1.79301060699767	1.8383395807436
0.147637742749612	0.135311775646464
-0.128849407758371	0.11323885182525
0.199352582401341	0.154284135179918
-0.395701566761868	0.442924416397666
-0.544823669236663	0.487146326639862
-0.561026143073246	0.686452545249924
-0.249531170648568	0.222695287268966
-0.168181712141965	0.154506096411784
-0.284748644429048	0.293222719836652
-0.249979536651833	0.272637567901533
-0.11279987289829	0.0886597741461602
-0.145292278032553	0.133667568202168
-0.541716129011794	0.716484521887422
0.597318809134989	0.814407603233735
-0.264762849325299	0.254242532444932
0.0552248302582286	0.0324164097592161
0.0732007124064695	0.0475626870245068
-0.127646911661154	0.10116509102528
0.54455077096071	0.649097956235971
-0.29060406104981	0.252768876180791
-0.679870221644225	0.858725865950574
-0.453535675143157	0.504400681124128
0.113733904035287	0.0863933879424969
-0.092958231401772	0.0737520042363726
0.286817649564855	0.247795084208565
-0.0786079737951449	0.0456035497730355
-0.618280790924449	0.586794808427706
0.0415043848604445	0.0228302210599195
0.45290624832919	0.346734954763394
0.469037778436906	0.190492761217088
-0.331432979676728	0.0949515324990773
-0.197681301235905	0.0636672013988199
-1.1182849071041	0.337405124817419
-1.81836331088829	1.13657266944331
-0.323480944757571	0.254802544042843
-0.621678167379314	0.748795623326163
-0.578145986770994	0.766156644880739
-0.933013723674104	0.97650748870892
-1.00587966208245	1.36240568769614
-0.903024760225329	0.651596171410665
-0.306796495376171	0.181378864081049
-0.642079090698195	0.846013320342725
0.0284679903955476	0.0198951594979394
-3.7511927754544	1.4825089606666
-0.60895933746012	0.147406558741333
-0.701060091359901	0.239632648032144
0.165880035481028	0.0314978449610492
0.328814763510069	0.347020625555429
-1.46474349852834	0.736829271920345
0.069245144205515	0.0563458804728129
-0.598158845409738	0.650356287425448
1.60331951538999	1.74206808251593
-0.213644048302936	0.105236136730746
-0.105370359200319	0.0942701628050463
0.303820921275074	0.239231774823461
0.649799744533985	0.77245826718682
0.551041870535422	0.558417669502707
-0.920775265629502	1.03040284410664
0.200099680211235	0.182030245199273
-0.0476236824509626	0.0294457986141787
-1.12451438007619	1.23308500931538
0.195556353317172	0.121568181700568
-0.176767621631933	0.133668039227585
-0.0400114905011971	0.0293397156476349
-0.377657520695013	0.210540039651153
-1.15687672761793	1.16644513353225
0.0988777675619461	0.505310652454966
-0.550764956322197	6.88022474052563
0.190756299112386	0.88090665892869
0.217727263474351	0.48971374764924
-0.112087470200317	0.189741017787508
0.305872225641272	0.731801914547231
-0.210632994043367	0.328019861980255
-0.106106515169772	0.133278554785159
0.0682519901107267	0.0699252128096307
0.33331372292779	0.360660236891262
-0.118832847756901	0.0423587664894206
0.686721713829268	0.219371725498129
1.96276901321247	0.454520391574277
1.96372117107544	0.45473924627511
0.964404580081594	0.255330782344719
1.08136150574894	0.527474339547351
-0.0102398298924561	0.00467114751075789
0.167722678334851	0.064927369580929
-1.79785205353169	0.391773074809323
1.96684138854469	0.455504908505281
-1.24791978355826	0.559453062443608
0.305049555304913	0.22035318990316
0.400028938585293	0.430318203041357
1.34992552348217	0.597211152410209
0.160144755571284	0.0306956063740573
3.65499468921657	1.45049079500857
-1.25847725986996	0.565797109462532
0.0959782974613413	0.0654388275713259
1.13491529242079	1.83086637302687
0.208610038173396	0.230403704394412
-0.199983810922976	0.207167391426444
0.410406241515643	0.502951934836501
-1.10629629667566	1.79734348207672
-0.97206764325166	1.20737165511642
0.542760470324105	0.629607031029732
-0.0739311290192708	0.0591431389804544
0.174045724149933	0.0524237595938313
0.923993724928956	0.501949623164673
-0.570421605085142	0.550119525560343
-0.708291376149638	0.844457464785219
0.0833861339290634	0.0518981775144242
1.05952860814689	0.405011691745652
-0.174848743624523	0.0926885155212581
-0.311280136369356	0.184224030641783
-1.56895150742179	2.32723446661783
0.457259959560929	0.444139299317432
-0.0389808969420717	0.0285786515900031
-0.462987904145688	0.485304345993225
0.060634461163753	0.0480218346902609
-0.453796902679967	0.535347225492546
0.161182304847608	0.210084213495205
-0.0937079966672794	0.074380259646159
-0.256423851688672	0.293512010543974
-0.182263352942342	0.199776016956791
-0.492188495019363	0.730608040509229
0.259251726150343	0.272172365091109
0.472315064316866	0.528856259742756
-0.528564244793509	0.609066331653013
-0.331699013128738	0.287285906256789
0.305188037595905	0.230787211622175
0.689421561754814	0.812656971344116
-0.00483909865139765	0.00307524350477812
-0.297876321523652	0.260400353194031
-0.0114126356196354	0.00861087131638524
-0.460112307142165	0.481192652901467
0.202716908078755	0.180546500281978
0.128250622728026	0.106319020485236
-0.0967227861503237	0.0679397166272219
0.187653217894292	0.109026701363278
0.762411843936207	0.641497205303986
0.821871416817317	0.49699538876552
-0.373749059899346	0.254581419710971
2.13386142848874	0.963951590957412
1.96684138854469	0.455504908505281
-1.11896025029368	0.337616084496264
0.689369698791533	0.22025689756634
0.187435346122179	0.047292837125537
0.0816223278279906	0.0531955817704229
0.0869899907002631	0.0747014966236633
-0.696864633358393	1.33445686464459
-0.396791711379794	0.444525648510483
-0.412723577731457	0.467676057018617
0.204419865456039	0.225018366542602
0.044372661007081	0.024355600191161
0.172220859005393	0.0750626503511875
-0.351419381710564	0.269818493729466
-0.182195133201291	0.165957694974458
0.184856832668667	0.217990545098989
-0.571096018609186	0.882225000000697
-0.922220804564028	0.95974732186907
-2.57067328278635	0.665094197548339
-1.79346061997896	0.390723019452767
-1.79653379913892	0.729391431830202
-0.612487701707529	0.148134994320372
-0.70398648315954	0.24079443492873
-0.326310377140785	0.0935168437296262
-2.57522664974505	0.666917731403372
-1.79346061997896	0.390723019452767
-1.7934287506278	0.390727439150181
-0.581085976003113	0.466114051763495
-0.139949741210476	0.0944005493668358
0.632125676798571	2.01514643795508
0.917691227338647	1.56405493968851
-0.329585875829937	0.354888991637361
1.41622562807185	1.09838742674682
0.574608009369427	0.641735644052204
0.00279666041946158	0.00174629478852669
-0.201801190020821	0.20944324440177
-0.22805739871784	0.237774801289807
-0.555281499303546	0.607245855287491
-0.300863813878513	0.323555402666018
-0.262957362134874	0.28995461577876
-0.250087341987599	0.223482279758802
0.843511762686488	1.08418227063603
-0.185054531851641	0.195578020656755
-0.708992948104569	0.84549373667258
-0.00954173275338121	0.0368252731581926
0.158288200470205	0.866915064666268
0.159875150006545	0.360868461019943
-0.0373080516360252	0.0670242935670667
0.197073842701183	0.422559851476173
0.449287378975431	1.61202695874433
0.0537349879899918	0.0756088316858374
0.0150175872290789	0.0216828044245899
0.353859803402317	0.490854201612796
1.59351350160179	2.84638839917933
-1.11896025029368	0.337616084496264
1.96684138854469	0.455504908505281
-0.496879333423488	0.187181684059415
0.553818419026129	0.201156081038653
-0.938329838441536	0.570744749946103
0.921086716652748	0.499497756628793
0.164778629348208	0.0313374327003096
3.27272750868887	1.11966450015405
0.185454319096416	0.0556335769192585
-0.235024560355965	0.171816004882849
0.218955070263637	0.236001440012611
-0.617339897765464	0.149284387408846
1.96276901321247	0.454520391574277
1.35276823183269	0.59898514245525
-2.57036588579023	0.664816582891659
0.081475010888585	0.0683406506451612
-0.0318897211033879	0.0237172188008944
-0.179547645795677	0.230869874424723
-0.307177057455065	0.332017195826851
-0.26635156873859	0.240523525802593
0.410508445919461	0.434171666501615
0.201608770178211	0.16125074556301
-0.118100869704841	0.0930939844246384
0.488104991712778	0.538063571089474
0.185066191661488	0.099286711291124
1.05051018676885	0.400887207558276
-0.253817162047738	0.157174379849149
1.16325090236339	1.32378558262852
-0.495142227347304	0.37006160508523
-0.121819604516068	0.0433585739871293
0.0568619711084612	0.0333789627958868
0.179660050199449	0.0876103837744926
0.445998302698799	0.443669979393754
0.0807050782728203	0.0525816441009378
0.459193744386911	0.460507504186222
-0.34097803563753	0.32047055218313
-0.978123026905764	0.866190483231191
-0.169502831507721	0.111620311870062
0.647533590040211	0.848649513641263
0.020368946185519	0.0214418966255942
-0.0264186029861629	0.0222561147583199
0.0435767310320116	0.0563473467121438
-0.185633249197158	0.311457341737547
-0.518776945528886	1.15904165911095
-0.169712523513987	0.172393318523996
-0.235703868073722	0.345663573541303
-0.105062058601186	0.117627649215714
-0.148313820315943	0.136794478822823
0.0588670975618447	0.0454376786008864
-0.538820527254509	0.480148454586042
0.088780926677182	0.0603753478999146
1.90446591529864	2.11511441792809
-0.402666166973705	0.371118344739093
-0.129007912554828	0.0720920373274214
-0.374372496748705	0.291433317762727
1.07122253462887	1.14014140597761
-0.414176281395228	0.351483719827268
-0.603549588061664	0.531211083416093
-0.439777198961963	0.40087782928932
0.312803275814807	0.23753601555562
0.981348288100454	0.669916759124187
0.922666543768203	0.801009693570063
-0.119838421507322	0.0427012024156546
0.172463093000529	0.0752804629540888
1.84140390214436	0.726768879551614
1.46964366147565	0.490422889690681
0.165088029467664	0.0313824661178469
0.165088029467664	0.0313824661178469
1.06078959666294	0.405437996491229
0.181693594001593	0.0973222654767418
0.369338266810169	0.343011884945519
-0.082370671140837	0.0976326943848766
-0.715278110414792	1.81478327085142
-0.529561928971247	0.875699832401345
-0.331297117122483	0.505347600602872
-0.568758362183808	0.790986199069372
-0.625394911607526	0.365302627449566
0.18589785584412	0.0812108553937734
0.17863134392367	0.0537118645556901
-0.195896300806791	0.0631110974355499
-0.320535500581688	0.324487671775161
-0.341907209844734	0.542941783375283
-0.296020957282819	0.406864391034368
-0.31407077475911	0.186227731108392
-2.57067328278635	0.665094197548339
1.96684138854469	0.455504908505281
-3.07875719123617	0.951227905765892
-2.57522664974505	0.666917731403372
-1.7934287506278	0.390727439150181
-1.1152634133402	0.336439469187697
-1.79346061997896	0.390723019452767
-2.57098043849301	0.664920470822356
-0.325582325201124	0.0933470317045756
1.05878746464103	0.40482083139178
0.0732147075972597	0.0475962628681973
0.370490741584297	0.20851362691701
0.925410941995287	0.50302031593182
0.0045555246859645	0.00191851773730277
0.421357778295704	0.349856984294605
0.492141301418569	0.3375899640363
0.196472141425823	0.156640837114739
0.0402948080956717	0.0396592110466373
-0.37370341734476	0.420617205274496
-0.308254760401524	0.393020945406863
-0.337408107316853	0.539907680660146
-0.0789903953965235	0.08892682644235
-0.174820816954065	0.217268496141857
0.142104015031331	0.857440689037005
0.36325127884913	3.12392638344585
-0.00726694442135203	0.0186699796137502
-0.00220491860088439	0.00439881810153764
-0.33657484572692	1.59228206740454
-0.195864464767591	0.60775422228069
-0.999144894006751	8.11435047447535
-0.765664432386149	4.24209849283988
-0.379614212715735	1.48874935703062
-0.461771281666295	1.40605640264032
-0.715215064083438	2.83845898348692
-0.684991274220919	1.65919760425382
0.00754293050070621	0.00690257211061038
0.187174145139484	0.072418655359574
-1.11963574652263	0.337715170908198
-2.57554526884402	0.666976966437407
-1.7934287506278	0.390727439150181
-1.7934287506278	0.390727439150181
0.714800438759229	0.33791859771632
-0.504512185848928	0.190251785849138
-2.01230741783243	2.08961900092612
0.841769089213797	0.357799988221716
-1.79346061997896	0.390723019452767
-3.07402416243152	0.948685276185543
-0.743607658160876	0.32145501649726
-0.630216327893572	0.602271789229439
0.125225195078551	0.142229068009366
-0.278528756733732	0.126266470686358
0.964404580081594	0.255330782344719
-0.161840676551767	0.0854803814001897
1.96372117107544	0.45473924627511
0.179746106686676	0.0540237006551008
-0.428600595809287	0.507495543738593
-0.481880468308064	0.635989735660244
-0.197565481796367	0.28645575225342
-0.481674094117844	0.714029369606466
0.194003152722936	0.179691506946796
0.718517755042594	1.06170533590354
-0.25146830846343	0.224845115852725
0.408197395587367	0.452438880892189
-0.0711126689486845	0.0578220521959357
-0.871169049613315	0.713280150798241
0.581006522542186	0.340467702312737
0.0246356077177453	0.0124984840518894
-0.44534795096225	0.441831667308868
-0.761354709815105	0.64236925336873
0.33097582352476	0.215787025246796
-1.28007048004348	1.71225411509548
-0.714578686528348	0.855329722161673
-0.00155563454728681	0.00121889090789842
-0.392279931219362	0.42300067207577
-0.0535001653187423	0.0386716442079334
-0.136142112916351	0.130806444724261
-0.629637954963754	0.601510865781287
-0.0187680055275125	0.0204596894899645
-0.338585872991271	0.294603631910584
-0.116020132009913	0.10107103817578
-0.26914068558811	0.346016170744496
-0.666869633718637	1.45971018478387
-0.0109022161310405	0.013125495620993
-0.0398376955089631	0.0502964355084001
-0.0838664574042908	0.0869519851181594
-0.412449492898336	0.686890839395665
-0.449682763611402	0.749115621509248
-0.586534023955237	0.781427204966214
0.0872657694629389	0.0765135014826868
0.209413898737509	0.187443948992726
0.317733725945492	0.2418495388338
-0.234095811758677	0.192815012718608
-0.13799029038308	0.0930138891522457
-0.0619965505365204	0.0372665479532191
0.118655053390415	0.0876771517673199
-0.273325959484149	0.223882896291826
0.474448756986522	0.518000469902347
-0.63082016114229	0.640175141569603
-0.000582913474832447	0.00038105745592493
0.749754972617137	0.62779283624346
-0.769105873458204	0.582438649545254
-1.80515004251952	1.61959997152646
0.30215381754603	0.228144754097701
-0.442154091131788	0.290986635830026
-0.704722398968598	0.241062538843187
0.164778629348208	0.0313374327003096
0.17863644710503	0.0536867113604282
-0.702916162136118	0.240304795913802
-0.703651055748467	0.240588737528622
0.0699852463921818	0.041128274616852
0.209147147987217	0.208220163473757
-0.399276132259556	0.609953765414966
-0.562675270664237	0.962425503903159
-0.362953894911073	0.413442334605341
0.195633553019637	0.196317880919653
0.884553461212891	0.657750146015205
-0.284836063838907	0.129432432450066
0.169248055862235	0.0319917175833404
-0.703651055748467	0.240588737528622
-0.780586308384889	1.2390966809878
-2.57067328278635	0.665094197548339
1.96276901321247	0.454520391574277
-1.7934287506278	0.390727439150181
0.164778629348208	0.0313374327003096
0.181053134529505	0.0458624936397602
0.181837521716867	0.0460537144756759
-0.0300489734847915	0.0189676725497776
1.66365741720589	2.42656942611049
-0.554804557078745	0.398693910252707
-1.435834590929	1.27300508779038
0.95548272542594	1.3463273009638
-0.551514057334554	0.395786471864509
-0.412651711502777	0.429485242858601
-0.227374472514166	0.265561923105261
0.310552607251931	0.357067450740372
-0.82535782204394	1.35886088895562
-0.697454627847315	0.89091093316211
0.214222273588869	0.205721107440024
-1.29216940186977	1.88240665453985
-0.0228879491110494	0.0908801125643145
0.011715743745141	0.0370994374981442
0.0188723251185158	0.0462979200266687
-0.735190082210941	7.61407706260195
-0.589903553694243	4.0403683221505
-1.24607497159632	16.1456203906437
-1.01886148646207	8.00796854081133
-0.59894558294803	3.67189764419985
-0.676534317829739	2.91829057150783
-1.2227983038622	10.3998927917793
0.145807011158129	0.215602705829864
-0.108320824634555	0.11062326354421
-0.282956403719102	0.128312440108498
-2.26635536722332	1.14374757201226
-2.58013588785136	0.668674470410509
-3.07822553691956	0.950796797182827
0.380782356413478	0.193239535145309
0.173841338161581	0.0596051278079202
-1.11847501217394	1.22279877836044
0.182127759283471	0.0623387262762059
1.83941655550072	0.725786652717124
-1.7934287506278	0.390727439150181
-0.562319716683151	0.405842464401323
0.146849915732465	0.137125090786865
-0.107198652886573	0.125307575876395
0.731324781141288	0.48284699497927
1.96372117107544	0.45473924627511
-4.39028559234924	2.22493356228516
-1.7934287506278	0.390727439150181
0.554170265139292	0.201310818357217
0.284082934234118	0.353039417911728
-0.116795751845279	0.134925241975633
-0.200459314523983	0.327266986773187
-0.0471702609639406	0.0473387973868651
-0.615734863315505	0.817997361103837
-0.82911197445873	1.36823090513072
1.18429823635771	1.79202540135559
0.0726418813073466	0.0605663750055554
-0.430418143837352	0.453461367842318
0.326819242756225	0.212979311007811
0.165869946481334	0.0723513356229059
-0.0857382738420954	0.0599249779130668
-0.315485242218624	0.336139523282899
-0.70398648315954	0.24079443492873
-0.0594939881789875	0.0357473568460954
-0.321560015777887	0.225636804096371
-0.0294106895252795	0.0218640007094545
-0.126147443557731	0.108611609760677
0.0476728886366635	0.035645129469078
-0.0350966375589827	0.0257072820246345
-0.018640446927882	0.0138718051806459
0.208504745360663	0.19518333949203
-0.0653025799649052	0.0854801755973374
-1.2132961809632	2.02558362793543
-0.00504798276710774	0.0032078794724252
-0.611016057980091	1.00593169158343
-0.12642564941181	0.179264547202382
-0.788910923886921	2.30472396599836
-0.174982609516162	0.158525977902176
-0.172930196966471	0.144173470407172
-0.713656480537198	0.853687966152163
0.529508003238709	0.458603224116117
0.429201112307746	0.342187776991393
0.610858157940651	0.592444587892191
-0.242578182521752	0.178136187316522
-0.183353061408769	0.167057159922909
-0.0396865376226101	0.0291046574290721
-0.109371325299414	0.0857706006671442
-0.397997887191355	0.365606036367927
0.370250105320661	0.333843708892606
0.186415760410892	0.115444416913524
-1.92022678855322	1.86623349633704
0.501033449537705	0.345267097798012
0.623048532833367	0.582040789029682
1.00847664397496	1.10858263073765
-0.703651055748467	0.240588737528622
1.05804592236107	0.404331959594976
-0.502455215004387	0.189494091012893
-0.611962616144159	0.147977912487881
1.06153095853073	0.405927487776779
-0.387756230385935	0.217162151747778
-0.340809189938238	0.36234062358302
-0.682340305999214	1.40339631701377
-0.285911599374482	0.272326614438946
-0.451512773805436	0.617003799680688
0.325323171751999	0.357033481905168
-0.768112553621067	0.414548070529554
-0.212729896423973	0.104891969746603
-0.614206104379299	0.148455859250315
-0.499802776807764	0.701711134865355
-0.714326966811857	0.854747982577498
-1.79346061997896	0.390723019452767
-0.60895933746012	0.147406558741333
2.76559849788836	0.78194178274137
-0.613158918177153	0.148231887572971
-0.609489833121369	0.147475344257464
-3.07350260546998	0.94852963330217
0.165088029467664	0.0313824661178469
-1.7934287506278	0.390727439150181
0.181837521716867	0.0460537144756759
0.169566032486793	0.032038095111837
0.362929817309486	0.346241394205937
0.192075325260092	0.143007960907693
0.350814718408581	0.214544881243099
-0.114136402398785	0.0635614757974777
-0.40449219913284	0.402312422169465
-0.0868711877271287	0.0504764297427444
-1.30487498805624	2.05426321160036
-0.624400556712469	1.13600474056336
-0.67862189618919	0.857011757910554
-0.381547328716271	0.454154350552692
0.7643810980969	1.34981733939298
0.0725068641943024	0.0628961231875483
0.0319915994816127	0.0278994637207759
0.0767554156329841	0.365496357205678
-0.0653729927655312	0.250945489110818
-0.351066281901334	2.22548410118759
-0.149628793045472	0.559509490300718
-0.606492495123228	4.54124081342708
-0.534663931000946	2.81847150807567
-0.0969440627506586	0.210763534265321
-0.258056924331878	0.603837281195027
-0.272559640057676	0.526501528289811
-0.399902259810911	0.838483373237542
0.130695011680547	0.147363978371818
-1.81488753946506	1.63767877766542
-0.197681301235905	0.0636672013988199
-1.7934287506278	0.390727439150181
0.172309731920116	0.0439046529437047
0.0406799500512913	0.0223353300955984
0.496931904368022	0.341310833825335
0.660591338088305	0.700830258056421
-0.0300190284351584	0.0186059821209933
-0.326043908260378	0.0934449166225896
-0.713190295142571	0.244167622817866
-0.21145759360075	0.135716246115017
0.02119753771164	0.0197153563244022
0.277746278464249	0.411089980747645
-0.0419609454991934	0.0179745021681357
0.181159179759352	0.0458876218072277
0.420435191152685	0.191455608161947
0.559556523494549	0.203384722969785
0.0598090506935886	0.064647957514481
0.559551531825185	0.932205761483457
0.392614208770558	0.510970129436733
0.397848737408193	0.634810676682397
0.222319139553391	0.292445022811349
0.552998067726822	1.00503636631946
-0.147484052275912	0.159701427953083
0.034099505064656	0.0351741613876946
-0.145497226989354	0.155139358942199
-0.0175762133209257	0.0111317698108521
-0.221171189579855	0.142537992931509
-0.41648005978459	0.488672927171715
-0.522938008276476	0.509326387950656
0.0621514540243182	0.0364973196448552
-0.0778096410510445	0.080247530635031
0.293514022948419	0.332816813479622
0.657809648981262	1.14174107673098
-0.342188180750184	0.409858193776515
-0.356642656576221	0.404108206230444
-0.111142514151252	0.104637325673357
-0.285245471562064	0.342871525116408
-0.109452724871456	0.104552065394835
-0.208108599066312	0.229997490523377
-0.432952041074279	0.583019222306692
-0.564084084787811	0.691319253443561
-0.19057934690899	0.199216558501133
0.167367595637101	0.184344347103039
-0.692766680377135	0.918156460523948
-1.16901398829854	1.56706154163234
0.394151178541722	0.522438620156344
0.0893055493411061	0.076881754634439
0.150165477887512	0.158220458440111
-0.143129517634902	0.152307043398616
-0.708148692681639	1.12188363253534
0.473139078531117	0.657452872965575
-0.04135803522399	0.0431520558365077
0.0197508694797517	0.0161489733019495
-0.545809800882069	0.566673219966496
-0.652688310785241	0.707572311100214
-0.527664998983672	0.435798317780714
0.456632749432266	0.443307999392277
-1.47100287929116	0.742031605098525
-0.00127345492591147	0.000674174562399842
-0.961626957296919	0.473097683549944
0.688637326691298	0.220082192676685
-0.0644205635617909	0.0254571501544209
-0.294231264739895	0.281883199801869
-0.0304363671341158	0.0256881096686707
0.297984253797947	0.357205273908559
-0.37669132446057	0.210366981948762
-0.278275730536022	0.126263377824064
-0.82656471666615	1.03098301315697
-1.457259738016	1.00581004614872
-2.4465295357363	1.35590911449002
-0.930159187061481	1.72858812258579
-0.376436365946503	0.446436269795975
-0.485574667187196	0.674216543703143
-0.263546396944108	0.252856057534217
0.16619130625606	0.0315431724784316
-1.79346061997896	0.390723019452767
-1.11951983581622	0.337809535545767
1.96276901321247	0.454520391574277
-1.79346061997896	0.390723019452767
-3.07402416243152	0.948685276185543
0.181837521716867	0.0460537144756759
-1.7934287506278	0.390727439150181
-1.7934287506278	0.390727439150181
-1.7934287506278	0.390727439150181
0.179369859705814	0.0539368960907662
-1.1152634133402	0.336439469187697
0.178161345351442	0.0610444196674466
-0.0576856602912521	0.0528087390811406
-0.165425307742232	0.140430127874155
-0.0594939881789875	0.0357473568460954
0.601346881357694	0.58067430891628
0.363734424636058	0.4331147364919
-0.350604043421512	0.354221875701351
-0.569237893180741	0.791868241637369
0.393121299064859	0.431269439531072
-0.0817469059943553	0.0584963946535546
0.208208287466559	0.19065780979857
-0.180399898519632	0.11936195461289
-0.38499531085508	0.215459331234753
-0.00851158268884522	0.0307220117318083
-0.172047636111512	0.914627858063349
-0.221943536554578	1.02427345065343
-0.34538566488764	1.708204090226
-0.352415589331959	1.31336766607436
-0.0142851028057636	0.0235897534236104
-0.411380108690789	0.986964777662199
-0.52713114276316	1.18758528218896
0.0670083368815608	0.0869974028092756
0.174667853019821	0.202000893811951
-0.000708635088608882	0.000422675541701832
-1.4641363511733	0.736484372081891
1.96372117107544	0.45473924627511
-1.50342895272977	0.534820350018527
1.96684138854469	0.455504908505281
0.717457864617758	0.339107473871754
0.334186452379655	0.218449378286779
-1.19490517618476	1.37722447184068
1.48147573334205	0.931036996740168
0.966736740010186	0.256029100393941
0.165880035481028	0.0314978449610492
0.174158377834769	0.0759208855899525
-0.153845700140507	0.167556161102416
0.0121340455429829	0.0123642244463764
0.175528710194884	0.0601682623632123
0.962025660417238	0.254682745005495
0.160144755571284	0.0306956063740573
1.96372117107544	0.45473924627511
0.16619130625606	0.0315431724784316
0.511126213129026	0.555773317867875
-0.864127227815451	1.42146151460511
0.204181824648454	0.177707227814899
0.677251059114379	1.07406825958554
0.24507765203141	0.295631947419224
0.468631569959348	0.64941450479254
-0.0399279510206219	0.0361171373748146
0.151822261435278	0.198629502655572
0.497112885149616	0.678075712247916
0.321680717639179	0.222276290391465
-0.260342585353656	0.211725907308409
-0.63492565359694	0.770889785650385
-1.30910403050143	0.812976567943973
0.202048092601291	0.161627473422004
-0.954627836234933	0.927686361175301
-0.952869408678764	1.56555517170712
-0.192876691874843	0.193235911910861
-0.569714942343797	0.792846721413476
-0.188447548468993	0.221450873659681
-0.66551171806202	0.889823105700471
-0.410485295641976	0.504462586524777
-0.0775076457146111	0.0679450551282232
0.367337484113532	0.413297218321983
0.387543586837979	0.423431196589033
-0.147037999690996	0.123250534243472
0.542927469937529	0.646591070216363
-0.679436227080224	0.635190462219754
-0.0869862635490122	0.0701138940267171
-0.347118523950962	0.349902588727994
-0.494904501543169	0.640851280383784
0.192736467618185	0.170512525079604
0.598836535839417	0.657679218540037
0.610212462144491	0.886159887988151
-0.069991159260421	0.0619910127861839
-0.0762331520593296	0.0688153835489967
-0.414408641407858	0.559288934804144
-0.790488894668142	1.04722773309918
-0.364975650873227	0.484937503618863
-0.382890755770845	0.410312764447607
-0.273940723639201	0.27975093662135
0.134787945803651	0.117418684205358
-0.432867307976769	0.426097099828549
0.48862240160732	0.467293196068391
-0.207796111170331	0.133139889086297
1.09247799441691	0.534633070236409
0.469602716565917	0.190601252697973
0.848056246017642	0.360867725419662
0.964404580081594	0.255330782344719
0.0201485122461928	0.0102862592655301
-0.513495644999122	0.420885360601461
-0.147224004477723	0.138033968328063
-0.531284985081033	0.675355999356028
-0.576087928426321	0.273240248931414
-1.7934287506278	0.390727439150181
-1.86740939263421	2.62703348424658
0.0762097175127849	0.0675317334737758
-0.226580932041127	0.203957687810051
-0.262665443445217	0.213917721410512
-0.780284813106718	0.593391641335538
-2.57067328278635	0.665094197548339
-1.11896025029368	0.337616084496264
-1.12519556185123	0.339754109482426
-0.611962616144159	0.147977912487881
1.47333622017027	0.491753136545405
-0.703250992626958	0.24046200124408
0.187984352048437	0.0474280610765032
0.18374299244507	0.0464795790495071
2.7658579636291	1.71191173412025
0.801211597563558	1.34924391968771
0.198793462881953	0.184841037214115
0.853862363738176	0.898154740628453
-0.220513247342116	0.180143104132473
0.322544511715874	0.411642022379199
-0.0729590050790942	0.0520000276763787
0.290553216453858	0.273449907897948
-0.491173471089763	0.444275832345111
-0.4213466896228	0.358876981398501
0.329513017587869	0.214959261323595
0.550229507129372	0.199823293779666
0.173437582906667	0.0757197683873992
-0.370774307691174	0.153138816357845
-0.0158673469475381	0.0606345256396365
-0.0560468505228933	0.217033297304008
-0.504022854919674	4.10503562843575
-0.0918685915495627	0.255421356184791
-0.0925687894985936	0.233338017230922
-0.0901911363124042	0.185433692688472
-0.234816840253424	0.519849771311718
0.321741234490346	0.606320235526928
0.325944819765398	0.466520462095682
0.637078219849197	0.336673323030678
-0.741989481926024	0.32050473839187
-1.79346061997896	0.390723019452767
-2.57522664974505	0.666917731403372
0.530038840372988	0.338839672877685
-0.0664733289145687	0.0262213090125723
0.321299419869143	0.234062700463906
-0.702529153090903	0.24025873050893
1.46585570298693	0.489030037475911
-0.337026866011333	0.0964604004609729
0.345203682824981	0.226639803934551
0.0966945450008774	0.11082660415991
-0.0202309025471654	0.0228986111838481
0.39527076973525	0.201433840156545
1.46842163094462	0.489769078028611
0.177133612798239	0.0862659375288266
-0.707845094848957	0.242262716671496
0.58377753702933	0.805730921530935
0.279535027857973	0.345971845204651
0.412941919840567	0.570081053252052
-0.490253168504878	0.683276698880159
0.773283237627649	1.30751965181697
-0.423075082148199	0.589291641376355
0.317483778850787	0.435138060867995
-0.502007884378053	0.774930275584283
-0.571409470220986	0.906073396520737
-0.567010465793962	0.409852511769629
-0.899839077952665	1.18229948281154
-0.633186713423095	0.605886505155285
-0.656072062047338	0.986425459807675
-0.722839386219452	1.1573003201181
-0.703693112578572	1.29855513227298
-0.147652768763369	0.147314512655845
0.0903491434847259	0.0823382988322158
0.507751150073288	0.718426894043064
0.439902555166798	0.449097978279952
0.158255572959253	0.159917729898307
-0.691998408238167	1.07594220871545
-0.449823992299768	0.656254529847856
-0.17023935063954	0.15968522946189
-0.255779741867094	0.262720690005725
-0.0110583994324182	0.00832998269393487
-0.653078425362154	0.708521578171196
-0.474821579098275	0.587238117395485
-1.03533036356451	1.58895020610286
-0.40517440968462	0.565356578166828
-0.109083450585194	0.0978471940511372
-0.368568920052336	0.463367374317439
-0.495471242103462	0.514661627876289
-0.325378246846519	0.228656519746694
-1.51227229363226	2.16267996971314
0.0862655706161774	0.0755542154461264
0.214700419750193	0.173041410465431
0.184361699545374	0.089891618972134
0.470214630529904	0.190887743886364
-2.05771478972783	0.93837160940533
0.177897745896969	0.053489137684244
1.68437997205706	1.59404754472575
-0.2089580192709	0.155968863298397
0.205442985288445	0.196046187004745
-0.131785511398364	0.129694424858518
0.608859651323361	0.746919562182178
-0.258299367686751	0.226007953494217
0.214312295425671	0.161458379224154
0.175131571337344	0.093713639661151
0.432516359548314	0.327862317616814
-0.512709143811411	0.319141845192681
-0.208223038612681	0.155386904755937
-0.381584358765459	0.445282718136589
-0.0595303989699358	0.0480922529741639
-1.11503388837312	1.82044882283293
-2.57067328278635	0.665094197548339
-3.44754089021611	1.22379406077669
-1.7934287506278	0.390727439150181
0.165880035481028	0.0314978449610492
3.94011940400443	1.7432966017604
1.59497720324714	0.801344919224226
0.139624249101848	0.129672871135121
-0.564996022181514	0.621432746790769
0.201611620501357	0.139333745625792
0.37854391817542	0.343023130278336
0.636659765641953	0.921505462258396
1.35475663069045	1.43135886280608
0.41516737547336	0.428893558381765
0.627315411063078	0.757580045341476
-0.490582488018281	0.545152574393073
-0.569669612486305	0.628492466596587
-0.127203556702748	0.109552322057991
-0.119523667223595	0.0921553700716608
-0.469036386122411	0.393640246783797
-0.0347225662074699	0.143552978088476
-0.105579213126051	0.475011800041155
0.159958760673574	0.591281077118052
0.234513779481848	0.832260929204011
0.361996333672876	1.17636768936191
-0.265821401885851	0.585416941830679
-0.10659303484987	0.169617608046577
0.467693684949342	0.844623064189289
-0.967229281325161	0.477012458072107
3.27272750868887	1.11966450015405
-1.7934287506278	0.390727439150181
0.187435346122179	0.047292837125537
-1.7934287506278	0.390727439150181
-1.79346061997896	0.390723019452767
0.57898804207168	0.339361508517658
-1.12735785486268	0.965749807344646
-0.102463120374896	0.0722024603655338
0.411712972650259	0.18711853352773
-0.744824966604454	0.322057504500445
-1.7934287506278	0.390727439150181
-0.0701341749373945	0.0499207870711808
-0.100799444672362	0.104886327588572
0.57155202463537	1.19789785066376
1.29888681009674	0.722055937679437
1.84570196896662	0.728945119955139
-0.202267717623406	0.0650989962325268
1.96684138854469	0.455504908505281
-0.370479483475228	0.15300806332412
0.324489182238353	0.408581144210001
-0.448622737059789	0.6116372876415
0.0960184546032978	0.0879197280150555
-0.229933545477373	0.279220165077648
0.0111790357169023	0.00978996644547792
0.0779725778750719	0.0846905036578179
-0.133797377329715	0.135945597081861
-0.763316451160807	1.34069867744963
-0.163537941887782	0.162727133856346
-0.180878827190751	0.210979270278869
-0.785539256906181	0.992247233475155
-0.736752455220754	1.16315164487836
-0.723781767767154	0.950060333497067
0.0332558638260919	0.0240454003433622
-0.397227279627627	0.39321609790211
-0.369112876054768	0.368263615420701
0.0118895682823163	0.0108400168499312
0.118336186120689	0.114131255215905
-0.00289745749641833	0.00259339291810932
-0.0668461255062581	0.0698558042384991
0.349938124690989	0.427819771105909
0.301697645112559	0.24635339625204
0.200997611700679	0.174484376341113
0.504939898459984	0.451019695086077
-0.855269563314603	0.909626302148229
0.35449938378832	0.198245214693118
-0.190877057046861	0.0615565600580822
0.176825054435177	0.0449204608148946
-1.79580215183768	0.728927756357995
-0.00601484612082935	0.00278122183569166
-0.197808527693136	0.163559252203026
-0.728520802033065	1.03501426204964
-0.219916360073899	0.241802455155169
0.727751068475199	0.481294233837461
0.732862207124396	0.485623736454081
0.0470794967805408	0.025834405755853
0.168550105131561	0.0578455983856731
1.05767805940452	0.40430204105456
-0.95263717960783	0.467232251775563
0.416120952630493	0.189455896196809
-1.00801018061231	1.11453722950574
-0.701604454869585	0.970560864444377
-0.452485357155222	0.470770513665771
-0.523634804574923	0.510258518585457
0.00921145946874944	0.00737020249401816
-0.527582328763358	0.435870707494323
-0.612487701707529	0.148134994320372
3.64618465324491	1.4458034047001
0.354347225692775	0.198215484386336
0.182240644967315	0.196567091205507
-0.0123822385213611	0.00933287438550489
-0.367693984975742	0.366532275897576
0.443046289198605	0.440161598147552
-0.314748704476158	0.381842543487791
0.0195976622047577	0.0131521744270974
-0.906511366111436	1.13557703425545
-0.0230626539701044	0.0194129534905914
-0.15678963962268	0.120473177314089
-0.456089794346839	0.380112423760638
-1.08235094272151	1.03156370125067
-0.167472462883219	0.110153746076865
-0.0693000133061849	0.027322198445866
0.0608407610699668	0.269170297296419
0.110213892907163	0.452093016850749
0.041972686559376	0.109831767281276
0.0571159791846771	0.121938949675494
-0.829228785531567	3.95380740743044
-0.21895470256116	0.440044741606556
0.149282064112787	0.186512864100771
0.0218777058781769	0.0111126196741063
1.05693634570001	0.403813519694082
-0.611962616144159	0.147977912487881
0.963743115659934	0.255236344279286
-0.957751739540172	0.470192020456531
-1.07650711106729	1.02384855493816
-0.0827901763919224	0.0578228897864414
-0.907517968086847	0.65633914560986
0.16619130625606	0.0315431724784316
1.83941655550072	0.725786652717124
-0.619386636747838	0.588198997258504
0.0502596440609245	0.0493822568959585
0.161605320005201	0.215253265276185
-0.925412164764813	0.560321514204379
0.182484105638909	0.0547795623460174
2.13275419746116	0.963270597877117
-0.329964215322259	0.0945505800706473
0.039159166835309	0.0410385721031157
-0.234483774088768	0.279532994918794
0.210856306432747	0.197766722533208
0.271153819129833	0.29294239739671
0.0732075422492154	0.0801189914460596
0.193658323196792	0.133334604382686
-0.306122596703634	0.268880457557106
-0.309219873896757	0.183111320490966
-0.236692969428165	0.263997494864601
-0.329689082801301	0.28521327691283
-0.226891051839852	0.220914273125527
-0.39202955575563	0.412879223074383
0.715643453444634	1.05523489314203
-0.193378830806243	0.173869645645035
-0.621449685982816	0.717371880715842
-0.315829196473041	0.318742951863452
-0.239032703960536	0.216856244866974
-0.961143876141833	1.18584685273212
-0.0620703273811512	0.0562673653216334
-0.0209389839032113	0.0178038507340157
0.653047146930194	0.913867367295307
-0.017063871474781	0.0159430273610749
0.866160627825458	1.32935989464433
0.297991932005538	0.251171846820824
0.380491578137636	0.333723210643952
-0.788458104284463	0.849433529357522
1.37042526546895	1.45777246013112
-1.31465222966297	0.818096861411574
-0.498572689177519	0.187792372240162
-2.44513288079282	1.35437083413146
0.550229507129372	0.199823293779666
0.172940159701571	0.0754859435944859
0.301994392542699	0.227979919408216
-0.0223501151922008	0.0166104248119737
-0.105371067706826	0.107328024681169
-0.689848815558715	0.648242838888082
0.698800914295876	0.609989429759333
-0.21549403937334	0.106305924493612
-0.626791795355518	0.366235485549497
-0.964533495822048	0.47490793571411
0.175442686112456	0.0854469627997826
-0.035848342346873	0.0154433891172751
-0.333087390500601	0.311421432979752
0.0955267311919782	0.0675513698682761
0.0169245818854439	0.0118879580032647
-0.303501409628819	0.26629557519364
-0.00183711185881766	0.000925212519337163
-0.218703692175002	0.107938823585339
-0.564974893343834	0.407742444892368
-1.08532076544954	1.46499965643636
-0.740347300633214	0.981655872404256
-0.611189297416889	0.539757435353143
1.96276901321247	0.454520391574277
-1.79346061997896	0.390723019452767
0.16619130625606	0.0315431724784316
-0.325121870470423	0.0931632456849071
1.96276901321247	0.454520391574277
-0.324393158207149	0.0929933012825356
-0.703264262088321	0.240508331840629
-0.23181441415272	0.221953847390739
0.0256860066697019	0.0179527635372156
-0.688572984372214	0.691421021840634
-0.40210995132985	0.338583913690918
0.209943833255572	0.201015510040494
-0.989360967838175	0.880201498809945
-0.862295213472148	1.31930922949789
-0.535435694847251	0.62018576178937
0.118407504213958	0.0927340053321123
-0.60137356366788	0.655181776596594
0.0966361334693693	0.453631055109913
-0.200130967619344	1.00337744277533
-0.339970631512375	1.3567345224908
-0.536605911176136	2.26054522710068
-0.245707105511114	0.513188453538714
-0.574456450623431	0.975695844733735
-1.25254603603633	0.562193102367071
1.05051018676885	0.400887207558276
-1.7934287506278	0.390727439150181
0.16619130625606	0.0315431724784316
-0.0697690400770668	0.0274981144162944
-0.582165612248257	0.276540909734545
-0.883004004446264	0.726585330667163
-0.288989913471143	0.131474784394195
-3.45239496999294	1.22656388713544
-2.57067328278635	0.665094197548339
0.19062118736295	0.110974045121428
0.0815742278171317	0.0856931800765751
-0.238152655829776	0.346187080761389
0.473198825825499	0.192238507652064
-0.325582325201124	0.0933470317045756
0.845460532244873	0.359623499672993
-2.57554526884402	0.666976966437407
0.0289048012514528	0.0270217765076252
-0.683794778324306	0.866190387141735
0.00240191585886141	0.00189386742091201
0.0707635025143648	0.0635816080040848
-0.487412522116429	0.595083872968874
0.00610990543428543	0.00493451302238596
-0.394293414302112	0.425784604144517
-0.114862546695565	0.125348506739486
0.0570841674810295	0.0461130811143951
-0.315795814074039	0.187339482951007
-0.0734098816673196	0.0523365156414477
-0.112811126076819	0.177751783655234
0.530684793787984	0.828520311520984
-0.146730363893686	0.122904430124087
-0.363378165396474	0.392780395238948
0.122568855981146	0.105849062877249
-0.670062596189099	0.7706428036751
-1.12765996064843	1.76888235510914
-0.318431602624473	0.321948950470256
-0.843006680915611	1.06072364066563
-0.529726534813468	0.517688385694413
-0.411464839379961	0.481132572223305
-0.607737305068154	0.695602027350301
0.209040340796335	0.167890172766159
0.950137716536414	1.26821418133309
-0.502711478541702	0.524592996403983
0.139336982565943	0.12691660794692
0.427382794136388	0.340149971973198
-0.322311603806627	0.253857551977125
1.14299500746974	1.03317758780607
1.5550975825696	1.33839842587636
-0.517734994316843	0.32264796574684
0.555598921920072	0.201915300938634
-0.613158918177153	0.148231887572971
-0.955508871026033	0.46892875411228
-1.12968819193386	0.341150094616032
0.418583026187904	0.190731695106026
-0.316746165362089	0.188109294027092
-0.099053405743111	0.0771808868345977
-0.128466209770824	0.120714501069453
-0.783017771168708	0.513367810428409
-0.171665554186375	0.0909516904190422
-0.336585149330964	0.0963705778245514
0.182384642090162	0.0461735738884295
-0.188328130762521	0.060763465615787
-0.504783148042707	0.587530234024806
-0.986057147796686	0.875763246637442
-0.585988396415503	0.709805711916421
-0.0909898498963847	0.0637843498583912
-0.567954067477374	0.546895751455303
-0.0602270641354396	0.0361764549237868
-0.0540819711015693	0.0324891415304002
0.0506531939428712	0.029754379976623
-0.160743784653684	0.120413725927131
-0.469365526351298	0.243552277354139
0.359491206880061	0.20129509342662
-0.369785540362907	0.152727540652227
-0.867042704762937	0.789217598537082
0.464990529636382	0.518134373218227
-0.0655741704474825	0.0394228596050474
-1.79346061997896	0.390723019452767
0.165880035481028	0.0314978449610492
0.962553055030982	0.254827961566665
-0.330698472981565	0.0947716626031445
-0.613682540053849	0.148388769407339
2.76109157462938	0.779871501961836
-0.0177124945938704	0.0133198496374427
-0.412917340140837	0.350162274336649
-0.0888945521592713	0.0516791896957029
-0.314451170301462	0.317005407042319
-0.388103458237655	0.38149344017559
0.0396320935118802	0.158513746312998
0.00744570870142372	0.0212454749121745
-0.510189723596217	3.33300736190598
0.3909716816779	1.03962368491147
0.294072748426382	0.388718127210459
-0.439249080393715	0.288444788367932
0.686270437198953	0.219228628867356
0.687368688538373	0.21962274738387
-1.7934287506278	0.390727439150181
1.64269176453411	1.15734093412742
0.164478831788938	0.0799041664601996
-0.651103671432093	0.449007621067316
-0.0410632080521534	0.0176029933793664
-3.08886138633202	0.95532341130313
1.96276901321247	0.454520391574277
-0.0402074350681925	0.0172537261365063
0.244779809826175	0.254130031734919
0.440909822870604	0.890737758354737
-0.521192808612033	0.325516962592941
-0.703264262088321	0.240508331840629
-0.500770553366305	0.188768131506588
0.968469219672053	0.25651021792255
0.20691115238731	0.201751320492411
-0.294910110313641	0.357530560182044
0.444493729426594	0.704528287694263
0.041132734351326	0.0347138876492495
-0.0316989138519306	0.0260822600441267
-0.1544535025108	0.140480676720135
0.424356391965074	0.452912113427883
-0.341677689479293	0.363479155915553
0.209954837410106	0.188004916986397
0.52418983380594	0.334210140083229
0.177128417646057	0.0772826073847812
-0.029666928241966	0.0183939069603231
-0.696294033082954	0.702363342312582
-0.425365486671233	0.324296499028604
-1.97037195752359	1.36334330866145
-0.282177002432999	0.225118113217353
-0.118247850619547	0.0815455081104465
-0.72498233130153	0.873213457322679
-0.951116079575314	2.0935335141479
-1.08223041350024	1.26087333015695
0.152472708450493	0.148302766511491
-0.448725353844411	0.736149968960744
0.0606857316898857	0.06560115064683
-0.710125618524045	1.28415390440186
-0.0949168478454727	0.082880324107983
-0.785890840555519	0.84594132526301
-0.0380075363505124	0.0163125647050948
0.29510386402841	0.248257535299047
0.192948118872025	0.13276978095963
0.399115563792086	0.341060211589782
0.707864987931886	0.740385003302239
-0.898685797262513	0.646815106394327
0.631911681736912	0.482215613507639
-0.26587037550106	0.165401585807813
-0.477914315009221	0.354158344073452
-1.12328075924743	0.339047939506251
2.76219840038386	0.780594539857824
-0.612487701707529	0.148134994320372
-0.128368779999186	0.045648725082483
-0.924083784650116	0.559364832597637
-0.440897039797437	0.402081473330042
-0.779603018413764	0.934886573196093
-0.773890712739704	0.586884007697047
-0.0317108483408973	0.0239568698180608
-1.15713403123292	1.42012372211304
-0.324072853740812	0.227555007229684
-0.298088659597996	0.175684510007875
-0.530221223718753	0.438498566430351
-0.901276270668285	0.650314882088431
-0.274721737679094	0.243118217313817
-0.077140510268733	0.0697261622938011
-0.190975825181851	0.199580280278071
0.209344484672416	0.191580441039903
-0.513088023719167	0.420754289920773
-0.44686157850018	0.552924023713463
-0.275008706011283	0.319730094769425
-0.182558107517786	0.138513790561545
-0.560283104295221	0.403811968544635
-0.612487701707529	0.148134994320372
1.96684138854469	0.455504908505281
-0.377971425432614	0.325790308466881
-0.11639207759555	0.0648894345917514
0.0473006474038937	0.17161371412658
-0.322673528470099	1.20637752894815
-0.0112514777325729	0.0156927547496252
0.639803261395243	1.09572219766805
-0.319391345708684	0.223890938717129
0.187435346122179	0.047292837125537
0.164778629348208	0.0313374327003096
-0.0213547652458026	0.00946192317055287
0.180503912336474	0.0618296034347483
-0.235043153287007	0.212693870909533
-0.365681303030126	0.248154949346574
0.178049240810411	0.0452053813438565
-1.99820824704735	2.06209792908901
0.188981749899039	0.192082142998427
0.299304797025932	0.654401848469354
0.216561041606657	0.203819103419445
-0.613012730411062	0.148202450577793
0.0166704455185315	0.00853699088509741
0.686270437198953	0.219228628867356
0.044493699778874	0.039077054880113
-0.349153912644747	0.534764836690183
-0.091697367986842	0.0812306971834895
0.814633411564581	1.27649195804196
-0.107870241072176	0.0966927799724074
-0.025054669596976	0.0186121493317087
0.0727174836398137	0.0593409128796671
-0.0771040236894137	0.0617858476630565
0.196032041108722	0.20027560271673
1.07164566017975	1.14072673866115
1.08926409935927	0.532162498193947
-1.26786001444422	1.53656447648117
-0.594716471959445	0.644598157600133
-0.210503134484707	0.157225831961236
-1.14046147393925	0.63168801647303
-0.0417392744351874	0.030063393810115
0.0430350183437408	0.0377541492064909
-0.985379434574828	1.15732694483427
0.466598531830605	0.455519010764172
-0.179479879623307	0.150281729550079
0.422619240166288	0.426783906968973
0.207428851810792	0.189649759356412
0.134124323943822	0.108859884528001
-0.323379188564319	0.254795923586307
-0.956069082331503	0.469295459078014
0.188430951367177	0.116681693092602
0.171120665297702	0.0833153561303721
-0.176134174618355	0.116307617363519
-0.562406326371362	0.5398157326228
-0.460865832168749	0.385184430543143
0.906394958912504	0.92658498438263
0.80241375864128	0.635452563695338
0.659996537360388	0.700012682661095
-0.124367470455195	0.0693703950754803
-0.365867410910185	0.151173956064709
0.354753834472822	0.198482091656707
0.167629207092666	0.0731829620046829
-0.762819358423479	0.410190902168382
0.165880035481028	0.0314978449610492
-1.79346061997896	0.390723019452767
0.177362298643623	0.0450515694227369
-0.701794429638729	0.239974906557054
0.331883224333454	0.21673367301221
-0.365163560891783	0.247608337868276
-2.57098043849301	0.664920470822356
-0.331884233338781	0.0950660268702792
-0.279097541369319	0.200836642751869
-0.0341514539287802	0.014723804246443
-0.316762000424398	0.221729001392058
-0.166863429480861	0.0882955062170036
0.0470794967805408	0.025834405755853
1.26982421024725	0.884617845968075
0.870867329177359	0.797584772062545
0.187457068616093	0.100644096002529
0.592344372258324	0.475290046124058
0.36335164689239	0.326078405637962
-0.636505124127802	0.610156380450275
-2.61594720388314	1.59521494874381
-1.00370036184297	0.397009782149748
-0.739611202446697	0.319530960174951
-0.683690931420123	0.539643421970652
0.434954893441405	0.347882136833672
-0.0806065899715199	0.0562316286212453
-0.0708456071380877	0.02786957986943
-0.60895933746012	0.147406558741333
0.964404580081594	0.255330782344719
1.96276901321247	0.454520391574277
2.76671632811135	0.782410087450427
-0.770718002918785	0.583210244578236
-0.687939209276271	0.645874435092249
-0.768915793330901	0.414564156634202
0.132930105326017	0.604628160165587
0.36606030888192	1.39540804463601
-0.365513338239839	0.485717933553153
0.75959469563469	0.638717188986929
0.84874813165367	0.361333340145203
0.16619130625606	0.0315431724784316
-0.613682540053849	0.148388769407339
-2.23000975142482	1.85351304593289
1.59757756153107	0.803585700329386
0.670299091808636	0.610744758036832
-2.2580347438117	1.13666977030914
-1.79346061997896	0.390723019452767
-1.7934287506278	0.390727439150181
-2.90443463310354	2.1323770714505
0.0620247568454847	0.0606549316561749
0.365339728490184	0.869732323958841
-0.665518129093929	0.52099041778066
1.05804592236107	0.404331959594976
0.527278186321379	0.456163431119013
-1.79346061997896	0.390723019452767
-1.49778257857282	0.532153748454207
-0.462560670637898	0.596735682812293
0.126912069159068	0.140715378652635
-0.344116084908177	0.524647467119536
0.0541923394341009	0.0568783653507841
-0.0249272464864975	0.0255485271225854
-0.279420949277586	0.375470412729156
-0.0670923865965237	0.0610594553593626
-1.11473956627885	2.16918153001301
-0.140187351497127	0.141102600706983
1.12605948248136	0.858553283564243
-1.06779739087188	0.719443733334728
-0.139680915057649	0.0942186747777781
-0.251116440176162	0.243915434484927
0.0469406873183079	0.0257817066454963
-1.81736601651993	1.13630416704249
-0.69420700359291	0.605367573043029
-0.377089148500412	0.21017255314211
-0.14632126555052	0.111718170932471
-0.0976895653510946	0.0568773184016823
-0.761917278740288	0.642960986472107
-0.00238102756965053	0.0015231286865906
-1.04255910927197	1.07908658766434
0.106883161872174	0.10544675340186
-0.281490944342066	0.24332553652032
-0.332474214602741	0.263051046415768
0.605797086501065	0.811677710117255
0.0123865038193006	0.0112838913662215
-0.429308261703211	0.586238621264191
-0.722777452993857	1.12158977325302
-0.776530736097226	0.832170133683995
-0.167024125310379	0.141871877326941
-0.276533567278988	0.261671301660958
-1.04446126898771	1.28190044700956
-0.89846340835897	0.647252882923566
0.483773733595523	0.196835446977148
-0.53036419743311	0.332522408938557
-0.016591598919276	0.0105246295779119
1.3790985392019	1.2769516132187
-0.581788699977046	0.596249519987342
1.25228359420263	1.37756035377385
0.525570497276659	0.454072320200526
-0.413788080522499	0.351030301648861
0.20131859874883	0.13252391601694
1.38979294817102	1.29069725179604
-0.576832563965895	0.273411525933658
-0.0401663929224358	0.0172268980569656
-0.201545344382006	0.0648721172047725
-0.609489833121369	0.147475344257464
-1.7934287506278	0.390727439150181
0.165880035481028	0.0314978449610492
-0.774747228430837	0.720317479904025
-0.498493518746738	0.187923773703768
-0.122817037322565	0.068584369370976
0.724908312122984	0.343382147483371
0.566364723906597	0.475123539035048
-0.988404080439526	0.879070373068284
-0.657784962607253	0.455121510774133
0.814252920224657	0.64901371173803
1.10587531032344	0.682269234652023
-0.556421690360252	0.399851795400736
1.79008853443679	1.40130774296442
-0.279511416120368	0.201175049291012
-0.522817845033701	0.430783275492724
0.697151937561617	0.725448016797728
-0.778801473149647	0.725206609818213
-0.756520103761648	0.328027596081882
0.199989327224436	0.190014138730577
0.0347776174383026	0.0243227663252421
-0.0313083012657367	0.0135552996661402
1.96276901321247	0.454520391574277
-1.79346061997896	0.390723019452767
-1.79346061997896	0.390723019452767
0.963743115659934	0.255236344279286
0.169248055862235	0.0319917175833404
0.197855940006593	0.136408236593035
-0.0888228608021309	0.0516302438206359
-0.011049865971738	0.00503481375298105
-1.07017733219793	0.721266928797687
0.111670242383171	0.345317746720307
0.0234504034351046	0.0293498618303813
-0.339269854050827	0.367993150259066
0.818830363112716	0.495043338621246
0.179369859705814	0.0539368960907662
-0.613158918177153	0.148231887572971
-0.371898888707106	0.15362917728401
0.470637438843558	0.191144870746378
-0.141231099360953	0.120462625903562
0.530677027488804	0.480555939508298
0.677014100079373	0.485265727457757
-0.0674005861215407	0.0265824991773981
0.384393348869385	0.360589124089019
-0.0763900567065447	0.0858238679743932
0.381380591039293	1.33684911207277
-0.239756084910259	0.212540014014218
1.27999152077284	0.894253970558575
-0.189453121144306	0.14426323514912
-1.79346061997896	0.390723019452767
-0.770453714765129	0.58383629473844
-0.132563817807885	0.213162089434014
0.0527760809825901	0.0714872993061992
-0.503352310286597	0.949285441396392
-0.54846121578789	1.21404428821398
-0.0766889668459488	0.0943205428720928
-0.352226475116224	0.582018732132574
0.0415210157074788	0.0488521036080269
0.287613856247834	0.439925431213873
-0.282421625188333	0.380431779762127
-1.34746202001084	1.54181257376112
0.344272799609388	0.209591676780623
0.249461115888287	0.264829586540358
0.348856589855857	0.356626546347749
-0.00945568060989303	0.00715739087644625
-0.624838678169346	0.364917234816013
-0.00476778575089578	0.0030191225116403
-0.415916133898055	0.551861541845606
-0.36091737494231	0.380726106505907
-0.329733669741876	0.355163244261884
0.124796261406848	0.100693560305851
0.19972351390719	0.173257346801449
-0.318296223548893	0.302517626763826
0.213623858554333	0.221336142940119
-0.545592198542866	0.566241789971869
-0.448727257179827	0.411145712816924
-0.18162462261203	0.152311237043705
-0.83918561215805	1.00046611246087
0.20297172026492	0.162448062142124
0.194848884369543	0.139879155691683
-0.417585104373971	0.388239674522153
-0.856305018843931	0.846366795162986
0.389778832699013	0.343854342250338
0.672074322294022	0.717695901160997
-0.369409389042393	0.343802910577654
-0.620813790193134	0.589821037338052
-0.365716797093018	0.387145581305615
-0.00192689489970264	0.00149793569384125
0.616165617323998	0.683806142357712
-0.305185796980923	0.267704165454599
-0.250417155371157	0.154845190607987
0.524005093755961	0.333953685100049
-0.260257345989694	0.161613203398356
-2.57036588579023	0.664816582891659
-0.654949818737289	0.452688675321208
-0.225076708193501	0.111244796685199
-0.371997374536261	0.153930951998906
0.183222271364428	0.0550052131678393
-1.7934287506278	0.390727439150181
-0.330698472981565	0.0947716626031445
0.346422787663987	0.211174035908348
0.195104917659403	0.134309685698482
-1.80766985855097	1.62346808446274
0.468940755510431	0.341230399522228
-0.958918069969366	0.933902364013059
-0.665830237672993	0.462655228457567
0.322285919834865	0.222863886082307
0.186090606513035	0.108208691496869
0.918637447319565	0.498651036144575
0.675297381521897	0.483527967069905
0.748637532972398	0.626270305505963
-0.165505674971376	0.0875574432628282
-0.167353935619045	0.110109729360137
-0.631099724331694	0.369680202507643
-0.325582325201124	0.0933470317045756
0.170590929435123	0.0585228740679515
-0.530157064431078	0.332171592200621
-0.456863837161662	0.23579659409003
0.291298137130115	0.244616136941782
-0.443450000576096	0.404996612177124
0.459332672937109	0.332750349870424
-0.382632168381176	0.213837677887702
-1.46515587047556	0.737457902476713
-0.000105794265814039	0.000179907150310154
0.702444903706425	0.614126418116257
-1.50215938518201	0.53435945377886
-1.7934287506278	0.390727439150181
-0.325582325201124	0.0933470317045756
-1.12464685880463	0.339484249108323
1.96372117107544	0.45473924627511
-2.10251788384364	2.31812177919336
-0.0854983302811616	0.0496435939230325
0.00547765172290513	0.00479067548030554
0.173232685229596	0.264991071627874
-0.381327629457224	0.213273272450903
-1.01014139129076	0.400088841211607
0.0522099705960875	0.0306629884120418
-0.494341840908445	0.878974520684592
-0.293594053439583	0.599407757754986
-0.170652044915167	0.202040396260699
0.464545755679499	0.357698379723956
-0.585624368724838	0.278336336245358
-1.7934287506278	0.390727439150181
-0.611962616144159	0.147977912487881
-0.122702900803899	0.23041142845967
0.0681297998053687	0.134704130893499
0.0876477492144132	0.0961230828417446
-0.282572483530395	0.423329851003363
0.460382235730182	0.728903781049328
-0.0518089122585006	0.0516246236691576
-0.0801260124099254	0.0828457561019753
0.350917454343194	0.485497319192668
-0.415709994987103	0.497770561227858
0.171189775428302	0.0662121976703994
-0.37748832315413	0.210849442735043
-0.127595097897806	0.0988568411751787
-0.779878825896232	1.02659830268191
0.065676821500755	0.0406899108778628
-1.00377782576872	0.397156038036369
-0.237036293307351	0.19564558884349
-0.711161083086313	0.767235219887713
-1.23708723994549	1.73326478301183
-0.209158675659672	0.134145543511117
-0.629605815258904	0.601374700480958
-0.00976042474107242	0.00628593616500082
-1.12687609267109	1.66198652929191
-0.602793762790273	0.530208107753354
0.202012404359802	0.125926575425686
-0.767019136758964	0.765527149060637
-1.06514865041615	0.716197549941828
-1.01934599014077	0.802901961944122
-0.778624701629593	0.42132549888033
-0.259224351625148	0.160878204946705
-1.45637329567415	1.00511146774742
-0.162386120666056	0.106563270058538
0.77615151265251	0.860384999061621
0.359178881718199	0.201299834625238
-0.216738737765718	0.176597157356804
-0.264745292705798	0.18903523273005
-0.104951066343781	0.0719332962310683
0.865866273458862	1.02534773853655
0.0669202349879493	0.0518690005755253
-0.638695476977565	0.375139953305881
1.43205405439354	1.11897943062944
-0.984441514024758	0.873877392264931
-1.14376104780613	0.63480253551799
-3.44821343973509	1.22397568320365
-2.57036588579023	0.664816582891659
-3.07402416243152	0.948685276185543
-0.618535635333325	0.149538863092151
0.165088029467664	0.0313824661178469
1.47086646676889	0.49088731436037
-0.0434437907895968	0.0185855207638445
0.630937764783428	0.481283464442654
-0.00743416883269383	0.00341966788693361
-0.626791795355518	0.366235485549497
1.04132120866304	0.985686885660514
0.0156478564574985	0.00803189781633765
-0.218578683230705	0.107891342673599
-0.0674005861215407	0.0265824991773981
-0.370212528397383	0.152875270107522
-0.527111473275163	0.329706508577552
-0.165705349355135	0.0876517121516508
-0.0920672422705399	0.0535327475341594
0.412774452650515	0.187824995794037
-0.745228434114775	0.322263483734654
0.183063896529214	0.0463401006276899
-0.611962616144159	0.147977912487881
0.160144755571284	0.0306956063740573
0.183610895194862	0.0464322674344966
-0.498865839031448	0.188033265127179
0.169248055862235	0.0319917175833404
-2.0597548472174	0.939340700613213
0.843422236893639	0.358554124858322
-0.387523908189645	0.216974015387086
1.47155078449581	0.491168545293048
1.96276901321247	0.454520391574277
2.76330811440907	0.780761067286217
3.27752825134246	1.12202020233476
0.417750403703741	0.346284971974575
0.0284884740439525	0.0143826333605482
-0.740216463882872	0.319842507301823
-0.212597037281605	0.104815220344794
0.227458471526556	0.261917008552082
-2.57067328278635	0.665094197548339
-1.43470128480187	1.27033896884317
-0.198565874173404	0.243483471429276
-0.586655946639658	0.278847109448402
0.16619130625606	0.0315431724784316
-0.118832847756901	0.0423587664894206
0.0949964797572525	0.0868732708609058
-0.118891099498651	0.17893799289828
0.963078860472085	0.255236868510046
1.47032706033056	0.490703617760438
-0.613682540053849	0.148388769407339
0.0189468579405156	0.0127198586955974
-0.273949267349434	0.279810890725391
-0.0551219427194597	0.0458885473954955
-0.715405892910634	1.06956476356863
-0.911917422770197	1.44871019303162
-0.44931792714523	0.497650051740898
0.185034118967871	0.120896198058873
0.284963675214738	0.253212977610728
0.00665616283974413	0.00455958166547231
-0.0775736606010374	0.0304730734956713
1.84184770666887	0.726890218717793
0.174742487017495	0.0934947903213071
-0.771556593164132	0.502655109370457
-0.078664013620457	0.0308649148267959
-0.613012730411062	0.148202450577793
-3.31991664073551	3.29539784953544
-0.279435107378541	0.126782883466034
-0.119838421507322	0.0427012024156546
-1.81736601651993	1.13630416704249
0.967933372585482	0.256362285789635
0.626369269619151	0.329507497824579
-1.47582914633891	0.74490389431856
-0.619069360213747	0.149654914653121
-0.49658942650822	0.186924442259554
-0.385515363457418	0.159862460590161
-1.50142880975048	0.534054734577795
-0.704386334982379	0.240838421723177
-0.589963986166914	0.280808169672612
-1.11760971687047	0.337077079720442
-1.00403055985993	0.397306910648104
0.688637326691298	0.220082192676685
-0.709319061175721	0.242738363206193
-0.197316433582098	0.063550392412948
0.181837521716867	0.0460537144756759
-1.79766606524237	0.730020629935894
-1.7934287506278	0.390727439150181
-1.79785205353169	0.391773074809323
-2.57098043849301	0.664920470822356
-1.79785205353169	0.391773074809323
0.165088029467664	0.0313824661178469
-1.7934287506278	0.390727439150181
1.46964366147565	0.490422889690681
-0.613158918177153	0.148231887572971
-3.07402416243152	0.948685276185543
-1.79346061997896	0.390723019452767
0.165880035481028	0.0314978449610492
0.169566032486793	0.032038095111837
-0.707465428768275	0.242033353320822
1.47402323433779	0.492035659807906
0.161251150232847	0.0308565698216007
-1.49633399610699	0.531774933095134
2.76219840038386	0.780594539857824
-0.315214387245148	0.0904629277497206
0.186191748429242	0.055843722836046
0.165880035481028	0.0314978449610492
-1.7934287506278	0.390727439150181
-2.57067328278635	0.665094197548339
0.161251150232847	0.0308565698216007
-2.57098043849301	0.664920470822356
-0.192999041376047	0.0621942433123614
0.164778629348208	0.0313374327003096
-0.612487701707529	0.148134994320372
-0.32485451718176	0.0931499749349684
2.76330811440907	0.780761067286217
0.968469219672053	0.25651021792255
-0.737996704231867	0.31861997633351
-4.71059373470155	2.79010604204374
-1.7934287506278	0.390727439150181
-1.49753171438992	0.532305096548695
0.0867669354293066	0.0589647654400857
-0.612487701707529	0.148134994320372
0.0615507292267507	0.0657723370974757
-0.156977311353284	0.132416093017679
1.98717521355605	1.25326152304709
-0.612487701707529	0.148134994320372
0.476925301101272	0.348068458074209
0.688185381402826	0.219868290083128
-3.74479839827737	1.4781183796158
1.1277845672189	0.861163888367982
-0.744824966604454	0.322057504500445
-0.212551695677615	0.104696607539573
-0.49151434881428	0.185015055029549
-0.750364995739161	0.325029815455567
0.176825054435177	0.0449204608148946
-3.0729809879685	0.948009080411761
-3.07875719123617	0.951227905765892
2.76330811440907	0.780761067286217
-1.49753171438992	0.532305096548695
1.47525146835293	0.492648627415429
-1.7934287506278	0.390727439150181
0.165880035481028	0.0314978449610492
-1.79346061997896	0.390723019452767
-0.703264262088321	0.240508331840629
-0.326310377140785	0.0935168437296262
-0.612487701707529	0.148134994320372
0.165880035481028	0.0314978449610492
-1.7934287506278	0.390727439150181
-1.79346061997896	0.390723019452767
-2.57098043849301	0.664920470822356
0.165088029467664	0.0313824661178469
-1.12519556185123	0.339754109482426
-0.613682540053849	0.148388769407339
-0.619069360213747	0.149654914653121
0.178254851579563	0.0536080680261321
1.96372117107544	0.45473924627511
1.46910411205871	0.490049168285487
3.27152519356808	1.11907150574555
-2.57554526884402	0.666976966437407
0.16619130625606	0.0315431724784316
-2.57098043849301	0.664920470822356
1.96276901321247	0.454520391574277
-1.7934287506278	0.390727439150181
1.96372117107544	0.45473924627511
-1.79346061997896	0.390723019452767
-2.57067328278635	0.665094197548339
0.164778629348208	0.0313374327003096
0.16619130625606	0.0315431724784316
0.16619130625606	0.0315431724784316
1.96372117107544	0.45473924627511
-0.617875104469477	0.149400727468359
-0.611962616144159	0.147977912487881
0.16619130625606	0.0315431724784316
0.185454319096416	0.0556335769192585
-1.7934287506278	0.390727439150181
0.169248055862235	0.0319917175833404
-1.7934287506278	0.390727439150181
0.169566032486793	0.032038095111837
0.181837521716867	0.0460537144756759
1.96372117107544	0.45473924627511
-1.79346061997896	0.390723019452767
1.47402323433779	0.492035659807906
0.165880035481028	0.0314978449610492
-1.7934287506278	0.390727439150181
1.96372117107544	0.45473924627511
-1.7934287506278	0.390727439150181
0.181053134529505	0.0458624936397602
0.16619130625606	0.0315431724784316
-1.79346061997896	0.390723019452767
1.96372117107544	0.45473924627511
1.96276901321247	0.454520391574277
-1.79785205353169	0.391773074809323
0.165088029467664	0.0313824661178469
0.963214248695465	0.255090594573707
-1.7934287506278	0.390727439150181
-0.498201158890918	0.187691502941451
-1.79346061997896	0.390723019452767
-0.371013697551512	0.153481726076027
-3.45307509546519	1.22686211973226
0.160144755571284	0.0306956063740573
2.76219840038386	0.780594539857824
-0.611962616144159	0.147977912487881
-2.57067328278635	0.665094197548339
1.96372117107544	0.45473924627511
1.46707710595373	0.489320547895215
-1.79785205353169	0.391773074809323
1.96684138854469	0.455504908505281
1.96684138854469	0.455504908505281
-0.614206104379299	0.148455859250315
-1.79346061997896	0.390723019452767
-0.613012730411062	0.148202450577793
-1.7934287506278	0.390727439150181
-2.57554526884402	0.666976966437407
-0.613682540053849	0.148388769407339
-1.7934287506278	0.390727439150181
-1.79346061997896	0.390723019452767
0.165088029467664	0.0313824661178469
-0.609489833121369	0.147475344257464
-1.79346061997896	0.390723019452767
-1.79346061997896	0.390723019452767
-1.79346061997896	0.390723019452767
-1.79785205353169	0.391773074809323
1.96276901321247	0.454520391574277
-1.7934287506278	0.390727439150181
1.96276901321247	0.454520391574277
1.96372117107544	0.45473924627511
-1.7934287506278	0.390727439150181
0.161251150232847	0.0308565698216007
0.169248055862235	0.0319917175833404
-0.613012730411062	0.148202450577793
-1.7934287506278	0.390727439150181
-1.79346061997896	0.390723019452767
1.96372117107544	0.45473924627511
-1.7934287506278	0.390727439150181
0.164778629348208	0.0313374327003096
-2.57522664974505	0.666917731403372
0.165880035481028	0.0314978449610492
-1.79346061997896	0.390723019452767
-1.79346061997896	0.390723019452767
0.165088029467664	0.0313824661178469
0.164778629348208	0.0313374327003096
-1.79346061997896	0.390723019452767
1.96372117107544	0.45473924627511
1.96372117107544	0.45473924627511
-1.79346061997896	0.390723019452767
-1.79785205353169	0.391773074809323
-2.57036588579023	0.664816582891659
0.178049240810411	0.0452053813438565
-2.57554526884402	0.666976966437407
2.76330811440907	0.780761067286217
-1.79346061997896	0.390723019452767
-1.79346061997896	0.390723019452767
2.76219840038386	0.780594539857824
1.96372117107544	0.45473924627511
-1.79346061997896	0.390723019452767
1.96684138854469	0.455504908505281
1.96372117107544	0.45473924627511
-1.7934287506278	0.390727439150181
1.96372117107544	0.45473924627511
-1.7934287506278	0.390727439150181
-2.58013588785136	0.668674470410509
-1.82369698466854	1.14241177797156
0.576874458015655	0.337503025141778
-0.375662191612266	0.255955401687969
0.355771114127587	0.199380882387326
0.340192700621262	0.207032844379423
-0.521093177179169	0.325601706415443
-0.123615274187178	0.0439773688403038
-1.12086886051128	0.33811902750598
0.159761599337491	0.0618506086215427
-0.121606099675459	0.0432915369663538
0.547731489910715	0.198721788016129
-3.07454565876188	0.948489134275984
-1.46678473087704	0.738145623224673
-0.202976861420011	0.0653350306430413
-0.750364995739161	0.325029815455567
-0.743607658160876	0.32145501649726
0.182384642090162	0.0461735738884295
-0.614206104379299	0.148455859250315
0.169248055862235	0.0319917175833404
4.18424075214228	2.03204738042248
-0.608428787479893	0.147248610626808
2.76219840038386	0.780594539857824
-0.613804976594409	0.148553206549543
-1.48217825772995	0.749265032773333
-1.79346061997896	0.390723019452767
1.96372117107544	0.45473924627511
0.963743115659934	0.255236344279286
0.546346904865407	0.198325214127253
-1.7934287506278	0.390727439150181
1.84570196896662	0.728945119955139
-0.326771057218117	0.0936418390224184
-0.613158918177153	0.148231887572971
-0.617339897765464	0.149284387408846
0.164778629348208	0.0313374327003096
0.963214248695465	0.255090594573707
1.96372117107544	0.45473924627511
0.165088029467664	0.0313824661178469
1.96276901321247	0.454520391574277
2.76330811440907	0.780761067286217
0.963743115659934	0.255236344279286
0.165088029467664	0.0313824661178469
0.169566032486793	0.032038095111837
-0.327498449554433	0.0938114370055266
0.963214248695465	0.255090594573707
-0.461041125172787	0.238534480811755
1.42045294665151	1.10446025029824
-1.11951983581622	0.337809535545767
-0.572233625320204	0.271033266285754
0.380050341217359	0.193069876623994
-1.24857524999993	0.559840475336595
-0.19626072319558	0.0632056639998214
2.76219840038386	0.780594539857824
-3.45307509546519	1.22686211973226
-0.964649822104942	0.475010592895011
0.178049240810411	0.0452053813438565
-3.07875719123617	0.951227905765892
-0.617875104469477	0.149400727468359
-1.12086886051128	0.33811902750598
0.169570842988667	0.0581880998558025
-0.897020827952277	0.645573064392539
-1.26311633392967	0.568411691186277
0.177362298643623	0.0450515694227369
0.17388527997155	0.0596222487809083
-0.703604701863641	0.240656194919364
-0.613682540053849	0.148388769407339
-1.1182849071041	0.337405124817419
0.964934921520073	0.255476948633611
-1.79346061997896	0.390723019452767
0.687904703717867	0.219759625438134
1.84525714600486	0.728756039651982
-0.33115064247346	0.0948450204466267
-0.697547507150818	0.238387277313668
-2.57522664974505	0.666917731403372
-0.325121870470423	0.0931632456849071
-0.323664690407152	0.0927962418225715
1.96372117107544	0.45473924627511
-0.325582325201124	0.0933470317045756
0.963214248695465	0.255090594573707
3.27993169130503	1.12298306623949
-1.1182849071041	0.337405124817419
0.165880035481028	0.0314978449610492
0.181837521716867	0.0460537144756759
1.96276901321247	0.454520391574277
-0.618535635333325	0.149538863092151
2.76559849788836	0.78194178274137
1.96372117107544	0.45473924627511
0.165880035481028	0.0314978449610492
-2.57098043849301	0.664920470822356
1.96684138854469	0.455504908505281
-1.11951983581622	0.337809535545767
0.962025660417238	0.254682745005495
0.169566032486793	0.032038095111837
1.06762213189116	0.40860472471242
0.179369859705814	0.0539368960907662
-0.473886798465436	0.520478904056479
-0.423780247772845	0.32303854143679
-0.168471308975437	0.126785097851169
0.0900343240257875	0.0612485107874382
-0.0953395422757379	0.0757438823231218
-0.760005213610054	0.806645967098678
-1.80402319087234	0.733252313453103
-0.706728811590437	0.241764690191015
0.383888655222833	0.194818044051682
-0.0616651989015171	0.0370597661674419
0.177444719478981	0.0949039027170245
0.161251150232847	0.0308565698216007
0.175727878726939	0.0679905067665371
-0.763778251086667	0.410810042358742
1.05212151057228	1.00064848424459
-0.261951502960185	0.162786817482899
-0.660986372635748	0.458560153027652
0.0343065521261739	0.0189244475246342
0.574113704735104	0.335473235810921
-0.28266581965304	0.128352925875781
0.0345869330029116	0.019079362485262
1.30161340139103	0.725209589477918
-2.43573017247685	2.36179176664286
0.842428737935759	0.358225189674143
-0.497540036768389	0.187445875024767
-1.13899238511542	0.630383052556397
0.174866744414616	0.0599504088128746
2.37233634454725	1.20117728690548
-0.581847550422513	0.275967887685595
0.177213407365222	0.0607096221135792
-0.751719639903214	0.325833607551306
-0.370947965422515	0.153419528411156
0.712991602513387	0.3367289135541
0.177362298643623	0.0450515694227369
0.845815805906363	0.35975917327147
-0.617339897765464	0.149284387408846
-1.7934287506278	0.390727439150181
-1.79346061997896	0.390723019452767
1.96276901321247	0.454520391574277
-0.613682540053849	0.148388769407339
0.183960045070368	0.0552151922972765
-0.613158918177153	0.148231887572971
-0.319086727547559	0.0915432284448938
-0.706728811590437	0.241764690191015
0.552010634561459	0.20046264360567
2.76109157462938	0.779871501961836
-0.618535635333325	0.149538863092151
0.685539141555545	0.218907224669263
0.962553055030982	0.254827961566665
-0.953520584838084	0.467609220754721
0.161251150232847	0.0308565698216007
3.27152519356808	1.11907150574555
0.963743115659934	0.255236344279286
0.173541542363193	0.059486595858024
0.175891515215909	0.0602877256141385
-0.451733154039683	0.232829989273581
0.177516165041885	0.0533832927158356
-0.585624368724838	0.278336336245358
-1.44556844783563	0.992291924175348
-0.464318844843735	0.240465507302889
-1.58251692629909	1.20039151217704
-0.496879333423488	0.187181684059415
-3.44821343973509	1.22397568320365
-2.04916059733046	0.933046655798162
-1.00269516620368	0.396499158743995
0.165880035481028	0.0314978449610492
1.96276901321247	0.454520391574277
-0.612487701707529	0.148134994320372
0.18374299244507	0.0464795790495071
-1.49683678047233	0.53192588850646
-1.0016546506687	0.39600963496329
-0.19265924146981	0.0621226000055922
-0.329964215322259	0.0945505800706473
1.59654903261596	0.803007544231757
1.59791491099871	0.803720834930498
-1.50069847674699	0.53359178068112
-2.26110982960027	1.13928095186143
-1.49897898499855	0.532683365671509
0.177232580502666	0.044987849053341
-2.57067328278635	0.665094197548339
0.688637326691298	0.220082192676685
-1.00448642825666	0.397437675069127
-0.697547507150818	0.238387277313668
0.963214248695465	0.255090594573707
-0.124572142446101	0.0443576455219409
0.687453672774919	0.21969379736456
-0.750520013645642	0.325235753893354
-1.50215938518201	0.53435945377886
0.964934921520073	0.255476948633611
-1.79346061997896	0.390723019452767
-1.7934287506278	0.390727439150181
-0.326043908260378	0.0934449166225896
0.687453672774919	0.21969379736456
-2.57554526884402	0.666976966437407
1.96276901321247	0.454520391574277
0.165088029467664	0.0313824661178469
-3.45239496999294	1.22656388713544
1.96276901321247	0.454520391574277
0.165880035481028	0.0314978449610492
1.96276901321247	0.454520391574277
2.59130867018283	1.45777478304179
0.697539161689842	0.222938108752217
-0.612487701707529	0.148134994320372
-0.197961486462631	0.0637876154388623
2.76671632811135	0.782410087450427
0.165088029467664	0.0313824661178469
-0.371935097142025	0.1538414278662
-0.697547507150818	0.238387277313668
-0.277549190820471	0.125800056072986
0.174415063218798	0.0525132560977555
-3.44619623148129	1.2226326390086
-0.324925483517562	0.093165291273504
-0.608428787479893	0.147248610626808
0.963743115659934	0.255236344279286
0.967933372585482	0.256362285789635
0.169566032486793	0.032038095111837
-0.617339897765464	0.149284387408846
-3.46288588780041	1.23106570343256
0.181837521716867	0.0460537144756759
1.96684138854469	0.455504908505281
-3.74624107806015	1.47909592511107
2.76671632811135	0.782410087450427
1.96372117107544	0.45473924627511
1.47828388369667	0.493541574530428
2.76219840038386	0.780594539857824
-0.613682540053849	0.148388769407339
-2.57036588579023	0.664816582891659
-1.79346061997896	0.390723019452767
-1.7934287506278	0.390727439150181
1.96276901321247	0.454520391574277
2.76109157462938	0.779871501961836
-1.79346061997896	0.390723019452767
-0.324393158207149	0.0929933012825356
-1.79346061997896	0.390723019452767
-1.79346061997896	0.390723019452767
-1.79346061997896	0.390723019452767
1.96372117107544	0.45473924627511
-1.79785205353169	0.391773074809323
0.169248055862235	0.0319917175833404
0.16619130625606	0.0315431724784316
0.160144755571284	0.0306956063740573
1.96276901321247	0.454520391574277
-1.7934287506278	0.390727439150181
-1.7934287506278	0.390727439150181
-1.79346061997896	0.390723019452767
-2.57554526884402	0.666976966437407
1.96372117107544	0.45473924627511
2.76219840038386	0.780594539857824
-2.57554526884402	0.666976966437407
-2.57098043849301	0.664920470822356
-0.207939580435493	0.0668891971625401
-0.32759034209047	0.0938892839663892
-2.57554526884402	0.666976966437407
-1.79346061997896	0.390723019452767
0.962553055030982	0.254827961566665
-1.12396372987595	0.33934973605565
2.76219840038386	0.780594539857824
1.47155078449581	0.491168545293048
0.164778629348208	0.0313374327003096
-0.613682540053849	0.148388769407339
1.96276901321247	0.454520391574277
-1.7934287506278	0.390727439150181
0.16619130625606	0.0315431724784316
2.76330811440907	0.780761067286217
2.76219840038386	0.780594539857824
-1.79346061997896	0.390723019452767
-1.79346061997896	0.390723019452767
1.96276901321247	0.454520391574277
0.165088029467664	0.0313824661178469
-2.57067328278635	0.665094197548339
0.165088029467664	0.0313824661178469
0.165088029467664	0.0313824661178469
-0.613682540053849	0.148388769407339
-1.79346061997896	0.390723019452767
-1.79785205353169	0.391773074809323
1.96372117107544	0.45473924627511
2.76559849788836	0.78194178274137
0.16619130625606	0.0315431724784316
0.169248055862235	0.0319917175833404
2.76109157462938	0.779871501961836
-1.26311633392967	0.568411691186277
-0.613682540053849	0.148388769407339
-0.376769563328837	0.155817699907409
-0.547527990329274	0.392133546756
1.35135662214001	0.598044460885579
1.96276901321247	0.454520391574277
-0.194443769853819	0.0626542518681332
-0.698670682702589	0.238794577468402
-0.437354133284884	0.286934150021703
-0.49650800501461	0.187033371669453
0.470033050353673	0.190927765296622
0.385448853675738	0.196032720910076
1.80866118750644	1.02260876184888
0.963743115659934	0.255236344279286
-0.288553167064888	0.131104800633221
-0.378224723187554	0.210875980777945
1.08888268610096	0.532186917645821
0.19006169952255	0.0569194977045989
1.34322253527857	0.593318244658196
0.167908506954152	0.0576097565065379
-0.706728811590437	0.241764690191015
0.964934921520073	0.255476948633611
-0.127973808429625	0.0455141210732245
0.176151715208171	0.0681554302009089
-0.321011266565823	0.0920911495247304
0.183960045070368	0.0552151922972765
-1.49753171438992	0.532305096548695
1.05878746464103	0.40482083139178
-1.12026119291491	0.338168680078347
-0.490858121984585	0.184753547441339
-0.49151434881428	0.185015055029549
0.188945802287326	0.0566034382337498
0.551298334729919	0.200249958464128
-0.763487603028372	0.411281381059651
0.849767099826588	0.36182590832994
-0.202267717623406	0.0650989962325268
-1.12086886051128	0.33811902750598
-0.331884233338781	0.0950660268702792
-0.998738562366113	0.394732167512429
0.165880035481028	0.0314978449610492
-1.79785205353169	0.391773074809323
-0.613158918177153	0.148231887572971
-2.57522664974505	0.666917731403372
-1.7934287506278	0.390727439150181
-1.7934287506278	0.390727439150181
-3.44619623148129	1.2226326390086
-0.326771057218117	0.0936418390224184
-1.47602073837013	0.745446937601401
0.962553055030982	0.254827961566665
-1.12328075924743	0.339047939506251
0.687453672774919	0.21969379736456
-0.702134100644835	0.240056342034831
0.176825054435177	0.0449204608148946
-3.44754089021611	1.22379406077669
-0.613682540053849	0.148388769407339
0.549516086641495	0.199542874934359
0.16619130625606	0.0315431724784316
-0.60895933746012	0.147406558741333
0.687453672774919	0.21969379736456
-0.613012730411062	0.148202450577793
2.76671632811135	0.782410087450427
-3.07350260546998	0.94852963330217
-3.07402416243152	0.948685276185543
-0.394386315435104	0.575688461680308
-0.462151035666986	0.48389269565897
-0.311735433213675	0.414084957406744
-0.0778325994277676	0.0793255622331652
-0.403262384817055	0.605995761901116
-0.395493767933373	0.4426742903023
-1.06655047926917	0.717285510597709
0.170913863598283	0.0660743604119491
-0.0555873186600891	0.0333922211612456
0.0472409183590502	0.0362741819277631
-0.425447773777588	0.27760959365352
0.475196904470731	0.193138494041749
-0.0345327180258527	0.0218108607692542
-2.60860387851463	2.86086943086069
0.662442649213485	0.703901729279423
-0.459588664583099	0.383875558981591
-0.140390071555845	0.109591571757212
0.352886167759148	0.343758043121294
0.598797799376578	0.481621152749049
0.446360858494241	0.340800728891869
0.370408019381712	0.344663825626463
-0.767779409502608	0.649278658678157
-0.3755221853816	0.209193652512998
0.08810897765258	0.0599065850049063
0.409762320818672	0.338130398665237
-0.224942978070368	0.111278666183497
1.05952860814689	0.405011691745652
-1.16547782740835	0.649037734347466
1.65427277997723	1.1702690067429
-1.02798730607812	0.814067792305761
0.551298334729919	0.200249958464128
0.176832554543049	0.0861558843262976
0.91864877635909	0.499106553518373
0.0577506425963937	0.0338589677031704
0.318664880028112	0.231556936376643
0.421928659406831	0.192265447618348
-0.900434571739613	0.648532742035827
-0.287802884886021	0.130876324509093
-0.266475002973633	0.19051614863408
-0.405291135128532	0.374092033522115
-0.843054997824256	0.891171930126687
-0.272044218788042	0.195056481982386
-0.109135133327301	0.0749603908979224
-0.771513684920342	0.771432993986065
-0.570020548284308	0.412607835647159
0.863564042299189	0.787831270598528
-0.427361635780512	0.279120791589108
0.676878551410764	0.484553132144432
0.815771324873536	0.493019768287069
-1.1182849071041	0.337405124817419
-1.79346061997896	0.390723019452767
-0.703651055748467	0.240588737528622
0.686626809163374	0.219374653716057
0.176139035531232	0.0447669868764769
0.165088029467664	0.0313824661178469
-1.50069847674699	0.53359178068112
0.708888348512713	0.334422800106925
0.168551797974127	0.0735094148580177
0.165759159342809	0.0641584131500615
0.177677058875626	0.086569864469717
-0.575846548897215	0.27289872822856
-0.469026153328247	0.243031456615719
-0.513574789233596	0.319562175647082
0.809116090060935	0.487728134168019
0.555239766445707	0.201780832151434
0.491622869344827	0.337204399823854
-1.14574334479124	0.635856050340672
0.163955515325982	0.0562962601144911
0.168282085823286	0.0651395862135137
1.10800069128242	0.685524346972981
1.8476275755017	0.729726391578086
0.164778629348208	0.0313374327003096
0.165088029467664	0.0313824661178469
-0.613682540053849	0.148388769407339
-0.316598766957198	0.609941522036051
-0.370935269159348	0.858548752906325
0.0733499908325723	0.105805972057422
-0.33049295260107	0.634693071946102
-0.280722584470665	0.525297205220852
-0.442591020697874	0.898616953996012
0.10634304219294	0.0755832789785771
0.32397742202321	0.236200480414489
0.0880094684561409	0.0800940349879599
-0.278512133199506	0.338087135993368
-0.340054767446393	0.341018152364648
0.718025781523471	0.632037638429491
0.14819381778506	0.135921448028618
-1.54774618641665	2.02846001818484
-0.0913697438805532	0.0942366458477246
-0.517972273357012	0.667290449787718
0.747060158908022	1.2925545085517
-0.119769893206969	0.120206558587449
0.870312828373886	1.3391878269548
-1.23013090328368	2.19033947857736
-0.223142491428521	0.22081497683385
-0.278339893365014	0.269637921202657
-0.704154371882435	0.975825553044224
0.128210571224689	0.113508441351682
-0.149752807357566	0.125766962238255
-0.374087997570495	0.254837492610965
-0.275672881995736	0.281939045410405
-0.137053144141186	0.0923421608462485
-0.124790108346551	0.0863340877291811
-0.183407090862652	0.170499248426173
-0.146303671526825	0.0990065754912448
-1.00514159209662	1.10973059819155
0.458062023226164	0.445120710782395
1.1054963842614	1.40178383995181
-0.474942533123274	0.465087255837777
0.123367647833542	0.0994709454173105
-0.698245283424966	0.659350447003793
-0.0315398812750299	0.0234583980217916
0.735901093750223	0.830212883399345
0.338165946379851	0.351394266570146
-0.0300055527806812	0.0219763070941624
-0.0104571324569652	0.00792013505211876
0.538830533390131	0.639847352217402
-0.16766811283492	0.14251036776913
-0.218297198103173	0.140548498075219
-0.929039476450328	0.56358450811058
-0.21406772773903	0.105456582441046
-0.21399215635023	0.137532950554418
-0.878567707328602	0.7217769546707
0.967933372585482	0.256362285789635
-0.613682540053849	0.148388769407339
-1.49680843456756	0.531963842405938
-1.0048610187024	0.397512616365048
0.183809152406343	0.0629189729289287
-0.32485451718176	0.0931499749349684
0.0494966177817814	0.0290626937433052
-0.0527217738124874	0.0316627849658498
-0.12282517776863	0.0437139180795264
-0.381728087013292	0.21352410633641
-0.218822645672314	0.178530333016705
-0.277072022519318	0.125573551816857
-0.0718673562806321	0.051205532067716
1.67943092981619	1.58622416795688
-0.445461901408415	0.29340900842362
-0.788719983474029	0.517985897291728
-0.761846301989447	0.49504738415158
-0.090147786185651	0.0524128569488718
0.98220036133324	0.670628077139517
-0.128810650162443	0.0720228228766007
-0.49681174781586	0.187219742194191
0.172815300536377	0.059246231431734
-1.79785205353169	0.391773074809323
-3.74551962293396	1.47870416259712
-0.779553995000288	0.510674119947808
-0.462909399281304	0.387368411073852
-0.0509393404054173	0.0315088989622456
-0.301025848931831	0.17750983824028
-0.119485774291205	0.0665740091409697
-2.57067328278635	0.665094197548339
-1.79346061997896	0.390723019452767
-0.0776841292482497	0.0304932053455497
-0.367913871535984	0.151901263292454
-0.201545344382006	0.0648721172047725
-0.613682540053849	0.148388769407339
1.47032706033056	0.490703617760438
0.16619130625606	0.0315431724784316
0.165197721130374	0.063938289353662
-0.762765743723094	0.495639860511152
0.184971072095669	0.0467387603153735
-0.202976861420011	0.0653350306430413
-0.195896300806791	0.0631110974355499
-0.325582325201124	0.0933470317045756
-3.45239496999294	1.22656388713544
-0.999821957506565	0.395227039947302
1.84059795026718	0.726378615413426
0.183063896529214	0.0463401006276899
-0.195531539432362	0.0629840149892884
1.84570196896662	0.728945119955139
-1.50335347787301	0.534889336029958
-0.331432979676728	0.0949515324990773
0.182384642090162	0.0461735738884295
0.169248055862235	0.0319917175833404
2.13128379663756	0.961927428387814
0.173305506499925	0.0522037309364545
3.64742237939513	1.44635997008149
2.13772964310007	0.966515557948451
-1.50142880975048	0.534054734577795
0.961881298984383	0.254903830883264
-1.79346061997896	0.390723019452767
0.165088029467664	0.0313824661178469
-1.11951983581622	0.337809535545767
0.16619130625606	0.0315431724784316
-0.32531700249348	0.0932194330065639
-0.195531539432362	0.0629840149892884
-1.12519556185123	0.339754109482426
0.173648892637859	0.0522677654495223
-1.1152634133402	0.336439469187697
0.964404580081594	0.255330782344719
-1.79785205353169	0.391773074809323
-2.57098043849301	0.664920470822356
1.96276901321247	0.454520391574277
0.165088029467664	0.0313824661178469
0.161251150232847	0.0308565698216007
-0.613804976594409	0.148553206549543
-1.79785205353169	0.391773074809323
-0.614206104379299	0.148455859250315
2.13681907156706	0.965358768322222
1.47086646676889	0.49088731436037
1.47525146835293	0.492648627415429
0.558576457774527	0.202832763014149
-1.79346061997896	0.390723019452767
-3.07350260546998	0.94852963330217
1.96684138854469	0.455504908505281
0.187984352048437	0.0474280610765032
0.16619130625606	0.0315431724784316
-0.608428787479893	0.147248610626808
0.967271104517323	0.256176548116206
0.171088689990155	0.0436215883182389
-1.7934287506278	0.390727439150181
-1.7934287506278	0.390727439150181
-1.79913083573714	0.730688065905454
-0.0423243153860439	0.0181364580740864
1.06301156133644	0.406541088935866
-2.44249914456919	1.35262691385391
0.173305506499925	0.0522037309364545
1.96684138854469	0.455504908505281
0.16619130625606	0.0315431724784316
-3.07454565876188	0.948489134275984
1.96276901321247	0.454520391574277
-0.611962616144159	0.147977912487881
-1.79785205353169	0.391773074809323
0.169248055862235	0.0319917175833404
-0.617875104469477	0.149400727468359
0.165880035481028	0.0314978449610492
1.47897546128728	0.493826410303162
1.96372117107544	0.45473924627511
0.967271104517323	0.256176548116206
-2.57067328278635	0.665094197548339
2.76671632811135	0.782410087450427
2.76109157462938	0.779871501961836
0.160144755571284	0.0306956063740573
-0.612487701707529	0.148134994320372
-0.326771057218117	0.0936418390224184
1.96276901321247	0.454520391574277
-2.57522664974505	0.666917731403372
-2.57098043849301	0.664920470822356
-0.613682540053849	0.148388769407339
0.181743714491496	0.0460173511561772
0.964404580081594	0.255330782344719
0.963743115659934	0.255236344279286
-1.79346061997896	0.390723019452767
0.164778629348208	0.0313374327003096
0.689369698791533	0.22025689756634
-2.57098043849301	0.664920470822356
0.963743115659934	0.255236344279286
0.165088029467664	0.0313824661178469
1.96276901321247	0.454520391574277
1.96372117107544	0.45473924627511
1.96372117107544	0.45473924627511
-1.79346061997896	0.390723019452767
0.169566032486793	0.032038095111837
-1.79346061997896	0.390723019452767
-2.57554526884402	0.666976966437407
-1.79346061997896	0.390723019452767
-1.7934287506278	0.390727439150181
2.76671632811135	0.782410087450427
0.164778629348208	0.0313374327003096
-0.613682540053849	0.148388769407339
1.96276901321247	0.454520391574277
-2.57098043849301	0.664920470822356
1.96372117107544	0.45473924627511
0.165088029467664	0.0313824661178469
0.16619130625606	0.0315431724784316
-0.336585149330964	0.0963705778245514
0.18374299244507	0.0464795790495071
-1.13448773124641	0.627529162287149
-0.707108693003757	0.241928926266029
-1.12396372987595	0.33934973605565
0.958352222975233	0.253964848564806
-0.703264262088321	0.240508331840629
0.857697691599846	0.365548438413955
-1.79346061997896	0.390723019452767
-1.79346061997896	0.390723019452767
-0.708961798888886	0.242591076534355
-1.12086886051128	0.33811902750598
-0.619069360213747	0.149654914653121
1.96276901321247	0.454520391574277
0.161251150232847	0.0308565698216007
3.27510914666181	1.12076297640292
-0.613682540053849	0.148388769407339
0.18374299244507	0.0464795790495071
-0.198027167012548	0.0637530672793308
0.169248055862235	0.0319917175833404
-1.50655298027038	0.53606385526815
-3.07875719123617	0.951227905765892
-1.7934287506278	0.390727439150181
0.160144755571284	0.0306956063740573
0.165880035481028	0.0314978449610492
-0.613012730411062	0.148202450577793
1.96276901321247	0.454520391574277
-0.618535635333325	0.149538863092151
0.165880035481028	0.0314978449610492
-0.613682540053849	0.148388769407339
-0.613158918177153	0.148231887572971
1.06375255943934	0.407031400293661
1.96276901321247	0.454520391574277
-3.07350260546998	0.94852963330217
-0.612487701707529	0.148134994320372
0.966736740010186	0.256029100393941
-2.57554526884402	0.666976966437407
2.76109157462938	0.779871501961836
-0.614206104379299	0.148455859250315
-2.57098043849301	0.664920470822356
0.184291063239428	0.0465991085839434
0.182384642090162	0.0461735738884295
-3.07822553691956	0.950796797182827
0.182384642090162	0.0461735738884295
-2.57067328278635	0.665094197548339
-0.608428787479893	0.147248610626808
0.164778629348208	0.0313374327003096
-0.609489833121369	0.147475344257464
-1.79785205353169	0.391773074809323
-1.79346061997896	0.390723019452767
0.165880035481028	0.0314978449610492
-1.79346061997896	0.390723019452767
-1.79346061997896	0.390723019452767
0.165088029467664	0.0313824661178469
-2.57036588579023	0.664816582891659
0.164778629348208	0.0313374327003096
0.16619130625606	0.0315431724784316
0.188667958543402	0.04756856032199
-1.79346061997896	0.390723019452767
1.96276901321247	0.454520391574277
-2.57067328278635	0.665094197548339
1.96276901321247	0.454520391574277
0.165880035481028	0.0314978449610492
-2.57036588579023	0.664816582891659
0.187984352048437	0.0474280610765032
-1.79785205353169	0.391773074809323
0.164778629348208	0.0313374327003096
-1.79346061997896	0.390723019452767
0.16619130625606	0.0315431724784316
-2.57067328278635	0.665094197548339
1.96372117107544	0.45473924627511
-1.79346061997896	0.390723019452767
-1.79346061997896	0.390723019452767
-1.7934287506278	0.390727439150181
-1.7934287506278	0.390727439150181
1.96276901321247	0.454520391574277
1.96372117107544	0.45473924627511
1.48020902950819	0.494322465499196
-1.57843500139162	1.85167159158202
-1.00869208324152	0.399376405441269
-0.124442240843376	0.0442663690892336
-1.00906318075178	0.399734482931109
-0.755714993481849	0.327768674302162
-0.203686449811516	0.0655556144258791
-0.614206104379299	0.148455859250315
-1.25979123230903	0.566296954071485
1.96684138854469	0.455504908505281
1.96684138854469	0.455504908505281
0.968469219672053	0.25651021792255
-1.49561006114969	0.531433597211914
-2.57098043849301	0.664920470822356
1.96276901321247	0.454520391574277
1.96276901321247	0.454520391574277
-1.79839826083819	0.730397358466732
-0.614206104379299	0.148455859250315
-1.12396372987595	0.33934973605565
0.164778629348208	0.0313374327003096
0.688637326691298	0.220082192676685
-1.1182849071041	0.337405124817419
1.96372117107544	0.45473924627511
0.971485400220684	0.257250631808135
-0.613012730411062	0.148202450577793
-1.1182849071041	0.337405124817419
-1.13022694918455	0.341328905410415
-1.79346061997896	0.390723019452767
-0.613682540053849	0.148388769407339
0.161251150232847	0.0308565698216007
1.96276901321247	0.454520391574277
0.693216225774344	0.221541872050593
-1.7934287506278	0.390727439150181
0.160144755571284	0.0306956063740573
-2.57067328278635	0.665094197548339
-3.07402416243152	0.948685276185543
1.96276901321247	0.454520391574277
-1.1258777723839	0.339888304991231
2.76109157462938	0.779871501961836
1.96276901321247	0.454520391574277
1.96684138854469	0.455504908505281
0.16619130625606	0.0315431724784316
2.76219840038386	0.780594539857824
-1.7934287506278	0.390727439150181
-1.79785205353169	0.391773074809323
2.76109157462938	0.779871501961836
0.165880035481028	0.0314978449610492
-1.7934287506278	0.390727439150181
-2.57098043849301	0.664920470822356
-1.79346061997896	0.390723019452767
1.96372117107544	0.45473924627511
2.76219840038386	0.780594539857824
0.183063896529214	0.0463401006276899
0.165880035481028	0.0314978449610492
-0.613158918177153	0.148231887572971
-2.57554526884402	0.666976966437407
1.96684138854469	0.455504908505281
-1.7934287506278	0.390727439150181
-1.7934287506278	0.390727439150181
-3.44821343973509	1.22397568320365
-1.7934287506278	0.390727439150181
0.202293050798096	0.681064419837228
-0.278498764995829	0.858590982090149
-0.616523831565037	1.87151722532126
-0.453156857246516	1.12155759074329
-0.112377929190247	0.168334166631255
-0.455681918400653	1.00204264462472
-0.199285584284288	0.289511278007046
-0.569010420496991	1.26913627182679
-0.251787230206872	0.348885220329967
1.81212183353532	2.25975688616225
-0.582678527739007	0.276782089946651
-0.403444080168568	0.428284111408129
0.209276733849983	0.187289805784967
-0.468400088898707	0.492449706350127
-0.940192067909693	0.572087298803844
0.51014019024967	0.554364018426387
-0.216729364751206	0.106780321378707
0.309322157584282	0.368174763440068
0.465730468614534	0.589030404885235
-0.0802851346274694	0.0727431060701014
0.0400520377133407	0.0350897075407452
-0.286434276166424	0.22909188576145
-0.770566511508653	1.05057976035301
-0.280116214727396	0.265690822300673
-0.365770973783754	0.339597837504721
-0.782184963811891	1.03133029843539
-0.0903698438039606	0.071582518689323
0.706394650683611	0.618506273865319
-0.122106619279882	0.06815563312901
-0.4426637635412	0.43834965499729
-0.516631950674637	0.424439283782317
0.107318760250857	0.0762311805952213
0.933240830761356	0.814077026643363
-0.00555278342587929	0.00256726351298212
-0.670540867570863	0.526323069469359
0.194571365926126	0.13398108844695
-0.0765141867707215	0.0546266218270742
0.567193093725061	0.475959163781679
-0.280129371869481	0.201691989980516
0.0982835699827954	0.0671025885372291
0.123805320164167	0.0917308919960077
-0.0897393563265239	0.0628669912466951
0.516142503721006	0.46392353584215
-0.053325157302431	0.038545731981341
-0.705688484556743	0.758994267426973
-0.0889051420899871	0.0622652040458355
1.07846561686143	1.58589522748956
1.42192409222855	1.76886540800865
-0.651638820059047	0.450387343498247
-0.767826024426082	0.581076724514617
-0.580292405959418	0.275191572182977
0.340192700621262	0.207032844379423
0.184291063239428	0.0465991085839434
1.05346208699469	0.402359762312703
-1.79346061997896	0.390723019452767
0.962025660417238	0.254682745005495
1.84570196896662	0.728945119955139
0.0724673983371778	0.04500431841726
0.0137238417013932	0.00711504835694433
-0.315804680592635	0.24768111346967
0.6334035493381	0.334646166592206
-0.122215445713398	0.0435046320299458
-1.12396372987595	0.33934973605565
1.96372117107544	0.45473924627511
-0.617339897765464	0.149284387408846
-0.312486366520011	0.185214951691898
0.0453502334242721	0.0248889539592873
0.683025240772778	0.490257942425727
1.27295227688487	0.886235135073771
0.746882919865089	0.624419076532487
0.340282191643766	0.222932508903197
-0.298879857884312	0.17620991604903
-0.497168322643533	0.187278575885264
-0.311920783904066	0.184816107147432
-1.00403055985993	0.397306910648104
-0.216044432531742	0.106588697949566
-1.07712584888117	0.728091780335683
-0.576317467715243	0.273135189901008
-0.617339897765464	0.149284387408846
0.0603629914259781	0.16978679443482
-0.128249282681176	0.4290288490436
-0.234741387758802	0.826892010157438
-0.0692279755827567	0.135288879041766
-0.481759291928901	1.41571060597751
-0.619562647958124	1.81725911162341
-0.448447080122106	1.12728270091553
-0.566988821531936	1.43457397855954
-0.014047912573662	0.010576285603349
0.586266131574421	0.468940704617612
-0.301299226490186	0.307501514419512
-0.127006918966242	0.130103691572184
-0.416537235559184	0.462421528509812
-0.668761338346995	0.52375971199532
0.548974697494206	0.639089807771826
-0.0187514281975596	0.0118627744555774
0.0456057323026444	0.0469332134828011
-0.212772372414843	0.236132396898347
-0.348068800872689	0.445040155974661
-0.0281114706218316	0.0231239340489547
0.872653634042886	1.19750573007768
0.406730438567787	0.348983912680204
-0.165068774090416	0.164449256243972
-0.225928959052529	0.203285602849679
-0.353729365065809	0.379701231327645
0.218200491843406	0.196340809482972
-0.0830484195818914	0.0654973276093694
0.24802246999474	0.29108094241772
-0.296144074506819	0.332645922711951
0.671005682023206	0.611922774732846
-0.722235489572378	0.868220030903447
0.330031400105344	0.340967806283511
0.00960762687833703	0.00607523107329431
0.287590505372116	0.255972014653468
-0.194935858507679	0.129813596378114
-0.572098520159468	0.55225741958153
1.4139708502749	1.91464539754151
0.197823581667102	0.152920824408672
0.0119808965944539	0.00624605890569966
0.463470009082094	0.451765863349314
0.0744408225168727	0.0484155915707137
0.282543940100827	0.257630485513165
0.285771177462362	0.268047417095482
-0.535102984800535	0.475694592247058
0.0928674590852107	0.0607514170303957
0.0472348390138431	0.0362586335909292
-0.942211420784382	0.990571223352706
-0.483895543121464	0.476247260446969
-0.162422646267511	0.0857980496765256
-0.206297473877006	0.132127503128992
-0.928350468704983	0.562372519674637
0.178049240810411	0.0452053813438565
3.94764084202246	1.74800550010391
1.84525714600486	0.728756039651982
-0.617875104469477	0.149400727468359
0.173537466841901	0.0594622965191048
0.574446628091194	0.336132270881243
-0.379434071879926	0.259179163743612
0.483381844752209	0.545361659944435
-0.584123953425108	0.277507589915137
-0.0354802416887639	0.0152942451298062
-0.0887884771069787	0.0516090298182436
-0.12776152078622	0.045428153999693
-0.329964215322259	0.0945505800706473
-3.07822553691956	0.950796797182827
0.00538991214254612	0.00373932044436697
-0.593863697425809	0.612964893512393
0.734965489518828	0.486202991981002
-0.174027868787751	0.131363300133468
0.310324070585027	0.235404465784737
0.172908210077135	0.0925264220694158
-0.000993143043566593	0.000541799733409936
-0.0605060858408891	0.0239811695324531
-0.546391204983861	0.488993508590686
-0.523735088719164	0.32720902351493
-0.381589302364232	0.213129171177759
-0.38063201632754	0.212847749211596
-0.586094131867088	0.278540640573356
-1.00198766685669	0.396175079052544
-0.700673100063675	0.23947715305123
0.0439552682355143	0.178712521018592
-0.028745046676356	0.0917102933659763
-0.0699391976188946	0.177368159845701
-0.27101108128592	0.801249711104214
0.116991235694678	0.244467449305966
-0.198758856008664	0.434474935197139
-0.344712001043895	0.721881279832796
-0.367712473932133	0.389646463779615
0.0599392576093406	0.035185912683914
0.383652215465614	0.44592320479309
0.197646738820215	0.248577864368915
0.0122694723951197	0.00950020946458778
-1.30957822744329	1.06205361466734
-0.0141228363495948	0.0106306941781637
-0.109332159154945	0.0751022622893734
-0.104037977396712	0.0930122696292687
0.665524365795533	1.14097555267206
-0.297347610735826	0.325004734081409
0.60822428990963	0.882316549307057
0.199853104145481	0.1937946308422
0.656532966899757	0.783762395148636
-0.696442561759164	0.959794423728823
-0.539724021181071	0.65056006823187
0.330635208167857	0.603740614505872
-0.228681011197807	0.249089518074612
-0.129874796329215	0.120123982000933
-0.549700746960066	0.950964371481083
-0.287744987140703	0.538444790696385
-0.570137179719919	1.42268223653988
-0.118543652078602	0.158882377432974
-0.0839085072769711	0.0738971856259075
-0.156067473786337	0.192408375945611
0.402642881078908	0.658135229280094
0.347070098003855	0.3627614004698
0.232709251041936	0.25683542604441
0.92443084155904	1.15071690086308
0.528457636617529	0.477876834183211
0.203004451688672	0.133703139289511
0.291562876813004	0.244838258875307
0.00413867544440099	0.00259997243232701
0.6691160995249	0.713531613668272
0.487936346140326	0.537769220745992
0.805617060597248	0.867595419911595
-1.12588611872378	1.23428590151561
0.097925002333732	0.0693203823527765
0.408567981710081	0.350988386680632
0.703311884376311	0.615092775354732
0.467062980751558	0.339512067220594
-0.472728387106706	0.245372323767973
-0.966631855027734	0.476336609814369
-1.11458449535005	0.336227635184335
0.165088029467664	0.0313824661178469
-1.26442467098108	0.569146459384872
2.76219840038386	0.780594539857824
-1.00344380433825	0.396818957300656
-0.517241514167097	0.322576762591071
1.25230940856543	1.22818096048079
0.065558207531609	0.0605234249440519
-0.248439535078965	0.253620589242418
0.202541094523672	0.208137367894933
-0.133820642210321	0.0900247197735352
0.00247383758661308	0.00208999794336244
-0.148882679245157	0.1138659834351
0.568806954465269	0.332071003990974
0.85042709926287	0.362163990330178
2.76219840038386	0.780594539857824
1.47648048364922	0.492996794108507
0.59668410637631	0.47973490260397
0.0240267532913002	0.0167977173291994
1.05841887097501	0.404561121395212
-0.0145491750034939	0.00925125417865966
0.347378853858706	0.212171389293551
0.328165649042206	0.239733803925407
-0.279168988020622	0.222254216371933
-0.714871126200896	0.85578442604983
-0.168489965348968	0.110788565523701
0.0207074530577607	0.0783225536926342
0.0054373090248723	0.0164811080963448
-0.1701869602611	0.643643955216541
-0.364367487797866	1.68665296613764
-0.0628123333480183	0.14538521199975
-0.152517517994288	0.361051983769101
-0.274707616287123	0.408036844053664
0.0924697035469574	0.0887378440310267
-0.243879441825557	0.37217771618547
-0.434973672164342	0.910972149163561
-0.396126471227886	0.608886452121263
0.198248212786471	0.136788551955391
0.529555466147031	0.776653581411408
0.256582464380198	0.247363438593677
0.070854777706464	0.0910136045854652
0.0375353422253877	0.0467197037051454
-0.145844581356357	0.197407606965973
-0.0425382935342308	0.0520434928987097
0.233696096898146	0.274935513423051
-0.107406872035932	0.120567331727425
0.0232584305060805	0.0245342714649956
-0.204395561379907	0.282178193510858
-0.334568788106923	0.527653938478976
0.203592315484969	0.237639598339007
-0.0662577589136406	0.0602440682382555
0.262522043596118	0.379960561048511
-0.295113119091888	0.372064218850601
-0.220695608838108	0.242746293419677
-0.287315055709833	0.346055777289277
-0.400782564844701	0.474634720045011
0.432786169146371	0.506486153798402
-0.491863249912365	0.635404487538234
0.755480977161061	1.22217459798525
-0.352271688568896	0.398100975432391
-0.18279325283783	0.181714989235859
0.720684315401323	0.975669641461312
0.120666634847051	0.0920132260188867
0.708657595622752	1.10060624949332
0.714575178707155	1.11395567204453
0.90934651149121	1.48781409236798
0.459411838311891	0.590707937213076
0.368241330518128	0.493761526629518
0.00328776173356255	0.00298260488636656
0.305344938065337	0.343096291831681
0.563660516043767	0.644239797336779
0.809698205635289	0.768859967254827
0.0312306296120144	0.0218208334399056
0.351469218644483	0.342065204523266
0.860902146731489	0.785124421329163
-0.283918615370173	0.128762696006963
4.4002043843542	2.32444541694358
1.05952860814689	0.405011691745652
1.34857054726463	0.5966400161495
0.00326966095991836	0.0020184092302593
0.425267224223523	0.338353459979623
0.211546816967546	0.18017035586196
0.155489130885649	0.16205485440664
-0.21097885569553	0.135402770653378
-0.0785874660377727	0.0473728998109531
-0.159619934125302	0.0843260494615738
-0.767555757308017	0.818293678215066
0.349535218760011	0.213475789852993
0.180845714650258	0.0543398759613664
0.183988062854786	0.0551849521160161
3.93892487279316	1.74225767116968
0.767747425757031	0.754853408863596
0.112850599572952	0.088070280106404
-0.178794782860191	0.118219719588801
-0.55195444472198	0.49532900137602
0.373989057701404	0.348811509797373
0.128101679235412	0.111105918613968
-0.320548811537412	0.09196618419473
-0.291719726595106	0.132697598638754
-0.206156618468639	0.132037476180487
-0.296701505469049	0.258880108717484
-0.534155892974519	0.335272830522031
1.96276901321247	0.454520391574277
-1.7934287506278	0.390727439150181
0.0568500053182837	0.246081460885049
0.0308743576565439	0.105670060564734
-0.281589079821713	1.33710203674277
-0.0637126079418267	0.168876818084972
-0.0238462046249892	0.0483658651853453
-0.560913795489544	1.18680277677024
-0.471028690599644	0.629143450208851
-0.503437518012948	1.23346779895097
-0.3928533072504	0.902203262329131
-0.343615473908643	0.5788162950372
0.200286751774333	0.169244137871833
-0.520128528471886	0.834608474193402
0.341762481837629	0.422237143456259
-0.489084749038389	1.09882610458775
0.0551436323128153	0.0728906295601525
0.112639362412238	0.160665313432165
0.251294634540152	0.417592758603456
0.198520234051523	0.22737325502432
0.0747363890613041	0.0839046495005269
0.610240011338308	1.27233517674271
-0.195334246245766	0.241910720888531
-0.0130561254486654	0.0129059605886165
0.206825716665025	0.245544982551952
-0.11261038520488	0.116837375636393
-0.259981348718841	0.347545829462392
-0.761716014878496	1.26183956049589
-1.30591865385366	2.19276004623182
-0.550241629183804	0.754653014845586
-1.04262277493752	1.69368796486218
0.0158425557533005	0.012636146930233
-0.142954702932897	0.122085416237658
-0.0573762505749837	0.0532378701641173
-0.0244497941442925	0.0231627845669712
0.636287731367081	0.970596387079097
-0.0580561435001683	0.0476540402649329
-0.0910023222987356	0.0868840801471869
0.568026844057712	0.850003178959561
0.390411791425713	0.489287821022844
0.277294185423089	0.342530965692239
0.257944403807851	0.280821260012458
0.130251408084379	0.139101231045246
0.572913672597556	0.932658408903428
0.428590154333879	0.635500523968266
0.14394794006355	0.141495582439954
-0.140658813961545	0.119871714532238
-0.0410041252096491	0.0333440701406873
-0.316193635117546	0.248082658302421
0.804608732561432	0.866651178748646
1.10242231582649	0.540636920176748
0.186069807523728	0.046984734903896
0.546346904865407	0.198325214127253
-0.986057147796686	0.875763246637442
-0.420821749681313	0.32032705955944
0.195345037067627	0.20307064064474
0.402558706782993	0.44438465161918
-0.738600717529989	0.318959488343669
-1.46617586367611	0.737799364206718
-0.119628382929123	0.0426124014215239
-0.132195367158965	0.0888595194769632
2.13386142848874	0.963951590957412
-0.292895947447145	0.133362397594038
1.96276901321247	0.454520391574277
-0.315948015834244	0.0906883316966812
0.506416502820222	0.452837183265198
-0.21883451504429	0.195983294231025
0.17478032140425	0.0850770159193913
1.79357152987156	2.22128951696037
0.200525053820291	0.149982042480859
0.0254194367776532	0.0170612940859376
-2.58013588785136	0.668674470410509
-0.748750624071192	0.324201697189559
-0.614206104379299	0.148455859250315
0.0250354646415874	0.0174996133386925
-0.894122032430945	0.642803650555323
-2.57036588579023	0.664816582891659
0.165880035481028	0.0314978449610492
-0.614206104379299	0.148455859250315
0.177362298643623	0.0450515694227369
0.0900879900974269	0.43909015299506
0.0275685438439341	0.0927549686520463
0.013298726682791	0.0346457473176137
-0.268846286335171	0.974530178046681
-0.111223560372537	0.160391730614462
-0.473986713854123	0.750914066430125
-0.210950500927521	0.381683954592329
-0.212211722703311	0.438161953826699
-0.191284699445928	0.313638486051702
-0.82072906620693	1.25848921606941
-0.633193487223309	1.39770243535164
-0.113813247381766	0.116802362654677
0.344853886695932	0.685355113980774
-0.0824685827126291	0.119358117767628
-0.0524276793239374	0.0718501617924701
-0.345993049182097	0.694502572857197
0.440311351813636	0.705652419950967
0.423777120615767	0.743196255858329
0.122803245672254	0.154020578093537
-0.0506524647947964	0.0570333061679751
0.431509639997147	0.71509746130696
0.389700134612924	0.587760152575706
0.149663495904278	0.162201575134993
-0.856321827950846	1.58959473774469
-0.206254798429265	0.171470485032405
-0.770432796582042	0.96418490140417
-0.0842330135248627	0.067740312505842
0.372418652366742	0.446593235619991
0.0324577364061592	0.0226936211068786
-0.366370661944591	0.388033219967659
0.538038829381333	0.749423363462653
0.182842461701219	0.20045952017118
0.104798708291269	0.104795760255158
0.237764580932426	0.267785587595726
0.381704436305439	0.433715676833639
0.381152845077778	0.491448763263515
0.536173953774427	0.790020453877689
0.193092492586259	0.220047196727669
0.800995264875356	1.4220950309834
0.429985947508131	0.63822141228411
0.203396009456323	0.244068272616044
0.314177757677038	0.362323897395857
0.906362595624483	1.62648008546823
0.290948455999355	0.236057115574515
0.568139438996126	0.651262871081941
0.91747476891708	1.13729160426722
-0.406787298051648	0.375835450516424
-0.381825206126098	0.213359406797206
0.17251451951708	0.0591412358731675
-0.611962616144159	0.147977912487881
-0.319086727547559	0.0915432284448938
0.341589190944044	0.207700206762584
-0.0381775922264336	0.0236058634116079
0.651758071404234	0.856240508266239
-0.109229525900909	0.0946621487277226
-0.0327384114366413	0.0141373307487957
-0.190877057046861	0.0615565600580822
-0.373143281494199	0.254168537765883
-0.196606144995592	0.0633346995977349
-1.65321429675237	0.929047876136219
-0.608428787479893	0.147248610626808
0.962553055030982	0.254827961566665
-0.104201862368248	0.0814706770045637
-0.179474424584351	0.153726396531061
0.364942436578928	0.205170141950226
0.362604150805307	0.355526993486435
-0.0175407099168413	0.0133276047484531
0.0505684732463372	0.0367496015380751
0.1883600923007	0.12933227591957
0.0925631199712707	0.0605509975752078
-0.483740276866837	0.435879622285501
-1.01996723064148	0.805673270935314
0.164778629348208	0.0313374327003096
-1.7934287506278	0.390727439150181
0.165088029467664	0.0313824661178469
-2.57067328278635	0.665094197548339
-0.325582325201124	0.0933470317045756
0.696347531127603	0.222535473365176
0.0989289747621902	0.494019385944727
-0.0342312576118846	0.11875858522596
-0.0694507857880568	0.204566813973672
0.0328451431102871	0.0477754686061237
-0.389863651320397	0.607802673328535
-0.0320019330746984	0.0479103078721246
-0.35897019871137	0.973535227647706
-0.0900327711364996	0.127618951218287
0.106942996620392	0.096941723142485
0.0165639607399447	0.0203097550446271
-0.106956747204351	0.110538413882408
0.229200409989191	0.43358862425109
0.00574806154724017	0.00748041488931034
-0.0342111520766622	0.0479290291059427
-0.453031149701666	1.0033583533641
0.158594509640995	0.208351690530695
-0.0394370325454817	0.0458498224051721
0.0636243806032173	0.0729858942266675
-0.109751866826338	0.1272422508287
-0.523514093483711	0.927941755285101
-0.119332147000598	0.145299486284809
-0.166260396522536	0.168417275984867
0.0789976551606204	0.0738213833588457
-0.0388886437823789	0.0285037370335298
-0.573654058171981	0.662102531013743
0.0536797156107615	0.0423636921342299
0.71062089866545	1.06826238608545
0.204862793947824	0.19130245460578
0.411020409204285	0.43467123158115
1.10912394304366	2.06506016302405
-0.327607153413205	0.434808313712029
-0.253583917857308	0.314696109640819
0.44456344084385	0.524500661373488
-0.0201040289234771	0.0201705772896873
0.102785640406415	0.104114314885829
-0.1720373178609	0.201524368685926
-0.164559287792545	0.185059393337502
-0.145294544402666	0.168719898984764
-0.0384679121153891	0.0391326421251031
-0.244544119150236	0.281386802764802
0.0643910600950986	0.065733214122275
0.00938914891986356	0.00838653399192847
0.69516167756661	0.795056118120635
0.568049811698798	0.732697214510294
-0.0675558418573659	0.0491238399116667
0.0826402775794204	0.0721877463238127
-1.47541864492646	0.745048164284577
0.182336403143595	0.0547549505032696
-0.575332215591588	0.272622944792389
-0.120844504686832	0.0430331190822174
-0.315355248288075	0.187243004160326
0.308040181982576	0.269545543188913
-0.672043902337814	0.81050002103314
-0.352701160116067	0.378347296987311
-1.50142880975048	0.534054734577795
-0.0339195920420136	0.0146434482391446
-0.190877057046861	0.0615565600580822
-0.629150392289846	0.367734230009071
-0.703651055748467	0.240588737528622
-0.75596580791246	0.405722465147189
1.96372117107544	0.45473924627511
-1.01437319238718	0.402164777298478
0.831424763150595	1.06145897726017
0.0713974142918821	0.0595011950362156
-0.320354367082837	0.224634181271381
-0.695092702757051	0.700890244375543
-0.134189523142652	0.0750850473240999
-0.857519838990598	0.848553266371374
-0.74122831740074	0.320242482806758
-1.19950734942199	0.892862526611951
0.94278017382178	1.05967145976586
-0.76728018140358	0.580133965725465
-1.7934287506278	0.390727439150181
-0.618535635333325	0.149538863092151
1.96372117107544	0.45473924627511
0.165088029467664	0.0313824661178469
-0.32685310795758	0.0937088146974829
0.0751606771182426	0.356952548709894
-0.00765142720513475	0.0240141581550164
0.408559562456338	1.30401686868412
-0.446726698070932	0.960404655539702
0.214681924186979	0.508117981151664
0.0233746509852432	0.0418366036121033
-0.0171880720679483	0.0239562532655279
-0.132499380050071	0.13961246016289
0.186982762430788	0.288857223540186
-0.623271466830992	1.10722163897586
-0.351102631182322	0.802584944279433
0.285401620583867	0.559641441388958
0.544021666225343	1.52701194803308
0.0373762942997583	0.0592977832216935
0.231943377882594	0.376311488884705
0.303196896632911	0.541879161692098
0.109982057319913	0.155172163024244
0.0171634147906185	0.0189234756129596
0.180792318944172	0.232585349265983
-0.239900973057893	0.364365882016553
-0.464596107198802	0.757209186791898
-0.12966601695609	0.150013060194732
-0.132480630108298	0.134438356343114
0.441311336043561	0.437731856687842
-0.551264481234836	0.91262183149217
-0.166989303167885	0.179041841070023
0.0533199194660421	0.0410311536425836
0.88207397889653	1.59536175727853
-0.215853808490825	0.240229615582431
0.736264623208105	1.32585125635013
0.400212613595839	0.631451974958279
0.500472874161456	0.775421574335737
0.342613962092955	0.401111989144563
-0.131643106383804	0.152634705837033
0.774440648955526	1.483016410268
-0.0277474019703765	0.031365706606677
0.493857917740731	0.852816514379433
0.621140114320053	1.0216602476145
-0.0525983395894222	0.0587814146148108
-0.240121487785627	0.308803288217595
0.0765252317679847	0.0779288028528363
0.0604333235823023	0.0489637124536787
1.7598524331883	3.73462881464181
-0.115991977888198	0.0913515649346639
0.843911841519405	1.17655017378971
1.67982291962578	1.58704094093883
-0.745838143765145	0.322552749669043
-1.25320035086261	0.562648115053013
0.837461884403752	0.355683843208656
0.351823108173726	0.215059474031883
-1.33533759671174	1.69420512455359
0.107883611081383	0.106453719086721
-0.104590649225498	0.0919416320119
-0.706728811590437	0.241764690191015
-1.24688169093376	0.558888115507585
-0.197316433582098	0.063550392412948
0.522655465608328	0.332877508189611
-0.422270221956601	0.321526237770371
-0.764636918033538	0.496292500712296
-1.80294806323006	0.732963939188901
0.552366600094505	0.200647521424049
-0.631158385205561	0.603361323049216
0.201308247484135	0.165705760036786
0.204434676599003	0.153238253566253
0.277724476506066	0.277690947907043
-0.0553831805063092	0.033270404565075
-0.490114613966555	0.443169363775396
0.362267599779951	0.203425800106244
0.0967763561260516	0.0633804065556113
-0.321560015777887	0.225636804096371
-0.773913251586279	0.877329573550236
0.534526055347659	0.342353090062418
-1.11951983581622	0.337809535545767
-0.614206104379299	0.148455859250315
0.16619130625606	0.0315431724784316
-0.000976535703386231	0.00336585674692704
-0.123763099804054	0.353116519755431
-0.105339986813331	0.154073041241223
-0.0303172047021998	0.0539231830682183
0.0469659814986887	0.0870506040116191
-0.298936745791225	0.641547576677835
-0.482132542919725	0.649456756796919
0.0765341896355863	0.11234124440951
-0.169146523630312	0.205058133853667
0.318911800972829	0.778729590904969
-0.323449885325235	0.694333871271
0.335421269316611	0.77271448878513
0.0440471781331292	0.0653736744983738
0.453498229050059	0.797897064822935
0.0710448059261375	0.092689735453512
-0.167716544211861	0.238384293002009
-0.122100791669045	0.15851152687789
-0.179271780965757	0.2169399072979
0.469972479781941	0.789506278551869
-0.17473682938767	0.20795692629774
-0.136180614190869	0.165242210592096
0.859196379182023	1.2619011012774
-0.243515755108544	0.216630641147198
-0.909167094147946	1.4432035427723
-0.518031914883415	0.743398766234517
0.28786070176518	0.25627508193272
0.726931193731206	1.02522919583138
0.255384892050464	0.262202112753181
0.16067009140919	0.178460321998716
0.0631102810659295	0.0617589081982577
0.392214176854638	0.483175832928982
0.562822558686888	0.765387319232703
-0.0461954494889887	0.0483955106044014
-0.160309892048594	0.170860599111748
0.0360010004188491	0.0392823887083738
-0.0685298320022906	0.0676642700387945
-0.00844715568082522	0.00727786651557693
-0.304497773155887	0.435968267349497
0.458173003565454	0.679961439933569
0.0799419546134018	0.0759307251772105
-0.25793082406487	0.246266097403046
0.26870217880965	0.278786040709014
0.0432643598700962	0.0372825364676728
0.688001119338628	0.961374139158897
-0.19866808684961	0.0640066499155127
-2.05313484261539	0.935622527916679
-0.136526170202066	0.0484986686577139
-0.502166281046843	0.189377225365948
-0.566661770141936	0.409552297268489
0.585520815875288	0.583499602505563
0.712698528338751	0.82313063117393
-0.450162527435262	0.499565517983102
-1.14578182897282	0.63615822164815
-1.1182849071041	0.337405124817419
-3.99280599777723	1.72674829161483
-1.12396372987595	0.33934973605565
-0.487919950472708	0.183540394719132
-0.371336427701869	0.153389557765106
-0.375913484716817	0.155538822167635
-0.745631042634214	0.322319305626002
-1.79346061997896	0.390723019452767
-1.1182849071041	0.337405124817419
0.0389722168291335	0.0214312950808785
0.413231892171124	0.42635785178166
0.0891029727377849	0.0606047055794891
0.476330246687893	0.548169861766273
0.0581865353476361	0.0460175640485488
0.331313247636093	0.350255320098108
-0.175806534419446	0.132875039433836
0.161163484333363	0.0624184275728961
0.121632905056812	0.0900286069228998
0.583429986988202	0.466044718453571
0.315739534663531	0.217616510955827
-0.0657994885267805	0.0395647357764092
-0.574347008149364	0.272030292098789
-0.256204068466451	0.158826092543845
-0.0159214598244801	0.0101069972320401
-2.57098043849301	0.664920470822356
-0.714665675658161	0.244711731134708
3.6449477089076	1.4449787602644
0.963743115659934	0.255236344279286
0.057209571075324	0.137230645902555
0.427315810561929	0.775511082938203
0.247084387127364	0.413905445375531
-0.0927511170528339	0.122257359447688
0.436887103376139	0.642036597047813
-0.25959541046552	0.161146384627579
-0.465121669609556	0.540335632939946
0.203493946900615	0.14068440840536
0.167390636919768	0.184395382362024
-0.159564331740201	0.167455828728124
0.149894400730908	0.155454490905075
0.317197667518082	0.396623014345867
0.0693893127333896	0.0565211372274288
0.546959698159196	0.636192526898299
-0.450224584808742	0.412867471620937
-0.209865830674038	0.174914975893403
-0.327266723731126	0.258470885469523
0.285365012363773	0.253609153215037
0.319572953497216	0.243563280690011
0.373678947298181	0.337478590984468
-0.559295041565909	0.40294851359729
-1.06346668531971	0.714713674099702
0.0443112927715787	0.0243478771013385
0.332653255942704	0.217066637876199
-0.472644812948211	0.245348970241476
-0.764948506934631	0.412169562241879
0.366038541670709	0.205605457015051
-0.777668627360612	0.724095973953572
-0.372142506724593	0.207413648916862
-1.07935489687401	1.02670114371872
-0.437727044898419	0.287302936175381
-0.142814165550529	0.0964545752390531
2.54662369158054	3.41126260676485
0.439368050040621	0.334151505242579
0.186680844868748	0.108408728118561
-0.00870533275102309	0.00398338217135951
-1.27389494684075	1.54711491018763
0.196192512756226	0.156384494880227
-0.078577526106497	0.0455850580000723
-0.201545344382006	0.0648721172047725
1.12208676619266	0.856423704638611
-0.0380075363505124	0.0163125647050948
0.389994836866829	0.198454591033013
0.963214248695465	0.255090594573707
-0.702142591343233	0.240009967793785
-0.321011266565823	0.0920911495247304
-1.7934287506278	0.390727439150181
-1.12519556185123	0.339754109482426
0.167951450829655	0.0506774666906113
0.322923623592123	0.223388632255115
-1.01718669157668	0.801890361707035
0.169566032486793	0.032038095111837
-0.617875104469477	0.149400727468359
-1.49680843456756	0.531963842405938
-2.57067328278635	0.665094197548339
-1.7934287506278	0.390727439150181
-3.07402416243152	0.948685276185543
-0.619069360213747	0.149654914653121
-0.91529473466002	0.551849628946334
-0.249447298430129	0.1540831340831
0.468602008697511	0.190152966892753
-0.627634287495869	0.36677434149065
-0.3853974249737	0.21571176708703
-0.621091658275008	0.36229758882732
-0.380064720697736	0.157337491316482
0.174963470320836	0.0850580575972514
-0.999821957506565	0.395227039947302
0.169566032486793	0.032038095111837
-0.612487701707529	0.148134994320372
0.553818419026129	0.201156081038653
-0.198392257320092	0.0638832149326698
-0.32485451718176	0.0931499749349684
-1.7934287506278	0.390727439150181
-0.275558305132356	0.124817896805299
-0.698670682702589	0.238794577468402
-1.7934287506278	0.390727439150181
-1.7934287506278	0.390727439150181
-1.7934287506278	0.390727439150181
0.156663740884907	0.326821503260112
0.249263206724613	0.59827568101031
0.239111672918278	0.375303306720608
0.367668612980054	0.516022102513434
0.215240492873914	0.156170790725146
-0.190407212221033	0.156661353169173
-0.0511163321944051	0.0369146673920049
-0.530555926308545	0.689402498587993
-0.111280693024397	0.106385657514319
-0.278381158914921	0.285288341414105
-0.594482657506575	0.644874167330478
-0.598758581682433	0.65123600446094
0.194819227437927	0.134120115004897
-0.146755026599312	0.125673899050882
-0.925559423792085	0.965135342578813
0.847954837040647	0.995647512439957
0.0605845314759215	0.0355637264927095
1.70285528884126	1.98244490457748
0.525392741577452	0.453947009230038
-0.21649733509234	0.106882715699951
-1.96818388822954	1.36119336469981
-0.556621549857363	0.400537968205704
0.189290001900577	0.123975507989301
-0.330698472981565	0.0947716626031445
0.976147138494849	0.66450007289395
0.186028427197345	0.1151560948433
0.533782109701918	0.463345575429824
0.0152734070891289	0.00784851037686309
0.179667994956428	0.0874904709866229
1.29530913404538	0.720178516068358
-1.00403055985993	0.397306910648104
0.365479159800291	0.205267473043303
0.615609658129613	0.465713836087762
-0.365604191005132	0.283171257779996
-0.959030841766831	0.933307429298557
0.859879733003461	0.783615891016882
-1.02900782911102	1.1482728918494
-0.771715950270784	0.584941333427856
0.173206475703241	0.0754981483200105
-2.27292687697178	1.14865196782849
-2.26596553297499	1.14347844563336
0.469643053480253	0.190710227610968
-1.7934287506278	0.390727439150181
0.165088029467664	0.0313824661178469
0.181222403711057	0.0544586569816679
1.96684138854469	0.455504908505281
0.184291063239428	0.0465991085839434
1.05989643717056	0.405275695027378
-0.767168551151804	0.413861683397957
0.421472067802173	0.192003171629797
0.165880035481028	0.0314978449610492
0.165880035481028	0.0314978449610492
-2.57067328278635	0.665094197548339
0.182515705814395	0.0461929473161663
-1.7934287506278	0.390727439150181
-0.613682540053849	0.148388769407339
-0.967777400173969	0.47731234885169
-1.14625878245289	0.636222020457509
3.27510914666181	1.12076297640292
0.387180977982477	0.196813840770161
-0.0654463523929521	0.0258439461052445
-0.370908459446938	0.153216945134065
0.17231657402208	0.0666548669668037
-1.80368192120879	0.733397419313707
-0.707845094848957	0.242262716671496
-0.612487701707529	0.148134994320372
0.0226676976049739	0.0740816034535407
-0.239794433858702	1.01529519888716
-0.00549718964886683	0.00909930169408439
-0.410459017130349	0.514420789105755
0.0565085828394036	0.0712636310155969
-0.186397419688066	0.215638584385509
-0.182276189806258	0.304620888302412
-0.51836075072502	1.17435773212558
-0.112100489318192	0.164230015068312
-0.336210075476263	0.633386362886573
0.221025570462688	0.290383998494873
-0.0294993695112804	0.0291953035975953
-0.0317181812953402	0.0365701902293648
0.51150031166581	0.858777141536818
0.166190859085024	0.188152789418073
0.0888980562084804	0.0926371074170944
-0.922848154095948	1.42007425917782
-0.651216127867997	0.894336979107156
-0.771002934734333	0.771247094028875
-0.982170980647115	1.15166163479037
0.292497218645407	0.245789925646575
0.201002386350808	0.195004492798089
0.454020477479123	0.348015277346898
-0.231094947518255	0.168659946750248
-0.274170901686957	0.258991138780753
-0.104506820385283	0.0918905311173726
0.0784738780375854	0.0627803021862517
-0.138021185409458	0.126286404151875
0.834194593300338	1.06655761180687
1.28601773840329	2.65510264773255
-0.063269991775846	0.0512070781639424
-0.0836726122022551	0.0805191080127883
0.480909668788469	0.602676426235615
0.219706724724	0.220432978607196
0.25201660477935	0.252738577081559
0.593252988077064	0.886488820525497
-0.596004436278834	0.647053466345349
0.0669643381351986	0.0415374319145932
-0.212144956177701	0.158647943442935
1.45393279426838	2.19892418238219
0.749608901113901	0.62740472093049
1.98950965864889	1.25612884576529
1.35029297080259	0.597376447511037
-0.19910365870945	0.0640861380590307
-1.01437319238718	0.402164777298478
0.377591644151248	0.191591633244063
0.0880392853602338	0.0575040019327754
-0.323394440887112	0.254786686392157
0.0359720319172176	0.0260261920656938
-1.30685180617322	0.811711323385704
-0.957190516318411	0.469930782197292
-2.57522664974505	0.666917731403372
-1.49756982395339	0.532388959419506
-0.197681301235905	0.0636672013988199
1.05789726792212	1.00835752803075
1.04422430514686	0.990271802733869
0.723667535364164	0.477277509556166
-0.276944564319787	0.199025608359461
-0.994124251324085	1.09035158979076
-0.0444931594172057	0.0275066078385763
-0.15354951314097	0.104223615727622
0.058486558955454	0.0343431399265449
-0.656128018950687	0.454277090107692
-1.1245135089551	0.339452387639693
-2.57036588579023	0.664816582891659
-0.950528918605305	0.46611675750405
-0.50249972126896	0.189515213491081
0.159844573018531	0.874862316861275
-0.0134108814116761	0.0355488121732438
0.176162864339266	0.240868388610157
0.0572494460462989	0.088967522080804
-0.557007910989367	1.24302204767871
0.240129021759398	0.587070589544189
0.180800133253912	0.368393783810981
-0.176413448734098	0.337859263806548
-0.000462662336007899	0.000745520764682588
-0.47390710496754	0.93457521766661
0.288261062577747	0.44911172543794
0.408148694896577	0.726680568601759
0.299031722630641	0.457603130352529
-0.0380695387798664	0.0411584558017421
0.46251789235489	0.841691584189517
-0.154410803835931	0.174252104575017
-0.292980732223449	0.420040495738306
-0.607019548636254	0.694441355854262
-0.0935059477176618	0.0756956386170707
-0.754096625234925	1.1281058048085
-0.377130624734547	0.447517057554313
-0.1366856486237	0.116191380632883
-0.540005462033301	0.651290188606749
0.534705120152604	0.689749805613866
0.239819004033538	0.324998870060092
0.711233908926229	1.08103704902193
0.102016944311141	0.0904062609834545
0.599012348473431	0.817463252957602
-0.477232810881851	0.699655424583842
0.834234664800027	1.60328146529034
0.63225932620921	0.912560302744326
-0.263026451021513	0.352690850869687
-0.313119052393678	0.394746065524854
-0.122121760440536	0.12910800997682
0.38521730243833	0.507093709870954
0.242949963079321	0.270532672804165
-0.263053171614793	0.252142993442683
-0.182435518287675	0.166203736642917
0.133511648191568	0.108350936052926
0.50075863283895	0.464684550751737
1.84258516456861	0.727293955790375
1.10924790902835	0.685100803583977
0.848032693315309	0.360709825155979
-2.57067328278635	0.665094197548339
-0.165606277246312	0.0875072017310385
-0.185779111728748	0.156230100285248
0.110441428310242	0.0860773408578027
-0.885851065510487	1.32142930782791
-0.326043908260378	0.0934449166225896
-1.7934287506278	0.390727439150181
-2.57067328278635	0.665094197548339
-1.70593210636181	1.41866232202468
-0.751374348612235	0.325398831570705
-0.12261043679513	0.0436371800151759
-0.127250741539935	0.0853360534692353
0.415369631317283	0.358062199011951
-0.53970852121802	0.481011441251814
-0.83666812082007	0.940363838642717
-0.469153982887412	0.393720515073256
-0.311920783904066	0.184816107147432
-0.608428787479893	0.147248610626808
-2.57067328278635	0.665094197548339
-3.7511927754544	1.4825089606666
0.172543826884755	0.051947286242732
-0.216849536563283	0.106854239972344
-1.47703470869112	0.745782655478961
-0.615462708497855	0.54485291881859
-0.584638531677294	0.277796071314227
-1.79346061997896	0.390723019452767
-1.12464685880463	0.339484249108323
-1.79346061997896	0.390723019452767
-0.0211847379990451	0.0681212836674408
-0.351141285544705	0.80842429977977
-0.122291297332625	0.221824105176961
-0.0787119013702819	0.09290996338661
0.227401110869671	0.465698476694057
-0.38399306094179	0.920997591142004
-0.190288049508276	0.35704102700753
-0.0232548132099475	0.0317918635874759
0.208949486500074	0.252077472312448
-0.408943116083854	0.57252083899542
-0.826518402755536	1.76012830412654
-0.568353095493327	1.09541721290659
-0.214086042869723	0.237897152199387
0.326084635099227	0.473032557318494
-0.551778036764569	0.83424193226486
-0.137338646778494	0.152439738504574
0.577901124289054	0.647022345784368
-0.491684290968279	0.44507875942526
-0.193523859536126	0.177719915373401
0.0069744465263198	0.00539977764284057
0.633453417302576	0.483357917021443
-0.934620918131668	0.979274896017677
0.0515904370818776	0.045523014232798
-0.149536270423026	0.151724746109492
1.11208492911347	1.99480981699351
-0.122079713918046	0.09427261304942
0.0543900807905622	0.0418958524537867
-0.0269623521672149	0.0200386035316727
0.112457753918395	0.114921424192385
0.361216161610155	0.421266867013869
0.437462741706767	0.524908917976386
-0.0511921601891515	0.0418557809182682
0.157639858018535	0.162024978312945
1.29384180545911	2.78480810828113
0.408787674821355	0.442526392952637
-0.321040613510334	0.252668471429338
0.530767186484072	0.459819449264536
0.473023072929045	0.448439463397635
0.75231975009161	0.63048433955492
-0.122215445713398	0.0435046320299458
-0.32759034209047	0.0938892839663892
1.06301156133644	0.406541088935866
-0.613012730411062	0.148202450577793
1.48933711760517	0.939110528798982
-0.426236815349811	0.32520536742761
-1.14943623845581	1.4049242111614
-0.104629926324685	0.0716985120452445
-1.80368192120879	0.733397419313707
-0.704722398968598	0.241062538843187
-3.44754089021611	1.22379406077669
0.455062593116396	0.348825208022259
-0.896479646514853	1.05513997000382
0.181533322365637	0.105358402878265
-0.163320927138141	0.107256171212491
-0.582054474270806	0.467333339817008
-0.567018884510593	0.410098670808481
0.165088029467664	0.0313824661178469
-1.79346061997896	0.390723019452767
-0.33115064247346	0.0948450204466267
-1.12019427196772	0.338020301365193
-1.50729003919016	0.536490208929206
-0.321741768636823	0.0922885496388945
1.06264198810457	0.406540438452512
0.603588111916154	0.583393198404386
-1.44690873097503	0.993824520513092
0.224697151507745	0.528350625141458
0.0116207404262374	0.0168011777733357
0.610749769670467	0.969777689401656
-0.301431837095075	0.451785034525882
-0.330958045434184	0.433829186247934
-0.256551907312436	0.310125640949364
0.403280068433545	0.501099653039597
-0.179838998195434	0.150664970488924
0.00605518176466843	0.00381253423166332
0.188829929207433	0.123635517836615
0.504854133329405	0.53081645877001
0.196796678123934	0.152044556694662
-0.367582587955799	0.341632715073523
-0.440059149827546	0.289127692374485
-0.224930687473388	0.184259598606295
-1.91175686224764	1.85063542310673
-1.41460533381773	1.48746426522206
-0.158475489654446	0.0836366209427824
-0.216887267614585	0.107029937446909
0.175417309691609	0.0765858681643769
3.07382987747645	2.30415717433869
-0.588780887156508	0.474540794084604
-0.230193762747654	0.114040990428012
-0.666467628615756	0.521962814799458
-0.0267552166239791	0.0116848592731688
-0.158475489654446	0.0836366209427824
-0.12792054582951	0.0715088386776335
0.341725485776404	0.208294540157903
-0.32347341220763	0.254884998302017
0.902130617500977	0.920198808212502
-0.0426962809092972	0.0263840923999977
0.88805592087717	0.660600466022907
0.667964242231792	0.608214407534529
0.184404128767585	0.107175612988902
-0.775089714920977	0.507058554291848
0.63318029710856	0.334156962897562
0.418069084733492	0.190483937885522
-0.376342031194897	0.155706196017938
0.16619130625606	0.0315431724784316
0.963743115659934	0.255236344279286
0.16619130625606	0.0315431724784316
-1.79785205353169	0.391773074809323
-0.713190295142571	0.244167622817866
0.179186941663505	0.0613870679805912
-0.568921558682042	0.268946461280442
-0.758852729365458	0.407797800865707
0.160144755571284	0.0306956063740573
-1.79346061997896	0.390723019452767
-1.7934287506278	0.390727439150181
-3.44686848748983	1.22339694388155
-1.79346061997896	0.390723019452767
-0.703264262088321	0.240508331840629
0.629275007554483	0.331472333529495
0.963743115659934	0.255236344279286
-0.492920041972495	0.185567465410241
-0.636817461118503	0.373088805130421
-0.613682540053849	0.148388769407339
-0.286590553423691	0.130165889488539
-1.12328075924743	0.339047939506251
-1.7934287506278	0.390727439150181
-1.79346061997896	0.390723019452767
0.0952353840268788	0.387212998470467
-0.046940141013922	0.0962589248916927
0.00815878178130436	0.015703011547544
-0.0641903034111333	0.123208654376318
-0.0101106122981176	0.0165874631244368
0.228073428362463	0.479804104795701
-0.414099310075541	0.792700369499391
-0.379735921916137	0.687775014468762
0.472899417541739	0.836030013017517
-0.425305228765355	0.734932471969277
0.126223455772399	0.169063686824156
-0.156900991610542	0.201301741417479
0.0520332011115624	0.0497880647316476
0.00194910379963429	0.00194037433353592
-0.397648384589297	0.445723583033589
0.198127238115475	0.15809113908503
-0.162502441796139	0.137627153548273
-0.649506884736543	1.00178805426877
0.30830891596158	0.243319958991843
0.30197355344526	0.325697365696896
-0.90654665484433	1.38176953681138
0.251094136754821	0.295560051426022
0.444920864055289	0.525165886833347
0.416412829223333	0.430559533814303
0.0639412593692714	0.0530508837500033
-0.27315862317298	0.257801838262799
-0.106069742193801	0.0933808454447714
-0.142755531812798	0.143991917913414
-0.203088488177441	0.187760630578504
-0.0710538700800092	0.0639256224656642
-0.0347836936516554	0.0290470963277364
-0.28896434102331	0.313838809331896
-0.0824495095445975	0.0663013106656941
0.295178789403455	0.231294821018689
0.0543566524135558	0.041854939770684
0.630400722180102	0.480321146195574
-0.0885751348133279	0.0619809743462359
-1.11760971687047	0.337077079720442
0.71503477840043	0.337624289933587
-0.629150362077175	0.368168445413467
-0.58330366443147	0.276637536267328
-0.581140665396979	0.2759885702755
0.620962421878822	0.47147160262488
-0.206333260319135	0.132115335100703
-0.0717057452977394	0.051069101303282
0.550229507129372	0.199823293779666
0.178252692101149	0.0689778456927492
0.922061902815981	0.501312107166686
-2.57067328278635	0.665094197548339
-0.612487701707529	0.148134994320372
-0.194822363184045	0.0627608493171706
-0.32685310795758	0.0937088146974829
-1.80056208730784	1.61337987307915
0.844441707134117	0.359109180860946
-0.321741768636823	0.0922885496388945
-1.13022694918455	0.341328905410415
0.963214248695465	0.255090594573707
0.173688120627949	0.075722075568917
1.03424235265257	1.24119706956401
0.167576891785975	0.0730695048139849
-0.41874416761264	0.356077117249999
-0.626887219258984	0.597988937733017
-0.628269365800753	0.599687243538528
-0.318573119407927	0.189202311510047
-0.19725532846577	0.0635535213875451
-0.326043908260378	0.0934449166225896
-1.7934287506278	0.390727439150181
0.189325373085195	0.0567092627793379
0.470423896349218	0.191054562716746
0.182947574330898	0.0798896978570302
-1.30698191132621	0.810393660108121
-1.79346061997896	0.390723019452767
-1.79346061997896	0.390723019452767
0.187435346122179	0.047292837125537
0.161251150232847	0.0308565698216007
-0.119035088016964	0.408041333214748
-0.0166530891524203	0.0440918377858916
-0.166218315368493	0.386874067402495
-0.193069722170575	0.398988582401856
-0.0147513668930441	0.0202646961796126
-0.132871536832245	0.158936781351762
-0.228325942239948	0.325064292135239
-0.267063964755812	0.407061162914579
-0.445522638068864	0.673266504942285
-0.265419314312779	0.368272649931259
-0.111240358622158	0.12778235737172
-1.00217754198125	1.78625627267655
-0.415631536709686	0.537575486006052
-0.505993863653715	0.590008379660305
-0.843340961043443	1.00673822120539
-0.504191826940206	0.549514785565951
-0.28750368180622	0.311911945511532
-1.32530532471766	1.30812542570563
-0.00743896339967876	0.00486109037425303
0.0663026718865923	0.0539099290790732
-0.319506926228706	0.274705599523488
-0.663369047468564	0.760246851892495
-0.447703241874851	0.409989343229417
0.1035417328706	0.0708237171341981
0.405152947314205	0.437428420833621
0.153615932006771	0.141448837277557
-1.00005852118595	1.48981592014583
-0.0939689859856237	0.0745858386939185
-0.197878138265803	0.178378327566622
-0.223236589136661	0.231764183097995
-0.271079640595575	0.239438947343275
-0.834387698728618	0.991449277542099
0.730512027213285	0.483118641840305
-0.133569350529888	0.0747417259707745
0.180331027766325	0.11147441721474
-0.857063586686684	0.847374046429851
-1.66142850230403	0.93562749555268
0.177516165041885	0.0533832927158356
1.34851208512378	0.596384123896258
-0.613682540053849	0.148388769407339
0.553886985294821	0.201106948910148
0.628324936353016	0.478602226475732
0.0271631473643906	0.0151120327140941
-0.475495610810081	0.352060986350713
0.165880035481028	0.0314978449610492
-0.497911182849863	0.187527814828396
0.68278086909504	0.218093717626154
-1.79346061997896	0.390723019452767
-0.611962616144159	0.147977912487881
0.177362298643623	0.0450515694227369
-3.07875719123617	0.951227905765892
-3.45375537289784	1.2267719146559
-0.701794429638729	0.239974906557054
-0.330698472981565	0.0947716626031445
-1.07478670030954	0.725339312068109
-1.79346061997896	0.390723019452767
0.160144755571284	0.0306956063740573
1.96372117107544	0.45473924627511
0.169248055862235	0.0319917175833404
1.424959890125	1.11098071387706
-0.321769449493909	0.225707365651732
-0.226476340585944	0.11207633308863
-0.00738770679730854	0.00339503956351295
-0.094787073454458	0.0551723608174688
-0.926306712319901	0.559743668079021
-0.19265924146981	0.0621226000055922
-0.073724423019638	0.0289995321134745
-1.7934287506278	0.390727439150181
-1.11957460536364	0.337866341493547
0.165088029467664	0.0313824661178469
-0.611962616144159	0.147977912487881
-0.617339897765464	0.149284387408846
-0.613682540053849	0.148388769407339
0.181161766815608	0.0620330398600783
-1.07338316723104	0.724208596664268
0.689369698791533	0.22025689756634
-2.57067328278635	0.665094197548339
1.96276901321247	0.454520391574277
0.165088029467664	0.0313824661178469
1.96372117107544	0.45473924627511
1.96372117107544	0.45473924627511
0.0269627370514876	0.103526624058457
0.125672671585233	0.565334787072932
0.0487012193672659	0.137082283083687
-0.0874800575861528	0.23789161186727
-0.104728401020023	0.222159306663235
-0.229224298915768	0.595585245195948
-0.296927865370879	0.847380369855907
-0.340501406358047	0.865611935459952
-0.504783912720336	1.45973209630453
-0.0991934797458448	0.169100454639897
-0.454828025138206	0.989654040145578
-0.655693783352631	1.87830689234824
-0.196078273534112	0.290605068907367
-0.808135310783649	1.92002335017745
-1.40613840674323	4.92264533496549
0.0681074141057579	0.0817189872541876
0.0185270525808185	0.0169202813758232
0.377933047612277	0.510714950928566
0.224808564665457	0.335209185014746
-0.374611868255252	0.613191161809448
0.0726746538168685	0.0841172895975374
0.0755604854178477	0.0758258522088858
-0.193380402553624	0.239048707813936
0.141471261359165	0.190438289353675
0.486605487185191	0.950919191537369
-0.176713066871517	0.257358168712549
-0.4207235646575	0.723479753901684
-0.0769017126386173	0.0937640910568191
0.394749481861737	0.76108893630479
0.0895530705644421	0.114182343622705
0.109582852658343	0.128393806984171
-0.834080469223127	1.28971464533429
-0.0395910054743787	0.0366937593435757
0.12614168266259	0.113750827141426
-0.364886761305354	0.394836090579771
-0.117170826514294	0.065290591397915
-0.951085162655015	0.466480187150023
1.28997241418833	0.904345705546884
1.79893321400998	1.01356998027013
-0.166675606288892	0.0881709583399793
-0.0598013412605436	0.0499466281185988
-0.0582382821043454	0.0519036167755174
-1.33204395413718	2.53867542184265
0.671914500853127	0.480354006344019
-0.0317558329882926	0.0137401825492043
0.735444948635337	0.486440100199913
-1.00415219200353	0.397187604454455
0.179186941663505	0.0613870679805912
-0.252475339810021	0.204320962338181
0.5257278160111	0.33541569144637
-2.63145029451225	1.61204631222231
3.27631781619437	1.12171855032085
-0.702529153090903	0.24025873050893
-0.155137060090281	0.11912438067028
0.221819361135551	0.2048661957378
0.42966573778691	0.342711859028674
-0.293123706876728	0.280566911434658
0.134542362346008	0.109217530635449
0.389698271047874	0.343753527381059
-0.0407204831274953	0.0298727502586587
-0.0517993457562777	0.0311149972836632
-0.86574159632396	0.78754705239722
1.06227192186728	0.40611816355748
0.171690427224654	0.0664790795125569
-0.248749055593825	0.153631863091003
-0.764980168326811	0.909347949647157
0.069172004405109	0.0449253710397572
3.27393157336313	1.11982869858365
-2.57522664974505	0.666917731403372
-0.192291270763335	0.06199269927475
0.552010634561459	0.20046264360567
0.0598348977782031	0.259305765197163
0.0171047020373488	0.0552554539147578
-0.0294935350394473	0.0773051391744519
-0.176268012779912	0.476041209176399
-0.0202404125624693	0.037258300286928
0.108437735607462	0.232108084000858
-0.51230807603744	1.6475331528786
-0.177087580974814	0.331110878513182
-0.54349579778905	1.66787655663032
0.0553217070077265	0.0858151086973695
-0.467153857558505	1.24064069851628
-0.441217235301754	0.885089121966969
-0.301096966362784	0.429765866691447
-0.437122076342444	0.691477192638995
0.38241507290961	0.61738804641339
-0.166467557288188	0.175682714533623
-0.275973828822416	0.364673515594645
-0.182230671228506	0.233514343766266
0.191964532080396	0.25183004555801
0.0553565027215579	0.0655037914368718
0.602537174409302	1.19071259220342
-0.326724445202129	0.465230881334604
0.16610581909717	0.240261915031594
0.31626865648986	0.489699620212345
-0.520117681216477	0.956123391336852
-0.10938764519455	0.133501839581672
-0.04859582652203	0.0626151414685244
0.241176022489911	0.372160361516122
-0.182585370378955	0.276272998532769
0.181917245078852	0.208887473675213
0.43320264103819	0.598347937119069
0.543163487993857	0.704753510776823
0.750583431887091	1.14422452541377
-0.292935976355826	0.354544728822517
0.0170442433507286	0.00872180061904552
-0.11762021548737	0.0419397186313975
0.172940159701571	0.0754859435944859
-1.7934287506278	0.390727439150181
-0.102242392161536	0.0700003264555513
0.353412776242267	0.344187463244096
-0.115792554041213	0.0911739205299435
0.0516987327568699	0.0456333500540757
-1.02311633996738	0.808295496715945
0.182622982711403	0.112990069061112
-0.37620330548093	0.209940150740172
0.181837521716867	0.0460537144756759
-1.82162916828197	1.13952120873541
-0.280202214428678	0.127151933464255
0.723933132238692	0.342825309556924
-0.74041503534475	0.319813996734448
0.963743115659934	0.255236344279286
-0.612487701707529	0.148134994320372
0.123681211453165	0.102229999628117
0.0396820337327087	0.0334588048118547
-0.375091192853829	0.29198985740009
-0.196822905265175	0.162616527226377
0.584547886619569	0.725491954261163
0.203101223072398	0.162571910167687
0.00882246135567021	0.00635036314385463
-0.763244395114315	0.760058301445851
0.183526869823475	0.0983912794161795
-0.793219885776516	0.958014366282736
-0.844725983508278	1.06414359881262
0.034236690025122	0.0188887330059064
0.183063896529214	0.0463401006276899
-2.26242493878739	1.14013745163896
-1.00128060564233	0.395807493251949
-1.07377996114117	0.725465276705257
0.117895256732322	0.0897373389251472
0.469297100113672	0.341499769668503
-0.618535635333325	0.149538863092151
1.96372117107544	0.45473924627511
0.180869771083221	0.0619402640495967
0.0882402407858762	0.433969586774481
-0.00300989942554924	0.00924963974336513
-0.221896781378114	0.743324736217245
0.0484020770202494	0.107780064490643
-0.00663857494579781	0.012794940710621
0.0612191909043617	0.117055903472894
-0.178216861208233	0.394196511981219
-0.18954038619378	0.415838090208449
-0.324509669100081	0.765876094957842
-0.185254915306591	0.357396486441232
-0.225491640571783	0.385545893062879
-0.411717007122309	0.749825895826572
-0.577078675111862	1.10424646138251
0.768509485674197	1.73826104923447
0.274598061039552	0.327960971975474
0.558114746774388	0.898228737264614
-0.0533172068830267	0.0607812463871752
-0.384633577497625	0.643974300827305
0.499353289767859	0.891554017995387
0.579302583976645	1.0990829441297
0.816264054283502	1.90921465851361
0.145808208893	0.211966257727913
-0.0804281114896388	0.102791258597561
-0.0888923865848035	0.122564317541847
-0.467174550934049	0.900171381462093
-0.106911247837056	0.152179989110864
0.542983610455683	1.14407127602931
-0.233490977167234	0.350521415999583
0.360880112657812	0.566770484367561
-0.152407619042633	0.143514003524814
-0.115342233388193	0.109013419407652
0.295484484139212	0.347500387857455
0.405761641087066	0.495363222670792
-0.217888891256946	0.107598044576934
-2.2613746461666	1.1393430930319
-0.00373513170680334	0.00176314465866295
0.473621000107254	0.192428280308282
-0.625950057466608	0.365601779180712
-1.12541509999011	1.23438217573048
0.213524442101053	0.200667343416391
-0.187564395780765	0.195405396057935
1.93014865985144	1.67287693145949
0.179008086694114	0.0538125056714061
0.483241676426711	0.330073317121073
-0.191583942801118	0.0617784787374467
-0.0776841292482497	0.0304932053455497
-0.774747228430837	0.720317479904025
0.41803695702533	0.190178012059083
1.68104730136796	1.58906760331128
0.553459142396127	0.201030755019039
-0.00183711185881766	0.000925212519337163
0.0465240846016641	0.0366035901031189
0.510566814835445	0.639184668377295
-0.968630646013533	0.94701257963804
-0.0859318796531424	0.0600860905734207
-0.180099441413999	0.150908923225301
0.858490525356377	1.01371476401961
0.0225895508516383	0.0163710787489931
0.0371295906067244	0.0284188947619965
-0.489259752095192	0.442036824297567
-0.179205761555208	0.162855937196944
-0.366974719301371	0.314300101205827
0.0375677552892877	0.0206882578496753
-0.701794429638729	0.239974906557054
-1.50215938518201	0.53435945377886
-1.47008680839403	0.740846365603413
-0.581797112652481	0.27596306596272
0.59481533601405	0.477749337330328
-0.697448732895433	0.658141138305255
0.0147067701954854	0.00759975660358585
-2.57067328278635	0.665094197548339
-0.60895933746012	0.147406558741333
1.96276901321247	0.454520391574277
0.686721713829268	0.219371725498129
0.103678267364492	0.524666299671004
-0.0224965371340944	0.0655034023068016
-0.21856015368044	0.797204166540437
-0.198632458177769	0.654714664562513
0.0449180572750537	0.0947335932300603
-0.0713765701382412	0.151044720159354
0.154777027046482	0.343401428951506
-0.0887385899011111	0.155323177416137
-0.358829241608292	1.03608355120912
-0.231526182746285	0.408433944522973
-0.333336186320306	0.552870295643772
0.0419093588679644	0.0541025459145884
0.314007172960029	0.625022346568612
-0.477594354514701	0.682707659009328
0.0382442508167725	0.0435887085828342
0.000624834166912002	0.000669555978152713
0.207614122556646	0.352753452393323
0.116903061134383	0.154889317216705
0.162641541939331	0.236488684773532
-0.00444474034326648	0.00494762163917488
-0.0699733071677871	0.0930364116441805
0.235506583202301	0.35167559989026
0.069167795647186	0.0907685852510125
0.105963981112569	0.151101862927062
-0.297627484989078	0.480812995574259
-0.102641614240811	0.139573883752956
-0.00916572982719688	0.010840263113977
0.184010925409898	0.250149954298733
0.637763287981389	0.954074170726397
-0.424641462782998	0.501299789464405
0.745466380762477	1.26298760956472
-0.231276195101221	0.256782454895405
-0.236366112381781	0.173003943532718
-1.25292634738104	0.562158900236561
0.0172235094392076	0.00880956262859118
-0.371935097142025	0.1538414278662
0.534488479050492	0.341983709119161
0.275501204680888	0.269368903198624
-0.538996958440699	0.749036639375573
0.115176129404796	0.126306302615121
0.810567567961714	0.770049731356869
0.38930660854109	0.198280596568872
-0.772162537320673	0.503667423191532
0.184338509014023	0.0553315106563962
-0.38911967564725	0.218125368783275
0.178165807686802	0.0866741339475713
-0.0269619905476785	0.0167444194696572
-0.299858158467615	0.176863141361486
0.847728504925438	0.36079146501607
1.46585570298693	0.489030037475911
-0.371935097142025	0.1538414278662
0.29120287549974	0.25980214455881
0.767524169793428	1.15513616906173
0.199038470199016	0.154022192078353
0.0341748924100783	0.0292836103583652
0.380811326891106	0.450697555674352
0.990086974613079	1.90500442631858
0.272074575288387	0.271357003915402
-0.454751865298725	0.47406253391675
-0.149833317529771	0.125847360292591
0.159327187938642	0.0773387308910151
-1.01507902194208	0.402491912396081
-0.320281010212049	0.0918656344140368
-0.7085818841146	0.242531688950869
-2.25940498066347	1.13793022239324
0.187435346122179	0.047292837125537
1.35529673097699	0.600305768997688
-0.64614733804965	0.445248024066349
1.45459858789251	1.64912981911788
-0.681201042345736	0.861733773610878
-1.07410533310183	1.24642671202537
-1.79346061997896	0.390723019452767
0.172309731920116	0.0439046529437047
0.187435346122179	0.047292837125537
-0.613012730411062	0.148202450577793
0.964404580081594	0.255330782344719
-0.00592819921202918	0.0196623487109856
0.0244521816106935	0.075135677038551
-0.155901837977988	0.499501270432743
0.00683819426003819	0.0127040769882643
-0.114463716745064	0.243337789491912
-0.0687873177156999	0.120731805326142
-0.438461387922109	1.12137702663381
-0.0796294120361007	0.128098541852227
-0.766469530577288	1.78152599397207
-0.211173622615242	0.262122519944339
-0.384646388005657	0.576754940384568
-0.292282510800644	0.444441305818845
0.19889173979369	0.203808983301606
0.244853533496524	0.286678608002436
0.337597935983706	0.488439271619014
-0.142870844509958	0.189869059352549
0.629304150958894	1.34168657435565
-0.502165778728707	0.819370174889787
0.539807191060486	0.899744877280161
0.230861293311794	0.321179815676123
-0.222961646942069	0.289225895902481
0.422568917428573	0.685223096728385
0.0851749568561538	0.0954124663231691
-0.197483667427598	0.25573855776639
0.120750582422892	0.149548319693507
0.168265718694064	0.223295810262576
-0.188350119973803	0.207635652024113
0.169686591083548	0.170305311672917
0.199597414336881	0.197135958446544
1.18667272420145	2.26239149667622
0.456694592890531	0.457561080737726
0.176633008472562	0.0770659834994321
1.49771960011335	1.51050013074729
1.05915506670076	0.404786600540214
1.59462863307605	0.801559751291256
-0.471494863367038	0.244470520453701
0.668184114874719	0.712241807795634
0.929095214900824	1.33488025506725
0.315208973174533	0.357184006642916
-1.1389521833296	0.630671614311892
0.631725418884302	0.333077365004702
-0.123220651484122	0.0438507532384957
-0.708961798888886	0.242591076534355
-0.613012730411062	0.148202450577793
-0.126597297162789	0.0450360696799377
-0.279761018562638	0.126916582969476
-1.02526492498963	0.810936161263444
0.178252692101149	0.0689778456927492
0.174204355272961	0.0597247391277113
0.811955712042735	0.488802237280373
0.474056656732903	0.464746373217243
0.113318293337449	0.0884496026166714
0.198907255794578	0.137275203312369
0.637128904046255	0.691857899452646
0.501429581643402	0.557354600396029
-0.273148960824129	0.195983832465157
0.203261572027368	0.162734959176562
-0.525748537323309	0.328737259028318
0.187605683408839	0.116303987166182
-0.371200780677022	0.153246492880897
-0.196970790009868	0.0634432336968819
-0.993363201342959	0.392030827371924
-0.60895933746012	0.147406558741333
-0.60895933746012	0.147406558741333
-0.123383461810898	0.0439460364093289
-0.417822289674815	0.317465949083481
-0.00302996576236359	0.00143931955489396
-1.79785205353169	0.391773074809323
1.96276901321247	0.454520391574277
-3.08351879397427	0.953227279124287
-1.01366780129674	0.401737832772042
0.16619130625606	0.0315431724784316
2.76330811440907	0.780761067286217
1.84333369293536	0.727520140615955
0.0781740332174957	0.339360390378192
-0.0381676213477848	0.124644442913451
-0.10399692024803	0.300752494543722
-0.164050237787624	0.426172013083936
0.252130246904557	0.716302748035881
-0.165390974337201	0.342132300857604
0.172207959920166	0.374628717198046
-0.146927851296715	0.250428336984187
-0.750364233261232	1.85892061972958
-0.0715897890192375	0.084642388343048
-0.627119643071766	1.437000740278
0.16147085333274	0.169162419400195
0.564815677506373	1.00622800410784
0.00885708696677255	0.00983526608504395
0.491711446070124	1.0330369025004
-0.0406386457938819	0.0473069337984021
0.101141476420688	0.113812259107508
0.162590503987257	0.193390129688395
0.644595617224561	1.51944031732999
0.198446298209751	0.240250758740165
-0.140641959666473	0.199623625221625
-0.490608346726257	0.931397508876363
0.277628422183497	0.406085314907411
-0.184355887299849	0.248840535308664
-0.683901202061529	1.40860527568863
0.318154293839401	0.398430118595412
0.218252413105093	0.176196723511761
0.0670391396770458	0.0532649282807311
-0.673025637131323	0.846982581816011
0.086757071161417	0.076051746583348
-0.447261065796693	0.294979456885971
0.979631010161683	0.669593112977238
-0.25601778148158	0.158511197972822
0.958352222975233	0.253964848564806
-0.218443727989725	0.10787594402362
0.105499662177437	0.0797528516822606
-0.0300428848977502	0.0250360764392979
0.372978454973359	0.421284102343022
-0.58165299154008	0.27627537598198
-0.248155880825044	0.153300394498426
-0.197681301235905	0.0636672013988199
0.181222403711057	0.0544586569816679
0.717874117611946	0.339372346040594
-0.503483382578555	0.189906433790702
0.662467625732796	0.471806927797922
-0.937253969271112	0.569689199235338
-0.622905231145839	0.363486889415248
0.840157162185809	0.356960591621439
-0.564961243803876	0.54321868942978
0.45494331231298	0.441242716433754
0.195621738541942	0.140535488155674
0.588536998850755	0.471382017806604
0.0633917357472279	0.0502770173230369
-0.399144335553965	0.395492659774313
-0.494312282397339	0.447973532415337
-0.137771909251656	0.0928203265600772
0.194190360801148	0.154570951382701
-0.608825822917965	0.53736172093146
-1.7934287506278	0.390727439150181
-2.57098043849301	0.664920470822356
0.182384642090162	0.0461735738884295
0.183063896529214	0.0463401006276899
0.16619130625606	0.0315431724784316
0.184291063239428	0.0465991085839434
0.0750728791228144	0.334904638262702
-0.0048570651663464	0.0146761256484216
0.0515819671693321	0.140834869483811
-0.168848489386995	0.509811489390101
0.12884739297853	0.285425393578446
0.0102906299449027	0.019186856312027
-0.189505147311494	0.409302566902458
-0.673784947217156	2.11921740651216
-0.0672299013900039	0.0875495107170661
-0.0648142919741384	0.0922483025117759
0.540019536527162	1.07423748486564
-0.211678961204002	0.294503139019075
0.430299442984547	0.837910694002893
-0.0837987925175018	0.116140225650289
0.00440684810851095	0.00548627930477452
-0.196657137320004	0.287521070612231
0.347068843479351	0.471348848383472
0.0436647540597818	0.0582091141592516
0.094842581421951	0.127358072949847
-0.184285283858937	0.263189627264151
0.65314744447432	1.54090954950616
-0.270901960015938	0.414552453063317
0.128462780591156	0.175669274903587
-0.302835998956691	0.522662338692569
0.166436230202882	0.193539585254283
-0.350060375901629	0.414454148970978
-0.176783150085011	0.17780336146745
-0.387433083100694	0.454335371916186
0.0396162415921185	0.0340535174749374
-0.214120577292907	0.105594512656124
-0.930748941554831	0.564123592403865
-0.762313712123038	0.409864019164034
1.48303802630745	0.932496135647721
-0.532170170362276	0.440610150484315
0.270746809769119	0.257740685670374
-0.657317684010067	0.937259876481937
-0.322842418038201	0.410522979104178
-0.0317558329882926	0.0137401825492043
-1.15109563570381	0.640258162068592
0.567629575691238	0.449455014944825
0.995403855498706	0.683712347909878
0.558403201966631	0.324603720681541
0.687453672774919	0.21969379736456
-0.0395794583102627	0.0169860438739711
-0.0313397056795624	0.0233021244460228
0.991949994980613	1.56310716786558
0.047942620358705	0.0358519950305394
-0.664239104929922	0.830589537726196
0.19961025468875	0.18958240009867
-0.321231819531834	0.297747132144
0.581920250928173	0.653082068296305
0.0349898912171084	0.0253066226911694
-1.16256078157911	1.17389057097327
0.190747926232414	0.151506194271369
-0.324048875755236	0.255462400625508
-0.377658708533592	0.325513701904279
-0.178287650069325	0.117873842251712
-0.170401943654131	0.141736549448994
-1.7934287506278	0.390727439150181
-1.79346061997896	0.390723019452767
-0.613804976594409	0.148553206549543
-1.7934287506278	0.390727439150181
-0.326310377140785	0.0935168437296262
-0.0302358227121046	0.112426135892777
0.0454997387586254	0.157705853255439
-0.262827894728129	1.14464823562459
-0.0604469353588338	0.129639138326359
-0.0439373787480629	0.0981677269192967
-0.179049323425699	0.418695059167556
-0.598171962120927	2.01526194552447
0.458635069309397	1.23349239382322
0.412676297248836	0.949898082955993
0.509812583448224	0.912426261443886
0.0269822543965924	0.0352102566703794
0.40105432797136	0.717542879009591
0.370867908440569	0.714790358589736
0.103958883095457	0.12811340871712
0.419705577500097	0.655404493566686
0.452448462725938	0.779718336807167
0.336501030875732	0.639444403821691
0.0971331738963885	0.122311736503086
0.161528254484373	0.215136783665523
-0.0483274305774039	0.0543143078795665
0.203052564423024	0.284831830918811
-0.171373970181632	0.246899761926425
0.225283539448914	0.318772850331297
0.00618376425267326	0.00580426872591194
0.2721808755443	0.259350081650304
0.434067972385625	0.508442238677246
-0.545277604288106	0.65957778695135
0.412617616429031	0.448016086079701
0.492924418380109	0.337737601187194
0.687904703717867	0.219759625438134
-1.33324968393691	1.32031699899538
4.73214243367422	2.91043807932154
0.0292317146856675	0.0147494351111592
0.729025440324854	0.819485913217457
0.317793599912923	0.360742719457002
0.297324859126783	0.410920635540772
-0.322606092075811	0.254121307382009
-0.21508936308454	0.155497185805172
-0.217936908876595	0.107372490474306
-1.49753171438992	0.532305096548695
-0.00179509965525531	0.000898631742570402
-1.22574425492977	1.12885797114341
-0.424992865267222	0.323952761234652
-1.00236193740671	0.396463059052617
1.06375255943934	0.407031400293661
-0.330806989363238	0.0947777594762696
-0.502455215004387	0.189494091012893
1.11923491925118	1.61548545450743
0.490815961820342	0.541789247302469
0.0896185138247082	0.0585384177483788
-0.11313424928656	0.0889424426841996
0.030252566080179	0.0225399943862931
0.269598324087278	0.262454028127657
0.778116548349072	1.10596095982599
0.199633887038826	0.149262618587441
0.440305929031864	0.436661029072823
-0.693344843981552	0.653384673550381
-0.197962277619961	0.146833809750165
-1.08452062739466	1.26511949343336
-0.49649403342183	0.515529848839273
-1.79346061997896	0.390723019452767
-0.609489833121369	0.147475344257464
-0.617875104469477	0.149400727468359
-3.07350260546998	0.94852963330217
0.075494854732985	0.364659007166952
-0.0253451165309948	0.0818455036899543
-0.347217715966174	1.57717173836966
0.0109909224005998	0.0282186061856212
-0.148530195173806	0.586663128536974
-0.389716758852709	2.00535306750533
-0.22402399957	0.752670810396912
0.441542124349246	1.47552592898526
0.27459045097121	0.802209897225115
0.106755310485263	0.215243189956678
0.43513440385858	1.05112905665929
0.22506449600101	0.422279196055139
0.185163484179893	0.29734857249435
0.593313167506662	1.2360164283806
-0.723347829230267	1.45433504220864
0.328061967797459	0.597639312904604
-0.329782645745735	0.477395311155842
0.0242494243793985	0.0269172009611019
-0.430746857143554	0.724891936056468
0.41133393146199	0.712954689036448
0.102350140929089	0.120357216977383
0.0983936372500977	0.126438493794568
0.258501167399894	0.276489715509264
-0.295276463553343	0.276039920087828
0.263129041183355	0.271788330988233
0.101948807557411	0.0985843703252228
0.322756422877622	0.346515966713019
0.467435422769942	0.189763860429757
-1.24622743861444	0.558447645481955
-0.763165888905148	0.496005174291284
1.58562995408399	0.795202079241489
-2.23662554787529	1.86688613658614
-0.538535689914253	0.556583486947837
-0.00540292001428472	0.0055422230527303
0.150442607876432	0.231057590503709
0.29101240960181	0.446790830155745
-0.000757556191413659	0.000493465000397708
0.205106788636272	0.199592948291879
-0.81072862108356	1.09779315454728
-0.196480634973269	0.218196679877351
0.171189775428302	0.0662121976703994
-0.308786698638768	0.182946695249079
0.843087960632404	0.358463521060009
-1.45098088122752	0.999040070856556
0.559303797419123	0.63751296425827
0.627869314397204	0.853449133007946
0.998205151621925	1.31309120687449
0.852232473578002	1.33299155213791
-0.299960920343663	0.343985264526515
0.416768533976954	0.430902318299805
0.262553810506501	0.297088007262884
0.664462833296775	0.796771187898291
-0.0981631007417885	0.069021643683707
0.120030724916322	0.0940915893660666
-0.60449683026409	0.53228819953702
-0.0606893114516011	0.0490541277095627
-0.321973951864961	0.425159724207223
0.249063277507448	0.278643162930478
-0.772973839652736	0.773623549265512
-0.530704472516217	0.711725487604718
-1.79346061997896	0.390723019452767
0.164778629348208	0.0313374327003096
0.0883070697446901	0.411172281363969
0.0913079144583212	0.342459287573382
-0.00962943637036237	0.0252288572802241
-0.156134218308023	0.457839635709218
-0.235255618647058	0.611303491686724
0.0546234580604352	0.0955756212506097
0.186531412669821	0.390000364061236
0.754563576616621	2.24221526605986
0.0549120692790532	0.0779729165174875
-0.442142191783121	0.9804709959887
0.194653323899413	0.357675271327819
-0.140832619228964	0.221417144105981
-0.0149908000332738	0.0171581332332355
0.0330225913499999	0.0355387514312841
0.384982307093689	0.734350656784901
-0.211454271606423	0.308301046855121
-0.298109758484632	0.492093747664493
-0.191153132449281	0.288297970463629
-0.238240272457938	0.377400148344515
0.37100569775668	0.550020918006145
-0.165654259033885	0.204871126020476
-0.761312750977684	1.48399046817092
0.0533784636998212	0.0421171857543668
-0.706468967027289	0.980573797236256
0.494241657379574	0.515924880912151
-0.494517808528461	0.550767269806452
0.978483801794014	0.66700148182914
-0.524619296787922	0.328178136120868
0.624371749341474	0.329037448551432
-1.57678876660202	1.19250381372609
-1.02833527182135	0.815151243249125
0.536161153873926	0.692007175413808
-0.223735813800498	0.232417041510379
-0.591284576262006	1.12850203508107
-0.213177002857169	0.159462168926724
0.0531895226076874	0.0312391719800047
-0.160680815884995	0.0848469685991459
-0.321230978729646	0.225276749349176
0.0833717852463244	0.0543707125449256
0.367602528477168	0.206597003851325
0.367198844568362	0.206337708820398
1.05804592236107	0.404331959594976
0.172703256400318	0.0752746211264852
0.285200258894294	0.260509172951075
0.132228267065366	0.126578405895857
1.02510514705364	1.2248712552466
-0.0816689350775286	0.0656347522356154
0.36426007646103	0.417315207108037
-0.4678349386834	0.544493503543145
-0.299335265688228	0.337192812329942
0.0020566652162664	0.0016318099801563
0.116702236573375	0.0887965592360037
-0.315656837516005	0.336452323231162
0.761891169281824	0.747076462287278
1.32736984060641	1.69765443038876
-0.00703530679765923	0.00536563950167189
0.106450896389154	0.0729139636597356
-2.05950152926289	0.939596591843532
-0.617339897765464	0.149284387408846
0.16619130625606	0.0315431724784316
0.0139523018362115	0.0466917640464241
0.0109310798032588	0.0329158202842038
-0.243111238393979	0.885639564935466
-0.225093803732059	0.56181281516002
0.00598323055627469	0.00938099954124629
0.374575212130185	1.02145921798887
0.764679490022789	2.13597909422537
0.540612877484902	1.14306750871783
0.691418807522334	1.92033158687209
0.366874011223085	0.773498880044192
0.295371824243134	0.53319962958178
0.24763532331095	0.357073548689244
0.216539126718565	0.276182928745023
0.768315077447104	1.68551205055526
0.177450464458312	0.237918465040803
0.219070952207739	0.311321268861625
-0.259217100826042	0.402279442189576
-0.115182388452838	0.142457224830091
-0.140897236908225	0.164829312044382
-0.0525615861782653	0.0598707805327488
0.298066181492744	0.345452432018412
-0.428939628464874	0.388175895271413
-0.614677352926222	0.582094194107732
0.297920154867076	0.242650021182374
-0.0406184193374636	0.0335378686167798
-0.284400098083811	0.128973844738267
0.419096667566682	0.190936271239809
-0.963755201557086	0.474546616545184
1.46964366147565	0.490422889690681
-0.308002762136579	0.182350172128429
0.20184708831792	0.151073140203715
-0.442076498652087	0.517235629655723
-0.0586174812680319	0.0634260599442884
-0.158018444416981	0.0834393608999221
-4.39225933051818	2.22585560810927
-0.590832277223796	0.608813957673199
-0.379033874435501	0.211368962064543
0.716425822261068	0.338419602734398
0.172309731920116	0.0439046529437047
-0.195896300806791	0.0631110974355499
-0.122328195924014	0.0944715592586753
0.310218649456444	0.322855987841473
0.369991376847883	0.344066421276352
-0.479848692023149	0.471119562808426
-0.170122768326232	0.141544780375276
0.039880108515342	0.0297268856360976
-0.137960367139856	0.119796079163737
0.0605704272644547	0.0479441531736472
1.33900891053942	1.57072324043403
0.206634227049902	0.170716098881156
0.628177156021304	0.47864167161983
0.36276597734028	0.335825966222061
-1.54727237999612	2.02850859820308
0.110406887874844	0.0837041180293401
-2.44695143181769	1.35630974489835
0.164778629348208	0.0313374327003096
0.0242309237309345	0.0923982896873445
-0.0132750285493696	0.0438055241406574
-0.256782054639867	1.15969465849551
0.135234164263429	0.406447999175844
0.16109356326553	0.396678878899429
0.0518135885157767	0.0885886655199793
0.269566945177433	0.675733041071317
0.664874167942601	2.33914182350054
-0.292767253669343	0.694591878016639
0.268797044225612	0.506693846880285
-0.203515045355252	0.292638871556273
-0.366638905517679	0.607197321508192
-0.365469380797859	0.676499714715891
-0.47003945005387	0.801754724534598
-0.0956535404681898	0.136176215923167
-0.318591352956701	0.52034605102949
-0.828779898284073	1.96756123439786
-0.245055973818614	0.349093147800238
-0.221857129252278	0.321983747362339
-0.320994545298111	0.407510870978896
0.0592712367991078	0.0479957923736411
-0.565430673900157	0.622406885416394
-0.369151185014418	0.456122067930727
-0.439223626534094	0.288095743232172
-0.12134442871923	0.0677154944087789
0.181222403711057	0.0544586569816679
-0.772162537320673	0.503667423191532
1.84839075322272	0.729859263775591
0.558290858311165	0.324471080326687
-0.0836074599988118	0.0672109162657786
-0.214473598290574	0.251126810989697
-0.223905298457637	0.368263159961605
-0.621854396026841	0.717922835230418
-0.520808400063408	0.325232698116511
0.0775335419285506	0.048163976334857
0.482035905863771	0.459239084109897
-0.132263464881877	0.102764207925961
0.202929565882513	0.204834136065812
-0.227445875014784	0.11245797479469
0.865548607713494	0.791014959374548
0.686721713829268	0.219371725498129
0.815469390255681	0.492496158009565
-0.060507378343531	0.0480476475124144
-0.0166008612201125	0.0142374450536394
-0.565063856250795	0.648755257507969
0.149766817967619	0.147964556693078
0.725124192918155	0.915764214987633
0.850785234917302	1.32894869469621
0.503114828487226	0.612843530175525
-0.468675727127708	0.393273307684521
0.410735798685085	0.324035560726309
0.550959297427661	0.718826353154702
-0.107846586407453	0.0844392114919657
-0.940689476087276	1.40278002724035
0.495894478999488	0.721187696355349
0.237300901243037	0.254058985238953
-0.605005500358781	0.532892562548726
-2.57067328278635	0.665094197548339
-1.79346061997896	0.390723019452767
0.0820628635834352	0.433153687102865
-0.18232279777743	1.12469155782569
-0.0260631912617958	0.0796024384090457
0.336843154339799	1.16943551766412
0.347232053389635	1.71964522763334
0.402375694284888	1.74176892017938
-0.284945371622515	0.626822980802143
-0.0261990552284753	0.0363218140534551
-0.225003144658334	0.375374042830165
0.0303089067887759	0.030422412740402
0.162930971280513	0.186427890903133
-0.148357613050298	0.185486031679535
-0.0316932368593989	0.0298771076949248
0.237936164615785	0.31787709350628
-0.658458343870283	1.15972076267942
0.284985559661874	0.386272360108477
-0.209179522461472	0.265790379322882
-0.250794535154255	0.27841721579206
0.149730178117393	0.150377206131966
-0.90042604570098	1.06160543027227
-0.454621967737045	0.417997957786067
-0.145194168526952	0.12420163173539
-0.0893653460786673	0.0519493475033013
1.6031950158676	0.807194595300597
1.30033823902939	0.723343317970801
2.76684298270372	1.71303205523274
0.181053134529505	0.0458624936397602
-0.219788262174736	0.108464474498506
-0.908651379924362	1.13845961430405
-0.404449340784456	0.470326429698191
-0.228400365465677	0.428145449747911
-0.537615230581091	1.72393116027285
0.346455543575108	0.7220369367098
0.162062452735522	0.220392686485119
0.132711732315222	0.162880889123383
0.436289247392859	0.660955370978516
0.246548458855347	0.336129200507592
-0.291766989296398	0.468207747756963
0.0424914501459763	0.0527342804285198
0.333807642444313	0.444101968856468
-1.21303168412018	0.907285211110542
-0.379940817920688	0.157371456640493
0.16619130625606	0.0315431724784316
0.550229507129372	0.199823293779666
-0.605047900656798	0.532816254431001
0.375889836494152	0.416506379680899
-0.368420165822224	0.250205367882025
0.27925574767349	0.260797131154758
-0.0320705362830108	0.0242337985054271
0.731960528968839	0.741703268582156
-0.054140712168278	0.0481093809266923
-0.765668218049449	0.815671736316948
-0.0298981123828111	0.012972926457027
0.0182228936029186	0.0127779226866868
0.875182638200126	0.647654577037483
0.287786626764803	0.283684048178542
-0.288591385764873	0.367106346979759
-0.665317481803985	1.57809017989149
-0.301701654710417	0.551450585904355
-0.221336272353203	0.260773328581556
0.0693258745147389	0.363872169516241
-0.110569248367296	0.570196368026
0.206953124688013	0.682449847686114
-0.0340246485147657	0.0989515085348172
0.010917532680708	0.0258180523326036
-0.544709442294979	1.77641309290474
-0.148041336888512	0.253562146203771
-0.0342734990140988	0.0445114336909543
-0.306414165230454	0.404991417393923
0.285044132498782	0.359698892164781
-0.363055423236955	0.504092150447115
-0.338592028659805	0.463951844406475
0.550423125291932	0.843116449482363
-0.620540955408459	1.10643361502374
-0.113673154934361	0.136136030551306
-0.329301015339838	0.430987426759453
0.107480335268458	0.113933599111885
0.432387903346252	0.505166463768845
-0.172107699830145	0.129796548110724
-0.272777131752378	0.19552855148281
0.53801194496709	0.467852477082325
-1.22773717874076	1.1310682165223
-0.965086918875499	0.475384445363296
-0.702916162136118	0.240304795913802
-0.95797336277659	0.470541196244628
-0.330698472981565	0.0947716626031445
-0.624397579419305	0.363983028262672
0.0926763882713458	0.0631185742316199
-0.600672818690037	0.705175725070569
-0.746646838825791	2.49356489068767
-0.434598845169367	1.68918714146543
0.0119113255296409	0.0206310726199644
-0.14613309641967	0.234614026600896
-0.00140740352541765	0.00159461530303446
-0.448213908665661	0.610314532669696
0.219534245370959	0.328644387171968
0.0639171842993989	0.0917451567769439
0.135429113978344	0.193427206468325
-0.378328451095016	0.786469070457966
0.360856116716908	0.488394691876174
-1.58331063787851	1.20261502284202
0.176711268978432	0.0683795412521634
1.47086646676889	0.49088731436037
1.06375255943934	0.407031400293661
0.557860949177947	0.63510613486702
0.415408982989669	0.343987577215568
0.858589372849631	0.905598153386753
0.533960671592271	0.463578375334822
-0.495032145276412	0.369903132505302
0.0971948915454624	0.0687666504655175
0.431304922640037	0.438007207398781
-1.43483465029583	1.27115065452889
-0.162227603701343	0.085682576366265
0.666667393690216	0.606540854385493
0.316433480080692	0.240722764143979
-0.713765916426447	0.813100797877117
-0.44238709662643	0.804941811149106
-0.256013050417833	0.498967671425557
-0.268958722131093	0.570229497462097
-0.0727884907358193	0.102895980989325
0.0355767263670863	0.150616188643997
0.175564714203192	0.898808797301203
-0.0419076725455195	0.139180302194067
0.102256346676157	0.349176332858319
-0.25207899228295	1.00429806240801
-0.517084969577479	2.38653117879553
-0.382436012858199	1.22912769413587
-0.0852638615648637	0.137293259529026
-0.372339563684386	0.800511504549153
-0.342499608203779	0.750320711641235
-0.404941277874202	0.937725079044006
-0.17115234591758	0.297804937247544
-0.689329637842203	2.42452726154445
-1.01694736568527	4.22951120849686
-0.373673338642937	0.684406751268253
-0.53127010304877	1.25412477585118
-0.208734216113067	0.275107475480275
0.0718153758272552	0.0598714501749937
-0.557262087725978	0.745164138150832
-0.836734301498608	1.43265752081478
-0.549040032270708	0.641571044254097
-1.81186822497123	1.63106621799227
0.173299717196841	0.0670382465534782
-1.08091997544506	0.730900458033667
0.177270480424267	0.0685970337630016
0.0674409912353072	0.0418390102164037
-0.710132117229157	0.95061080290402
-0.821997156914949	1.56665420585199
-0.945149462111756	4.26997562388396
-0.738614756869724	3.22996835049241
0.0313058651323138	0.0461977607944159
-0.159123285053903	0.214441731831063
0.150070023215545	0.145760141040034
0.328028203728184	0.338454942536495
0.65949308767335	0.788558352880192
0.196853910724085	0.190385538922349
-0.319022659906992	0.404182138349644
0.226581386248285	0.299297372566667
-0.268856424407074	0.417142892615866
0.350923640004686	0.470881295289264
0.417458577282939	0.34595265042228
-0.381355343156915	0.157966110904451
0.186752657299631	0.0471525522204707
1.58664142606591	0.796028282636103
1.03674466115774	1.54656887580825
0.199977414497645	0.182005358233286
-0.258568440045098	0.210075621898306
0.408222248679798	0.419742592003054
0.316242421163502	0.337952031179228
-0.350368321645153	0.331236805645148
0.147487175908206	0.145424573003945
-0.0150398724835065	0.0114136696137194
0.0956587984048037	0.062646217766329
-1.23010232708658	1.13509819994682
-0.406606176790583	0.404957521030814
-0.632553884829136	0.798096352714075
-0.161114475769834	0.209864255800051
-0.399391001559344	0.65746472732873
-0.176362074047148	0.207524662886327
-0.0466468674426672	0.0472919211998626
0.110475668729445	0.557796989449569
0.0441157616325932	0.147181772865017
-0.101255643522057	0.337671708016605
-0.329535732080628	1.53904146096349
-0.00300735816502256	0.00637089712736796
-0.0593053037025054	0.125501522088255
0.0459884518285129	0.0784721183304569
-0.339600394487979	0.768852996650361
-0.379611787420704	1.08864015811417
-0.49279849806569	1.43326118107995
-0.477161675562219	1.24869257543722
-0.79902904827623	2.94261202427486
-0.801410608143225	2.73741112660657
-0.426429660337358	0.980904109019881
-0.820741002337547	2.65668008592315
-0.654001851147152	1.35610425407987
-0.713575341682354	1.03073622676338
-0.0324930112202837	0.0328796999917838
0.0166497856847084	0.0157092284532898
-0.213811765853429	0.250280940336999
-0.772686759767695	0.584980686032261
-0.521651082362506	0.326003953556601
-0.28805070967024	0.130855727574077
-0.92578095239455	0.559623370721494
-0.596429712567042	0.481914676059231
-0.0547948064543978	0.0514059056697987
-0.449779469738634	0.838240723612816
-1.19817971288198	5.41540325383483
-0.414932242716703	0.607167701600318
0.0567249023342371	0.0311326927688507
-0.48482674497216	0.436987400017172
0.205721792998833	0.159787317239423
0.0580195545708468	0.0523631709993521
-0.218814267273902	0.140871181063315
1.11117356011386	0.686782999150822
0.180845714650258	0.0543398759613664
1.56149775390304	1.34757557656386
-0.194330961076509	0.191524952888202
-0.34593661101195	0.452208378293622
-0.0302332339137357	0.0221288294048409
0.744556013078809	1.15782801695017
0.0240335777833193	0.021273869820345
0.146014618665718	0.141312519740496
0.354134357003266	0.434129461785992
0.420984404081706	0.436648559798232
0.0408726840445718	0.0295954349710124
-0.366232351408512	0.36471222313464
-0.052113584711482	0.0376504548564298
0.0614662368575981	0.059226651387345
-0.00134857192432509	0.00138711393155768
-0.465370579277353	0.241032836868039
0.104223359216251	0.570159374798768
-0.0406802579176615	0.157886831141897
-0.400368047552722	2.44073239191516
-0.179026006194517	0.541838510457634
-0.112829824588552	0.242855073981893
-0.197195575429166	0.34319561824502
-0.455645189180838	0.965143520541816
-0.576090121397966	1.48525061165336
-0.344672300965164	0.664007217402072
-0.502889814043986	1.16922389193741
-1.01309457646066	3.96385662093315
-1.61609396195848	7.06120972267298
-0.984749350398307	2.61213308718484
-0.945672364592059	2.30200751983092
-0.873467847693194	1.4947254037999
-1.3949554271595	2.18115898948789
-0.701826501556492	0.970804889306957
-1.68695961305605	2.41240167070929
-0.0319388396856019	0.0237621127368552
1.58765223089749	0.796771398337474
-1.79867586482886	0.730667932620658
0.713906415672812	0.33698145815023
0.842073188053842	0.357842079017509
-0.575802666642287	0.272840641276801
-0.730850237200313	0.923798125192613
-0.694580667890722	1.21026808061996
-0.66177576469219	2.05672134396194
-0.509026480643015	1.69742260374669
-0.0124610427492813	0.0154427751502154
0.165941169619903	0.182517972509119
-0.209487677085634	0.13437838709763
-0.0743623979206745	0.0292058440796538
0.964934921520073	0.255476948633611
-0.95762588419923	0.470003476549046
-0.178072034395781	0.148989127009874
-0.25086132374398	0.273920181629049
-0.465252102240926	0.389662900583069
-0.0721915943062069	0.0587649069640304
0.418521261580065	0.421371846886783
-0.0878452909858839	0.0614590499190464
0.25507262713803	0.245631280116004
0.442467334181053	0.439324829169128
0.497477683923211	0.342162057594187
1.16302471948089	1.19844436765267
0.193639708152135	0.127038177984911
0.0224098022378984	0.0183385828246318
0.0394156624090932	0.0471105876610006
0.0390128666462208	0.165415140915427
0.0250222778719483	0.0803825307565822
-0.152498576322732	0.518865101692927
-0.0953766676820118	0.228321720966129
-0.219758952144203	0.481501240125179
0.225405189757528	0.453845733073459
-0.58041734431677	1.97969991794232
-0.329992135593278	0.725702728873277
-0.298776736694966	0.613245579491965
-0.536912181542744	1.38309627800145
-0.559195263141792	1.53167900502565
-0.850751159111502	2.28788497881372
-0.155032384810891	0.231729932591511
-0.251899798887194	0.31888555356824
0.304913127427306	0.342724256836765
0.21433877885101	0.187777813659314
0.598529928606772	0.879974934134381
0.200194514637113	0.182222055584269
0.173688120627949	0.075722075568917
0.170310644726631	0.0827987854965263
-0.125844894222174	0.0447325448500255
-0.495559181486949	0.186579150623414
-0.658894977102208	0.456359830104981
-0.787058806988453	1.04072895254738
-0.161711099925313	0.186154127119969
-0.78119539754524	3.18230400969814
-0.211602054555932	0.379056610426718
-0.510489741386118	0.774339818742678
-0.83585690261866	1.48561255845297
0.0445948585754192	0.0245018999095658
-0.466339519971145	0.241502055321299
0.181222403711057	0.0544586569816679
-1.11951983581622	0.337809535545767
0.345530274163881	0.389939164863265
-0.507467051551911	0.702760281432406
-0.228630417315481	0.187726797204755
0.136985069094799	0.131540307115657
-0.0718067894140528	0.0627056459797337
0.267459915817277	0.271518746237226
-0.441485174838378	0.516282477872466
0.982020901783996	1.47231182756047
0.0924230463103527	0.0673786345932299
-0.10641539362952	0.0730093448050288
-0.112535451299438	0.0884414076863496
-0.163916826861232	0.163134644322945
0.226772735938428	0.273026146701711
0.243896433783726	0.35026114812716
-0.0821865869460083	0.0734206895918288
-0.00316900556725862	0.0108837935479532
0.149365205679144	0.646648189057444
-0.102388341232843	0.292661488078731
-0.0916168370473757	0.185599803702973
0.132815539854569	0.26715524394178
0.110815287875507	0.230724346578704
-0.0646832195363654	0.109100958758569
-0.444328608923655	1.2143573149055
-0.742404772751626	2.72716632842284
-0.47509129724563	1.3607391334657
-0.155836352119938	0.254306776691141
0.0105962379212247	0.0144058680117953
-0.40691834505536	0.686791834342225
-0.116183445277479	0.10987237698221
-0.736789954604216	1.05226415301723
-0.114268146238345	0.107837941560802
0.248449962356003	0.258751206002454
0.336685211419313	0.234345102115551
-0.900125544992814	0.649052728424368
1.0528082583266	1.00151747534002
0.543505930404764	0.197183116271349
-0.0167623162993361	0.0106294226823539
-0.473307837128633	0.553150877547215
-0.11033198907693	0.131682962126691
-0.00602402533666838	0.00877915212607267
-0.079131605378982	0.0683150211785098
-0.0355153262848809	0.029656008007562
-0.120844504686832	0.0430331190822174
-0.616084035093445	0.545554318184242
-1.07771397655552	1.78441906438471
-0.313979278850748	0.186128801050525
-1.1328176849475	0.972475157407933
-0.699938932255418	0.239135424844937
1.11217654935007	0.68841911733725
0.194497813808648	0.202034127325858
0.38586962805622	0.516438106305429
-0.739080678438699	1.05734113514771
-0.178445980084135	0.162061796436722
-0.392081063651677	0.470608150518785
-0.113291556807304	0.10520721731147
-0.313553936815947	0.333647212503581
0.0526977446068844	0.04816432194714
-0.0330636063793689	0.0208745319189702
-0.499602963827555	0.615204731309203
0.285603191172355	0.253900338660029
-0.0483712470321915	0.0401010335230071
-0.25542647334686	0.207089232176186
-0.379295500049449	0.381020158385801
-0.896718407731642	0.645939127425783
0.10628642634669	0.529931805049415
-0.0735815979255885	0.27019303678585
-0.0633513350260562	0.153476217493798
-0.227407343048345	0.644286232646164
-0.0950683337826249	0.214476579664704
0.0357749386509183	0.065526132853644
-0.40751230032212	1.44235169030597
-0.635505850170799	2.64534970214194
-0.119900147720908	0.232392535157669
-0.575384650449254	1.80622395192644
-0.488220143076848	1.43653569207171
-0.115352056878329	0.158039227670698
-0.212315454694478	0.269121921344646
-0.623570557816513	1.25395599313272
0.0528154067118704	0.0553898536711301
0.409772445184084	0.57428702940913
-0.372140173815762	0.289201733928224
-0.0698755855518956	0.0275162464102779
0.76692106266567	0.75401039158673
0.178564875216849	0.0779351068292143
0.814224122750591	1.06307860438593
-0.677835263709006	0.855154922379496
-0.772271722388759	1.5177604729349
-0.498943665891161	1.07300115187877
0.171587248755068	0.083452290621918
-0.464663601939839	0.240670044481313
-1.04622288769371	1.08481492936878
-0.131558678174725	0.123941050393736
0.0283472663622743	0.0143125807223092
1.41947066291365	1.10464028583289
-0.324126952894347	0.0929244396746841
-0.314599516857535	0.186759880340603
0.146534583425079	0.1229293522214
0.149240253532665	0.163924775459928
-0.0187113433433107	0.0140717930284832
0.00952275788812725	0.00833634972586528
-0.173281552967964	0.191075056100589
-0.342630826395956	0.39193226684983
0.14975410246773	0.142828485476652
0.195808947667583	0.196453322751842
-0.778777797193683	0.885156429763356
0.354478377157586	0.354817017350797
0.458423302746119	0.445478135541604
0.118478429521803	0.0875305713626724
-0.0619076610713591	0.0509391435792944
0.207521473636104	0.161368336199323
-0.0166573775206558	0.0590701307587243
-0.17833186977417	0.804659451116577
0.110087478456579	0.299547378286548
0.089770699277256	0.223282956066458
-0.330248783149383	1.06035227904046
-0.332600140051853	1.08611537412071
-0.344537253271131	1.03528507761354
-0.334508539171813	0.875892252115581
-0.152380414109856	0.300693980643843
-0.159810705043914	0.310597382727642
-0.585793615842177	1.4939923046333
0.506901077138641	0.965929981349027
-0.118932575289473	0.131868792174596
-0.126714627838652	0.142773272861141
-0.543995436548243	0.838480985815821
0.319936078009964	0.232766868251127
0.174475669439187	0.0849495131059441
-0.916709915838013	0.552762578701993
1.80947791246546	1.02330628168818
0.56252452861118	0.470775497702068
0.152438897774182	0.14560555097472
-0.765082773957318	1.45777853820663
-0.565691828726617	1.23737688103162
0.110638040004899	0.0813831780111787
0.177098196712698	0.0772522211179628
-0.216634850996632	0.106937760421892
-0.497168322643533	0.187278575885264
-0.196606144995592	0.0633346995977349
-0.174074882118707	0.0922666213073365
-0.254719995282256	0.20639907240973
0.417449324431424	0.189898148074199
-0.713927771586338	0.244486303883557
0.963743115659934	0.255236344279286
-0.759329380245833	0.408066013840661
0.265365653975942	0.251645933127128
0.241161831076041	0.263636072763155
-0.431659080586709	0.424569462930452
0.449037784280593	0.519698597026235
-0.143978787874374	0.123059972012872
-0.626790285807263	0.757675038019988
0.587981696184376	0.814164355109032
0.875083127680352	1.20205373405762
0.21355288753196	0.166499749729609
-0.438263196205059	0.511290667011381
-0.321261751199945	0.276453569205649
-0.440462167712488	0.401562515933596
-0.0891084783235855	0.0705312455470802
-0.170439075650446	0.128415730806777
-0.492170991428683	0.185258267609788
-3.44754089021611	1.22379406077669
-0.0631799863217021	0.252675998025347
-0.0655934897243216	0.217084979174652
-0.0261590619128128	0.0629274178944005
0.0468269981621995	0.09982376721178
-0.240516587856747	0.666033830523505
-0.0783442222475785	0.157248056342024
-0.671972502992809	2.46755233192535
-0.00530758153826697	0.00812614671226126
-0.039073656106804	0.061108068177293
0.272585551159806	0.522159728945859
-0.064223605596969	0.066964079801087
0.278985759156405	0.345088017904428
-0.0178475720415717	0.0166799951246396
-0.358205256656876	0.446633532197167
-0.0132602214637299	0.00602252977791203
-1.12151290664247	0.958738914482516
-0.921503587108291	0.556412200014642
-0.375354820971522	0.155294211429995
-0.163948827141588	0.107705644573661
0.140742237001318	0.125804835635251
0.114801826537196	0.11922366374318
-0.867489739522837	1.86505205723042
-0.114347660943835	0.0899412035270056
0.212892478415538	0.154279170034121
0.0755982762935875	0.0469365002303979
-0.288553167064888	0.131104800633221
0.173158278931665	0.0593526101604331
0.360739226372389	0.202435196258758
0.176085816420128	0.0681705282084797
-0.0738425599286327	0.0290095423175695
0.178254851579563	0.0536080680261321
-0.708225225424176	0.242257120133667
0.176677361093757	0.0945894025465009
-1.06960814212686	0.721645965484894
-0.410172252714032	0.347217217803065
-0.197316433582098	0.063550392412948
-0.0688955593825769	0.0271486518108793
1.96684138854469	0.455504908505281
-0.0791811018205979	0.0310620640361985
0.206128745936417	0.175034830746791
-0.429791131137	0.452855413695064
-0.496448099038795	0.450660656760168
0.383264895889182	0.407568389188807
-0.505441141369355	0.528491475161826
0.268348583369465	0.289242790921893
0.201889241744245	0.170950900823348
0.58182331787184	0.653060947416458
-0.48797195127016	0.363567418776387
0.140733758244033	0.120399991679757
1.0663876401156	1.13261718723291
1.33568163242492	1.56394638558746
0.205221182668849	0.16448821943245
-0.883944119104708	0.727900125205584
0.688637326691298	0.220082192676685
0.175155035311403	0.0527334069281177
-0.32531700249348	0.0932194330065639
-0.493870226068304	0.186000352373661
-1.79346061997896	0.390723019452767
0.0110332234938848	0.0374327311813444
0.0396200015382996	0.129953881162896
-0.063444311613419	0.159571115468142
-0.0250164512545198	0.0537351513842155
-0.0558500434869217	0.114534295535576
-0.0743072050512999	0.146121033009493
0.302176832174605	0.802811578666485
-0.119311918734169	0.203643750128843
-0.111973453893534	0.170471503290049
-0.446708768529907	0.665311099003768
-0.0201618051675094	0.0231655169493074
-0.120163281321297	0.122360468597802
-0.0303996346643167	0.0283183286582984
0.424383005682766	0.337483769566903
0.0712054311770637	0.041843933826043
-0.0360174194947712	0.0155177402158861
1.8055016985299	1.02012496110933
0.383046261346444	0.34801689936019
0.34405754243363	0.418487647830788
-0.342585732408265	0.471160916148668
-0.529531670696018	0.943362296783461
-0.561202684905436	0.5382107319373
0.449591707978419	0.343878040140186
-1.25782089316011	0.565430196965056
0.183440567956279	0.0627804993608223
1.58765223089749	0.796771398337474
-0.13373932752609	0.047518908347534
0.846123820020908	0.359830157453413
0.689369698791533	0.22025689756634
0.165088029467664	0.0313824661178469
-0.200129309738867	0.0644172032327784
-1.00943392667062	0.399735935116325
0.539775753233622	0.469963384503672
1.68143835977449	1.58988427582292
-0.496219048461158	0.186898738117231
3.27631781619437	1.12171855032085
0.962553055030982	0.254827961566665
-0.00121144932644147	0.000783963652925885
0.634541759267434	0.770009295079519
0.197504044335507	0.136157911349045
-0.49941707218512	0.520182834242357
1.122432299905	1.71251681255609
-0.461103578181587	0.533868136177228
-0.428401746892975	0.450856841317908
-0.0631675777915906	0.0458441013019824
-1.71306233047215	1.85016984662708
0.130901943381954	0.103262686728658
-2.02875827850585	2.68344262998771
-0.0658532680184134	0.0467989907443243
0.670632250404948	0.611220227938897
1.14337029245567	1.0349066231185
0.186069807523728	0.046984734903896
0.16619130625606	0.0315431724784316
-1.7934287506278	0.390727439150181
0.09133761073753	0.448760764798767
0.0533876248360515	0.192842557218123
-0.0250133584965761	0.0665931800438399
-0.154575202406798	0.480915322253321
-0.226674882799731	0.681877546264109
0.359118558626075	1.28164553559172
0.145925044791234	0.351525217229358
0.198530961323267	0.403464530255971
-0.0745014353208418	0.098118227294143
-0.247598303775236	0.39092720384134
0.332589279939466	0.597126682100112
-0.257149704057184	0.383598350734797
-0.0748081106614354	0.0533554214500706
-0.104760340322276	0.0718173386796683
-0.842387118835458	0.890189284778032
0.670232741976791	0.478310310708482
0.208820250177487	0.156908812141866
-0.701991596910003	1.26194881393447
-0.223683580716921	0.302967526474892
-0.641819899023437	1.69594034086104
-0.636249888200075	0.647903543437585
0.678585947303908	0.794932955421266
-0.383683893448675	0.21470722421122
0.366288187111298	0.205771083294203
-0.083948818818898	0.0328801650749986
-0.961626957296919	0.473097683549944
0.165683268324569	0.0641708639399483
0.815771324873536	0.493019768287069
-0.0921334537508945	0.0535960172909739
-0.404571646115129	0.341290505628056
-1.13762165724697	0.979870298687103
0.430855273704518	0.196677051053255
-2.57036588579023	0.664816582891659
1.56290996928909	1.34892993001675
-0.321817112569958	0.326137925887378
0.854541592163231	1.47075859133649
-0.0664134461635348	0.0472084721380868
0.473070667725652	0.602182877501777
0.10246859103291	0.102268388270778
0.869064115813858	1.19006324656242
0.320932654544629	0.344067858876447
0.584104888050344	0.743275379351716
-0.175768982718064	0.162447562531541
0.181696593252947	0.180234383049865
-0.202020666289251	0.150209881865716
0.69441251087174	0.887448944710542
-0.496843777590416	0.451112004960826
-0.364230650619948	0.246981423134965
0.166108349666292	0.06434155947886
0.16619130625606	0.0315431724784316
0.187300583927818	0.0472598613580206
-0.70398648315954	0.24079443492873
0.0227080511414005	0.084561732182808
-0.0804047775545429	0.319503790646475
-0.273622450334889	1.22594202918991
-0.164291279268247	0.487130717938279
0.366628553287317	1.36079076808472
0.103946490888336	0.230968288802423
-0.252579686389426	0.582615402231424
-0.0655778269945803	0.0841188704040437
0.550285346153231	1.32799684942172
0.0264119718121303	0.0314156064282615
-0.259619522876054	0.441095373262204
0.493430645855102	0.456301616066853
-0.266294066880298	0.190335669430523
-0.542618833799086	0.484608701462988
-0.386547676610307	0.216402437452853
-0.678395526330511	0.890410318074257
-0.166472911716224	0.196499334271047
-0.525909014119927	0.953063591563357
-0.436412302014437	0.946311195294585
0.202570675318991	0.162009050595852
-0.149381817894965	0.101203733645678
0.624626075643444	0.47505473831329
0.186191748429242	0.055843722836046
-0.32531700249348	0.0932194330065639
-0.479531944503552	0.249492263036964
-0.277072022519318	0.125573551816857
-0.0253977387491068	0.0157811263957756
0.8157996496926	0.649810437322412
0.0199715317840751	0.0101707503957859
3.64871284900552	1.44691597652701
0.367198844568362	0.206337708820398
-0.0711180961169901	0.057853582078068
0.548979467297543	0.771132491395976
-0.426695410049802	0.325598543615316
-0.452548588769113	0.533339627901987
0.640949626444478	0.961195185944454
0.259246433309261	0.287584023144296
-0.461649359926248	0.577669148042495
0.131541328609865	0.109265015534759
0.210735221361269	0.158482334309518
0.642675490914369	0.913432870437952
1.12372670896821	1.71477829212296
-0.11871575184725	0.0914716974441229
-0.919579486417763	1.02839089492097
0.802533910782306	0.758976295036168
0.165880035481028	0.0314978449610492
0.402006583024496	0.182412466996681
0.194681434547142	0.0581745250576467
0.855041461721105	0.364266661354196
0.0211397967869405	0.0813034020356252
-0.00173620870790619	0.00534850184651953
0.0299350829863566	0.0801524788149092
0.00396741804605165	0.00869393843015892
0.10045020947691	0.253289762515825
0.0606534888831532	0.114838051387966
0.165216958383467	0.29378564400677
0.167329326485481	0.282512981243878
0.116709888014664	0.181287494172269
-0.155109086046278	0.238364526489104
-0.735973965432987	0.93338211499378
-0.224609312176874	0.183916871196343
-1.28292801608492	1.71777530398988
-1.81388479051505	1.1330778422808
0.371497781733483	0.427880412753547
0.0212916874431418	0.0230486014738469
-0.0388672673319804	0.0473301187563418
-0.315019185254658	0.558830691254702
0.204500623681478	0.190910812250921
0.501884004538328	0.54245539844099
-0.198757003958094	0.063979613393949
-0.495188624132318	0.186487217221814
-1.07618041216295	1.02322103789056
0.177128417646057	0.0772826073847812
1.06078959666294	0.405437996491229
-0.468394773146157	0.242980901914837
-0.252338693706799	0.225683076480741
0.204010334951471	0.22091801795962
-0.184463195161099	0.168232067118612
-0.0668858064478295	0.0599795259719389
0.426853876477326	0.611714057987122
-0.0868448130866151	0.0766584046455726
0.295622398922676	0.335751651151194
0.237528167224302	0.263200348944867
0.205989275136321	0.170088173236815
-0.1629200872511	0.154632858759762
-0.493538712520826	0.447100126792404
0.377266057917756	0.341661809205466
-0.687973606274172	0.646215361446795
0.491606213629036	0.454081857480161
0.17388527997155	0.0596222487809083
0.182515705814395	0.0461929473161663
-0.613682540053849	0.148388769407339
-1.80294806323006	0.732963939188901
-1.12086886051128	0.33811902750598
0.14794629709387	0.867845050632434
0.085247074962338	0.336621536066688
0.12496293340877	0.426609918893536
0.146828406661788	0.448623244857015
0.183339093508325	0.487178120219484
0.487153254676137	1.28952511318004
-0.58821037913424	1.72702953982215
0.291747631627468	0.576256890208508
-0.217695673255643	0.355485956449056
0.51657131929449	0.547365701136748
0.0206550548602896	0.0144606800485642
-0.481516360171284	0.357405745033168
-1.07101739716775	0.722055850963609
-0.0937224704729131	0.092118069097876
-0.0830406528731797	0.10032592622941
0.289506853611279	0.502588247068467
-0.327522285172003	0.616647110069537
0.17347888032167	0.0594642874337986
-0.0649550661536319	0.039057183304639
-0.924615527636775	0.559676972624499
-0.379386021759956	0.157118615661147
0.172935900909832	0.0520977646892395
-0.695386906909428	0.743378055179853
-0.618171770369214	0.58684698896247
-0.471046780339722	0.244225289082318
-0.283646662783504	0.12882205540906
1.85151100608139	0.731488521526503
-0.084137908060538	0.0488480319138492
0.602546343633283	0.805510246778862
0.615611445205767	1.05311025024705
0.584761070380983	0.726080650060963
0.806608333057362	1.33259803775754
0.238591534426327	0.281993310441253
-0.529064201718617	0.765633407604484
-0.373303137333341	0.471231185844808
-0.0985195156297929	0.0784212162037402
-0.401120740646599	0.337781849396932
-0.116823960712664	0.101799447532445
0.0787918985379125	0.0672933989889558
0.0200697827403049	0.0164203550178139
0.130027315899926	0.105258845414135
-0.480197045800781	0.356243059971033
0.183758313448113	0.0710960759480295
0.689369698791533	0.22025689756634
0.425449508657548	0.194156627826106
-0.384259307968969	0.214983018161282
-0.0629303552611234	0.0248944393040827
0.0891313442185719	0.433505646024233
0.0911871105014812	0.370277141872778
0.273692534700251	1.31103709088985
0.172114895751089	0.507961378342034
0.0294054818047286	0.0492758511423069
0.153276627036556	0.292961215199966
-0.136598270151498	0.236370274088466
0.11931370693489	0.18477529171672
0.197125382700358	0.198032481441016
-0.581507028792103	0.595791080650081
-0.565981764313163	0.720054385335922
0.321952031631688	0.234607272987521
0.512989300156331	0.665410011612435
0.228292249850831	0.331149527876717
0.00775135193961155	0.0091882108075655
-0.694448070346733	2.27068099106913
-0.327006302768841	0.229995928074119
0.182610594106187	0.119242478982665
-0.656994504125558	0.714112982939101
1.01799305355011	0.838174080182445
-0.495476598007788	0.186560284391804
-0.496879333423488	0.187181684059415
-1.64989445763606	0.925627695155045
0.91437190835721	1.55544670709822
-0.0350207880579403	0.0323478590347695
0.606985367678484	0.669961845147479
-0.080759933159879	0.0825351870228196
-0.00158797028712127	0.00168347308780086
0.123853359099016	0.125898065964536
-0.0422885787353042	0.0417970888555373
-0.0907041118146374	0.0853207357898167
0.809140258779401	0.87369615209796
0.776712771173875	0.766759059709752
0.310543085567598	0.23550856651927
-0.01367734406299	0.0102973245302163
0.276520291301414	0.25108521630626
-0.0538776817997428	0.0381431783778101
-0.218997473385823	0.108121006907072
-0.197681301235905	0.0636672013988199
-0.38289783995174	0.158591419639989
0.181598622209813	0.0545451831920276
0.183960045070368	0.0552151922972765
0.126744518864178	0.712851720521824
0.0526190703960257	0.196726418896047
-0.243973948209818	1.00972920618486
-0.417365152639656	1.43155206305749
0.0111440249604197	0.0195610996045632
0.157116836136288	0.332383454571003
0.0721724116443654	0.120501799851424
0.0393826997509448	0.0325140073985562
0.723592946362523	0.730421727112092
-0.510425375353676	0.535336690144774
-0.60814616282523	0.536452097966017
-0.0133488570072366	0.0126682093619069
-0.185341199127568	0.266202605059053
-0.345542195140321	0.715789137697879
-0.387336818504951	0.928422949149537
0.322433246640024	0.223032045022714
-0.0612106039306853	0.0443744878621661
0.579424870835657	0.649083206939538
0.812678566554331	0.647005540859328
-0.956093906046376	0.469927680828151
-1.02041251088938	0.404886219696399
1.02117111007189	0.840506860662018
0.256091435478402	0.252407061858262
0.153832409489751	0.174431229100734
0.674886092933305	0.876331444430582
0.622448442223178	1.05058837711307
-0.177801301962231	0.199670151158216
0.311841378497281	0.446199031223123
0.360936012784616	0.503833609376926
0.167131562382967	0.175969887390156
-0.169353516424988	0.1557473841508
-0.123747220514657	0.115899120396642
0.735497082009032	0.829777711750345
0.447475279598277	0.445902027981928
-0.0802223283365345	0.0726671752720778
-0.285814348908438	0.2063506035027
-0.367354566826806	0.151663543087237
-0.325663137440616	0.0933864485177264
0.17133310499009	0.0662650406914928
0.0937052260887156	0.477474413567463
0.0621439040047215	0.232178415413478
-0.0119520691749854	0.0252787505207583
-0.395865245393054	1.44239886279795
-0.115553853462957	0.245858606387463
0.192757504474337	0.441572443333576
0.1951886307429	0.222827135946388
-0.597613556862874	0.803358265175384
0.0881392288054405	0.0815706675926552
-1.48243353912427	1.86197301057091
-0.0680365672949786	0.0679414336356812
-0.189414433434957	0.29527586480647
-0.393938763966932	1.01329546217175
-0.68798172263305	2.51145357359852
-0.572157593939268	0.885078215543503
-0.192446612475845	0.189430811744316
-2.05351794926878	0.93590991881049
-0.0552236978231542	0.0331732525552822
0.308234900109823	0.360243705415555
-0.130752411150206	0.0730757331332163
0.178826448677336	0.103743268542611
-1.95606064672801	1.34517691546402
1.04806783488746	0.995721165166307
0.267434919255165	0.356516921743808
0.0661630217852305	0.0685129740154792
-0.194876282604174	0.192180453631849
0.325588721342416	0.453067598457445
0.180518809652559	0.233997768905297
0.326743513431185	0.432033085350036
-0.227965691608491	0.270291756781323
-0.0559775813767613	0.0511947942397603
0.017833933031976	0.0145837436479121
-0.0432037240787921	0.0401497936252139
-0.0745297008438073	0.0531433709909621
0.182992070269366	0.194421412130159
-0.369666398381238	0.369095080358991
-0.0168242628339052	0.0601375880330665
-0.0409355974896185	0.113269390562454
-0.0012534179245394	0.00245418191364726
-0.183038372188028	0.442014253227624
-0.101489867126138	0.222794047051378
-0.600741642748821	0.887175605522483
0.422409999898719	0.501369220768566
-0.231229122857937	0.19014214100213
-0.786064987602652	0.671137103174522
-0.122543262886481	0.126748203602469
-0.108345317027958	0.143519885857675
-0.541536267909668	1.41380957363221
-0.933898342752234	3.49299075458523
0.348496989179536	0.212956870730281
0.172931850870829	0.0842230332278556
-1.14625878245289	0.636222020457509
-0.128368779999186	0.045648725082483
0.0539929635618871	0.0317015638598677
0.49827965836901	0.342829116148785
0.0321772560725619	0.0232683031965702
0.177112460767249	0.0772833039635307
0.180036590465169	0.104451596164359
-0.32485451718176	0.0931499749349684
0.928388373312671	0.50540097797507
0.0138967379641926	0.0110804552348107
0.244094808520484	0.276370911818754
0.0135777155783158	0.00862039069699861
0.418049177771267	0.50479289004092
0.375124283613997	0.472774645478462
0.742921419857569	1.12719486643294
0.349215134166398	0.418774424571093
0.601506594911084	0.822030918786457
-0.371600064589393	0.395162269946718
0.164759831546019	0.170365568684661
-0.411207035732406	0.348357626613174
0.464608060953537	0.453083650177447
0.0964321650304424	0.0657805000491395
-0.0266027883410028	0.0863745008123857
-0.282130014606262	1.19153377754858
-0.0844072538940556	0.172054993755749
0.117243572578993	0.252936879243501
0.246646167428321	0.372583184156901
0.270150832940593	0.389466545663679
-0.732055168065235	0.965185514706528
-0.653882348940418	0.672065812779996
-0.718475682701039	0.861038864282511
-0.154235336286817	0.191978227329667
0.150499408270472	0.190394416399693
-0.497005317876741	1.1413354851923
-0.327865390036811	0.30543346671023
-0.187289016370774	0.0604240643063412
-1.25847725986996	0.565797109462532
1.84525714600486	0.728756039651982
-0.386375630067264	0.21632812260775
0.758198279538311	0.636684830993936
-0.248433245438995	0.182955953547323
0.820472923274779	0.495899281763096
-1.65432545491249	0.930124270808386
0.165088029467664	0.0313824661178469
1.35960435833631	0.602767583717152
0.0270113497811247	0.0188750610135571
-0.301701190992153	0.283418125043029
0.0983513293477707	0.0644297921137562
-0.568710970726626	0.547853334715504
0.287519423340294	0.255798914934437
-0.132678437894461	0.103065852857144
0.363627526112066	0.336911013482661
0.0322438296390691	0.0233185455734224
0.0802274887013209	0.0522249376210336
0.687077706841022	0.711210257434299
-0.400057064010139	0.367994218722295
1.0811058805319	1.15523360760096
0.44980754967822	0.343934300367488
-0.317729087067229	0.188757392988122
-2.57522664974505	0.666917731403372
-0.0408256312205108	0.142604910365232
-0.0491508002587052	0.143246336630792
-0.0969756052840878	0.208435615854368
-0.421718279991261	0.634291374556031
0.0255888130165448	0.0249307631523333
-0.17246491222528	0.19272955268437
-0.771505556762391	0.654341476034568
-0.0922357276097581	0.101913192769456
-0.14365208439603	0.208242102976996
-0.345756979148886	0.652046264185463
-0.250516673170324	0.454017169449982
0.414016089436204	0.498437346231058
-0.117611607289604	0.0926965519301113
0.178626397505037	0.0870553175591452
1.80886933274642	1.02233061298162
1.47032706033056	0.490703617760438
-0.612487701707529	0.148134994320372
1.79614864713422	2.22816203947347
0.79989084084747	0.633550359178355
0.211611812597904	0.1702283854582
-2.04646433681651	0.931063046692899
-0.19265924146981	0.0621226000055922
-1.50335347787301	0.534889336029958
-0.0294516604824551	0.0127870592329626
1.66147399251124	3.31164532248118
0.278689889794785	0.266765784347584
0.0884479914242553	0.060122714039206
-0.0532996751473253	0.0443253855320746
0.937710032872424	1.57745379697843
0.121807647269304	0.10056134870156
0.365876838957114	0.41964025127269
-0.409938367564195	0.379478690935415
1.04179334473136	0.986976789357547
-0.0843067760162489	0.0589196043156236
1.90742089331089	2.12171139087407
0.0991731659193078	0.0702486778037491
0.330232619431507	0.215373215714309
0.627972925510731	0.478295556663196
-1.00864491686085	0.399310786990097
1.46833343766606	0.489897083934438
-1.49561006114969	0.531433597211914
0.0486078047763454	0.170005476916681
0.0554225650163412	0.149314721630611
0.199950467289146	0.294096260633822
0.098774673474396	0.0982061840473968
-0.553836228563074	0.860300558540936
0.662949887716255	0.601590100420349
-0.327987374436265	0.388542900124739
-0.182066084466529	0.267874901668277
-0.307488624861451	0.553551041209968
-0.691688310288064	2.01374848410047
-0.0705038220116916	0.057312780806525
0.206319212136261	0.17981499665436
0.27868192723491	0.260261485745851
0.181797220026299	0.070339345271789
0.174866744414616	0.0599504088128746
-1.49680843456756	0.531963842405938
-0.707845094848957	0.242262716671496
0.165088029467664	0.0313824661178469
-0.201906699363454	0.0650030146049408
0.464431839240503	0.337015742037115
0.305982476653731	0.241151493983503
-0.527618104451901	0.33038340521751
0.186069807523728	0.046984734903896
0.17899314570337	0.0538175920888867
0.556308696676708	0.202195250417483
-1.02207990828945	1.31967687954573
0.795027452027973	1.02878860310147
0.200552041047409	0.178413794006373
0.590416168508817	0.800271227905252
-0.15242833014973	0.141037905046744
0.644343156659344	0.864297204430314
0.961875478001072	1.70129465464071
-0.114106813947968	0.0785343685243797
1.26762239561234	1.25045563856745
0.0550430034510338	0.0322921010387877
0.353164293069377	0.2159860778268
0.716776691153389	0.829578460094446
-1.11219203292015	1.21201544202836
0.0528595219708985	0.0310449274993075
0.546346904865407	0.198325214127253
3.94919285179009	1.74908815648613
-0.611962616144159	0.147977912487881
-0.00571362455480784	0.0172319720606404
-0.391956685281132	1.32870923345401
-0.0634250606496168	0.062346235668706
-0.244500825346117	0.270093388047698
-0.927397694733439	0.967731639779783
-0.27258516107279	0.297697444989908
-0.343907658566868	0.702963607602072
-0.526717805395524	1.15493700199129
-0.199731407292587	0.373934136073233
0.0795381918309969	0.0706464803866736
0.186752657299631	0.0471525522204707
0.168910828881268	0.0579679737759373
-1.49680843456756	0.531963842405938
1.05878746464103	0.40482083139178
-1.24290411431059	0.556406222310856
1.84644215856505	0.729350990286639
2.15271754551677	1.51531929203695
0.384489992901249	0.195478839641043
0.849408948383461	0.361671672630261
0.430806078564723	0.196731405602619
-0.198392257320092	0.0638832149326698
1.3495769767586	0.597194616535652
0.930141010314787	1.16115544545314
0.584821630173892	0.79040618999329
0.555337044469574	0.583334852399673
0.438938730740174	0.434782010768754
1.2337492221032	2.33928774598906
-0.604333374525281	0.659353582924051
0.88456555106447	1.12152484467978
0.577113902499313	0.572384720181142
-0.856244085544767	0.911086432901602
0.544598410875862	0.568527343519954
-0.519087239833396	0.427017117684364
-0.404108145405883	0.401737462778137
0.0998610852876042	0.0682200120806601
0.965337505925772	0.951663543664619
1.06227192186728	0.40611816355748
0.182384642090162	0.0461735738884295
0.164778629348208	0.0313374327003096
-1.49608539149807	0.531478987360942
0.0930513293440132	0.198998992588276
-0.0123410484556173	0.00929690009633491
0.318946779616324	0.220172804706253
0.174541561886268	0.0598418639345934
0.301459047295487	0.236913254290281
-0.535303030205113	0.552357077062976
0.0787269197558353	0.0659186540462032
-0.506030111161729	0.646547128377583
1.3762865668098	1.27191745254853
0.328471253857633	0.214008729049899
-0.192319088112717	0.0619808040719022
0.184971072095669	0.0467387603153735
3.64995436887393	1.44813448599007
0.963743115659934	0.255236344279286
3.27272750868887	1.11966450015405
2.76559849788836	0.78194178274137
-0.618535635333325	0.149538863092151
-0.330698472981565	0.0947716626031445
1.59529375556191	0.801701096502037
1.34534186074161	0.594787167003823
0.181743714491496	0.0460173511561772
1.47086646676889	0.49088731436037
1.09010803168695	0.532759414449689
-0.556484820464217	0.400156040862476
-0.325582325201124	0.0933470317045756
0.185137847180599	0.0994308364914141
-0.616336775617665	0.358572447585859
-0.157892276604134	0.0833291883866356
1.13207892554964	0.865678478928933
-0.317356413737687	0.188505045372148
1.47032706033056	0.490703617760438
0.631923238961517	0.333514552153782
0.557018023353638	0.202406809251953
0.170273699586312	0.0743158708555196
-2.26570076564497	1.14310935010792
0.422963391886386	0.192770332115027
-1.79346061997896	0.390723019452767
0.0390677669728876	0.0573143230431011
-0.0356836018588546	0.0490176750929361
-0.184911671487113	0.140453074735814
0.186835100558398	0.133611233132222
-0.302647713934641	0.265304809028024
-0.688531596255656	0.838277634326529
-0.297287046080597	0.340392213917503
0.356856727526577	0.218655000426121
0.388078847678869	0.197329392844396
0.412687031377042	0.187644901882888
0.963214248695465	0.255090594573707
1.46964366147565	0.490422889690681
1.84140390214436	0.726768879551614
-0.619069360213747	0.149654914653121
1.96372117107544	0.45473924627511
-0.702916162136118	0.240304795913802
-1.11951983581622	0.337809535545767
0.184291063239428	0.0465991085839434
-1.79346061997896	0.390723019452767
1.96276901321247	0.454520391574277
1.96276901321247	0.454520391574277
0.690559056864311	0.220592978829305
-0.32485451718176	0.0931499749349684
1.11217654935007	0.68841911733725
1.99000162025934	1.2560899525368
0.39052668880652	0.198703082954474
-0.128368779999186	0.045648725082483
-2.04685059732929	0.931215390081504
0.558848617248075	0.203039883677708
-0.581744860179433	0.275799056914412
-0.617339897765464	0.149284387408846
0.825635989849477	0.499942053734465
-0.198757003958094	0.063979613393949
0.550942476833057	0.200036223470925
0.174045724149933	0.0524237595938313
-1.4702810167601	0.74144128695738
-2.57522664974505	0.666917731403372
-1.7934287506278	0.390727439150181
-2.57098043849301	0.664920470822356
0.362492687905572	0.999433013694128
-0.144167305129668	0.109826547071444
0.786831850613011	1.09236607230353
0.274054454396418	0.261407549497191
0.0673701501726103	0.0652648099870314
0.712708067608819	1.16993727898149
-0.0345981589795286	0.0149268191876678
0.181159179759352	0.0458876218072277
0.16619130625606	0.0315431724784316
0.967933372585482	0.256362285789635
0.963743115659934	0.255236344279286
-1.7934287506278	0.390727439150181
-1.7934287506278	0.390727439150181
-1.79693424859175	0.729556600315067
0.832503518696952	0.353141949264662
0.165880035481028	0.0314978449610492
-1.79346061997896	0.390723019452767
0.188667958543402	0.04756856032199
-0.119231040222735	0.0424930904552538
0.802425353051821	0.482115764221294
-2.05879756743872	0.939093080908095
0.191415156485564	0.111374316762698
-1.44440371871428	0.991148375430811
0.384339873370408	0.195103212494859
-1.16983948581715	1.18721813145107
0.759168660545789	0.63777225788824
0.175229935098753	0.0600621684845024
-1.45329789653404	1.00066507097037
0.178269357915488	0.0535920192892428
-1.79346061997896	0.390723019452767
-0.253820298549288	0.260296277896105
-0.493789743237233	0.751403409619542
-0.200099641301463	0.194577700757034
-0.225496286513878	0.202898836793067
0.0188672464929854	0.0175184795514938
0.376700946271669	0.191084604349696
0.18374299244507	0.0464795790495071
0.165088029467664	0.0313824661178469
-1.79346061997896	0.390723019452767
0.178049240810411	0.0452053813438565
0.964404580081594	0.255330782344719
1.96276901321247	0.454520391574277
1.96276901321247	0.454520391574277
0.165088029467664	0.0313824661178469
-0.123986971098977	0.0441560427469937
-0.761047651183615	0.494346268238588
3.2811485523965	1.12364699463245
-0.49452236666582	0.1862496485541
-0.0743623979206745	0.0292058440796538
-1.30595387314765	0.81014450346237
0.175436295619019	0.0577803440144785
0.431827071349381	0.197232117921617
-1.1182849071041	0.337405124817419
0.468214453891579	0.189971319278414
-1.50215938518201	0.53435945377886
0.267701147892246	1.0680116033213
-0.0553309544486133	0.105986522672526
0.159076087711693	0.289662442102761
-0.095921811693043	0.166948496019449
0.422988921278993	0.192971758264161
0.474806409465069	0.192958689821505
-0.381018894944038	0.212828355565182
0.844441707134117	0.359109180860946
-2.05841807823751	0.938874444900137
-0.613682540053849	0.148388769407339
1.090873223338	0.533536423719239
0.744719704183063	0.843581882500491
1.0071186724877	1.40679074331429
0.36800604677723	0.206840802182003
0.282052406764634	0.263898018639605
0.350264396093088	0.349735489255546
0.493770666509124	0.456484970517927
-0.0430571036747164	0.0316021033212427
-0.196085387855465	0.145214861375591
0.351250912960434	0.193353787589869
-0.211362176525098	0.135633168804193
-0.927990006803753	0.561937133714918
-0.317356413737687	0.188505045372148
-0.381018894944038	0.212828355565182
0.176691641798894	0.0944298434343357
0.186752657299631	0.0471525522204707
-1.79785205353169	0.391773074809323
0.00254348947461228	0.00759108305196822
0.143669051337165	0.526353272355332
0.324935239806022	1.42086840760406
-0.276756552933097	0.198926226104904
1.05001645861675	1.65389042109491
0.180152919935037	0.0964603915195486
-0.653807744885323	0.451225365951373
-1.7934287506278	0.390727439150181
-0.221069626651997	0.109219823039759
-0.211874660888964	0.221744009884573
0.555998600980366	0.784041418921283
0.654123961917967	0.779703225496955
0.359125230760252	0.470166446963441
0.646811287135909	0.99447274434773
0.592971584254238	0.946277143035879
-0.265853636569952	0.301649410321395
-0.729206240169713	0.921250869512605
0.507574878699655	0.534694045893598
0.29044157412783	0.266275574152965
0.0736836673631919	0.0457663251213821
0.983152981748501	1.20703360783555
0.553981535932018	0.562322655724443
0.388613138955379	0.342412048140325
0.927489578319042	0.504367479750778
-1.1245135089551	0.339452387639693
0.111324082714273	0.538073881067632
0.292640820850119	1.93428444230345
0.183526869823475	0.0983912794161795
0.745575203189523	0.622972251301718
0.447549047583235	0.431937892823188
0.931272231055923	1.22983159470957
0.055598943460046	0.055491009313599
0.189961719301761	0.110464977750083
-0.517445009550704	0.425296911829747
2.13847384175308	0.967026817523456
0.973605371907053	0.963404910744987
0.899345094892964	2.28823813925945
0.0694271649321102	0.0800752740221814
-0.0343647325805485	0.0298496415445512
0.323237482052446	0.507586127826937
-0.0033985003385237	0.00376961513230045
-0.219075709302181	0.31056152628132
0.097113991823534	0.121123587302105
0.303620687202521	0.327923128617118
-0.408958634170639	0.435871677074004
0.0611156439005092	0.0605783636061586
-0.703262798464701	1.04318117598246
0.106973032094978	0.110320987644588
0.115308208569252	0.121469187197406
-0.0585697336131509	0.0521799811054437
0.182549736686287	0.0978301883194066
0.104635477853844	0.567499103934277
0.196894828845112	0.262624017000773
1.11683682128532	2.82661848563196
1.37856708960328	3.51811055589872
0.314279691378262	0.597971513743065
0.423842824040158	0.93917582222219
0.124793590216437	0.219731518378664
0.378102856665298	0.47786998865834
0.494811388583611	0.612998948074123
0.473663774280466	0.345081910203208
0.448196490314879	0.446650339831429
0.374804060868375	0.714480954069428
0.280647070709524	0.521993267030534
0.128707643388951	0.15212364835823
0.371820337548227	0.744728303459175
0.157987633620821	0.238371543288987
-0.100303983833784	0.130471701850377
0.0260691340393622	0.0327348194340098
-0.186174864096009	0.24502527847559
-0.571220156333573	0.905312135940598
-0.156871898909408	0.204321042497855
-0.0250104696699348	0.0237028536624584
0.0286092914610038	0.0371489062389252
-0.0997529574272794	0.164970024656308
-0.0846892846016461	0.127919459387164
-0.00701843697205552	0.00602376735699238
0.279636413498431	0.247611237470776
-0.0132905160551998	0.0548242323728122
-0.262210403573906	2.27175296024804
-0.696220205520301	9.58522091120531
-0.340355823177142	2.30158837174665
0.329906463742801	1.51841543388552
0.137653152041158	0.388726886595612
-0.186078681805618	0.539090628449461
-0.0780820643962817	0.147989046208961
-0.0796077699018933	0.176964300276762
0.207528378841081	0.670560040571904
-0.14773349103461	0.383470263150496
0.148413578102328	0.387061486332158
0.289193407010673	0.599499272472423
0.185076110728506	0.0555416222332281
-1.00906318075178	0.399734482931109
0.477355868206581	0.609649495168363
-0.33862541007901	0.31774999266032
-0.0500774729264689	0.0361514472646036
0.196656456630759	0.135562146343018
0.0472405946051914	0.0422935969867213
-0.765307868310997	0.998898212979753
1.15958686532378	1.31743067818443
0.843664160928943	0.988417985610427
0.352658276905254	0.324349623099737
-0.153689312524546	0.162823837727521
-0.238755042257912	0.397921075730127
0.020678942703217	0.0307880341247122
-0.249961671391973	0.626882122869644
-0.158093950408357	0.312291293943946
-0.245638732265176	0.462259252237233
-0.0630204447083132	0.106725084933782
-0.0774170946181297	0.11280159532416
-0.0383644936914755	0.177346100126098
-0.533858760809035	7.47130654331954
-0.345689044878171	2.77074538869947
0.35784321668198	2.1243288084916
-0.248914570289356	1.1164675847807
-0.111411727215321	0.337659381291064
-0.0376794131594029	0.0847074096264998
0.173467231850731	0.547537650871894
0.1800142031131	0.582590801014348
0.14416218954088	0.377070115508131
0.0643634084179657	0.136526063806004
0.556308696676708	0.202195250417483
0.626107177791245	0.329864019696341
-0.741883926364618	1.02453374578343
-0.090789692652174	0.065244204898905
0.316665971339895	0.229880315546163
0.286952739390968	0.24797486715476
0.0763599257329435	0.0516999420509575
-0.129752775975448	0.122071671679093
0.185427218508322	0.423097908582181
0.0409437694595477	0.0684920782056622
0.183482339526592	0.362878388110843
-0.0958453993843315	0.533860050060508
-0.452623470181093	5.29516868015489
-0.0233224922541569	0.0667894973393096
-0.326754534985053	1.97839273516124
0.0484026138491431	0.12822883206455
0.0961487865883678	0.276284280400782
0.36757672222464	1.6840578422632
0.453970713791643	2.3258847599603
-0.575332215591588	0.272622944792389
0.380252353045824	0.192973296073417
-0.325040285981557	0.228372078599641
0.39505275820996	0.433897842844729
0.0620750957811261	0.0997948389441217
0.150423016638075	0.260888267797572
-0.0693988030369338	0.102226251954543
0.0795892689782549	0.0966062613506833
0.0609210103451004	0.299386117253812
-0.122211645604344	0.64426835046363
-0.803234494757449	11.0139224241303
-0.0919699310979235	0.304391722312964
-0.267641795241488	1.08319898781819
0.163920798673785	0.627082252450925
-1.25188772636848	0.561803268010386
0.0341023683151374	0.033404657565402
-0.0796048643655336	0.117041773986887
0.0504492119695237	0.240627637824508
-0.879006975528673	17.375098977785
-0.0384598026759275	0.128007299220518
0.00328354890748783	0.00845501997768458
0.399483442869868	2.70690023959471
-0.211848533864069	1.73278368140322
0.0941422939943419	0.469132960566635
-0.0954939752282388	0.40794646703531
0.322881255249529	2.22102881213309
0.444351676645008	3.2921032515904
-0.0206028802437983	0.0873363672088809
-0.0633001460542572	0.26459567496766
0.345642891926861	2.69016913286357
0.377297811922888	2.74722528661398
0.395908997670361	2.20534684183477
-0.109670310191193	0.615090313121265
-0.175443231354988	1.0971077971402
-0.115020324770717	0.506625062020426
0.387444430776455	2.31541556214167
-0.13624603616718	0.884597086523252
-0.177647271104488	1.17929746722474
0.103452532756195	0.412967182765489
0.103370227694222	0.327295380505607
-0.125238775905658	0.813254719882805
-0.0675316973539568	0.29670093799627
-0.146685649623765	0.65741846758184
-0.217528187452848	1.82363364866256
-0.481098411381548	5.88545010065254
-0.0109810275811844	0.0436281236202694
-1.79346061997896	0.390723019452767
