x	y
-1.08680655266043	1.26907547137186
-0.504685923399417	0.67762965838289
-0.0433558659813896	0.0402789579526888
-0.177619527686192	0.181615446209213
-0.0199928165147092	0.0150403126079141
-0.875350645138377	1.19122231320893
-0.405695695345762	0.374500270479376
-0.769861641777209	0.769717271841623
-0.491232045295582	0.444554556229026
-0.152615294137614	0.143569158240071
0.131978619482561	0.121793326302086
1.01980271400741	1.2160194591392
-0.300412637718336	0.263060237763094
-0.781684041095155	0.665470573835562
-0.274558339046544	0.197035590025946
-0.35581190261549	0.468916836049665
-0.539268912431414	0.689163391417552
0.0130436634392859	0.010400518150233
-0.0996764073964239	0.103642443210164
-0.238429564366901	0.257339425697986
-0.277879246015339	0.263116956385813
-1.11635950185261	1.21937965072149
-0.368932603264628	0.443273030886675
-0.482142152526274	0.433992128979954
-0.787424720067583	1.04134476075004
-0.244450860477179	0.217520561202072
-1.88630069624046	2.27604826991594
-0.474877240042807	0.425481058323912
-0.822420723375476	1.39401887869759
-0.577749749720244	0.782736405791659
-0.232734470556241	0.258682290630735
-0.36288558292947	0.383390166821785
-0.374496695868547	0.389033543017092
-0.42159401885372	0.469976452742568
-0.836362611739432	0.995622704732584
-0.203271538107518	0.168708640404806
-0.136134406783412	0.091616727829771
-0.295982653246982	0.258440904311316
-0.320303632861202	0.251836764603812
-0.476555263409478	0.621191757587564
-0.294995036897477	0.237101901819233
-0.30298471790447	0.178962179767183
-0.638801933305842	0.809104018929779
-0.154025710723032	0.140073215320826
-0.486707830106447	0.539405459303053
0.199238755271605	0.181082667576017
-1.30685905285075	2.19624224667849
-0.305275922366596	0.268089959977436
-0.322272677733467	0.277578343032372
-0.323754107024265	0.255179680375334
-0.207969880684627	0.203377571618763
-0.507995833959989	0.593259515004885
-0.102600363363804	0.0900778099346596
-0.456157469338258	0.475425257253538
-0.193366153152386	0.214122048652441
-0.496769327582863	0.695592207924659
-0.237393436436135	0.173807714726444
-0.39538609913699	0.39097944533831
-0.661367369493548	0.458520193367739
-0.298911528876453	0.240827134321732
-0.721223348965638	0.866438250290333
0.403238043280223	0.358308316620925
-0.415125818754202	0.486580044221812
-0.0708930360912902	0.0674879122634207
-0.43187324463266	0.731016420142657
-0.636528252956676	0.648163410537272
-0.726197014144201	0.874836618785625
-0.366211799765386	0.28374167414749
-0.166091222630473	0.0878714052834163
-0.624974610751248	0.364974044303962
-0.20761732367169	0.102247272371071
-0.99740424467449	1.41582094413763
-0.556970550175993	0.609604538014822
-0.504174528374991	0.190180123326822
-0.462462762454117	0.239306097746275
-1.14131512088243	0.633106115710811
0.58994669852259	0.472678358976676
-0.45086406884402	0.413602537764546
-0.506760731299908	0.488850783259781
-0.716447350217984	0.817694282273533
-0.606099387912167	0.743756693157374
-0.0582417887331919	0.0421809283642081
-0.467687490402926	0.242303913145004
-0.451914029618793	0.37562937679699
-0.889691375123312	1.21848756183655
-0.322993075056739	0.25448611117918
-0.285130611080402	0.129471991223548
-0.275616617644675	0.12484669693487
-0.376209902889876	0.155529298521426
-0.613682540053849	0.148388769407339
-1.50069847674699	0.53359178068112
-0.69681330218041	0.238104465757831
-0.497465981583959	0.187470275251904
-0.864315828789727	0.785010859456595
-0.442475295457378	0.437919591834504
-0.402664128340551	0.371014292074151
-0.720758487751162	0.865559615983783
-0.147248049612694	0.12613290785308
-0.256734333244137	0.224521406306154
-0.940811625070039	0.98832210508928
-0.892707770911564	1.10966100206592
0.44580816830426	0.340321034811754
0.445315094484275	0.339798865117301
-1.12593540903992	0.964482489969638
0.37929219041989	0.192413916943886
-0.252248900784253	0.156104452918936
-0.364262540078694	0.150356151100216
-2.05351794926878	0.93590991881049
-0.282722595363036	0.128310440570663
-0.497516840916933	0.187440626763235
0.165880035481028	0.0314978449610492
-0.330806989363238	0.0947777594762696
-2.60829519474798	1.58576492496543
-0.123615274187178	0.0439773688403038
-0.26856328462113	0.192207552577296
-0.0857252714350795	0.0755895097216308
-0.745228434114775	0.322263483734654
3.64995436887393	1.44813448599007
0.18374299244507	0.0464795790495071
0.167722678334851	0.064927369580929
-1.25122982966508	0.561359418848618
-0.479352971729628	0.355578376710616
-1.16756920760446	1.18358588504047
-0.0629672633346062	0.0378444591386666
1.64064749919073	2.80758894041737
0.0661602215186578	0.05496282262268
-0.769283573488262	0.651398679104561
-1.06228182029155	1.31538839534906
0.479646059710914	0.539818716822561
-0.377645291956676	0.426218663585975
0.938478271290164	1.41763463597617
0.307241242376769	0.232670327202681
-0.228841638651309	0.16675339775641
1.45248013535241	1.64532512322541
-0.446552216804085	0.294177765388579
-0.376401438917303	0.155856360577252
-0.955508871026033	0.46892875411228
-0.492545799481847	0.185468080029724
0.17273732603019	0.0668202643468802
0.186141976470538	0.0636707185506948
-0.0693590507969908	0.0273198390182347
-0.997705593170072	0.394086763646842
-0.0805533203504911	0.0316064148708301
-0.734000350753965	0.31660050330395
0.627348339905626	0.587679640321918
-0.277015506748517	0.283441804606397
-0.215775529969507	0.196977776690598
0.820025787587718	0.495545209938571
-0.0693000133061849	0.027322198445866
1.02315380068365	0.844251252158315
1.08074896976431	0.527239452172004
-0.438264922263945	0.28770492149384
-0.0693590507969908	0.0273198390182347
-0.160600718331975	0.0847539939754056
0.715904624231347	0.629809489249169
0.473170502427601	0.448601816453771
-0.24296395139811	0.247083163443279
-0.324759974508066	0.366409664716701
-0.202256690828515	0.196869065760449
0.193100278547315	0.203751415154034
-0.267625723267837	0.291108735876501
-0.222609221607965	0.161657931474379
0.517823647686408	0.549107364116035
0.417588989398238	0.443722813792835
0.683745434873998	0.953141613854981
-0.705602143335844	0.715411081825699
0.919033879352425	1.31303565957621
-0.493637909954104	0.512120288035698
-0.158627285760399	0.103916111443792
-0.105541512602228	0.0723732332178389
0.930495504679934	0.810651469651515
-0.709592047031489	0.805398299546497
0.178201642723596	0.121724318469319
0.182409863836401	0.112815892073486
-0.318826542939578	0.250531895319941
-0.197065152697555	0.146059155240159
0.178779714919055	0.0958690984261712
0.0597999007263405	0.0461534674364349
-0.526610807780893	0.582725257883694
-0.98633014270504	1.45928521488595
-0.184031734049279	0.154581118785881
0.20300564845483	0.167240588819321
0.0409486338493086	0.0296639298666636
-0.63660194608332	0.805223242949904
-1.1576013113474	2.05280782607324
-0.0448713937304742	0.0365696752739643
-0.128155851967233	0.0455963281180704
-0.498201158890918	0.187691502941451
1.65701594719351	1.17254325881707
0.418490707651304	0.190446434947592
0.17133310499009	0.0662650406914928
0.596885599937837	0.746816442326973
-0.402141722081026	0.452115121815854
0.189368303243864	0.188967280128988
-0.0311509725096623	0.0262856327226801
0.208682543602873	0.195344090432739
0.521453418659905	0.470088863374912
0.134297017925165	0.109040760502347
0.299029097242686	0.3343743187519
0.0556184018413039	0.050918394150023
-0.594256250284395	0.644585614081881
-0.592622186333987	0.641849460369979
-0.682892307320876	0.639621253001522
-0.127091474684451	0.0709850013835464
-0.244353080056095	0.179517248351851
-0.070246177321379	0.0500163366518563
0.305775895094237	0.24098594312251
-0.122879112970507	0.0849259869000142
0.188672131748544	0.129569932383716
-1.41863382604493	1.70470585973008
-0.0643208596630264	0.0386579901362291
0.722337911259019	0.728327834817209
0.385219488896084	0.420029745617232
1.07995326632971	1.25639158930169
-0.00276381833399417	0.00175003139352624
0.183098997596191	0.130632248954219
-0.292711852426039	0.23497836604467
-0.406126666970022	0.342775341906761
-0.1629847045925	0.149235671924787
-0.983066065670305	1.22559111377115
-0.370839408217161	0.437714498870462
-0.996640734959285	0.889567830970442
-0.00224111110166813	0.00110486060283283
-0.326413059329956	0.257589429107795
-0.281366949275407	0.224216281416483
1.10879543484315	1.40737593866087
-0.329600855924234	0.328017359193315
-0.0590664722046397	0.0476791269409627
-0.300361246810288	0.177173457029696
0.299099889558906	0.234883447895506
-0.523359308761118	0.509937289796681
-0.470688486321494	0.549058956362141
-0.194830208188291	0.192083982676764
0.185701674329889	0.163431197326048
-0.0900630509035855	0.0523299469359696
-0.140565138143827	0.0948117419858092
0.323283368372275	0.22349550552842
-1.58164258365252	1.20098132961424
-0.298956995333903	0.136286694492541
0.931870676653518	0.508255650947335
-0.69972803399179	0.239135688134409
-0.12261043679513	0.0436371800151759
1.35276823183269	0.59898514245525
1.48345406279339	0.934225579782075
-0.283893553552938	0.128994142604561
0.934267189154712	0.509582316706714
-1.62260795454007	1.64531316382418
-3.7511927754544	1.4825089606666
-2.09480955499753	1.58936489005098
0.429149441953215	0.357809177103621
0.0438353849142772	0.0404128075193847
-0.414669939512294	0.415154649185219
-0.229239872920911	0.113460883500201
0.411289221632577	0.187092169932754
0.56784497637255	0.331364920243048
0.622204192345036	0.327229075576889
-0.20935303956064	0.134270606893333
-0.902044171472631	0.650963875885073
-1.26078805541165	1.36157884658551
-0.00585044185184298	0.00270729069756348
-0.378670225762189	0.25836167673063
-0.774671563152669	0.828871277914678
-0.403273570667437	0.400877999159862
-0.210136198089009	0.17506300038887
0.273322467971887	0.247654170002188
-0.371433050269543	0.252720542152746
-0.38258961942636	0.299017645150173
0.386464579159994	0.401693647247584
0.140811421045929	0.120506852874033
-1.03656102556821	1.51877188647881
0.142039477713384	0.127057552737434
-0.0434487166369798	0.0268638153586424
1.02459671218045	1.22480969497356
0.109012488998531	0.0775730245262064
0.349315113180005	0.21329366245255
0.334784331081899	0.218967991273022
-0.677081951656656	0.472655628488253
-0.464121241826324	0.240446449808593
-0.609489833121369	0.147475344257464
-1.1389521833296	0.630671614311892
0.173675896434513	0.0522954303204406
-0.129371030234611	0.0459892945729162
1.34112575826497	1.57518048879063
-0.681710126617005	0.537454175055709
0.887845532835654	0.660307841540909
0.705393676390323	0.332525961694683
0.182984896890293	0.0891748154446275
0.313610690594685	0.227600750367184
-0.167788241222582	0.110372147173321
0.110006964353029	0.103594981999274
0.153494946893264	0.132462828895389
-0.765649321306482	0.498414246038161
0.736211824623445	0.487520981922916
0.0486181335816539	0.0267039133039806
0.342733341298016	0.208785839868321
-0.458164877518159	0.382127961666364
-0.571834686058296	0.270610949502262
1.54401884595234	1.32308953196484
-0.0687905672431759	0.0271293223108896
-0.665463698042138	0.520642902320221
0.185725551810967	0.0996093577222247
0.0280339840383028	0.0234899435130389
0.348824673774649	0.394849997802663
0.463900820672832	0.542171549109381
-0.358032459610246	0.45409236447213
-0.37012850772848	0.41545305285576
-1.71459895181271	3.04041491383856
-0.424912786912007	0.415844936832712
-0.313860422477996	0.316185054010819
0.364569093305881	0.337957184884018
-0.0825820613092895	0.0576689543376622
-0.714359992825304	0.727645856948201
-0.473627280769188	0.398204403455501
0.412452670825875	0.325596964432838
0.111963366449878	0.0873142294148012
-0.37345333656098	0.254378610733807
0.0676871468623706	0.04198651306866
0.19065851306496	0.131053411493255
0.692540749904502	0.718722425865857
0.997336066638618	1.09120433507379
0.760055499039796	0.743992805003926
-0.206297473877006	0.132127503128992
0.0976558192974934	0.0639913449975897
0.91737391354715	0.942347664800069
-1.41450491817702	1.48602487275641
-0.230025133709281	0.189013487136983
-0.322762815916814	0.254171385753311
-0.225145237816185	0.202495500954657
-0.00674175972131431	0.00514782029917524
-0.596387308532112	0.647617208814787
-0.0547444526422409	0.0338990597640314
0.00722948324901061	0.00493749211874328
-0.205548619861918	0.170842376980787
-0.102433023398341	0.0817128017957148
-0.51060595291597	0.596924958446911
-0.564212321845316	0.407099397209357
-1.26311633392967	0.568411691186277
-1.00835638596109	0.399381922624064
-1.29738000343177	0.802267935472529
1.48541446188601	0.934672768937048
-0.473616977603869	0.245935393798248
-0.625394911607526	0.365302627449566
-0.321612896123504	0.253172266124564
-0.196434116304271	0.215827073119283
-0.451922278456615	0.605542594465064
-0.676603034883137	1.00909664053238
-0.424939181665749	0.59261440302481
-0.129806058320034	0.112049215708817
-0.219535285475816	0.184017158674976
-0.327556408206383	0.370431089839903
-0.484160615837814	0.653188070702989
0.0389865173246984	0.0334691001641031
-0.266273252113092	0.249947167329803
0.0802490307332219	0.0712535543958441
-0.208308466320106	0.173250568522343
0.328234276862683	0.330625048473792
-0.631625453407488	0.733331059173878
0.367242419645896	0.351237083365939
0.963785386765495	1.17283317461218
0.307111718424202	0.242269491433743
0.133349232900083	0.11604351164661
-0.553112309774166	0.737405693084199
0.406682077674138	0.439853552137156
0.622790184174745	0.749916887885554
-0.495458949919605	0.514861109050986
0.195256506486512	0.160092746903935
0.00993459428411463	0.00794447339337536
0.643447449903142	0.67586931756632
0.184960352945374	0.17359398038666
-0.117197503336969	0.118962008248138
-0.344446534683042	0.346581578578003
0.479229546038205	0.600225096806843
-0.411919807940017	0.481657093051527
-0.576590166041884	0.638678036431067
0.105221391207784	0.0986531410522816
0.0252668068760819	0.0215655085656578
-0.249744328012002	0.304389653369701
-0.980431758877229	0.869216552300117
-0.208557377661762	0.133622195440117
0.322832413481058	0.235237184474731
-1.02287984039439	1.39741119952428
-0.21254448975681	0.177372375542493
-0.328642385150932	0.306361551704255
0.380515649142081	0.193225077077108
-0.957088411039132	0.931160413661143
0.707522087996549	0.81462267885336
-0.0735281882230368	0.0587983674565102
-0.243429835457566	0.28844168369332
-0.817605485514581	1.15939986869876
0.681744968624826	0.703357748168779
-0.14662298218627	0.11199966464168
0.343676905356732	0.209562328034455
-0.209357007260359	0.103051383830693
0.178049240810411	0.0452053813438565
-0.496879333423488	0.187181684059415
0.819578418365597	0.495124812467047
0.551298334729919	0.200249958464128
-0.581797112652481	0.27596306596272
0.171255302338825	0.074621055277552
0.688185381402826	0.219868290083128
1.05767758057376	0.404228581247508
-0.0345981589795286	0.0149268191876678
0.844441707134117	0.359109180860946
1.3495769767586	0.597194616535652
0.182336403143595	0.0547549505032696
0.168551797974127	0.0735094148580177
-0.128368779999186	0.045648725082483
0.177128417646057	0.0772826073847812
-0.00170856791913034	0.00145039704074112
0.306627498686871	0.398273051527255
-0.088264763479373	0.0792337418446314
1.42112507742604	1.10746588682382
0.18374299244507	0.0464795790495071
-0.203686449811516	0.0655556144258791
-0.123986971098977	0.0441560427469937
0.166615539254357	0.0726362233328343
1.38289084679546	1.27953862403617
-0.895867426454442	0.644591835016014
0.496569035899238	0.340991531974485
-0.203617998551166	0.15155589038371
-0.661202613017828	0.516181692705256
-0.419780080737843	0.319250944379801
-1.78952195551385	3.04276472799305
0.207741652388627	0.194270937534564
-1.18460957114791	1.93317905324114
-0.166548812222795	0.152839012238588
-0.203712101740179	0.15162848700573
-0.29079126190171	0.233194613871974
0.44935489280431	0.343326741715391
-1.31813092434173	1.07198928508813
0.00586328542515902	0.00250036437594212
-0.207126436578926	0.101894382548653
0.622709031636933	0.472915576496377
0.720948174329145	0.341130987722089
0.559194393002298	0.203206497133562
0.424394200477465	0.193521395215672
-1.1344527678797	0.627657685606536
0.4678260652541	0.18990422172989
-0.192291270763335	0.06199269927475
-0.369839048039385	0.152920865999092
0.967933372585482	0.256362285789635
-0.0796984894124443	0.0312566433568414
1.47128993436645	0.921979346329747
-0.3735800594725	0.208101305503854
0.626586543456033	0.33014561589744
-0.395566153939707	0.362815479285653
-0.144222189511574	0.134942951050942
-0.934969405595832	1.05338362457308
-0.872805734411596	0.796215452761579
-0.7710915364353	0.416221495315011
-0.217700533921823	0.107279852858221
-0.900679306230623	0.649810775056302
-0.389448037384344	0.305380026438341
-0.320281010212049	0.0918656344140368
-0.750364995739161	0.325029815455567
-0.16453350761608	0.0870218544747272
-0.123780646939288	0.0440694869194097
-0.204365097347423	0.130740600933205
-0.526293554855458	0.64481548240184
-0.0134008375736637	0.0115769051377273
-0.452223516712035	0.532698186319332
-0.444851622141878	0.521432106448132
-0.492913619535358	0.511340050685863
0.207129160423836	0.189500537133008
0.63570658367099	0.690108045400634
-0.552540232753698	0.496031414389189
0.185211562799902	0.12108131877121
-1.09294036079732	1.04666094707616
0.335224468515963	0.331097519220557
-0.359575038715169	0.2775271775633
0.536580303814616	0.466339706060955
0.936356596789821	0.817969020546866
-0.273819522702872	0.196540949803839
-0.425872893646772	0.324992922475688
-0.37102991587122	0.252114139745782
0.340009457732226	0.222678537058803
-0.0911540356007344	0.0529992844957195
-0.64614733804965	0.445248024066349
-0.385718683307866	0.216158679551706
0.313870290390072	0.238458867843051
0.196714304956108	0.141355800753127
0.128106051540355	0.103540149488116
0.127290351478294	0.10290015661341
-0.621951735059327	0.717966828369369
0.0193800340483482	0.0130087723443132
0.636476114635302	0.486446423400454
0.0554241458483983	0.0415620478471572
0.0955971863872477	0.0651861270328823
-0.501903639939025	0.583512840806077
-0.626345771328462	0.365248598572641
-0.113630845185341	0.040573389822797
-0.966194768966732	0.476098974247051
1.79296220817658	2.21997830037318
0.178564875216849	0.0779351068292143
0.335363920376218	0.219169989583853
-0.167699663798961	0.110360236477852
-0.293730531914561	0.298093361953948
-0.827412612859425	1.13286617425448
-0.0730622946843161	0.0706044094518284
0.338759788888258	0.431873236881972
-0.214900624826287	0.221554006343329
0.00945936361576377	0.00827472263605729
-0.304142898135073	0.286166355048761
0.270324156540608	0.257251942027351
-0.22691145706832	0.204369073754851
0.21035648316957	0.174104831004428
0.00058665317912784	0.000354450829263913
-0.0868646890223652	0.0700305958463346
-0.143012845935195	0.122121766128941
0.308950308486582	0.253285824859528
0.576969519151361	0.572231065674412
0.596999937675385	0.574657389748919
-0.369862932294388	0.287169908342503
-0.356993762516845	0.303893305349715
0.505525423562279	0.470478842418471
-0.0205802493459066	0.0130030224547519
-0.5928325360839	0.478501774114137
0.335984022045368	0.219663137972329
1.72237295171589	2.33562494394785
0.207470440655664	0.149928269172974
-1.05591616558903	1.4849466531576
-1.0170402427698	1.61473789570589
-0.172760404261329	0.173191728379828
-0.126204651258819	0.10868772983638
-0.0442216144372133	0.0324707789240603
0.371671175113623	0.335298908507279
-0.0121339601588862	0.00914804546241296
-0.373784979887633	0.321355646811365
-0.0407899664208286	0.0364290388927698
-0.0154754341624367	0.00986988396576129
0.191998746222635	0.142930470664044
1.14628698237599	1.17294001506248
-0.929014745012685	1.04337611234428
-0.286272593835497	0.272803112341
-0.527242496859613	0.330156404379792
0.476290147960385	0.347522892201654
-0.0819465676018572	0.0658796535483369
-0.439756514453508	0.484207678115008
-0.151733186466249	0.151902010058718
0.197267911122613	0.190868705987006
-0.404737786270462	0.341536229467215
0.557784352844924	0.466207447985205
0.0919979949139613	0.0649445132352021
0.68402590792519	0.491290095410915
-0.283674460913501	0.128818748326983
0.184868824647989	0.0991613726718908
0.8855119170563	0.658730008172786
1.29150898693068	0.716805354884034
0.843422236893639	0.358554124858322
-0.202976861420011	0.0653350306430413
-0.745838143765145	0.322552749669043
-0.361828795083984	0.149260915758635
-1.79653379913892	0.729391431830202
-0.368236972131336	0.152031255079609
0.831491739983733	0.352594617909251
-4.38897178459779	2.2234907904959
-1.64933127194493	0.926304299388462
-0.582638265906335	0.276702064574554
0.715448466370102	0.337890549600564
-0.203271538107518	0.168708640404806
-0.344106014143509	0.483947351768074
-0.320733584773282	0.384298597640992
-0.165597523607249	0.0876286266869869
-0.367913871535984	0.151901263292454
0.0773970717719715	0.0481161113538391
-0.274607101712225	0.124392898693099
-0.121703529784001	0.0679135744232339
-0.168874477793184	0.111191904634456
-1.24021469077912	1.14854337733687
-0.211707068624838	0.135876866840774
-0.0888228608021309	0.0516302438206359
-0.304774605269963	0.267538070957177
-0.688863220439212	0.647338286574026
-0.424360092633241	0.396026115828006
-0.0332348123067064	0.0205717622840304
-1.01057027508758	1.11840730339232
-0.501417045993455	0.481856530956297
-1.34682580272027	2.03676632336089
0.38816835436138	0.424290050251918
0.126908555612773	0.0998929978968218
-0.235742904447235	0.172488427004998
-0.913617121609404	1.08532194645577
-0.517241514167097	0.322576762591071
0.636060779055441	0.485886446978883
0.00800547239504811	0.00433748284292277
-0.584593974811294	0.277733537849142
-0.566369287958662	0.409237397327731
-0.372608091387318	0.207505569574829
-0.126198978728737	0.0449018483226973
1.35170505429441	0.598459395279544
1.09247799441691	0.534633070236409
1.12670040606338	0.700796530067442
-0.750971766157953	0.325331624245207
0.175155035311403	0.0527334069281177
-1.12519556185123	0.339754109482426
-0.748750624071192	0.324201697189559
0.174504111440695	0.0598231088959162
-0.116802297096189	0.0650957957221184
-1.57286336211112	1.18827079387898
0.205439681885178	0.174256918460065
0.0867869284801258	0.0904218689257121
-0.292453223735891	0.279831417310213
-0.769687275604676	0.502106233875864
0.686721713829268	0.219371725498129
0.711772847978243	0.336298286642397
-1.00835638596109	0.399381922624064
-0.0374950757899817	0.0161055804926104
0.916888607063559	0.941237184164465
-0.774317406316668	0.971598924534798
-1.20930809939811	0.903042430450837
-0.100504798752662	0.0687520890497662
0.0854563205591682	0.0733635165690862
-0.372920218155356	0.347842071879195
-0.0438925650307468	0.0403079366696069
-0.331436676519854	0.262338980798368
-1.40325311246365	1.67592121485859
-0.328578110028624	0.353663571033232
-0.492688399399798	0.636444520625342
-0.754931641505247	1.05081697855892
-0.326212614727381	0.257428964834479
-0.596212088568216	0.481935981846
0.283541586619907	0.244389141381182
-0.377378048412231	0.257350850531303
-0.444694224545906	0.368137423532838
0.312087047334418	0.226277947262902
0.978542896407386	0.969957065958073
-0.0898737166511472	0.0522594372318545
-0.987394469782041	0.878039408028216
0.87659674761686	0.649749689652358
-0.554598997833969	0.398695001690283
-0.120362309317848	0.0671567685081903
0.735515210049028	0.486882792022853
-0.0122864085095971	0.00558386141968598
0.627088941487675	0.330467968303031
0.0210895282552303	0.0107228921571588
0.526503201761362	0.336022153626684
0.346220447726069	0.211336590939247
-0.414252428579548	0.351501252494685
0.555546450365013	0.649527020545036
-0.627251199921482	1.02536725524099
-0.184454909885323	0.180345027253781
-0.235466795496477	0.172274252495299
-1.58107110888979	1.20005774903226
-0.655752367803446	0.453479597986288
0.187130268553292	0.108809083761774
-0.292894619925782	0.235157752590447
-0.533180956699237	0.473505222801407
0.102187512486345	0.0698813544882626
-0.312743585712526	0.185413970819748
-1.14423780041102	0.635061834809115
0.0312171122956071	0.0172761390343608
-0.215259539173764	0.207596315359223
-0.469267419138087	0.671094695985854
-0.989953931184207	1.46660826900228
0.562193735403554	0.796462946547245
-1.15400396114823	1.8341182599409
-0.862238747419781	1.41653246253191
0.0867637773397807	0.0730354017657331
-0.521290314050041	0.870274109403986
-0.646626772614206	1.07277414972111
0.217018708154476	0.208863050760852
-0.320444143831037	0.342650819130598
-0.681905131533375	0.955408319772229
0.634674277059163	0.82482152699844
-0.613535824762107	0.672387105589424
-0.497286759428586	0.59028895894857
-0.553578243218217	0.80002263931494
-0.433972369932079	0.487739556472982
0.936920905277946	1.41320075788768
-0.243248934187522	0.234626743752238
-0.492655540558867	0.510960830510289
-0.0639409261890944	0.0526808248408022
-0.565924583917721	0.694512205974845
0.507908152816875	0.620734266061936
-0.0613870769163681	0.0548399868545681
0.269682982833626	0.262525629994728
-0.336146079100301	0.314964924490714
0.457249355281676	0.562950977133354
-0.0310057342588486	0.026514240215399
0.0617896949476359	0.0586939025296329
-0.590868289069603	0.744787960850609
-0.150243064914522	0.160870438928489
-0.17893110845684	0.149776911934689
0.874674333675148	0.647708777379317
1.35358752126448	0.59927309259513
-1.80221458601455	0.732350899472888
0.166109190103664	0.0723713491658758
-0.0743623979206745	0.0292058440796538
-1.08477385962814	1.03576713403968
0.0992897754158913	0.0894872349455249
-0.618144638339743	0.711768309071014
-0.496752632800192	0.516623574951017
-0.319823117505394	0.348744066408765
-0.509024139722647	0.63065485114571
-0.309292350481385	0.291595922906409
0.959220309762954	1.16404666725722
0.376703624738097	0.417430423162125
0.710416801277161	0.915856445560782
-0.409906061926703	0.409108465155268
-0.0728477880441299	0.0519246037577402
-0.205129117410709	0.152764754718906
0.392780409079117	0.334395039391154
0.766612841035734	0.753444774468504
-0.140245345009236	0.0946090006382486
-0.0543705572641795	0.0393109594613022
0.598735242809002	0.577142081454429
0.0942578097841473	0.0642373385769653
-0.958135082475339	0.932812943532666
0.286559101449981	0.231861375088727
0.850763285051301	1.00032303621892
0.583444609231845	0.580546835947163
-0.515177974779392	0.42290896239637
-0.134145038754553	0.113821462997291
-0.161113824462758	0.159992872863976
0.297550402500935	0.266441658560804
-0.0216059946918728	0.01625680768647
-0.259920542461068	0.210935275378002
-0.150154904500928	0.128889977393131
-0.101378613919551	0.0808453220458278
0.572953567702959	0.566921151702934
0.105960474912894	0.0752878600730146
-0.959955162431576	0.471860683211569
-0.317929412585322	0.222528978807986
0.367757890669868	0.206719923386433
-0.849190366772139	0.900131336179009
-0.382519561840998	0.330508656800077
-0.883308622131975	0.727749138952023
-0.863252763393646	1.32123322013339
-0.913117723495426	1.34049501539134
0.0307146733771513	0.022209971668177
-0.818722737820592	1.11468247783604
-0.106569795461891	0.0834274821874286
-0.277380533538594	0.220617665309074
1.34174587736433	1.5752112091757
0.194773593945427	0.127754844549629
-0.148668328098419	0.116600907858076
1.55864617450987	1.34544520270275
-0.249730961752966	0.154310572845625
-1.13488624497218	0.97453538844149
-0.248447761769429	0.153506740961527
0.42677536625967	0.339728134666879
0.742617865981405	0.619534840372273
0.633660270423425	0.334424258526487
-0.0322716519749202	0.0139514444479637
1.78771096680088	1.39807497189427
-0.0452231971480022	0.0279606823424923
0.370339657652369	0.208600342951463
1.56368776089757	1.89827868401559
-0.170242018400627	0.156712528381461
-0.294918380285416	0.351713496097336
-0.982415664298408	1.7177580902591
-0.141593867182576	0.0955701902442368
-0.294350551949564	0.134037303354356
0.00987046295924445	0.00522578833959375
-0.136314241207401	0.0917774240174211
-0.33028605755553	0.232667837184676
-0.00150341885592006	0.000958483492452693
0.363402580265161	0.20384544743461
-0.584470498726841	0.27783612441145
-0.372922563690352	0.154219741892078
-0.466784598352498	0.241778321211318
-0.655008688084472	0.452789721460445
-0.199739594795254	0.0643228222061803
-1.95673546223086	1.3482581872478
-0.685342757988334	0.86831389403252
-0.692716408315002	0.882475125272545
0.196408278824511	0.161103083192399
-0.296581503569961	0.301525082037652
-0.182538503788598	0.153170991614489
-0.199842967446143	0.148376753533186
-1.58563028604647	2.37026516227082
-0.334080586628402	0.312466244816147
-0.435217802497472	0.395447967774809
-0.32600924355882	0.229080183155037
-0.372933397154213	0.253942087512193
-0.17464016561163	0.145764776162595
-0.396704654707624	0.39261263149875
0.999219506312405	1.09422064845509
-0.183844975374835	0.121851389576808
-1.07531834456393	1.2484953881139
0.452648710417335	0.438455872660941
0.293655309203791	0.254726107135254
0.129492038698762	0.112399710531964
-0.141052298874509	0.120297249552866
-0.285130995362989	0.247098740538855
-0.84810720645767	0.898967028938305
-0.941462942613349	1.53562553863362
0.969861255291303	1.18375657527905
-1.58499457239554	1.20398508391291
-0.567904075484539	0.268461926728875
-0.123780646939288	0.0440694869194097
0.186752657299631	0.0471525522204707
-0.19626072319558	0.0632056639998214
-0.768153723345102	0.414472522293522
-0.130549301540807	0.0464048048524172
-1.62262012310312	3.79656447904422
0.111570875858848	0.0892853779547051
-0.199203751617068	0.22178113767901
-0.146015938391284	0.124963081897434
-0.236555988205538	0.267881777966092
0.590654293653022	0.58996381178004
0.293962557783134	0.314989653455815
-0.509290303702422	0.651627151082641
0.89459056907524	1.13930749038272
0.0357705275854637	0.0266581802801102
-0.570797005819295	0.550539487336523
0.678116740252137	0.882391976096216
-0.704587256690379	0.94017518356047
-0.83959151552766	1.00089571044265
0.131851679702444	0.10688152063467
-0.00342696537034337	0.00218068463362909
0.199716480586234	0.168835334151843
0.261131573326788	0.269331147918165
-0.0720376964294388	0.0564163154432948
-0.0426190525861285	0.0346946017668276
-0.0845423237189037	0.0744975103627339
-0.397442931557454	0.445434031928125
-0.660235225951916	0.943223491740833
-0.35468305173824	0.32681482677089
-0.284901644268299	0.129167011116823
-0.930456851969879	0.564632894841954
-1.25716493894818	0.565002810504402
-0.124226356552131	0.0441913898094736
-0.304546589917804	0.180110049319348
-0.505816478238424	0.680098948216757
-0.601952069776559	0.764675583436626
-0.334812685718929	0.342291488884965
-0.282284221964202	0.225235242197723
0.21692236503154	0.204176873005625
0.472332768865491	0.528586194382069
0.00931026941252507	0.00631551724485233
0.0366180654475784	0.0201772989926544
0.358259205915611	0.330672960357202
0.811955712042735	0.488802237280373
-0.84280671730599	0.950026956898047
1.36429920427422	1.44562440679105
-0.210506444654175	0.157266907707357
-0.597537844633372	0.483251151325486
-0.14021102166912	0.106684164684523
0.202073652841765	0.145649260492854
-0.921515950001281	0.556139773020507
1.00511538447732	1.10355135158644
-0.554640425636296	0.398865763762942
0.49195635905732	0.336905592838818
-0.0709713505303131	0.050545222374996
-0.32462445047175	0.288427727888353
-0.463148623035844	0.59695521673548
-0.469980318165058	0.458898671665675
-0.702916162136118	0.240304795913802
-0.371810273970554	0.153719153369864
-0.763792446813763	0.410756424700134
-1.26349201231827	0.568233110522754
-0.618535635333325	0.149538863092151
-1.80255467315262	0.73276942485064
-1.49825523114142	0.532562193916483
-1.25847725986996	0.565797109462532
-0.503852614714804	0.189998350201095
-0.135134010916441	0.0479974607496354
-0.611962616144159	0.147977912487881
-0.326771057218117	0.0936418390224184
-0.574304433139484	0.272012598870886
-0.0308705242312164	0.0233068512716595
-0.106790836349009	0.0854497647173385
-0.600581537179889	0.653626527670007
-1.0468323146744	1.84500309970145
-1.29567282919703	2.03128815479006
-0.0635809468106392	0.0514865300299717
0.0781545106256242	0.0693067559074188
-0.42168582938156	0.572594423566507
-0.0748356088442115	0.0533312507787537
-0.533257271543157	0.700657915487081
-0.373092985332684	0.347867227725909
-0.249671798202994	0.242215962850706
-0.63389112589636	0.85207820371544
0.8471601962344	0.994489685467368
-0.176767621631933	0.133668039227585
0.00308846827408547	0.00193104947999863
-0.552876744641583	0.397146482579489
-0.402153649991718	0.338740722170014
-0.2657073275761	0.233792496777313
-0.11457106372861	0.07890334336361
-0.174573127375746	0.115218249436826
0.194287209878746	0.127514784540461
-0.712653674664732	0.769465921669826
-0.177426639954336	0.148251008601751
-1.49753171438992	0.532305096548695
-1.80255467315262	0.73276942485064
0.181837521716867	0.0460537144756759
-1.1245135089551	0.339452387639693
0.182515705814395	0.0461929473161663
0.184338509014023	0.0553315106563962
0.475414304078317	0.193168598953148
0.171690427224654	0.0664790795125569
-0.334713276695182	0.416130446837761
0.208380512080506	0.181880533277788
0.12357095040965	0.119644874444562
-0.22974966698681	0.207277240572349
0.533217716766594	0.553101135426994
-0.922146433089185	1.36127788443971
-0.289531513931715	0.276477927119683
-0.277311327242949	0.317643930713703
0.214984788260474	0.202177243429032
-0.620173902910307	1.10495047714472
-0.103029956555461	0.0904618893005846
-0.168176140115533	0.196282931840621
-0.178360061447152	0.19022977286281
-0.398106511273294	0.493541541723683
-0.991645931532269	2.00173512179844
-0.476095847328254	0.667396533811258
-0.18299274185454	0.181836534419162
0.323509961687623	0.375594209278248
-0.580248786417884	0.64427276111191
-0.658943554290225	0.845443578677265
-0.149133769372435	0.146560351297981
-0.0787318842315088	0.0822442325284758
-0.62829096051849	0.789459393006904
-0.41566922504891	0.487522670888594
-0.613804976594409	0.148553206549543
-1.25226765229536	0.561714594424903
-0.196970790009868	0.0634432336968819
-0.848284145478992	0.898897813997953
-0.372319070470119	0.207472861237916
-0.119231040222735	0.0424930904552538
-0.961504298141387	0.472719513306896
-0.613682540053849	0.148388769407339
-0.702916162136118	0.240304795913802
0.162221371653026	0.0557082798659641
0.711399968443591	0.335825568860817
2.76559849788836	0.78194178274137
-0.493870226068304	0.186000352373661
-0.332618072686463	0.0952457032075058
0.0230554898277555	0.0192880721104341
-0.107842109567433	0.0845109872282775
-0.274346699834366	0.217777309138421
-0.363763579842912	0.311015088481276
0.312036560345558	0.352602577793269
-0.00440290861870829	0.00330036529771129
-0.369580986402857	0.368977806157587
-0.167594486370321	0.156853234395804
-0.295922401520283	0.258118783576962
-0.400864706965343	0.42489679856373
-0.710020698938084	0.807084300355084
-0.312884447321388	0.296210378212519
-0.924258938759211	1.03573407390795
0.279181779629207	0.247101856558346
-0.159789757049488	0.123016065680339
-0.534558958739283	0.619052809970779
-0.262409954412442	0.251513700478219
0.0378645055635732	0.0274023730110405
-0.462102782432662	0.516987320123559
-0.688978114418772	0.599380047503646
-0.150942498200386	0.102320330945124
-0.16453350761608	0.0870218544747272
-0.655341012736232	0.674127369788939
0.839426318784731	0.980806019795222
0.0230578638588474	0.0116778087562589
-1.50215938518201	0.53435945377886
-0.745631042634214	0.322319305626002
1.96276901321247	0.454520391574277
2.5833378064905	1.45066704691079
2.76219840038386	0.780594539857824
0.677627518895627	0.216310008431179
-0.618535635333325	0.149538863092151
-3.07350260546998	0.94852963330217
0.18374299244507	0.0464795790495071
-3.0729809879685	0.948009080411761
0.687453672774919	0.21969379736456
-0.699938932255418	0.239135424844937
-0.204892293128511	0.203643030278575
-1.1929817564437	1.74014982066618
-0.441550173734588	0.402739386070179
0.0365447798399168	0.0255713887666842
-0.139045418633637	0.129562488069013
-0.611076325588311	0.910023665675798
-0.56219380302801	0.712991225430945
0.245607229184384	0.273838937125537
-0.391005636932817	0.513626518168173
-0.595872504881912	0.894766295207121
-0.102513187431909	0.0900057177196307
0.15385045553198	0.162580648323515
-0.259296516768199	0.297513896827012
-0.0518345987992161	0.0472760754607354
-0.0723744389820174	0.0642074376780217
-0.222701880857096	0.10994008858393
0.490418864324641	0.45253158583282
-0.370270796650548	0.344737936406012
-0.955508871026033	0.46892875411228
0.16619130625606	0.0315431724784316
0.16619130625606	0.0315431724784316
-0.32759034209047	0.0938892839663892
-0.321011266565823	0.0920911495247304
0.692481142426252	0.221366284684109
-0.484212278875841	0.181953459352458
2.76219840038386	0.780594539857824
0.846385932911799	0.360022802245782
0.169566032486793	0.032038095111837
-0.614206104379299	0.148455859250315
-0.961912305780634	1.32287723135857
-0.108752212021031	0.095884816578437
-0.150014488908838	0.117755644749979
0.199977446460563	0.164466939698634
-0.944804265710806	1.35126742520766
-0.0923450057200758	0.0882276623591896
-0.305967367607153	0.404192161357187
-0.183020717347104	0.196008130588412
-0.274479230085341	0.349861092329629
-0.246824731415537	0.288963138498783
-0.0048842758991248	0.00470223687485835
0.242080383746075	0.273782774902423
-0.00273181390248499	0.00263748573896282
-0.328645847340452	0.231299794437379
-0.46443423260882	0.38862827410904
0.266531328733486	0.270250000086217
-0.0310922482627444	0.0134753509952322
0.692028142380155	0.221092112401465
0.176139035531232	0.0447669868764769
0.184971072095669	0.0467387603153735
-0.124596315039725	0.129106339921797
0.0196110895874185	0.0163852522123319
-0.130555651222049	0.103707214871944
-0.526255310076827	0.329468847512772
0.80213753911122	0.990346091036956
-0.227638269004859	0.186817248410442
-0.373487344103672	0.450291716725294
-0.372819778378536	0.501981977928144
-0.346104809473572	0.415999992998261
-0.73258796398397	0.966852846739966
-0.290921561575162	0.36528892592992
-0.0999425045180323	0.102621762544031
0.431863601457636	0.57567886367753
0.473572235305938	0.670305964956293
-0.293588549178141	0.334988943181564
-0.598755641178925	0.619360005384718
-1.32221705809346	1.07674012143403
-0.324126952894347	0.0929244396746841
-0.613682540053849	0.148388769407339
-1.11390573268458	0.335899190520225
0.165880035481028	0.0314978449610492
-0.190170613058622	0.0613214782202431
-1.13022694918455	0.341328905410415
1.96372117107544	0.45473924627511
-2.57067328278635	0.665094197548339
-0.0739133440367974	0.0705120602700416
-0.560028769574657	0.536565918383861
-1.45681640523248	1.00549858454715
-0.538460659030007	0.479583995435901
-0.0888231225932923	0.0716539015677828
-0.264335232960518	0.273247014822065
-0.460791005784972	0.514866547057124
-0.202256478954531	0.225583188176676
0.0857002909762612	0.0777957194880125
0.587926442709755	0.7957143640406
-0.203849260033063	0.169216095705943
0.254972129718668	0.261599161382412
-0.299834309932883	0.32846045610771
-0.202267717623406	0.0650989962325268
0.548159843287306	0.198990334609177
0.183063896529214	0.0463401006276899
-1.79620281052891	0.72892224592551
-0.702916162136118	0.240304795913802
-2.44521069576135	1.35530455782539
-0.445917777463323	0.407766360469394
-0.517177148180628	0.72045283896372
-0.335715972287579	0.291334109168816
1.04588548928983	1.3492727123323
-0.186452865551508	0.170319182653995
-0.843518431059204	1.06155525472061
-0.360326393677479	0.441784612735376
-0.581578794551123	0.840757232620651
-0.134809699719028	0.116757891199798
-0.0374526183251017	0.0231449299651164
0.261678135743357	0.280440287229021
0.084036621313531	0.0735259095631835
-0.744354053349253	0.322033856563692
-1.65277107674755	0.928487832066535
-0.379386021759956	0.157118615661147
-0.275347499090862	0.124807381242515
-0.708961798888886	0.242591076534355
0.177213407365222	0.0607096221135792
0.978911376771793	0.667406685421339
0.779181836416549	0.769866946193276
-0.156910579562853	0.120613729792676
0.0877803337597943	0.0573052242945369
-0.119375179279534	0.106118062325719
0.609938606832597	0.799441744866439
0.315001779153082	0.328918558618292
-0.449714019812053	0.529038084172995
-0.00193009397729614	0.00161061103655126
-1.15060254508255	1.82602566213728
-0.708018771023414	0.803954195765683
-0.60151969490562	0.65538211524356
-0.855878577750129	0.910537215862574
-0.183507868286746	0.139300221568758
0.0044057016355065	0.00275902196770585
-0.910373043192787	1.01288181370805
-0.460976215155373	0.385269728259661
-0.203659874116735	0.169057941763286
0.176190253019983	0.0603726989291664
-0.00692720461804634	0.00318654282294471
-0.702529153090903	0.24025873050893
-0.497838467787884	0.18767273749484
0.540304651106913	0.195915676773764
-0.965522989308937	0.475476767576612
0.533141996669574	0.340942252349323
0.33168214871252	0.216331066405348
-0.124619577057719	0.0695190922927344
-0.300800917783813	0.263431410668044
-0.162899674459837	0.138014082499746
0.0629622545481943	0.0498981453598932
-0.341696630230348	0.32133226722234
0.0653400694482459	0.0542411881867833
0.0489773957148677	0.0439118985582129
0.503316104112264	0.676294775299155
-0.0104684256959541	0.00790129396384014
-0.368099837176273	0.449827821453052
0.215271531966933	0.188612209029904
-0.286232483460674	0.288882338444912
-0.568353782013251	0.547368114382138
-0.935139655268253	0.9799430297774
-0.263655451921706	0.214775264909412
-0.295853468867143	0.237948054538865
-0.401446617755043	0.398574626457717
0.165088029467664	0.0313824661178469
0.186069807523728	0.046984734903896
0.963743115659934	0.255236344279286
0.16619130625606	0.0315431724784316
-1.1258777723839	0.339888304991231
-1.0033267355319	0.396956727520374
-1.49830311184485	0.532694389774889
-0.492920041972495	0.185567465410241
-1.00448642825666	0.397437675069127
0.417175604551528	0.190099993547107
-0.034217509051722	0.0246386370486659
-0.312131878407579	0.185091047362615
-0.0698027336063748	0.0566816009166772
-0.485508116993286	0.501110319867799
0.142343053709781	0.12996435185703
-0.342079174918431	0.321748685311607
-0.297168652577429	0.340076523840173
-0.589405905254585	0.856602719824401
-0.422000445124625	0.470165396289309
-0.210994212659851	0.175831113406755
0.374372260793468	0.414381155430198
0.376322949138507	0.452396273922338
-0.636376027987287	0.740790964468612
-1.78968661266982	2.40778683676234
-0.130983185581287	0.0465324275233992
-0.187993834410194	0.0606579586115245
-0.702916162136118	0.240304795913802
-0.648924115873091	0.447789956731005
-0.377253388199345	0.210288324210148
-0.0100800849365571	0.0045997722163119
-0.67633696428781	0.816760335989271
-0.041137476978748	0.0344629200902668
-0.19953141594649	0.165190430291782
-0.312212489005627	0.314204172529981
-0.180281472906972	0.136623445969553
-0.314307968361826	0.297865225919359
-0.118622902469438	0.0818276195851396
-0.48918204366733	0.506162219278461
-0.979200633733212	1.14639352790513
-0.377513007027617	0.257657727816406
-0.603933231980734	0.530790012327839
0.0712229504349986	0.0462876622159788
-0.486324587509543	0.438865629140041
-0.371339305101547	0.288577972966633
-0.218360890342093	0.195485331514547
-0.329964215322259	0.0945505800706473
-1.00977041428962	0.400033925972951
-0.204757848785698	0.0658672528023289
-0.118624043511714	0.0422812637605863
-4.00885266648881	1.73723913995981
-1.00269516620368	0.396499158743995
-0.221658055110812	0.181185484677333
-0.217776587720022	0.182305221132669
-0.0384992960636736	0.028223816787204
0.354705745885223	0.345892303120014
0.106431990506305	0.0999805688847625
-0.684918421409274	0.903087502333192
-0.463886789105883	0.388380339366557
0.606040098853574	0.586670563053232
-0.844564200546871	1.1161934504236
-0.628223623166136	0.790179574961763
0.193688028429358	0.179375477569912
-0.44404050289719	0.520132262704512
-0.627954313152647	0.727868011201497
-0.319817646410374	0.0917687104349087
-1.25450692292408	0.563437450230058
0.172500777446168	0.0591472284053665
-1.50774474493265	0.536593235425421
-0.216118522898802	0.0694122104459911
-0.326771057218117	0.0936418390224184
-1.30205394283907	0.806749789250271
-1.14046147393925	0.63168801647303
-0.775558168711977	0.830653931239983
0.0717944309500892	0.0610773155171836
-0.349545985210112	0.374184273820341
-0.255861165182075	0.244103242324766
-0.169254666291969	0.155646175139772
-0.287092357942951	0.331673203009317
-0.638878975949551	0.809139645281249
-0.388156751889285	0.381771829121413
-1.08992021779691	1.47438313274723
-0.0685224622717656	0.0556399397140653
0.50192478939345	0.686590827099157
-0.48097947813065	0.6285726592909
-0.000423502469688386	0.000288053179255288
-0.664863744983908	0.461757549896242
-1.8221646312972	1.14134711215963
-0.774632668801273	0.506490691227102
0.33273079687497	0.217426165503583
-0.774879863896912	0.587883315068381
-0.464651857044816	0.240268785301997
-0.644827336390258	0.443814723278699
-0.215547471107453	0.138581778875595
0.177128417646057	0.0772826073847812
1.11073251367955	0.686953872406249
0.591373033443225	0.474262751585163
-0.397424668830454	0.420136422052842
-0.913031912234027	1.45290763628376
-0.779926645027439	1.27711196100236
-1.13952422853356	1.48434233523312
-0.501139737773695	0.18896582897013
-0.706728811590437	0.241764690191015
0.191667657075107	0.111548771905586
-0.380370515341185	0.157554069469817
-0.0413409435086134	0.0177284479216934
-0.184122380166287	0.167863730828232
-0.561727076578253	0.938215142239025
-0.93837309513289	1.52836096871819
-0.961504298141387	0.472719513306896
-1.44616992755935	0.994883375620606
-1.81784958577139	1.13608111395909
-1.20239675651109	0.895238298147406
-0.770092008215039	0.582556323998014
-0.508657572749743	0.315865978493478
0.740253835779104	0.4911844216786
1.42784757564084	1.11325318905811
-0.115114920281333	0.0641195341753173
-0.125994931044791	0.0703695792542906
-0.307399931179184	0.181757407068679
-0.227319002770894	0.112413137485292
-0.462713579860191	0.239138731131035
-0.647220575828917	0.445855800732968
-0.20589530016959	0.153387928103612
0.0536907854903019	0.0294667313173441
0.0183432858678034	0.0128642161318118
0.197504044335507	0.136157911349045
-0.0752177151460479	0.029563691770673
0.578679567079897	0.338805201122539
-0.0277164516333188	0.0203022948298267
0.385680524685393	0.430350484787677
-0.405595350485088	0.506228563526051
-0.56154827777571	0.643133564767153
-0.630767227840112	0.764407390291966
-0.197681301235905	0.0636672013988199
-1.63339626780641	1.66694415163347
-0.630687624851222	0.369172411740783
1.38177184702977	1.27894696978415
0.449193888761357	0.573094333724857
-0.0678691232086771	0.0748006347501838
-0.617560308550444	0.849174385569871
-0.705458740480212	0.241268810410657
-1.14376104780613	0.63480253551799
-0.28878361972458	0.131329324109564
-1.69856446614174	1.40494389748442
-0.3358441065628	0.0961666214694948
-0.275110042909372	0.124591553039783
0.964934921520073	0.255476948633611
-0.708961798888886	0.242591076534355
0.178501542383482	0.0611435078509636
0.174504111440695	0.0598231088959162
-0.117222152806877	0.0417995405491837
-0.372461690984847	0.15385606291698
-0.611962616144159	0.147977912487881
0.168057187890037	0.0732756288917938
0.173932942960796	0.084662627627622
-0.0867948449679216	0.0699695430226992
-0.320621260273771	0.297152749069236
0.0548668150308784	0.042212909481786
-0.263175288503482	0.271864196434491
0.256702331936317	0.252716081615993
-0.284960866970336	0.287249493338236
-0.204256709896794	0.199137627800361
-0.228105180591495	0.222299611182851
-0.375954781942705	0.292834431003063
-0.780593297030723	0.837984017027278
-0.559877348864268	0.40343092335304
0.198300520483937	0.136822747018901
-0.28025575069031	0.201759718204374
-0.11547281393968	0.0908696989667199
0.0363637370538629	0.0270994111796106
0.0273730426349828	0.0219245460936954
-0.287154872750797	0.249155104557412
0.19705063233411	0.14712589639997
-0.14855903262893	0.113634495075489
-0.129569178942802	0.111824718812515
-1.09392525149782	1.4834321561551
-0.641750769189729	0.814307509339286
-0.924805902196419	0.558968000675209
-0.769738568209905	0.58310482449677
1.49422373963776	0.94355652438637
-0.383107287547102	0.214364728764663
0.0509131307333241	0.0298656803312709
-0.310491448826357	0.184040721170201
-0.365134954916424	0.282669178707449
-0.72689976496242	1.1664662798563
-0.464361726106798	0.570213760912281
-0.39212285853826	0.447216099623968
-0.193454500135767	0.214200068346561
-0.173607122951612	0.171089978891366
-0.300293136104416	0.306158690473048
-0.238759669493616	0.174978685915409
-0.629150392289846	0.367734230009071
-1.49345802484759	1.88401675148891
0.37830598513377	0.331359319722678
0.661370200282499	0.702265451945481
-0.647962589206361	0.446558086632838
-0.322298088675507	0.25379565873401
-0.213489232887281	0.159740153216773
-0.172878179797047	0.167509102888517
0.508015481252031	0.605979641384097
-0.0536408860584032	0.0535310289851436
-0.258468544351128	0.312912044417017
0.196604516532801	0.15666306031062
-0.183777518598154	0.139512009601509
-0.430631070831516	0.454063403898548
-0.254457630667746	0.187963214502443
-0.833109663514227	1.09447411318039
-0.735737197636196	0.97288200023662
-0.386929583071434	0.160467784810901
1.29596944158472	0.719833885534944
0.17845532295061	0.0611293558584829
1.84451762847753	0.728350716630867
-2.44634487417805	1.35576812746217
-0.703264262088321	0.240508331840629
0.838480859620841	0.356210298702787
-1.1152634133402	0.336439469187697
-0.0455836401831186	0.0194945000709103
-0.270124005562912	0.275112976040804
-0.609390989808345	0.852576864966983
-0.512388185716926	0.583726787496692
-0.684898908394607	0.90236605250941
-0.82659562987531	1.406073728736
-0.313787573329499	0.333938949036382
0.00281346129809337	0.00247286984544157
0.364087475617059	0.347521428481157
-0.156308154650708	0.144999843178735
0.0704475031599174	0.0663231477406948
-0.0341938030227	0.0285442756475793
0.0759133413220403	0.0647509184001619
-0.118872157118284	0.10903276818784
-0.100707865577156	0.0898060568575271
-0.114145178636061	0.111015323908502
0.0310152112649028	0.0265290865012527
0.134431026492159	0.135367069343757
-1.50655298027038	0.53606385526815
-0.112026459425794	0.0400106787451587
-0.701407652969022	0.239760620804689
-3.99935046432113	1.73195235526657
-3.75046496352693	1.48199107071708
-1.7934287506278	0.390727439150181
-1.79693424859175	0.729556600315067
1.05878746464103	0.40482083139178
1.47648048364922	0.492996794108507
-0.123615274187178	0.0439773688403038
-0.129459126187783	0.121793701789344
-0.521579311230031	0.575289777551352
-0.0893060332685556	0.072077245035168
-0.345708664624502	0.376714810367395
-0.142774737975095	0.121900197302063
0.405654228329402	0.427028123538504
-0.17168845234836	0.155111312871505
0.665358124835884	0.773248799279803
-0.0128909124867466	0.00971257822023554
-0.898568825934513	1.12024718638796
-0.316112882119658	0.247985660688367
0.0256686655437898	0.0172257240153127
0.44402571032216	0.56383372177379
0.709819565819765	0.953887826460018
0.0608376507658542	0.0559142356111181
0.1434386924185	0.133640771258986
-0.076185017840727	0.07750168933895
-0.613158918177153	0.148231887572971
-0.0733230219453967	0.0288114204306004
-0.957640508087623	0.470697050375352
-0.572384808094621	0.270985430090942
0.0114572896771982	0.0102368019162413
-0.144946323197208	0.162108599315183
0.297915865606312	0.351325872154234
-0.228648274181531	0.222874590798029
-0.273744057607588	0.279239470729323
0.0771323782279775	0.063076476057362
-0.252657838649578	0.258820314546751
0.232554459047778	0.265160104767158
0.122833156230166	0.110475857570774
0.0104949275180534	0.00838730863954276
-0.691921730707841	0.950372927391101
-0.0666486625733074	0.0606207115397417
0.0186318444914247	0.0152309909115135
-0.0782724471076806	0.0708053536625318
0.923794839837823	1.14954553209206
0.164603576696835	0.17564753761991
0.359947076639931	0.35226315563697
-0.360456320246844	0.458060052569723
-0.055020614818358	0.0489269927030301
-0.43380586164826	0.659650292004842
-0.0475328658629367	0.0393963977202811
-0.195896300806791	0.0631110974355499
-1.79346061997896	0.390723019452767
-0.331884233338781	0.0950660268702792
-0.750364995739161	0.325029815455567
-1.11884555197394	0.337481516657706
0.18374299244507	0.0464795790495071
-0.60895933746012	0.147406558741333
-0.511657906230868	0.80888341493105
-0.101500647276707	0.105642039531008
0.0428590529862455	0.044514600888659
-0.240683549780336	0.232027049896087
-0.132171315750328	0.139206100025299
-0.233774936006638	0.284861492829939
-0.776621512302206	0.975995625795605
-0.185508986809473	0.184731299718456
-0.683700837078528	0.865466595878172
-0.952518947366354	1.44384921730355
-0.0541081627117803	0.0534032376428885
0.0381217030245213	0.0339314695988953
-0.0156446801346892	0.0144933393975323
-0.482595632303111	0.698637674564291
-0.708407158330651	1.01955904195616
-0.0855357007698959	0.0766092543834769
-0.585543040218157	0.848847221334356
0.270567470896658	0.337184659365372
1.0834573250247	1.67841831244032
-0.00694712371490209	0.00440230472610151
-0.237768614338701	0.190539846075513
-0.340324051723095	0.407057393640741
-0.271923694146388	0.309978216810276
0.0188982537884143	0.0175468837816425
-0.608801116645534	1.04437401252679
-0.367117541581956	0.653568763854217
-0.229240227793431	0.264342731456609
0.492742121064903	0.78340051257261
-0.433388131757726	0.531070402865166
-0.0876235218307594	0.0692780884495888
-0.160340164798321	0.164163547638041
-0.398572982487431	0.446666816707097
-0.350401716686314	0.331080563075343
-0.44597452137316	0.407626147879416
-0.288887102718817	0.292126433280667
-0.642827426035475	0.81615290709533
-0.0724514753131107	0.0579024498845679
0.340117262204306	0.369808927286388
-0.243307371153199	0.195723751440127
0.284825458957853	0.238139637626628
0.299669912467119	0.244361730490556
0.199805570144983	0.189751007653441
0.732990488128568	1.13086635213074
0.771945102539617	1.09206166003305
-0.400902989418651	0.369017417178914
-0.521114987391824	0.574453093601291
-0.957190613824358	1.57655395043489
-0.133899820884856	0.14506670299578
-0.308121205448088	0.467848263117755
0.251490522269404	0.281792778559875
0.195363717893933	0.238947684629251
-0.284813915685982	0.271122133328541
0.289806718574299	0.226230004037959
-0.141575602438963	0.107822013978155
0.566642318502737	0.667187214014016
-0.294713706157478	0.336459416910653
-0.118570139322609	0.0661134429835472
-0.240935348642053	0.213720587404832
-0.00353881828340307	0.00263808147957317
-0.248674468420633	0.200783437963887
-0.0119478703296454	0.0100366597631003
-0.329391862465654	0.354810630120043
-0.0382831179717072	0.0320169353608526
-0.323882454624271	0.279225605334599
-1.1851880605182	2.43206681889608
-1.02829682306438	2.07201629464626
-0.921016569016301	1.52722620922591
-0.442574645544748	0.546145184910938
0.0615893246386516	0.0602146920998169
-0.551336817191254	0.669865100975979
-0.410308886861033	0.347328069522935
-0.485223736569213	0.360958237361222
-0.69249261749623	0.651986616195512
0.516416647764373	0.327948506044737
0.180429893159	0.0967291319205767
0.182116124964532	0.118805915635789
1.14024846451904	1.02902627438779
0.189639751775476	0.130305314642106
-0.0764662386043112	0.0612660652333272
-0.306666581180246	0.307182939647975
-0.555952073896336	0.677692742118598
-0.466203652822894	0.390787177823045
-0.858191362080696	0.913751911633615
0.00900411152218861	0.00647264317689166
-1.14324742665507	0.63439117762633
0.573996882156038	0.33519907578421
-0.0609754312311574	0.0241528263377206
-0.931783594893559	1.04767847080256
-0.517834529897994	0.322961905249043
0.188755787782226	0.140242024830853
-0.0297488069822708	0.0221195481823762
-0.422526320823903	0.413016611113135
0.182515705814395	0.0461929473161663
-1.1245135089551	0.339452387639693
-0.193026872526739	0.0622167584761554
-3.44686848748983	1.22339694388155
-2.44695143181769	1.35630974489835
-0.365249593379889	0.150776093416907
-0.379815209685465	0.157270477339121
-0.123615274187178	0.0439773688403038
-0.630128925978177	0.368861465147641
-0.322749609182941	0.226506862146082
0.16619130625606	0.0315431724784316
0.160144755571284	0.0306956063740573
-1.26740787993946	0.570410294458162
0.726870222923218	0.479731514118854
-1.00971830933992	0.793170721722892
-0.9314825666673	0.974177032828412
-0.765746811730398	0.864167580394947
-0.371935097142025	0.1538414278662
-0.889044732316847	0.734356386485567
-0.889645627766744	0.734347347711347
-1.81585652816176	1.1344350052341
-0.383773419837612	0.214520120028065
-0.715777792138902	0.245038507634421
-0.582316253207926	0.276223744731606
-0.775475207711432	0.830231078060746
-0.0112082735469272	0.00510516352244049
-0.365249593379889	0.150776093416907
-0.7710915364353	0.416221495315011
-0.86542154532945	0.78709317100985
0.165088029467664	0.0313824661178469
-1.49561006114969	0.531433597211914
-0.282457474326093	0.128081815389832
-1.01509208735227	0.799958103071323
-0.910815471231926	1.14344151855687
-0.275596120569838	0.197964848685175
-0.328645847340452	0.231299794437379
-0.495188624132318	0.186487217221814
-0.745838143765145	0.322552749669043
-0.263408230873971	0.187992355929581
0.021187827623033	0.0107489381576442
0.660980967058916	0.599668789810723
-0.762864770252742	0.575793126222291
-0.256748160409259	0.159083873283158
-1.26994759886373	1.69076030863528
-0.668761338346995	0.52375971199532
-1.00266323988259	1.18717770073109
0.0145481954641404	0.00752091338997964
0.174045724149933	0.0524237595938313
-0.617875104469477	0.149400727468359
-0.325942849725116	0.28110595770343
0.191200555195839	0.151872596577862
-0.768226674798578	0.711626602190962
-0.314154100517035	0.219619459611756
-0.0764372595099758	0.0545654887042642
-0.640250602250364	0.653287903097999
0.202683506961865	0.151717889941351
-0.548554089590677	0.66563999011686
-0.157641520172072	0.133101444585362
0.310537244911163	0.225000171689578
1.47333622017027	0.491753136545405
-0.0756829580614419	0.0297309451121038
-0.575846548897215	0.27289872822856
-0.201181023656779	0.128532824882064
-0.974167569160406	0.860909100082814
-0.763298680625026	0.410512814307639
0.572732207309005	0.33414016313288
-0.660008784947495	0.457409029258152
-0.0741899069918027	0.0291703427470554
-0.872171335429149	0.795003921644506
-0.05288506625396	0.0317611663994494
0.918649319560617	0.795697605655444
-0.852810356550291	0.841205314647445
0.320706113445145	0.233373789070932
0.686721713829268	0.219371725498129
-0.28682196883712	0.130405569747986
0.34798674949434	0.212219493270846
-0.701794429638729	0.239974906557054
0.18374299244507	0.0464795790495071
-3.99426960204548	1.72770098156261
-0.204396483244111	0.0657612231111824
-0.202267717623406	0.0650989962325268
2.38442182597743	1.2100507092039
0.180855826143695	0.0543097849929288
-1.25084971592941	0.560994572093117
-0.370346829638476	0.152977788998958
0.736880076380809	0.48907818222151
-0.344263372221323	0.324256013989141
-0.162235648853396	0.148309808734083
0.0891391184743438	0.0582146075649102
0.128533081488955	0.101281330464977
0.0461240836513923	0.0253024120521086
-0.704386334982379	0.240838421723177
-0.703651055748467	0.240588737528622
-1.80368192120879	0.733397419313707
-0.750520013645642	0.325235753893354
0.553078229148553	0.200859942283057
1.34356740200532	0.593719044095478
0.726786564951175	0.344345642534344
2.37833363806881	1.20570132413706
-0.322472516615752	0.0924590549090847
-1.81634037135317	1.13524058466815
-0.613158918177153	0.148231887572971
-1.00906318075178	0.399734482931109
0.372762049634158	0.210161750785684
-0.780313087930927	0.837561023441259
-0.441535489997911	0.544581631957383
0.331127499386691	0.317708151598864
0.112844830930742	0.0880290173284659
0.193262299963719	0.120057261264987
-0.652221252922422	0.449964449145231
-0.76862396389223	0.767419388629952
-0.483538978376432	0.359493952761457
-0.0031030330496588	0.00148037290532498
-0.0377046290784263	0.0162121036294832
-0.244421850303221	0.15068823722806
-0.238684013902482	0.174925299220981
-0.309969301797654	0.216091838278572
-0.559964739747198	0.403656258174057
-0.18250074376125	0.153136196275488
-0.0322700047586298	0.01998067360545
0.39286459481119	0.347092189312156
-0.633790311118417	0.433985151167008
-0.433852334166064	0.332191231250148
-0.26967484795299	0.237904842054215
0.981508399591197	1.20473373732829
-0.17740482885347	0.1341882483312
-0.0175762133209257	0.0111317698108521
0.180487257179244	0.0698350984165364
-0.877876326127916	0.720939598241213
-0.461848147005045	0.386128342956827
-0.992449290510249	1.16911428163909
-1.01458406661533	0.798619724226065
-0.874522920004128	0.798698717585823
-0.900981444697165	1.12517880278263
-0.284482078139486	0.270639142553303
-0.380346862981635	0.259793245822883
0.967048559417245	0.954115880182226
0.444019899687926	0.338708788367799
-1.11932868267248	1.44476731361649
-0.18363812063483	0.121696918098794
-0.327846892958717	0.25899689706128
-0.0374123112885968	0.0231312006216444
-0.849841431438527	0.961885516886735
-0.272970104740506	0.241392909794582
-0.276436897601601	0.245008714306616
-0.45406342157997	0.417364459145642
-0.642342685629883	0.692280709945484
-0.76799746416526	0.580778303279745
-0.585399290067499	0.470978182381593
-0.657115091752936	0.455057572117333
-1.12467902897418	1.45610256671722
0.306796003180142	0.232164377120216
-0.249188110760472	0.183596976616448
-0.263841413927865	0.163996458937508
-0.287441303957284	0.230076050399178
-0.0234361867006806	0.014775033911534
-0.780029531894103	0.663941437064224
-0.20658742249628	0.13223163958199
0.0394858083104329	0.0294405839707042
0.537222465474326	0.46700927574025
0.339774991495047	0.206923973778515
-1.19374371410055	1.37562367708637
-1.01390164398666	0.797265377427215
-0.479509822305879	0.430903611295139
0.525610231476031	0.454145838279838
-0.170852258058317	0.128755009841696
-0.276140163405487	0.198392762346729
1.25093451516363	1.87246213576629
-0.364163159456426	0.311447623459249
-0.195756606117304	0.1616712443533
0.322433246640024	0.223032045022714
0.0755982762935875	0.0469365002303979
-0.141903723643546	0.108105642893503
-0.69972803399179	0.239135688134409
-1.00943392667062	0.399735935116325
-0.0372584409226453	0.0160272565100311
1.35351874402274	0.599332511290854
2.76219840038386	0.780594539857824
-1.11760971687047	0.337077079720442
-0.614345716129905	0.14867066764313
1.96372117107544	0.45473924627511
0.687904703717867	0.219759625438134
0.962553055030982	0.254827961566665
0.165088029467664	0.0313824661178469
-1.7934287506278	0.390727439150181
-1.79785205353169	0.391773074809323
2.13847384175308	0.967026817523456
-1.7934287506278	0.390727439150181
2.76219840038386	0.780594539857824
2.77014537202506	0.783552977740789
0.963743115659934	0.255236344279286
0.963743115659934	0.255236344279286
0.184291063239428	0.0465991085839434
-0.999444223472655	0.395011962383954
0.474806409465069	0.192958689821505
-0.768407845300964	0.414298071680974
-0.495848105642275	0.186769649159627
-0.273492971632258	0.241895464910182
-1.12937200374757	0.968847457475143
0.277859032786625	0.265760824878981
-0.195764773748669	0.145061153922657
0.082755222894928	0.0514901103726795
-0.0278758884125713	0.0175935394325565
-1.23855035946219	1.14734364679276
0.438163374765475	0.434050479266517
-0.58562674759906	0.471089827352771
0.199273735182701	0.172798909250755
-0.117200840264886	0.0807380952795295
-0.214311374783677	0.137747444126376
-0.0523894609555769	0.037847700931113
-0.860354022007154	0.780509744802225
0.808585689140592	0.642604267310411
0.754261723957862	0.632208457501371
-0.985404262665474	0.875309516913372
-0.445413551159816	0.407385213476617
-0.627242611298377	0.635165193123839
0.395985114183643	0.337671754119131
-1.39349128053867	2.01378456245117
-0.631839494220392	0.641585217828868
-0.375969148034233	0.155685554872445
0.185813320888401	0.0557349268614171
-0.207967301781935	0.102349635300676
1.29926428442002	0.723220029593298
0.623655409255502	0.328175143919234
-1.16861788216037	1.18525928477639
-0.580903962831684	0.466274522703453
0.178787984503471	0.0781045436291741
-1.4420895841081	0.989666385167294
0.316704380944729	0.230161647389019
-1.32629263977937	1.30834197320664
-0.957620092461119	0.932113256155266
0.931463000336835	0.811847283672094
-1.12929487543661	0.96856298457457
0.202175163936501	0.133136765901665
0.889189763065727	1.02185343962801
0.0719598958206217	0.0446612630361427
0.0302509560327031	0.0152605093925974
1.49520190627725	1.50797198368079
-2.215922293993	1.83208910528844
0.660360721330966	0.700870035527656
-0.000824191370312104	0.000466198568659029
-0.646981454788212	0.445728688375681
0.568269319902031	0.331667325503379
-0.56139506144038	0.616425822558007
-0.42296555458944	0.322250080603764
1.3358530445499	1.71425698544975
-0.0336464586275103	0.0250458270204524
0.20623145194981	0.154747271707926
-0.154451274799686	0.130114354248226
-0.535132637494013	0.552063536971924
-0.064906680886082	0.0525951080403263
0.659450289596764	0.788427293678214
-0.441548015492003	0.402691607728787
0.128035771007656	0.103525435465168
-0.411869425305301	0.381584565080513
-0.644822390409002	0.695971336091135
0.763395863809011	0.748520327583655
-0.128530466519401	0.0862530921120486
0.606601981201847	0.587369413375246
0.382078778880103	0.415780194269061
-0.0106762184233647	0.00805083833839558
-0.535165662124433	0.552132164366171
-0.378051164067009	0.258046638352748
-1.33519841247945	1.69350749642013
-0.141117963112994	0.0952734240817442
-0.563657724237326	0.407009026518544
-0.76990102168403	0.415008110131052
-0.585109023877585	0.278047246717244
-0.437595230044114	0.398329147367634
0.470459402528018	0.460445243080413
0.19604021151535	0.14620238081226
-0.619202423131818	0.713989169464321
0.917060324836402	0.941877520494418
-0.0871082741095094	0.068844799259183
0.298369071583254	0.243166714631295
-0.489576485243172	0.506686876230949
1.38460428878379	1.99881818183279
0.140792792919373	0.125859933295412
0.129749462002445	0.10766530461215
0.20501542117326	0.169222720223084
-0.0813681283230923	0.0567913694962942
0.199799025708782	0.177544305992727
0.202116670684411	0.156634986351413
0.773425333024882	0.762420354902162
-0.52987149833588	0.611632789974328
0.834720594772683	0.972929781026579
-0.583994168313993	0.599399571916058
-0.483543898499966	0.35940781166444
0.853366694188432	0.363544292018452
-1.30496257225876	0.809001791208311
-0.308002762136579	0.182350172128429
-0.0404588310894784	0.0250044791770693
-0.211890149378987	0.136007484340541
0.188394362482739	0.0920235691871972
0.999207252116896	1.09350972351912
0.280152505085114	0.241019274829603
-0.230104970094973	0.167827882337915
0.924918653096088	1.15173097278281
0.207624913789666	0.166658759571344
-1.11575902643535	1.21835816440984
0.0696291373207698	0.055424872648149
0.8931705537501	1.02844741679707
0.429496041175674	0.422844604044937
0.0992787165229455	0.067791806185955
-0.570822911288813	0.550630558480814
-0.164087049889929	0.123159393840459
-0.23962436144615	0.198070531068348
0.348963039973557	0.348088862009403
-0.620909173545459	0.716408083883697
0.970801324860514	0.959606798805684
0.428701554755984	0.341740256971797
0.433676523682303	0.346631266899999
-0.099678422720445	0.0701426514482831
-0.433592553075417	0.284150177153557
-0.499234614804066	0.188038340526972
-0.263449718585258	0.214496987098233
0.1275637036762	0.103124376707528
0.915231309290378	1.24287752446189
0.774086861091438	0.941942260683041
-0.247905410066313	0.221159686699645
-0.594379722218228	0.644596756862342
0.850875809321727	1.09805662633682
0.485847649641881	0.447287024527577
0.374426659843184	0.349237826897375
0.992986032597434	1.30209233406529
-0.459644437716196	0.383735783386669
-0.371996459421635	0.319605361121461
-0.486881982360876	0.502910543957177
-0.378043464556178	0.379568624204616
0.508493153864954	0.455068287003824
-0.394838073414223	0.361924940271424
0.493267074313621	0.455756856529826
-0.707595152856488	0.762032231839765
0.00949813015164341	0.00504318348028013
-1.25169493974393	1.34535322133651
0.189702754696384	0.14593432078574
-0.624757883821829	0.595255509204795
-0.195282662420841	0.144621149438746
-0.235092381396985	0.171954645268143
0.546017497761734	0.55131132589808
-0.167052615400408	0.138695883217488
0.0852830631444738	0.0556352590789573
-0.235766494289743	0.172523696712888
-0.561328430170364	0.404932440885895
-0.0801855194622634	0.0465210555001237
-0.523612821855841	0.431683775764722
-0.474708673577782	0.351254335675201
-0.36948885383412	0.152536768392883
0.196051016737506	0.151395746362423
-0.0408810700501	0.0252745056182097
0.106054328105291	0.0753669622187728
-0.861968331615761	0.854564484776868
-0.0536727928850178	0.0332242358074596
0.100823320725632	0.071449438934841
0.716716855301163	0.900750990341457
-0.00180266491994848	0.00140387264269754
0.604338317623049	0.584518595029562
-0.171824910423111	0.129567106928001
0.537844752246767	0.559398609007825
-0.065200183417254	0.0473521763294516
-0.376784171829742	0.352239584003451
-0.774910537922752	0.82934268018711
-0.16672818470501	0.138429921972887
-0.775227415634251	0.588880384728282
0.0549306501960288	0.0423048929269161
-0.505542582467058	0.461070322123022
-0.334432602707297	0.290310301544061
-0.121069744009031	0.0674682902040894
-0.377178956142016	0.210565197081683
-0.0857596271910734	0.0497997488926391
1.35165089699136	1.5938637315638
0.192798418189861	0.14861292305177
0.710814340307339	0.62377491645014
-1.45374402402303	1.00095580133834
-0.450068941304123	0.412766540119526
0.567561224657573	0.580482016034411
0.896592188366626	1.03390566760666
0.408751212788099	0.431761456439399
0.198951957401985	0.148685868926032
0.408939635726547	0.351386285331561
0.563858476828973	0.47263693695366
0.580953185499422	0.737979276085181
-0.300412637718336	0.263060237763094
-0.491684290968279	0.44507875942526
-0.292400130343555	0.272802601836144
-0.103425070475278	0.0908735998514004
0.107018247666431	0.0760855775015385
0.185033635958021	0.120913979091104
-0.179514458112303	0.150260694495664
0.410650926033781	0.423048890249434
0.0175065425045712	0.0122879195907372
-1.20352888506243	1.39244060290113
-0.765458893353898	0.412358429252782
-1.20325082903534	0.897339024667606
-0.958964103800796	0.471292423536398
-0.625394911607526	0.365302627449566
-0.462114775103714	0.386454240359853
0.498915633476173	0.462576833496426
0.804808805353254	0.762356667272014
-0.16657419800836	0.0880296356402261
-0.398858515383975	0.366591275286044
-0.683000467447545	0.828745853915504
0.530332556672576	0.625681761726527
0.882117401081446	1.21620558095412
-0.187365500395508	0.183705058476609
-0.113784682629394	0.089484021704737
0.153338922799111	0.138299429889552
0.0132976583606436	0.0108901311420681
0.277099161047127	0.271210233105139
-0.16024359664152	0.149144496971716
-0.404170984159555	0.429279658749222
0.419672463231322	0.527988627296448
-0.588189539419856	0.634995709510646
-0.398663803681202	0.447270558958319
-0.0934771232113073	0.0829035388553067
-0.238420268724453	0.229453593431492
-0.228784269369801	0.23866394565289
-0.366459387762863	0.284050430110366
-0.49386111981597	0.185920518576537
-0.473172568733237	0.245664968714804
-0.442768569428279	0.291106270683576
-1.95748667205067	1.34725482673402
-0.478368914678337	0.354741481800384
-0.220123108383172	0.141765372267569
-0.381336226576388	0.260577005819696
0.0297439373570219	0.0215099456305387
0.703652499158343	0.615410741873952
-0.460599859498033	0.238261561027658
0.803212230077226	0.76008011458353
-0.116599232144966	0.0803744977347117
-0.699216808308636	0.706393516950489
0.00795040517368406	0.00501039884406395
-0.464592332130167	0.388942799337717
-0.476719415241649	0.467276305894201
-0.934787710235301	1.38978473026078
-0.192297282507648	0.176387258834327
0.408904630140277	0.431913828135969
-0.844197101465849	0.952459003168367
-0.614858178836409	0.582471752728504
-0.0580937637365154	0.0468855929956669
-0.72467262946198	0.872513914059262
1.02312818092554	1.22174648089922
0.117244160184119	0.0917335287418547
-0.171421213856113	0.142791359610314
-1.4054434153712	1.6800832958593
-1.81685304905878	1.1358131949312
-0.220363971471556	0.108861197069592
-0.99841061134366	0.394537718823851
-0.926678618335314	0.56020644882702
-0.488832326585229	0.364280198872412
-0.0285903763039167	0.0238095058453938
0.0895642403871811	0.0830077285086626
-0.384393284096549	0.458595744344168
-0.526207751748891	0.644519863489507
-0.087334992075508	0.0771124259052652
0.189870593582842	0.150751964722964
-0.268264433425691	0.236489596200005
-0.680763331016804	0.589724274368943
-0.474302314755367	0.399218316474021
-0.674694638651735	0.582371429460229
-0.170593448120427	0.112389319266539
-0.543276336472639	0.485143121316359
-0.703049201020369	0.7959939625172
-0.273626743084556	0.242094149081804
-0.470075857935412	0.243702004865756
0.328360841602808	0.227692230446016
-0.0607036203199694	0.0364745273989704
-0.719072245706089	0.86301744083101
-0.770310575808351	0.770272432641144
-0.360299371182696	0.333279509534174
-0.283371084074724	0.252242971757631
-0.164746139260544	0.151019839714022
-0.908154923169681	1.13815813540557
-0.977111640122822	1.56441530442464
-0.152651519603852	0.117047164174943
0.062188855894003	0.0480760630972686
-0.0800340438949795	0.0642648615535001
0.209540226006098	0.173400647630723
0.00427961549279816	0.00314272595222775
0.113902684247132	0.0812401212285667
-0.660232245786698	0.515576221677508
-0.112286612931197	0.0881839086565873
0.203055605437344	0.157412852245292
0.201460305551144	0.174977135271445
-0.705931970310082	0.759477369587156
0.659812039014431	0.598160427628513
-0.446250678157844	0.408308698359418
-0.203368112514032	0.168717684839468
0.023100581810292	0.0161539152622613
0.118298689540606	0.0926285658182383
0.45110384136943	0.436384189202508
0.0850086567984885	0.0554670475111058
-0.0163108954977012	0.0103523801926329
-0.508054678715717	0.532129229364447
-0.322606092075811	0.254121307382009
-1.24487432629681	1.88426259868734
-0.472228972579785	0.583184613194394
-0.198986732190291	0.179674365890631
-0.322987103990402	0.327574639951587
-0.397931209997988	0.420906498740713
-0.131747419131648	0.124136253178468
-0.495382024618559	0.552192366352749
-0.411878574295589	0.381639036515273
-0.0558769659064405	0.0335644252939584
-0.863410788566046	0.784386906802874
0.0321998709844686	0.0162390052976311
0.110664636824901	0.0814478703608086
-1.01245913374345	1.12148134755667
-0.786550017639122	1.12784558501978
-0.321469559134341	0.401820720564069
-0.268392764967927	0.272882477282025
0.321652561568428	0.344962675646256
-0.40354052387125	0.428489092130383
-0.119582605680124	0.113399729044037
0.349561892329553	0.33985121558451
-0.598453719388864	0.52490029998292
-1.12359055581321	1.23074809465526
-0.59097936065046	0.476691680833068
-0.126483084663448	0.0706713922227601
0.195423508789897	0.128251860476777
-0.374676219850817	0.291715931049567
-0.0713553245973122	0.0519707679699343
0.0500047324622277	0.029376849154423
-0.01914965933013	0.012113619290478
-0.780020103860214	0.783682961358968
0.632347229291692	0.593982810001559
0.33505289893755	0.34716921859458
-0.589273874046059	0.715486334103519
-0.406842923638152	0.532082965920356
-0.434386831966494	0.394292529527696
1.04365616430621	1.34564680604297
0.209307223859395	0.162871692923847
-0.2285170931363	0.242315279891289
-0.286517265724779	0.27292201159498
-0.0481265983940398	0.0392696210373693
-0.12062661030199	0.0673083413810034
-0.049799090593989	0.0299222224034454
-0.766921727964411	0.57977002693133
-0.158358391409628	0.121807632637321
-0.422244710592425	0.321581387978934
-0.204968877142345	0.152672116512065
-0.20134101227541	0.182110927809564
-0.308149981820955	0.309097276468551
-0.535192496995143	0.619808024172053
-0.0676382287157801	0.0549041931926054
0.40281250602089	0.43444564162295
-0.312723046322314	0.33251532654368
0.114212546490571	0.0892186966969387
-0.0152325206422373	0.00967190743927802
-0.485111653362057	0.360671726333105
0.0226841285421592	0.0114931631433941
0.0621514540243182	0.0364973196448552
-0.144544553887471	0.0976965185849871
-0.0919518889515408	0.0644865667497256
-0.370274834615711	0.287448197447785
-0.196540432306588	0.145671218426132
-0.144266374755792	0.0975189303633939
-0.39682290879663	0.392727449580158
-0.663871450317995	0.761000122598807
-0.295210335619789	0.276052167910449
-0.283999252707066	0.307134492335884
-0.337141701828323	0.267662547903532
-0.837640654120925	0.882643527168328
-0.497416747928643	0.451794027206172
-0.0767556537012371	0.0615129970166032
-0.0126846358780158	0.0080879106217132
0.371623796523244	0.346128272240745
-0.21598400465443	0.193018452363603
-0.470659638727374	0.459621525788273
0.190060364842383	0.167829643970421
-0.197657187199427	0.126082332182688
0.852580009492331	0.896598946837798
0.0154993153249026	0.00796053319426625
0.0543240917444964	0.0318942119598942
0.494266612403519	0.338972263329643
0.0884765708515784	0.0577645082311538
0.118815218920625	0.0930765263446339
-0.332303386844633	0.287972657910235
-0.668626415279739	0.768109702146046
0.137159380318212	0.140692936750514
0.316183621949741	0.240577289787083
-0.166139593207609	0.152479249904395
0.480998000436955	0.457787070383219
0.174554672390753	0.0933713657983643
1.1409751016187	1.03179665095128
0.568734576277121	0.332240957422797
0.73968734941049	0.491463792699354
0.749877050593268	0.627909303576872
-0.776657610331126	0.589971623908873
-0.273182161248301	0.123692537091558
-0.769363552692722	0.41482217185004
-0.214612579875132	0.10569477780988
-0.422905819135911	0.322162968131367
-0.32523981637451	0.256520802118152
-0.144938093927374	0.0980119153408916
-1.7934287506278	0.390727439150181
1.96372117107544	0.45473924627511
1.96276901321247	0.454520391574277
-1.7934287506278	0.390727439150181
-1.79346061997896	0.390723019452767
-2.57067328278635	0.665094197548339
-0.617339897765464	0.149284387408846
-1.7934287506278	0.390727439150181
-1.7934287506278	0.390727439150181
-1.79785205353169	0.391773074809323
-1.7934287506278	0.390727439150181
-3.07928878926676	0.951136693928373
-0.321741768636823	0.0922885496388945
-1.49753171438992	0.532305096548695
0.183063896529214	0.0463401006276899
-2.04755645131174	0.931787975309293
-2.57098043849301	0.664920470822356
-2.57067328278635	0.665094197548339
-0.612487701707529	0.148134994320372
-0.612487701707529	0.148134994320372
-2.57067328278635	0.665094197548339
-1.11760971687047	0.337077079720442
0.963214248695465	0.255090594573707
1.47402323433779	0.492035659807906
-1.7934287506278	0.390727439150181
-2.57036588579023	0.664816582891659
1.05952276636539	0.404935145675835
0.683520003518989	0.218340470189805
-0.612487701707529	0.148134994320372
0.169566032486793	0.032038095111837
-2.57067328278635	0.665094197548339
-2.57098043849301	0.664920470822356
2.76330811440907	0.780761067286217
0.963078860472085	0.255236868510046
-3.07402416243152	0.948685276185543
-1.49756982395339	0.532388959419506
-2.57554526884402	0.666976966437407
-0.76007361443396	0.408881198982156
-2.26006112771225	1.13848806017935
-1.6508974305693	0.92592384309797
-0.591463028829417	0.281600703629663
0.178086308271372	0.0777237254815423
0.18586856508584	0.0906622352361936
-1.65588353921248	0.931817079028301
-0.929326512707965	0.563142506430761
-1.49680843456756	0.531963842405938
-0.196606144995592	0.0633346995977349
-0.28709345230687	0.130418378623754
-1.65488153249387	0.930549450829535
0.694404728756287	0.221883604128058
-0.764638928747997	0.497900597298904
0.765176220403311	0.751333701119027
0.98304564216949	0.671267294549323
0.735912126154655	0.48785660766407
0.428107990116649	0.356764029754607
-0.305618492090189	0.180759821474663
1.48251757016272	0.932432369769521
0.425882931318365	0.194252543090857
0.175167484877885	0.067766302834692
-0.499148985526935	0.188137441245726
-1.42654390564638	1.25737552205296
-0.582783765485118	0.276376433152347
-0.897405595416354	0.645822864835838
-1.50729003919016	0.536490208929206
-0.762897707589021	0.576169915886186
-1.19472802297817	0.886498495936819
-0.888023706069512	0.732356918907012
-1.45539102493439	1.00422715477358
-0.366969905278567	0.151668384400962
-0.765177612786759	0.412450491535724
-0.257910548547193	0.160019916137757
-0.777051114212119	0.660582818590364
0.0427709619145416	0.0234795005453876
0.0316019788457948	0.017466156880489
-0.0348840452513529	0.0150440042213377
-0.0747036622184543	0.0293682206911135
-1.65543794275703	0.930904773144199
-0.625796008972676	0.364956071177134
-1.71704760877683	1.8563773216012
-0.174074882118707	0.0922666213073365
0.0199917486754155	0.0134168576371672
0.054010510665407	0.0316996306742073
-0.0923632627504119	0.0536829884928319
1.25916210330409	0.87322576260712
0.463745667573787	0.336355028378449
-0.894505693914272	0.643232695413164
-0.921685335321969	0.557264546474157
-0.652007233775612	0.450703759377785
-0.292701041967278	0.133161391428329
-0.469104758738558	0.243148012897492
-2.09151664936116	1.58060319859041
-0.489523895256633	0.364961301287663
-1.03515472943258	1.06730843694952
-0.277072022519318	0.125573551816857
-4.55849098281808	2.49506859178028
-0.745838143765145	0.322552749669043
-0.515257393118447	0.565954966462925
0.360860977706165	0.202198948283648
1.1167228471937	0.693122174514608
0.918568504892127	0.498475765483795
0.189352030080324	0.0827085967111741
0.551298334729919	0.200249958464128
-0.586094131867088	0.278540640573356
0.550585584584045	0.199969616725774
-1.02644894249049	0.811239567937834
0.105770726543648	0.0751508539860947
-1.39525955342972	2.01602431446435
-1.20602041764701	0.899744400343533
0.092921294390774	0.0607661253734025
0.668184114874719	0.712241807795634
-0.0222325280704085	0.0140481950396685
-1.70589931971809	1.41798967991935
-0.118624043511714	0.0422812637605863
0.183063896529214	0.0463401006276899
-0.633882000304543	0.371296749012659
-2.45837324062656	1.36742397159146
0.0863101536787792	0.0563263494290914
-0.727205131364398	1.09576253352921
-0.221058880701812	0.109120802811981
-1.25188772636848	0.561803268010386
-0.198757003958094	0.063979613393949
-0.618592578828075	0.851431727983215
-0.21406772773903	0.105456582441046
0.968469219672053	0.25651021792255
0.963743115659934	0.255236344279286
-1.11760971687047	0.337077079720442
0.183063896529214	0.0463401006276899
1.59361466522007	0.80088415110559
0.187435346122179	0.047292837125537
-0.467229904043502	0.242038098184098
0.0298954842839371	0.0208910053026724
0.191433953457628	0.147395062208997
-0.00743416883269383	0.00341966788693361
-0.168913945985361	0.130709169807325
-0.410239597082858	0.437254935182357
0.353306328988495	0.216305326080222
-0.495188624132318	0.186487217221814
-0.885516564396604	1.1554873558238
0.199306547561401	0.154113426538925
0.124316420830501	0.130150512134283
-0.770022660811417	0.917964415605645
-0.68650882925555	0.596425069947581
-0.654804611104378	0.891729059998049
-1.62936197181144	1.65866800376574
0.548159843287306	0.198990334609177
-0.284417102085834	0.128986915140891
1.48785876365146	0.937695664352761
1.4849627624363	0.934496166638746
-0.324925483517562	0.093165291273504
0.172463093000529	0.0752804629540888
0.623655409255502	0.328175143919234
0.393456012971565	0.441249952768196
-0.382128536674034	0.358423045606705
0.52731563692148	0.45617310506773
0.205921305545797	0.164981184784541
0.197503310449644	0.187232439512303
-0.622880240065717	0.363059794196752
-0.637552801622521	0.774894632772482
0.880524216734191	1.11380872741796
-0.225409008710833	0.202668901588355
-0.585153646015486	0.708469592829579
-0.840259054670676	0.886912560286942
0.740658274974767	0.491561240118514
0.807746059523034	0.641616718968734
-0.00275688394762673	0.00133305878739959
-0.7085818841146	0.242531688950869
-0.0417059127662268	0.0178832638693912
-0.306654296200031	0.181269356631577
-0.171405242422644	0.0907526605887632
-1.39599837265247	2.18310947006336
-0.0570674618199989	0.04681420815978
-0.536260168862797	0.52620680038292
0.127022755503073	0.0999748871331841
0.529999997571991	0.565766962856274
-0.514340939579938	0.421699741456705
-0.215999304766252	0.106404677854699
0.168209315053646	0.0818797578956997
-0.305119011688564	0.180451671661085
-0.165304569220481	0.0874344120777937
-0.216887267614585	0.107029937446909
-0.00453408747774132	0.00212506387969947
-0.429910099319686	0.328544905030932
0.74916497837065	0.729381413288272
-0.377684556107224	0.257602336571742
0.0880949009102955	0.0598773884752074
-0.368802619918326	0.250653224102812
-0.221920555342289	0.166771273279132
-0.938771367825824	0.571109973145415
-1.33093719368007	1.08945357087721
-0.446651173459681	0.408399336843154
0.20592213507786	0.135774031849641
0.419921049449181	0.191159062395556
0.639674110666077	0.489535330493005
-0.558221406279281	0.401595727472239
0.180728132595723	0.0967825004381946
0.179479941018599	0.0614871969929957
0.185788279784628	0.107972130826505
-0.582165612248257	0.276540909734545
0.117165052842038	0.0891818139142672
-0.363895369698637	0.246718480728102
0.281737923308289	0.249886273248244
0.442724703845376	0.337432525473589
-0.442911811847484	0.470665122967033
-0.0681140874592458	0.0409685203417358
-1.0668167934898	0.71834348753275
-0.527174395055612	0.330063832389628
-1.13547981742292	0.628382470514521
-0.566313188630777	0.409229440269278
-1.14046147393925	0.63168801647303
-0.196606144995592	0.0633346995977349
-1.8110530709582	1.12875876807467
-1.32434030989163	1.08170254822015
-0.372250615374661	0.207514670470215
-1.45112115222588	1.00049518335591
-0.871123152518893	0.712976692884302
0.423936665900175	0.193276103723713
0.311186109888549	0.225541729358112
0.845919402534165	1.23221263497537
0.726817810986123	0.734570745661686
0.100329107778478	0.0685513621871301
-0.603322416821599	0.530645106523273
-0.257050438918788	0.208547153872492
-0.468658144451869	0.242887113414478
-1.46053920799008	0.73428791747872
-0.738600717529989	0.318959488343669
0.111582572946043	0.0794575204766216
-0.100106243586618	0.0797521134883212
0.193713643401435	0.120355297585673
-0.887355521974639	0.732462090535013
-0.0697690400770668	0.0274981144162944
-0.619665413392239	0.360872446604905
0.745489626642995	0.495433979090424
-1.31298547482458	0.816329408841763
-0.0849786525962549	0.033284100072799
-0.771169362198421	0.584442223498225
0.209578876081786	0.168320288216142
0.285168154539762	0.274154410027858
0.296961753937235	0.241665332796213
0.115955630787483	0.0882044051996436
-0.235521348691601	0.208319880943073
0.813096232601823	0.647624614378292
0.176618617260405	0.077047383860408
-0.585668575236509	0.278305773676009
0.164612702182007	0.0565240034078137
0.18159688853195	0.0884805918105308
-0.193367241020068	0.0623371853793179
-0.0355657985906026	0.0153094555192859
-0.45748483545171	0.236144934015244
-0.622035323133494	0.36249438874899
-0.57520894528636	0.272736157090429
-1.08566191384032	1.0361600780425
-0.430414617019969	0.281486596682628
-0.281684795557489	0.127856003901796
-0.363831939479336	0.150156336394098
-0.282938079048762	0.128302505025126
-0.581744860179433	0.275799056914412
-0.459866546491049	0.237612413140275
0.177694321152834	0.0687605170376194
-0.460312571109298	0.237878148313337
-0.937792863941991	0.570333800284516
-0.270220178959197	0.122261515386976
-0.656124407258869	0.453786992465011
-0.387121014770962	0.216686252235176
-1.0682162010037	0.719908983467189
-0.21406772773903	0.105456582441046
-1.00869208324152	0.399376405441269
-0.329512287054466	0.094417417841927
-0.32550399895904	0.22879704996975
0.18065580299317	0.104847691755119
-1.65987602053016	0.934953860814601
-1.32264313916411	1.30348394646146
0.316107903972032	0.229654980189932
-0.331535113526623	0.262379207361626
-0.139376926017212	0.0940066679442823
-0.0605031747782164	0.0363567982819371
0.201177032906286	0.138920074268145
1.05731446601517	0.404073999886943
0.671611714097616	0.480099291465345
0.413205277023446	0.187851555787686
-1.42871620939476	1.2603302214193
-0.271306813126608	0.194411416413867
-1.29690460977919	0.801877478182481
0.341423592285282	0.207612021382821
-0.904317464293617	0.653667352002772
-0.161179871908701	0.0851765683730865
-0.659897268749224	0.515203397052907
-0.435959397283285	0.286054604397153
0.0372505820617424	0.0205224338556479
0.184714520252153	0.114365997701842
-0.419377153514386	0.318895101228117
-0.0360798294056658	0.0155212792131445
-0.0930498302395618	0.0541168516096861
-0.585109023877585	0.278047246717244
-0.447180292581991	0.294643758483275
-1.07867291950274	0.729367685091072
-0.968179132990151	0.477040842053405
-3.07402416243152	0.948685276185543
-1.73098667638397	2.23954797696202
-0.710726311971222	0.766630575158693
-1.00530448106933	0.900595975568494
-1.13492952413541	0.627685701561309
-0.359078407136665	0.277031125868526
-0.430414617019969	0.281486596682628
-0.933408759389588	0.977353254914377
-0.745228434114775	0.322263483734654
-0.768143705801729	0.819342386892006
-0.374460957230627	0.3495410405216
-0.837290608323819	0.99709339848945
0.0421410423413653	0.0305372631452527
-0.839571372550448	0.945105634256276
-0.4388522249391	0.433607786981318
0.136396377868165	0.110877312712301
-0.428079499743814	0.450391530571849
-0.392864750503115	0.220427759692013
0.194974884730404	0.121121202462545
0.0846197385787254	0.0551966458008999
0.336335647090908	0.219916239407836
-0.21886241448298	0.108088066626548
-0.312486366520011	0.185214951691898
-1.39947314097307	2.0278943339988
-0.498067897915473	0.452336661791653
-0.8461387372538	0.955933066487944
0.298541607425568	0.234352796892385
-0.565430673900157	0.622406885416394
0.111681654942416	0.0795671354268842
0.482733607982037	0.460107895006445
-0.857228525181339	0.911894122221114
-0.612781731065438	0.671990976524103
-0.653754590067399	0.868351220151608
-0.338028691596916	0.268497754152226
-0.978267604269608	1.14416577089843
-1.01431001197522	1.12444821050374
-0.0239406654389554	0.0151227304082829
-0.459176903418563	0.445057594897413
-0.972463779258888	1.2077095076756
-0.76116431643699	0.574041303314388
-0.335417180478729	0.265983901493566
-0.546195201020462	0.488754191606176
-0.956531982672252	0.46995331143789
-1.49247986516622	0.53011506511111
-0.953997556661639	0.468357792078407
-1.14324742665507	0.63439117762633
-1.16952086720438	1.18682971513877
-0.630549863512625	0.368703010366747
-0.316422115887972	0.221446676009763
-0.66524591327746	0.5207659811956
-1.41010712635945	1.87782657754169
0.197409141153555	0.13610006198562
0.38869988232633	0.342560252250747
-0.414466625131552	0.351773617041511
-0.289695625793596	0.232028795265167
-1.12161547771129	1.22826781755591
0.188422518428037	0.101193143273389
0.422446176317576	0.192528590584956
-0.288553167064888	0.131104800633221
-0.212675199931394	0.104755164773103
-0.196606144995592	0.0633346995977349
0.0443112927715787	0.0243478771013385
-0.20589530016959	0.153387928103612
-0.203277666973024	0.151187705096523
-0.463840701289031	0.387934664109263
-0.271187821807764	0.194382860237168
-0.539508297698385	0.481006961009572
-0.44418440824969	0.405911474999514
-0.0723576398132696	0.0515458913072303
-0.619742599457286	0.549836407402719
-0.685966590400701	0.905369788509309
-0.200405472682484	0.14886160077148
-0.860260705512544	0.852047273400823
-0.156701504697064	0.117087242242374
-0.146951771002716	0.112303336513544
-0.82815861502361	1.03291312267264
-1.03358482889997	0.820289683629436
-0.930108689461217	0.563975336573624
-0.458013295090876	0.382172898311544
-0.372083569563432	0.253247423781184
-0.242503722536515	0.195027459666719
0.318787106388906	0.231875570735321
-0.33115064247346	0.0948450204466267
-0.364262540078694	0.150356151100216
-1.12519556185123	0.339754109482426
0.749894759600124	0.62766566874488
-0.861783852737485	0.78212594611987
-0.173326527535181	0.130821937726239
-0.132849964237328	0.103234732126865
-0.365722212562744	0.364126516749991
-0.11986753456899	0.104700909137882
-0.184773119708579	0.155249650040036
-0.0639450844829681	0.0384368359219507
0.411712972650259	0.18711853352773
-0.951641741608268	0.466811094507108
-0.163378064112928	0.0863638907493027
-0.209421802067072	0.103172071759097
0.180138607200089	0.0616908585757617
-0.257729596792928	0.159750703415796
-0.141023602250796	0.0952030690534913
0.709276205872534	0.818008550797984
-0.121190525499744	0.095701306719608
-0.716447350217984	0.817694282273533
-0.525675946230945	0.581292711876931
-0.537694306972217	0.555693161789547
-0.868106581728074	0.790673132857926
-0.65224037747872	0.450681112093093
0.355886964269037	0.217954264275283
-0.36628629317688	0.283664285425643
-1.7934287506278	0.390727439150181
1.69322400463042	2.75722055341441
-0.286745070076924	0.207089019814514
0.98230012507952	1.28107870729212
-0.43377105810733	0.427232578813039
-0.403851371112258	0.428699646343179
-1.38193365531697	2.14615694921655
-0.858283952843414	0.849309489299801
-1.31104310456714	0.814971854029902
-0.0738425599286327	0.0290095423175695
0.193002468134568	0.112386921266703
-1.145612032666	0.636671425174639
-0.365249593379889	0.150776093416907
0.18231507462341	0.0978557249016251
-0.272169063388612	0.195157234446206
-0.589547178559655	0.475064593510674
-0.0590245705038436	0.0354618270577265
-0.482621196421759	0.567666459988968
-0.161947761395919	0.0856065181456611
-0.200522026504789	0.128077500772463
-2.25940498066347	1.13793022239324
-1.47582928638148	1.84889203100954
-1.06919134329133	0.719336594167791
-0.873823533629319	0.797601011492459
-1.069196934671	0.72073487760203
-1.45142572409281	0.999525585409184
-1.1258777723839	0.339888304991231
0.190491901606497	0.118220050538779
-0.208631301121125	0.17371882702614
-0.19094451190625	0.161032156306216
-0.57968258466101	0.275165682307266
-0.203686449811516	0.0655556144258791
-1.29738000343177	0.802267935472529
-0.482808046781432	0.358683183134436
-0.451543919336602	0.46966931382604
-0.562504559818957	0.617998810179289
-1.12092742814025	1.22717717193145
0.0904018475927599	0.0590914948855738
-1.69331143529813	1.3999277028213
-0.613158918177153	0.148231887572971
-0.706728811590437	0.241764690191015
-1.12086886051128	0.33811902750598
-0.430983909059052	0.329579246882944
-0.961708008281928	0.937393812274065
-0.55459748559906	0.578469690386925
-0.477877849060015	0.468737912482958
-0.904864187137916	0.653459726644789
-0.370212528397383	0.152875270107522
-0.633114353659508	0.76845330682954
-0.398443477425698	0.366223395295667
-0.247400854599329	0.269378529023458
-2.08578789363886	1.57515029993774
-0.824891506103807	1.0785766040415
0.0505361374208175	0.0388425354524884
-0.71713284295512	0.859716886808858
-0.425365466449995	0.363150636741494
-0.232829718333019	0.191652785253742
-0.237017238120555	0.173548315584579
-0.579644945697329	0.275164493218121
-0.207831053857752	0.155024698342561
-0.16816868601581	0.142919690338415
0.089376305878035	0.0630067413941516
-0.151824182143289	0.116268089772542
-0.772625067095448	0.717264616462193
0.873174165049351	0.800858983331928
1.65941644699953	2.41749245316098
-0.901967192295394	0.651106576057095
-0.220635150137555	0.108909007899008
-0.320548811537412	0.09196618419473
-1.7934287506278	0.390727439150181
-0.294515228962826	0.256866874710664
0.194775793765214	0.159708674883789
0.118922037344249	0.0931668703751437
-0.361488958904971	0.308616433066193
0.0578264888972873	0.0339557005019514
-0.585624368724838	0.278336336245358
0.0624073443057876	0.0366254561011376
0.183063896529214	0.0463401006276899
0.0760530548276928	0.049472810300462
0.862087309375962	0.786759554911997
0.555538620966328	0.463712255102306
-0.206002332357693	0.153532864443176
-0.923015729705255	0.557387228348386
-0.74461910719638	0.321949104009387
-2.57522664974505	0.666917731403372
0.0454436037996881	0.0339483866464844
-0.694542046467787	0.885587860815394
0.0102662190270651	0.00694737759833593
-0.444175378706425	0.405933309800635
-0.0247902890404754	0.0156410605329263
-0.951357132513963	0.922458767174522
-1.12328075924743	0.339047939506251
-0.141328669594714	0.107607357610831
0.295015459332617	0.239889600831005
-0.538391698986817	0.556617641126323
-0.32005499011386	0.224404718754799
-1.20498344012148	0.89793871575551
-0.0801472242578782	0.0643609859126532
-0.382535047457502	0.358844055648479
0.019590191280155	0.0131410386684961
-1.45993513622836	0.733838039041807
-0.613012730411062	0.148202450577793
-0.0921176630532032	0.0816261395619692
-0.0838388322216761	0.0661462101244363
1.50045071070621	1.97043010123312
-0.322847176309915	0.226606878476816
-0.0493920283681114	0.0305522587053035
-0.215915074748525	0.106522697114368
-0.0284719661590479	0.012381935832033
-2.05304383226557	0.935076420832399
-1.5026235657887	0.534584753118728
-0.32531700249348	0.0932194330065639
-0.708956040781869	0.242608405956901
-0.488721095527809	0.44164260161881
-0.168714514624116	0.155149843592215
-0.575177889653596	0.710265320794643
0.364290627006808	0.337685499051231
-0.704729706026856	0.798496372631597
0.0906711754890419	0.0616883403326634
0.199899814556156	0.137948315176825
-0.207713232984085	0.133125133273747
-0.654400971235933	0.452708400732452
-0.321741768636823	0.0922885496388945
-0.204757848785698	0.0658672528023289
0.178049240810411	0.0452053813438565
0.174504111440695	0.0598231088959162
-0.74441181154342	0.321571028679163
-0.192319088112717	0.0619808040719022
-0.847435801565592	1.01418559539752
0.516855030910755	0.464898721088262
0.198095309067152	0.158062036256868
-1.33423706877464	1.3226050294474
-1.32621320731807	1.5038527102055
-2.08963812830812	1.57968704620643
0.468827722244206	0.190230448930594
-0.701407652969022	0.239760620804689
-0.701407652969022	0.239760620804689
-1.30086027549371	0.804661691533756
-0.203686449811516	0.0655556144258791
-0.227202661040206	0.18641040838541
-0.325011409991351	0.256336060084459
-0.149614091380721	0.125621169193254
-0.584266597732714	0.599746361010424
-0.360844317410643	0.333874177635685
0.0424199740202203	0.0232879127866935
-0.310707483858711	0.184110114104574
-0.377938910803585	0.156485530303534
-0.438006503000587	0.464094880229341
-0.204758354317069	0.195932975013418
-1.12061530541898	2.01404261967911
-0.367705357975846	0.3898482246722
-0.642446414841642	0.656444662122247
0.163256629854987	0.0632118993198116
-0.563952058882107	0.407207829873174
-0.536066869238838	0.661109012466249
-0.614453998379268	0.843152421132675
-0.706607630007776	1.08433029517823
0.148478352326167	0.138747501232689
0.570713485460903	0.563843323736349
-1.66837278845749	2.87304087815581
-0.775714364659235	0.777439955122465
-0.135221780509731	0.127738550885311
-0.288934831194971	0.353888498790189
0.0291390603672061	0.0239077072899184
-0.455533896286279	0.235096205684841
0.0544481080642443	0.0439737644859687
-0.681598248907597	0.789384668554476
-0.202223438104586	0.0650949807576634
-0.43943171833439	0.288592039429363
-0.773834164052193	0.656961628713546
0.109444175736838	0.0804934049948844
-0.459588664583099	0.383875558981591
-0.280622807340402	0.249337961398935
-0.155037007269566	0.130681188736301
-0.06555407810722	0.0587195315739067
0.148251029783957	0.138634263049637
-0.992025658646879	1.16872224985639
0.185076110728506	0.0555416222332281
0.537668822821087	0.344808658114798
-0.67307337229273	0.528438774775529
-0.22299765732375	0.110143928156583
-0.434370688398823	0.427896712396123
0.200020121915429	0.138111193715018
-0.207540023081847	0.154795478694717
-0.103935749305882	0.0829706014605711
0.262815337391076	0.271383596865034
0.0544048642254014	0.0505982056900793
-0.0776768180933753	0.0763590172362889
0.203241711395478	0.185277621012281
-0.687406484433782	1.06541943225602
-0.141121499708519	0.131735232828476
-0.124837825991722	0.044401537177189
-0.502455215004387	0.189494091012893
-0.154542489701674	0.0814605296890992
-0.374954297474149	0.208922542802024
0.385241610397786	0.19561947558382
0.00492655637137938	0.00309590257418089
0.0255977741118958	0.0204726226875602
-0.145641228541998	0.155345414716011
0.0269039777891627	0.0188010565102995
-0.452014738024453	0.561558363812526
-1.03649563692873	1.59145010296339
-0.278050958525051	0.126039508900805
-0.700673100063675	0.23947715305123
-0.380927333941658	0.213007404475981
-0.0054953092112743	0.00522665320620844
-0.554359076129469	0.86153799663347
-0.536136863550976	0.779907995881562
-1.26414637790551	0.568761921398651
-0.523561114314536	0.939919006361877
-0.110345641565671	0.121342057676409
0.0181670345189304	0.0144919110955388
-0.117125477769273	0.0807358318577922
-0.702190075100411	0.899265744906446
-0.612487701707529	0.148134994320372
-3.07350260546998	0.94852963330217
-1.25744232749444	0.564986428735264
-0.204198827709993	0.251682251721764
-0.346718140100955	0.435698573425731
-0.189035342361475	0.159324891695557
-0.179500890208407	0.135940983726686
-0.307667347577145	0.270637014663252
-0.379571422662948	0.42902694567266
-0.957086078203712	0.470346915256951
-1.12086886051128	0.33811902750598
-0.115842037990721	0.0413223821877149
-0.126893752347519	0.0982391456497245
-0.0737324822877897	0.0939920538357692
-0.0198663232668962	0.0149436137014555
-0.154590746498292	0.143261586622012
-0.344963359660618	0.450678103602608
-1.11963574652263	0.337715170908198
-1.11760971687047	0.337077079720442
-1.47008680839403	0.740846365603413
-0.338735929595167	0.347358642473381
-0.483562547472958	0.846452600339735
