x	y	clickSelects
0.00391460850192993	0.531478987360942	108
0.00246828561007995	0.532305096548695	11
-0.00921776759309001	0.53721941864807	853
0.0017447688585801	0.532562193916483	11
-0.00262356578869993	0.534584753118728	377
0.02870243366597	0.741779531267693	80
0.0354517588405201	0.737058651118592	80
0.02911390535499	0.741809353787203	80
-0.00215938518201009	0.53435945377886	80
0.03032368376837	0.741011018316937	231
-0.00215938518201009	0.53435945377886	80
0.00511363652644992	0.53094883647402	80
0.00366600389301008	0.531774933095134	25
0.00366600389301008	0.531774933095134	90
0.0528505831463499	0.995365511826666	108
0.0762281994688001	1.50197713394104	108
0.0576501102160201	1.28006081883521	853
0.0017447688585801	0.532562193916483	11
0.0560711907121001	1.28356831918287	11
0.10288766902816	1.84975268609232	11
0.0631361499645899	1.27329040432222	802
0.0789580185599901	1.25056304330943	337
0.04362670432585	1.00511146774742	223
0.00246828561007995	0.532305096548695	223
0.00752013483377989	0.53011506511111	80
0.00246828561007995	0.532305096548695	80
0.0348441295244399	0.737457902476713	25
0.00752013483377989	0.53011506511111	90
-0.00262356578869993	0.534584753118728	90
-0.00262356578869993	0.534584753118728	25
0.0512507184067901	1.29040759813492	108
0.0569310797832501	0.990149429197402	377
0.06826231370063	1.26478076554611	80
0.00319156543243992	0.531963842405938	80
0.00366600389301008	0.531774933095134	80
0.00366600389301008	0.531774933095134	80
0.00246828561007995	0.532305096548695	80
0.00366600389301008	0.531774933095134	80
0.0017447688585801	0.532562193916483	90
-0.00142880975047999	0.534054734577795	90
-0.00215938518201009	0.53435945377886	40
0.00246828561007995	0.532305096548695	40
-0.000698476746989973	0.53359178068112	40
0.01784373939573	1.86215848418108	11
0.0772087503136301	1.50051308908717	11
0.06627611706326	1.26814621848805	337
0.04352119345938	1.00629332196412	80
-0.0288529111345299	1.45174422486901	80
0.03605901003645	0.736605692124347	80
-0.000698476746989973	0.53359178068112	151
0.00246828561007995	0.532305096548695	90
0.00319156543243992	0.531963842405938	90
-0.00262356578869993	0.534584753118728	90
0.00752013483377989	0.53011506511111	90
0.00438993885030992	0.531433597211914	25
0.00246828561007995	0.532305096548695	25
0.00319156543243992	0.531963842405938	159
0.00897312424460006	0.529288422761213	159
-0.00150348431429004	1.67143319691035	68
0.0935646693644101	1.86971807109065	11
-0.00189389559207998	0.534121741351592	11
-0.0773513168609601	1.19299534867775	11
-0.03264333870278	1.45883623465727	80
0.03647041824491	0.736086036474592	231
0.0475936866594799	0.999880566999494	80
0.00319156543243992	0.531963842405938	90
0.00319156543243992	0.531963842405938	90
0.00221742142717996	0.532153748454207	159
-0.00215938518201009	0.53435945377886	43
0.00246828561007995	0.532305096548695	790
0.00246828561007995	0.532305096548695	576
0.00169688815515001	0.532694389774889	108
-0.0869691244564901	1.20534203975664	108
0.00246828561007995	0.532305096548695	108
-0.00215938518201009	0.53435945377886	11
0.00824674914842993	0.529773188260123	337
0.00438993885030992	0.531433597211914	80
0.00319156543243992	0.531963842405938	90
0.00391460850192993	0.531478987360942	25
0.00294183147764993	0.532032217355669	159
-0.00215938518201009	0.53435945377886	247
-0.00848113268972006	0.537019591842101	576
-0.00729003919016003	0.536490208929206	576
0.00294183147764993	0.532032217355669	349
0.0017447688585801	0.532562193916483	349
-0.00262356578869993	0.534584753118728	802
-0.00215938518201009	0.53435945377886	223
-0.00262356578869993	0.534584753118728	80
0.0386964720941201	1.01047096099442	159
0.00246828561007995	0.532305096548695	159
0.00679328112155009	0.530373211909872	108
-0.00729003919016003	0.536490208929206	108
0.02356826086701	0.745383324956546	68
0.00366600389301008	0.531774933095134	68
-0.08224043604051	1.19903131772228	108
-0.0532381169377101	2.04251659806763	108
0.0481292096019901	0.999948591765882	11
0.0623979829372201	1.27416641806522	11
0.00319156543243992	0.531963842405938	11
0.00366600389301008	0.531774933095134	377
-0.00342895272976995	0.534820350018527	223
-0.00408363202708006	0.535041876234331	80
0.00243017604661011	0.532388959419506	223
0.00679328112155009	0.530373211909872	223
0.00246828561007995	0.532305096548695	223
-0.00189389559207998	0.534121741351592	223
0.00246828561007995	0.532305096548695	151
0.00102101500145002	0.532683365671509	90
0.02870243366597	0.741779531267693	108
-0.0918534502043	1.21367760410399	11
0.0398754422991101	0.734049874675633	80
-0.00921776759309001	0.53721941864807	304
-0.00802734580893993	0.536690312605626	80
-0.00774474493264998	0.536593235425421	25
-0.00289020322422995	0.534512321528133	90
0.00102101500145002	0.532683365671509	159
-0.00774474493264998	0.536593235425421	40
0.00246828561007995	0.532305096548695	349
0.0401244109776999	2.1995200481703	68
0.00294183147764993	0.532032217355669	108
0.00824674914842993	0.529773188260123	377
0.00366600389301008	0.531774933095134	337
0.0856652540926801	1.48678540608991	80
0.00319156543243992	0.531963842405938	231
0.00752013483377989	0.53011506511111	80
0.0406685596285301	0.733322146891193	80
0.00246828561007995	0.532305096548695	80
-0.0816758736482099	1.19933877647713	90
0.00752013483377989	0.53011506511111	847
0.00366600389301008	0.531774933095134	349
0.00294183147764993	0.532032217355669	337
0.00511363652644992	0.53094883647402	337
-0.11788339789951	2.21780091743064	223
0.00221742142717996	0.532153748454207	231
-0.00729003919016003	0.536490208929206	304
0.00294183147764993	0.532032217355669	80
-0.0026891496364001	0.534393708496841	90
-0.00215938518201009	0.53435945377886	25
0.00679328112155009	0.530373211909872	159
0.02044042340073	0.747508881384851	43
0.0301308372186999	0.740833493555529	159
-0.00335347787300999	0.534889336029958	847
-0.0855631753914401	1.2042592849111	108
-0.0270300443256399	1.45072976681817	377
0.0343274050920901	0.73823682262087	377
-0.0816758736482099	1.19933877647713	337
0.0544315521643699	0.992291924175348	223
-0.11720131903002	1.63784707560149	80
0.0862198605068001	1.48516335202287	80
0.00511363652644992	0.53094883647402	304
-0.00335347787300999	0.534889336029958	80
0.00246828561007995	0.532305096548695	80
0.00246828561007995	0.532305096548695	80
0.00366600389301008	0.531774933095134	90
0.00366600389301008	0.531774933095134	90
0.00366600389301008	0.531774933095134	90
0.00366600389301008	0.531774933095134	43
0.00319156543243992	0.531963842405938	847
-0.00335347787300999	0.534889336029958	349
-0.0816758736482099	1.19933877647713	108
-0.00408363202708006	0.535041876234331	11
-0.00262356578869993	0.534584753118728	377
-0.07775341573412	1.19574144052044	231
0.00366600389301008	0.531774933095134	80
0.00319156543243992	0.531963842405938	80
0.03647041824491	0.736086036474592	80
0.02911390535499	0.741809353787203	80
0.02911390535499	0.741809353787203	151
-0.00189389559207998	0.534121741351592	90
0.00366600389301008	0.531774933095134	90
0.00102101500145002	0.532683365671509	25
-0.00215938518201009	0.53435945377886	159
0.00438993885030992	0.531433597211914	43
-0.00215938518201009	0.53435945377886	159
0.00366600389301008	0.531774933095134	43
-0.00655298027038009	0.53606385526815	18
0.00752013483377989	0.53011506511111	18
0.00511363652644992	0.53094883647402	120
-0.00262356578869993	0.534584753118728	120
0.00319156543243992	0.531963842405938	120
0.00366600389301008	0.531774933095134	847
-0.07650826255834	1.19174194282467	68
0.0344326245705799	0.737399568931953	108
0.00366600389301008	0.531774933095134	108
0.02870243366597	0.741779531267693	108
0.03903670631425	1.00928802362404	853
0.00897312424460006	0.529288422761213	377
0.05540971456369	0.991416406657621	223
0.00438993885030992	0.531433597211914	90
-0.000698476746989973	0.53359178068112	25
0.0017447688585801	0.532562193916483	159
0.00243017604661011	0.532388959419506	43
0.00246828561007995	0.532305096548695	18
0.00438993885030992	0.531433597211914	15
-0.00262356578869993	0.534584753118728	247
-0.00189389559207998	0.534121741351592	247
0.00438993885030992	0.531433597211914	847
0.00366600389301008	0.531774933095134	108
-0.0835031363571	1.20073289986014	231
0.0544315521643699	0.992291924175348	80
0.0394607920099199	0.73428791747872	90
0.00102101500145002	0.532683365671509	159
-0.00215938518201009	0.53435945377886	43
0.00169688815515001	0.532694389774889	18
0.00319156543243992	0.531963842405938	349
0.00319156543243992	0.531963842405938	337
0.00438993885030992	0.531433597211914	80
0.00752013483377989	0.53011506511111	80
0.00246828561007995	0.532305096548695	90
-0.08300054042707	1.20271510138627	43
-0.0920171549204101	1.21338940384301	43
0.0017447688585801	0.532562193916483	120
0.00438993885030992	0.531433597211914	120
0.0017447688585801	0.532562193916483	349
-0.00142880975047999	0.534054734577795	456
0.03414053167988	0.73839524602128	14
-0.0415222811507801	1.4742885504695	108
-0.00262356578869993	0.534584753118728	108
0.00366600389301008	0.531774933095134	108
0.0381538793351399	0.735427886922038	157
-0.00335347787300999	0.534889336029958	223
0.00897312424460006	0.529288422761213	80
0.0017447688585801	0.532562193916483	80
0.00246828561007995	0.532305096548695	25
0.0398754422991101	0.734049874675633	151
0.00511363652644992	0.53094883647402	43
0.00391460850192993	0.531478987360942	120
0.00366600389301008	0.531774933095134	247
-0.0713386065627399	1.18759032624988	247
0.00246828561007995	0.532305096548695	421
-0.00262356578869993	0.534584753118728	421
0.00391460850192993	0.531478987360942	229
-0.00802734580893993	0.536690312605626	76
0.00824674914842993	0.529773188260123	108
-0.00262356578869993	0.534584753118728	108
0.0398754422991101	0.734049874675633	108
0.00679328112155009	0.530373211909872	108
0.00319156543243992	0.531963842405938	227
0.0709136467192	1.26080435567945	223
0.0313388787394899	0.740037005484058	80
0.00102101500145002	0.532683365671509	223
0.0017447688585801	0.532562193916483	223
0.0017447688585801	0.532562193916483	231
-0.00262356578869993	0.534584753118728	80
0.00319156543243992	0.531963842405938	151
-0.00215938518201009	0.53435945377886	90
0.0297189832399001	0.74144128695738	43
-0.00289020322422995	0.534512321528133	120
0.00221742142717996	0.532153748454207	227
0.00102101500145002	0.532683365671509	227
0.00438993885030992	0.531433597211914	80
0.0233767916129299	0.745765973907936	80
0.00366600389301008	0.531774933095134	80
-0.00189389559207998	0.534121741351592	43
-0.00262356578869993	0.534584753118728	349
0.00366600389301008	0.531774933095134	14
-0.00142880975047999	0.534054734577795	456
-0.00142880975047999	0.534054734577795	571
-0.00142880975047999	0.534054734577795	571
0.00246828561007995	0.532305096548695	108
0.00752013483377989	0.53011506511111	11
0.00319156543243992	0.531963842405938	11
0.04416648514979	1.00461354139908	377
0.00391460850192993	0.531478987360942	157
0.02044042340073	0.747508881384851	227
-0.03581333995258	2.00340209741006	80
0.02870243366597	0.741779531267693	231
-0.00408363202708006	0.535041876234331	80
0.00511363652644992	0.53094883647402	80
0.00243017604661011	0.532388959419506	90
0.02236194466459	0.746102263438818	43
0.00366600389301008	0.531774933095134	15
0.0017447688585801	0.532562193916483	349
0.00679328112155009	0.530373211909872	349
-0.00262356578869993	0.534584753118728	15
0.00511363652644992	0.53094883647402	421
0.0486659317806399	0.999426352901855	108
-0.00335347787300999	0.534889336029958	108
-0.0821813099908699	1.85909616578085	853
-0.0677471273199399	2.32218674263457	11
0.00243017604661011	0.532388959419506	377
-0.0136216262075399	1.69342366700769	377
-0.00262356578869993	0.534584753118728	157
0.0325218205526401	0.739324025366201	223
0.00319156543243992	0.531963842405938	223
-0.0774673176709899	1.19557764562134	223
0.0716538045347099	1.25979474087847	231
0.04460897506561	1.00422715477358	527
0.0347415204314101	0.738030619991319	80
0.00824674914842993	0.529773188260123	80
0.00752013483377989	0.53011506511111	80
0.00102101500145002	0.532683365671509	80
0.03605901003645	0.736605692124347	25
-0.00848113268972006	0.537019591842101	80
-0.00142880975047999	0.534054734577795	90
0.00294183147764993	0.532032217355669	90
-0.00215938518201009	0.53435945377886	90
0.03362773523062	0.73808363463249	43
-0.00335347787300999	0.534889336029958	120
0.00102101500145002	0.532683365671509	40
0.00243017604661011	0.532388959419506	172
-0.00189389559207998	0.534121741351592	377
0.0255939502907101	0.744072404548632	377
0.00824674914842993	0.529773188260123	527
-0.0796022167403501	1.19470123289105	80
0.0537127917149201	0.992586909265657	80
0.0319423345526799	0.739536323340341	80
0.00294183147764993	0.532032217355669	80
0.03647041824491	0.736086036474592	80
0.04047902648651	0.733654187413585	80
-0.00215938518201009	0.53435945377886	80
0.00221742142717996	0.532153748454207	90
-0.00189389559207998	0.534121741351592	90
0.03382413632389	0.737799364206718	159
0.0297189832399001	0.74144128695738	159
0.00366600389301008	0.531774933095134	18
0.00366600389301008	0.531774933095134	467
-0.00289020322422995	0.534512321528133	108
-0.08209630742905	1.1999018243829	108
0.00246828561007995	0.532305096548695	11
0.08339643561821	1.49068647700426	11
0.06739684196941	1.26804887593736	11
-0.0893880987503099	1.87328173013179	80
0.00246828561007995	0.532305096548695	527
-0.02504081622576	1.44726315004645	80
0.03605901003645	0.736605692124347	80
0.0182328252156201	0.749281900376895	80
-0.00142880975047999	0.534054734577795	80
0.00246828561007995	0.532305096548695	90
-0.00262356578869993	0.534584753118728	90
-0.00142880975047999	0.534054734577795	614
-0.00215938518201009	0.53435945377886	40
0.0017447688585801	0.532562193916483	40
-0.00262356578869993	0.534584753118728	96
0.00246828561007995	0.532305096548695	349
0.08604622655634	1.4860678973812	108
0.00366600389301008	0.531774933095134	11
0.0394607920099199	0.73428791747872	157
0.0313388787394899	0.740037005484058	80
0.0482210326305299	0.999715864518326	80
0.0017447688585801	0.532562193916483	80
0.0313388787394899	0.740037005484058	80
0.00438993885030992	0.531433597211914	25
-0.00335347787300999	0.534889336029958	90
0.00679328112155009	0.530373211909872	25
0.00511363652644992	0.53094883647402	90
0.00221742142717996	0.532153748454207	90
-0.000698476746989973	0.53359178068112	43
-0.00189389559207998	0.534121741351592	120
-0.00289020322422995	0.534512321528133	15
0.0951941700477801	1.86615146462263	11
0.0301308372186999	0.740833493555529	377
0.04799919350267	1.00133216698691	377
0.05781983031748	0.989197548144462	223
0.00752013483377989	0.53011506511111	80
-0.00189389559207998	0.534121741351592	80
0.00319156543243992	0.531963842405938	80
0.00294183147764993	0.532032217355669	80
-0.03081702938199	1.45767769698738	80
0.00897312424460006	0.529288422761213	80
-0.00215938518201009	0.53435945377886	90
-0.00262356578869993	0.534584753118728	90
0.00294183147764993	0.532032217355669	43
-0.00335347787300999	0.534889336029958	69
-0.00215938518201009	0.53435945377886	40
-0.00215938518201009	0.53435945377886	15
0.00294183147764993	0.532032217355669	349
-0.00262356578869993	0.534584753118728	760
0.00366600389301008	0.531774933095134	760
0.0017447688585801	0.532562193916483	456
-0.00921776759309001	0.53721941864807	108
-0.00215938518201009	0.53435945377886	11
0.00366600389301008	0.531774933095134	377
-0.0145233414185	0.53622106683695	11
0.00366600389301008	0.531774933095134	377
0.00102101500145002	0.532683365671509	172
0.00319156543243992	0.531963842405938	172
0.0485742759071901	0.999525585409184	11
0.0313388787394899	0.740037005484058	11
0.0382884621205299	0.734453255355644	157
0.00299929807311994	1.66413438487916	227
0.10871970422814	2.32900810727194	227
0.0309280072634499	0.740509202720264	80
-0.08640106135711	1.20562681552579	80
-0.0823712218775099	1.20014031624836	80
0.0484391315800301	1.00094874460807	80
-0.00335347787300999	0.534889336029958	80
0.0393490111949899	0.734642723574573	90
0.00102101500145002	0.532683365671509	43
0.00102101500145002	0.532683365671509	43
0.00366600389301008	0.531774933095134	475
0.0352565014716599	0.736829271920345	108
0.04451225431501	1.0041209288757	11
-0.0317527588722799	1.45569054983186	157
0.03594237341777	0.73710643497093	897
0.00319156543243992	0.531963842405938	527
0.0353421342376099	0.737604114579331	80
0.05121561981196	0.994916924472881	90
0.00366600389301008	0.531774933095134	90
0.00246828561007995	0.532305096548695	90
0.00319156543243992	0.531963842405938	90
0.00366600389301008	0.531774933095134	475
0.00438993885030992	0.531433597211914	18
0.00366600389301008	0.531774933095134	18
0.00366600389301008	0.531774933095134	48
0.00221742142717996	0.532153748454207	40
0.00319156543243992	0.531963842405938	366
-0.0689515074217899	2.32723446661783	108
0.0631361499645899	1.27329040432222	11
-0.00729003919016003	0.536490208929206	377
0.00366600389301008	0.531774933095134	227
0.0814244273729401	1.49433008288016	227
0.0795412198079	1.49652459811247	227
0.0431835947675201	1.00549858454715	80
0.02850844979016	0.742106412560748	80
0.00294183147764993	0.532032217355669	360
0.00511363652644992	0.53094883647402	90
-0.00189389559207998	0.534121741351592	43
0.0338133955051101	1.01563352258988	43
0.0344326245705799	0.737399568931953	43
0.00294183147764993	0.532032217355669	475
0.00246828561007995	0.532305096548695	475
0.00366600389301008	0.531774933095134	18
0.00679328112155009	0.530373211909872	18
0.00391460850192993	0.531478987360942	349
0.0816861752722999	2.23997284091234	377
0.02930800140753	0.741348714485643	157
0.0542715542299801	0.9943321079182	227
0.07605154288102	1.25542367466905	80
0.0348441295244399	0.737457902476713	80
0.00366600389301008	0.531774933095134	43
0.0508870784236	0.996957564570765	43
0.00246828561007995	0.532305096548695	15
0.0017447688585801	0.532562193916483	40
0.00246828561007995	0.532305096548695	229
0.064165409071	1.27300508779038	108
0.00246828561007995	0.532305096548695	427
-0.0418150830161901	1.47481399015276	377
-0.0408725747341001	1.47245020032079	157
0.00102101500145002	0.532683365671509	227
0.0660242896255801	1.26843401908956	223
0.0422967058380901	1.00602416805294	223
0.03927148206998	0.734392295037367	527
0.0663940928337801	1.26792519135869	80
0.0427402619840001	1.00581004614872	231
0.02911390535499	0.741809353787203	80
0.0297189832399001	0.74144128695738	231
-0.0868202816072401	1.20616139506103	80
0.03382413632389	0.737799364206718	80
0.02499273395026	0.744470247034485	80
0.00366600389301008	0.531774933095134	43
0.0280964880574699	0.742148154121523	558
0.00366600389301008	0.531774933095134	25
0.00246828561007995	0.532305096548695	90
0.00246828561007995	0.532305096548695	40
0.0332152691229599	0.738145623224673	43
0.0017447688585801	0.532562193916483	475
0.00246828561007995	0.532305096548695	475
0.00294183147764993	0.532032217355669	18
0.00438993885030992	0.531433597211914	40
-0.00215938518201009	0.53435945377886	40
0.0370768100507199	0.735634103186099	157
-0.03706496275717	1.46510574243855	80
0.0228318529569	0.746148185749981	80
0.00319156543243992	0.531963842405938	43
0.00294183147764993	0.532032217355669	43
0.00824674914842993	0.529773188260123	40
0.00319156543243992	0.531963842405938	40
0.00319156543243992	0.531963842405938	475
0.00294183147764993	0.532032217355669	475
-0.00335347787300999	0.534889336029958	18
0.0017447688585801	0.532562193916483	48
0.00366600389301008	0.531774933095134	40
-0.00335347787300999	0.534889336029958	40
0.00246828561007995	0.532305096548695	15
0.02899712070884	0.742031605098525	108
0.0427402619840001	1.00581004614872	108
0.0299131916059701	0.740846365603413	377
0.0301308372186999	0.740833493555529	157
0.00294183147764993	0.532032217355669	80
0.06180092569006	1.27553723772217	80
0.0771369562453199	1.50150500087474	80
-0.0776320066213401	1.19334777271758	231
0.02911390535499	0.741809353787203	80
0.0245813550735401	0.745048164284577	80
0.0347415204314101	0.738030619991319	25
0.03414053167988	0.73839524602128	25
0.02870243366597	0.741779531267693	90
0.0431835947675201	1.00549858454715	90
0.00102101500145002	0.532683365671509	18
0.0017447688585801	0.532562193916483	18
0.0358636488266999	0.736484372081891	108
-0.00342895272976995	0.534820350018527	108
0.00366600389301008	0.531774933095134	377
0.0504432951846801	0.997604965835895	11
-0.00262356578869993	0.534584753118728	11
-0.00142880975047999	0.534054734577795	897
0.0319423345526799	0.739536323340341	897
0.00246828561007995	0.532305096548695	223
0.08046649470229	1.49498640767237	895
0.07881012341149	1.4985898732196	231
0.10300418535726	1.84787557384244	231
-0.0346101147222799	1.46427027960814	231
0.03866714547726	0.734669375720373	80
-0.00215938518201009	0.53435945377886	80
0.0526440603259899	0.994220592637895	558
-0.000698476746989973	0.53359178068112	40
0.00366600389301008	0.531774933095134	475
-0.00215938518201009	0.53435945377886	475
-0.00408363202708006	0.535041876234331	475
0.00246828561007995	0.532305096548695	18
0.00438993885030992	0.531433597211914	18
0.00294183147764993	0.532032217355669	18
0.00366600389301008	0.531774933095134	18
0.0017447688585801	0.532562193916483	15
-0.00262356578869993	0.534584753118728	14
-0.0122722936322599	2.16267996971314	108
0.00316321952767007	0.53192588850646	231
0.08480984483007	1.69904420907439	527
0.0186654431984601	1.85963097307327	231
0.0328153540348799	1.0159987364355	80
0.0431835947675201	1.00549858454715	231
0.00246828561007995	0.532305096548695	360
0.0344326245705799	0.737399568931953	25
0.03032368376837	0.741011018316937	40
0.00679328112155009	0.530373211909872	40
-0.00215938518201009	0.53435945377886	43
0.00319156543243992	0.531963842405938	475
0.00438993885030992	0.531433597211914	69
-0.00335347787300999	0.534889336029958	18
-0.00921776759309001	0.53721941864807	18
0.02911390535499	0.741809353787203	18
0.00752013483377989	0.53011506511111	18
-0.00655298027038009	0.53606385526815	18
0.0297189832399001	0.74144128695738	18
0.00294183147764993	0.532032217355669	40
0.00438993885030992	0.531433597211914	102
0.00511363652644992	0.53094883647402	229
0.0529464424100199	0.995784069644317	377
0.02911390535499	0.741809353787203	157
0.00438993885030992	0.531433597211914	223
-0.0684044508285	1.18301288020042	80
0.01539074777515	1.86637290429667	231
-0.0858318860931999	1.20514242617671	80
0.0495550598469101	0.998644372218219	80
0.0834915375307199	1.48991825525359	80
0.0491106074735499	0.999066624675767	80
-0.00335347787300999	0.534889336029958	80
-0.0876592771618901	1.20699000544567	43
0.0280964880574699	0.742148154121523	90
0.00824674914842993	0.529773188260123	40
0.00294183147764993	0.532032217355669	40
-0.00335347787300999	0.534889336029958	475
0.0017447688585801	0.532562193916483	475
0.0017447688585801	0.532562193916483	48
0.00319156543243992	0.531963842405938	40
0.00243017604661011	0.532388959419506	40
0.0388563440215799	0.734684321976156	377
0.00319156543243992	0.531963842405938	11
-0.0750973619627799	1.19185192168294	377
0.0410822349536399	0.733205072648082	11
-0.00545591643695009	1.67905942275313	11
0.09573208924332	1.67776572586187	11
-0.00142880975047999	0.534054734577795	231
0.08077303818204	1.49537514394096	223
0.0521966275699499	0.9945594153429	80
0.0529464424100199	0.995784069644317	80
0.0309280072634499	0.740509202720264	558
0.0450913883192099	0.730252276876845	25
0.00511363652644992	0.53094883647402	40
-0.00262356578869993	0.534584753118728	40
0.0017447688585801	0.532562193916483	48
0.00366600389301008	0.531774933095134	18
0.00366600389301008	0.531774933095134	40
-0.11161553544134	2.20341783943474	11
0.00511363652644992	0.53094883647402	804
0.03032368376837	0.741011018316937	11
0.00319156543243992	0.531963842405938	11
0.0745677533245399	1.5051779344022	227
0.0774623165805901	1.50098190736196	227
0.00366600389301008	0.531774933095134	231
0.00319156543243992	0.531963842405938	223
0.0332152691229599	0.738145623224673	223
-0.0397612615898	1.47215965028253	895
0.03825151948442	0.735027413479489	231
-0.07777312173769	1.19351333428839	80
0.00752013483377989	0.53011506511111	80
-0.00774474493264998	0.536593235425421	80
0.0017447688585801	0.532562193916483	360
-0.00142880975047999	0.534054734577795	25
-0.00802734580893993	0.536690312605626	40
0.02911390535499	0.741809353787203	90
-0.00848113268972006	0.537019591842101	40
-0.00142880975047999	0.534054734577795	40
0.0017447688585801	0.532562193916483	43
-0.00289020322422995	0.534512321528133	40
0.00294183147764993	0.532032217355669	14
-0.07775341573412	1.19574144052044	157
0.05053603753539	0.997274045373009	319
0.03032368376837	0.741011018316937	80
0.0354517588405201	0.737058651118592	80
0.00319156543243992	0.531963842405938	231
0.02870243366597	0.741779531267693	80
0.00319156543243992	0.531963842405938	25
0.00246828561007995	0.532305096548695	40
0.00366600389301008	0.531774933095134	120
-0.00289020322422995	0.534512321528133	120
-0.0806548454109699	1.19952797912163	8
0.0583542915300399	0.989219461261194	11
-0.06783847162608	1.18265830223989	11
-0.00774474493264998	0.536593235425421	377
0.00824674914842993	0.529773188260123	11
0.03051800458471	0.740194948246952	157
0.03564846550468	0.736426287452659	157
0.0344326245705799	0.737399568931953	223
0.0388563440215799	0.734684321976156	231
-0.0764994899076299	1.19405262374656	231
0.00366600389301008	0.531774933095134	319
0.00824674914842993	0.529773188260123	80
0.02870243366597	0.741779531267693	231
0.00319156543243992	0.531963842405938	231
0.0245813550735401	0.745048164284577	80
-0.00262356578869993	0.534584753118728	80
0.03605901003645	0.736605692124347	80
0.00366600389301008	0.531774933095134	80
0.00438993885030992	0.531433597211914	80
0.00752013483377989	0.53011506511111	360
0.00366600389301008	0.531774933095134	25
0.00102101500145002	0.532683365671509	90
0.0017447688585801	0.532562193916483	475
0.00246828561007995	0.532305096548695	18
0.00221742142717996	0.532153748454207	108
0.0481292096019901	0.999948591765882	11
0.0438909955070601	0.731090904465366	223
0.0342361217630101	0.737803608644795	231
-0.00215938518201009	0.53435945377886	231
-0.00262356578869993	0.534584753118728	319
-0.00142880975047999	0.534054734577795	80
0.02870243366597	0.741779531267693	231
0.03594237341777	0.73710643497093	231
0.03647041824491	0.736086036474592	80
0.00169688815515001	0.532694389774889	80
0.0313388787394899	0.740037005484058	360
-0.00921776759309001	0.53721941864807	245
0.00294183147764993	0.532032217355669	43
0.0348441295244399	0.737457902476713	108
0.00438993885030992	0.531433597211914	11
0.00316321952767007	0.53192588850646	377
0.0476839197190999	1.00030901947175	804
-0.00262356578869993	0.534584753118728	895
0.0343274050920901	0.73823682262087	231
-0.0876592771618901	1.20699000544567	231
0.00246828561007995	0.532305096548695	319
-0.00142880975047999	0.534054734577795	80
0.0343274050920901	0.73823682262087	25
0.03647041824491	0.736086036474592	25
0.000963355668319954	0.532848557178048	40
0.00606618783247992	0.53049613470456	40
-0.00215938518201009	0.53435945377886	108
0.04362670432585	1.00511146774742	108
0.0525042938961999	0.996140943971427	427
0.0382884621205299	0.734453255355644	804
0.06692295342112	1.26882842647177	11
-0.0445321662601901	1.47770747523498	157
0.07054391170574	1.26326471651041	11
0.00294183147764993	0.532032217355669	231
0.03866714547726	0.734669375720373	785
0.0017447688585801	0.532562193916483	80
0.00752013483377989	0.53011506511111	40
0.00246828561007995	0.532305096548695	90
0.00294183147764993	0.532032217355669	25
0.0652987151981299	1.27033896884317	108
0.0241708536610901	0.74490389431856	108
-0.00142880975047999	0.534054734577795	108
0.00366600389301008	0.531774933095134	108
-0.00335347787300999	0.534889336029958	11
0.02952625086615	0.741129836625912	11
0.00366600389301008	0.531774933095134	895
0.00316321952767007	0.53192588850646	895
0.00246828561007995	0.532305096548695	108
0.00246828561007995	0.532305096548695	108
0.00366600389301008	0.531774933095134	11
0.00294183147764993	0.532032217355669	231
0.0332152691229599	0.738145623224673	108
0.00169688815515001	0.532694389774889	816
0.01782174227005	0.749265032773333	108
0.00438993885030992	0.531433597211914	644
0.00319156543243992	0.531963842405938	804
-0.00142880975047999	0.534054734577795	377
-0.000698476746989973	0.53359178068112	157
0.00824674914842993	0.529773188260123	157
0.00169688815515001	0.532694389774889	157
0.03927148206998	0.734392295037367	644
0.0017447688585801	0.532562193916483	11
0.00319156543243992	0.531963842405938	11
-0.00262356578869993	0.534584753118728	409
-0.00921776759309001	0.53721941864807	11
0.0017447688585801	0.532562193916483	644
0.0297189832399001	0.74144128695738	484
0.00824674914842993	0.529773188260123	804
-0.00335347787300999	0.534889336029958	11
0.0274901642577501	0.742445781400186	11
0.00246828561007995	0.532305096548695	11
-0.00848113268972006	0.537019591842101	377
0.00897312424460006	0.529288422761213	11
0.00319156543243992	0.531963842405938	11
-0.00774474493264998	0.536593235425421	223
-0.00142880975047999	0.534054734577795	231
0.00221742142717996	0.532153748454207	561
0.00246828561007995	0.532305096548695	319
-0.00262356578869993	0.534584753118728	319
0.03032368376837	0.741011018316937	319
-0.00848113268972006	0.537019591842101	319
0.00246828561007995	0.532305096548695	561
0.0544315521643699	0.992291924175348	108
-0.0825169262990899	1.20039151217704	108
0.00316321952767007	0.53192588850646	108
-0.000698476746989973	0.53359178068112	108
0.00102101500145002	0.532683365671509	108
-0.00215938518201009	0.53435945377886	108
-0.000698476746989973	0.53359178068112	11
0.00319156543243992	0.531963842405938	377
-0.00262356578869993	0.534584753118728	319
0.00366600389301008	0.531774933095134	319
0.00246828561007995	0.532305096548695	108
0.02397926162987	0.745446937601401	108
0.00319156543243992	0.531963842405938	484
0.0017447688585801	0.532562193916483	11
0.00319156543243992	0.531963842405938	157
0.00221742142717996	0.532153748454207	157
0.0348441295244399	0.737457902476713	377
-0.00142880975047999	0.534054734577795	377
0.00246828561007995	0.532305096548695	319
-0.000698476746989973	0.53359178068112	108
-0.00729003919016003	0.536490208929206	11
0.00246828561007995	0.532305096548695	804
-0.00215938518201009	0.53435945377886	11
0.00169688815515001	0.532694389774889	377
0.00752013483377989	0.53011506511111	11
0.00246828561007995	0.532305096548695	561
-0.00142880975047999	0.534054734577795	231
0.0299131916059701	0.740846365603413	231
0.00438993885030992	0.531433597211914	785
0.00366600389301008	0.531774933095134	785
0.0017447688585801	0.532562193916483	846
0.00824674914842993	0.529773188260123	846
0.00102101500145002	0.532683365671509	40
-0.00335347787300999	0.534889336029958	47
-0.04774618641665	2.02846001818484	108
0.00319156543243992	0.531963842405938	108
-0.00189389559207998	0.534121741351592	484
0.00246828561007995	0.532305096548695	11
0.05300643839776	0.993221281467342	409
-0.07676701758319	1.19429405067109	377
0.00366600389301008	0.531774933095134	377
0.00319156543243992	0.531963842405938	515
-0.00335347787300999	0.534889336029958	11
0.00319156543243992	0.531963842405938	11
0.035040734189	0.736946074777505	409
-0.0815303627858499	1.19937634441635	561
0.0017447688585801	0.532562193916483	561
0.0564863701142899	0.990542427271534	231
0.0526440603259899	0.994220592637895	80
0.02911390535499	0.741809353787203	80
0.00246828561007995	0.532305096548695	80
-0.00335347787300999	0.534889336029958	40
-0.00335347787300999	0.534889336029958	108
-0.00142880975047999	0.534054734577795	108
0.00679328112155009	0.530373211909872	11
0.00319156543243992	0.531963842405938	377
-0.00655298027038009	0.53606385526815	108
-0.07843500139162	1.85167159158202	108
0.00438993885030992	0.531433597211914	108
0.03875163179009	0.735066089963955	11
-0.00142880975047999	0.534054734577795	11
0.0198422554867701	0.747955168440197	11
0.00391460850192993	0.531478987360942	11
-0.00289020322422995	0.534512321528133	11
0.00366600389301008	0.531774933095134	409
0.02619479089086	0.74359461111114	561
0.0484843750611801	0.99883853031189	80
-0.00215938518201009	0.53435945377886	80
0.02930800140753	0.741348714485643	231
0.00169688815515001	0.532694389774889	80
0.0354517588405201	0.737058651118592	80
0.0017447688585801	0.532562193916483	846
0.00319156543243992	0.531963842405938	111
-0.00335347787300999	0.534889336029958	40
0.00511363652644992	0.53094883647402	43
0.00294183147764993	0.532032217355669	40
0.00294183147764993	0.532032217355669	40
0.00221742142717996	0.532153748454207	8
0.0673850798842199	1.26682439264286	11
0.0524082627676099	0.995847565409165	377
0.06837691530202	1.26539986185858	11
0.0592413751812699	0.988146069615787	11
0.0935798414908899	1.86956400618806	11
0.03199639655239	0.738564513084407	231
0.03073504640225	0.740466286977461	80
-0.00215938518201009	0.53435945377886	80
0.00221742142717996	0.532153748454207	846
0.00511363652644992	0.53094883647402	80
0.00169688815515001	0.532694389774889	40
0.00319156543243992	0.531963842405938	43
0.00221742142717996	0.532153748454207	43
0.0824206459807599	1.49283528588575	11
-0.0779023960469101	1.19520055224122	377
0.05844645029935	0.988846065329961	11
0.0476839197190999	1.00030901947175	11
0.00319156543243992	0.531963842405938	231
0.0995064326791699	1.66971132734838	80
0.0297189832399001	0.74144128695738	846
0.00366600389301008	0.531774933095134	47
0.00319156543243992	0.531963842405938	43
0.00824674914842993	0.529773188260123	43
0.00294183147764993	0.532032217355669	43
0.00319156543243992	0.531963842405938	40
-0.00335347787300999	0.534889336029958	18
0.00246828561007995	0.532305096548695	18
0.00438993885030992	0.531433597211914	40
0.04460897506561	1.00422715477358	394
0.04047902648651	0.733654187413585	11
-0.00262356578869993	0.534584753118728	409
0.0297189832399001	0.74144128695738	223
0.00366600389301008	0.531774933095134	80
0.00438993885030992	0.531433597211914	80
0.03032368376837	0.741011018316937	40
0.00511363652644992	0.53094883647402	40
0.00294183147764993	0.532032217355669	18
-0.00262356578869993	0.534584753118728	18
-0.000698476746989973	0.53359178068112	18
0.03382413632389	0.737799364206718	108
0.0394607920099199	0.73428791747872	24
0.0331240577334599	0.739029403250235	11
0.06936960016442	1.26346303156416	223
-0.0136384494967099	0.538983877530966	223
-0.0765134483333301	1.84855327229288	231
-0.000698476746989973	0.53359178068112	231
0.09714173510023	1.67534258520994	231
0.0176330204666699	0.749470091542498	80
0.00246828561007995	0.532305096548695	239
0.00438993885030992	0.531433597211914	18
0.00243017604661011	0.532388959419506	40
0.02911390535499	0.741809353787203	18
0.00679328112155009	0.530373211909872	18
0.00221742142717996	0.532153748454207	40
-0.00774474493264998	0.536593235425421	223
0.0017447688585801	0.532562193916483	80
0.0017447688585801	0.532562193916483	80
0.00319156543243992	0.531963842405938	80
0.00319156543243992	0.531963842405938	47
0.03382413632389	0.737799364206718	47
-0.0688216529968899	1.18359141413491	47
0.0245813550735401	0.745048164284577	47
0.00319156543243992	0.531963842405938	43
-0.00142880975047999	0.534054734577795	43
0.00366600389301008	0.531774933095134	40
0.0245813550735401	0.745048164284577	108
-0.00142880975047999	0.534054734577795	108
-0.00774474493264998	0.536593235425421	98
-0.00342895272976995	0.534820350018527	377
0.00366600389301008	0.531774933095134	377
0.0528505831463499	0.995365511826666	11
0.06265580809487	1.27327581182933	223
-0.0503793185436301	2.03662897330625	223
0.00294183147764993	0.532032217355669	80
0.00246828561007995	0.532305096548695	80
0.0400648637716401	0.733838039041807	80
0.0274901642577501	0.742445781400186	43
-0.000698476746989973	0.53359178068112	239
0.00824674914842993	0.529773188260123	43
0.00511363652644992	0.53094883647402	24
-0.00335347787300999	0.534889336029958	24
0.05392735001719	0.994565020089135	11
0.0188322541939301	0.748932368454149	11
0.0297189832399001	0.74144128695738	223
-0.00655298027038009	0.53606385526815	43
0.00511363652644992	0.53094883647402	48
-0.00215938518201009	0.53435945377886	18
-0.00189389559207998	0.534121741351592	40
-0.00262356578869993	0.534584753118728	229
0.00102101500145002	0.532683365671509	229
0.00366600389301008	0.531774933095134	11
0.00294183147764993	0.532032217355669	377
0.00246828561007995	0.532305096548695	11
0.0478257173647201	1.00164878800402	11
0.0493183422196699	0.99996641652363	47
0.0354517588405201	0.737058651118592	43
-0.0770660604927	1.19379824734027	47
0.0342361217630101	0.737803608644795	43
0.00366600389301008	0.531774933095134	239
0.00243017604661011	0.532388959419506	221
0.00294183147764993	0.532032217355669	221
0.00319156543243992	0.531963842405938	108
0.04416648514979	1.00461354139908	11
0.0530912690249701	0.993824520513092	24
0.00366600389301008	0.531774933095134	11
-0.00215938518201009	0.53435945377886	447
0.0017447688585801	0.532562193916483	447
0.00246828561007995	0.532305096548695	80
0.00366600389301008	0.531774933095134	80
0.00294183147764993	0.532032217355669	80
0.0344326245705799	0.737399568931953	80
0.00102101500145002	0.532683365671509	47
0.00246828561007995	0.532305096548695	47
-0.00262356578869993	0.534584753118728	11
0.00246828561007995	0.532305096548695	377
-0.00189389559207998	0.534121741351592	80
0.00366600389301008	0.531774933095134	355
0.00246828561007995	0.532305096548695	231
0.00366600389301008	0.531774933095134	80
-0.00189389559207998	0.534121741351592	43
0.00243017604661011	0.532388959419506	108
0.00102101500145002	0.532683365671509	11
-0.0332547946972701	1.46223363535254	11
0.00294183147764993	0.532032217355669	11
0.0498599778301001	0.999272177355017	80
-0.00215938518201009	0.53435945377886	231
0.0297189832399001	0.74144128695738	355
0.00243017604661011	0.532388959419506	80
0.0348441295244399	0.737457902476713	80
-0.00729003919016003	0.536490208929206	80
0.00366600389301008	0.531774933095134	47
0.0354517588405201	0.737058651118592	47
-0.00262356578869993	0.534584753118728	47
0.0017447688585801	0.532562193916483	43
0.02397926162987	0.745446937601401	20
0.00102101500145002	0.532683365671509	457
0.00438993885030992	0.531433597211914	43
-0.00289020322422995	0.534512321528133	48
0.02296529130888	0.745782655478961	108
0.00294183147764993	0.532032217355669	11
0.00246828561007995	0.532305096548695	11
-0.07676701758319	1.19429405067109	223
-0.02913310176671	1.45294502302985	223
0.09495031476941	1.67927390238496	223
0.00438993885030992	0.531433597211914	80
0.03382413632389	0.737799364206718	97
0.0460330872605099	1.00239409855352	80
0.00679328112155009	0.530373211909872	47
0.0348441295244399	0.737457902476713	43
-0.0830471855020001	1.20201746051507	43
0.0388563440215799	0.734684321976156	47
0.00752013483377989	0.53011506511111	43
0.0124799136465901	0.75291052669152	43
-0.00215938518201009	0.53435945377886	43
0.00366600389301008	0.531774933095134	40
0.00319156543243992	0.531963842405938	894
-0.00729003919016003	0.536490208929206	108
0.0530912690249701	0.993824520513092	108
0.0499081347337	0.997836151501064	11
0.0673140343191601	1.2686153481695	11
0.0342361217630101	0.737803608644795	11
0.0666459014006799	1.26777401128653	223
-0.0816758736482099	1.19933877647713	223
0.0315319540477701	0.739858295482413	80
0.0348441295244399	0.737457902476713	231
0.0337259191397701	0.73866407925936	97
-0.00262356578869993	0.534584753118728	47
0.00752013483377989	0.53011506511111	47
0.00294183147764993	0.532032217355669	20
-0.00262356578869993	0.534584753118728	894
0.08539466618227	1.48746426522206	108
0.00391460850192993	0.531478987360942	11
0.0348441295244399	0.737457902476713	11
-0.00408363202708006	0.535041876234331	11
0.00294183147764993	0.532032217355669	223
0.00438993885030992	0.531433597211914	231
0.00246828561007995	0.532305096548695	355
0.00294183147764993	0.532032217355669	231
0.00391460850192993	0.531478987360942	80
0.00438993885030992	0.531433597211914	98
0.0250306999065899	0.744466941968989	11
-0.00262356578869993	0.534584753118728	11
-0.07676701758319	1.19429405067109	447
-0.0270300443256399	1.45072976681817	223
0.0521966275699499	0.9945594153429	11
0.00366600389301008	0.531774933095134	231
0.0712837906052399	1.2603302214193	231
0.00366600389301008	0.531774933095134	231
0.00246828561007995	0.532305096548695	80
0.03301896960124	0.738221346869086	231
-0.0830820510153201	1.20024280881667	97
0.0354517588405201	0.737058651118592	43
0.0337259191397701	0.73866407925936	43
0.0352565014716599	0.736829271920345	43
0.00319156543243992	0.531963842405938	43
-0.00215938518201009	0.53435945377886	47
-0.00335347787300999	0.534889336029958	47
0.0017447688585801	0.532562193916483	43
0.00221742142717996	0.532153748454207	40
0.00246828561007995	0.532305096548695	40
-0.00921776759309001	0.53721941864807	24
-0.00335347787300999	0.534889336029958	98
-0.00215938518201009	0.53435945377886	11
-0.0811102108094901	1.19888737123819	11
-0.00189389559207998	0.534121741351592	11
0.0347415204314101	0.738030619991319	223
0.035040734189	0.736946074777505	11
0.0331240577334599	0.739029403250235	231
-0.00335347787300999	0.534889336029958	80
0.00246828561007995	0.532305096548695	80
-0.00335347787300999	0.534889336029958	231
0.03382413632389	0.737799364206718	80
0.00438993885030992	0.531433597211914	47
-0.00262356578869993	0.534584753118728	43
0.00102101500145002	0.532683365671509	43
0.00752013483377989	0.53011506511111	221
-0.00189389559207998	0.534121741351592	11
0.00246828561007995	0.532305096548695	98
-0.00262356578869993	0.534584753118728	11
0.07689607963195	1.50092105926759	231
0.02911390535499	0.741809353787203	231
-0.00342895272976995	0.534820350018527	80
0.0860806854580101	1.48608385023784	80
0.00221742142717996	0.532153748454207	47
0.00316321952767007	0.53192588850646	47
-0.06825538997252	1.18316837065075	43
-0.0136384494967099	0.538983877530966	47
0.05097965249374	0.99679043961272	43
0.00438993885030992	0.531433597211914	20
-0.00729003919016003	0.536490208929206	20
0.00319156543243992	0.531963842405938	457
-0.00142880975047999	0.534054734577795	221
0.00221742142717996	0.532153748454207	48
0.00824674914842993	0.529773188260123	40
0.00221742142717996	0.532153748454207	770
0.00246828561007995	0.532305096548695	229
0.00221742142717996	0.532153748454207	11
0.0388563440215799	0.734684321976156	11
0.02030994052027	1.85702102411064	223
0.0444913788299499	0.730698170039734	80
-0.07721029400492	1.19295758109662	43
0.0342361217630101	0.737803608644795	47
0.00319156543243992	0.531963842405938	457
0.0017447688585801	0.532562193916483	221
0.00294183147764993	0.532032217355669	221
-0.00215938518201009	0.53435945377886	108
0.0299131916059701	0.740846365603413	108
-0.00142880975047999	0.534054734577795	111
0.04396008345277	1.00587438668897	11
0.00246828561007995	0.532305096548695	11
-0.00142880975047999	0.534054734577795	11
0.00319156543243992	0.531963842405938	11
0.0722731399151599	1.26108397584491	231
0.00319156543243992	0.531963842405938	231
-0.07999407722312	1.85583196189659	231
0.0529464424100199	0.995784069644317	231
0.02858299067685	0.742268681612624	80
0.0482210326305299	0.999715864518326	80
-0.08331063787851	1.20261502284202	43
-0.00142880975047999	0.534054734577795	43
0.04047902648651	0.733654187413585	20
0.00679328112155009	0.530373211909872	239
0.0017447688585801	0.532562193916483	457
0.00246828561007995	0.532305096548695	457
0.00294183147764993	0.532032217355669	457
0.00366600389301008	0.531774933095134	61
0.00897312424460006	0.529288422761213	61
0.00438993885030992	0.531433597211914	18
0.00511363652644992	0.53094883647402	18
0.00316321952767007	0.53192588850646	11
0.00824674914842993	0.529773188260123	11
-0.0116894998013199	1.69079118850228	231
-0.0339981425340301	1.46149466042058	97
-0.00729003919016003	0.536490208929206	80
-0.00262356578869993	0.534584753118728	43
-0.00142880975047999	0.534054734577795	20
0.0309280072634499	0.740509202720264	457
-0.00262356578869993	0.534584753118728	221
0.00366600389301008	0.531774933095134	61
0.00824674914842993	0.529773188260123	61
0.00294183147764993	0.532032217355669	40
0.00438993885030992	0.531433597211914	31
0.00752013483377989	0.53011506511111	11
-0.00655298027038009	0.53606385526815	11
0.03073504640225	0.740466286977461	11
-0.00335347787300999	0.534889336029958	11
0.00169688815515001	0.532694389774889	447
0.00246828561007995	0.532305096548695	231
0.08604622655634	1.4860678973812	231
-0.000698476746989973	0.53359178068112	80
0.00246828561007995	0.532305096548695	47
-0.000698476746989973	0.53359178068112	43
0.00438993885030992	0.531433597211914	43
0.00294183147764993	0.532032217355669	20
0.0017447688585801	0.532562193916483	20
0.00246828561007995	0.532305096548695	20
-0.00335347787300999	0.534889336029958	48
0.00221742142717996	0.532153748454207	40
0.00366600389301008	0.531774933095134	31
-0.00215938518201009	0.53435945377886	11
-0.000698476746989973	0.53359178068112	11
0.0456910242929101	0.729740760765916	223
0.0778763397794	1.49968741702328	80
-0.00289020322422995	0.534512321528133	80
0.0344326245705799	0.737399568931953	47
0.0352565014716599	0.736829271920345	43
0.00246828561007995	0.532305096548695	43
0.00169688815515001	0.532694389774889	20
0.00246828561007995	0.532305096548695	43
0.00752013483377989	0.53011506511111	457
0.00556158106668003	1.65872854174041	11
-0.00363475419188997	1.67519651901346	231
-0.04246205004301	1.47535356119433	47
0.0472384061206099	1.00059916929174	47
0.00824674914842993	0.529773188260123	47
0.0297189832399001	0.74144128695738	43
0.0495550598469101	0.998644372218219	43
0.00438993885030992	0.531433597211914	20
-0.00142880975047999	0.534054734577795	457
0.0017447688585801	0.532562193916483	457
-0.00335347787300999	0.534889336029958	613
0.00246828561007995	0.532305096548695	108
-0.00262356578869993	0.534584753118728	98
-0.00342895272976995	0.534820350018527	98
0.00438993885030992	0.531433597211914	11
0.00246828561007995	0.532305096548695	80
0.0530912690249701	0.993824520513092	47
0.0319423345526799	0.739536323340341	47
0.0313388787394899	0.740037005484058	47
-0.0787394689191401	1.19624673344309	47
0.0444913788299499	0.730698170039734	43
0.03647041824491	0.736086036474592	47
-0.00215938518201009	0.53435945377886	43
0.00294183147764993	0.532032217355669	20
0.00366600389301008	0.531774933095134	457
-0.000698476746989973	0.53359178068112	18
0.00824674914842993	0.529773188260123	616
0.00679328112155009	0.530373211909872	229
0.04901911877248	0.999040070856556	108
0.04041839485907	2.01437133029132	11
-0.0783348591053299	1.19333673560805	11
0.0599068367345299	1.2780503146112	80
0.02397926162987	0.745446937601401	80
-0.0273863575398701	1.45119946321806	80
0.0354517588405201	0.737058651118592	80
0.0633939316525001	1.27273161178683	97
0.03594237341777	0.73710643497093	47
0.0427402619840001	1.00581004614872	47
0.00366600389301008	0.531774933095134	872
0.00366600389301008	0.531774933095134	61
-0.00289020322422995	0.534512321528133	61
0.0017447688585801	0.532562193916483	61
0.00824674914842993	0.529773188260123	229
-0.0767887666020199	1.19250381372609	108
0.0297189832399001	0.74144128695738	11
0.02518307226521	0.744569276799966	11
0.02619479089086	0.74359461111114	11
-0.0280234045099199	1.45139210872866	11
-0.00335347787300999	0.534889336029958	223
-0.00609319560568	1.68008435466603	11
0.0337259191397701	0.73866407925936	80
0.00366600389301008	0.531774933095134	80
0.00243017604661011	0.532388959419506	80
0.00511363652644992	0.53094883647402	47
-0.0858318860931999	1.20514242617671	47
-0.00335347787300999	0.534889336029958	43
0.0325218205526401	0.739324025366201	20
0.0017447688585801	0.532562193916483	20
0.00246828561007995	0.532305096548695	457
-0.00262356578869993	0.534584753118728	613
-0.00142880975047999	0.534054734577795	18
0.00246828561007995	0.532305096548695	61
-0.00335347787300999	0.534889336029958	61
-0.0472723799961201	2.02850859820308	108
0.00246828561007995	0.532305096548695	11
-0.03905817725707	1.46985378484052	11
-0.00848113268972006	0.537019591842101	11
0.03968031327036	1.00958386073363	11
0.0313388787394899	0.740037005484058	80
0.0670155556539001	1.26733267658607	97
0.00294183147764993	0.532032217355669	80
0.00294183147764993	0.532032217355669	47
0.0348441295244399	0.737457902476713	47
0.0354517588405201	0.737058651118592	43
0.00319156543243992	0.531963842405938	43
0.00366600389301008	0.531774933095134	457
0.00246828561007995	0.532305096548695	18
-0.00262356578869993	0.534584753118728	40
0.00391460850192993	0.531478987360942	31
0.0602190620213901	0.986937316021287	11
0.05300643839776	0.993221281467342	11
0.00102101500145002	0.532683365671509	11
0.0743201061650101	1.25768674315854	11
0.04514957040723	1.00323526464379	11
-0.07847598791315	1.1939098219185	80
0.0398754422991101	0.734049874675633	97
-0.02913310176671	1.45294502302985	97
-0.0825169262990899	1.20039151217704	47
0.00169688815515001	0.532694389774889	47
0.03647041824491	0.736086036474592	43
0.0354517588405201	0.737058651118592	47
-0.00262356578869993	0.534584753118728	43
0.00438993885030992	0.531433597211914	20
0.00366600389301008	0.531774933095134	61
0.00294183147764993	0.532032217355669	61
-0.00335347787300999	0.534889336029958	18
-0.00774474493264998	0.536593235425421	31
0.0482210326305299	0.999715864518326	11
0.0394607920099199	0.73428791747872	377
0.04514957040723	1.00323526464379	377
0.00319156543243992	0.531963842405938	11
0.0295950828379801	0.741636469196257	97
-0.00655298027038009	0.53606385526815	80
0.00294183147764993	0.532032217355669	47
0.08680324284504	1.48340704753308	47
0.00319156543243992	0.531963842405938	47
0.00366600389301008	0.531774933095134	20
0.00391460850192993	0.531478987360942	20
-0.00189389559207998	0.534121741351592	20
0.0438430249674699	1.00526239051517	20
0.00824674914842993	0.529773188260123	43
0.00366600389301008	0.531774933095134	40
0.00366600389301008	0.531774933095134	18
0.00246828561007995	0.532305096548695	1
0.00169688815515001	0.532694389774889	57
-0.08331063787851	1.20261502284202	108
0.06516534970417	1.27115065452889	108
0.03260602264144	0.738426213109688	11
0.02911390535499	0.741809353787203	377
-0.00774474493264998	0.536593235425421	11
0.03492851591048	0.737738330121349	11
0.0245813550735401	0.745048164284577	231
-0.000698476746989973	0.53359178068112	80
0.00511363652644992	0.53094883647402	231
0.03051800458471	0.740194948246952	231
0.0017447688585801	0.532562193916483	97
-0.00335347787300999	0.534889336029958	97
0.00246828561007995	0.532305096548695	47
-0.00289020322422995	0.534512321528133	43
-0.0824762422793299	1.20196300454179	20
0.0493183422196699	0.99996641652363	20
0.0017447688585801	0.532562193916483	18
0.00438993885030992	0.531433597211914	18
0.00752013483377989	0.53011506511111	18
0.00102101500145002	0.532683365671509	18
-0.00262356578869993	0.534584753118728	101
0.00366600389301008	0.531774933095134	295
-0.00774474493264998	0.536593235425421	57
-0.00655298027038009	0.53606385526815	58
0.00679328112155009	0.530373211909872	229
-0.00262356578869993	0.534584753118728	229
-0.0425264302061199	1.47591897918393	11
0.0187452235452199	1.85831165837865	11
0.035040734189	0.736946074777505	11
-0.0816758736482099	1.19933877647713	579
0.0526440603259899	0.994220592637895	80
0.0017447688585801	0.532562193916483	43
-0.00142880975047999	0.534054734577795	43
0.0017447688585801	0.532562193916483	43
0.00366600389301008	0.531774933095134	20
0.00366600389301008	0.531774933095134	20
0.04397447523079	1.00384338461892	20
0.0325218205526401	0.739324025366201	61
0.00366600389301008	0.531774933095134	229
0.05470092389645	1.28550617897993	11
0.0808643838810399	1.49421104250225	11
-0.0873886302732601	1.20596672951153	223
0.07264216838591	1.25838045082774	80
0.00438993885030992	0.531433597211914	231
0.03647041824491	0.736086036474592	47
0.0017447688585801	0.532562193916483	47
-0.00262356578869993	0.534584753118728	47
0.0319423345526799	0.739536323340341	20
-0.00262356578869993	0.534584753118728	20
-0.00215938518201009	0.53435945377886	20
0.03073504640225	0.740466286977461	457
0.00366600389301008	0.531774933095134	457
-0.00215938518201009	0.53435945377886	31
0.1050445728405	2.18115898948789	108
0.0960584224365499	2.03767113815152	11
-0.00729003919016003	0.536490208929206	11
0.03362773523062	0.73808363463249	223
0.0342361217630101	0.737803608644795	11
-0.07440240200594	1.19136941915611	223
0.05505143578532	0.991583809146007	223
0.0017447688585801	0.532562193916483	11
0.00221742142717996	0.532153748454207	80
0.03260602264144	0.738426213109688	80
0.00243017604661011	0.532388959419506	80
0.00294183147764993	0.532032217355669	80
0.0313388787394899	0.740037005484058	47
0.00246828561007995	0.532305096548695	47
0.00294183147764993	0.532032217355669	47
-0.00335347787300999	0.534889336029958	47
0.00366600389301008	0.531774933095134	47
-0.00215938518201009	0.53435945377886	47
-0.00215938518201009	0.53435945377886	47
0.00366600389301008	0.531774933095134	83
0.00246828561007995	0.532305096548695	457
-0.00142880975047999	0.534054734577795	18
0.00752013483377989	0.53011506511111	40
0.0652987151981299	1.27033896884317	11
0.0851596743068499	1.48622568903974	11
0.02619479089086	0.74359461111114	80
-0.08092650799044	1.85617320069122	97
0.0017447688585801	0.532562193916483	20
0.03414053167988	0.73839524602128	43
0.00438993885030992	0.531433597211914	18
-0.000698476746989973	0.53359178068112	61
-0.00289020322422995	0.534512321528133	61
-0.00335347787300999	0.534889336029958	61
0.00752013483377989	0.53011506511111	61
-0.00655298027038009	0.53606385526815	18
-0.00215938518201009	0.53435945377886	36
0.08100420842311	1.49403605350732	11
-0.00729003919016003	0.536490208929206	896
0.00438993885030992	0.531433597211914	11
0.0860628991034	1.48656541366568	11
0.0280964880574699	0.742148154121523	11
0.0358636488266999	0.736484372081891	11
0.04887884777412	1.00049518335591	97
0.00366600389301008	0.531774933095134	43
0.0017447688585801	0.532562193916483	47
0.00246828561007995	0.532305096548695	31
0.05329268116312	0.994813681069795	8
0.00243017604661011	0.532388959419506	24
0.00319156543243992	0.531963842405938	24
0.00575729345537002	2.31164728013431	11
-0.00189389559207998	0.534121741351592	11
-0.00655298027038009	0.53606385526815	893
0.10517141771585	1.84382752423448	11
-0.0325388793169601	1.459411456314	11
0.00331699602526991	1.66362292195113	11
0.0495550598469101	0.998644372218219	11
0.03382413632389	0.737799364206718	11
0.00438993885030992	0.531433597211914	80
-0.00729003919016003	0.536490208929206	43
0.00294183147764993	0.532032217355669	83
0.0017447688585801	0.532562193916483	457
0.00366600389301008	0.531774933095134	457
0.0337259191397701	0.73866407925936	457
0.00102101500145002	0.532683365671509	61
-0.00335347787300999	0.534889336029958	31
-0.0143816470099101	0.539305515921282	11
-0.08708924290234	1.2062531978025	11
0.0956120809057299	1.67668337879512	223
-0.0871766196741901	1.20791951543843	80
0.0354517588405201	0.737058651118592	97
0.0354517588405201	0.737058651118592	97
0.03073504640225	0.740466286977461	97
0.00221742142717996	0.532153748454207	43
0.0245813550735401	0.745048164284577	43
0.00319156543243992	0.531963842405938	43
0.00246828561007995	0.532305096548695	457
0.00246828561007995	0.532305096548695	18
0.00294183147764993	0.532032217355669	18
0.00752013483377989	0.53011506511111	61
0.00366600389301008	0.531774933095134	61
0.00438993885030992	0.531433597211914	31
-0.00408363202708006	0.535041876234331	616
-0.00215938518201009	0.53435945377886	11
0.00366600389301008	0.531774933095134	11
-0.00262356578869993	0.534584753118728	377
0.00391460850192993	0.531478987360942	11
0.00319156543243992	0.531963842405938	579
0.0331240577334599	0.739029403250235	80
0.02870243366597	0.741779531267693	231
0.02911390535499	0.741809353787203	97
-0.00729003919016003	0.536490208929206	97
0.0332152691229599	0.738145623224673	43
0.00511363652644992	0.53094883647402	43
0.00319156543243992	0.531963842405938	43
0.00366600389301008	0.531774933095134	457
0.00246828561007995	0.532305096548695	61
-0.00289020322422995	0.534512321528133	61
-0.00729003919016003	0.536490208929206	295
0.10541898658591	1.8442457183252	510
-0.00335347787300999	0.534889336029958	11
-0.00142880975047999	0.534054734577795	11
-0.0339246898580201	1.46158645703795	223
0.03492851591048	0.737738330121349	11
-0.08372811230086	1.20277696255207	122
0.0495550598469101	0.998644372218219	231
0.0352565014716599	0.736829271920345	231
0.0533883685460601	0.995364856999185	80
0.0400648637716401	0.733838039041807	97
0.05392735001719	0.994565020089135	47
0.00294183147764993	0.532032217355669	148
-0.00215938518201009	0.53435945377886	18
0.00438993885030992	0.531433597211914	61
0.00169688815515001	0.532694389774889	11
0.0824513278343899	1.7026760488017	11
0.0388059673105099	2.0180259248192	377
-0.0411114973914799	2.01602595273237	11
0.03073504640225	0.740466286977461	11
0.0444913788299499	0.730698170039734	11
-0.0374146506111399	1.46755246825655	43
0.0020589060587699	1.66439924567616	47
0.08283835416326	1.49117160214021	43
-0.00215938518201009	0.53435945377886	462
0.0017447688585801	0.532562193916483	18
0.00319156543243992	0.531963842405938	61
0.00366600389301008	0.531774933095134	61
0.0017447688585801	0.532562193916483	61
0.00246828561007995	0.532305096548695	61
-0.0026891496364001	0.534393708496841	111
0.00824674914842993	0.529773188260123	223
0.00319156543243992	0.531963842405938	11
0.03382413632389	0.737799364206718	231
0.0625107889387699	1.27384750902197	97
-0.000698476746989973	0.53359178068112	43
0.00438993885030992	0.531433597211914	43
-0.00215938518201009	0.53435945377886	43
0.00366600389301008	0.531774933095134	43
0.00294183147764993	0.532032217355669	43
-0.00262356578869993	0.534584753118728	61
0.00366600389301008	0.531774933095134	11
0.0348441295244399	0.737457902476713	11
0.0299131916059701	0.740846365603413	11
-0.00189389559207998	0.534121741351592	397
0.00752013483377989	0.53011506511111	397
0.06106618288064	1.27648632618268	43
-0.08392440707451	1.20115273534419	20
0.00438993885030992	0.531433597211914	61
0.00319156543243992	0.531963842405938	31
0.00294183147764993	0.532032217355669	58
0.00824674914842993	0.529773188260123	11
-0.00142880975047999	0.534054734577795	11
0.05196571989041	0.996267358383412	11
0.0563880692096701	0.99005711596152	97
0.0332152691229599	0.738145623224673	43
0.02870243366597	0.741779531267693	43
0.0716538045347099	1.25979474087847	20
0.02870243366597	0.741779531267693	20
-0.00215938518201009	0.53435945377886	457
0.00752013483377989	0.53011506511111	295
-0.09249590354856	2.38626466920335	11
-0.00189389559207998	0.534121741351592	11
-0.00142880975047999	0.534054734577795	11
0.0017447688585801	0.532562193916483	11
0.03382413632389	0.737799364206718	11
-0.00142880975047999	0.534054734577795	579
0.0280964880574699	0.742148154121523	80
0.0243911415490099	0.744788514499998	80
0.000963355668319954	0.532848557178048	608
0.0297189832399001	0.74144128695738	97
0.03647041824491	0.736086036474592	97
-0.00335347787300999	0.534889336029958	97
-0.00848113268972006	0.537019591842101	97
-0.00215938518201009	0.53435945377886	97
0.0410822349536399	0.733205072648082	43
0.03605901003645	0.736605692124347	43
0.00169688815515001	0.532694389774889	457
0.00366600389301008	0.531774933095134	18
-0.00215938518201009	0.53435945377886	61
0.0194313077211301	0.748485043890541	61
0.00169688815515001	0.532694389774889	31
0.00246828561007995	0.532305096548695	616
0.00246828561007995	0.532305096548695	11
-0.000698476746989973	0.53359178068112	11
0.00366600389301008	0.531774933095134	11
0.0398754422991101	0.734049874675633	231
0.0948307830392401	1.86669220826492	80
0.0670155556539001	1.26733267658607	97
-0.00215938518201009	0.53435945377886	43
-0.00262356578869993	0.534584753118728	43
0.02798414743867	0.742664548988016	61
0.00294183147764993	0.532032217355669	61
0.01756646087573	1.86197301057091	108
0.04901911877248	0.999040070856556	11
0.00824674914842993	0.529773188260123	397
0.00243017604661011	0.532388959419506	20
-0.00215938518201009	0.53435945377886	20
0.00319156543243992	0.531963842405938	531
0.00366600389301008	0.531774933095134	18
-0.00335347787300999	0.534889336029958	18
0.0370768100507199	0.735634103186099	61
0.0017447688585801	0.532562193916483	61
0.00246828561007995	0.532305096548695	101
-0.00215938518201009	0.53435945377886	11
0.00246828561007995	0.532305096548695	397
0.05633429514544	0.991972702090636	223
0.00246828561007995	0.532305096548695	531
0.0426446288465001	1.00546533017098	531
-0.00335347787300999	0.534889336029958	43
-0.00142880975047999	0.534054734577795	457
0.02397926162987	0.745446937601401	43
0.00319156543243992	0.531963842405938	457
-0.00142880975047999	0.534054734577795	111
0.0245813550735401	0.745048164284577	11
0.03382413632389	0.737799364206718	223
0.03032368376837	0.741011018316937	223
0.0438909955070601	0.731090904465366	187
-0.00215938518201009	0.53435945377886	231
-0.0849945723955401	1.20398508391291	20
-0.07634932767583	1.19380890063092	20
0.00294183147764993	0.532032217355669	20
0.00438993885030992	0.531433597211914	20
0.00511363652644992	0.53094883647402	20
0.00319156543243992	0.531963842405938	20
0.00366600389301008	0.531774933095134	531
0.00246828561007995	0.532305096548695	297
-0.00408363202708006	0.535041876234331	43
0.00438993885030992	0.531433597211914	457
0.00294183147764993	0.532032217355669	18
0.00221742142717996	0.532153748454207	61
-0.00262356578869993	0.534584753118728	61
-0.00335347787300999	0.534889336029958	108
0.00438993885030992	0.531433597211914	108
0.00319156543243992	0.531963842405938	11
0.04168506802148	0.732690001857744	11
-0.00262356578869993	0.534584753118728	187
0.0495550598469101	0.998644372218219	231
0.0472384061206099	1.00059916929174	97
0.00319156543243992	0.531963842405938	97
0.00246828561007995	0.532305096548695	97
0.00246828561007995	0.532305096548695	97
0.0354517588405201	0.737058651118592	20
0.00679328112155009	0.530373211909872	20
0.0348441295244399	0.737457902476713	20
0.03382413632389	0.737799364206718	457
0.00824674914842993	0.529773188260123	18
-0.00408363202708006	0.535041876234331	450
0.00366600389301008	0.531774933095134	295
0.00319156543243992	0.531963842405938	108
0.0017447688585801	0.532562193916483	11
0.0526440603259899	0.994220592637895	11
-0.00142880975047999	0.534054734577795	122
0.0245813550735401	0.745048164284577	187
0.09037928684528	1.4784183018706	80
-0.00335347787300999	0.534889336029958	97
0.06763829529453	1.26634818949054	97
0.00294183147764993	0.532032217355669	20
0.0348441295244399	0.737457902476713	20
0.00752013483377989	0.53011506511111	20
0.05196571989041	0.996267358383412	20
-0.00416900555087008	0.535021602650627	20
0.0394607920099199	0.73428791747872	20
0.02911390535499	0.741809353787203	457
0.00243017604661011	0.532388959419506	61
0.00319156543243992	0.531963842405938	108
0.00391460850192993	0.531478987360942	108
-0.05270391334668	2.03994897555739	24
0.08998894202385	1.68907730063634	11
0.03605901003645	0.736605692124347	11
0.0474575637330601	1.00143133266914	11
0.00319156543243992	0.531963842405938	11
-0.00289020322422995	0.534512321528133	231
0.00246828561007995	0.532305096548695	20
0.00246828561007995	0.532305096548695	20
0.02870243366597	0.741779531267693	20
-0.08807905267463	1.20727402944065	20
-0.0124503848050499	0.538455276996515	20
0.00319156543243992	0.531963842405938	297
0.00319156543243992	0.531963842405938	18
0.00294183147764993	0.532032217355669	61
0.00511363652644992	0.53094883647402	11
0.0481292096019901	0.999948591765882	11
0.00319156543243992	0.531963842405938	11
-0.00408363202708006	0.535041876234331	223
-0.00408363202708006	0.535041876234331	122
0.00243017604661011	0.532388959419506	187
0.00294183147764993	0.532032217355669	80
-0.00142880975047999	0.534054734577795	608
0.00366600389301008	0.531774933095134	608
0.0342361217630101	0.737803608644795	97
0.00319156543243992	0.531963842405938	20
-0.00335347787300999	0.534889336029958	20
0.00438993885030992	0.531433597211914	20
0.00294183147764993	0.532032217355669	20
0.0297189832399001	0.74144128695738	108
0.00319156543243992	0.531963842405938	11
0.0342361217630101	0.737803608644795	11
-0.00289020322422995	0.534512321528133	223
0.0017447688585801	0.532562193916483	122
0.00319156543243992	0.531963842405938	187
0.00824674914842993	0.529773188260123	97
0.00294183147764993	0.532032217355669	97
-0.00774474493264998	0.536593235425421	97
-0.00289020322422995	0.534512321528133	20
0.05559628128572	0.991148375430811	108
0.04670210346596	1.00066507097037	108
-0.0143816470099101	0.539305515921282	11
0.00169688815515001	0.532694389774889	11
0.00366600389301008	0.531774933095134	11
0.0017447688585801	0.532562193916483	11
-0.00335347787300999	0.534889336029958	11
0.00169688815515001	0.532694389774889	11
0.00246828561007995	0.532305096548695	187
-0.00848113268972006	0.537019591842101	97
0.00246828561007995	0.532305096548695	95
-0.00215938518201009	0.53435945377886	108
-0.00335347787300999	0.534889336029958	11
-0.00335347787300999	0.534889336029958	11
0.00246828561007995	0.532305096548695	187
0.00752013483377989	0.53011506511111	187
0.00366600389301008	0.531774933095134	97
0.00246828561007995	0.532305096548695	20
0.00243017604661011	0.532388959419506	11
0.0245813550735401	0.745048164284577	136
-0.00848113268972006	0.537019591842101	11
0.00246828561007995	0.532305096548695	223
0.00246828561007995	0.532305096548695	122
0.00319156543243992	0.531963842405938	122
0.00438993885030992	0.531433597211914	187
-0.00408363202708006	0.535041876234331	80
0.00246828561007995	0.532305096548695	80
0.00246828561007995	0.532305096548695	97
0.00391460850192993	0.531478987360942	97
-0.00215938518201009	0.53435945377886	97
-0.00335347787300999	0.534889336029958	20
0.00824674914842993	0.529773188260123	61
-0.00142880975047999	0.534054734577795	106
0.00366600389301008	0.531774933095134	11
0.09278512939741	1.68306160311295	136
0.0821847891943599	1.49215067706175	136
-0.04283341738672	1.47768310957721	136
-0.00335347787300999	0.534889336029958	11
0.02296529130888	0.745782655478961	122
-0.07875712614497	1.19385510327795	187
0.0017447688585801	0.532562193916483	97
0.05053603753539	0.997274045373009	97
0.0337259191397701	0.73866407925936	20
0.03605901003645	0.736605692124347	20
0.0309280072634499	0.740509202720264	20
0.00246828561007995	0.532305096548695	20
-0.00142880975047999	0.534054734577795	457
-0.00335347787300999	0.534889336029958	595
0.00246828561007995	0.532305096548695	450
0.00102101500145002	0.532683365671509	449
0.00319156543243992	0.531963842405938	36
0.0343274050920901	0.73823682262087	11
0.00319156543243992	0.531963842405938	106
0.00438993885030992	0.531433597211914	11
0.0354517588405201	0.737058651118592	11
-0.0773513168609601	1.19299534867775	122
-0.00142880975047999	0.534054734577795	187
0.0335391676632899	0.738689230719259	187
-0.0824762422793299	1.20196300454179	80
-0.0781717595818101	1.19615746000601	97
-0.0349955693028901	1.46310646201367	97
0.0337259191397701	0.73866407925936	20
0.00366600389301008	0.531774933095134	20
0.0337259191397701	0.73866407925936	20
-0.00215938518201009	0.53435945377886	43
0.00319156543243992	0.531963842405938	43
0.00366600389301008	0.531774933095134	43
0.00366600389301008	0.531774933095134	457
0.00294183147764993	0.532032217355669	449
-0.07457153022039	2.34100611718322	11
0.0788715049456801	1.49800538036134	11
0.0450913883192099	0.730252276876845	11
0.06775447415228	1.26624721925684	223
0.0687460304801699	1.26482347543478	122
-0.07875712614497	1.19385510327795	122
0.0431835947675201	1.00549858454715	97
-0.0868202816072401	1.20616139506103	97
0.0946506219035701	1.67958996326883	43
0.0599068367345299	1.2780503146112	20
0.0319423345526799	0.739536323340341	20
0.09261046705007	1.47442660780976	43
0.0280964880574699	0.742148154121523	20
0.03564846550468	0.736426287452659	18
0.00679328112155009	0.530373211909872	18
0.0017447688585801	0.532562193916483	61
-0.00189389559207998	0.534121741351592	109
0.00319156543243992	0.531963842405938	109
0.00221742142717996	0.532153748454207	31
0.00824674914842993	0.529773188260123	31
0.00391460850192993	0.531478987360942	31
0.00294183147764993	0.532032217355669	616
0.00391460850192993	0.531478987360942	58
0.0017447688585801	0.532562193916483	11
0.0353421342376099	0.737604114579331	11
0.00679328112155009	0.530373211909872	11
-0.03636243667855	1.46693478100611	11
0.00319156543243992	0.531963842405938	80
-0.00729003919016003	0.536490208929206	97
0.05362465526986	0.993341884596457	20
0.00246828561007995	0.532305096548695	20
0.00511363652644992	0.53094883647402	20
0.00438993885030992	0.531433597211914	469
-0.00189389559207998	0.534121741351592	20
0.0482210326305299	0.999715864518326	20
0.0337259191397701	0.73866407925936	95
-0.00142880975047999	0.534054734577795	229
0.00366600389301008	0.531774933095134	73
0.00752013483377989	0.53011506511111	616
-0.00215938518201009	0.53435945377886	36
0.00824674914842993	0.529773188260123	36
0.00246828561007995	0.532305096548695	36
0.0017447688585801	0.532562193916483	722
-0.00262356578869993	0.534584753118728	722
0.00319156543243992	0.531963842405938	11
0.00511363652644992	0.53094883647402	11
0.00438993885030992	0.531433597211914	11
0.00752013483377989	0.53011506511111	11
0.00752013483377989	0.53011506511111	187
0.00319156543243992	0.531963842405938	80
0.00679328112155009	0.530373211909872	97
0.0017447688585801	0.532562193916483	97
0.03605901003645	0.736605692124347	97
0.00243017604661011	0.532388959419506	20
0.06316096333293	0.984253233663645	43
0.00679328112155009	0.530373211909872	43
0.0358636488266999	0.736484372081891	43
0.00246828561007995	0.532305096548695	595
-0.00142880975047999	0.534054734577795	18
0.0017447688585801	0.532562193916483	61
-0.00729003919016003	0.536490208929206	36
0.01722142816392	0.749615137665594	58
0.00246828561007995	0.532305096548695	388
-0.000698476746989973	0.53359178068112	229
0.0017447688585801	0.532562193916483	187
0.00243017604661011	0.532388959419506	177
0.0500921996525801	0.997695328185349	297
0.00366600389301008	0.531774933095134	95
0.00246828561007995	0.532305096548695	95
0.00221742142717996	0.532153748454207	95
0.0188322541939301	0.748932368454149	109
-0.00262356578869993	0.534584753118728	109
-0.00335347787300999	0.534889336029958	109
0.03073504640225	0.740466286977461	61
0.00294183147764993	0.532032217355669	31
0.0354517588405201	0.737058651118592	1
0.03605901003645	0.736605692124347	1
0.00169688815515001	0.532694389774889	73
0.00366600389301008	0.531774933095134	73
0.00511363652644992	0.53094883647402	36
0.0297189832399001	0.74144128695738	58
-0.00215938518201009	0.53435945377886	58
0.00319156543243992	0.531963842405938	388
-0.00262356578869993	0.534584753118728	11
0.00366600389301008	0.531774933095134	223
-0.000698476746989973	0.53359178068112	629
0.03032368376837	0.741011018316937	43
-0.00262356578869993	0.534584753118728	20
0.00246828561007995	0.532305096548695	95
-0.00289020322422995	0.534512321528133	18
0.00319156543243992	0.531963842405938	61
0.0343274050920901	0.73823682262087	61
0.00102101500145002	0.532683365671509	109
-0.03155714621796	1.45628687929635	109
0.03866714547726	0.734669375720373	61
0.0017447688585801	0.532562193916483	31
0.04047902648651	0.733654187413585	31
0.00752013483377989	0.53011506511111	73
-0.0957842305004	1.21752985861406	58
0.0370768100507199	0.735634103186099	58
0.00246828561007995	0.532305096548695	388
0.00294183147764993	0.532032217355669	809
-0.00262356578869993	0.534584753118728	229
-0.00262356578869993	0.534584753118728	11
-0.00848113268972006	0.537019591842101	80
0.00246828561007995	0.532305096548695	195
-0.00215938518201009	0.53435945377886	297
0.00366600389301008	0.531774933095134	325
-0.0688216529968899	1.18359141413491	1
0.00391460850192993	0.531478987360942	1
0.0344326245705799	0.737399568931953	31
0.00366600389301008	0.531774933095134	1
-0.00215938518201009	0.53435945377886	229
0.00752013483377989	0.53011506511111	73
0.0017447688585801	0.532562193916483	11
0.00438993885030992	0.531433597211914	223
0.0596798988118299	2.49034440902403	223
0.03913736345456	1.01004943199487	20
0.000963355668319954	0.532848557178048	20
-0.0811102108094901	1.19888737123819	95
0.0348441295244399	0.737457902476713	1
0.07523882987826	1.50409442973262	1
0.00246828561007995	0.532305096548695	1
-0.00215938518201009	0.53435945377886	1
0.00366600389301008	0.531774933095134	101
-0.00142880975047999	0.534054734577795	229
0.00319156543243992	0.531963842405938	1
0.0495550598469101	0.998644372218219	36
-0.00262356578869993	0.534584753118728	36
0.00438993885030992	0.531433597211914	388
-0.00729003919016003	0.536490208929206	106
0.03564846550468	0.736426287452659	11
0.00246828561007995	0.532305096548695	11
-0.00142880975047999	0.534054734577795	11
-0.00189389559207998	0.534121741351592	11
-0.00262356578869993	0.534584753118728	223
0.00366600389301008	0.531774933095134	122
-0.0026891496364001	0.534393708496841	187
0.00391460850192993	0.531478987360942	629
-0.00142880975047999	0.534054734577795	97
0.0297189832399001	0.74144128695738	97
0.0313388787394899	0.740037005484058	43
0.00752013483377989	0.53011506511111	20
0.0309280072634499	0.740509202720264	20
-0.0435538649723399	2.02151381796467	95
0.08564488315958	1.69688935741595	297
-0.00408363202708006	0.535041876234331	325
-0.00215938518201009	0.53435945377886	61
0.05680293491128	1.28166402476762	109
-0.0814912885983801	1.85749211766021	61
0.00294183147764993	0.532032217355669	814
0.00319156543243992	0.531963842405938	229
-0.00289020322422995	0.534512321528133	36
0.00294183147764993	0.532032217355669	57
0.0245813550735401	0.745048164284577	11
0.00391460850192993	0.531478987360942	11
0.02850844979016	0.742106412560748	61
-0.00215938518201009	0.53435945377886	61
-0.00416900555087008	0.535021602650627	109
-0.0732828197534901	1.18858935813647	109
0.0358636488266999	0.736484372081891	1
-0.00142880975047999	0.534054734577795	229
0.0017447688585801	0.532562193916483	229
0.00366600389301008	0.531774933095134	36
-0.00215938518201009	0.53435945377886	58
0.00752013483377989	0.53011506511111	58
0.00246828561007995	0.532305096548695	229
0.00319156543243992	0.531963842405938	106
-0.00142880975047999	0.534054734577795	11
0.0450913883192099	0.730252276876845	11
-0.00189389559207998	0.534121741351592	223
-0.00262356578869993	0.534584753118728	97
-0.00142880975047999	0.534054734577795	20
0.00221742142717996	0.532153748454207	95
-0.0868202816072401	1.20616139506103	297
0.05196571989041	0.996267358383412	95
-0.0342843242619699	2.21451189830815	95
0.03032368376837	0.741011018316937	61
-0.00335347787300999	0.534889336029958	109
0.00316321952767007	0.53192588850646	1
-0.00342895272976995	0.534820350018527	1
-0.00289020322422995	0.534512321528133	814
0.00243017604661011	0.532388959419506	814
0.00366600389301008	0.531774933095134	1
0.00391460850192993	0.531478987360942	229
0.1032656750405	1.66236129059207	36
0.0017447688585801	0.532562193916483	229
0.0017447688585801	0.532562193916483	229
0.00246828561007995	0.532305096548695	106
0.00319156543243992	0.531963842405938	11
0.00319156543243992	0.531963842405938	136
0.0347415204314101	0.738030619991319	223
0.00752013483377989	0.53011506511111	97
-0.0873886302732601	1.20596672951153	97
0.00824674914842993	0.529773188260123	756
0.0785450397395899	1.49849294301492	297
-0.00189389559207998	0.534121741351592	95
-0.00416900555087008	0.535021602650627	95
0.00246828561007995	0.532305096548695	18
-0.0305226565540999	1.45799118131938	61
0.00246828561007995	0.532305096548695	61
0.00366600389301008	0.531774933095134	109
0.0335391676632899	0.738689230719259	109
0.0670155556539001	1.26733267658607	109
0.00246828561007995	0.532305096548695	31
0.00366600389301008	0.531774933095134	1
0.00319156543243992	0.531963842405938	229
0.00438993885030992	0.531433597211914	229
0.00366600389301008	0.531774933095134	73
0.000963355668319954	0.532848557178048	73
0.0017447688585801	0.532562193916483	58
-0.0136384494967099	0.538983877530966	58
0.02518307226521	0.744569276799966	58
0.00246828561007995	0.532305096548695	653
0.00319156543243992	0.531963842405938	722
0.0950361508656501	1.67905406424995	97
0.00752013483377989	0.53011506511111	97
0.00366600389301008	0.531774933095134	97
-0.00215938518201009	0.53435945377886	195
0.02911390535499	0.741809353787203	20
0.00246828561007995	0.532305096548695	20
0.00221742142717996	0.532153748454207	20
0.10410751889861	2.01889442691163	20
0.0354517588405201	0.737058651118592	95
0.0486659317806399	0.999426352901855	18
0.00679328112155009	0.530373211909872	109
0.00294183147764993	0.532032217355669	31
0.00752013483377989	0.53011506511111	661
0.0400648637716401	0.733838039041807	1
0.00246828561007995	0.532305096548695	1
-0.00142880975047999	0.534054734577795	814
-0.00335347787300999	0.534889336029958	814
0.00294183147764993	0.532032217355669	229
0.00243017604661011	0.532388959419506	229
-0.00408363202708006	0.535041876234331	36
-0.00262356578869993	0.534584753118728	36
0.0017447688585801	0.532562193916483	229
0.00391460850192993	0.531478987360942	229
0.0245813550735401	0.745048164284577	106
0.0827460043655699	1.49220229362235	11
-0.00774474493264998	0.536593235425421	11
0.00319156543243992	0.531963842405938	187
0.0017447688585801	0.532562193916483	97
0.00319156543243992	0.531963842405938	600
0.02930800140753	0.741348714485643	600
-0.00215938518201009	0.53435945377886	97
0.05451763196394	0.992496519663589	97
-0.00335347787300999	0.534889336029958	195
-0.00335347787300999	0.534889336029958	97
0.00679328112155009	0.530373211909872	97
0.0631361499645899	1.27329040432222	20
0.03073504640225	0.740466286977461	20
0.00316321952767007	0.53192588850646	20
-0.00262356578869993	0.534584753118728	20
-0.00142880975047999	0.534054734577795	20
0.04460897506561	1.00422715477358	95
-0.00189389559207998	0.534121741351592	95
0.00752013483377989	0.53011506511111	109
0.00102101500145002	0.532683365671509	1
0.0309280072634499	0.740509202720264	1
0.00246828561007995	0.532305096548695	536
-0.00215938518201009	0.53435945377886	814
0.00243017604661011	0.532388959419506	36
-0.00262356578869993	0.534584753118728	58
0.00752013483377989	0.53011506511111	229
-0.07396422464683	2.33979779744558	436
0.0352565014716599	0.736829271920345	223
0.09265844177472	1.87229224482666	223
-0.00189389559207998	0.534121741351592	223
-0.0829377303627199	1.20081090618897	97
-0.08400676413169	1.20233753250933	97
0.06837691530202	1.26539986185858	20
0.0400648637716401	0.733838039041807	20
0.0348441295244399	0.737457902476713	20
-0.00335347787300999	0.534889336029958	20
0.0332152691229599	0.738145623224673	20
0.03647041824491	0.736086036474592	20
0.00246828561007995	0.532305096548695	325
0.00246828561007995	0.532305096548695	325
-0.00289020322422995	0.534512321528133	18
0.00438993885030992	0.531433597211914	109
0.00752013483377989	0.53011506511111	593
0.00246828561007995	0.532305096548695	57
0.00294183147764993	0.532032217355669	36
0.00246828561007995	0.532305096548695	653
0.03875163179009	0.735066089963955	106
0.02870243366597	0.741779531267693	11
0.00824674914842993	0.529773188260123	11
0.00679328112155009	0.530373211909872	11
-0.00142880975047999	0.534054734577795	11
0.0358636488266999	0.736484372081891	223
0.0280964880574699	0.742148154121523	223
0.0017447688585801	0.532562193916483	97
0.02930800140753	0.741348714485643	97
0.0017447688585801	0.532562193916483	97
0.00319156543243992	0.531963842405938	195
0.00438993885030992	0.531433597211914	195
0.0301308372186999	0.740833493555529	20
0.0331240577334599	0.739029403250235	20
0.0017447688585801	0.532562193916483	20
0.00319156543243992	0.531963842405938	20
0.00246828561007995	0.532305096548695	20
-0.00262356578869993	0.534584753118728	20
-0.00215938518201009	0.53435945377886	20
0.00246828561007995	0.532305096548695	20
0.00824674914842993	0.529773188260123	536
0.0297189832399001	0.74144128695738	11
0.00438993885030992	0.531433597211914	11
-0.00142880975047999	0.534054734577795	11
-0.00335347787300999	0.534889336029958	11
0.00319156543243992	0.531963842405938	11
0.04047902648651	0.733654187413585	223
0.00606618783247992	0.53049613470456	223
0.00511363652644992	0.53094883647402	187
-0.00215938518201009	0.53435945377886	97
-0.00142880975047999	0.534054734577795	97
0.00366600389301008	0.531774933095134	97
0.00824674914842993	0.529773188260123	195
-0.00215938518201009	0.53435945377886	195
-0.00416900555087008	0.535021602650627	97
0.00679328112155009	0.530373211909872	20
-0.00335347787300999	0.534889336029958	20
0.00246828561007995	0.532305096548695	20
0.00102101500145002	0.532683365671509	20
0.00366600389301008	0.531774933095134	20
0.00294183147764993	0.532032217355669	106
0.00366600389301008	0.531774933095134	11
-0.00335347787300999	0.534889336029958	195
0.00824674914842993	0.529773188260123	20
0.00294183147764993	0.532032217355669	106
-0.00142880975047999	0.534054734577795	106
-0.00262356578869993	0.534584753118728	11
-0.00408363202708006	0.535041876234331	11
0.00391460850192993	0.531478987360942	97
0.0017447688585801	0.532562193916483	20
0.00221742142717996	0.532153748454207	131
0.00319156543243992	0.531963842405938	95
0.00319156543243992	0.531963842405938	106
-0.00729003919016003	0.536490208929206	436
0.00246828561007995	0.532305096548695	223
0.0712801900287701	1.26218445576574	122
-0.0817961063143899	1.20012644857737	195
-0.0907924337781001	1.21038721295024	20
0.02930800140753	0.741348714485643	20
0.07444482604466	1.25673930594217	20
0.0352565014716599	0.736829271920345	20
0.0297189832399001	0.74144128695738	20
0.0325218205526401	0.739324025366201	20
0.00366600389301008	0.531774933095134	95
-0.00215938518201009	0.53435945377886	95
-0.00342895272976995	0.534820350018527	297
0.03382413632389	0.737799364206718	95
0.00366600389301008	0.531774933095134	338
0.0017447688585801	0.532562193916483	18
0.03362773523062	0.73808363463249	18
0.0017447688585801	0.532562193916483	325
0.00221742142717996	0.532153748454207	536
0.00243017604661011	0.532388959419506	536
0.0017447688585801	0.532562193916483	73
-0.00262356578869993	0.534584753118728	34
0.0332152691229599	0.738145623224673	436
-0.00335347787300999	0.534889336029958	106
0.00438993885030992	0.531433597211914	106
-0.0222356683270799	1.44340678761638	11
0.0850687432015	1.48805394224199	187
0.05206192286816	0.996427811175005	187
0.00824674914842993	0.529773188260123	20
0.0342361217630101	0.737803608644795	95
-0.00335347787300999	0.534889336029958	18
0.00246828561007995	0.532305096548695	18
-0.000698476746989973	0.53359178068112	61
-0.00289020322422995	0.534512321528133	61
0.0017447688585801	0.532562193916483	29
0.00366600389301008	0.531774933095134	31
0.00438993885030992	0.531433597211914	1
0.00438993885030992	0.531433597211914	1
0.00246828561007995	0.532305096548695	229
-0.00215938518201009	0.53435945377886	57
0.0529464424100199	0.995784069644317	11
-0.0349955693028901	1.46310646201367	223
0.00246828561007995	0.532305096548695	223
0.0574663175294701	0.990058806612059	187
-0.12161448418504	1.64616309076659	97
0.07481366183942	1.25626755050915	195
0.0353421342376099	0.737604114579331	20
-0.00262356578869993	0.534584753118728	20
0.00438993885030992	0.531433597211914	20
0.00438993885030992	0.531433597211914	95
-0.00848113268972006	0.537019591842101	95
0.00319156543243992	0.531963842405938	18
-0.00848113268972006	0.537019591842101	229
0.0484843750611801	0.99883853031189	436
0.00316664204445005	2.31789709064691	11
-0.00335347787300999	0.534889336029958	11
-0.00802734580893993	0.536690312605626	223
0.0348441295244399	0.737457902476713	524
0.0771369562453199	1.50150500087474	97
0.05174897061815	0.994831965905898	195
0.0499081347337	0.997836151501064	97
0.0583542915300399	0.989219461261194	20
0.0521966275699499	0.9945594153429	20
0.0017447688585801	0.532562193916483	20
-0.0825169262990899	1.20039151217704	20
0.0194313077211301	0.748485043890541	20
0.00294183147764993	0.532032217355669	50
0.00246828561007995	0.532305096548695	18
0.00102101500145002	0.532683365671509	18
0.0017447688585801	0.532562193916483	71
0.00319156543243992	0.531963842405938	61
0.00246828561007995	0.532305096548695	1
-0.00142880975047999	0.534054734577795	436
0.0508890135287601	1.98942147913492	11
-0.0760950142516399	1.19090103637917	223
0.02356826086701	0.745383324956546	11
0.00366600389301008	0.531774933095134	217
0.0671333091288699	1.26669385007678	195
-0.03563479529667	1.46389632217702	195
0.03382413632389	0.737799364206718	97
-0.00774474493264998	0.536593235425421	50
0.0309280072634499	0.740509202720264	338
-0.00408363202708006	0.535041876234331	56
-0.00215938518201009	0.53435945377886	593
0.00366600389301008	0.531774933095134	536
-0.00335347787300999	0.534889336029958	34
0.00679328112155009	0.530373211909872	34
0.00366600389301008	0.531774933095134	36
0.00366600389301008	0.531774933095134	111
-0.09719386654725	1.21832259370724	106
0.07722292861104	1.50058860305359	524
0.03825151948442	0.735027413479489	187
-0.00215938518201009	0.53435945377886	217
-0.0809633157566401	1.19815263463342	217
0.0815185218350301	1.49336985586135	97
0.0354517588405201	0.737058651118592	97
0.0528505831463499	0.995365511826666	20
0.00319156543243992	0.531963842405938	95
0.00366600389301008	0.531774933095134	338
0.00294183147764993	0.532032217355669	61
0.00366600389301008	0.531774933095134	1
-0.00289020322422995	0.534512321528133	34
0.00294183147764993	0.532032217355669	34
0.0017447688585801	0.532562193916483	106
0.04308210413111	1.00662896446541	412
-0.0349955693028901	1.46310646201367	412
-0.0730002411691999	1.19001770038709	20
-0.00335347787300999	0.534889336029958	338
0.00294183147764993	0.532032217355669	18
0.0017447688585801	0.532562193916483	18
0.00246828561007995	0.532305096548695	18
-0.00848113268972006	0.537019591842101	75
-0.000698476746989973	0.53359178068112	34
-0.00215938518201009	0.53435945377886	73
0.00294183147764993	0.532032217355669	229
0.0347415204314101	0.738030619991319	106
0.0883222327505799	1.6915428783893	106
0.00246828561007995	0.532305096548695	106
-0.08232100348186	1.20115852541679	187
0.03957803222681	1.00954440585532	122
-0.0308303083122301	1.45781095784373	122
0.00438993885030992	0.531433597211914	187
-0.00142880975047999	0.534054734577795	187
0.03414053167988	0.73839524602128	187
-0.08195069977383	1.19979508294437	97
0.0141547883317099	1.86960177782104	97
-0.0781717595818101	1.19615746000601	195
0.0332152691229599	0.738145623224673	20
0.00679328112155009	0.530373211909872	20
0.0017447688585801	0.532562193916483	95
-0.00142880975047999	0.534054734577795	18
-0.00142880975047999	0.534054734577795	18
-0.00921776759309001	0.53721941864807	593
0.00294183147764993	0.532032217355669	6
0.0017447688585801	0.532562193916483	75
0.00366600389301008	0.531774933095134	34
0.00243017604661011	0.532388959419506	436
0.0670155556539001	1.26733267658607	106
-0.0849945723955401	1.20398508391291	11
0.0530912690249701	0.993824520513092	97
0.02911390535499	0.741809353787203	97
-0.03563479529667	1.46389632217702	97
0.0000920347182999937	1.66873285365354	97
0.0482210326305299	0.999715864518326	217
0.04901911877248	0.999040070856556	217
0.03492851591048	0.737738330121349	217
0.00294183147764993	0.532032217355669	195
0.03414053167988	0.73839524602128	97
-0.0781951119041	1.19396778018936	97
0.03927148206998	0.734392295037367	50
0.00606618783247992	0.53049613470456	297
0.00752013483377989	0.53011506511111	18
0.00294183147764993	0.532032217355669	1
0.00319156543243992	0.531963842405938	1
0.0017447688585801	0.532562193916483	75
0.064165409071	1.27300508779038	472
0.00366600389301008	0.531774933095134	436
0.03032368376837	0.741011018316937	436
0.053485819064	0.994921098367185	223
-0.03563479529667	1.46389632217702	187
0.0440695907957001	1.00465394433231	187
0.0297189832399001	0.74144128695738	97
0.0358636488266999	0.736484372081891	97
0.00102101500145002	0.532683365671509	97
0.0579104158918999	0.989666385167294	20
0.0346489758549799	0.73710862556556	20
0.0280964880574699	0.742148154121523	50
0.0348441295244399	0.737457902476713	189
0.00366600389301008	0.531774933095134	18
0.0017447688585801	0.532562193916483	18
-0.00215938518201009	0.53435945377886	18
-0.00262356578869993	0.534584753118728	18
-0.00729003919016003	0.536490208929206	229
0.00294183147764993	0.532032217355669	827
-0.00408363202708006	0.535041876234331	436
0.00438993885030992	0.531433597211914	436
-0.00215938518201009	0.53435945377886	106
-0.00215938518201009	0.53435945377886	223
-0.0824762422793299	1.20196300454179	187
-0.00189389559207998	0.534121741351592	187
0.04047902648651	0.733654187413585	97
0.0337259191397701	0.73866407925936	217
0.0332152691229599	0.738145623224673	97
0.00294183147764993	0.532032217355669	97
0.00438993885030992	0.531433597211914	97
0.0574663175294701	0.990058806612059	97
-0.00408363202708006	0.535041876234331	20
0.0348441295244399	0.737457902476713	50
-0.000698476746989973	0.53359178068112	95
0.00319156543243992	0.531963842405938	95
-0.00921776759309001	0.53721941864807	229
-0.07636742430816	1.19198656006665	106
-0.0353527748133	1.46345982302383	223
0.03866714547726	0.734669375720373	187
0.0530912690249701	0.993824520513092	97
0.0280964880574699	0.742148154121523	97
-0.0813833701804301	1.19849717080833	97
0.0526440603259899	0.994220592637895	131
0.00246828561007995	0.532305096548695	95
0.00319156543243992	0.531963842405938	95
0.00824674914842993	0.529773188260123	18
-0.00189389559207998	0.534121741351592	18
-0.00215938518201009	0.53435945377886	18
0.00316321952767007	0.53192588850646	18
-0.00142880975047999	0.534054734577795	29
-0.00408363202708006	0.535041876234331	61
0.0017447688585801	0.532562193916483	36
0.00319156543243992	0.531963842405938	97
0.0313388787394899	0.740037005484058	97
-0.03020511416661	1.45435792809077	97
0.0491106074735499	0.999066624675767	50
-0.00262356578869993	0.534584753118728	95
0.00366600389301008	0.531774933095134	95
0.03414053167988	0.73839524602128	95
-0.00215938518201009	0.53435945377886	95
0.00438993885030992	0.531433597211914	229
0.0342361217630101	0.737803608644795	95
-0.03056269716906	1.45468536959697	338
0.00246828561007995	0.532305096548695	338
0.0017447688585801	0.532562193916483	18
-0.00262356578869993	0.534584753118728	71
0.00246828561007995	0.532305096548695	71
0.00246828561007995	0.532305096548695	6
-0.00335347787300999	0.534889336029958	849
-0.00262356578869993	0.534584753118728	849
0.00294183147764993	0.532032217355669	75
0.00102101500145002	0.532683365671509	229
0.0017447688585801	0.532562193916483	229
-0.00215938518201009	0.53435945377886	34
0.02236194466459	0.746102263438818	36
0.00294183147764993	0.532032217355669	106
-0.00345881240750989	1.67508436967167	273
0.0579104158918999	0.989666385167294	11
0.035040734189	0.736946074777505	187
0.04362670432585	1.00511146774742	187
0.00246828561007995	0.532305096548695	97
0.00391460850192993	0.531478987360942	97
0.0232460612619101	0.745862697686826	97
0.00366600389301008	0.531774933095134	97
0.00606618783247992	0.53049613470456	20
0.00366600389301008	0.531774933095134	20
0.0017447688585801	0.532562193916483	95
-0.00335347787300999	0.534889336029958	95
-0.0353527748133	1.46345982302383	95
-0.000698476746989973	0.53359178068112	95
0.0354517588405201	0.737058651118592	18
-0.000698476746989973	0.53359178068112	18
0.00294183147764993	0.532032217355669	29
0.00319156543243992	0.531963842405938	6
-0.00335347787300999	0.534889336029958	229
0.00366600389301008	0.531774933095134	229
-0.00262356578869993	0.534584753118728	1
0.00246828561007995	0.532305096548695	1
0.00752013483377989	0.53011506511111	213
0.0297189832399001	0.74144128695738	34
-0.11014763292506	2.19874334912485	106
-0.00189389559207998	0.534121741351592	106
-0.00189389559207998	0.534121741351592	106
0.00511363652644992	0.53094883647402	106
0.0475936866594799	0.999880566999494	11
0.00824674914842993	0.529773188260123	122
0.00511363652644992	0.53094883647402	187
-0.00655298027038009	0.53606385526815	97
-0.000698476746989973	0.53359178068112	97
-0.00802734580893993	0.536690312605626	97
0.0354517588405201	0.737058651118592	95
0.00102101500145002	0.532683365671509	71
0.0831881244830499	1.48869370049961	71
0.00316321952767007	0.53192588850646	849
-0.00408363202708006	0.535041876234331	229
-0.00289020322422995	0.534512321528133	34
0.00294183147764993	0.532032217355669	34
0.0301308372186999	0.740833493555529	106
0.00511363652644992	0.53094883647402	11
-0.00215938518201009	0.53435945377886	187
0.00752013483377989	0.53011506511111	97
0.00366600389301008	0.531774933095134	208
0.00391460850192993	0.531478987360942	208
0.06911501585617	1.26417144774297	338
-0.0730092060848999	1.188871677536	29
0.10386139818662	1.66099067867565	71
0.00679328112155009	0.530373211909872	229
0.00246828561007995	0.532305096548695	1
0.00438993885030992	0.531433597211914	34
0.0540712554477401	0.992946535226311	36
0.0335391676632899	0.738689230719259	36
0.03414053167988	0.73839524602128	407
0.00438993885030992	0.531433597211914	11
-0.00729003919016003	0.536490208929206	11
-0.00189389559207998	0.534121741351592	11
0.00438993885030992	0.531433597211914	187
0.00366600389301008	0.531774933095134	97
0.0720236885687	1.25919471540171	97
0.03032368376837	0.741011018316937	338
0.035040734189	0.736946074777505	338
0.00438993885030992	0.531433597211914	71
0.09851712833572	1.67162558280691	71
-0.0438365743301501	1.47835503027858	34
0.00319156543243992	0.531963842405938	34
0.0297189832399001	0.74144128695738	34
0.0670294156742	1.26867597676015	34
0.0489815693797	1.00010734019394	34
0.00221742142717996	0.532153748454207	238
0.00511363652644992	0.53094883647402	106
0.00824674914842993	0.529773188260123	11
-0.000698476746989973	0.53359178068112	11
0.00752013483377989	0.53011506511111	122
0.07406394067379	1.25786187780403	187
0.0621416190258699	1.27439793257711	97
-0.00335347787300999	0.534889336029958	97
0.00319156543243992	0.531963842405938	97
-0.00262356578869993	0.534584753118728	97
-0.00262356578869993	0.534584753118728	338
-0.000698476746989973	0.53359178068112	18
-0.08627666544005	1.20713390952185	18
0.0233767916129299	0.745765973907936	6
-0.00262356578869993	0.534584753118728	116
-0.00262356578869993	0.534584753118728	229
-0.00335347787300999	0.534889336029958	451
0.0354517588405201	0.737058651118592	106
-0.00655298027038009	0.53606385526815	208
0.0017447688585801	0.532562193916483	97
-0.00189389559207998	0.534121741351592	338
-0.00729003919016003	0.536490208929206	71
-0.00335347787300999	0.534889336029958	71
0.03032368376837	0.741011018316937	6
0.00366600389301008	0.531774933095134	6
-0.00729003919016003	0.536490208929206	75
0.0460330872605099	1.00239409855352	36
-0.00142880975047999	0.534054734577795	36
0.00752013483377989	0.53011506511111	238
0.04695514443556	2.18318955763096	11
0.00438993885030992	0.531433597211914	122
0.00294183147764993	0.532032217355669	187
0.00824674914842993	0.529773188260123	187
0.00438993885030992	0.531433597211914	189
0.00679328112155009	0.530373211909872	95
0.00366600389301008	0.531774933095134	18
0.03923982458094	1.0099211064635	29
0.00294183147764993	0.532032217355669	71
0.00511363652644992	0.53094883647402	71
0.0535382538054301	0.993373734563121	75
-0.0749624874314501	1.18977293025434	34
0.00752013483377989	0.53011506511111	213
0.0017447688585801	0.532562193916483	407
-0.00408363202708006	0.535041876234331	11
0.00319156543243992	0.531963842405938	11
-0.00215938518201009	0.53435945377886	223
0.00824674914842993	0.529773188260123	97
-0.00189389559207998	0.534121741351592	97
-0.0835031363571	1.20073289986014	208
-0.00875472737113991	1.68586829845047	95
-0.000698476746989973	0.53359178068112	338
0.00438993885030992	0.531433597211914	338
-0.0270338856869099	1.45127605170747	71
0.00366600389301008	0.531774933095134	229
0.00246828561007995	0.532305096548695	407
-0.0952076499527099	1.21695666303425	11
-0.000698476746989973	0.53359178068112	122
-0.00335347787300999	0.534889336029958	97
0.0017447688585801	0.532562193916483	217
0.0301308372186999	0.740833493555529	97
0.00246828561007995	0.532305096548695	97
0.00438993885030992	0.531433597211914	95
-0.00802734580893993	0.536690312605626	338
0.00438993885030992	0.531433597211914	71
0.00366600389301008	0.531774933095134	71
0.00438993885030992	0.531433597211914	1
-0.07342876029741	1.1893226581013	34
0.00438993885030992	0.531433597211914	229
-0.00335347787300999	0.534889336029958	229
0.00102101500145002	0.532683365671509	229
-0.0915221868912099	1.21216397373307	106
0.10426405079901	2.34130929633541	11
0.03414053167988	0.73839524602128	122
0.0472384061206099	1.00059916929174	97
0.00366600389301008	0.531774933095134	217
0.03382413632389	0.737799364206718	50
0.0580027411976101	0.989180708464477	338
-0.00142880975047999	0.534054734577795	229
0.02858299067685	0.742268681612624	71
-0.00408363202708006	0.535041876234331	71
-0.00142880975047999	0.534054734577795	229
-0.00408363202708006	0.535041876234331	6
-0.00189389559207998	0.534121741351592	229
0.00246828561007995	0.532305096548695	229
0.00102101500145002	0.532683365671509	57
-0.00142880975047999	0.534054734577795	229
-0.00262356578869993	0.534584753118728	229
0.0739152813012001	1.50630884451861	11
-0.00262356578869993	0.534584753118728	11
0.0331240577334599	0.739029403250235	223
-0.0820593208959599	1.20151209908718	208
-0.12088008984017	1.64419091653435	208
-0.00673084039742999	1.68077794809612	229
-0.0767887666020199	1.19250381372609	97
-0.0786172874648801	1.19435859675051	229
0.0337259191397701	0.73866407925936	229
-0.09011389139241	1.21064230647771	229
0.03073504640225	0.740466286977461	95
0.0354517588405201	0.737058651118592	18
0.00102101500145002	0.532683365671509	18
-0.00408363202708006	0.535041876234331	229
0.00319156543243992	0.531963842405938	229
0.00246828561007995	0.532305096548695	6
0.00319156543243992	0.531963842405938	229
0.0017447688585801	0.532562193916483	213
0.0017447688585801	0.532562193916483	34
-0.00729003919016003	0.536490208929206	106
-0.00335347787300999	0.534889336029958	436
0.0241708536610901	0.74490389431856	106
0.00246828561007995	0.532305096548695	106
0.05480974569758	0.993666240668308	111
0.0342361217630101	0.737803608644795	11
0.00752013483377989	0.53011506511111	587
0.0525042938961999	0.996140943971427	587
0.00294183147764993	0.532032217355669	11
-0.0400566773421001	1.47040298170641	11
-0.02947762072865	1.45583211535728	11
0.04047902648651	0.733654187413585	97
0.0354517588405201	0.737058651118592	11
0.03362773523062	0.73808363463249	229
0.00366600389301008	0.531774933095134	97
0.00294183147764993	0.532032217355669	97
0.02798414743867	0.742664548988016	229
0.00752013483377989	0.53011506511111	338
0.00294183147764993	0.532032217355669	229
0.00294183147764993	0.532032217355669	18
0.00438993885030992	0.531433597211914	229
0.02952625086615	0.741129836625912	111
0.0017447688585801	0.532562193916483	111
0.00366600389301008	0.531774933095134	111
0.00294183147764993	0.532032217355669	229
0.0342361217630101	0.737803608644795	111
0.00294183147764993	0.532032217355669	699
-0.00142880975047999	0.534054734577795	229
0.00319156543243992	0.531963842405938	229
0.00438993885030992	0.531433597211914	229
0.00366600389301008	0.531774933095134	111
-0.00262356578869993	0.534584753118728	111
0.00366600389301008	0.531774933095134	111
0.00391460850192993	0.531478987360942	229
0.03032368376837	0.741011018316937	111
0.00294183147764993	0.532032217355669	111
-0.00142880975047999	0.534054734577795	229
-0.00215938518201009	0.53435945377886	111
0.00294183147764993	0.532032217355669	111
0.00752013483377989	0.53011506511111	111
0.00366600389301008	0.531774933095134	229
-0.00262356578869993	0.534584753118728	111
0.00366600389301008	0.531774933095134	111
0.00246828561007995	0.532305096548695	11
-0.00921776759309001	0.53721941864807	11
0.0332152691229599	0.738145623224673	11
-0.00262356578869993	0.534584753118728	97
-0.00289020322422995	0.534512321528133	229
-0.00142880975047999	0.534054734577795	229
0.0241708536610901	0.74490389431856	111
-0.00729003919016003	0.536490208929206	106
-0.0285540337215899	2.20241945531274	106
0.00221742142717996	0.532153748454207	97
0.00366600389301008	0.531774933095134	97
0.0422967058380901	1.00602416805294	97
0.0824206459807599	1.49283528588575	229
0.00221742142717996	0.532153748454207	50
-0.00262356578869993	0.534584753118728	229
-0.000698476746989973	0.53359178068112	18
0.0540712554477401	0.992946535226311	229
0.00246828561007995	0.532305096548695	229
0.00169688815515001	0.532694389774889	229
0.00294183147764993	0.532032217355669	229
0.0344326245705799	0.737399568931953	229
0.0344326245705799	0.737399568931953	229
0.00294183147764993	0.532032217355669	18
0.00294183147764993	0.532032217355669	229
0.00366600389301008	0.531774933095134	436
0.00246828561007995	0.532305096548695	106
0.03923982458094	1.0099211064635	106
0.0899157528338499	1.68853736168498	11
-0.078576008784	1.85061380389306	106
-0.08625082009069	1.2055961704008	97
0.06276713149286	1.2737657343996	50
-0.0326314510988499	1.45665724859996	376
0.00366600389301008	0.531774933095134	229
0.00366600389301008	0.531774933095134	95
0.00294183147764993	0.532032217355669	18
0.00366600389301008	0.531774933095134	229
0.00438993885030992	0.531433597211914	229
0.0017447688585801	0.532562193916483	18
0.000963355668319954	0.532848557178048	591
-0.00142880975047999	0.534054734577795	229
0.03605901003645	0.736605692124347	229
0.00294183147764993	0.532032217355669	75
0.0017447688585801	0.532562193916483	229
0.0297189832399001	0.74144128695738	106
0.0309280072634499	0.740509202720264	11
0.00246828561007995	0.532305096548695	273
0.0017447688585801	0.532562193916483	11
0.0666459014006799	1.26777401128653	106
0.00246828561007995	0.532305096548695	106
-0.05020933686337	2.03543672976743	106
0.0569310797832501	0.990149429197402	97
-0.0787394689191401	1.19624673344309	50
-0.00215938518201009	0.53435945377886	97
-0.0384834373861001	1.46869035079512	376
-0.07636742430816	1.19198656006665	229
0.00438993885030992	0.531433597211914	64
0.00438993885030992	0.531433597211914	64
0.00246828561007995	0.532305096548695	229
0.00438993885030992	0.531433597211914	18
0.00366600389301008	0.531774933095134	229
0.00366600389301008	0.531774933095134	100
-0.00215938518201009	0.53435945377886	591
-0.00262356578869993	0.534584753118728	6
0.00511363652644992	0.53094883647402	436
0.0331240577334599	0.739029403250235	106
0.05844645029935	0.988846065329961	11
-0.00189389559207998	0.534121741351592	11
-0.00774474493264998	0.536593235425421	106
0.00319156543243992	0.531963842405938	97
-0.07791277743133	1.1927500469406	217
0.0301308372186999	0.740833493555529	97
0.0388563440215799	0.734684321976156	97
0.0348441295244399	0.737457902476713	50
0.02236194466459	0.746102263438818	50
-0.00142880975047999	0.534054734577795	229
-0.0026891496364001	0.534393708496841	18
0.00319156543243992	0.531963842405938	18
0.00246828561007995	0.532305096548695	18
0.0227739447009701	0.745932802373502	229
-0.00189389559207998	0.534121741351592	229
-0.00335347787300999	0.534889336029958	229
0.0592761884827999	1.27898561897245	106
0.02911390535499	0.741809353787203	436
-0.12433040973243	2.49622203081848	11
0.0495550598469101	0.998644372218219	106
0.0815308423241601	1.49284300159602	97
-0.0155930402044799	2.36603757844351	376
0.00246828561007995	0.532305096548695	50
0.00511363652644992	0.53094883647402	50
0.03927148206998	0.734392295037367	18
-0.00215938518201009	0.53435945377886	229
0.00294183147764993	0.532032217355669	229
0.00319156543243992	0.531963842405938	75
-0.00335347787300999	0.534889336029958	75
0.00246828561007995	0.532305096548695	229
0.0228318529569	0.746148185749981	106
0.0315352676452101	2.03411026764337	106
-0.00408363202708006	0.535041876234331	106
0.0398754422991101	0.734049874675633	436
0.00511363652644992	0.53094883647402	436
0.0344326245705799	0.737399568931953	106
0.000963355668319954	0.532848557178048	11
-0.00262356578869993	0.534584753118728	11
0.06849287304701	1.26485045225635	106
0.0681237385195901	1.26559430001354	503
0.0344326245705799	0.737399568931953	97
0.0494637383355001	0.998484502021734	376
-0.07777312173769	1.19351333428839	609
0.03492851591048	0.737738330121349	773
0.0486659317806399	0.999426352901855	50
0.0388563440215799	0.734684321976156	50
0.00294183147764993	0.532032217355669	100
0.00366600389301008	0.531774933095134	618
0.00366600389301008	0.531774933095134	1
0.00246828561007995	0.532305096548695	229
0.00366600389301008	0.531774933095134	23
-0.03122975487919	1.45882928361632	106
0.0680076702603401	1.26590745401906	11
-0.01137394005519	1.69019328971417	11
0.04131277233502	1.00637977407105	97
0.0521966275699499	0.9945594153429	97
-0.03012646079008	1.45454414081116	50
-0.0345634605813001	1.46214703705369	50
0.0540712554477401	0.992946535226311	50
0.08332797148243	1.49068724530777	773
0.0301308372186999	0.740833493555529	18
0.00366600389301008	0.531774933095134	18
0.00366600389301008	0.531774933095134	18
0.00366600389301008	0.531774933095134	18
0.00366600389301008	0.531774933095134	100
-0.00262356578869993	0.534584753118728	18
0.00102101500145002	0.532683365671509	18
-0.000698476746989973	0.53359178068112	229
0.03927148206998	0.734392295037367	6
0.00294183147764993	0.532032217355669	618
-0.00189389559207998	0.534121741351592	618
0.00366600389301008	0.531774933095134	618
-0.00729003919016003	0.536490208929206	1
0.00606618783247992	0.53049613470456	229
0.00366600389301008	0.531774933095134	229
0.00391460850192993	0.531478987360942	75
0.0017447688585801	0.532562193916483	229
-0.00262356578869993	0.534584753118728	11
0.0348441295244399	0.737457902476713	97
-0.0830820510153201	1.20024280881667	97
0.02296529130888	0.745782655478961	50
-0.03943189058381	1.47197570410164	97
0.0656543562956899	1.26887584701037	97
-0.00215938518201009	0.53435945377886	773
0.0348441295244399	0.737457902476713	773
0.0410822349536399	0.733205072648082	50
0.0352565014716599	0.736829271920345	50
0.03199639655239	0.738564513084407	50
-0.00335347787300999	0.534889336029958	95
0.0475590334050999	1.00164022276336	64
0.00824674914842993	0.529773188260123	64
0.0352565014716599	0.736829271920345	18
0.00294183147764993	0.532032217355669	100
0.0344326245705799	0.737399568931953	100
0.0255939502907101	0.744072404548632	71
-0.00262356578869993	0.534584753118728	71
0.00294183147764993	0.532032217355669	71
0.00438993885030992	0.531433597211914	71
0.00319156543243992	0.531963842405938	6
-0.00142880975047999	0.534054734577795	229
0.00246828561007995	0.532305096548695	34
-0.00189389559207998	0.534121741351592	229
0.0440695907957001	1.00465394433231	11
-0.0730092060848999	1.188871677536	503
0.00438993885030992	0.531433597211914	106
0.0564863701142899	0.990542427271534	106
0.00221742142717996	0.532153748454207	97
0.00366600389301008	0.531774933095134	97
0.03605901003645	0.736605692124347	50
0.0299131916059701	0.740846365603413	50
-0.08122603044593	1.20036109797144	97
0.00294183147764993	0.532032217355669	773
0.00319156543243992	0.531963842405938	376
0.0245813550735401	0.745048164284577	50
0.0526440603259899	0.994220592637895	50
0.0476839197190999	1.00030901947175	50
0.05121561981196	0.994916924472881	64
0.00246828561007995	0.532305096548695	64
0.00246828561007995	0.532305096548695	64
0.0352565014716599	0.736829271920345	64
-0.00774474493264998	0.536593235425421	18
-0.08087124549787	1.19539484964504	18
-0.00142880975047999	0.534054734577795	100
-0.00335347787300999	0.534889336029958	100
0.00366600389301008	0.531774933095134	71
0.00246828561007995	0.532305096548695	618
-0.00142880975047999	0.534054734577795	599
0.00246828561007995	0.532305096548695	229
0.0297189832399001	0.74144128695738	75
0.00366600389301008	0.531774933095134	1
0.00366600389301008	0.531774933095134	1
0.00246828561007995	0.532305096548695	36
0.0297189832399001	0.74144128695738	11
0.0313388787394899	0.740037005484058	11
0.0309280072634499	0.740509202720264	11
0.0343274050920901	0.73823682262087	106
0.0309280072634499	0.740509202720264	97
-0.08317408266697	1.86141098425725	97
-0.0824762422793299	1.20196300454179	97
0.0501966664065801	0.998498610026594	97
-0.08107110888979	1.20005774903226	217
0.03605901003645	0.736605692124347	217
0.02850844979016	0.742106412560748	50
0.0297189832399001	0.74144128695738	773
0.00246828561007995	0.532305096548695	50
0.0696796039852601	1.26142481907643	64
0.0475936866594799	0.999880566999494	64
0.0358636488266999	0.736484372081891	64
0.0337259191397701	0.73866407925936	64
0.0348441295244399	0.737457902476713	100
0.00246828561007995	0.532305096548695	100
-0.00215938518201009	0.53435945377886	100
0.00366600389301008	0.531774933095134	18
0.0017447688585801	0.532562193916483	591
0.00438993885030992	0.531433597211914	71
-0.00335347787300999	0.534889336029958	71
0.00319156543243992	0.531963842405938	71
0.0410822349536399	0.733205072648082	71
-0.00408363202708006	0.535041876234331	6
0.00294183147764993	0.532032217355669	1
0.0017447688585801	0.532562193916483	135
0.00246828561007995	0.532305096548695	516
0.00319156543243992	0.531963842405938	11
0.00824674914842993	0.529773188260123	11
0.03414053167988	0.73839524602128	106
-0.0721706509273701	1.18777497166486	97
-0.00335347787300999	0.534889336029958	97
-0.0730092060848999	1.188871677536	50
-0.02532413668242	1.44819502778325	97
0.00366600389301008	0.531774933095134	609
-0.00335347787300999	0.534889336029958	95
0.00246828561007995	0.532305096548695	64
0.03605901003645	0.736605692124347	18
0.00316321952767007	0.53192588850646	18
-0.00262356578869993	0.534584753118728	71
0.0348441295244399	0.737457902476713	6
0.0444173113044299	1.00299517068243	6
0.00366600389301008	0.531774933095134	401
0.00319156543243992	0.531963842405938	401
0.00438993885030992	0.531433597211914	599
-0.00335347787300999	0.534889336029958	1
0.00246828561007995	0.532305096548695	850
0.00246828561007995	0.532305096548695	34
-0.00215938518201009	0.53435945377886	75
-0.00215938518201009	0.53435945377886	11
0.0319423345526799	0.739536323340341	11
0.00438993885030992	0.531433597211914	281
0.08184544754826	1.4928457035246	106
0.0491106074735499	0.999066624675767	503
-0.00215938518201009	0.53435945377886	106
0.00679328112155009	0.530373211909872	106
-0.000698476746989973	0.53359178068112	97
-0.0830471855020001	1.20201746051507	97
0.00319156543243992	0.531963842405938	97
-0.0823712218775099	1.20014031624836	97
0.00319156543243992	0.531963842405938	50
0.0577858850327999	2.15561125583957	64
0.0932609399526001	1.47339076490425	64
0.0342361217630101	0.737803608644795	100
0.05906970200655	0.989359109775595	6
-0.00802734580893993	0.536690312605626	6
-0.000698476746989973	0.53359178068112	599
0.00246828561007995	0.532305096548695	135
-0.00142880975047999	0.534054734577795	36
0.00319156543243992	0.531963842405938	36
-0.00655298027038009	0.53606385526815	36
0.0017447688585801	0.532562193916483	229
-0.00142880975047999	0.534054734577795	281
-0.000698476746989973	0.53359178068112	11
0.02870243366597	0.741779531267693	106
0.00824674914842993	0.529773188260123	503
-0.00729003919016003	0.536490208929206	217
0.03073504640225	0.740466286977461	50
0.0309280072634499	0.740509202720264	97
-0.00802734580893993	0.536690312605626	97
0.00366600389301008	0.531774933095134	50
0.0207143749541101	1.85643103691688	50
0.00679328112155009	0.530373211909872	95
0.00319156543243992	0.531963842405938	591
-0.0026891496364001	0.534393708496841	71
0.0354517588405201	0.737058651118592	71
0.0017447688585801	0.532562193916483	71
0.02518307226521	0.744569276799966	71
0.0331240577334599	0.739029403250235	6
0.04047902648651	0.733654187413585	229
-0.00142880975047999	0.534054734577795	34
0.00366600389301008	0.531774933095134	75
0.00366600389301008	0.531774933095134	75
-0.00189389559207998	0.534121741351592	36
-0.00215938518201009	0.53435945377886	229
0.00438993885030992	0.531433597211914	11
0.02930800140753	0.741348714485643	11
0.04047902648651	0.733654187413585	281
-0.0896965726307899	1.21004716358617	503
0.00319156543243992	0.531963842405938	106
0.06227924801618	0.98508437709214	106
0.0255939502907101	0.744072404548632	97
0.00246828561007995	0.532305096548695	97
-0.00189389559207998	0.534121741351592	50
0.00319156543243992	0.531963842405938	50
0.0470170031811501	1.00181534685326	50
0.03032368376837	0.741011018316937	64
-0.0124503848050499	0.538455276996515	18
0.00294183147764993	0.532032217355669	18
0.0358636488266999	0.736484372081891	71
0.0017447688585801	0.532562193916483	71
0.02911390535499	0.741809353787203	6
0.04559144011912	1.00284978065349	6
-0.000698476746989973	0.53359178068112	6
0.00752013483377989	0.53011506511111	401
0.00679328112155009	0.530373211909872	229
0.0344326245705799	0.737399568931953	229
0.0017447688585801	0.532562193916483	135
0.00366600389301008	0.531774933095134	75
-0.00289020322422995	0.534512321528133	36
0.0233767916129299	0.745765973907936	36
0.00366600389301008	0.531774933095134	229
0.00221742142717996	0.532153748454207	229
0.02930800140753	0.741348714485643	106
0.03382413632389	0.737799364206718	217
0.0188322541939301	0.748932368454149	376
0.0017447688585801	0.532562193916483	609
-0.0823712218775099	1.20014031624836	18
-0.00215938518201009	0.53435945377886	18
0.00319156543243992	0.531963842405938	100
0.0017447688585801	0.532562193916483	100
0.00102101500145002	0.532683365671509	18
0.02499273395026	0.744470247034485	71
0.02356826086701	0.745383324956546	71
-0.00848113268972006	0.537019591842101	401
0.00366600389301008	0.531774933095134	401
0.00679328112155009	0.530373211909872	229
-0.00142880975047999	0.534054734577795	135
-0.00408363202708006	0.535041876234331	135
0.00102101500145002	0.532683365671509	135
0.03647041824491	0.736086036474592	2
-0.00215938518201009	0.53435945377886	106
0.00319156543243992	0.531963842405938	217
0.0017447688585801	0.532562193916483	97
0.03968031327036	1.00958386073363	50
-0.00729003919016003	0.536490208929206	50
0.00438993885030992	0.531433597211914	50
-0.00848113268972006	0.537019591842101	50
-0.02667385356823	1.4501923185563	64
-0.00486056390830991	1.67889215330119	64
-0.0780539045558599	1.19366938277405	71
0.0485742759071901	0.999525585409184	6
-0.00335347787300999	0.534889336029958	1
0.00246828561007995	0.532305096548695	1
-0.00408363202708006	0.535041876234331	229
0.00246828561007995	0.532305096548695	135
0.00366600389301008	0.531774933095134	135
0.02930800140753	0.741348714485643	34
0.00606618783247992	0.53049613470456	36
0.0348441295244399	0.737457902476713	36
-0.00335347787300999	0.534889336029958	36
0.04789790214345	1.00097718902875	281
0.03073504640225	0.740466286977461	106
-0.00189389559207998	0.534121741351592	106
-0.00215938518201009	0.53435945377886	50
0.00246828561007995	0.532305096548695	408
-0.00342895272976995	0.534820350018527	50
0.0695550221752299	1.26231182559713	50
-0.0160072495435799	2.17082010237264	64
0.00319156543243992	0.531963842405938	18
0.0241708536610901	0.74490389431856	229
-0.00142880975047999	0.534054734577795	229
0.0348441295244399	0.737457902476713	75
-0.00335347787300999	0.534889336029958	75
0.0365422382907501	0.736460446651806	135
0.00294183147764993	0.532032217355669	34
0.00511363652644992	0.53094883647402	75
-0.0026891496364001	0.534393708496841	322
-0.00802734580893993	0.536690312605626	229
-0.000698476746989973	0.53359178068112	11
0.00438993885030992	0.531433597211914	106
0.00319156543243992	0.531963842405938	503
-0.00262356578869993	0.534584753118728	106
-0.00142880975047999	0.534054734577795	106
0.00319156543243992	0.531963842405938	50
0.00366600389301008	0.531774933095134	50
0.00243017604661011	0.532388959419506	408
-0.00142880975047999	0.534054734577795	64
-0.00262356578869993	0.534584753118728	854
-0.0764994899076299	1.19405262374656	100
0.0637988032121	1.27360513401151	100
0.06183805791912	0.985416173292672	71
-0.00215938518201009	0.53435945377886	1
0.00246828561007995	0.532305096548695	1
0.0343274050920901	0.73823682262087	135
0.00366600389301008	0.531774933095134	75
0.00391460850192993	0.531478987360942	36
0.0295950828379801	0.741636469196257	23
0.00246828561007995	0.532305096548695	50
0.00319156543243992	0.531963842405938	50
0.0192566956076301	1.85796084567643	97
-0.00142880975047999	0.534054734577795	773
-0.00335347787300999	0.534889336029958	773
0.0579104158918999	0.989666385167294	50
-0.00215938518201009	0.53435945377886	854
0.0342361217630101	0.737803608644795	18
0.02911390535499	0.741809353787203	71
0.0342361217630101	0.737803608644795	71
0.02952625086615	0.741129836625912	71
-0.00215938518201009	0.53435945377886	401
-0.00262356578869993	0.534584753118728	75
-0.00655298027038009	0.53606385526815	1
0.00366600389301008	0.531774933095134	1
0.0017447688585801	0.532562193916483	553
0.00391460850192993	0.531478987360942	2
-0.00215938518201009	0.53435945377886	2
0.00366600389301008	0.531774933095134	229
0.00102101500145002	0.532683365671509	2
0.0343274050920901	0.73823682262087	106
-0.0773513168609601	1.19299534867775	50
0.0017447688585801	0.532562193916483	97
-0.00921776759309001	0.53721941864807	71
0.00752013483377989	0.53011506511111	135
-0.00262356578869993	0.534584753118728	34
0.00391460850192993	0.531478987360942	322
0.00319156543243992	0.531963842405938	106
0.00897312424460006	0.529288422761213	150
-0.00189389559207998	0.534121741351592	150
-0.00262356578869993	0.534584753118728	11
-0.00262356578869993	0.534584753118728	281
-0.000698476746989973	0.53359178068112	50
-0.00215938518201009	0.53435945377886	217
0.00366600389301008	0.531774933095134	217
-0.00659360005376009	1.68067320925163	97
0.00391460850192993	0.531478987360942	376
-0.00408363202708006	0.535041876234331	50
0.0332152691229599	0.738145623224673	854
-0.01319426199615	0.538777053419988	132
0.0672904854889	1.26842952166512	100
0.03647041824491	0.736086036474592	71
0.0784608248946901	1.49948045778057	71
0.07837511712776	1.49890134824773	6
0.00246828561007995	0.532305096548695	126
0.00752013483377989	0.53011506511111	135
0.00391460850192993	0.531478987360942	1
0.0344326245705799	0.737399568931953	36
0.0331240577334599	0.739029403250235	322
0.0313388787394899	0.740037005484058	322
0.00366600389301008	0.531774933095134	2
0.05451763196394	0.992496519663589	106
0.00246828561007995	0.532305096548695	11
0.0297189832399001	0.74144128695738	11
0.00752013483377989	0.53011506511111	106
-0.00189389559207998	0.534121741351592	50
0.00319156543243992	0.531963842405938	50
0.00366600389301008	0.531774933095134	50
-0.000698476746989973	0.53359178068112	50
0.00366600389301008	0.531774933095134	95
0.0641315350287901	1.2718567957554	64
0.0807547752258799	1.49458549610711	95
0.00752013483377989	0.53011506511111	64
0.03032368376837	0.741011018316937	854
0.00752013483377989	0.53011506511111	18
0.00102101500145002	0.532683365671509	100
0.0313388787394899	0.740037005484058	71
0.02397926162987	0.745446937601401	71
0.00294183147764993	0.532032217355669	401
0.0354517588405201	0.737058651118592	126
0.00294183147764993	0.532032217355669	1
0.00246828561007995	0.532305096548695	34
0.0353421342376099	0.737604114579331	288
0.00897312424460006	0.529288422761213	2
-0.00342895272976995	0.534820350018527	11
-0.00142880975047999	0.534054734577795	503
-0.00142880975047999	0.534054734577795	50
-0.09110420812493	1.21166468905818	50
0.000131077616789987	1.66833726918755	97
0.00319156543243992	0.531963842405938	50
-0.00262356578869993	0.534584753118728	50
0.0516193291892999	0.996621828033037	50
0.02798414743867	0.742664548988016	95
-0.00262356578869993	0.534584753118728	64
0.0337259191397701	0.73866407925936	854
-0.00262356578869993	0.534584753118728	100
-0.00262356578869993	0.534584753118728	100
0.00319156543243992	0.531963842405938	95
0.03382413632389	0.737799364206718	71
0.00366600389301008	0.531774933095134	6
0.00246828561007995	0.532305096548695	75
-0.00408363202708006	0.535041876234331	135
-0.00262356578869993	0.534584753118728	34
0.00294183147764993	0.532032217355669	75
-0.00408363202708006	0.535041876234331	75
0.0017447688585801	0.532562193916483	288
0.00246828561007995	0.532305096548695	322
0.00294183147764993	0.532032217355669	322
0.00319156543243992	0.531963842405938	11
-0.00655298027038009	0.53606385526815	11
0.00511363652644992	0.53094883647402	11
0.02619479089086	0.74359461111114	503
-0.00189389559207998	0.534121741351592	307
-0.00408363202708006	0.535041876234331	106
0.00319156543243992	0.531963842405938	50
0.00438993885030992	0.531433597211914	217
-0.00262356578869993	0.534584753118728	50
-0.0868202816072401	1.20616139506103	50
0.00679328112155009	0.530373211909872	773
-0.07957727993788	1.19700647306404	50
-0.0859302063362	1.20642636364723	95
0.0017447688585801	0.532562193916483	854
-0.00729003919016003	0.536490208929206	18
0.00366600389301008	0.531774933095134	71
0.03032368376837	0.741011018316937	395
0.00366600389301008	0.531774933095134	401
0.09168056321768	1.68595682700382	75
0.00366600389301008	0.531774933095134	75
0.00366600389301008	0.531774933095134	75
-0.00189389559207998	0.534121741351592	75
0.02870243366597	0.741779531267693	322
0.10711668192091	2.01263671621182	11
0.03605901003645	0.736605692124347	106
0.0348441295244399	0.737457902476713	217
0.0348441295244399	0.737457902476713	217
0.0295950828379801	0.741636469196257	217
0.0540712554477401	0.992946535226311	50
0.05255906994529	0.993729664494819	773
0.03605901003645	0.736605692124347	50
0.00752013483377989	0.53011506511111	95
0.06062944374344	2.48747903278423	95
0.00391460850192993	0.531478987360942	100
0.00319156543243992	0.531963842405938	100
0.04714800698072	1.00030409419732	71
0.0491106074735499	0.999066624675767	6
0.00319156543243992	0.531963842405938	395
0.00319156543243992	0.531963842405938	395
0.00294183147764993	0.532032217355669	6
-0.00189389559207998	0.534121741351592	6
0.0401205794956701	1.00916309903654	791
0.0017447688585801	0.532562193916483	1
0.00319156543243992	0.531963842405938	135
0.00366600389301008	0.531774933095134	34
0.0017447688585801	0.532562193916483	75
0.0531778312920601	0.993680034498627	288
0.0017447688585801	0.532562193916483	143
-0.0788202544183501	2.3532162747925	503
0.03260602264144	0.738426213109688	50
0.053485819064	0.994921098367185	50
0.0616979831907401	1.27617668502717	95
0.0572813061449899	1.28066532773092	95
0.05300643839776	0.993221281467342	95
0.0394607920099199	0.73428791747872	18
0.00391460850192993	0.531478987360942	100
0.0274901642577501	0.742445781400186	180
-0.00262356578869993	0.534584753118728	180
0.0526440603259899	0.994220592637895	395
-0.00774474493264998	0.536593235425421	1
-0.00215938518201009	0.53435945377886	126
0.03032368376837	0.741011018316937	135
0.00438993885030992	0.531433597211914	34
0.02397926162987	0.745446937601401	75
0.0342361217630101	0.737803608644795	75
0.00366600389301008	0.531774933095134	11
0.0460330872605099	1.00239409855352	106
0.0521966275699499	0.9945594153429	50
0.0450913883192099	0.730252276876845	50
0.0274901642577501	0.742445781400186	50
0.05480974569758	0.993666240668308	50
0.02930800140753	0.741348714485643	50
-0.09194035052511	1.21257305493902	50
0.00391460850192993	0.531478987360942	50
0.04695186586622	1.00239788182435	50
0.03564846550468	0.736426287452659	50
0.0301308372186999	0.740833493555529	95
0.0342361217630101	0.737803608644795	100
0.00221742142717996	0.532153748454207	180
-0.00215938518201009	0.53435945377886	71
-0.00289020322422995	0.534512321528133	395
0.00679328112155009	0.530373211909872	6
0.00438993885030992	0.531433597211914	6
0.03032368376837	0.741011018316937	899
0.00316321952767007	0.53192588850646	1
-0.00262356578869993	0.534584753118728	34
0.00679328112155009	0.530373211909872	75
0.0017447688585801	0.532562193916483	75
0.00246828561007995	0.532305096548695	75
-0.0273880991354301	1.45185088958868	106
0.00246828561007995	0.532305096548695	106
-0.000698476746989973	0.53359178068112	11
-0.00335347787300999	0.534889336029958	11
0.03825535800921	1.01080890183911	11
0.00246828561007995	0.532305096548695	11
0.00366600389301008	0.531774933095134	106
-0.00262356578869993	0.534584753118728	307
-0.00655298027038009	0.53606385526815	106
-0.00848113268972006	0.537019591842101	50
0.00824674914842993	0.529773188260123	50
0.00391460850192993	0.531478987360942	50
0.00752013483377989	0.53011506511111	50
0.03647041824491	0.736086036474592	503
0.0631663270032701	1.27428022688145	50
0.02899712070884	0.742031605098525	50
-0.00215938518201009	0.53435945377886	64
0.00366600389301008	0.531774933095134	95
0.00294183147764993	0.532032217355669	100
-0.00335347787300999	0.534889336029958	100
0.00511363652644992	0.53094883647402	6
0.00366600389301008	0.531774933095134	463
0.00366600389301008	0.531774933095134	1
-0.00335347787300999	0.534889336029958	135
0.00824674914842993	0.529773188260123	34
0.00221742142717996	0.532153748454207	218
0.0017447688585801	0.532562193916483	75
0.0017447688585801	0.532562193916483	322
0.00366600389301008	0.531774933095134	642
0.0946850839881099	1.86596024389513	11
0.04460897506561	1.00422715477358	50
-0.0758040611886099	1.19087347958606	50
0.0637988032121	1.27360513401151	50
0.03825535800921	1.01080890183911	50
0.00846868286241009	1.65295094360449	50
0.0631361499645899	1.27329040432222	737
0.00366600389301008	0.531774933095134	100
0.00243017604661011	0.532388959419506	100
0.00246828561007995	0.532305096548695	100
-0.00142880975047999	0.534054734577795	100
0.02930800140753	0.741348714485643	180
-0.00335347787300999	0.534889336029958	6
0.03032368376837	0.741011018316937	6
0.00294183147764993	0.532032217355669	6
-0.00142880975047999	0.534054734577795	463
0.0017447688585801	0.532562193916483	463
0.0348441295244399	0.737457902476713	81
0.00366600389301008	0.531774933095134	81
0.0352565014716599	0.736829271920345	75
0.00294183147764993	0.532032217355669	218
0.02930800140753	0.741348714485643	11
0.00246828561007995	0.532305096548695	503
0.0672687903434099	1.266719893082	64
0.0348441295244399	0.737457902476713	64
0.02911390535499	0.741809353787203	395
0.0332152691229599	0.738145623224673	6
0.0017447688585801	0.532562193916483	6
0.00319156543243992	0.531963842405938	463
0.0297189832399001	0.74144128695738	301
0.0346489758549799	0.73710862556556	1
0.02911390535499	0.741809353787203	1
0.00246828561007995	0.532305096548695	1
-0.00215938518201009	0.53435945377886	75
-0.00215938518201009	0.53435945377886	218
0.0017447688585801	0.532562193916483	322
-0.03152419909099	1.45884360989709	11
-0.0513744480434699	2.0385091291534	106
-0.00418245386077998	1.67601612319023	50
-0.0892677892506899	1.87305526562055	50
0.01270942645949	1.8716061475188	50
-0.01346705499608	2.16489108243504	50
0.0558047870718501	1.28221792979095	50
0.00679328112155009	0.530373211909872	50
0.0352565014716599	0.736829271920345	100
-0.00215938518201009	0.53435945377886	100
0.00438993885030992	0.531433597211914	95
0.00246828561007995	0.532305096548695	100
-0.00215938518201009	0.53435945377886	100
0.00438993885030992	0.531433597211914	100
0.0574663175294701	0.990058806612059	395
0.00366600389301008	0.531774933095134	395
-0.00342895272976995	0.534820350018527	6
0.0017447688585801	0.532562193916483	6
0.00752013483377989	0.53011506511111	34
-0.00215938518201009	0.53435945377886	75
-0.00142880975047999	0.534054734577795	75
0.00606618783247992	0.53049613470456	322
0.00246828561007995	0.532305096548695	116
-0.00729003919016003	0.536490208929206	11
0.07481366183942	1.25626755050915	106
0.0484391315800301	1.00094874460807	50
0.0198309014420399	1.85761582665707	50
0.07164813483692	1.26153446023095	50
-0.0047761788807501	1.67778612931856	64
0.0342361217630101	0.737803608644795	100
0.00511363652644992	0.53094883647402	100
0.00438993885030992	0.531433597211914	100
0.00438993885030992	0.531433597211914	100
0.00366600389301008	0.531774933095134	95
-0.00335347787300999	0.534889336029958	100
0.00169688815515001	0.532694389774889	100
0.00438993885030992	0.531433597211914	180
-0.00262356578869993	0.534584753118728	71
0.03073504640225	0.740466286977461	6
0.00679328112155009	0.530373211909872	395
0.0297189832399001	0.74144128695738	6
0.00366600389301008	0.531774933095134	75
-0.00215938518201009	0.53435945377886	2
0.00438993885030992	0.531433597211914	106
0.08573707261464	1.48708678426966	11
-0.09136695556957	1.21186082540798	503
0.10517141771585	1.84382752423448	307
0.0309280072634499	0.740509202720264	106
0.0422875260106299	0.732030751994274	50
-0.00677202244296993	1.68109986796196	50
0.0633939316525001	1.27273161178683	50
-0.0257451262806701	1.44962631305146	50
0.0574663175294701	0.990058806612059	64
-0.08640106135711	1.20562681552579	64
0.0553359789084	1.28442720118658	737
0.0672687903434099	1.266719893082	854
0.03605901003645	0.736605692124347	100
-0.00215938518201009	0.53435945377886	100
0.0017447688585801	0.532562193916483	100
0.00246828561007995	0.532305096548695	6
0.00294183147764993	0.532032217355669	6
0.00246828561007995	0.532305096548695	791
-0.00142880975047999	0.534054734577795	126
0.00391460850192993	0.531478987360942	126
0.0017447688585801	0.532562193916483	126
0.03073504640225	0.740466286977461	1
0.00246828561007995	0.532305096548695	505
0.0343274050920901	0.73823682262087	75
0.0358636488266999	0.736484372081891	75
-0.00189389559207998	0.534121741351592	75
0.00246828561007995	0.532305096548695	23
0.00169688815515001	0.532694389774889	143
0.0279026162214799	0.742256971530913	307
-0.03905817725707	1.46985378484052	307
0.00752013483377989	0.53011506511111	307
0.035040734189	0.736946074777505	50
0.0017447688585801	0.532562193916483	50
-0.0308303083122301	1.45781095784373	50
-0.0927772328109	1.21307254350785	50
0.04901911877248	0.999040070856556	50
0.0481292096019901	0.999948591765882	50
0.00366600389301008	0.531774933095134	50
0.0354517588405201	0.737058651118592	64
0.0515229543781399	0.996624821057001	854
0.0017447688585801	0.532562193916483	854
0.00606618783247992	0.53049613470456	100
0.00243017604661011	0.532388959419506	95
0.00366600389301008	0.531774933095134	100
-0.00189389559207998	0.534121741351592	100
0.00366600389301008	0.531774933095134	180
0.00294183147764993	0.532032217355669	81
-0.0273863575398701	1.45119946321806	11
0.0194313077211301	0.748485043890541	106
0.03913736345456	1.01004943199487	307
0.03564846550468	0.736426287452659	50
0.02850844979016	0.742106412560748	50
0.03605901003645	0.736605692124347	50
-0.07202500017501	1.18743382063174	50
0.0581928326746699	0.990382425176812	64
-0.0744130889021499	1.18982737404724	95
-0.00142880975047999	0.534054734577795	854
0.0301308372186999	0.740833493555529	100
0.00824674914842993	0.529773188260123	100
0.00319156543243992	0.531963842405938	95
0.02356826086701	0.745383324956546	95
-0.00262356578869993	0.534584753118728	100
0.00366600389301008	0.531774933095134	100
-0.00215938518201009	0.53435945377886	71
0.00169688815515001	0.532694389774889	791
-0.00142880975047999	0.534054734577795	463
0.00366600389301008	0.531774933095134	463
0.00102101500145002	0.532683365671509	126
0.0342361217630101	0.737803608644795	301
0.00221742142717996	0.532153748454207	75
-0.00802734580893993	0.536690312605626	288
-0.00408363202708006	0.535041876234331	103
0.00511363652644992	0.53094883647402	2
0.03032368376837	0.741011018316937	11
0.04901911877248	0.999040070856556	281
0.0343274050920901	0.73823682262087	11
0.00391460850192993	0.531478987360942	11
0.0245813550735401	0.745048164284577	11
0.02850844979016	0.742106412560748	50
-0.0307613457954901	1.45514713717647	50
0.06272021644223	0.984695894020279	183
0.0274901642577501	0.742445781400186	50
-0.00509467446358003	1.67825875464275	50
0.0354517588405201	0.737058651118592	50
-0.00215938518201009	0.53435945377886	50
0.0491106074735499	0.999066624675767	854
0.05677390289616	0.991618910840469	854
-0.00142880975047999	0.534054734577795	95
0.00294183147764993	0.532032217355669	180
0.00246828561007995	0.532305096548695	6
0.00246828561007995	0.532305096548695	301
0.00366600389301008	0.531774933095134	75
0.00246828561007995	0.532305096548695	75
-0.00142880975047999	0.534054734577795	75
0.03362773523062	0.73808363463249	75
-0.00215938518201009	0.53435945377886	75
0.00102101500145002	0.532683365671509	695
0.08971234370372	1.47975820690599	106
0.00319156543243992	0.531963842405938	106
-0.0759462670189499	1.1914010057903	11
0.00438993885030992	0.531433597211914	106
0.0297795544396799	0.741163363973895	106
0.04714800698072	1.00030409419732	50
-0.00142880975047999	0.534054734577795	50
-0.00335347787300999	0.534889336029958	50
0.00319156543243992	0.531963842405938	64
0.02175822061164	0.74626969153317	854
0.00752013483377989	0.53011506511111	100
-0.0866699389924199	1.20596972159652	100
-0.0920941661616499	1.21200385282358	100
0.00294183147764993	0.532032217355669	100
-0.00262356578869993	0.534584753118728	100
0.00294183147764993	0.532032217355669	126
0.00102101500145002	0.532683365671509	75
0.0440695907957001	1.00465394433231	75
0.00246828561007995	0.532305096548695	75
0.00606618783247992	0.53049613470456	2
0.00319156543243992	0.531963842405938	11
0.00391460850192993	0.531478987360942	11
-0.00262356578869993	0.534584753118728	11
0.00319156543243992	0.531963842405938	11
-0.0544003771299599	2.04451462065193	11
-0.00142880975047999	0.534054734577795	106
-0.00262356578869993	0.534584753118728	307
0.0880033110579299	1.69271592953334	307
-0.00408363202708006	0.535041876234331	50
-0.00289020322422995	0.534512321528133	50
0.00316321952767007	0.53192588850646	50
0.00294183147764993	0.532032217355669	64
-0.00262356578869993	0.534584753118728	64
0.00246828561007995	0.532305096548695	64
0.00438993885030992	0.531433597211914	737
0.00294183147764993	0.532032217355669	100
0.00246828561007995	0.532305096548695	100
0.04777590988548	0.999912246906307	180
0.02499273395026	0.744470247034485	180
0.00366600389301008	0.531774933095134	6
0.0806798712092001	1.4946357572584	6
0.00752013483377989	0.53011506511111	81
0.00366600389301008	0.531774933095134	301
0.00246828561007995	0.532305096548695	505
-0.00189389559207998	0.534121741351592	530
0.0309280072634499	0.740509202720264	530
-0.00335347787300999	0.534889336029958	75
0.00606618783247992	0.53049613470456	143
0.00319156543243992	0.531963842405938	11
-0.00215938518201009	0.53435945377886	11
-0.00774474493264998	0.536593235425421	106
0.02477307001278	0.744269767133587	307
0.00366600389301008	0.531774933095134	50
0.00319156543243992	0.531963842405938	50
-0.03356797555421	1.46092691276224	50
0.00246828561007995	0.532305096548695	50
0.07572514823618	1.71554188977542	50
0.00246828561007995	0.532305096548695	50
0.00246828561007995	0.532305096548695	50
-0.00262356578869993	0.534584753118728	100
0.03032368376837	0.741011018316937	100
0.03594237341777	0.73710643497093	180
0.0017447688585801	0.532562193916483	180
0.03032368376837	0.741011018316937	71
-0.00408363202708006	0.535041876234331	71
0.00366600389301008	0.531774933095134	6
0.00366600389301008	0.531774933095134	6
0.0400648637716401	0.733838039041807	226
0.0348441295244399	0.737457902476713	301
0.000963355668319954	0.532848557178048	530
0.00366600389301008	0.531774933095134	75
0.04047902648651	0.733654187413585	75
-0.05601999443045	2.04515980098678	288
-0.00262356578869993	0.534584753118728	229
-0.00142880975047999	0.534054734577795	106
0.00511363652644992	0.53094883647402	106
0.02518307226521	0.744569276799966	11
0.0394607920099199	0.73428791747872	11
0.00824674914842993	0.529773188260123	307
0.00366600389301008	0.531774933095134	106
0.0857655352118101	1.88572594293242	106
0.00438993885030992	0.531433597211914	183
-0.00262356578869993	0.534584753118728	50
0.0017447688585801	0.532562193916483	737
0.07326544296275	1.25911316846701	180
0.0331240577334599	0.739029403250235	71
0.0529464424100199	0.995784069644317	71
0.00606618783247992	0.53049613470456	75
-0.00215938518201009	0.53435945377886	75
-0.00189389559207998	0.534121741351592	75
0.07080967242696	1.2634399844814	288
-0.0308303083122301	1.45781095784373	288
0.0358636488266999	0.736484372081891	229
0.00294183147764993	0.532032217355669	229
0.00438993885030992	0.531433597211914	2
-0.000698476746989973	0.53359178068112	11
-0.0779023960469101	1.19520055224122	11
0.02397926162987	0.745446937601401	106
0.00752013483377989	0.53011506511111	50
-0.04109406763193	1.47423315384876	50
-0.00262356578869993	0.534584753118728	50
-0.00142880975047999	0.534054734577795	50
0.0301308372186999	0.740833493555529	50
0.0337259191397701	0.73866407925936	100
0.0297189832399001	0.74144128695738	787
0.00294183147764993	0.532032217355669	530
-0.00408363202708006	0.535041876234331	75
0.00221742142717996	0.532153748454207	2
0.00294183147764993	0.532032217355669	143
0.00391460850192993	0.531478987360942	106
0.0540712554477401	0.992946535226311	50
0.05451763196394	0.992496519663589	50
-0.09355834773405	2.38587637255957	737
0.03866714547726	0.734669375720373	95
-0.00262356578869993	0.534584753118728	854
0.00294183147764993	0.532032217355669	142
0.00366600389301008	0.531774933095134	75
0.07579037857371	1.25599796278772	288
0.02518307226521	0.744569276799966	106
0.03647041824491	0.736086036474592	307
-0.00655298027038009	0.53606385526815	307
0.00246828561007995	0.532305096548695	307
0.02499273395026	0.744470247034485	50
0.0313388787394899	0.740037005484058	50
-0.00189389559207998	0.534121741351592	869
-0.0773089476397399	1.19577887478754	50
-0.00189389559207998	0.534121741351592	64
0.0386964720941201	1.01047096099442	95
-0.00335347787300999	0.534889336029958	95
0.00246828561007995	0.532305096548695	100
0.00824674914842993	0.529773188260123	100
-0.00335347787300999	0.534889336029958	100
0.03875163179009	0.735066089963955	6
0.0535382538054301	0.993373734563121	81
0.00366600389301008	0.531774933095134	75
0.0297189832399001	0.74144128695738	288
0.00511363652644992	0.53094883647402	288
-0.00262356578869993	0.534584753118728	237
-0.00848113268972006	0.537019591842101	2
-0.00921776759309001	0.53721941864807	11
0.00138520418339994	1.66525541934793	106
0.0344326245705799	0.737399568931953	106
0.00319156543243992	0.531963842405938	50
0.06218277494073	0.98507047856468	50
0.0017447688585801	0.532562193916483	95
-0.00189389559207998	0.534121741351592	142
0.00438993885030992	0.531433597211914	100
0.00438993885030992	0.531433597211914	100
0.03647041824491	0.736086036474592	71
0.0342361217630101	0.737803608644795	396
0.05737556647188	0.989701935493716	6
0.00319156543243992	0.531963842405938	1
0.00246828561007995	0.532305096548695	81
0.0313388787394899	0.740037005484058	1
0.0354517588405201	0.737058651118592	288
0.00246828561007995	0.532305096548695	103
0.00102101500145002	0.532683365671509	143
0.00319156543243992	0.531963842405938	106
-0.00335347787300999	0.534889336029958	11
0.0280964880574699	0.742148154121523	11
0.02518307226521	0.744569276799966	11
-0.00848113268972006	0.537019591842101	106
-0.00408363202708006	0.535041876234331	106
0.00246828561007995	0.532305096548695	106
-0.000698476746989973	0.53359178068112	307
0.00319156543243992	0.531963842405938	50
-0.00142880975047999	0.534054734577795	50
0.00366600389301008	0.531774933095134	50
0.00294183147764993	0.532032217355669	253
0.00246828561007995	0.532305096548695	50
0.00246828561007995	0.532305096548695	50
0.0017447688585801	0.532562193916483	95
0.00438993885030992	0.531433597211914	737
0.0017447688585801	0.532562193916483	95
0.00319156543243992	0.531963842405938	95
0.00243017604661011	0.532388959419506	100
-0.00142880975047999	0.534054734577795	81
-0.000698476746989973	0.53359178068112	81
0.00824674914842993	0.529773188260123	81
0.00366600389301008	0.531774933095134	23
0.00319156543243992	0.531963842405938	75
-0.00215938518201009	0.53435945377886	103
0.0017447688585801	0.532562193916483	143
-0.00289020322422995	0.534512321528133	143
0.0126659089930601	0.752624007535058	106
0.10591642375312	2.01424180437327	11
-0.00215938518201009	0.53435945377886	183
-0.00335347787300999	0.534889336029958	869
0.00169688815515001	0.532694389774889	50
0.00246828561007995	0.532305096548695	95
0.00511363652644992	0.53094883647402	95
0.00246828561007995	0.532305096548695	171
0.00294183147764993	0.532032217355669	95
0.0352565014716599	0.736829271920345	100
0.0309280072634499	0.740509202720264	71
0.02911390535499	0.741809353787203	6
0.00169688815515001	0.532694389774889	288
0.00294183147764993	0.532032217355669	2
0.0504432951846801	0.997604965835895	106
0.00246828561007995	0.532305096548695	265
0.0353421342376099	0.737604114579331	307
-0.00215938518201009	0.53435945377886	50
0.0481292096019901	0.999948591765882	50
0.00366600389301008	0.531774933095134	50
0.0017447688585801	0.532562193916483	95
0.0319423345526799	0.739536323340341	100
0.02397926162987	0.745446937601401	100
0.00366600389301008	0.531774933095134	1
0.00294183147764993	0.532032217355669	75
0.0017447688585801	0.532562193916483	103
0.00246828561007995	0.532305096548695	103
0.00391460850192993	0.531478987360942	2
0.00366600389301008	0.531774933095134	2
0.0017447688585801	0.532562193916483	106
0.03825151948442	0.735027413479489	11
0.0410822349536399	0.733205072648082	106
0.00438993885030992	0.531433597211914	106
0.00824674914842993	0.529773188260123	326
-0.00848113268972006	0.537019591842101	50
0.02236194466459	0.746102263438818	50
0.00511363652644992	0.53094883647402	253
0.00438993885030992	0.531433597211914	869
0.00438993885030992	0.531433597211914	95
-0.00142880975047999	0.534054734577795	100
0.03927148206998	0.734392295037367	100
0.00319156543243992	0.531963842405938	6
0.00319156543243992	0.531963842405938	1
0.00679328112155009	0.530373211909872	141
-0.00335347787300999	0.534889336029958	1
0.03492851591048	0.737738330121349	75
-0.00262356578869993	0.534584753118728	103
0.02911390535499	0.741809353787203	2
0.00438993885030992	0.531433597211914	11
0.00319156543243992	0.531963842405938	106
0.00438993885030992	0.531433597211914	106
-0.00848113268972006	0.537019591842101	11
-0.00189389559207998	0.534121741351592	326
0.00246828561007995	0.532305096548695	17
-0.00774474493264998	0.536593235425421	869
0.00246828561007995	0.532305096548695	50
-0.00335347787300999	0.534889336029958	64
-0.11985113550319	2.48189093779685	737
0.00319156543243992	0.531963842405938	95
0.0493183422196699	0.99996641652363	396
0.0017447688585801	0.532562193916483	1
0.00752013483377989	0.53011506511111	81
-0.00262356578869993	0.534584753118728	301
0.00366600389301008	0.531774933095134	301
-0.00729003919016003	0.536490208929206	75
0.00169688815515001	0.532694389774889	229
-0.00262356578869993	0.534584753118728	103
0.00679328112155009	0.530373211909872	106
0.0637988032121	1.27360513401151	11
-0.00921776759309001	0.53721941864807	106
0.07580295665677	1.25502520597574	265
0.00391460850192993	0.531478987360942	50
-0.08625082009069	1.2055961704008	50
0.00824674914842993	0.529773188260123	50
-0.00215938518201009	0.53435945377886	50
0.0343274050920901	0.73823682262087	50
-0.0882281971983201	1.20695655688192	50
0.03032368376837	0.741011018316937	50
-0.00262356578869993	0.534584753118728	253
0.00824674914842993	0.529773188260123	95
0.0245813550735401	0.745048164284577	95
0.00246828561007995	0.532305096548695	100
0.0343274050920901	0.73823682262087	396
0.00438993885030992	0.531433597211914	124
-0.00189389559207998	0.534121741351592	1
0.0017447688585801	0.532562193916483	126
0.00438993885030992	0.531433597211914	141
0.00169688815515001	0.532694389774889	75
0.0331240577334599	0.739029403250235	75
0.0370768100507199	0.735634103186099	75
-0.0905313947337301	1.21114085615952	288
-0.00142880975047999	0.534054734577795	288
0.00366600389301008	0.531774933095134	143
0.0319423345526799	0.739536323340341	11
0.00438993885030992	0.531433597211914	486
-0.00848113268972006	0.537019591842101	265
0.00391460850192993	0.531478987360942	50
0.0559427479103001	0.990628864914917	50
0.03032368376837	0.741011018316937	326
0.00752013483377989	0.53011506511111	183
0.00511363652644992	0.53094883647402	50
0.00679328112155009	0.530373211909872	50
0.00511363652644992	0.53094883647402	50
-0.00189389559207998	0.534121741351592	95
0.00246828561007995	0.532305096548695	95
-0.08625082009069	1.2055961704008	396
0.0301308372186999	0.740833493555529	6
0.00294183147764993	0.532032217355669	2
0.00319156543243992	0.531963842405938	11
0.0343274050920901	0.73823682262087	11
-0.00142880975047999	0.534054734577795	50
0.00511363652644992	0.53094883647402	50
-0.000698476746989973	0.53359178068112	50
0.00438993885030992	0.531433597211914	183
-0.00215938518201009	0.53435945377886	50
0.00294183147764993	0.532032217355669	171
-0.00215938518201009	0.53435945377886	672
-0.00289020322422995	0.534512321528133	124
0.0017447688585801	0.532562193916483	126
0.00438993885030992	0.531433597211914	288
-0.00142880975047999	0.534054734577795	229
0.00366600389301008	0.531774933095134	229
0.00316321952767007	0.53192588850646	11
0.00438993885030992	0.531433597211914	106
0.00319156543243992	0.531963842405938	11
-0.00262356578869993	0.534584753118728	106
0.00316321952767007	0.53192588850646	50
0.00319156543243992	0.531963842405938	50
-0.00189389559207998	0.534121741351592	95
-0.00215938518201009	0.53435945377886	6
0.0481292096019901	0.999948591765882	396
0.00438993885030992	0.531433597211914	124
-0.000698476746989973	0.53359178068112	619
-0.00262356578869993	0.534584753118728	1
0.00246828561007995	0.532305096548695	23
0.0331240577334599	0.739029403250235	75
-0.00215938518201009	0.53435945377886	2
0.00319156543243992	0.531963842405938	106
-0.00262356578869993	0.534584753118728	106
0.00316321952767007	0.53192588850646	545
0.00246828561007995	0.532305096548695	50
0.0337259191397701	0.73866407925936	326
0.02477307001278	0.744269767133587	365
-0.0880084823332701	1.2084133059359	95
0.00243017604661011	0.532388959419506	94
-0.00215938518201009	0.53435945377886	81
0.0017447688585801	0.532562193916483	1
0.00438993885030992	0.531433597211914	1
-0.00189389559207998	0.534121741351592	75
0.0291814595712301	0.741793046518071	75
0.0315319540477701	0.739858295482413	106
0.04999928903817	0.998159665810078	11
0.00319156543243992	0.531963842405938	357
0.00438993885030992	0.531433597211914	17
0.0017447688585801	0.532562193916483	64
-0.00335347787300999	0.534889336029958	95
-0.00772392986803006	1.6830689126153	396
0.00246828561007995	0.532305096548695	23
0.00102101500145002	0.532683365671509	75
-0.00848113268972006	0.537019591842101	75
0.00316321952767007	0.53192588850646	106
0.00319156543243992	0.531963842405938	106
0.00319156543243992	0.531963842405938	50
0.03605901003645	0.736605692124347	50
-0.00215938518201009	0.53435945377886	50
-0.0124503848050499	0.538455276996515	50
0.00438993885030992	0.531433597211914	326
0.05890782211985	1.27950340026556	183
-0.00848113268972006	0.537019591842101	50
0.0381543428594	1.01040160975962	50
-0.0124503848050499	0.538455276996515	50
-0.00335347787300999	0.534889336029958	95
0.00319156543243992	0.531963842405938	171
0.00246828561007995	0.532305096548695	94
0.0485742759071901	0.999525585409184	396
-0.0145233414185	0.53622106683695	124
0.00391460850192993	0.531478987360942	506
0.00366600389301008	0.531774933095134	126
0.0017447688585801	0.532562193916483	75
0.00169688815515001	0.532694389774889	75
0.0399460178661899	0.734148540963808	237
0.00243017604661011	0.532388959419506	11
-0.00215938518201009	0.53435945377886	486
-0.03425526353778	1.46364205000213	50
-0.00729003919016003	0.536490208929206	50
0.0301926711334699	0.741161633974911	365
0.00752013483377989	0.53011506511111	365
-0.12127137404483	1.64566838608434	50
0.0903644359578399	1.4785910865174	95
-0.00335347787300999	0.534889336029958	171
0.0337259191397701	0.73866407925936	171
-0.00262356578869993	0.534584753118728	94
0.00391460850192993	0.531478987360942	94
0.0297189832399001	0.74144128695738	6
0.08873349161472	1.48103153042353	6
0.04999928903817	0.998159665810078	75
0.00366600389301008	0.531774933095134	2
0.00246828561007995	0.532305096548695	143
0.00102101500145002	0.532683365671509	2
-0.01319426199615	0.538777053419988	106
0.00102101500145002	0.532683365671509	106
0.00438993885030992	0.531433597211914	486
0.0711428417436399	1.51017316547313	106
0.0309280072634499	0.740509202720264	50
0.0474575637330601	1.00143133266914	50
-0.00262356578869993	0.534584753118728	506
-0.0136384494967099	0.538983877530966	506
0.02930800140753	0.741348714485643	126
0.0348441295244399	0.737457902476713	23
-0.00215938518201009	0.53435945377886	860
0.00102101500145002	0.532683365671509	23
-0.00262356578869993	0.534584753118728	106
-0.000698476746989973	0.53359178068112	11
-0.00262356578869993	0.534584753118728	50
-0.00729003919016003	0.536490208929206	50
0.0524082627676099	0.995847565409165	50
0.00319156543243992	0.531963842405938	253
0.00391460850192993	0.531478987360942	333
0.00243017604661011	0.532388959419506	333
0.00511363652644992	0.53094883647402	50
-0.1219751494416	2.2273282286707	50
0.00246828561007995	0.532305096548695	95
-0.04081149325398	1.47318510535983	6
0.00246828561007995	0.532305096548695	126
0.00294183147764993	0.532032217355669	126
0.0297189832399001	0.74144128695738	1
-0.00262356578869993	0.534584753118728	23
0.00511363652644992	0.53094883647402	860
0.00366600389301008	0.531774933095134	229
0.0343274050920901	0.73823682262087	229
0.0297189832399001	0.74144128695738	143
0.00246828561007995	0.532305096548695	106
0.0768819956378799	1.5010750606928	11
0.02930800140753	0.741348714485643	11
0.00243017604661011	0.532388959419506	486
0.03073504640225	0.740466286977461	50
0.00438993885030992	0.531433597211914	326
0.00169688815515001	0.532694389774889	183
0.00243017604661011	0.532388959419506	183
-0.00335347787300999	0.534889336029958	183
0.00438993885030992	0.531433597211914	365
0.0335391676632899	0.738689230719259	365
-0.0479165146010501	1.4832544740162	50
0.00221742142717996	0.532153748454207	50
-0.0806902437405701	1.19832509955743	50
0.00169688815515001	0.532694389774889	50
0.00102101500145002	0.532683365671509	50
0.0695550221752299	1.26231182559713	50
-0.00215938518201009	0.53435945377886	672
0.0348441295244399	0.737457902476713	94
0.0370768100507199	0.735634103186099	180
-0.00335347787300999	0.534889336029958	100
-0.00142880975047999	0.534054734577795	697
0.00897312424460006	0.529288422761213	506
0.00246828561007995	0.532305096548695	461
-0.00289020322422995	0.534512321528133	860
0.00294183147764993	0.532032217355669	75
0.00294183147764993	0.532032217355669	75
0.0017447688585801	0.532562193916483	181
0.00679328112155009	0.530373211909872	181
-0.0942406847683701	1.88181418554808	106
0.0672904854889	1.26842952166512	486
-0.00142880975047999	0.534054734577795	486
-0.00189389559207998	0.534121741351592	183
-0.00848113268972006	0.537019591842101	333
0.02296529130888	0.745782655478961	17
0.03594237341777	0.73710643497093	95
0.00243017604661011	0.532388959419506	95
0.0017447688585801	0.532562193916483	672
0.00246828561007995	0.532305096548695	94
-0.00335347787300999	0.534889336029958	94
-0.00215938518201009	0.53435945377886	180
0.00366600389301008	0.531774933095134	6
0.00221742142717996	0.532153748454207	461
0.00169688815515001	0.532694389774889	126
-0.00262356578869993	0.534584753118728	330
-0.0872396868408101	1.20661583050133	545
0.04047902648651	0.733654187413585	55
0.0299131916059701	0.740846365603413	50
0.00897312424460006	0.529288422761213	50
0.00246828561007995	0.532305096548695	50
-0.00189389559207998	0.534121741351592	50
0.0393490111949899	0.734642723574573	365
0.00438993885030992	0.531433597211914	365
0.00366600389301008	0.531774933095134	333
-0.00729003919016003	0.536490208929206	50
-0.00215938518201009	0.53435945377886	95
0.00246828561007995	0.532305096548695	94
0.00511363652644992	0.53094883647402	180
-0.00142880975047999	0.534054734577795	6
0.000963355668319954	0.532848557178048	461
0.00366600389301008	0.531774933095134	23
-0.00142880975047999	0.534054734577795	75
0.03382413632389	0.737799364206718	75
-0.00142880975047999	0.534054734577795	106
0.00438993885030992	0.531433597211914	106
-0.00262356578869993	0.534584753118728	486
0.0342361217630101	0.737803608644795	486
0.01450646876734	1.86789939487896	50
0.000359699439079986	1.66903447010961	50
0.0394607920099199	0.73428791747872	95
-0.00215938518201009	0.53435945377886	95
0.00391460850192993	0.531478987360942	180
0.0342361217630101	0.737803608644795	100
0.00752013483377989	0.53011506511111	6
0.0352565014716599	0.736829271920345	6
-0.00262356578869993	0.534584753118728	396
-0.00921776759309001	0.53721941864807	330
0.00246828561007995	0.532305096548695	75
-0.00655298027038009	0.53606385526815	75
-0.00848113268972006	0.537019591842101	75
-0.00335347787300999	0.534889336029958	23
0.00294183147764993	0.532032217355669	2
-0.00262356578869993	0.534584753118728	106
0.00246828561007995	0.532305096548695	55
0.0291814595712301	0.741793046518071	486
0.03647041824491	0.736086036474592	486
0.00366600389301008	0.531774933095134	486
-0.00262356578869993	0.534584753118728	486
0.00246828561007995	0.532305096548695	50
0.00824674914842993	0.529773188260123	50
-0.00142880975047999	0.534054734577795	50
0.000963355668319954	0.532848557178048	50
0.00319156543243992	0.531963842405938	183
0.0482623453131701	1.00115004627375	365
0.00319156543243992	0.531963842405938	50
0.03605901003645	0.736605692124347	50
0.0187284983165801	1.8592892303693	50
0.0232913549006599	1.85071776462324	95
0.00511363652644992	0.53094883647402	95
-0.00142880975047999	0.534054734577795	94
-0.0776320066213401	1.19334777271758	100
0.04838451939454	1.00122516656048	6
0.00246828561007995	0.532305096548695	6
-0.00262356578869993	0.534584753118728	697
0.00169688815515001	0.532694389774889	506
0.00366600389301008	0.531774933095134	461
0.0017447688585801	0.532562193916483	126
0.04362670432585	1.00511146774742	117
0.00511363652644992	0.53094883647402	106
0.00294183147764993	0.532032217355669	106
0.00511363652644992	0.53094883647402	55
-0.000698476746989973	0.53359178068112	55
0.08209519237389	1.493393769411	11
0.00319156543243992	0.531963842405938	50
0.00319156543243992	0.531963842405938	17
0.02356826086701	0.745383324956546	50
-0.00289020322422995	0.534512321528133	17
-0.000698476746989973	0.53359178068112	50
0.00366600389301008	0.531774933095134	95
0.00316321952767007	0.53192588850646	672
0.0348441295244399	0.737457902476713	126
0.00366600389301008	0.531774933095134	126
0.00366600389301008	0.531774933095134	330
-0.00215938518201009	0.53435945377886	75
0.00221742142717996	0.532153748454207	229
-0.0721706509273701	1.18777497166486	106
-0.00142880975047999	0.534054734577795	55
0.1009862480914	1.85445323654072	486
0.0348441295244399	0.737457902476713	50
0.00366600389301008	0.531774933095134	50
0.00246828561007995	0.532305096548695	365
0.04877791308045	0.999821921309672	365
0.05255906994529	0.993729664494819	50
0.00438993885030992	0.531433597211914	333
0.00366600389301008	0.531774933095134	50
-0.12019120563592	1.64255081554247	50
0.00319156543243992	0.531963842405938	50
-0.00802734580893993	0.536690312605626	50
-0.00189389559207998	0.534121741351592	100
0.0319423345526799	0.739536323340341	396
0.0566654429431299	0.991944747337478	6
0.053485819064	0.994921098367185	6
0.09329815716607	1.87024047132022	506
0.0337259191397701	0.73866407925936	126
0.00316321952767007	0.53192588850646	75
0.0343274050920901	0.73823682262087	117
0.0241708536610901	0.74490389431856	75
-0.00262356578869993	0.534584753118728	2
-0.00416900555087008	0.535021602650627	106
0.00391460850192993	0.531478987360942	55
0.00824674914842993	0.529773188260123	106
0.05373455695425	0.994169435465048	106
-0.10714137537795	2.19379198416905	106
-0.00215938518201009	0.53435945377886	138
-0.00262356578869993	0.534584753118728	106
-0.00262356578869993	0.534584753118728	50
-0.08122603044593	1.20036109797144	50
0.00319156543243992	0.531963842405938	333
0.00438993885030992	0.531433597211914	17
-0.00729003919016003	0.536490208929206	50
0.08109401033889	1.89619957348358	50
0.0017447688585801	0.532562193916483	50
0.06493061688622	1.27073781071574	50
-0.0941119972651401	1.88322288539747	50
0.0348441295244399	0.737457902476713	50
0.00366600389301008	0.531774933095134	50
-0.00215938518201009	0.53435945377886	95
-0.00262356578869993	0.534584753118728	95
-0.00262356578869993	0.534584753118728	94
0.00246828561007995	0.532305096548695	212
-0.00342895272976995	0.534820350018527	6
-0.0319151248182299	1.4565298591384	6
0.02356826086701	0.745383324956546	330
0.00366600389301008	0.531774933095134	75
0.00438993885030992	0.531433597211914	483
0.0828256520829001	1.49085160190238	75
-0.0787394689191401	1.19624673344309	117
0.00366600389301008	0.531774933095134	748
-0.00335347787300999	0.534889336029958	55
0.0017447688585801	0.532562193916483	106
0.04999928903817	0.998159665810078	106
0.0227739447009701	0.745932802373502	138
0.00319156543243992	0.531963842405938	106
0.00221742142717996	0.532153748454207	50
0.00319156543243992	0.531963842405938	183
-0.00215938518201009	0.53435945377886	50
-0.00921776759309001	0.53721941864807	17
0.00752013483377989	0.53011506511111	50
0.00246828561007995	0.532305096548695	100
-0.0312551090291899	1.45795596848853	396
0.0515229543781399	0.996624821057001	118
-0.0825169262990899	1.20039151217704	118
0.00294183147764993	0.532032217355669	118
-0.00142880975047999	0.534054734577795	6
0.00752013483377989	0.53011506511111	6
0.00294183147764993	0.532032217355669	126
0.0245813550735401	0.745048164284577	126
0.0388563440215799	0.734684321976156	461
0.00243017604661011	0.532388959419506	126
-0.00335347787300999	0.534889336029958	117
0.0297189832399001	0.74144128695738	117
0.03666588343696	0.736086429582356	117
0.00246828561007995	0.532305096548695	181
-0.00335347787300999	0.534889336029958	229
0.0542715542299801	0.9943321079182	486
0.0017447688585801	0.532562193916483	50
0.00366600389301008	0.531774933095134	50
0.0521114774560001	0.994180952048236	50
0.0840904026360601	1.48941322429777	365
0.03605901003645	0.736605692124347	112
-0.0342065945962	1.46139912544975	95
0.00511363652644992	0.53094883647402	672
0.00294183147764993	0.532032217355669	672
0.0297189832399001	0.74144128695738	94
0.00319156543243992	0.531963842405938	115
0.0402244867766901	1.00853645008292	6
-0.07775341573412	1.19574144052044	6
0.00319156543243992	0.531963842405938	6
-0.00142880975047999	0.534054734577795	6
0.0017447688585801	0.532562193916483	6
-0.00262356578869993	0.534584753118728	10
0.0017447688585801	0.532562193916483	461
0.03605901003645	0.736605692124347	461
-0.000698476746989973	0.53359178068112	461
-0.000698476746989973	0.53359178068112	330
0.00438993885030992	0.531433597211914	117
0.0352565014716599	0.736829271920345	75
0.00246828561007995	0.532305096548695	229
0.05329268116312	0.994813681069795	50
0.04887884777412	1.00049518335591	365
0.00246828561007995	0.532305096548695	253
0.0910311888578501	1.47737851107843	50
0.00438993885030992	0.531433597211914	50
0.00319156543243992	0.531963842405938	50
0.0348441295244399	0.737457902476713	95
0.0388563440215799	0.734684321976156	95
0.0017447688585801	0.532562193916483	94
-0.000698476746989973	0.53359178068112	94
0.00438993885030992	0.531433597211914	94
0.00294183147764993	0.532032217355669	476
0.0354517588405201	0.737058651118592	100
0.00438993885030992	0.531433597211914	100
0.0017447688585801	0.532562193916483	6
-0.00408363202708006	0.535041876234331	118
0.00366600389301008	0.531774933095134	506
-0.00215938518201009	0.53435945377886	126
0.00366600389301008	0.531774933095134	75
0.00294183147764993	0.532032217355669	320
0.00221742142717996	0.532153748454207	483
-0.00262356578869993	0.534584753118728	117
0.00102101500145002	0.532683365671509	75
0.03032368376837	0.741011018316937	106
0.03605901003645	0.736605692124347	106
0.00391460850192993	0.531478987360942	106
0.00897312424460006	0.529288422761213	50
0.00391460850192993	0.531478987360942	50
-0.07775341573412	1.19574144052044	326
0.03564846550468	0.736426287452659	183
0.00246828561007995	0.532305096548695	50
0.0388563440215799	0.734684321976156	50
0.00319156543243992	0.531963842405938	94
0.00319156543243992	0.531963842405938	94
0.00752013483377989	0.53011506511111	6
0.00294183147764993	0.532032217355669	6
0.05685523039674	1.28244045580152	461
0.00246828561007995	0.532305096548695	461
-0.00189389559207998	0.534121741351592	23
0.09410132305198	2.36904890272573	106
0.03032368376837	0.741011018316937	50
0.00752013483377989	0.53011506511111	50
0.00438993885030992	0.531433597211914	183
0.0347415204314101	0.738030619991319	50
0.00366600389301008	0.531774933095134	326
0.06426622387394	1.27160152627613	50
0.00246828561007995	0.532305096548695	253
0.0370768100507199	0.735634103186099	50
-0.00848113268972006	0.537019591842101	95
-0.00215938518201009	0.53435945377886	94
-0.00335347787300999	0.534889336029958	100
0.02930800140753	0.741348714485643	6
0.00246828561007995	0.532305096548695	118
0.0299131916059701	0.740846365603413	118
-0.0380145260646001	1.46977004972841	118
0.00246828561007995	0.532305096548695	118
-0.000698476746989973	0.53359178068112	506
0.00366600389301008	0.531774933095134	75
0.00366600389301008	0.531774933095134	229
0.0498599778301001	0.999272177355017	55
-0.00848113268972006	0.537019591842101	55
0.00438993885030992	0.531433597211914	50
-0.00335347787300999	0.534889336029958	183
0.0280964880574699	0.742148154121523	50
0.03260602264144	0.738426213109688	95
-0.00848113268972006	0.537019591842101	95
0.00752013483377989	0.53011506511111	672
0.00246828561007995	0.532305096548695	212
0.00221742142717996	0.532153748454207	6
-0.0834645804055101	1.20246886104641	6
0.0301308372186999	0.740833493555529	118
0.00366600389301008	0.531774933095134	793
0.0017447688585801	0.532562193916483	696
-0.00215938518201009	0.53435945377886	696
0.0398754422991101	0.734049874675633	126
-0.00289020322422995	0.534512321528133	126
0.0273849295383699	0.742981022380494	126
-0.00215938518201009	0.53435945377886	483
-0.00335347787300999	0.534889336029958	117
0.00438993885030992	0.531433597211914	117
0.0348441295244399	0.737457902476713	229
0.00438993885030992	0.531433597211914	106
0.00319156543243992	0.531963842405938	106
0.0332560658755201	1.01562467379802	889
-0.0055841062053601	2.34149716662203	50
0.09028059724331	1.47908500338276	50
0.00294183147764993	0.532032217355669	95
0.00319156543243992	0.531963842405938	672
0.0347415204314101	0.738030619991319	100
0.00294183147764993	0.532032217355669	6
0.0344326245705799	0.737399568931953	6
-0.00262356578869993	0.534584753118728	6
-0.00215938518201009	0.53435945377886	6
0.0017447688585801	0.532562193916483	793
-0.00342895272976995	0.534820350018527	793
0.00294183147764993	0.532032217355669	696
0.0280964880574699	0.742148154121523	126
0.02911390535499	0.741809353787203	126
0.00294183147764993	0.532032217355669	117
0.00246828561007995	0.532305096548695	181
0.09028059724331	1.47908500338276	138
0.00824674914842993	0.529773188260123	104
0.0253415605843801	1.84653596984191	183
0.0906093993392401	1.68666714863774	50
0.0344326245705799	0.737399568931953	17
-0.12429745227819	1.65115326937838	50
0.10533962280546	2.01530415782395	50
0.0017447688585801	0.532562193916483	50
0.0352565014716599	0.736829271920345	50
-0.00215938518201009	0.53435945377886	94
0.0342361217630101	0.737803608644795	100
0.00243017604661011	0.532388959419506	6
0.00221742142717996	0.532153748454207	118
-0.00335347787300999	0.534889336029958	696
0.00246828561007995	0.532305096548695	461
0.00243017604661011	0.532388959419506	461
0.00391460850192993	0.531478987360942	75
-0.00921776759309001	0.53721941864807	23
0.00366600389301008	0.531774933095134	117
0.00752013483377989	0.53011506511111	23
0.00246828561007995	0.532305096548695	117
0.00246828561007995	0.532305096548695	23
0.00294183147764993	0.532032217355669	23
-0.00262356578869993	0.534584753118728	237
0.00102101500145002	0.532683365671509	229
-0.0492674133490301	2.03338833957959	50
0.0449556594498499	1.00463221344467	50
0.04047902648651	0.733654187413585	253
-0.00335347787300999	0.534889336029958	94
0.03362773523062	0.73808363463249	94
0.00438993885030992	0.531433597211914	461
0.00366600389301008	0.531774933095134	483
-0.00262356578869993	0.534584753118728	117
0.00294183147764993	0.532032217355669	237
0.0889389193622001	1.48048784178129	106
0.0730868509528899	1.25778635338389	50
-0.0762251254077699	1.19132632530213	17
0.03032368376837	0.741011018316937	50
0.0528505831463499	0.995365511826666	50
0.0515229543781399	0.996624821057001	50
-0.0333565265843601	1.45961931899553	95
0.00221742142717996	0.532153748454207	50
-0.0762251254077699	1.19132632530213	50
0.0332152691229599	0.738145623224673	50
-0.00774474493264998	0.536593235425421	94
0.00221742142717996	0.532153748454207	6
0.00246828561007995	0.532305096548695	118
0.02911390535499	0.741809353787203	6
-0.00262356578869993	0.534584753118728	861
0.00319156543243992	0.531963842405938	126
-0.00142880975047999	0.534054734577795	126
0.0358636488266999	0.736484372081891	23
0.00221742142717996	0.532153748454207	483
0.00294183147764993	0.532032217355669	483
0.0816796099157899	1.49363326891953	50
-0.0816758736482099	1.19933877647713	50
0.00472424874331989	1.65828267299421	50
-0.0810483071173101	2.35746715555176	50
0.0838320798812899	1.48921348489627	50
0.0754343989135899	1.25549638793123	50
0.0521114774560001	0.994180952048236	17
0.0521114774560001	0.994180952048236	50
0.0233767916129299	0.745765973907936	50
0.00438993885030992	0.531433597211914	50
-0.0827919292013799	1.2004004526614	94
0.0017447688585801	0.532562193916483	212
-0.00289020322422995	0.534512321528133	115
0.00752013483377989	0.53011506511111	115
-0.00262356578869993	0.534584753118728	118
0.00102101500145002	0.532683365671509	861
0.02911390535499	0.741809353787203	861
0.00438993885030992	0.531433597211914	461
0.00319156543243992	0.531963842405938	126
0.00246828561007995	0.532305096548695	126
-0.00262356578869993	0.534584753118728	106
0.08928438423298	1.48073565814413	50
-0.0759462670189499	1.1914010057903	50
0.0575408869127601	1.28106423433773	50
-0.03111541528352	1.45724120785738	50
0.06276713149286	1.2737657343996	50
0.0017447688585801	0.532562193916483	50
0.0343274050920901	0.73823682262087	50
0.0017447688585801	0.532562193916483	50
-0.00408363202708006	0.535041876234331	50
0.02850844979016	0.742106412560748	476
0.04670210346596	1.00066507097037	115
0.03382413632389	0.737799364206718	94
0.00366600389301008	0.531774933095134	6
0.00366600389301008	0.531774933095134	793
0.00102101500145002	0.532683365671509	861
-0.00335347787300999	0.534889336029958	126
0.00391460850192993	0.531478987360942	75
0.0017447688585801	0.532562193916483	483
0.0017447688585801	0.532562193916483	237
-0.00921776759309001	0.53721941864807	237
-0.03292808756082	1.45997675441595	138
0.04029531273068	2.01389931956959	50
0.04999928903817	0.998159665810078	50
0.04670210346596	1.00066507097037	50
0.06376279833279	1.27233147530848	50
-0.00729003919016003	0.536490208929206	50
0.02356826086701	0.745383324956546	50
-0.00335347787300999	0.534889336029958	94
0.0354517588405201	0.737058651118592	115
0.00679328112155009	0.530373211909872	529
-0.00335347787300999	0.534889336029958	330
-0.0026891496364001	0.534393708496841	117
0.00102101500145002	0.532683365671509	117
0.00294183147764993	0.532032217355669	237
0.0017447688585801	0.532562193916483	3
-0.0346384866770799	1.46267435352466	106
0.00366600389301008	0.531774933095134	106
0.0348441295244399	0.737457902476713	50
0.0705433728154199	1.26121703885174	50
0.0000920347182999937	1.66873285365354	50
0.0358636488266999	0.736484372081891	50
0.0255939502907101	0.744072404548632	50
0.03032368376837	0.741011018316937	50
-0.00142880975047999	0.534054734577795	50
0.02930800140753	0.741348714485643	50
0.00511363652644992	0.53094883647402	94
-0.00215938518201009	0.53435945377886	115
0.00752013483377989	0.53011506511111	861
0.00438993885030992	0.531433597211914	330
0.00438993885030992	0.531433597211914	75
0.00221742142717996	0.532153748454207	483
0.03506627886087	2.02690374546867	55
-0.00189389559207998	0.534121741351592	138
-0.0401621012809601	1.47152882215396	50
-0.0397865379764499	1.47229299558748	50
-0.0226040969475201	1.44411338546666	183
0.0475936866594799	0.999880566999494	50
0.0729043847149999	1.26013587132135	50
0.00752013483377989	0.53011506511111	183
0.0595941563645099	1.27964146913899	50
-0.08541313689608	1.20460860509217	50
-0.00142880975047999	0.534054734577795	50
0.0017447688585801	0.532562193916483	50
0.00679328112155009	0.530373211909872	212
0.02930800140753	0.741348714485643	115
-0.00655298027038009	0.53606385526815	446
0.00438993885030992	0.531433597211914	106
0.0398754422991101	0.734049874675633	106
0.00438993885030992	0.531433597211914	55
-0.00729003919016003	0.536490208929206	138
0.00391460850192993	0.531478987360942	106
0.00366600389301008	0.531774933095134	724
-0.00215938518201009	0.53435945377886	183
0.00752013483377989	0.53011506511111	183
0.03382413632389	0.737799364206718	183
0.00246828561007995	0.532305096548695	50
0.00366600389301008	0.531774933095134	253
0.0297189832399001	0.74144128695738	17
-0.00215938518201009	0.53435945377886	17
0.00366600389301008	0.531774933095134	50
-0.00729003919016003	0.536490208929206	50
0.0348441295244399	0.737457902476713	50
-0.00335347787300999	0.534889336029958	50
0.00221742142717996	0.532153748454207	476
0.0301926711334699	0.741161633974911	106
-0.00921776759309001	0.53721941864807	138
-0.00142880975047999	0.534054734577795	724
0.03647041824491	0.736086036474592	50
0.0381538793351399	0.735427886922038	50
-0.0136384494967099	0.538983877530966	50
0.03927148206998	0.734392295037367	183
-0.00729003919016003	0.536490208929206	373
0.00824674914842993	0.529773188260123	50
0.00294183147764993	0.532032217355669	476
0.00294183147764993	0.532032217355669	476
-0.00342895272976995	0.534820350018527	701
0.00246828561007995	0.532305096548695	330
0.0274901642577501	0.742445781400186	106
0.00169688815515001	0.532694389774889	106
-0.00774474493264998	0.536593235425421	106
0.04047902648651	0.733654187413585	106
0.00897312424460006	0.529288422761213	106
0.0398754422991101	0.734049874675633	50
-0.00848113268972006	0.537019591842101	50
0.00897312424460006	0.529288422761213	50
0.00169688815515001	0.532694389774889	183
0.0017447688585801	0.532562193916483	373
0.00438993885030992	0.531433597211914	50
0.0274901642577501	0.742445781400186	253
0.00246828561007995	0.532305096548695	268
0.00102101500145002	0.532683365671509	17
0.0228318529569	0.746148185749981	17
0.00246828561007995	0.532305096548695	17
-0.00408363202708006	0.535041876234331	50
0.00391460850192993	0.531478987360942	50
0.00221742142717996	0.532153748454207	50
0.00679328112155009	0.530373211909872	253
0.00366600389301008	0.531774933095134	50
0.00319156543243992	0.531963842405938	115
0.02911390535499	0.741809353787203	106
-0.12483373916411	2.23123924429477	106
-0.000698476746989973	0.53359178068112	106
-0.0397714420748001	1.47086905958403	55
-0.0811102108094901	1.19888737123819	55
0.0301308372186999	0.740833493555529	296
0.0297189832399001	0.74144128695738	106
-0.00262356578869993	0.534584753118728	55
-0.00729003919016003	0.536490208929206	106
0.00606618783247992	0.53049613470456	106
0.00366600389301008	0.531774933095134	50
0.00391460850192993	0.531478987360942	50
0.00294183147764993	0.532032217355669	50
0.00246828561007995	0.532305096548695	183
0.00438993885030992	0.531433597211914	268
-0.00215938518201009	0.53435945377886	268
0.00221742142717996	0.532153748454207	268
0.00169688815515001	0.532694389774889	17
0.00221742142717996	0.532153748454207	17
0.00319156543243992	0.531963842405938	50
0.0017447688585801	0.532562193916483	50
0.00438993885030992	0.531433597211914	363
0.00366600389301008	0.531774933095134	50
0.0017447688585801	0.532562193916483	50
0.00366600389301008	0.531774933095134	50
-0.000698476746989973	0.53359178068112	50
0.00438993885030992	0.531433597211914	50
0.00438993885030992	0.531433597211914	115
0.02870243366597	0.741779531267693	106
-0.00408363202708006	0.535041876234331	55
0.00824674914842993	0.529773188260123	106
0.02499273395026	0.744470247034485	296
-0.0136384494967099	0.538983877530966	106
0.00366600389301008	0.531774933095134	724
0.00438993885030992	0.531433597211914	183
0.00366600389301008	0.531774933095134	183
-0.00142880975047999	0.534054734577795	253
0.00319156543243992	0.531963842405938	363
0.10720744901715	2.01161757619177	55
-0.00289020322422995	0.534512321528133	296
0.05702199630567	0.990394200392705	340
-0.07706780904878	1.19203670040102	106
-0.000698476746989973	0.53359178068112	724
0.0592761884827999	1.27898561897245	50
0.00438993885030992	0.531433597211914	106
0.00243017604661011	0.532388959419506	183
0.0394607920099199	0.73428791747872	373
0.0297189832399001	0.74144128695738	17
0.00246828561007995	0.532305096548695	50
0.03032368376837	0.741011018316937	253
-0.000698476746989973	0.53359178068112	50
0.00246828561007995	0.532305096548695	50
0.00221742142717996	0.532153748454207	50
0.00319156543243992	0.531963842405938	115
-0.00586200898550993	1.68050979113258	55
0.00102101500145002	0.532683365671509	340
-0.000698476746989973	0.53359178068112	138
0.00366600389301008	0.531774933095134	138
0.00679328112155009	0.530373211909872	138
-0.00408363202708006	0.535041876234331	50
0.00366600389301008	0.531774933095134	50
0.00319156543243992	0.531963842405938	183
0.00294183147764993	0.532032217355669	50
0.00366600389301008	0.531774933095134	373
0.00246828561007995	0.532305096548695	17
-0.00215938518201009	0.53435945377886	106
0.0315319540477701	0.739858295482413	682
0.00169688815515001	0.532694389774889	340
0.00246828561007995	0.532305096548695	106
-0.00848113268972006	0.537019591842101	268
0.00366600389301008	0.531774933095134	50
-0.0236622980243699	1.44560493263478	55
0.0491106074735499	0.999066624675767	296
0.0313388787394899	0.740037005484058	55
-0.00262356578869993	0.534584753118728	106
0.00511363652644992	0.53094883647402	106
0.03382413632389	0.737799364206718	106
0.00316321952767007	0.53192588850646	106
0.0388563440215799	0.734684321976156	183
0.00294183147764993	0.532032217355669	183
0.000963355668319954	0.532848557178048	17
0.00246828561007995	0.532305096548695	50
0.00294183147764993	0.532032217355669	363
0.00679328112155009	0.530373211909872	115
0.00366600389301008	0.531774933095134	529
0.0347415204314101	0.738030619991319	183
0.00246828561007995	0.532305096548695	50
-0.0257451262806701	1.44962631305146	50
0.0297189832399001	0.74144128695738	183
-0.00335347787300999	0.534889336029958	183
0.00246828561007995	0.532305096548695	268
0.0344326245705799	0.737399568931953	50
0.03866714547726	0.734669375720373	363
0.00438993885030992	0.531433597211914	95
0.00438993885030992	0.531433597211914	50
0.00366600389301008	0.531774933095134	476
0.0297189832399001	0.74144128695738	106
0.08077303818204	1.49537514394096	106
-0.0026891496364001	0.534393708496841	106
0.08119150062513	1.49382591406975	50
0.0528049216281401	0.996335148210634	66
0.03605901003645	0.736605692124347	50
0.00246828561007995	0.532305096548695	50
-0.0866699389924199	1.20596972159652	50
0.00246828561007995	0.532305096548695	529
0.00246828561007995	0.532305096548695	117
-0.00262356578869993	0.534584753118728	165
0.0183199022601099	1.86092485168052	106
0.00246828561007995	0.532305096548695	183
0.0926647965371099	1.68231410024235	183
0.04799919350267	1.00133216698691	268
0.05255906994529	0.993729664494819	66
-0.00215938518201009	0.53435945377886	95
-0.0724440889528599	1.18788395373862	50
-0.0833587197241901	1.20115673296458	94
-0.08209630742905	1.1999018243829	529
0.0194313077211301	0.748485043890541	84
-0.00142880975047999	0.534054734577795	23
-0.00335347787300999	0.534889336029958	489
0.00294183147764993	0.532032217355669	3
-0.00262356578869993	0.534584753118728	183
0.03032368376837	0.741011018316937	50
0.0580027411976101	0.989180708464477	364
-0.0856802444534399	1.20431806821862	94
0.00366600389301008	0.531774933095134	115
0.00366600389301008	0.531774933095134	59
-0.00142880975047999	0.534054734577795	165
0.00319156543243992	0.531963842405938	489
0.00366600389301008	0.531774933095134	106
0.0738252079886901	1.25690343131205	106
-0.00142880975047999	0.534054734577795	174
-0.0873886302732601	1.20596672951153	174
0.00204565791429001	1.66520785407583	50
0.00246828561007995	0.532305096548695	50
-0.0346438197410901	1.46473340822576	50
0.00438993885030992	0.531433597211914	364
0.05196571989041	0.996267358383412	94
0.0227739447009701	0.745932802373502	115
-0.00262356578869993	0.534584753118728	115
0.00294183147764993	0.532032217355669	115
0.00366600389301008	0.531774933095134	149
0.0280964880574699	0.742148154121523	149
0.00391460850192993	0.531478987360942	529
-0.00142880975047999	0.534054734577795	446
-0.00142880975047999	0.534054734577795	59
0.00366600389301008	0.531774933095134	59
0.00511363652644992	0.53094883647402	483
0.00319156543243992	0.531963842405938	229
0.00438993885030992	0.531433597211914	106
0.02850844979016	0.742106412560748	50
0.00319156543243992	0.531963842405938	50
0.00246828561007995	0.532305096548695	144
0.0354517588405201	0.737058651118592	115
-0.00262356578869993	0.534584753118728	149
0.00294183147764993	0.532032217355669	529
-0.00335347787300999	0.534889336029958	117
0.00752013483377989	0.53011506511111	4
0.00221742142717996	0.532153748454207	489
0.0017447688585801	0.532562193916483	489
-0.06917748354045	2.07456113369841	106
-0.0834645804055101	1.20246886104641	106
-0.0798785395263599	1.85463594141213	106
0.05362465526986	0.993341884596457	50
0.0348441295244399	0.737457902476713	50
0.00366600389301008	0.531774933095134	50
0.00294183147764993	0.532032217355669	115
0.0344326245705799	0.737399568931953	115
0.00246828561007995	0.532305096548695	118
-0.00408363202708006	0.535041876234331	149
-0.00262356578869993	0.534584753118728	529
0.00752013483377989	0.53011506511111	117
-0.00189389559207998	0.534121741351592	229
0.04789790214345	1.00097718902875	55
-0.12459981043897	1.64970205356142	789
0.0220162156153101	1.85211852750475	50
-0.09536770614007	1.21696911974443	174
0.0291814595712301	0.741793046518071	363
-0.00729003919016003	0.536490208929206	758
0.00366600389301008	0.531774933095134	50
-0.00215938518201009	0.53435945377886	94
0.00366600389301008	0.531774933095134	115
-0.00848113268972006	0.537019591842101	144
0.00438993885030992	0.531433597211914	144
0.00246828561007995	0.532305096548695	115
-0.00262356578869993	0.534584753118728	118
0.00246828561007995	0.532305096548695	118
0.0017447688585801	0.532562193916483	1
0.00294183147764993	0.532032217355669	84
0.00294183147764993	0.532032217355669	59
0.00824674914842993	0.529773188260123	59
0.00294183147764993	0.532032217355669	181
0.0295950828379801	0.741636469196257	55
-0.0785763797425101	1.85175470768838	106
0.0583542915300399	0.989219461261194	106
-0.00215938518201009	0.53435945377886	106
-0.00314068910907994	1.67445578501356	106
0.00438993885030992	0.531433597211914	733
0.02911390535499	0.741809353787203	183
-0.00335347787300999	0.534889336029958	50
0.00897312424460006	0.529288422761213	268
0.00366600389301008	0.531774933095134	66
0.00319156543243992	0.531963842405938	66
0.00752013483377989	0.53011506511111	17
0.03594237341777	0.73710643497093	17
0.0017447688585801	0.532562193916483	50
0.00246828561007995	0.532305096548695	94
0.00438993885030992	0.531433597211914	115
0.0329374280615	0.738837469954536	115
0.00438993885030992	0.531433597211914	115
0.0299131916059701	0.740846365603413	6
-0.00262356578869993	0.534584753118728	506
0.05480974569758	0.993666240668308	59
0.03594237341777	0.73710643497093	59
-0.00289020322422995	0.534512321528133	858
0.00438993885030992	0.531433597211914	59
-0.00215938518201009	0.53435945377886	117
0.00391460850192993	0.531478987360942	181
-0.0825169262990899	1.20039151217704	789
0.00391460850192993	0.531478987360942	106
0.0440695907957001	1.00465394433231	106
0.0530912690249701	0.993824520513092	268
-0.00262356578869993	0.534584753118728	17
0.00752013483377989	0.53011506511111	17
0.03073504640225	0.740466286977461	50
-0.00142880975047999	0.534054734577795	364
-0.00215938518201009	0.53435945377886	115
-0.00142880975047999	0.534054734577795	115
0.00294183147764993	0.532032217355669	115
0.03362773523062	0.73808363463249	1
0.00824674914842993	0.529773188260123	489
0.00246828561007995	0.532305096548695	229
0.00246828561007995	0.532305096548695	60
-0.0826611509446	1.1996793976385	733
0.0354517588405201	0.737058651118592	183
-0.07748413615678	1.19455651863096	183
0.0344326245705799	0.737399568931953	66
0.03260602264144	0.738426213109688	95
0.0354517588405201	0.737058651118592	50
-0.00142880975047999	0.534054734577795	115
0.00221742142717996	0.532153748454207	115
0.00102101500145002	0.532683365671509	115
0.00246828561007995	0.532305096548695	115
0.0569310797832501	0.990149429197402	115
0.0313388787394899	0.740037005484058	6
0.0257844135257701	0.743935667379362	118
0.0233767916129299	0.745765973907936	1
0.00366600389301008	0.531774933095134	84
0.00294183147764993	0.532032217355669	59
0.02518307226521	0.744569276799966	181
0.0666459014006799	1.26777401128653	174
0.06274351731933	1.27511761093875	183
0.05785801513878	1.28178014390986	50
-0.0026891496364001	0.534393708496841	50
0.0297189832399001	0.74144128695738	758
0.03260602264144	0.738426213109688	50
0.05053603753539	0.997274045373009	364
0.00319156543243992	0.531963842405938	115
0.0309280072634499	0.740509202720264	115
0.00511363652644992	0.53094883647402	115
0.00246828561007995	0.532305096548695	118
0.00319156543243992	0.531963842405938	149
-0.00215938518201009	0.53435945377886	59
0.00319156543243992	0.531963842405938	59
0.00294183147764993	0.532032217355669	59
0.08381645688856	1.70071531240493	789
0.06376279833279	1.27233147530848	268
0.0941297361370199	1.86845103054882	268
0.0693090374410601	1.2619611338869	66
0.02397926162987	0.745446937601401	94
0.0354517588405201	0.737058651118592	364
-0.07721029400492	1.19295758109662	364
-0.00335347787300999	0.534889336029958	115
0.03825151948442	0.735027413479489	115
0.00606618783247992	0.53049613470456	59
-0.00142880975047999	0.534054734577795	59
-0.00262356578869993	0.534584753118728	59
-0.00262356578869993	0.534584753118728	59
0.00294183147764993	0.532032217355669	3
0.0791351889065399	1.49814788057937	55
-0.0727914453144101	2.33623587149068	789
-0.0346384866770799	1.46267435352466	106
0.0781356595526601	1.50000300119478	106
0.09887317987218	1.85891564321768	106
-0.0315834872496299	1.45911511292627	183
0.00319156543243992	0.531963842405938	50
-0.02983287358163	1.45640982102319	50
0.0017447688585801	0.532562193916483	115
0.00319156543243992	0.531963842405938	118
0.00316321952767007	0.53192588850646	1
0.00243017604661011	0.532388959419506	1
-0.00142880975047999	0.534054734577795	84
0.0017447688585801	0.532562193916483	23
0.00438993885030992	0.531433597211914	59
0.00366600389301008	0.531774933095134	59
0.0494637383355001	0.998484502021734	50
0.05702199630567	0.990394200392705	50
0.04549328654667	1.00323826339346	115
-0.00408363202708006	0.535041876234331	115
0.00366600389301008	0.531774933095134	118
0.00221742142717996	0.532153748454207	1
-0.00289020322422995	0.534512321528133	149
-0.00142880975047999	0.534054734577795	149
0.00438993885030992	0.531433597211914	84
0.00221742142717996	0.532153748454207	59
-0.00802734580893993	0.536690312605626	59
0.00221742142717996	0.532153748454207	59
0.00511363652644992	0.53094883647402	59
0.00294183147764993	0.532032217355669	59
0.00102101500145002	0.532683365671509	3
0.02850844979016	0.742106412560748	789
-0.00335347787300999	0.534889336029958	733
0.10042219238029	1.85577630383887	183
0.03492851591048	0.737738330121349	66
0.0530912690249701	0.993824520513092	95
-0.0745419776851199	1.1891080982824	50
0.0877407962318899	1.48251442390409	50
0.0297189832399001	0.74144128695738	94
0.00366600389301008	0.531774933095134	94
-0.0780539045558599	1.19366938277405	115
0.00246828561007995	0.532305096548695	404
-0.00408363202708006	0.535041876234331	115
-0.00335347787300999	0.534889336029958	6
0.00169688815515001	0.532694389774889	6
0.0017447688585801	0.532562193916483	1
0.0017447688585801	0.532562193916483	820
0.00221742142717996	0.532153748454207	149
-0.00215938518201009	0.53435945377886	149
0.0268834619420899	0.742596934720208	59
0.00243017604661011	0.532388959419506	23
0.0017447688585801	0.532562193916483	59
0.00246828561007995	0.532305096548695	59
0.00679328112155009	0.530373211909872	181
0.0354517588405201	0.737058651118592	733
0.03382413632389	0.737799364206718	174
0.02518307226521	0.744569276799966	17
0.00169688815515001	0.532694389774889	66
0.00679328112155009	0.530373211909872	50
-0.00408363202708006	0.535041876234331	95
0.0564863701142899	0.990542427271534	50
0.00319156543243992	0.531963842405938	50
0.0337259191397701	0.73866407925936	94
0.00319156543243992	0.531963842405938	94
-0.00289020322422995	0.534512321528133	94
0.03666588343696	0.736086429582356	94
0.00319156543243992	0.531963842405938	115
0.00391460850192993	0.531478987360942	118
-0.00142880975047999	0.534054734577795	118
0.00438993885030992	0.531433597211914	149
0.0280964880574699	0.742148154121523	149
0.0297189832399001	0.74144128695738	149
-0.00142880975047999	0.534054734577795	84
0.00366600389301008	0.531774933095134	59
-0.00335347787300999	0.534889336029958	59
0.00102101500145002	0.532683365671509	59
0.00221742142717996	0.532153748454207	59
0.00366600389301008	0.531774933095134	181
-0.00848113268972006	0.537019591842101	725
-0.01319426199615	0.538777053419988	65
0.0470170031811501	1.00181534685326	106
0.00366600389301008	0.531774933095134	106
0.03647041824491	0.736086036474592	66
0.02296529130888	0.745782655478961	66
0.00679328112155009	0.530373211909872	50
0.00679328112155009	0.530373211909872	115
-0.00262356578869993	0.534584753118728	115
0.00246828561007995	0.532305096548695	115
-0.00408363202708006	0.535041876234331	6
-0.00335347787300999	0.534889336029958	149
-0.00335347787300999	0.534889336029958	59
0.0017447688585801	0.532562193916483	59
0.00366600389301008	0.531774933095134	59
0.00438993885030992	0.531433597211914	165
-0.00335347787300999	0.534889336029958	165
-0.00262356578869993	0.534584753118728	165
0.0017447688585801	0.532562193916483	106
0.0559427479103001	0.990628864914917	174
0.0944544344531799	2.04237724778398	50
-0.0816425836525201	1.20098132961424	50
0.03260602264144	0.738426213109688	758
-0.08122603044593	1.20036109797144	50
-0.00114386219752993	1.66992957714753	50
0.03382413632389	0.737799364206718	50
-0.00215938518201009	0.53435945377886	115
0.00294183147764993	0.532032217355669	115
0.0352565014716599	0.736829271920345	115
-0.00215938518201009	0.53435945377886	115
0.00366600389301008	0.531774933095134	1
0.00366600389301008	0.531774933095134	149
0.00366600389301008	0.531774933095134	149
0.00169688815515001	0.532694389774889	149
0.00752013483377989	0.53011506511111	149
0.00246828561007995	0.532305096548695	181
-0.0886482585150099	1.20733120387633	106
0.05480974569758	0.993666240668308	758
0.00294183147764993	0.532032217355669	50
-0.00189389559207998	0.534121741351592	115
0.00294183147764993	0.532032217355669	115
0.00319156543243992	0.531963842405938	6
0.00606618783247992	0.53049613470456	118
0.00169688815515001	0.532694389774889	118
0.01722142816392	0.749615137665594	1
0.03605901003645	0.736605692124347	149
0.0504432951846801	0.997604965835895	149
0.00102101500145002	0.532683365671509	59
0.00679328112155009	0.530373211909872	59
0.00319156543243992	0.531963842405938	59
0.00511363652644992	0.53094883647402	59
-0.00142880975047999	0.534054734577795	59
-0.00335347787300999	0.534889336029958	59
-0.00729003919016003	0.536490208929206	59
-0.0809633157566401	1.19815263463342	106
0.0331240577334599	0.739029403250235	789
0.00824674914842993	0.529773188260123	733
0.0393490111949899	0.734642723574573	174
0.03605901003645	0.736605692124347	174
-0.0813626713601701	1.85871808600577	50
0.00246828561007995	0.532305096548695	50
0.00319156543243992	0.531963842405938	17
0.00438993885030992	0.531433597211914	50
-0.07777312173769	1.19351333428839	50
0.00319156543243992	0.531963842405938	50
-0.00142880975047999	0.534054734577795	95
-0.00142880975047999	0.534054734577795	95
0.00102101500145002	0.532683365671509	94
0.00246828561007995	0.532305096548695	95
0.00294183147764993	0.532032217355669	115
-0.00335347787300999	0.534889336029958	115
-0.0391280801270399	1.47002232630024	115
0.03605901003645	0.736605692124347	6
0.01782174227005	0.749265032773333	118
0.00438993885030992	0.531433597211914	118
0.03647041824491	0.736086036474592	118
-0.00262356578869993	0.534584753118728	149
0.08419593611215	1.24270632409572	149
0.00366600389301008	0.531774933095134	84
0.05329268116312	0.994813681069795	59
0.00246828561007995	0.532305096548695	59
-0.00262356578869993	0.534584753118728	23
0.00221742142717996	0.532153748454207	165
0.00897312424460006	0.529288422761213	725
-0.00262356578869993	0.534584753118728	725
0.00102101500145002	0.532683365671509	347
0.02870243366597	0.741779531267693	347
-0.00215938518201009	0.53435945377886	60
0.00752013483377989	0.53011506511111	744
0.00246828561007995	0.532305096548695	744
0.0805213272304199	1.70663522133926	106
0.03605901003645	0.736605692124347	106
0.0344326245705799	0.737399568931953	55
0.06902175884687	1.26556467109064	733
0.0959442780483999	1.67730884433921	174
-0.00848113268972006	0.537019591842101	17
0.0536299085265799	1.28630465334533	17
0.03605901003645	0.736605692124347	50
0.00294183147764993	0.532032217355669	758
-0.00215938518201009	0.53435945377886	50
-0.00262356578869993	0.534584753118728	50
0.00246828561007995	0.532305096548695	50
0.0388563440215799	0.734684321976156	95
0.00294183147764993	0.532032217355669	115
0.00246828561007995	0.532305096548695	6
0.00511363652644992	0.53094883647402	6
0.03647041824491	0.736086036474592	118
-0.00262356578869993	0.534584753118728	149
0.0017447688585801	0.532562193916483	149
0.00294183147764993	0.532032217355669	59
0.0017447688585801	0.532562193916483	59
-0.00335347787300999	0.534889336029958	59
0.00438993885030992	0.531433597211914	41
0.00438993885030992	0.531433597211914	59
0.0480391426403199	0.999394559916944	55
-0.0825169262990899	1.20039151217704	106
0.0673850798842199	1.26682439264286	106
-0.00428653572742999	1.67721522556837	106
0.0937423854442501	1.68137538075551	106
0.00391460850192993	0.531478987360942	55
0.0691874811312201	2.46098292015904	733
0.00319156543243992	0.531963842405938	174
0.00511363652644992	0.53094883647402	17
-0.00335347787300999	0.534889336029958	50
0.0331240577334599	0.739029403250235	17
0.00246828561007995	0.532305096548695	17
0.00319156543243992	0.531963842405938	50
0.0495550598469101	0.998644372218219	50
-0.00262356578869993	0.534584753118728	115
0.00319156543243992	0.531963842405938	115
0.00246828561007995	0.532305096548695	115
0.00366600389301008	0.531774933095134	115
0.00366600389301008	0.531774933095134	118
0.0280964880574699	0.742148154121523	820
0.00438993885030992	0.531433597211914	149
0.00319156543243992	0.531963842405938	84
0.00391460850192993	0.531478987360942	84
0.0017447688585801	0.532562193916483	59
-0.00142880975047999	0.534054734577795	59
-0.00142880975047999	0.534054734577795	725
0.00294183147764993	0.532032217355669	725
0.04168506802148	0.732690001857744	55
0.00438993885030992	0.531433597211914	174
0.00246828561007995	0.532305096548695	50
0.03666588343696	0.736086429582356	66
0.00319156543243992	0.531963842405938	50
0.02870243366597	0.741779531267693	50
0.0017447688585801	0.532562193916483	287
0.00511363652644992	0.53094883647402	115
0.07301177589602	1.25778123928763	115
-0.00335347787300999	0.534889336029958	820
0.02858299067685	0.742268681612624	820
-0.00215938518201009	0.53435945377886	59
0.02899712070884	0.742031605098525	455
-0.00215938518201009	0.53435945377886	59
-0.00142880975047999	0.534054734577795	127
0.00294183147764993	0.532032217355669	127
-0.00655298027038009	0.53606385526815	127
-0.00262356578869993	0.534584753118728	55
-0.0820593208959599	1.20151209908718	55
-0.000698476746989973	0.53359178068112	789
-0.00408363202708006	0.535041876234331	106
0.04163454284165	2.0116351102504	106
0.04657622035048	1.00212400435692	55
0.0394607920099199	0.73428791747872	183
0.0547128140500499	0.993688413327325	183
0.0543686588497101	0.994146711071465	50
0.00319156543243992	0.531963842405938	17
0.00824674914842993	0.529773188260123	17
0.05383007244065	0.994883375620606	17
0.0539850148058001	0.9928658275338	50
-0.0308303083122301	1.45781095784373	50
0.0354517588405201	0.737058651118592	50
-0.00215938518201009	0.53435945377886	287
0.0429648699557399	1.00636977021709	115
-0.00335347787300999	0.534889336029958	115
0.03382413632389	0.737799364206718	6
0.03300503702708	0.739060098632987	6
-0.00289020322422995	0.534512321528133	118
0.00294183147764993	0.532032217355669	149
0.00294183147764993	0.532032217355669	84
0.00366600389301008	0.531774933095134	84
0.00169688815515001	0.532694389774889	455
0.00169688815515001	0.532694389774889	244
0.08869674283926	1.69172457848527	183
-0.11610562035677	2.21146684151917	183
0.0728923253364799	1.25746449097546	183
0.07227239289781	1.26093465392501	50
0.0398754422991101	0.734049874675633	50
0.0549637849566	0.991989432668754	50
-0.0858318860931999	1.20514242617671	287
0.0358636488266999	0.736484372081891	115
0.00438993885030992	0.531433597211914	115
-0.0716060956739999	1.18692048310326	115
-0.0927772328109	1.21307254350785	115
0.00102101500145002	0.532683365671509	115
0.00294183147764993	0.532032217355669	115
-0.00142880975047999	0.534054734577795	115
-0.00408363202708006	0.535041876234331	118
0.02858299067685	0.742268681612624	118
-0.00215938518201009	0.53435945377886	118
0.00366600389301008	0.531774933095134	118
0.00511363652644992	0.53094883647402	1
0.0301308372186999	0.740833493555529	149
0.00366600389301008	0.531774933095134	149
0.00366600389301008	0.531774933095134	323
-0.00408363202708006	0.535041876234331	79
0.0889389193622001	1.48048784178129	106
0.0422382000264601	2.01059745751489	17
-0.00804185040466998	1.68374894837984	50
0.000131077616789987	1.66833726918755	50
0.0354517588405201	0.737058651118592	115
0.00366600389301008	0.531774933095134	115
0.00511363652644992	0.53094883647402	1
0.00102101500145002	0.532683365671509	149
-0.00142880975047999	0.534054734577795	84
-0.00262356578869993	0.534584753118728	455
-0.00921776759309001	0.53721941864807	643
0.00752013483377989	0.53011506511111	229
0.00438993885030992	0.531433597211914	730
-0.0143816470099101	0.539305515921282	106
0.04999928903817	0.998159665810078	106
0.00299929807311994	1.66413438487916	50
0.089391074551	1.69034883267782	17
-0.0811102108094901	1.19888737123819	50
0.0914041735697499	1.6852300124348	50
0.00366600389301008	0.531774933095134	95
0.00511363652644992	0.53094883647402	50
0.0410822349536399	0.733205072648082	115
0.00752013483377989	0.53011506511111	118
0.00679328112155009	0.530373211909872	118
0.00438993885030992	0.531433597211914	1
-0.00262356578869993	0.534584753118728	1
0.0233767916129299	0.745765973907936	149
0.00294183147764993	0.532032217355669	149
0.00246828561007995	0.532305096548695	84
0.00511363652644992	0.53094883647402	59
0.00752013483377989	0.53011506511111	725
0.00366600389301008	0.531774933095134	3
0.00221742142717996	0.532153748454207	426
-0.00408363202708006	0.535041876234331	426
0.00391460850192993	0.531478987360942	65
0.0348441295244399	0.737457902476713	106
0.01626000897442	1.86503689192241	174
0.00246828561007995	0.532305096548695	183
-0.00142880975047999	0.534054734577795	95
-0.0828933479057701	1.20233393072924	95
0.03382413632389	0.737799364206718	115
0.00438993885030992	0.531433597211914	6
0.00294183147764993	0.532032217355669	118
0.00246828561007995	0.532305096548695	59
-0.00335347787300999	0.534889336029958	3
0.0094207933363899	1.65152068786056	106
0.03666588343696	0.736086429582356	106
0.00438993885030992	0.531433597211914	50
0.00438993885030992	0.531433597211914	50
0.00319156543243992	0.531963842405938	50
0.00294183147764993	0.532032217355669	50
0.0017447688585801	0.532562193916483	455
-0.00408363202708006	0.535041876234331	59
-0.00802734580893993	0.536690312605626	3
-0.00262356578869993	0.534584753118728	106
0.05107996609405	0.996912285405691	106
0.0804290304234601	1.49521946960787	106
0.0280964880574699	0.742148154121523	183
-0.0186073848669901	2.17697547108873	174
0.10405222190013	2.01865972836773	174
-0.0207709615200899	2.18349403155591	174
0.0861493530223401	1.48485169370142	50
-0.00132165716120003	1.67185794575235	50
0.03414053167988	0.73839524602128	50
0.02858299067685	0.742268681612624	115
0.05781983031748	0.989197548144462	115
-0.00262356578869993	0.534584753118728	115
0.0313388787394899	0.740037005484058	115
-0.00142880975047999	0.534054734577795	115
-0.00142880975047999	0.534054734577795	691
0.00366600389301008	0.531774933095134	691
0.00511363652644992	0.53094883647402	323
0.00319156543243992	0.531963842405938	323
0.00294183147764993	0.532032217355669	127
0.03647041824491	0.736086036474592	181
-0.00262356578869993	0.534584753118728	181
0.00438993885030992	0.531433597211914	4
0.00246828561007995	0.532305096548695	65
-0.00335347787300999	0.534889336029958	65
0.00294183147764993	0.532032217355669	183
-0.0317527588722799	1.45569054983186	50
0.04887884777412	1.00049518335591	50
0.00243017604661011	0.532388959419506	95
0.02911390535499	0.741809353787203	50
-0.0825169262990899	1.20039151217704	50
0.0280964880574699	0.742148154121523	287
0.05196571989041	0.996267358383412	115
0.0563880692096701	0.99005711596152	115
0.0331240577334599	0.739029403250235	115
0.00294183147764993	0.532032217355669	149
-0.00262356578869993	0.534584753118728	888
0.00366600389301008	0.531774933095134	147
-0.00848113268972006	0.537019591842101	127
0.00246828561007995	0.532305096548695	106
-0.0288142188496801	1.45493938223022	183
0.08375464137125	1.70032336620691	183
0.03073504640225	0.740466286977461	183
-0.0699294118378899	2.07664054562931	50
0.00752013483377989	0.53011506511111	95
0.00246828561007995	0.532305096548695	50
0.00246828561007995	0.532305096548695	115
0.00246828561007995	0.532305096548695	888
0.00366600389301008	0.531774933095134	323
0.00319156543243992	0.531963842405938	323
0.07926182160096	1.89981923186025	55
0.00246828561007995	0.532305096548695	106
-0.00142880975047999	0.534054734577795	183
0.0528505831463499	0.995365511826666	50
0.03414053167988	0.73839524602128	115
0.0297189832399001	0.74144128695738	115
0.0531778312920601	0.993680034498627	1
0.00221742142717996	0.532153748454207	59
0.00319156543243992	0.531963842405938	59
0.00438993885030992	0.531433597211914	323
0.00294183147764993	0.532032217355669	59
0.00294183147764993	0.532032217355669	384
0.0331240577334599	0.739029403250235	106
0.0372710880106999	1.0111621867075	174
-0.0758040611886099	1.19087347958606	50
0.00438993885030992	0.531433597211914	50
0.0462559759769701	1.00095580133834	50
0.07444482604466	1.25673930594217	50
-0.00262356578869993	0.534584753118728	95
0.0549637849566	0.991989432668754	50
0.00438993885030992	0.531433597211914	115
0.0313388787394899	0.740037005484058	115
0.0474575637330601	1.00143133266914	115
0.03199639655239	0.738564513084407	115
0.0444913788299499	0.730698170039734	118
0.00319156543243992	0.531963842405938	84
-0.00335347787300999	0.534889336029958	41
0.00438993885030992	0.531433597211914	384
0.00897312424460006	0.529288422761213	3
0.0279026162214799	0.742256971530913	3
0.00294183147764993	0.532032217355669	3
-0.00262356578869993	0.534584753118728	730
0.00511363652644992	0.53094883647402	106
-0.0706243715184101	2.33191148325731	183
0.0915992092387601	1.87392921151809	174
-0.00215938518201009	0.53435945377886	174
0.0535382538054301	0.993373734563121	174
0.00246828561007995	0.532305096548695	174
-0.0318976298340401	1.45909602304208	50
0.00295946359043997	1.66322201522703	50
0.0554972034814101	0.99113481294154	50
0.0297189832399001	0.74144128695738	50
0.00246828561007995	0.532305096548695	200
0.00243017604661011	0.532388959419506	59
-0.00262356578869993	0.534584753118728	41
0.00606618783247992	0.53049613470456	41
-0.00335347787300999	0.534889336029958	725
-0.02954491707686	1.45525222665161	183
-0.0835031363571	1.20073289986014	174
0.0583542915300399	0.989219461261194	50
0.0695550221752299	1.26231182559713	50
0.00169688815515001	0.532694389774889	50
0.0666459014006799	1.26777401128653	50
0.0297189832399001	0.74144128695738	115
0.03032368376837	0.741011018316937	115
0.00319156543243992	0.531963842405938	166
0.00221742142717996	0.532153748454207	384
-0.00215938518201009	0.53435945377886	384
-0.00262356578869993	0.534584753118728	384
0.00679328112155009	0.530373211909872	106
0.0346936423601401	1.01478940684638	730
0.0017447688585801	0.532562193916483	55
-0.08209630742905	1.1999018243829	106
-0.0288142188496801	1.45493938223022	174
0.00294183147764993	0.532032217355669	129
0.00246828561007995	0.532305096548695	50
-0.00215938518201009	0.53435945377886	402
0.00366600389301008	0.531774933095134	59
-0.00408363202708006	0.535041876234331	59
0.00102101500145002	0.532683365671509	725
-0.12091594502065	2.22420760032894	106
-0.0866699389924199	1.20596972159652	106
0.00752013483377989	0.53011506511111	106
0.00246828561007995	0.532305096548695	106
0.05633985919833	1.28244239759498	50
0.0706662834246701	1.26088798666111	50
0.00221742142717996	0.532153748454207	95
0.0559427479103001	0.990628864914917	287
0.0472384061206099	1.00059916929174	115
0.00246828561007995	0.532305096548695	540
-0.00289020322422995	0.534512321528133	1
-0.00142880975047999	0.534054734577795	84
0.00438993885030992	0.531433597211914	725
-0.11433879393728	2.2089553227989	183
-0.00335347787300999	0.534889336029958	174
0.03382413632389	0.737799364206718	174
0.00391460850192993	0.531478987360942	95
0.0342361217630101	0.737803608644795	50
-0.0816425836525201	1.20098132961424	115
0.08474272497512	1.48857585580372	95
0.0485742759071901	0.999525585409184	115
0.00438993885030992	0.531433597211914	512
0.00246828561007995	0.532305096548695	1
0.00319156543243992	0.531963842405938	84
0.00752013483377989	0.53011506511111	59
-0.00262356578869993	0.534584753118728	59
0.0017447688585801	0.532562193916483	648
-0.00335347787300999	0.534889336029958	3
0.0824875095553199	1.49046672951476	106
0.0680251608000499	1.26740880279978	106
0.0521966275699499	0.9945594153429	50
0.0651277753011901	1.26990721756746	50
0.0331240577334599	0.739029403250235	115
0.00246828561007995	0.532305096548695	6
0.00824674914842993	0.529773188260123	166
-0.00848113268972006	0.537019591842101	59
-0.00215938518201009	0.53435945377886	59
0.00319156543243992	0.531963842405938	41
0.00246828561007995	0.532305096548695	147
0.00246828561007995	0.532305096548695	3
0.00319156543243992	0.531963842405938	162
-0.08209630742905	1.1999018243829	106
0.0233767916129299	0.745765973907936	106
0.00246828561007995	0.532305096548695	95
0.0354517588405201	0.737058651118592	115
0.03382413632389	0.737799364206718	115
0.00243017604661011	0.532388959419506	115
0.00679328112155009	0.530373211909872	200
0.00366600389301008	0.531774933095134	1
0.00246828561007995	0.532305096548695	59
0.00319156543243992	0.531963842405938	106
-0.0725898363294499	1.18835738260398	55
-0.0287367006427699	1.45226285928036	106
0.0491106074735499	0.999066624675767	174
0.0427402619840001	1.00581004614872	174
0.00366600389301008	0.531774933095134	174
-0.0868202816072401	1.20616139506103	50
0.02821668255563	2.04147732588601	50
0.05383007244065	0.994883375620606	50
0.00679328112155009	0.530373211909872	95
0.00246828561007995	0.532305096548695	86
-0.08518933252634	1.20190598105476	86
0.0431835947675201	1.00549858454715	50
-0.00335347787300999	0.534889336029958	425
-0.00408363202708006	0.535041876234331	59
-0.00921776759309001	0.53721941864807	888
-0.00335347787300999	0.534889336029958	59
0.00391460850192993	0.531478987360942	59
0.00319156543243992	0.531963842405938	323
-0.00142880975047999	0.534054734577795	41
0.00294183147764993	0.532032217355669	384
-0.02983287358163	1.45640982102319	106
0.0017447688585801	0.532562193916483	106
0.0491106074735499	0.999066624675767	106
-0.03012646079008	1.45454414081116	50
-0.00215938518201009	0.53435945377886	95
0.03825151948442	0.735027413479489	115
-0.00215938518201009	0.53435945377886	115
0.0739152813012001	1.50630884451861	115
0.00391460850192993	0.531478987360942	512
0.00294183147764993	0.532032217355669	30
-0.00262356578869993	0.534584753118728	59
0.00246828561007995	0.532305096548695	888
0.00294183147764993	0.532032217355669	59
0.00366600389301008	0.531774933095134	59
-0.00142880975047999	0.534054734577795	693
0.00246828561007995	0.532305096548695	323
-0.0787394689191401	1.19624673344309	106
0.00221742142717996	0.532153748454207	55
-0.0309576528425799	2.2070390532039	183
-0.0867808673023001	1.86851191490475	50
0.00246828561007995	0.532305096548695	743
0.00102101500145002	0.532683365671509	147
0.00246828561007995	0.532305096548695	3
0.0986137053649201	1.67201521035354	55
-0.00142880975047999	0.534054734577795	55
-0.0479867055304299	2.03005716762163	55
0.00366600389301008	0.531774933095134	50
0.08119150062513	1.49382591406975	50
0.03382413632389	0.737799364206718	743
0.0342361217630101	0.737803608644795	95
0.00102101500145002	0.532683365671509	30
0.03647041824491	0.736086036474592	59
0.00294183147764993	0.532032217355669	59
0.00366600389301008	0.531774933095134	59
0.00316321952767007	0.53192588850646	59
0.00511363652644992	0.53094883647402	384
0.00246828561007995	0.532305096548695	55
0.09887317987218	1.85891564321768	55
0.0347415204314101	0.738030619991319	55
0.05633429514544	0.991972702090636	55
-0.00335347787300999	0.534889336029958	183
0.053485819064	0.994921098367185	95
0.00246828561007995	0.532305096548695	50
-0.00408363202708006	0.535041876234331	115
-0.00142880975047999	0.534054734577795	115
0.00438993885030992	0.531433597211914	59
0.0565774520832401	0.99066357955872	59
0.03382413632389	0.737799364206718	59
0.00679328112155009	0.530373211909872	59
-0.00189389559207998	0.534121741351592	59
-0.00262356578869993	0.534584753118728	59
0.0331240577334599	0.739029403250235	41
0.00824674914842993	0.529773188260123	41
-0.00189389559207998	0.534121741351592	41
0.00169688815515001	0.532694389774889	127
-0.00335347787300999	0.534889336029958	384
0.00294183147764993	0.532032217355669	3
-0.0763255860119001	1.84832223910787	106
-0.00262356578869993	0.534584753118728	183
0.0234276220721601	0.745704007001888	183
0.0245813550735401	0.745048164284577	50
-0.00408363202708006	0.535041876234331	723
0.0241708536610901	0.74490389431856	723
-0.00142880975047999	0.534054734577795	95
0.0297189832399001	0.74144128695738	6
0.00366600389301008	0.531774933095134	200
0.0564863701142899	0.990542427271534	200
0.0332152691229599	0.738145623224673	200
-0.00262356578869993	0.534584753118728	59
0.00246828561007995	0.532305096548695	59
0.0017447688585801	0.532562193916483	59
-0.00335347787300999	0.534889336029958	41
0.0017447688585801	0.532562193916483	127
-0.0868202816072401	1.20616139506103	86
-0.00513741387465005	1.67842919810458	115
-0.0326077729976799	1.46075997328218	115
0.0354517588405201	0.737058651118592	115
0.0354517588405201	0.737058651118592	6
0.00246828561007995	0.532305096548695	6
0.02356826086701	0.745383324956546	402
0.0706662834246701	1.26088798666111	59
0.00243017604661011	0.532388959419506	442
0.0325218205526401	0.739324025366201	442
-0.0815303627858499	1.19937634441635	59
0.02911390535499	0.741809353787203	41
0.03032368376837	0.741011018316937	41
0.04362670432585	1.00511146774742	59
0.035040734189	0.736946074777505	384
0.00246828561007995	0.532305096548695	162
0.0525042938961999	0.996140943971427	55
-0.11603377105181	2.2138471131656	55
0.0574663175294701	0.990058806612059	50
0.0569310797832501	0.990149429197402	50
0.0482210326305299	0.999715864518326	95
0.03605901003645	0.736605692124347	723
-0.000698476746989973	0.53359178068112	874
0.0574663175294701	0.990058806612059	86
0.0348441295244399	0.737457902476713	743
0.0354517588405201	0.737058651118592	115
0.0354517588405201	0.737058651118592	95
0.0342361217630101	0.737803608644795	115
0.00102101500145002	0.532683365671509	115
0.00366600389301008	0.531774933095134	166
0.00366600389301008	0.531774933095134	30
0.00294183147764993	0.532032217355669	402
-0.00142880975047999	0.534054734577795	200
-0.00142880975047999	0.534054734577795	59
0.00294183147764993	0.532032217355669	306
-0.00189389559207998	0.534121741351592	41
0.00221742142717996	0.532153748454207	41
0.00246828561007995	0.532305096548695	127
0.0481292096019901	0.999948591765882	106
0.0527307833759101	0.993951970237742	55
0.05933320082394	0.98800851217997	55
0.0017447688585801	0.532562193916483	174
0.04470747798876	1.00354531778638	50
0.03382413632389	0.737799364206718	50
0.0406685596285301	0.733322146891193	50
0.0394607920099199	0.73428791747872	50
0.0347415204314101	0.738030619991319	95
0.0280964880574699	0.742148154121523	95
-0.00289020322422995	0.534512321528133	95
0.00294183147764993	0.532032217355669	115
-0.00335347787300999	0.534889336029958	95
0.00511363652644992	0.53094883647402	95
0.00824674914842993	0.529773188260123	402
0.00511363652644992	0.53094883647402	59
-0.02609902874423	1.45005213688507	55
-0.000698476746989973	0.53359178068112	106
-0.00215938518201009	0.53435945377886	174
0.00391460850192993	0.531478987360942	50
0.00366600389301008	0.531774933095134	50
0.00319156543243992	0.531963842405938	50
0.00319156543243992	0.531963842405938	95
0.00102101500145002	0.532683365671509	115
-0.00262356578869993	0.534584753118728	115
0.00316321952767007	0.53192588850646	115
-0.0908598900770501	1.21220831169887	106
0.00366600389301008	0.531774933095134	106
0.00366600389301008	0.531774933095134	55
-0.00215938518201009	0.53435945377886	55
0.02899712070884	0.742031605098525	55
0.00366600389301008	0.531774933095134	55
0.00438993885030992	0.531433597211914	55
-0.00142880975047999	0.534054734577795	55
-0.00142880975047999	0.534054734577795	174
0.0017447688585801	0.532562193916483	55
-0.00262356578869993	0.534584753118728	50
-0.00215938518201009	0.53435945377886	50
0.00752013483377989	0.53011506511111	50
0.0297189832399001	0.74144128695738	95
0.0529464424100199	0.995784069644317	95
0.00246828561007995	0.532305096548695	95
0.00246828561007995	0.532305096548695	86
0.00102101500145002	0.532683365671509	743
0.0017447688585801	0.532562193916483	115
0.00366600389301008	0.531774933095134	115
0.00294183147764993	0.532032217355669	95
0.05166366079118	0.994577550239534	106
-0.04757634926346	2.02937492107143	55
0.0348441295244399	0.737457902476713	55
0.0701790969035601	1.26377524968424	55
-0.00262356578869993	0.534584753118728	183
0.00246828561007995	0.532305096548695	55
0.0017447688585801	0.532562193916483	55
0.0347415204314101	0.738030619991319	95
0.0486659317806399	0.999426352901855	95
0.00294183147764993	0.532032217355669	115
0.0313388787394899	0.740037005484058	115
0.00294183147764993	0.532032217355669	115
0.00824674914842993	0.529773188260123	402
0.00366600389301008	0.531774933095134	766
0.00246828561007995	0.532305096548695	59
0.00366600389301008	0.531774933095134	59
-0.00215938518201009	0.53435945377886	41
0.00319156543243992	0.531963842405938	127
-0.0886482585150099	1.20733120387633	106
-0.08232100348186	1.20115852541679	55
-0.0771848916640701	1.19470927673185	50
0.0831945796779401	1.48896813113154	95
0.0535382538054301	0.993373734563121	86
-0.00335347787300999	0.534889336029958	95
0.0297189832399001	0.74144128695738	115
-0.00189389559207998	0.534121741351592	200
0.00246828561007995	0.532305096548695	694
-0.000698476746989973	0.53359178068112	59
0.00391460850192993	0.531478987360942	306
0.000963355668319954	0.532848557178048	41
-0.00142880975047999	0.534054734577795	3
-0.0110400889576801	1.6879019257792	55
0.0342361217630101	0.737803608644795	55
-0.07676701758319	1.19429405067109	55
0.0354517588405201	0.737058651118592	55
0.0017447688585801	0.532562193916483	106
-0.00335347787300999	0.534889336029958	55
0.03073504640225	0.740466286977461	55
0.00246828561007995	0.532305096548695	183
0.00294183147764993	0.532032217355669	50
0.00438993885030992	0.531433597211914	50
-0.00408363202708006	0.535041876234331	50
0.00319156543243992	0.531963842405938	95
0.0332152691229599	0.738145623224673	95
0.00319156543243992	0.531963842405938	115
0.0017447688585801	0.532562193916483	115
0.00246828561007995	0.532305096548695	95
-0.00142880975047999	0.534054734577795	95
-0.00262356578869993	0.534584753118728	115
0.00319156543243992	0.531963842405938	115
0.0017447688585801	0.532562193916483	59
-0.000698476746989973	0.53359178068112	106
0.03825151948442	0.735027413479489	106
0.0726400573717101	1.26028542685675	55
0.0481292096019901	0.999948591765882	55
-0.0829377303627199	1.20081090618897	183
-0.0746885307154499	1.19026765144176	55
0.0347415204314101	0.738030619991319	55
-0.0855151029858701	1.20571078809761	55
0.02397926162987	0.745446937601401	50
0.03605901003645	0.736605692124347	50
0.0530912690249701	0.993824520513092	50
0.0337259191397701	0.73866407925936	86
0.00246828561007995	0.532305096548695	86
0.0491106074735499	0.999066624675767	86
0.04559144011912	1.00284978065349	95
0.0388563440215799	0.734684321976156	95
0.0491106074735499	0.999066624675767	115
0.00511363652644992	0.53094883647402	115
0.00294183147764993	0.532032217355669	95
0.0017447688585801	0.532562193916483	95
0.00294183147764993	0.532032217355669	115
-0.00335347787300999	0.534889336029958	384
0.03465878332484	2.02695937711617	55
0.0583542915300399	0.989219461261194	50
0.03605901003645	0.736605692124347	50
0.0824416213058099	1.49244225216772	50
0.0309280072634499	0.740509202720264	95
0.02296529130888	0.745782655478961	95
0.02397926162987	0.745446937601401	6
0.00391460850192993	0.531478987360942	166
-0.00189389559207998	0.534121741351592	166
0.00319156543243992	0.531963842405938	166
-0.000698476746989973	0.53359178068112	823
0.00319156543243992	0.531963842405938	59
0.00438993885030992	0.531433597211914	147
0.0280964880574699	0.742148154121523	106
0.0354517588405201	0.737058651118592	55
-0.07906465626911	1.85423620402137	50
0.0871398465125399	1.48318710102338	50
0.0297189832399001	0.74144128695738	50
-0.0759462670189499	1.1914010057903	95
0.00319156543243992	0.531963842405938	95
0.0579104158918999	0.989666385167294	115
0.00221742142717996	0.532153748454207	115
0.00366600389301008	0.531774933095134	200
0.00824674914842993	0.529773188260123	200
0.00246828561007995	0.532305096548695	59
0.00294183147764993	0.532032217355669	59
0.00438993885030992	0.531433597211914	33
0.00438993885030992	0.531433597211914	306
-0.00335347787300999	0.534889336029958	59
0.00391460850192993	0.531478987360942	41
0.0222357103072399	0.746494992154999	106
0.00438993885030992	0.531433597211914	106
0.0885297955520901	1.69129498892176	55
0.06640223141211	1.26869074406987	106
-0.000698476746989973	0.53359178068112	55
0.00438993885030992	0.531433597211914	183
-0.0374146506111399	1.46755246825655	50
0.0531778312920601	0.993680034498627	50
-0.08331063787851	1.20261502284202	50
-0.00335347787300999	0.534889336029958	95
-0.12429745227819	1.65115326937838	115
0.0332152691229599	0.738145623224673	59
-0.00289020322422995	0.534512321528133	519
0.00246828561007995	0.532305096548695	59
0.00221742142717996	0.532153748454207	127
0.00221742142717996	0.532153748454207	3
0.00752013483377989	0.53011506511111	106
0.0528505831463499	0.995365511826666	106
0.0491106074735499	0.999066624675767	55
-0.00262356578869993	0.534584753118728	55
0.0354517588405201	0.737058651118592	55
-0.0359921526395699	1.46432893644749	50
0.0335391676632899	0.738689230719259	50
0.01842168041068	0.748817153272625	95
0.03032368376837	0.741011018316937	115
0.00391460850192993	0.531478987360942	115
0.00366600389301008	0.531774933095134	95
0.00319156543243992	0.531963842405938	200
-0.00335347787300999	0.534889336029958	59
0.00319156543243992	0.531963842405938	33
0.0017447688585801	0.532562193916483	127
0.00209529569564992	1.66403579529899	55
0.05196571989041	0.996267358383412	95
-0.0397714420748001	1.47086905958403	115
0.00752013483377989	0.53011506511111	115
0.00366600389301008	0.531774933095134	115
0.00366600389301008	0.531774933095134	59
-0.00848113268972006	0.537019591842101	59
0.00752013483377989	0.53011506511111	442
0.00316321952767007	0.53192588850646	59
0.00366600389301008	0.531774933095134	384
0.00294183147764993	0.532032217355669	3
0.00366600389301008	0.531774933095134	648
-0.00262356578869993	0.534584753118728	324
0.0484391315800301	1.00094874460807	106
0.0565774520832401	0.99066357955872	55
-0.06670340695232	2.06995862151598	55
0.0830964904237701	1.49030054058394	55
-0.07636742430816	1.19198656006665	55
-0.0829377303627199	1.20081090618897	50
0.00221742142717996	0.532153748454207	95
-0.08209630742905	1.1999018243829	115
0.0595000260481899	1.27890274752162	115
-0.00189389559207998	0.534121741351592	442
-0.00142880975047999	0.534054734577795	44
0.00366600389301008	0.531774933095134	384
0.00824674914842993	0.529773188260123	384
0.00246828561007995	0.532305096548695	106
0.0343274050920901	0.73823682262087	55
0.0309280072634499	0.740509202720264	55
-0.00142880975047999	0.534054734577795	55
0.0309280072634499	0.740509202720264	55
0.0482210326305299	0.999715864518326	55
0.0017447688585801	0.532562193916483	55
0.00319156543243992	0.531963842405938	95
0.00319156543243992	0.531963842405938	115
0.06826231370063	1.26478076554611	95
0.03382413632389	0.737799364206718	115
0.00294183147764993	0.532032217355669	33
0.00752013483377989	0.53011506511111	442
-0.00335347787300999	0.534889336029958	169
0.00294183147764993	0.532032217355669	324
0.0352565014716599	0.736829271920345	106
0.03768814113616	1.01190060256548	55
0.0347415204314101	0.738030619991319	55
0.0529464424100199	0.995784069644317	86
0.0393490111949899	0.734642723574573	115
-0.06825538997252	1.18316837065075	115
0.00366600389301008	0.531774933095134	166
-0.00262356578869993	0.534584753118728	33
0.00246828561007995	0.532305096548695	33
0.0017447688585801	0.532562193916483	59
0.0017447688585801	0.532562193916483	384
-0.00335347787300999	0.534889336029958	384
-0.00848113268972006	0.537019591842101	9
-0.12062690797238	2.22402825959395	50
0.03605901003645	0.736605692124347	115
0.05933320082394	0.98800851217997	115
0.00294183147764993	0.532032217355669	115
-0.00408363202708006	0.535041876234331	115
0.00679328112155009	0.530373211909872	299
0.00438993885030992	0.531433597211914	115
0.0348441295244399	0.737457902476713	59
0.00366600389301008	0.531774933095134	33
0.03032368376837	0.741011018316937	519
0.00438993885030992	0.531433597211914	44
0.00438993885030992	0.531433597211914	9
0.00438993885030992	0.531433597211914	55
-0.00142880975047999	0.534054734577795	95
-0.12195173484962	1.64558147277489	95
-0.0786172874648801	1.19435859675051	95
-0.08180360964213	1.19875679163151	95
0.00511363652644992	0.53094883647402	115
0.00246828561007995	0.532305096548695	147
0.00752013483377989	0.53011506511111	384
0.00391460850192993	0.531478987360942	9
0.0491106074735499	0.999066624675767	55
0.02397926162987	0.745446937601401	55
0.0489815693797	1.00010734019394	95
-0.0728440999864299	1.8410944791355	95
-0.0394147482132701	1.47040202982303	115
-0.00408363202708006	0.535041876234331	115
0.00511363652644992	0.53094883647402	200
0.0017447688585801	0.532562193916483	200
0.00438993885030992	0.531433597211914	59
0.0017447688585801	0.532562193916483	147
0.0017447688585801	0.532562193916483	55
0.02930800140753	0.741348714485643	183
0.0840904026360601	1.48941322429777	50
-0.00408363202708006	0.535041876234331	50
-0.00215938518201009	0.53435945377886	95
0.03032368376837	0.741011018316937	53
0.00438993885030992	0.531433597211914	115
0.0560414373276299	0.990878404699943	115
0.00169688815515001	0.532694389774889	115
0.00752013483377989	0.53011506511111	147
-0.00848113268972006	0.537019591842101	55
0.05142304466467	0.996236986982603	55
0.0368859653976601	2.02198020954446	55
0.03605901003645	0.736605692124347	55
0.00391460850192993	0.531478987360942	53
0.00246828561007995	0.532305096548695	53
0.0335391676632899	0.738689230719259	53
0.0352565014716599	0.736829271920345	95
0.00169688815515001	0.532694389774889	200
0.00366600389301008	0.531774933095134	200
0.05451763196394	0.992496519663589	1
0.02870243366597	0.741779531267693	59
-0.00215938518201009	0.53435945377886	169
-0.00262356578869993	0.534584753118728	9
-0.00262356578869993	0.534584753118728	106
0.00438993885030992	0.531433597211914	55
0.0354517588405201	0.737058651118592	55
-0.0475702027819001	2.02894511806118	50
0.1020767100639	1.85014198123383	95
-0.00142880975047999	0.534054734577795	115
0.0348441295244399	0.737457902476713	115
0.0354517588405201	0.737058651118592	115
0.00246828561007995	0.532305096548695	166
0.00752013483377989	0.53011506511111	453
0.00366600389301008	0.531774933095134	453
0.00246828561007995	0.532305096548695	200
-0.00335347787300999	0.534889336029958	1
0.00294183147764993	0.532032217355669	9
0.00438993885030992	0.531433597211914	55
-0.0731535850387199	1.18827827818598	53
-0.00408363202708006	0.535041876234331	53
0.00246828561007995	0.532305096548695	443
0.0394607920099199	0.73428791747872	1
0.00294183147764993	0.532032217355669	442
0.00679328112155009	0.530373211909872	59
-0.00142880975047999	0.534054734577795	7
0.00246828561007995	0.532305096548695	9
0.00438993885030992	0.531433597211914	9
0.00294183147764993	0.532032217355669	3
-0.00335347787300999	0.534889336029958	106
0.02870243366597	0.741779531267693	272
0.0845107636515401	1.69960613182063	55
0.0872869479691101	1.48400258367362	55
0.0896987848493101	1.47938864734465	55
0.0337259191397701	0.73866407925936	55
0.0017447688585801	0.532562193916483	50
-0.00262356578869993	0.534584753118728	50
-0.04577347232149	2.02591071223881	53
0.00391460850192993	0.531478987360942	115
0.0911933420734099	1.6859027916405	95
-0.0301882487832099	1.45691332796021	115
0.05053603753539	0.997274045373009	115
0.00294183147764993	0.532032217355669	166
0.00294183147764993	0.532032217355669	1
0.00366600389301008	0.531774933095134	59
0.00319156543243992	0.531963842405938	59
0.00246828561007995	0.532305096548695	44
0.00366600389301008	0.531774933095134	7
0.00246828561007995	0.532305096548695	7
0.0348441295244399	0.737457902476713	9
0.0410822349536399	0.733205072648082	183
-0.0766445899272901	1.84742659599567	183
0.035040734189	0.736946074777505	50
0.05107996609405	0.996912285405691	95
0.02952625086615	0.741129836625912	115
-0.0814875563258901	1.20050779376457	115
0.00246828561007995	0.532305096548695	443
0.02356826086701	0.745383324956546	59
0.00438993885030992	0.531433597211914	59
0.00824674914842993	0.529773188260123	106
0.00897312424460006	0.529288422761213	272
-0.000698476746989973	0.53359178068112	95
0.0157950929183199	1.86492304355208	95
0.0017447688585801	0.532562193916483	115
-0.00189389559207998	0.534121741351592	115
-0.00215938518201009	0.53435945377886	166
0.0370768100507199	0.735634103186099	166
0.00897312424460006	0.529288422761213	166
0.0617723189903201	1.27487378587794	59
-0.00848113268972006	0.537019591842101	33
0.04047902648651	0.733654187413585	147
0.00294183147764993	0.532032217355669	7
0.02952625086615	0.741129836625912	3
0.00438993885030992	0.531433597211914	3
-0.00408363202708006	0.535041876234331	3
-0.00142880975047999	0.534054734577795	106
-0.0388455446042899	2.01066260185534	55
-0.0870912392479499	1.86917855945795	106
0.0583542915300399	0.989219461261194	55
-0.05079517980965	2.0371141594244	55
-0.07855276076509	1.19687145643531	95
0.03605901003645	0.736605692124347	50
0.0430881341386	1.00500729528196	53
0.04362670432585	1.00511146774742	95
0.0347415204314101	0.738030619991319	95
0.00438993885030992	0.531433597211914	95
0.00679328112155009	0.530373211909872	72
0.0017447688585801	0.532562193916483	59
-0.00335347787300999	0.534889336029958	59
0.00391460850192993	0.531478987360942	1
0.035040734189	0.736946074777505	59
0.00221742142717996	0.532153748454207	59
0.00246828561007995	0.532305096548695	59
0.00246828561007995	0.532305096548695	44
0.00246828561007995	0.532305096548695	9
0.04037805032829	2.01351166339868	55
-0.07636742430816	1.19198656006665	55
0.05053603753539	0.997274045373009	95
-0.07721029400492	1.19295758109662	50
0.02930800140753	0.741348714485643	50
0.00391460850192993	0.531478987360942	95
0.0791978746769699	1.49744460850161	53
0.04127187990197	0.732661948301828	95
0.00246828561007995	0.532305096548695	95
0.0344326245705799	0.737399568931953	115
0.02870243366597	0.741779531267693	95
0.00391460850192993	0.531478987360942	115
0.00294183147764993	0.532032217355669	95
0.0297189832399001	0.74144128695738	72
0.00294183147764993	0.532032217355669	443
0.00366600389301008	0.531774933095134	443
-0.00802734580893993	0.536690312605626	442
0.00246828561007995	0.532305096548695	442
0.00319156543243992	0.531963842405938	59
0.00294183147764993	0.532032217355669	44
0.0737844407649999	1.50647413336345	55
0.0410004450977399	1.0080522234129	55
0.06955199442921	1.26390425832327	55
-0.07791277743133	1.1927500469406	95
-0.0868202816072401	1.20616139506103	95
0.0400184785470501	1.00893678961937	53
0.0526440603259899	0.994220592637895	95
-0.07676701758319	1.19429405067109	810
0.0358636488266999	0.736484372081891	1
0.00438993885030992	0.531433597211914	33
0.02296529130888	0.745782655478961	59
0.00366600389301008	0.531774933095134	59
-0.00335347787300999	0.534889336029958	127
0.00511363652644992	0.53094883647402	127
0.00246828561007995	0.532305096548695	9
0.00366600389301008	0.531774933095134	9
-0.00577451033577003	1.67961118319668	55
-0.00335347787300999	0.534889336029958	50
0.00897312424460006	0.529288422761213	95
0.0474575637330601	1.00143133266914	810
0.00294183147764993	0.532032217355669	72
-0.00215938518201009	0.53435945377886	1
-0.00335347787300999	0.534889336029958	59
-0.00262356578869993	0.534584753118728	127
0.00294183147764993	0.532032217355669	9
-0.00289020322422995	0.534512321528133	272
-0.02847962039388	1.45374444811938	55
0.03382413632389	0.737799364206718	53
-0.00262356578869993	0.534584753118728	115
0.00319156543243992	0.531963842405938	115
0.0358636488266999	0.736484372081891	115
0.00438993885030992	0.531433597211914	95
0.00366600389301008	0.531774933095134	115
0.00294183147764993	0.532032217355669	33
0.00897312424460006	0.529288422761213	59
0.00319156543243992	0.531963842405938	44
0.00294183147764993	0.532032217355669	44
-0.00335347787300999	0.534889336029958	147
0.00366600389301008	0.531774933095134	9
0.04901911877248	0.999040070856556	55
0.00824674914842993	0.529773188260123	53
0.03078988591242	0.74053288488435	53
0.00246828561007995	0.532305096548695	95
0.03605901003645	0.736605692124347	72
0.0301926711334699	0.741161633974911	1
-0.0812556248523499	1.19869101365692	1
0.00752013483377989	0.53011506511111	1
0.00438993885030992	0.531433597211914	44
0.0299131916059701	0.740846365603413	106
0.00246828561007995	0.532305096548695	106
0.00221742142717996	0.532153748454207	55
0.0474267031189499	2.18123299210755	55
-0.0941577766027	2.39045168653611	50
0.0711686225327599	1.26245210860943	50
0.02556757169765	1.84627591870484	95
0.00511363652644992	0.53094883647402	95
0.00366600389301008	0.531774933095134	1
0.0352565014716599	0.736829271920345	1
0.00246828561007995	0.532305096548695	33
0.00511363652644992	0.53094883647402	33
0.00319156543243992	0.531963842405938	1
0.02378917276599	0.74495488240027	59
0.00438993885030992	0.531433597211914	44
0.00366600389301008	0.531774933095134	9
-0.00408363202708006	0.535041876234331	9
-0.00289020322422995	0.534512321528133	272
0.0524082627676099	0.995847565409165	115
0.03647041824491	0.736086036474592	810
-0.00408363202708006	0.535041876234331	1
0.00752013483377989	0.53011506511111	59
-0.00262356578869993	0.534584753118728	9
0.00438993885030992	0.531433597211914	9
0.0017447688585801	0.532562193916483	9
-0.00142880975047999	0.534054734577795	140
0.00897312424460006	0.529288422761213	9
0.0481292096019901	0.999948591765882	183
0.05654330728907	1.2816192743557	50
0.0504432951846801	0.997604965835895	50
0.00438993885030992	0.531433597211914	115
0.00366600389301008	0.531774933095134	95
0.00824674914842993	0.529773188260123	443
0.00243017604661011	0.532388959419506	443
0.00246828561007995	0.532305096548695	1
0.00679328112155009	0.530373211909872	33
0.00246828561007995	0.532305096548695	59
0.00438993885030992	0.531433597211914	9
-0.00774474493264998	0.536593235425421	106
0.0347415204314101	0.738030619991319	55
0.02296529130888	0.745782655478961	183
0.08019903023993	1.4952082647812	50
-0.0267442003310201	1.4515038046122	95
-0.0342815268805501	1.46216764342642	95
0.02397926162987	0.745446937601401	95
-0.00408363202708006	0.535041876234331	115
-0.00335347787300999	0.534889336029958	115
0.00169688815515001	0.532694389774889	115
0.00752013483377989	0.53011506511111	72
0.00294183147764993	0.532032217355669	33
0.00246828561007995	0.532305096548695	1
0.00752013483377989	0.53011506511111	127
0.00294183147764993	0.532032217355669	9
0.00752013483377989	0.53011506511111	9
-0.08154828235449	1.857560558505	183
0.00227326443505005	1.66534643010699	95
0.0484391315800301	1.00094874460807	50
-0.0260358485711101	1.4493377012198	115
0.00366600389301008	0.531774933095134	115
0.00391460850192993	0.531478987360942	72
-0.000698476746989973	0.53359178068112	72
0.00366600389301008	0.531774933095134	443
-0.00335347787300999	0.534889336029958	443
0.00319156543243992	0.531963842405938	33
0.00391460850192993	0.531478987360942	44
0.00221742142717996	0.532153748454207	9
0.0017447688585801	0.532562193916483	9
0.02911390535499	0.741809353787203	55
0.0775395468961899	1.49914768225455	55
0.0864763455869699	1.48416615120304	50
-0.00609319560568	1.68008435466603	53
0.0241708536610901	0.74490389431856	95
0.08573707261464	1.48708678426966	115
0.00316321952767007	0.53192588850646	95
-0.0905313947337301	1.21114085615952	115
-0.00774474493264998	0.536593235425421	115
0.00679328112155009	0.530373211909872	115
-0.00655298027038009	0.53606385526815	95
-0.00335347787300999	0.534889336029958	443
0.00679328112155009	0.530373211909872	443
0.00294183147764993	0.532032217355669	33
0.00438993885030992	0.531433597211914	33
0.0343274050920901	0.73823682262087	1
0.0410822349536399	0.733205072648082	44
0.0017447688585801	0.532562193916483	44
-0.00802734580893993	0.536690312605626	105
-0.00189389559207998	0.534121741351592	55
0.0280964880574699	0.742148154121523	55
0.0941297361370199	1.86845103054882	55
0.00102101500145002	0.532683365671509	55
-0.0369878935817201	1.46487628781883	95
-0.0781717595818101	1.19615746000601	95
0.00366600389301008	0.531774933095134	115
0.0017447688585801	0.532562193916483	443
0.00752013483377989	0.53011506511111	1
0.0017447688585801	0.532562193916483	33
0.0332152691229599	0.738145623224673	59
0.00246828561007995	0.532305096548695	59
0.00246828561007995	0.532305096548695	44
0.00679328112155009	0.530373211909872	127
0.00319156543243992	0.531963842405938	9
0.00391460850192993	0.531478987360942	55
0.0342361217630101	0.737803608644795	95
-0.0787394689191401	1.19624673344309	95
-0.08377989448817	1.20141739089366	53
0.00319156543243992	0.531963842405938	369
0.00243017604661011	0.532388959419506	95
-0.00142880975047999	0.534054734577795	443
0.0245813550735401	0.745048164284577	33
-0.00215938518201009	0.53435945377886	33
0.00246828561007995	0.532305096548695	33
0.0017447688585801	0.532562193916483	33
0.0017447688585801	0.532562193916483	33
0.0352565014716599	0.736829271920345	33
0.00438993885030992	0.531433597211914	59
0.00316321952767007	0.53192588850646	59
-0.00142880975047999	0.534054734577795	9
0.00319156543243992	0.531963842405938	140
0.03382413632389	0.737799364206718	55
-0.0246504000000101	1.44597133458577	55
-0.00262356578869993	0.534584753118728	55
-0.00335347787300999	0.534889336029958	55
0.0297189832399001	0.74144128695738	183
0.0319192072763801	0.739472777499747	55
-0.00142880975047999	0.534054734577795	50
0.03666588343696	0.736086429582356	50
0.00366600389301008	0.531774933095134	50
0.00169688815515001	0.532694389774889	95
0.05196571989041	0.996267358383412	95
-0.00215938518201009	0.53435945377886	95
0.00319156543243992	0.531963842405938	810
-0.00921776759309001	0.53721941864807	55
0.04377939780455	2.00674841278867	55
-0.0124503848050499	0.538455276996515	55
0.09167885205314	1.6846465149015	55
0.0634320677950599	1.27411970335816	55
-0.00215938518201009	0.53435945377886	183
0.0774036145797099	1.50059446247005	50
0.0512507184067901	1.29040759813492	50
0.05166366079118	0.994577550239534	95
-0.00142880975047999	0.534054734577795	53
-0.03605758846622	1.46476628697157	810
0.00246828561007995	0.532305096548695	95
0.00319156543243992	0.531963842405938	33
0.00438993885030992	0.531433597211914	33
0.00438993885030992	0.531433597211914	33
-0.00215938518201009	0.53435945377886	698
0.00294183147764993	0.532032217355669	59
0.00366600389301008	0.531774933095134	140
-0.0026891496364001	0.534393708496841	55
0.0586313777974601	0.989905453473279	55
0.03923982458094	1.0099211064635	55
0.08374285240179	1.49035728264357	55
0.03032368376837	0.741011018316937	55
0.0539850148058001	0.9928658275338	55
0.06692295342112	1.26882842647177	95
0.05737556647188	0.989701935493716	50
0.00366600389301008	0.531774933095134	53
0.00246828561007995	0.532305096548695	95
0.00221742142717996	0.532153748454207	44
0.00824674914842993	0.529773188260123	259
0.00294183147764993	0.532032217355669	140
0.00897312424460006	0.529288422761213	55
-0.09136695556957	1.21186082540798	55
0.10795622498652	2.17295262056998	95
0.02296529130888	0.745782655478961	50
0.07017296883272	1.2615648515602	95
0.08316499352845	1.49058017126308	810
0.0332152691229599	0.738145623224673	95
0.05585542092306	0.990754069155338	72
-0.0136384494967099	0.538983877530966	443
0.00752013483377989	0.53011506511111	33
-0.00215938518201009	0.53435945377886	44
-0.00189389559207998	0.534121741351592	9
0.00752013483377989	0.53011506511111	660
0.00294183147764993	0.532032217355669	140
-0.00335347787300999	0.534889336029958	55
-0.01795282188863	2.17526390114115	55
0.0397062012226701	2.37680640906849	50
0.0399460178661899	0.734148540963808	50
0.0579104158918999	0.989666385167294	50
0.00294183147764993	0.532032217355669	95
-0.0277427932659999	1.45159977424361	53
-0.0389460283124901	2.01114487761078	369
-0.00215938518201009	0.53435945377886	267
0.00246828561007995	0.532305096548695	95
-0.00335347787300999	0.534889336029958	95
0.00319156543243992	0.531963842405938	95
0.0299131916059701	0.740846365603413	72
0.00246828561007995	0.532305096548695	698
0.0400648637716401	0.733838039041807	59
0.0017447688585801	0.532562193916483	9
0.00391460850192993	0.531478987360942	9
0.0017447688585801	0.532562193916483	233
0.00438993885030992	0.531433597211914	140
0.0017447688585801	0.532562193916483	3
0.07285846091977	1.50835152808119	55
-0.04407653194011	2.02217015772783	55
-0.0298476539689301	1.45395589439448	50
0.0348441295244399	0.737457902476713	95
0.00246828561007995	0.532305096548695	95
-0.09243181348414	1.21384018583383	53
0.02149225749282	0.713389902804756	72
0.0521966275699499	0.9945594153429	72
0.00294183147764993	0.532032217355669	443
0.00366600389301008	0.531774933095134	443
0.00366600389301008	0.531774933095134	33
0.00752013483377989	0.53011506511111	33
-0.00729003919016003	0.536490208929206	33
0.00246828561007995	0.532305096548695	33
0.0313388787394899	0.740037005484058	1
0.0354517588405201	0.737058651118592	698
-0.000698476746989973	0.53359178068112	605
0.0344326245705799	0.737399568931953	248
0.00366600389301008	0.531774933095134	3
-0.07399306967828	1.18937591043623	55
-0.00322751011253009	1.67540132142711	95
0.10172938280491	1.85157585515957	95
0.06202870423653	1.27448655799137	95
0.00391460850192993	0.531478987360942	95
0.00391460850192993	0.531478987360942	95
0.0335391676632899	0.738689230719259	443
0.0017447688585801	0.532562193916483	443
0.00438993885030992	0.531433597211914	33
0.0344326245705799	0.737399568931953	33
0.0297189832399001	0.74144128695738	33
0.0348441295244399	0.737457902476713	33
-0.00215938518201009	0.53435945377886	33
0.00294183147764993	0.532032217355669	1
0.0353421342376099	0.737604114579331	59
0.00391460850192993	0.531478987360942	44
-0.00262356578869993	0.534584753118728	44
-0.00215938518201009	0.53435945377886	44
0.00319156543243992	0.531963842405938	147
0.0348441295244399	0.737457902476713	9
0.0017447688585801	0.532562193916483	233
0.00246828561007995	0.532305096548695	140
-0.00921776759309001	0.53721941864807	3
0.0805262423354001	1.49475176139881	55
-0.0773513168609601	1.19299534867775	55
0.11001943084794	2.0054761001434	55
-0.08067888196102	1.85754451429551	55
-0.00972319480953998	1.68639340836728	95
0.0358636488266999	0.736484372081891	95
-0.07777312173769	1.19351333428839	369
-0.08640106135711	1.20562681552579	95
-0.02568239195689	1.44977675383139	810
0.00897312424460006	0.529288422761213	810
0.00366600389301008	0.531774933095134	115
0.00221742142717996	0.532153748454207	95
0.00438993885030992	0.531433597211914	95
0.0524082627676099	0.995847565409165	443
0.0313388787394899	0.740037005484058	33
0.00438993885030992	0.531433597211914	44
-0.00408363202708006	0.535041876234331	9
0.00246828561007995	0.532305096548695	233
0.00366600389301008	0.531774933095134	140
-0.12429745227819	1.65115326937838	55
0.0755509446690801	1.25513735934875	55
-0.03567540302276	1.46565967156264	50
-0.08195069977383	1.19979508294437	95
0.0529464424100199	0.995784069644317	755
0.0286139493628601	1.83966780786469	53
0.0438909955070601	0.731090904465366	53
0.06590620258048	1.26844217168898	369
-0.03905817725707	1.46985378484052	95
-0.0820593208959599	1.20151209908718	95
-0.07676701758319	1.19429405067109	267
0.0342361217630101	0.737803608644795	267
0.0319423345526799	0.739536323340341	95
0.00366600389301008	0.531774933095134	33
0.02952625086615	0.741129836625912	33
-0.08640106135711	1.20562681552579	1
0.00319156543243992	0.531963842405938	33
0.0348441295244399	0.737457902476713	33
0.0666459014006799	1.26777401128653	33
0.03073504640225	0.740466286977461	59
0.00752013483377989	0.53011506511111	9
-0.00215938518201009	0.53435945377886	105
0.0654039530744699	1.26846487797341	55
-0.0300464411099299	1.45369425775544	55
-0.0876592771618901	1.20699000544567	95
-0.08896091946562	2.37764537890277	55
-0.0871766196741901	1.20791951543843	95
-0.08209630742905	1.1999018243829	95
0.0017447688585801	0.532562193916483	95
0.03666588343696	0.736086429582356	95
0.00246828561007995	0.532305096548695	95
0.0358636488266999	0.736484372081891	267
0.02518307226521	0.744569276799966	95
0.0400648637716401	0.733838039041807	72
0.02397926162987	0.745446937601401	72
-0.00774474493264998	0.536593235425421	72
0.00169688815515001	0.532694389774889	33
0.02499273395026	0.744470247034485	33
0.00294183147764993	0.532032217355669	1
0.00366600389301008	0.531774933095134	1
0.0017447688585801	0.532562193916483	1
0.0017447688585801	0.532562193916483	44
0.00366600389301008	0.531774933095134	44
0.035040734189	0.736946074777505	44
0.0354517588405201	0.737058651118592	44
0.00606618783247992	0.53049613470456	535
-0.00142880975047999	0.534054734577795	127
0.00752013483377989	0.53011506511111	7
0.00246828561007995	0.532305096548695	7
0.00438993885030992	0.531433597211914	233
0.00221742142717996	0.532153748454207	233
-0.00335347787300999	0.534889336029958	3
0.0232913549006599	1.85071776462324	55
0.04360820594204	2.00660801384247	50
0.0870578748795201	1.48472768693723	95
0.05383007244065	0.994883375620606	95
0.0530912690249701	0.993824520513092	115
-0.07775341573412	1.19574144052044	267
0.00294183147764993	0.532032217355669	267
0.00294183147764993	0.532032217355669	443
-0.119883822648	1.64259677958826	33
-0.00262356578869993	0.534584753118728	44
0.00246828561007995	0.532305096548695	44
-0.00215938518201009	0.53435945377886	535
0.00246828561007995	0.532305096548695	9
0.00294183147764993	0.532032217355669	9
0.00366600389301008	0.531774933095134	105
-0.00142880975047999	0.534054734577795	105
0.0299131916059701	0.740846365603413	50
0.06992557268702	1.26189867509022	95
0.0483380185473501	1.00044785000371	95
-0.0776029500216999	1.19505132339018	369
-0.08195069977383	1.19979508294437	95
-0.00335347787300999	0.534889336029958	115
-0.00142880975047999	0.534054734577795	72
0.00102101500145002	0.532683365671509	1
0.0530912690249701	0.993824520513092	33
0.0297189832399001	0.74144128695738	33
0.00366600389301008	0.531774933095134	1
-0.00142880975047999	0.534054734577795	1
0.0579104158918999	0.989666385167294	44
0.00246828561007995	0.532305096548695	44
0.0017447688585801	0.532562193916483	147
0.00243017604661011	0.532388959419506	9
-0.00289020322422995	0.534512321528133	233
0.00294183147764993	0.532032217355669	3
0.06096303248353	1.27653754696113	55
0.0348441295244399	0.737457902476713	63
0.02899712070884	0.742031605098525	55
0.0583542915300399	0.989219461261194	55
-0.0759462670189499	1.1914010057903	55
0.0592413751812699	0.988146069615787	50
0.0864763455869699	1.48416615120304	50
0.0245813550735401	0.745048164284577	95
0.00246828561007995	0.532305096548695	95
0.0297189832399001	0.74144128695738	369
0.02356826086701	0.745383324956546	95
0.0297189832399001	0.74144128695738	810
0.00246828561007995	0.532305096548695	95
0.04777590988548	0.999912246906307	267
-0.00142880975047999	0.534054734577795	72
0.00366600389301008	0.531774933095134	443
-0.00729003919016003	0.536490208929206	33
-0.0267442003310201	1.4515038046122	33
0.0388563440215799	0.734684321976156	33
0.00438993885030992	0.531433597211914	59
0.00246828561007995	0.532305096548695	44
0.00366600389301008	0.531774933095134	44
0.00366600389301008	0.531774933095134	44
0.00221742142717996	0.532153748454207	9
0.00366600389301008	0.531774933095134	105
0.035040734189	0.736946074777505	3
-0.0834645804055101	1.20246886104641	55
-0.08107110888979	1.20005774903226	55
-0.0339246898580201	1.46158645703795	55
0.0524931322012501	2.16905423608895	55
0.0470170031811501	1.00181534685326	55
0.00679328112155009	0.530373211909872	55
0.0485742759071901	0.999525585409184	50
0.00319156543243992	0.531963842405938	755
-0.10445287512887	2.18481060799719	755
0.08209519237389	1.493393769411	95
0.02296529130888	0.745782655478961	53
0.0233767916129299	0.745765973907936	369
0.00319156543243992	0.531963842405938	95
0.0782029020437201	1.49912598127864	95
0.0427402619840001	1.00581004614872	267
0.04416648514979	1.00461354139908	72
0.00102101500145002	0.532683365671509	72
0.00246828561007995	0.532305096548695	443
0.04964813870813	0.998054218024537	443
0.00221742142717996	0.532153748454207	1
0.0017447688585801	0.532562193916483	1
0.0750573190434101	1.25707077864163	33
0.03605901003645	0.736605692124347	605
0.0358636488266999	0.736484372081891	1
0.00366600389301008	0.531774933095134	44
0.0358636488266999	0.736484372081891	44
-0.00335347787300999	0.534889336029958	44
0.03362773523062	0.73808363463249	44
-0.00289020322422995	0.534512321528133	44
0.0255939502907101	0.744072404548632	147
0.0342361217630101	0.737803608644795	535
0.00511363652644992	0.53094883647402	9
0.0504432951846801	0.997604965835895	55
0.04799919350267	1.00133216698691	55
0.03825151948442	0.735027413479489	55
0.0785293688114601	1.49848972469961	55
0.00319156543243992	0.531963842405938	95
0.02930800140753	0.741348714485643	50
0.0419877872355301	2.1953190755694	50
0.0313388787394899	0.740037005484058	95
0.03495895694965	2.02518041371295	53
0.00294183147764993	0.532032217355669	369
-0.00408363202708006	0.535041876234331	369
0.00294183147764993	0.532032217355669	369
0.02397926162987	0.745446937601401	369
0.035040734189	0.736946074777505	95
0.0017447688585801	0.532562193916483	72
0.02397926162987	0.745446937601401	72
-0.00729003919016003	0.536490208929206	72
-0.0830471855020001	1.20201746051507	72
0.03647041824491	0.736086036474592	443
0.07043212756274	1.263115446583	443
-0.0915221868912099	1.21216397373307	443
0.0695550221752299	1.26231182559713	33
0.03564846550468	0.736426287452659	605
-0.00215938518201009	0.53435945377886	44
0.00246828561007995	0.532305096548695	44
0.03825151948442	0.735027413479489	44
0.0476839197190999	1.00030901947175	44
0.00391460850192993	0.531478987360942	44
0.00679328112155009	0.530373211909872	44
-0.00142880975047999	0.534054734577795	147
0.00391460850192993	0.531478987360942	535
0.00752013483377989	0.53011506511111	535
0.00319156543243992	0.531963842405938	9
0.00366600389301008	0.531774933095134	3
0.00366600389301008	0.531774933095134	55
0.00824674914842993	0.529773188260123	50
0.00294183147764993	0.532032217355669	50
0.00319156543243992	0.531963842405938	95
0.02870243366597	0.741779531267693	95
0.0697384360417801	1.2628877351293	267
0.0512507184067901	1.29040759813492	72
0.0017447688585801	0.532562193916483	72
0.0521966275699499	0.9945594153429	1
0.00438993885030992	0.531433597211914	44
0.00102101500145002	0.532683365671509	44
0.0313388787394899	0.740037005484058	44
0.00679328112155009	0.530373211909872	9
0.00366600389301008	0.531774933095134	7
-0.00189389559207998	0.534121741351592	3
0.00246828561007995	0.532305096548695	3
-0.00408363202708006	0.535041876234331	105
0.00221742142717996	0.532153748454207	3
0.00246828561007995	0.532305096548695	3
0.03073504640225	0.740466286977461	55
0.05383007244065	0.994883375620606	55
0.00294183147764993	0.532032217355669	55
0.0344326245705799	0.737399568931953	55
-0.00215938518201009	0.53435945377886	55
0.00438993885030992	0.531433597211914	55
-0.00142880975047999	0.534054734577795	95
0.07481366183942	1.25626755050915	95
-0.0825169262990899	1.20039151217704	72
0.07054391170574	1.26326471651041	72
0.04047902648651	0.733654187413585	1
0.00366600389301008	0.531774933095134	1
0.00679328112155009	0.530373211909872	1
-0.00142880975047999	0.534054734577795	44
0.0440695907957001	1.00465394433231	44
0.0017447688585801	0.532562193916483	44
0.0017447688585801	0.532562193916483	9
0.00366600389301008	0.531774933095134	9
-0.00729003919016003	0.536490208929206	233
0.0017447688585801	0.532562193916483	233
0.00366600389301008	0.531774933095134	55
0.0481292096019901	0.999948591765882	63
-0.00262356578869993	0.534584753118728	55
0.0549637849566	0.991989432668754	55
-0.00262356578869993	0.534584753118728	55
0.00438993885030992	0.531433597211914	95
0.00366600389301008	0.531774933095134	95
-0.00729003919016003	0.536490208929206	95
0.00319156543243992	0.531963842405938	95
0.00438993885030992	0.531433597211914	95
-0.0432382687694299	1.47665533879922	267
-0.0830482040359399	1.8618785273724	72
0.00319156543243992	0.531963842405938	72
0.0481022738836401	1.00062521231401	443
0.0017447688585801	0.532562193916483	1
0.0521114774560001	0.994180952048236	1
0.00294183147764993	0.532032217355669	44
0.00243017604661011	0.532388959419506	44
-0.00342895272976995	0.534820350018527	3
0.02356826086701	0.745383324956546	3
-0.00262356578869993	0.534584753118728	105
0.00366600389301008	0.531774933095134	63
0.00366600389301008	0.531774933095134	55
0.00319156543243992	0.531963842405938	55
0.00246828561007995	0.532305096548695	95
0.00366600389301008	0.531774933095134	50
-0.00262356578869993	0.534584753118728	95
0.0319423345526799	0.739536323340341	95
0.00246828561007995	0.532305096548695	371
0.0634320677950599	1.27411970335816	267
-0.05325701403827	2.49277668918977	72
0.0719025639117501	1.259388700365	1
0.00391460850192993	0.531478987360942	33
0.00246828561007995	0.532305096548695	33
0.0017447688585801	0.532562193916483	1
-0.00848113268972006	0.537019591842101	44
0.00246828561007995	0.532305096548695	147
-0.00215938518201009	0.53435945377886	44
-0.0806902437405701	1.19832509955743	147
0.0667637659810101	1.26734742220353	9
-0.00729003919016003	0.536490208929206	9
0.00391460850192993	0.531478987360942	9
-0.00189389559207998	0.534121741351592	3
0.03073504640225	0.740466286977461	352
-0.00142880975047999	0.534054734577795	63
0.00243017604661011	0.532388959419506	55
-0.00142880975047999	0.534054734577795	55
-0.00262356578869993	0.534584753118728	50
0.0337259191397701	0.73866407925936	50
-0.00335347787300999	0.534889336029958	53
0.00246828561007995	0.532305096548695	53
0.00511363652644992	0.53094883647402	518
-0.0860990763365901	1.20460097245704	72
0.00438993885030992	0.531433597211914	72
-0.0716060956739999	1.18692048310326	1
-0.0730092060848999	1.188871677536	1
-0.00142880975047999	0.534054734577795	443
0.00366600389301008	0.531774933095134	44
0.00246828561007995	0.532305096548695	44
-0.00289020322422995	0.534512321528133	44
0.00221742142717996	0.532153748454207	9
-0.00142880975047999	0.534054734577795	9
0.00246828561007995	0.532305096548695	233
0.00752013483377989	0.53011506511111	3
0.0017447688585801	0.532562193916483	3
0.00319156543243992	0.531963842405938	55
0.00246828561007995	0.532305096548695	95
0.03605901003645	0.736605692124347	53
0.0017447688585801	0.532562193916483	95
0.0017447688585801	0.532562193916483	371
-0.0520529825244001	2.49073396706245	72
0.0748342873636501	1.50540682893495	72
-0.00408363202708006	0.535041876234331	361
0.02930800140753	0.741348714485643	33
0.00366600389301008	0.531774933095134	44
0.00679328112155009	0.530373211909872	44
-0.00289020322422995	0.534512321528133	44
-0.09206621284315	1.87813581466407	9
-0.00289020322422995	0.534512321528133	105
0.03666588343696	0.736086429582356	3
-0.00408363202708006	0.535041876234331	3
-0.000698476746989973	0.53359178068112	55
-0.00729003919016003	0.536490208929206	95
0.00511363652644992	0.53094883647402	95
0.00679328112155009	0.530373211909872	95
0.00366600389301008	0.531774933095134	267
0.00169688815515001	0.532694389774889	72
0.0017447688585801	0.532562193916483	72
0.00824674914842993	0.529773188260123	1
0.0400648637716401	0.733838039041807	361
-0.0852615973951101	1.20394528119132	33
0.0233767916129299	0.745765973907936	233
0.0348118115204901	1.01473001178658	3
-0.00262356578869993	0.534584753118728	55
0.00319156543243992	0.531963842405938	133
-0.00729003919016003	0.536490208929206	95
0.02930800140753	0.741348714485643	95
0.03564846550468	0.736426287452659	53
-0.0744130889021499	1.18982737404724	267
-0.00848113268972006	0.537019591842101	72
-0.00655298027038009	0.53606385526815	33
-0.0824236927980899	1.20217150990713	33
0.00246828561007995	0.532305096548695	1
0.00319156543243992	0.531963842405938	361
-0.0868202816072401	1.20616139506103	361
-0.00848113268972006	0.537019591842101	33
0.02911390535499	0.741809353787203	9
0.00294183147764993	0.532032217355669	233
0.00243017604661011	0.532388959419506	3
0.04975761505207	0.999341046951638	437
0.00391460850192993	0.531478987360942	267
0.0485420325800501	1.00041467603047	267
0.00246828561007995	0.532305096548695	72
-0.00142880975047999	0.534054734577795	33
0.0539850148058001	0.9928658275338	44
-0.0742344065819101	2.34124710987297	9
-0.0774908810183099	1.19208268334431	9
0.0810665707217	1.70543607403327	105
0.00246828561007995	0.532305096548695	55
0.00824674914842993	0.529773188260123	63
0.00438993885030992	0.531433597211914	63
-0.00262356578869993	0.534584753118728	95
0.0017447688585801	0.532562193916483	50
-0.0136384494967099	0.538983877530966	95
0.00246828561007995	0.532305096548695	95
0.0017447688585801	0.532562193916483	95
-0.00262356578869993	0.534584753118728	267
-0.00215938518201009	0.53435945377886	105
-0.00262356578869993	0.534584753118728	55
-0.00142880975047999	0.534054734577795	55
0.00438993885030992	0.531433597211914	63
0.00319156543243992	0.531963842405938	55
-0.00215938518201009	0.53435945377886	55
0.0400648637716401	0.733838039041807	133
0.00243017604661011	0.532388959419506	95
0.00319156543243992	0.531963842405938	95
0.0347415204314101	0.738030619991319	50
0.00294183147764993	0.532032217355669	95
0.00319156543243992	0.531963842405938	95
0.0017447688585801	0.532562193916483	95
0.00824674914842993	0.529773188260123	72
0.00294183147764993	0.532032217355669	1
0.0656666836825399	1.26986571038042	33
-0.00774474493264998	0.536593235425421	33
0.053485819064	0.994921098367185	33
0.00253766549858003	1.66480254376344	9
0.03032368376837	0.741011018316937	9
-0.0776320066213401	1.19334777271758	9
0.00366600389301008	0.531774933095134	233
0.00246828561007995	0.532305096548695	3
0.0017447688585801	0.532562193916483	105
0.03414053167988	0.73839524602128	55
0.00294183147764993	0.532032217355669	55
0.00897312424460006	0.529288422761213	55
0.00246828561007995	0.532305096548695	193
0.0354517588405201	0.737058651118592	95
0.00897312424460006	0.529288422761213	53
0.00246828561007995	0.532305096548695	845
-0.00335347787300999	0.534889336029958	33
0.0331240577334599	0.739029403250235	9
-0.10044001296169	1.22325188806672	105
0.02518307226521	0.744569276799966	105
0.00319156543243992	0.531963842405938	105
-0.00142880975047999	0.534054734577795	63
0.00511363652644992	0.53094883647402	55
0.0348441295244399	0.737457902476713	55
-0.00774474493264998	0.536593235425421	95
-0.00342895272976995	0.534820350018527	371
0.00438993885030992	0.531433597211914	1
0.00294183147764993	0.532032217355669	443
0.00391460850192993	0.531478987360942	33
-0.0136384494967099	0.538983877530966	147
0.02858299067685	0.742268681612624	9
-0.00262356578869993	0.534584753118728	352
-0.00262356578869993	0.534584753118728	55
0.0406685596285301	0.733322146891193	55
-0.000698476746989973	0.53359178068112	95
-0.00262356578869993	0.534584753118728	55
-0.00774474493264998	0.536593235425421	387
0.0998643720852801	1.85580558910483	95
0.00246828561007995	0.532305096548695	53
0.00246828561007995	0.532305096548695	428
0.00679328112155009	0.530373211909872	95
-0.07748413615678	1.19455651863096	95
0.00824674914842993	0.529773188260123	44
0.0608580254912301	0.986235526746608	105
0.00102101500145002	0.532683365671509	55
-0.00335347787300999	0.534889336029958	63
-0.0947914207812799	1.21650349971797	55
0.00438993885030992	0.531433597211914	387
0.00438993885030992	0.531433597211914	53
0.0919797961119999	1.68546729421153	72
0.10573589555658	1.84240111297918	72
0.00246828561007995	0.532305096548695	72
0.00319156543243992	0.531963842405938	210
0.00319156543243992	0.531963842405938	44
0.0549637849566	0.991989432668754	147
0.00246828561007995	0.532305096548695	255
0.00221742142717996	0.532153748454207	3
-0.00189389559207998	0.534121741351592	55
0.0715366755390301	1.26201361567549	63
0.00897312424460006	0.529288422761213	95
0.00511363652644992	0.53094883647402	413
0.00246828561007995	0.532305096548695	50
0.00366600389301008	0.531774933095134	95
-0.0287760096516101	1.45233641320025	72
0.00319156543243992	0.531963842405938	72
-0.0124503848050499	0.538455276996515	33
0.00319156543243992	0.531963842405938	33
0.00438993885030992	0.531433597211914	44
0.00319156543243992	0.531963842405938	44
-0.00262356578869993	0.534584753118728	44
-0.00848113268972006	0.537019591842101	44
-0.00142880975047999	0.534054734577795	7
0.00438993885030992	0.531433597211914	9
0.02679525607078	0.742962412136652	233
0.0280964880574699	0.742148154121523	3
0.00246828561007995	0.532305096548695	63
0.0343274050920901	0.73823682262087	95
0.00438993885030992	0.531433597211914	95
-0.00189389559207998	0.534121741351592	95
-0.0136384494967099	0.538983877530966	95
-0.00774474493264998	0.536593235425421	95
-0.00335347787300999	0.534889336029958	95
0.00319156543243992	0.531963842405938	95
0.00366600389301008	0.531774933095134	95
0.00319156543243992	0.531963842405938	72
0.00319156543243992	0.531963842405938	764
0.00366600389301008	0.531774933095134	33
0.00294183147764993	0.532032217355669	33
0.00294183147764993	0.532032217355669	33
0.0017447688585801	0.532562193916483	33
0.00438993885030992	0.531433597211914	44
0.0017447688585801	0.532562193916483	233
-0.00215938518201009	0.53435945377886	55
0.00316321952767007	0.53192588850646	55
0.00511363652644992	0.53094883647402	55
0.00319156543243992	0.531963842405938	55
0.02356826086701	0.745383324956546	55
-0.0774908810183099	1.19208268334431	55
0.00366600389301008	0.531774933095134	55
0.0485742759071901	0.999525585409184	55
-0.00189389559207998	0.534121741351592	55
0.00438993885030992	0.531433597211914	95
0.00366600389301008	0.531774933095134	95
-0.00189389559207998	0.534121741351592	95
0.00319156543243992	0.531963842405938	428
-0.00189389559207998	0.534121741351592	95
0.00366600389301008	0.531774933095134	95
0.00438993885030992	0.531433597211914	9
-0.00289020322422995	0.534512321528133	9
0.00319156543243992	0.531963842405938	9
0.0348441295244399	0.737457902476713	233
0.00438993885030992	0.531433597211914	55
0.00366600389301008	0.531774933095134	55
0.00246828561007995	0.532305096548695	95
0.0673850798842199	1.26682439264286	55
0.04901911877248	0.999040070856556	55
0.00391460850192993	0.531478987360942	95
0.00824674914842993	0.529773188260123	413
0.0344326245705799	0.737399568931953	95
-0.00262356578869993	0.534584753118728	428
0.00752013483377989	0.53011506511111	95
-0.11603377105181	2.2138471131656	72
-0.08447674518745	1.86397530499825	72
0.00438993885030992	0.531433597211914	72
-0.00774474493264998	0.536593235425421	1
0.00438993885030992	0.531433597211914	44
0.0354517588405201	0.737058651118592	9
0.00246828561007995	0.532305096548695	9
-0.00335347787300999	0.534889336029958	95
0.0494637383355001	0.998484502021734	55
0.00102101500145002	0.532683365671509	95
0.0255939502907101	0.744072404548632	387
0.0824990126347201	1.49159086220326	95
0.0342361217630101	0.737803608644795	95
0.0352565014716599	0.736829271920345	72
0.07617138489091	1.25449292443055	1
0.0342361217630101	0.737803608644795	33
-0.00729003919016003	0.536490208929206	33
-0.00335347787300999	0.534889336029958	105
0.0297189832399001	0.74144128695738	105
0.00438993885030992	0.531433597211914	55
0.0530912690249701	0.993824520513092	55
-0.03319144396253	1.46110956265485	55
-0.00215938518201009	0.53435945377886	55
0.00438993885030992	0.531433597211914	55
0.00511363652644992	0.53094883647402	95
0.00391460850192993	0.531478987360942	95
0.00511363652644992	0.53094883647402	95
0.00438993885030992	0.531433597211914	387
0.00391460850192993	0.531478987360942	95
0.00294183147764993	0.532032217355669	53
0.00366600389301008	0.531774933095134	95
-0.01519008672259	1.69627319232179	267
0.0143814643168001	1.86716839623655	95
0.03647041824491	0.736086036474592	764
0.00366600389301008	0.531774933095134	764
0.02103821669585	0.746899228835078	33
0.02397926162987	0.745446937601401	33
0.0634320677950599	1.27411970335816	33
0.02911390535499	0.741809353787203	33
0.03073504640225	0.740466286977461	1
0.03032368376837	0.741011018316937	44
0.00319156543243992	0.531963842405938	44
-0.00215938518201009	0.53435945377886	147
0.0516193291892999	0.996621828033037	9
-0.00848113268972006	0.537019591842101	9
-0.00189389559207998	0.534121741351592	55
0.02356826086701	0.745383324956546	63
0.0017447688585801	0.532562193916483	95
0.00319156543243992	0.531963842405938	95
0.00319156543243992	0.531963842405938	95
0.0248686958344599	1.84778877646196	95
0.00679328112155009	0.530373211909872	764
-0.000698476746989973	0.53359178068112	764
-0.0259618392029899	1.44890509082346	33
0.00169688815515001	0.532694389774889	194
-0.00802734580893993	0.536690312605626	44
-0.00335347787300999	0.534889336029958	55
0.0297189832399001	0.74144128695738	63
0.02499273395026	0.744470247034485	95
-0.00729003919016003	0.536490208929206	95
-0.000698476746989973	0.53359178068112	55
-0.00215938518201009	0.53435945377886	53
0.00897312424460006	0.529288422761213	95
0.00169688815515001	0.532694389774889	95
0.00102101500145002	0.532683365671509	95
-0.00262356578869993	0.534584753118728	95
0.00391460850192993	0.531478987360942	95
0.08922227466838	1.69007080096242	95
0.00366600389301008	0.531774933095134	1
-0.08209630742905	1.1999018243829	1
0.0554972034814101	0.99113481294154	1
0.00366600389301008	0.531774933095134	764
0.0348441295244399	0.737457902476713	33
0.00438993885030992	0.531433597211914	194
-0.00262356578869993	0.534584753118728	70
0.03605901003645	0.736605692124347	70
0.00366600389301008	0.531774933095134	44
-0.08541313689608	1.20460860509217	44
-0.00215938518201009	0.53435945377886	147
0.02899712070884	0.742031605098525	55
0.00246828561007995	0.532305096548695	55
-0.00774474493264998	0.536593235425421	95
0.00316321952767007	0.53192588850646	387
0.00243017604661011	0.532388959419506	95
0.00511363652644992	0.53094883647402	95
0.07568786658258	1.25443982083254	95
0.0017447688585801	0.532562193916483	33
0.00246828561007995	0.532305096548695	70
0.00221742142717996	0.532153748454207	233
0.05781983031748	0.989197548144462	55
0.00319156543243992	0.531963842405938	55
-0.00802734580893993	0.536690312605626	55
0.0347415204314101	0.738030619991319	55
-0.00921776759309001	0.53721941864807	95
0.0344326245705799	0.737399568931953	95
-0.000698476746989973	0.53359178068112	387
0.00438993885030992	0.531433597211914	534
0.0182328252156201	0.749281900376895	95
-0.12395406420787	2.23168930225189	267
0.0672687903434099	1.266719893082	95
-0.00262356578869993	0.534584753118728	72
-0.00262356578869993	0.534584753118728	33
0.00752013483377989	0.53011506511111	33
-0.00729003919016003	0.536490208929206	33
0.02850844979016	0.742106412560748	44
0.00752013483377989	0.53011506511111	233
0.00824674914842993	0.529773188260123	3
0.00366600389301008	0.531774933095134	55
0.00294183147764993	0.532032217355669	55
-0.00655298027038009	0.53606385526815	95
0.07005004043831	1.26082393208991	55
0.00169688815515001	0.532694389774889	55
-0.00142880975047999	0.534054734577795	95
0.04168506802148	0.732690001857744	95
0.00243017604661011	0.532388959419506	534
0.00294183147764993	0.532032217355669	72
0.05206192286816	0.996427811175005	1
0.00246828561007995	0.532305096548695	1
0.00366600389301008	0.531774933095134	33
-0.0780539045558599	1.19366938277405	194
0.0017447688585801	0.532562193916483	9
0.00366600389301008	0.531774933095134	233
0.00438993885030992	0.531433597211914	233
-0.00774474493264998	0.536593235425421	3
0.0280964880574699	0.742148154121523	3
0.03768282456808	0.735116002376577	3
-0.00774474493264998	0.536593235425421	55
-0.00215938518201009	0.53435945377886	63
-0.00189389559207998	0.534121741351592	55
0.0453969130474501	1.00264306248829	95
0.0354517588405201	0.737058651118592	95
0.00319156543243992	0.531963842405938	55
0.0257844135257701	0.743935667379362	55
0.00438993885030992	0.531433597211914	55
0.00319156543243992	0.531963842405938	95
0.0017447688585801	0.532562193916483	95
0.0297189832399001	0.74144128695738	387
-0.0827380034079199	1.20132010769016	95
-0.00142880975047999	0.534054734577795	95
-0.00142880975047999	0.534054734577795	95
-0.00215938518201009	0.53435945377886	53
0.00319156543243992	0.531963842405938	95
0.00243017604661011	0.532388959419506	95
0.00511363652644992	0.53094883647402	35
0.02870243366597	0.741779531267693	95
0.00319156543243992	0.531963842405938	33
0.0234276220721601	0.745704007001888	33
-0.0891232164093601	1.20898469760155	44
-0.0816758736482099	1.19933877647713	147
0.0017447688585801	0.532562193916483	9
0.0400648637716401	0.733838039041807	9
0.03382413632389	0.737799364206718	3
0.0850687432015	1.48805394224199	55
-0.00215938518201009	0.53435945377886	95
-0.00262356578869993	0.534584753118728	55
0.00319156543243992	0.531963842405938	95
0.0370768100507199	0.735634103186099	387
-0.0782965617176601	1.19672085901353	95
0.00246828561007995	0.532305096548695	72
-0.00142880975047999	0.534054734577795	33
0.04505124215201	1.00377042248523	33
0.00752013483377989	0.53011506511111	33
-0.00262356578869993	0.534584753118728	1
-0.00713171261051993	1.68235966968835	194
0.00246828561007995	0.532305096548695	194
-0.00262356578869993	0.534584753118728	147
0.00319156543243992	0.531963842405938	7
0.0491106074735499	0.999066624675767	9
0.0712801900287701	1.26218445576574	63
-0.08733525922399	1.20752357185135	55
0.01883724810406	1.85938073596832	193
0.0781127512339099	1.49969175171118	95
0.0701932737408899	2.46023967198794	95
0.10894839038932	2.00835548768386	534
0.0586468382699801	1.27950564396981	95
0.0449556594498499	1.00463221344467	95
0.0482210326305299	0.999715864518326	267
0.06627611706326	1.26814621848805	72
-0.0762251254077699	1.19132632530213	1
0.0297189832399001	0.74144128695738	194
0.053485819064	0.994921098367185	44
0.02850844979016	0.742106412560748	44
0.0344326245705799	0.737399568931953	147
0.0297189832399001	0.74144128695738	497
-0.00335347787300999	0.534889336029958	42
-0.0273863575398701	1.45119946321806	55
0.00200099296503997	1.66613869445474	95
0.02236194466459	0.746102263438818	95
-0.0787394689191401	1.19624673344309	95
0.0751823680272901	1.25573463143552	35
-0.0759318218387299	1.19325077573748	72
0.0571146546305299	0.989628827084117	33
0.0017447688585801	0.532562193916483	33
-0.00335347787300999	0.534889336029958	1
0.0348441295244399	0.737457902476713	44
0.00246828561007995	0.532305096548695	44
-0.00215938518201009	0.53435945377886	147
0.03764631807576	0.735305108920314	7
0.00319156543243992	0.531963842405938	9
0.10885722689151	2.17200091200274	55
0.09037928684528	1.4784183018706	55
0.0817696435076201	1.49387925390627	55
-0.11822766055087	2.21737354638501	55
-0.03872296342375	1.47105637136256	95
0.05480974569758	0.993666240668308	35
0.0274901642577501	0.742445781400186	267
0.00366600389301008	0.531774933095134	95
0.00319156543243992	0.531963842405938	95
0.02850844979016	0.742106412560748	72
0.00221742142717996	0.532153748454207	72
0.02870243366597	0.741779531267693	33
0.00294183147764993	0.532032217355669	194
-0.07777312173769	1.19351333428839	194
0.00366600389301008	0.531774933095134	194
0.0394607920099199	0.73428791747872	44
0.00294183147764993	0.532032217355669	44
0.0358636488266999	0.736484372081891	9
0.00824674914842993	0.529773188260123	9
0.00246828561007995	0.532305096548695	497
0.00438993885030992	0.531433597211914	556
0.00319156543243992	0.531963842405938	233
-0.00335347787300999	0.534889336029958	559
0.0765422696756499	1.50068227027689	55
0.0476839197190999	1.00030901947175	55
0.0579096675228099	1.28062822759826	95
0.0627994355982799	1.27488100202723	387
0.00319156543243992	0.531963842405938	193
0.0529464424100199	0.995784069644317	95
-0.08372811230086	1.20277696255207	95
-0.03435507303418	1.46184753189644	35
0.00102101500145002	0.532683365671509	72
0.0475936866594799	0.999880566999494	72
0.00294183147764993	0.532032217355669	1
0.00294183147764993	0.532032217355669	210
0.0337259191397701	0.73866407925936	44
0.00824674914842993	0.529773188260123	9
-0.00215938518201009	0.53435945377886	9
-0.00335347787300999	0.534889336029958	233
-0.00262356578869993	0.534584753118728	233
0.0309280072634499	0.740509202720264	95
0.0410004450977399	1.0080522234129	55
0.0728338405206299	1.50780988334603	55
0.0858222651129801	1.48547015567294	193
0.0297189832399001	0.74144128695738	95
-0.0835031363571	1.20073289986014	95
0.07873043540565	1.49844474030833	95
0.03605901003645	0.736605692124347	95
-0.00335347787300999	0.534889336029958	267
0.00246828561007995	0.532305096548695	72
-0.00189389559207998	0.534121741351592	72
0.00246828561007995	0.532305096548695	1
0.0017447688585801	0.532562193916483	210
0.00243017604661011	0.532388959419506	33
0.0372723793663901	0.735422222575502	33
0.00294183147764993	0.532032217355669	1
0.00102101500145002	0.532683365671509	194
0.00319156543243992	0.531963842405938	44
0.03866714547726	0.734669375720373	44
-0.00335347787300999	0.534889336029958	42
-0.000698476746989973	0.53359178068112	42
0.07406394067379	1.25786187780403	55
0.0484391315800301	1.00094874460807	55
0.0241708536610901	0.74490389431856	95
0.03923982458094	1.0099211064635	95
0.0348441295244399	0.737457902476713	95
-0.0825169262990899	1.20039151217704	95
0.03947214811466	0.985774323049296	35
0.0476839197190999	1.00030901947175	35
0.00391460850192993	0.531478987360942	267
0.00752013483377989	0.53011506511111	267
0.00246828561007995	0.532305096548695	267
0.0342361217630101	0.737803608644795	72
-0.00335347787300999	0.534889336029958	33
0.00511363652644992	0.53094883647402	1
0.0017447688585801	0.532562193916483	44
0.00897312424460006	0.529288422761213	44
0.07580295665677	1.25502520597574	95
0.0673140343191601	1.2686153481695	95
-0.0400428026645101	2.01239009677145	95
0.0495550598469101	0.998644372218219	95
0.0631361499645899	1.27329040432222	534
0.0017447688585801	0.532562193916483	534
0.0358636488266999	0.736484372081891	72
0.00438993885030992	0.531433597211914	33
0.00246828561007995	0.532305096548695	33
0.0346489758549799	0.73710862556556	44
0.0017447688585801	0.532562193916483	9
-0.000698476746989973	0.53359178068112	9
0.00438993885030992	0.531433597211914	9
0.00246828561007995	0.532305096548695	42
0.00294183147764993	0.532032217355669	556
0.00752013483377989	0.53011506511111	42
0.10867902669843	2.17224642950947	95
-0.11654601670665	1.63623230628856	193
0.00366600389301008	0.531774933095134	95
0.02499273395026	0.744470247034485	95
0.0344326245705799	0.737399568931953	95
0.0394607920099199	0.73428791747872	267
0.00438993885030992	0.531433597211914	267
0.00679328112155009	0.530373211909872	267
0.0523295377858299	1.2875798119786	33
0.00319156543243992	0.531963842405938	210
0.0344326245705799	0.737399568931953	44
-0.00729003919016003	0.536490208929206	44
-0.00289020322422995	0.534512321528133	44
0.0295950828379801	0.741636469196257	44
0.00294183147764993	0.532032217355669	9
0.00366600389301008	0.531774933095134	9
0.0017447688585801	0.532562193916483	233
0.08175849947587	1.70421722954407	95
-0.0905313947337301	1.21114085615952	95
-0.11009472185375	2.19751986737315	95
-0.0822129485596399	1.20086552165101	95
0.00246828561007995	0.532305096548695	267
0.00246828561007995	0.532305096548695	72
-0.00215938518201009	0.53435945377886	33
0.02911390535499	0.741809353787203	311
-0.0026891496364001	0.534393708496841	44
0.0297189832399001	0.74144128695738	9
0.00319156543243992	0.531963842405938	559
0.10312493182209	1.84956429440335	55
0.00366600389301008	0.531774933095134	95
-0.0809633157566401	1.19815263463342	95
-0.0830820510153201	1.20024280881667	534
0.00679328112155009	0.530373211909872	267
0.00752013483377989	0.53011506511111	267
-0.00774474493264998	0.536593235425421	703
0.00366600389301008	0.531774933095134	95
0.00366600389301008	0.531774933095134	72
0.0332152691229599	0.738145623224673	443
0.0017447688585801	0.532562193916483	194
0.00294183147764993	0.532032217355669	44
0.00366600389301008	0.531774933095134	44
0.00366600389301008	0.531774933095134	9
0.09640634504517	1.86417987975826	55
0.0954551772180901	1.67830612225293	55
0.0899558761360999	1.47960310945844	95
-0.000640096476580032	1.67104511350822	55
0.0680251608000499	1.26740880279978	193
0.02100872807918	1.85588133595446	193
0.0337259191397701	0.73866407925936	35
0.0709136467192	1.26080435567945	35
0.00511363652644992	0.53094883647402	267
0.00246828561007995	0.532305096548695	267
0.0274901642577501	0.742445781400186	72
0.0348441295244399	0.737457902476713	443
0.00752013483377989	0.53011506511111	33
-0.00335347787300999	0.534889336029958	194
0.00294183147764993	0.532032217355669	44
0.00366600389301008	0.531774933095134	44
0.00438993885030992	0.531433597211914	44
0.00438993885030992	0.531433597211914	9
-0.00335347787300999	0.534889336029958	9
0.0017447688585801	0.532562193916483	9
0.00438993885030992	0.531433597211914	9
-0.04593060119666	2.02588244568782	55
0.0462559759769701	1.00095580133834	35
-0.03777079007833	1.46801831346594	35
0.00319156543243992	0.531963842405938	267
0.00246828561007995	0.532305096548695	267
0.00438993885030992	0.531433597211914	72
0.00246828561007995	0.532305096548695	72
-0.00215938518201009	0.53435945377886	72
0.07617138489091	1.25449292443055	1
0.03605901003645	0.736605692124347	33
0.00319156543243992	0.531963842405938	1
-0.00335347787300999	0.534889336029958	44
0.00752013483377989	0.53011506511111	44
0.0297189832399001	0.74144128695738	44
0.03260602264144	0.738426213109688	44
0.00246828561007995	0.532305096548695	9
0.00246828561007995	0.532305096548695	9
-0.0136384494967099	0.538983877530966	9
0.0945565846287999	1.6800832958593	534
-0.03225364881479	1.45935912715339	35
0.0821722778023199	1.49225357152437	35
0.0884937375116299	1.69168419551157	95
-0.07733525624147	1.19525537523159	267
0.00391460850192993	0.531478987360942	95
0.0476839197190999	1.00030901947175	72
0.00246828561007995	0.532305096548695	72
0.00897312424460006	0.529288422761213	72
0.00366600389301008	0.531774933095134	443
0.00752013483377989	0.53011506511111	443
0.0691833803750099	1.26434363890465	443
0.0325218205526401	0.739324025366201	33
0.00294183147764993	0.532032217355669	33
0.00294183147764993	0.532032217355669	33
0.02930800140753	0.741348714485643	33
-0.00729003919016003	0.536490208929206	33
0.00366600389301008	0.531774933095134	44
0.0344326245705799	0.737399568931953	125
-0.00262356578869993	0.534584753118728	44
-0.00335347787300999	0.534889336029958	9
-0.00215938518201009	0.53435945377886	42
-0.00189389559207998	0.534121741351592	9
0.00246828561007995	0.532305096548695	42
0.02930800140753	0.741348714485643	55
0.06640223141211	1.26869074406987	95
-0.00335347787300999	0.534889336029958	32
-0.0781951119041	1.19396778018936	193
-0.0345634605813001	1.46214703705369	95
-0.03257164789476	1.45931811912834	95
0.00246828561007995	0.532305096548695	35
-0.12122469639956	1.64487955206656	35
0.0348441295244399	0.737457902476713	267
-0.00142880975047999	0.534054734577795	95
0.00511363652644992	0.53094883647402	33
-0.00215938518201009	0.53435945377886	33
0.0358636488266999	0.736484372081891	33
0.00366600389301008	0.531774933095134	42
0.0656543562956899	1.26887584701037	55
0.0313388787394899	0.740037005484058	193
-0.09011389139241	1.21064230647771	95
-0.00142880975047999	0.534054734577795	267
0.04362670432585	1.00511146774742	33
0.00294183147764993	0.532032217355669	44
-0.00142880975047999	0.534054734577795	9
-0.000698476746989973	0.53359178068112	9
0.06424242548649	1.27138606228312	55
0.02899712070884	0.742031605098525	193
0.0540712554477401	0.992946535226311	193
-0.0795678164690501	1.85406068057014	193
-0.00848113268972006	0.537019591842101	267
-0.00729003919016003	0.536490208929206	267
-0.00262356578869993	0.534584753118728	95
0.00246828561007995	0.532305096548695	72
0.0401205794956701	1.00916309903654	72
0.03073504640225	0.740466286977461	33
0.0540712554477401	0.992946535226311	311
0.00366600389301008	0.531774933095134	33
0.0017447688585801	0.532562193916483	44
0.0358636488266999	0.736484372081891	44
-0.00335347787300999	0.534889336029958	44
0.02306977172519	2.0529517913074	55
0.0670294156742	1.26867597676015	55
0.0372710880106999	1.0111621867075	95
0.0913569972667101	1.47676403240127	35
0.08019903023993	1.4952082647812	95
0.00511363652644992	0.53094883647402	95
0.0521966275699499	0.9945594153429	267
0.00319156543243992	0.531963842405938	95
0.0297189832399001	0.74144128695738	72
0.00294183147764993	0.532032217355669	72
0.00246828561007995	0.532305096548695	443
0.0182328252156201	0.749281900376895	1
0.00294183147764993	0.532032217355669	33
0.00246828561007995	0.532305096548695	1
0.02870243366597	0.741779531267693	1
0.03666588343696	0.736086429582356	1
0.00366600389301008	0.531774933095134	194
0.00824674914842993	0.529773188260123	1
0.00438993885030992	0.531433597211914	9
0.0017447688585801	0.532562193916483	9
0.00438993885030992	0.531433597211914	42
0.00102101500145002	0.532683365671509	654
-0.00189389559207998	0.534121741351592	42
0.00246828561007995	0.532305096548695	164
0.00246828561007995	0.532305096548695	164
0.00294183147764993	0.532032217355669	314
0.02872311374745	1.83914660803163	193
0.02911390535499	0.741809353787203	534
-0.00335347787300999	0.534889336029958	35
-0.04012825889698	1.47125223532396	72
0.00102101500145002	0.532683365671509	1
-0.07342876029741	1.1893226581013	44
0.00438993885030992	0.531433597211914	314
0.0017447688585801	0.532562193916483	559
0.03032368376837	0.741011018316937	55
0.00243017604661011	0.532388959419506	55
0.03032368376837	0.741011018316937	55
0.07605154288102	1.25542367466905	95
0.0017447688585801	0.532562193916483	775
-0.00262356578869993	0.534584753118728	33
0.0354517588405201	0.737058651118592	33
0.0352565014716599	0.736829271920345	44
0.00246828561007995	0.532305096548695	44
0.0659263589075601	1.27009458888759	55
-0.00262356578869993	0.534584753118728	55
0.00294183147764993	0.532032217355669	55
-0.00385829488205003	1.67687132559639	55
-0.0785763797425101	1.85175470768838	55
-0.00262356578869993	0.534584753118728	381
0.00319156543243992	0.531963842405938	381
0.05362465526986	0.993341884596457	32
0.00438993885030992	0.531433597211914	193
-0.00262356578869993	0.534584753118728	95
0.08345467832424	1.70069118012709	35
-0.00289020322422995	0.534512321528133	35
0.0858222651129801	1.48547015567294	72
0.000325101198600075	1.66814706424198	72
0.05206192286816	0.996427811175005	1
-0.0830820510153201	1.20024280881667	1
0.07117573305727	1.26296952558936	33
0.0124799136465901	0.75291052669152	167
0.00511363652644992	0.53094883647402	44
0.0677641387188499	1.26732680456204	9
0.00246828561007995	0.532305096548695	9
0.00366600389301008	0.531774933095134	9
0.00294183147764993	0.532032217355669	822
0.00391460850192993	0.531478987360942	3
0.00294183147764993	0.532032217355669	3
0.0017447688585801	0.532562193916483	55
0.0370768100507199	0.735634103186099	193
0.0400648637716401	0.733838039041807	95
0.0279026162214799	0.742256971530913	95
-0.0758040611886099	1.19087347958606	35
0.08077303818204	1.49537514394096	72
0.0481292096019901	0.999948591765882	33
0.00319156543243992	0.531963842405938	210
0.0301308372186999	0.740833493555529	33
0.02850844979016	0.742106412560748	1
0.0337259191397701	0.73866407925936	125
0.0354517588405201	0.737058651118592	44
-0.0759462670189499	1.1914010057903	44
-0.00142880975047999	0.534054734577795	44
0.00366600389301008	0.531774933095134	7
0.00511363652644992	0.53094883647402	478
0.00294183147764993	0.532032217355669	3
0.00391460850192993	0.531478987360942	3
0.0017447688585801	0.532562193916483	3
-0.0294412657004499	2.20394796896194	55
0.0737067653910799	1.2574956043706	55
0.0491106074735499	0.999066624675767	95
0.08670042321382	1.69487817161716	55
-0.08209630742905	1.1999018243829	95
0.04460897506561	1.00422715477358	95
-0.07636742430816	1.19198656006665	381
-0.03777079007833	1.46801831346594	95
0.0388563440215799	0.734684321976156	193
0.100936629652	1.8536092852337	35
-0.08195069977383	1.19979508294437	35
0.02477307001278	0.744269767133587	35
0.0344326245705799	0.737399568931953	35
0.00366600389301008	0.531774933095134	35
-0.0267480499178601	1.4502066080105	35
0.035040734189	0.736946074777505	95
0.06763829529453	1.26634818949054	95
0.00679328112155009	0.530373211909872	33
-0.0791265396896501	1.19753657143425	33
0.0394607920099199	0.73428791747872	167
0.00366600389301008	0.531774933095134	167
0.00319156543243992	0.531963842405938	44
0.00246828561007995	0.532305096548695	9
0.0017447688585801	0.532562193916483	3
-0.00215938518201009	0.53435945377886	3
-0.00408363202708006	0.535041876234331	3
0.05933320082394	0.98800851217997	55
0.0672904854889	1.26842952166512	55
-0.00189389559207998	0.534121741351592	32
-0.000698476746989973	0.53359178068112	32
0.00319156543243992	0.531963842405938	193
0.0343274050920901	0.73823682262087	35
0.07481366183942	1.25626755050915	95
0.0347415204314101	0.738030619991319	72
0.00366600389301008	0.531774933095134	33
0.00366600389301008	0.531774933095134	33
0.00246828561007995	0.532305096548695	44
0.00246828561007995	0.532305096548695	9
-0.00335347787300999	0.534889336029958	3
0.0017447688585801	0.532562193916483	3
0.09374356120381	1.68069195454714	55
-0.0783208402665201	1.19576018621281	32
-0.0753831818979101	1.190357282635	193
0.10532362306935	2.49189279573836	193
0.0017447688585801	0.532562193916483	35
-0.00215938518201009	0.53435945377886	35
0.0583542915300399	0.989219461261194	35
-0.00262356578869993	0.534584753118728	35
0.0233767916129299	0.745765973907936	35
0.10955903531485	1.83452171187206	95
-0.00154441453022991	1.67207444801783	569
-0.0752536816778799	1.19053513941101	569
-0.00142880975047999	0.534054734577795	33
0.0581928326746699	0.990382425176812	33
0.03260602264144	0.738426213109688	33
-0.00289020322422995	0.534512321528133	44
0.00366600389301008	0.531774933095134	44
0.00366600389301008	0.531774933095134	44
0.03073504640225	0.740466286977461	44
-0.00142880975047999	0.534054734577795	7
0.00752013483377989	0.53011506511111	7
0.00438993885030992	0.531433597211914	7
0.00391460850192993	0.531478987360942	9
-0.00335347787300999	0.534889336029958	9
-0.00189389559207998	0.534121741351592	9
0.00246828561007995	0.532305096548695	9
0.0273849295383699	0.742981022380494	9
-0.00215938518201009	0.53435945377886	9
-0.00215938518201009	0.53435945377886	9
-0.00408363202708006	0.535041876234331	9
0.00366600389301008	0.531774933095134	9
0.04887281379257	2.35274027424806	55
0.00508085963018989	1.65890655238459	55
0.0712837906052399	1.2603302214193	55
0.0782029020437201	1.49912598127864	55
0.0485742759071901	0.999525585409184	381
0.03492851591048	0.737738330121349	193
-0.0267480499178601	1.4502066080105	193
0.0543686588497101	0.994146711071465	193
0.0793252594660601	1.25009459464072	35
0.0778918227533101	1.49923761993458	35
0.0406685596285301	0.733322146891193	35
0.00294183147764993	0.532032217355669	95
0.0301308372186999	0.740833493555529	72
0.0491106074735499	0.999066624675767	33
-0.00335347787300999	0.534889336029958	33
0.0280964880574699	0.742148154121523	33
0.00246828561007995	0.532305096548695	1
-0.00335347787300999	0.534889336029958	9
-0.00142880975047999	0.534054734577795	9
-0.000698476746989973	0.53359178068112	9
0.0017447688585801	0.532562193916483	478
-0.00921776759309001	0.53721941864807	478
0.0817499790277001	1.49369643198155	381
0.0772087503136301	1.50051308908717	381
0.0547603289602201	2.33712978192424	32
-0.0571176455589	2.05058053493813	193
0.0353421342376099	0.737604114579331	95
0.0879638855347	1.48224975663213	35
0.0521966275699499	0.9945594153429	35
0.0493183422196699	0.99996641652363	35
0.0297189832399001	0.74144128695738	35
0.00752013483377989	0.53011506511111	95
-0.0811102108094901	1.19888737123819	72
0.04362670432585	1.00511146774742	33
0.02850844979016	0.742106412560748	33
0.04451725649231	1.00505036787315	33
0.0274901642577501	0.742445781400186	33
0.00246828561007995	0.532305096548695	167
0.03605901003645	0.736605692124347	44
-0.00262356578869993	0.534584753118728	44
-0.00262356578869993	0.534584753118728	44
-0.00408363202708006	0.535041876234331	9
-0.00811187117485002	2.34866854195969	55
0.0991133131203099	1.67086840080394	95
-0.00486056390830991	1.67889215330119	55
0.0634730163045301	1.27408261497422	95
-0.00802734580893993	0.536690312605626	193
-0.00409533270913998	1.67610672604924	193
-0.12191423866237	1.64602861053361	193
-0.09235869913038	1.2128851803861	193
0.0485420325800501	1.00041467603047	193
0.0344326245705799	0.737399568931953	35
0.0721625148296401	1.26062799433397	35
0.0017447688585801	0.532562193916483	33
0.00319156543243992	0.531963842405938	33
-0.00335347787300999	0.534889336029958	311
0.00438993885030992	0.531433597211914	311
0.0017447688585801	0.532562193916483	167
0.0530912690249701	0.993824520513092	1
-0.00262356578869993	0.534584753118728	44
-0.000698476746989973	0.53359178068112	654
0.0354517588405201	0.737058651118592	55
-0.000698476746989973	0.53359178068112	55
-0.03734661008416	1.46727134830036	55
0.00319156543243992	0.531963842405938	381
0.08209519237389	1.493393769411	193
0.0785450397395899	1.49849294301492	569
-0.0213422354177499	2.18534817636634	1
0.0544315521643699	0.992291924175348	33
0.00246828561007995	0.532305096548695	33
0.00246828561007995	0.532305096548695	167
0.02911390535499	0.741809353787203	44
0.04799919350267	1.00133216698691	1
0.03032368376837	0.741011018316937	1
0.0348441295244399	0.737457902476713	44
0.0344326245705799	0.737399568931953	7
0.02175822061164	0.74626969153317	3
0.08638863040537	1.4859763479897	55
0.0579719586140901	0.990598511479393	381
0.03768282456808	0.735116002376577	193
0.09188450797153	1.68444348028733	35
0.02911390535499	0.741809353787203	569
0.0299131916059701	0.740846365603413	72
-0.0304839479118499	1.45508423926248	72
0.0348441295244399	0.737457902476713	33
-0.00215938518201009	0.53435945377886	167
0.00438993885030992	0.531433597211914	44
0.00246828561007995	0.532305096548695	9
0.0017447688585801	0.532562193916483	246
0.08610285776306	1.69642223726538	95
-0.00262356578869993	0.534584753118728	569
0.00294183147764993	0.532032217355669	72
0.00438993885030992	0.531433597211914	33
0.00438993885030992	0.531433597211914	311
0.0352565014716599	0.736829271920345	167
0.04047902648651	0.733654187413585	167
-0.06923903886914	1.18410217897628	167
0.0410822349536399	0.733205072648082	167
0.05737556647188	0.989701935493716	44
0.00824674914842993	0.529773188260123	44
0.00246828561007995	0.532305096548695	9
0.00438993885030992	0.531433597211914	9
0.00246828561007995	0.532305096548695	246
0.00655647767919998	1.65713265989597	55
0.0337259191397701	0.73866407925936	95
-0.00262356578869993	0.534584753118728	55
0.02397926162987	0.745446937601401	193
0.0353421342376099	0.737604114579331	193
0.000961356847400063	1.66690303535866	35
0.00319156543243992	0.531963842405938	569
-0.00215938518201009	0.53435945377886	569
0.0335391676632899	0.738689230719259	72
0.0297189832399001	0.74144128695738	72
0.0346489758549799	0.73710862556556	33
-0.00215938518201009	0.53435945377886	311
0.00246828561007995	0.532305096548695	167
0.0354517588405201	0.737058651118592	1
0.03032368376837	0.741011018316937	44
0.00246828561007995	0.532305096548695	9
0.0017447688585801	0.532562193916483	9
0.00438993885030992	0.531433597211914	246
0.02296529130888	0.745782655478961	193
0.00319156543243992	0.531963842405938	193
0.00221742142717996	0.532153748454207	769
-0.03257164789476	1.45931811912834	35
-0.0411668258556199	1.47378189293955	35
0.0670294156742	1.26867597676015	33
-0.03812705231825	1.46840048057999	33
-0.00262356578869993	0.534584753118728	736
0.00221742142717996	0.532153748454207	33
0.00391460850192993	0.531478987360942	167
0.03605901003645	0.736605692124347	167
0.02397926162987	0.745446937601401	167
-0.00289020322422995	0.534512321528133	44
0.00319156543243992	0.531963842405938	9
0.00366600389301008	0.531774933095134	42
0.00246828561007995	0.532305096548695	478
0.00169688815515001	0.532694389774889	246
-0.00335347787300999	0.534889336029958	152
0.0484391315800301	1.00094874460807	55
0.00366600389301008	0.531774933095134	848
0.02911390535499	0.741809353787203	72
0.0652842927827499	1.26924849515632	33
0.02518307226521	0.744569276799966	167
0.00366600389301008	0.531774933095134	44
0.00319156543243992	0.531963842405938	44
0.00366600389301008	0.531774933095134	9
-0.00262356578869993	0.534584753118728	42
-0.12156941265785	1.64549116951206	193
0.0583542915300399	0.989219461261194	35
-0.03047477942827	1.45723255013954	35
0.0900531931661199	1.47884340440603	35
0.0017447688585801	0.532562193916483	95
0.00316321952767007	0.53192588850646	72
0.00294183147764993	0.532032217355669	72
-0.00729003919016003	0.536490208929206	1
-0.02947762072865	1.45583211535728	33
0.0705433728154199	1.26121703885174	33
0.00511363652644992	0.53094883647402	44
0.00391460850192993	0.531478987360942	44
0.00246828561007995	0.532305096548695	114
-0.00262356578869993	0.534584753118728	9
0.03382413632389	0.737799364206718	42
0.00246828561007995	0.532305096548695	478
0.00511363652644992	0.53094883647402	95
0.0711686225327599	1.26245210860943	55
-0.00729003919016003	0.536490208929206	193
0.00246828561007995	0.532305096548695	193
0.00438993885030992	0.531433597211914	193
0.00322244825429996	1.66371036655162	193
0.0937119046845101	1.8691041103281	193
-0.0346101147222799	1.46427027960814	35
0.00246828561007995	0.532305096548695	848
-0.00335347787300999	0.534889336029958	12
-0.00215938518201009	0.53435945377886	12
0.00327199454287008	1.66364951719354	33
0.03647041824491	0.736086036474592	33
0.00169688815515001	0.532694389774889	1
0.00511363652644992	0.53094883647402	44
0.00752013483377989	0.53011506511111	478
-0.00215938518201009	0.53435945377886	42
-0.00142880975047999	0.534054734577795	328
-0.00262356578869993	0.534584753118728	42
0.00438993885030992	0.531433597211914	478
0.00511363652644992	0.53094883647402	95
0.0301308372186999	0.740833493555529	55
0.00752013483377989	0.53011506511111	175
0.0332152691229599	0.738145623224673	72
0.02798414743867	0.742664548988016	33
-0.0791582821084	1.19666324928722	1
0.00752013483377989	0.53011506511111	1
0.00319156543243992	0.531963842405938	44
0.0017447688585801	0.532562193916483	42
0.00824674914842993	0.529773188260123	478
-0.07636742430816	1.19198656006665	55
-0.0811877311673701	1.85609800038263	95
-0.00189389559207998	0.534121741351592	193
0.00294183147764993	0.532032217355669	193
-0.00335347787300999	0.534889336029958	35
-0.00729003919016003	0.536490208929206	35
-0.01004149746229	1.68707488761441	35
0.00319156543243992	0.531963842405938	72
-0.00729003919016003	0.536490208929206	33
-0.00215938518201009	0.53435945377886	33
0.00366600389301008	0.531774933095134	1
-0.0833587197241901	1.20115673296458	1
0.0017447688585801	0.532562193916483	44
0.0017447688585801	0.532562193916483	9
0.02518307226521	0.744569276799966	9
0.00391460850192993	0.531478987360942	478
0.00246828561007995	0.532305096548695	3
-0.07494737454167	1.84459569336258	55
-0.00262356578869993	0.534584753118728	193
0.00319156543243992	0.531963842405938	95
-0.09110420812493	1.21166468905818	72
0.00366600389301008	0.531774933095134	443
0.00246828561007995	0.532305096548695	33
0.00246828561007995	0.532305096548695	33
-0.00262356578869993	0.534584753118728	167
0.03927148206998	0.734392295037367	1
0.0017447688585801	0.532562193916483	9
0.00102101500145002	0.532683365671509	192
0.00246828561007995	0.532305096548695	478
-0.00142880975047999	0.534054734577795	478
0.0353421342376099	0.737604114579331	42
0.04047902648651	0.733654187413585	95
0.00584406788377989	1.88481262815438	95
0.0791978746769699	1.49744460850161	95
-0.00262356578869993	0.534584753118728	193
-0.00189389559207998	0.534121741351592	769
0.0529464424100199	0.995784069644317	193
-0.00189389559207998	0.534121741351592	35
0.00294183147764993	0.532032217355669	72
-0.0297690963995501	1.4539346954493	33
0.00366600389301008	0.531774933095134	1
-0.000698476746989973	0.53359178068112	167
0.00391460850192993	0.531478987360942	1
0.00243017604661011	0.532388959419506	44
0.00679328112155009	0.530373211909872	44
-0.00189389559207998	0.534121741351592	193
0.0569310797832501	0.990149429197402	95
-0.0866699389924199	1.20596972159652	35
0.00366600389301008	0.531774933095134	72
0.0297189832399001	0.74144128695738	33
0.00102101500145002	0.532683365671509	1
-0.00262356578869993	0.534584753118728	33
-0.00921776759309001	0.53721941864807	44
-0.00289020322422995	0.534512321528133	478
0.0587979445808899	0.988715636506626	55
0.0852661072497201	1.69741994152801	55
0.0621416190258699	1.27439793257711	55
0.0255939502907101	0.744072404548632	193
0.00511363652644992	0.53094883647402	769
0.00246828561007995	0.532305096548695	193
0.07821847902136	1.49890552832613	193
-0.00189389559207998	0.534121741351592	95
0.0540712554477401	0.992946535226311	35
-0.00262356578869993	0.534584753118728	72
0.0280964880574699	0.742148154121523	72
-0.00142880975047999	0.534054734577795	1
-0.0828933479057701	1.20233393072924	33
0.00319156543243992	0.531963842405938	33
0.00246828561007995	0.532305096548695	167
0.00438993885030992	0.531433597211914	1
0.0347415204314101	0.738030619991319	44
0.0494208844175199	0.999724767777053	95
0.0853157471527499	1.48755328736485	843
0.0526440603259899	0.994220592637895	95
0.0444913788299499	0.730698170039734	95
0.0932609399526001	1.47339076490425	95
0.0533883685460601	0.995364856999185	95
0.07985032786499	1.49609365780452	193
-0.00262356578869993	0.534584753118728	193
0.0017447688585801	0.532562193916483	95
0.00438993885030992	0.531433597211914	33
0.00294183147764993	0.532032217355669	44
0.00438993885030992	0.531433597211914	44
0.05383007244065	0.994883375620606	44
0.00438993885030992	0.531433597211914	179
0.0331240577334599	0.739029403250235	9
0.00246828561007995	0.532305096548695	478
0.00511363652644992	0.53094883647402	438
0.0679204014964001	1.26698185186297	843
-0.0339246898580201	1.46158645703795	193
0.00897312424460006	0.529288422761213	193
0.00294183147764993	0.532032217355669	95
0.00316321952767007	0.53192588850646	95
0.00294183147764993	0.532032217355669	12
0.0529464424100199	0.995784069644317	72
0.0640417930502399	0.983189438558474	33
0.00366600389301008	0.531774933095134	44
0.00438993885030992	0.531433597211914	9
0.00319156543243992	0.531963842405938	9
0.00294183147764993	0.532032217355669	478
-0.00142880975047999	0.534054734577795	3
0.035040734189	0.736946074777505	641
-0.07733525624147	1.19525537523159	193
-0.0859820259864701	1.20500246069477	35
-0.00215938518201009	0.53435945377886	95
0.00366600389301008	0.531774933095134	72
-0.00289020322422995	0.534512321528133	1
-0.00142880975047999	0.534054734577795	44
-0.00774474493264998	0.536593235425421	9
0.03605901003645	0.736605692124347	327
0.00246828561007995	0.532305096548695	438
0.00221742142717996	0.532153748454207	3
-0.00189389559207998	0.534121741351592	95
0.0410822349536399	0.733205072648082	95
0.00319156543243992	0.531963842405938	35
0.0349172768286701	2.02668584159453	35
-0.00289020322422995	0.534512321528133	95
0.0017447688585801	0.532562193916483	12
0.02236194466459	0.746102263438818	72
0.0337259191397701	0.73866407925936	33
0.00246828561007995	0.532305096548695	1
0.03492851591048	0.737738330121349	67
0.0017447688585801	0.532562193916483	44
0.00366600389301008	0.531774933095134	9
0.00319156543243992	0.531963842405938	478
-0.00215938518201009	0.53435945377886	3
-0.03872296342375	1.47105637136256	95
0.0767930934996299	1.25321527847766	95
-0.0823712218775099	1.20014031624836	72
0.00294183147764993	0.532032217355669	72
0.0245813550735401	0.745048164284577	72
-0.00215938518201009	0.53435945377886	1
0.00221742142717996	0.532153748454207	67
0.02870243366597	0.741779531267693	9
0.00319156543243992	0.531963842405938	9
-0.00189389559207998	0.534121741351592	327
-0.09006920760446	1.87352070373256	55
-0.10127101880418	1.22389273820574	641
-0.0872396868408101	1.20661583050133	95
0.05451763196394	0.992496519663589	35
0.0624324145348301	1.27539620866614	35
0.0280964880574699	0.742148154121523	72
0.00366600389301008	0.531774933095134	72
0.00391460850192993	0.531478987360942	72
0.00366600389301008	0.531774933095134	72
-0.0780539045558599	1.19366938277405	72
-0.0762251254077699	1.19132632530213	72
0.00246828561007995	0.532305096548695	1
0.00102101500145002	0.532683365671509	1
0.00366600389301008	0.531774933095134	33
-0.07721029400492	1.19295758109662	33
0.00319156543243992	0.531963842405938	1
0.0332152691229599	0.738145623224673	67
0.00294183147764993	0.532032217355669	67
-0.0711873753463299	1.18633914775152	1
0.0017447688585801	0.532562193916483	44
-0.0301193729309699	1.45657599606459	843
0.07986208698548	1.49503083005668	641
-0.0801893430763101	1.85513374993858	193
0.035040734189	0.736946074777505	769
0.0394607920099199	0.73428791747872	35
0.0309280072634499	0.740509202720264	72
0.00752013483377989	0.53011506511111	72
0.0000487318294499772	1.66881957526623	72
0.03032368376837	0.741011018316937	12
0.04362670432585	1.00511146774742	72
0.00606618783247992	0.53049613470456	33
-0.00921776759309001	0.53721941864807	33
0.00366600389301008	0.531774933095134	33
-0.0811102108094901	1.19888737123819	700
0.0017447688585801	0.532562193916483	1
-0.00335347787300999	0.534889336029958	1
-0.01319426199615	0.538777053419988	22
0.00294183147764993	0.532032217355669	44
0.0472384061206099	1.00059916929174	179
-0.00335347787300999	0.534889336029958	179
-0.00262356578869993	0.534584753118728	9
0.00319156543243992	0.531963842405938	95
0.0309280072634499	0.740509202720264	55
0.0347415204314101	0.738030619991319	55
0.0280964880574699	0.742148154121523	193
-0.00729003919016003	0.536490208929206	95
0.0358636488266999	0.736484372081891	35
0.00319156543243992	0.531963842405938	95
-0.12395345360637	1.65049421262635	33
0.00246828561007995	0.532305096548695	33
0.00246828561007995	0.532305096548695	67
0.00366600389301008	0.531774933095134	67
0.00246828561007995	0.532305096548695	1
0.0017447688585801	0.532562193916483	1
0.0245813550735401	0.745048164284577	22
0.00824674914842993	0.529773188260123	9
0.00438993885030992	0.531433597211914	192
-0.00215938518201009	0.53435945377886	192
0.00319156543243992	0.531963842405938	3
-0.0929976445549601	1.88032058683958	843
0.0508870784236	0.996957564570765	95
0.0343274050920901	0.73823682262087	95
0.04892938405981	0.998189760974233	193
-0.0867609645776399	1.20751383844514	193
0.00391460850192993	0.531478987360942	193
0.04362670432585	1.00511146774742	199
0.00316321952767007	0.53192588850646	199
0.06980243470987	1.2618398882311	95
0.00438993885030992	0.531433597211914	95
0.00246828561007995	0.532305096548695	700
0.0342361217630101	0.737803608644795	33
0.0431835947675201	1.00549858454715	768
0.0673850798842199	1.26682439264286	1
0.00246828561007995	0.532305096548695	67
0.00438993885030992	0.531433597211914	1
0.0232913549006599	1.85071776462324	1
0.00294183147764993	0.532032217355669	192
0.00366600389301008	0.531774933095134	3
-0.0482163009844301	2.03077807035152	55
0.0979384216053201	1.67224629512075	641
0.06598530255244	1.51917199664858	95
0.02911390535499	0.741809353787203	35
-0.0776451207702	1.84955587867821	95
0.00246828561007995	0.532305096548695	353
0.0348441295244399	0.737457902476713	72
0.03825151948442	0.735027413479489	1
-0.0415222811507801	1.4742885504695	1
0.0540712554477401	0.992946535226311	700
0.0348441295244399	0.737457902476713	33
0.02518307226521	0.744569276799966	33
0.00366600389301008	0.531774933095134	33
-0.00262356578869993	0.534584753118728	192
-0.00142880975047999	0.534054734577795	192
0.00319156543243992	0.531963842405938	192
-0.000698476746989973	0.53359178068112	3
0.03188049306255	1.83211383934357	843
0.0764178551255099	1.25492221009192	95
0.0491106074735499	0.999066624675767	35
0.00679328112155009	0.530373211909872	72
-0.00142880975047999	0.534054734577795	72
0.03362773523062	0.73808363463249	700
-0.00335347787300999	0.534889336029958	33
-0.00142880975047999	0.534054734577795	33
0.03382413632389	0.737799364206718	179
0.00679328112155009	0.530373211909872	179
-0.00189389559207998	0.534121741351592	192
0.00294183147764993	0.532032217355669	192
0.07952414897092	1.49680911355275	95
-0.0263901422077999	1.45100327061985	95
-0.0830482040359399	1.8618785273724	193
0.00246828561007995	0.532305096548695	193
0.00200099296503997	1.66613869445474	95
-0.00215938518201009	0.53435945377886	33
-0.07775341573412	1.19574144052044	33
0.0017447688585801	0.532562193916483	9
0.00438993885030992	0.531433597211914	22
0.00366600389301008	0.531774933095134	22
0.00294183147764993	0.532032217355669	192
0.00246828561007995	0.532305096548695	192
0.00679328112155009	0.530373211909872	3
0.0528107551004	2.16802807237921	55
0.10499451288437	1.84553636660167	843
0.0535382538054301	0.993373734563121	641
-0.0785902878879401	1.19650017248537	193
0.0188523162944501	1.85921915195752	95
-0.12431673806365	2.23173062112214	95
-0.00289020322422995	0.534512321528133	72
-0.00142880975047999	0.534054734577795	72
0.0348441295244399	0.737457902476713	72
0.02870243366597	0.741779531267693	33
0.00752013483377989	0.53011506511111	1
0.00294183147764993	0.532032217355669	1
-0.00189389559207998	0.534121741351592	67
0.00319156543243992	0.531963842405938	1
0.00294183147764993	0.532032217355669	179
0.00102101500145002	0.532683365671509	9
-0.00335347787300999	0.534889336029958	192
0.0394607920099199	0.73428791747872	192
0.10045823129717	2.02772225145228	95
0.02002998611628	0.747874020267155	95
0.05933320082394	0.98800851217997	95
0.0844459342219399	1.6988305191937	95
-0.0858318860931999	1.20514242617671	35
0.0410822349536399	0.733205072648082	95
-0.00262356578869993	0.534584753118728	72
-0.00142880975047999	0.534054734577795	33
-0.00142880975047999	0.534054734577795	1
0.0017447688585801	0.532562193916483	67
-0.00142880975047999	0.534054734577795	22
0.00243017604661011	0.532388959419506	179
0.0017447688585801	0.532562193916483	22
0.00246828561007995	0.532305096548695	192
-0.00262356578869993	0.534584753118728	528
0.00246828561007995	0.532305096548695	641
0.03032368376837	0.741011018316937	193
0.0723934427690001	1.25852249929804	95
0.00511363652644992	0.53094883647402	95
-0.0314767415528801	1.45629788998712	95
0.02870243366597	0.741779531267693	72
0.02952625086615	0.741129836625912	72
0.00366600389301008	0.531774933095134	72
0.00169688815515001	0.532694389774889	1
0.00319156543243992	0.531963842405938	1
0.0325218205526401	0.739324025366201	67
0.00319156543243992	0.531963842405938	22
0.00319156543243992	0.531963842405938	9
0.00679328112155009	0.530373211909872	192
0.00319156543243992	0.531963842405938	313
0.0801098139254	1.49633895925453	193
-0.02408550333973	1.71196418777648	193
-0.00142880975047999	0.534054734577795	193
0.0354517588405201	0.737058651118592	95
0.00294183147764993	0.532032217355669	72
-0.00262356578869993	0.534584753118728	72
0.04047902648651	0.733654187413585	72
0.00169688815515001	0.532694389774889	72
0.0486659317806399	0.999426352901855	1
-0.00262356578869993	0.534584753118728	67
-0.00262356578869993	0.534584753118728	1
0.0017447688585801	0.532562193916483	179
0.00246828561007995	0.532305096548695	22
0.0400648637716401	0.733838039041807	193
0.00294183147764993	0.532032217355669	193
0.03382413632389	0.737799364206718	12
-0.00142880975047999	0.534054734577795	1
-0.00335347787300999	0.534889336029958	1
-0.00142880975047999	0.534054734577795	67
0.00246828561007995	0.532305096548695	9
-0.00335347787300999	0.534889336029958	641
0.00294183147764993	0.532032217355669	193
0.00319156543243992	0.531963842405938	193
0.0635050384132201	1.27274056028143	95
0.00366600389301008	0.531774933095134	72
-0.00142880975047999	0.534054734577795	67
0.00246828561007995	0.532305096548695	9
0.00366600389301008	0.531774933095134	9
0.00243017604661011	0.532388959419506	192
0.0017447688585801	0.532562193916483	192
0.00319156543243992	0.531963842405938	192
0.00824674914842993	0.529773188260123	192
-0.0806902437405701	1.19832509955743	95
0.00366600389301008	0.531774933095134	35
0.00168301494749001	1.66657720737272	95
0.03382413632389	0.737799364206718	1
0.0255939502907101	0.744072404548632	33
0.0348441295244399	0.737457902476713	33
0.0475936866594799	0.999880566999494	768
-0.00215938518201009	0.53435945377886	22
0.00102101500145002	0.532683365671509	9
-0.00189389559207998	0.534121741351592	9
0.0017447688585801	0.532562193916483	362
-0.00189389559207998	0.534121741351592	192
-0.00335347787300999	0.534889336029958	192
-0.00262356578869993	0.534584753118728	192
-0.04774618641665	2.02846001818484	95
0.00824674914842993	0.529773188260123	72
0.03605901003645	0.736605692124347	67
0.00679328112155009	0.530373211909872	67
-0.00335347787300999	0.534889336029958	22
0.00438993885030992	0.531433597211914	9
0.00438993885030992	0.531433597211914	192
-0.0136384494967099	0.538983877530966	641
0.00221742142717996	0.532153748454207	1
0.00319156543243992	0.531963842405938	33
0.0017447688585801	0.532562193916483	192
0.03492851591048	0.737738330121349	95
0.05505143578532	0.991583809146007	641
0.00243017604661011	0.532388959419506	95
0.0444913788299499	0.730698170039734	193
0.00246828561007995	0.532305096548695	72
0.0017447688585801	0.532562193916483	12
0.0182328252156201	0.749281900376895	1
-0.00335347787300999	0.534889336029958	33
0.00824674914842993	0.529773188260123	768
0.00824674914842993	0.529773188260123	67
0.00243017604661011	0.532388959419506	67
0.00221742142717996	0.532153748454207	9
0.00319156543243992	0.531963842405938	9
0.0342361217630101	0.737803608644795	22
0.00319156543243992	0.531963842405938	192
-0.00142880975047999	0.534054734577795	192
0.03759064047771	2.20571026591312	95
0.08679431858162	1.8842890815158	95
0.03032368376837	0.741011018316937	95
-0.0859820259864701	1.20500246069477	193
0.0557036498232899	1.28404462004486	193
0.03647041824491	0.736086036474592	193
-0.0311189822624101	1.45575721209761	199
0.03032368376837	0.741011018316937	35
0.00319156543243992	0.531963842405938	35
0.00679328112155009	0.530373211909872	95
-0.00215938518201009	0.53435945377886	1
0.00246828561007995	0.532305096548695	362
0.0348441295244399	0.737457902476713	95
0.0344326245705799	0.737399568931953	95
-0.0813626713601701	1.85871808600577	193
-0.00262356578869993	0.534584753118728	193
-0.0725898363294499	1.18835738260398	95
0.0354517588405201	0.737058651118592	95
-0.00335347787300999	0.534889336029958	35
0.0654039530744699	1.26846487797341	35
0.0719025639117501	1.259388700365	95
-0.0322318573651601	1.45968256348816	95
-0.00142880975047999	0.534054734577795	95
-0.00335347787300999	0.534889336029958	95
0.00366600389301008	0.531774933095134	95
-0.00215938518201009	0.53435945377886	72
0.00246828561007995	0.532305096548695	1
0.00246828561007995	0.532305096548695	67
0.00243017604661011	0.532388959419506	22
-0.00262356578869993	0.534584753118728	22
0.00897312424460006	0.529288422761213	9
0.00897312424460006	0.529288422761213	362
0.00319156543243992	0.531963842405938	192
0.06276713149286	1.2737657343996	641
0.0476839197190999	1.00030901947175	35
-0.00262356578869993	0.534584753118728	95
0.0484843750611801	0.99883853031189	72
0.00752013483377989	0.53011506511111	160
0.00319156543243992	0.531963842405938	22
0.00246828561007995	0.532305096548695	22
0.03382413632389	0.737799364206718	22
0.00319156543243992	0.531963842405938	192
-0.00262356578869993	0.534584753118728	42
0.00438993885030992	0.531433597211914	193
0.0353421342376099	0.737604114579331	35
-0.00189389559207998	0.534121741351592	95
0.00366600389301008	0.531774933095134	602
0.0313388787394899	0.740037005484058	12
-0.00848113268972006	0.537019591842101	12
-0.00142880975047999	0.534054734577795	1
0.00319156543243992	0.531963842405938	179
0.00246828561007995	0.532305096548695	22
0.00246828561007995	0.532305096548695	95
0.02858299067685	0.742268681612624	193
-0.12084849181061	2.22196638400703	95
-0.0920171549204101	1.21338940384301	35
0.0784608248946901	1.49948045778057	95
0.0342361217630101	0.737803608644795	72
0.00366600389301008	0.531774933095134	72
0.03605901003645	0.736605692124347	1
0.04416648514979	1.00461354139908	1
0.0245813550735401	0.745048164284577	1
0.00438993885030992	0.531433597211914	1
0.00366600389301008	0.531774933095134	1
-0.00262356578869993	0.534584753118728	192
0.00366600389301008	0.531774933095134	192
-0.0448885830650001	1.47812529635993	95
-0.0019099034982899	1.67339963706653	95
-0.00215938518201009	0.53435945377886	269
-0.0730092060848999	1.188871677536	72
0.00243017604661011	0.532388959419506	1
-0.00189389559207998	0.534121741351592	1
-0.00335347787300999	0.534889336029958	22
0.00294183147764993	0.532032217355669	192
0.00246828561007995	0.532305096548695	95
-0.00848113268972006	0.537019591842101	193
0.00824674914842993	0.529773188260123	193
-0.00215938518201009	0.53435945377886	193
0.00246828561007995	0.532305096548695	95
0.0530440658539999	0.995207290460092	35
0.00752013483377989	0.53011506511111	602
0.0344326245705799	0.737399568931953	1
-0.00335347787300999	0.534889336029958	160
0.00438993885030992	0.531433597211914	72
-0.00848113268972006	0.537019591842101	768
-0.00774474493264998	0.536593235425421	67
-0.00335347787300999	0.534889336029958	67
-0.00142880975047999	0.534054734577795	67
0.0017447688585801	0.532562193916483	22
0.00438993885030992	0.531433597211914	22
0.0297189832399001	0.74144128695738	22
0.10042219238029	1.85577630383887	95
0.00679328112155009	0.530373211909872	95
-0.03736454848646	1.46904472386168	199
0.0587979445808899	0.988715636506626	95
0.03825151948442	0.735027413479489	72
0.0273849295383699	0.742981022380494	72
0.00246828561007995	0.532305096548695	160
-0.00142880975047999	0.534054734577795	1
0.00366600389301008	0.531774933095134	768
0.00366600389301008	0.531774933095134	768
0.0245813550735401	0.745048164284577	67
0.00366600389301008	0.531774933095134	9
0.0400648637716401	0.733838039041807	9
0.00438993885030992	0.531433597211914	22
0.00438993885030992	0.531433597211914	22
0.0017447688585801	0.532562193916483	362
0.00824674914842993	0.529773188260123	192
0.00366600389301008	0.531774933095134	192
-0.08625082009069	1.2055961704008	95
-0.03183462372229	1.45677058186584	95
-0.00262356578869993	0.534584753118728	193
0.0495550598469101	0.998644372218219	199
0.00679328112155009	0.530373211909872	95
0.0017447688585801	0.532562193916483	95
0.04372377226822	1.00492433849095	72
-0.00408363202708006	0.535041876234331	72
0.00246828561007995	0.532305096548695	1
-0.00848113268972006	0.537019591842101	768
-0.00215938518201009	0.53435945377886	1
0.00243017604661011	0.532388959419506	22
0.00246828561007995	0.532305096548695	22
-0.000698476746989973	0.53359178068112	362
-0.00655298027038009	0.53606385526815	192
0.00438993885030992	0.531433597211914	95
0.0540712554477401	0.992946535226311	95
0.0480391426403199	0.999394559916944	95
0.00319156543243992	0.531963842405938	95
0.0348441295244399	0.737457902476713	72
0.0660242896255801	1.26843401908956	1
0.05196571989041	0.996267358383412	72
0.00319156543243992	0.531963842405938	1
0.00438993885030992	0.531433597211914	67
0.00294183147764993	0.532032217355669	22
0.0344326245705799	0.737399568931953	179
0.00246828561007995	0.532305096548695	362
0.00438993885030992	0.531433597211914	612
0.00102101500145002	0.532683365671509	612
0.0765691350061699	1.50116189509989	95
-0.1169047798434	1.63701844318649	95
0.0309280072634499	0.740509202720264	35
0.06603452240012	1.26931816706873	35
0.000131077616789987	1.66833726918755	35
-0.03701067182838	1.46835399618267	95
0.00316321952767007	0.53192588850646	121
-0.00262356578869993	0.534584753118728	121
0.00438993885030992	0.531433597211914	72
0.04714800698072	1.00030409419732	72
-0.09094908275825	1.21154927794888	72
0.00752013483377989	0.53011506511111	72
0.0844015205518001	1.48835032091366	1
0.00366600389301008	0.531774933095134	72
0.0531778312920601	0.993680034498627	9
0.05174897061815	0.994831965905898	9
0.0410822349536399	0.733205072648082	9
-0.00215938518201009	0.53435945377886	22
-0.00289020322422995	0.534512321528133	192
-0.00262356578869993	0.534584753118728	313
0.0565774520832401	0.99066357955872	95
0.00752013483377989	0.53011506511111	95
0.04580962437541	1.0011533623393	95
0.0634320677950599	1.27411970335816	95
0.09125419122689	1.4771133953349	95
-0.0991625139863499	2.17355234276543	95
0.0297189832399001	0.74144128695738	95
0.00438993885030992	0.531433597211914	269
0.00511363652644992	0.53094883647402	269
0.00366600389301008	0.531774933095134	269
-0.00215938518201009	0.53435945377886	67
0.00294183147764993	0.532032217355669	9
0.00169688815515001	0.532694389774889	179
-0.00335347787300999	0.534889336029958	42
0.00243017604661011	0.532388959419506	313
0.08573707261464	1.48708678426966	95
-0.07645127684784	1.84904982912263	95
0.0621416190258699	1.27439793257711	95
-0.0734161083623699	1.19043002752361	95
0.00246828561007995	0.532305096548695	269
-0.00335347787300999	0.534889336029958	269
-0.00215938518201009	0.53435945377886	72
-0.0843458632719401	1.20149904343886	1
-0.0816758736482099	1.19933877647713	1
0.02356826086701	0.745383324956546	1
0.03825151948442	0.735027413479489	1
0.00752013483377989	0.53011506511111	67
0.02930800140753	0.741348714485643	67
0.00366600389301008	0.531774933095134	67
0.03032368376837	0.741011018316937	22
0.00102101500145002	0.532683365671509	362
0.00438993885030992	0.531433597211914	362
0.00438993885030992	0.531433597211914	192
0.00366600389301008	0.531774933095134	192
0.0579104158918999	0.989666385167294	193
-0.0744130889021499	1.18982737404724	193
0.0533883685460601	0.995364856999185	193
0.0666459014006799	1.26777401128653	95
0.0232460612619101	0.745862697686826	95
0.0331240577334599	0.739029403250235	95
-0.000698476746989973	0.53359178068112	269
-0.00142880975047999	0.534054734577795	67
0.0354517588405201	0.737058651118592	22
0.00246828561007995	0.532305096548695	831
0.00366600389301008	0.531774933095134	612
0.00391460850192993	0.531478987360942	42
0.0017447688585801	0.532562193916483	42
-0.0119353414157599	1.69072908551927	55
0.0474575637330601	1.00143133266914	95
0.0483380185473501	1.00044785000371	95
0.0400648637716401	0.733838039041807	193
0.0589574240872699	1.28035682767218	95
0.02911390535499	0.741809353787203	95
0.00824674914842993	0.529773188260123	95
0.0370768100507199	0.735634103186099	35
-0.00262356578869993	0.534584753118728	72
0.0301308372186999	0.740833493555529	1
-0.06783847162608	1.18265830223989	72
0.03362773523062	0.73808363463249	1
0.00246828561007995	0.532305096548695	67
0.0017447688585801	0.532562193916483	67
0.03073504640225	0.740466286977461	67
0.03032368376837	0.741011018316937	179
0.00294183147764993	0.532032217355669	831
0.0398754422991101	0.734049874675633	95
-0.00142880975047999	0.534054734577795	95
-0.00729003919016003	0.536490208929206	95
0.00752013483377989	0.53011506511111	199
0.00246828561007995	0.532305096548695	95
0.00366600389301008	0.531774933095134	95
0.0875595753841001	1.69181607149347	269
0.02518307226521	0.744569276799966	72
-0.00289020322422995	0.534512321528133	1
-0.00335347787300999	0.534889336029958	72
0.00438993885030992	0.531433597211914	179
0.0342361217630101	0.737803608644795	9
0.05383007244065	0.994883375620606	95
0.03666588343696	0.736086429582356	95
0.02850844979016	0.742106412560748	95
-0.12345992855318	2.22994026989268	95
-0.00262356578869993	0.534584753118728	35
-0.0812556248523499	1.19869101365692	269
0.00246828561007995	0.532305096548695	121
0.03382413632389	0.737799364206718	72
-0.00215938518201009	0.53435945377886	72
0.03382413632389	0.737799364206718	67
0.0348441295244399	0.737457902476713	22
0.00294183147764993	0.532032217355669	179
0.0017447688585801	0.532562193916483	9
-0.00848113268972006	0.537019591842101	9
-0.00335347787300999	0.534889336029958	192
-0.00142880975047999	0.534054734577795	192
0.00246828561007995	0.532305096548695	95
0.0348441295244399	0.737457902476713	193
-0.00262356578869993	0.534584753118728	193
-0.0767887666020199	1.19250381372609	193
-0.00142880975047999	0.534054734577795	95
0.00438993885030992	0.531433597211914	95
0.0319423345526799	0.739536323340341	35
0.0017447688585801	0.532562193916483	95
0.04549328654667	1.00323826339346	35
0.0348441295244399	0.737457902476713	269
0.00246828561007995	0.532305096548695	121
0.0301308372186999	0.740833493555529	72
0.0353421342376099	0.737604114579331	72
0.00366600389301008	0.531774933095134	72
0.00438993885030992	0.531433597211914	1
0.00752013483377989	0.53011506511111	67
0.00391460850192993	0.531478987360942	9
-0.00408363202708006	0.535041876234331	22
0.00679328112155009	0.530373211909872	362
-0.00142880975047999	0.534054734577795	192
0.0342361217630101	0.737803608644795	95
0.05702199630567	0.990394200392705	95
0.0671333091288699	1.26669385007678	95
0.0255939502907101	0.744072404548632	199
-0.0868202816072401	1.20616139506103	95
-0.00802734580893993	0.536690312605626	269
0.0394607920099199	0.73428791747872	72
0.0460330872605099	1.00239409855352	72
-0.0859820259864701	1.20500246069477	72
0.03382413632389	0.737799364206718	72
0.03825151948442	0.735027413479489	9
-0.00289020322422995	0.534512321528133	9
0.00679328112155009	0.530373211909872	22
-0.00142880975047999	0.534054734577795	22
-0.00215938518201009	0.53435945377886	362
0.0017447688585801	0.532562193916483	362
0.00246828561007995	0.532305096548695	42
0.00752013483377989	0.53011506511111	42
0.0546054446842099	0.991978253817899	95
-0.0383686835465	1.47046160533993	379
0.0599602081077399	1.27907427264129	193
0.0234276220721601	0.745704007001888	199
0.05392735001719	0.994565020089135	35
0.00246828561007995	0.532305096548695	269
0.01782174227005	0.749265032773333	269
0.00294183147764993	0.532032217355669	269
0.00169688815515001	0.532694389774889	121
-0.00189389559207998	0.534121741351592	121
-0.00335347787300999	0.534889336029958	72
0.02850844979016	0.742106412560748	1
0.00294183147764993	0.532032217355669	67
-0.0767887666020199	1.19250381372609	95
0.0280679096168099	2.04192859212225	95
0.02518307226521	0.744569276799966	193
-0.0880084823332701	1.2084133059359	95
-0.08027046147504	1.1976781840248	95
0.0581928326746699	0.990382425176812	199
0.02930800140753	0.741348714485643	35
-0.00189389559207998	0.534121741351592	269
0.00366600389301008	0.531774933095134	269
-0.00262356578869993	0.534584753118728	121
0.00246828561007995	0.532305096548695	72
0.0245813550735401	0.745048164284577	72
0.04505124215201	1.00377042248523	72
0.00294183147764993	0.532032217355669	72
0.0017447688585801	0.532562193916483	1
-0.00408363202708006	0.535041876234331	1
0.04901911877248	0.999040070856556	67
0.0017447688585801	0.532562193916483	22
0.00366600389301008	0.531774933095134	22
0.00366600389301008	0.531774933095134	22
-0.0872396868408101	1.20661583050133	95
0.035040734189	0.736946074777505	95
-0.02667385356823	1.4501923185563	95
-0.00774474493264998	0.536593235425421	193
0.07689607963195	1.50092105926759	35
0.0337259191397701	0.73866407925936	269
-0.00262356578869993	0.534584753118728	121
0.0354517588405201	0.737058651118592	72
0.0017447688585801	0.532562193916483	72
0.00511363652644992	0.53094883647402	1
0.0017447688585801	0.532562193916483	67
-0.00142880975047999	0.534054734577795	22
0.00391460850192993	0.531478987360942	193
0.0017447688585801	0.532562193916483	193
0.0485742759071901	0.999525585409184	199
-0.0838821597349799	1.20284029896477	199
0.06902175884687	1.26556467109064	35
0.000367081152139903	1.66854388758558	35
0.00246828561007995	0.532305096548695	269
0.03032368376837	0.741011018316937	121
-0.0781717595818101	1.19615746000601	72
-0.00215938518201009	0.53435945377886	67
-0.00189389559207998	0.534121741351592	22
0.00679328112155009	0.530373211909872	22
0.00824674914842993	0.529773188260123	22
0.0017447688585801	0.532562193916483	42
0.0564863701142899	0.990542427271534	379
0.07363282688988	1.25846512781924	95
0.0410822349536399	0.733205072648082	193
0.04175694808196	1.00616503027352	199
-0.00262356578869993	0.534584753118728	199
0.00366600389301008	0.531774933095134	72
0.00294183147764993	0.532032217355669	67
0.00366600389301008	0.531774933095134	751
0.0682876501218099	1.26658359883883	95
-0.11584623567105	2.21291090204809	95
0.0400648637716401	0.733838039041807	199
0.0017447688585801	0.532562193916483	35
0.0233767916129299	0.745765973907936	35
-0.0384151237308401	1.46917313058223	72
0.0017447688585801	0.532562193916483	1
0.05702199630567	0.990394200392705	283
-0.0811102108094901	1.19888737123819	1
-0.00774474493264998	0.536593235425421	1
0.03032368376837	0.741011018316937	9
0.04714800698072	1.00030409419732	9
0.00438993885030992	0.531433597211914	9
-0.00262356578869993	0.534584753118728	22
0.03051800458471	0.740194948246952	878
0.00366600389301008	0.531774933095134	42
0.00316321952767007	0.53192588850646	379
0.0484391315800301	1.00094874460807	199
0.00679328112155009	0.530373211909872	199
0.00319156543243992	0.531963842405938	199
0.00824674914842993	0.529773188260123	199
0.00246828561007995	0.532305096548695	199
0.00319156543243992	0.531963842405938	199
0.0354517588405201	0.737058651118592	35
0.0832048794248901	1.24388542063682	121
0.0801098139254	1.49633895925453	72
-0.00215938518201009	0.53435945377886	67
0.0240578468961501	1.84776338667763	22
0.00391460850192993	0.531478987360942	22
0.0344326245705799	0.737399568931953	9
0.00824674914842993	0.529773188260123	803
-0.03154173346008	1.45874482373052	55
0.00246828561007995	0.532305096548695	55
0.00438993885030992	0.531433597211914	379
0.03666588343696	0.736086429582356	95
0.0017447688585801	0.532562193916483	95
0.00366600389301008	0.531774933095134	199
0.00824674914842993	0.529773188260123	199
-0.000698476746989973	0.53359178068112	199
0.0188322541939301	0.748932368454149	35
0.00391460850192993	0.531478987360942	72
0.00824674914842993	0.529773188260123	1
0.00438993885030992	0.531433597211914	1
0.00824674914842993	0.529773188260123	283
0.00391460850192993	0.531478987360942	179
-0.09178501327136	1.21204771560296	55
0.0667637659810101	1.26734742220353	55
0.00221742142717996	0.532153748454207	379
0.0017447688585801	0.532562193916483	379
-0.00262356578869993	0.534584753118728	379
-0.00215938518201009	0.53435945377886	95
0.035040734189	0.736946074777505	95
-0.000698476746989973	0.53359178068112	95
-0.00189389559207998	0.534121741351592	199
0.00246828561007995	0.532305096548695	199
0.0280964880574699	0.742148154121523	199
0.00391460850192993	0.531478987360942	35
-0.0858318860931999	1.20514242617671	35
0.0301308372186999	0.740833493555529	121
0.0859897828371201	1.48637728076898	72
0.08038209290739	1.49521155402094	72
0.00246828561007995	0.532305096548695	283
0.00319156543243992	0.531963842405938	22
0.00366600389301008	0.531774933095134	22
0.00294183147764993	0.532032217355669	22
0.05383007244065	0.994883375620606	9
0.00366600389301008	0.531774933095134	22
0.00366600389301008	0.531774933095134	192
0.00246828561007995	0.532305096548695	803
0.0438909955070601	0.731090904465366	55
0.0280964880574699	0.742148154121523	199
-0.04012825889698	1.47125223532396	199
-0.00848113268972006	0.537019591842101	95
-0.00142880975047999	0.534054734577795	35
0.0398754422991101	0.734049874675633	35
0.0297189832399001	0.74144128695738	35
0.0344326245705799	0.737399568931953	35
-0.07777312173769	1.19351333428839	35
0.0569310797832501	0.990149429197402	72
0.04047902648651	0.733654187413585	283
-0.00342895272976995	0.534820350018527	283
0.05383007244065	0.994883375620606	1
0.00438993885030992	0.531433597211914	67
0.0332152691229599	0.738145623224673	22
0.00824674914842993	0.529773188260123	9
-0.00729003919016003	0.536490208929206	892
-0.07471943453604	1.84320660176729	379
0.0788715049456801	1.49800538036134	95
0.0885614813657501	1.88022789480068	199
-0.000698476746989973	0.53359178068112	72
0.0344326245705799	0.737399568931953	72
0.0354517588405201	0.737058651118592	72
0.00897312424460006	0.529288422761213	72
-0.03155714621796	1.45628687929635	72
0.02002998611628	0.747874020267155	22
-0.0769296971693401	1.19240900505654	22
0.00366600389301008	0.531774933095134	22
-0.00408363202708006	0.535041876234331	192
0.00366600389301008	0.531774933095134	192
0.0017447688585801	0.532562193916483	892
-0.0845966340257001	1.86521893622838	95
0.10235940260242	1.84969848912306	379
-0.00554481105025007	1.67983168917346	202
0.00897312424460006	0.529288422761213	95
-0.00189389559207998	0.534121741351592	95
-0.0783208402665201	1.19576018621281	95
-0.025679931472	1.44880090827347	199
0.03032368376837	0.741011018316937	121
0.00319156543243992	0.531963842405938	35
-0.00262356578869993	0.534584753118728	35
0.02911390535499	0.741809353787203	121
0.000131077616789987	1.66833726918755	72
-0.00142880975047999	0.534054734577795	72
-0.00262356578869993	0.534584753118728	67
0.035040734189	0.736946074777505	67
0.00221742142717996	0.532153748454207	22
-0.00142880975047999	0.534054734577795	22
0.00366600389301008	0.531774933095134	22
-0.00335347787300999	0.534889336029958	713
0.00294183147764993	0.532032217355669	192
-0.0539421006157501	2.04211035646532	95
0.00438993885030992	0.531433597211914	95
-0.0366761393220401	1.46632993474145	35
0.00438993885030992	0.531433597211914	35
0.00102101500145002	0.532683365671509	121
0.00102101500145002	0.532683365671509	72
0.0531778312920601	0.993680034498627	72
0.00169688815515001	0.532694389774889	1
0.04714800698072	1.00030409419732	72
0.07054391170574	1.26326471651041	67
0.00294183147764993	0.532032217355669	22
0.02356826086701	0.745383324956546	192
0.00366600389301008	0.531774933095134	192
0.0017447688585801	0.532562193916483	192
-0.00774474493264998	0.536593235425421	95
0.05392735001719	0.994565020089135	199
0.04047902648651	0.733654187413585	35
0.00511363652644992	0.53094883647402	72
-0.0890685052069	1.20761574895606	72
-0.00729003919016003	0.536490208929206	72
0.0814244273729401	1.49433008288016	72
0.0721625148296401	1.26062799433397	72
-0.00774474493264998	0.536593235425421	283
-0.00335347787300999	0.534889336029958	22
-0.00262356578869993	0.534584753118728	22
0.00246828561007995	0.532305096548695	22
-0.0859820259864701	1.20500246069477	22
-0.0359921526395699	1.46432893644749	9
0.0017447688585801	0.532562193916483	22
0.00366600389301008	0.531774933095134	22
0.00366600389301008	0.531774933095134	22
0.00246828561007995	0.532305096548695	192
0.0017447688585801	0.532562193916483	192
0.00243017604661011	0.532388959419506	192
0.0017447688585801	0.532562193916483	192
0.00438993885030992	0.531433597211914	192
0.02765177591823	2.04278699133134	95
-0.0724067421461301	1.84028204112172	95
0.0821517481115599	1.70315780423307	95
-0.00189389559207998	0.534121741351592	95
0.00391460850192993	0.531478987360942	35
0.00511363652644992	0.53094883647402	35
0.00246828561007995	0.532305096548695	35
0.00246828561007995	0.532305096548695	72
0.0525042938961999	0.996140943971427	72
-0.00335347787300999	0.534889336029958	1
0.00246828561007995	0.532305096548695	283
0.0342361217630101	0.737803608644795	1
-0.00142880975047999	0.534054734577795	67
0.0233767916129299	0.745765973907936	22
0.00606618783247992	0.53049613470456	630
-0.00189389559207998	0.534121741351592	202
0.05844645029935	0.988846065329961	199
0.03666588343696	0.736086429582356	199
-0.00142880975047999	0.534054734577795	199
0.02397926162987	0.745446937601401	35
0.00366600389301008	0.531774933095134	35
0.0348441295244399	0.737457902476713	72
0.0486659317806399	0.999426352901855	72
0.0710364437729401	1.26028735264636	1
0.00294183147764993	0.532032217355669	283
0.0234276220721601	0.745704007001888	22
0.03032368376837	0.741011018316937	22
0.0017447688585801	0.532562193916483	22
0.02397926162987	0.745446937601401	22
-0.00335347787300999	0.534889336029958	22
-0.00408363202708006	0.535041876234331	803
-0.0349204493228801	1.46280725192452	202
0.00294183147764993	0.532032217355669	95
-0.00729003919016003	0.536490208929206	35
0.00366600389301008	0.531774933095134	72
0.00606618783247992	0.53049613470456	72
0.00752013483377989	0.53011506511111	72
0.03704073947255	0.735441104980839	504
-0.00848113268972006	0.537019591842101	504
0.00366600389301008	0.531774933095134	22
0.0017447688585801	0.532562193916483	362
0.00243017604661011	0.532388959419506	192
0.09612422101387	1.86491968561862	55
0.00319156543243992	0.531963842405938	95
-0.00335347787300999	0.534889336029958	35
0.00246828561007995	0.532305096548695	283
0.02518307226521	0.744569276799966	504
-0.00189389559207998	0.534121741351592	670
0.0017447688585801	0.532562193916483	22
0.00294183147764993	0.532032217355669	192
-0.01130021499074	1.68934312648891	55
0.0186447945286501	0.748491539202439	95
0.07691013530932	1.50013313115986	202
-0.00262356578869993	0.534584753118728	202
-0.00262356578869993	0.534584753118728	202
0.00319156543243992	0.531963842405938	95
0.03625581884271	0.735761576768321	95
-0.00335347787300999	0.534889336029958	95
-0.02766694029478	1.45085430891186	199
0.00366600389301008	0.531774933095134	35
-0.00408363202708006	0.535041876234331	121
0.00366600389301008	0.531774933095134	121
0.07756507089799	1.49947821095222	72
0.00438993885030992	0.531433597211914	1
0.00438993885030992	0.531433597211914	1
0.0017447688585801	0.532562193916483	283
0.0494637383355001	0.998484502021734	504
-0.00858449596641009	0.536781467241486	504
0.00294183147764993	0.532032217355669	22
0.00366600389301008	0.531774933095134	362
0.02397926162987	0.745446937601401	192
-0.00262356578869993	0.534584753118728	192
0.0568302334778801	2.15759458211135	95
0.00316321952767007	0.53192588850646	95
0.03073504640225	0.740466286977461	202
-0.0026891496364001	0.534393708496841	199
0.0493183422196699	0.99996641652363	35
-0.000698476746989973	0.53359178068112	72
0.00243017604661011	0.532388959419506	72
0.0313388787394899	0.740037005484058	67
0.0017447688585801	0.532562193916483	67
0.00438993885030992	0.531433597211914	504
0.02930800140753	0.741348714485643	22
0.00824674914842993	0.529773188260123	630
0.00319156543243992	0.531963842405938	22
0.00752013483377989	0.53011506511111	192
0.0248686958344599	1.84778877646196	95
-0.08195069977383	1.19979508294437	95
0.0293039149016501	1.83594137992242	202
0.02443619317019	0.745073189786217	95
0.06955199442921	1.26390425832327	35
0.00391460850192993	0.531478987360942	121
0.00319156543243992	0.531963842405938	121
0.00319156543243992	0.531963842405938	72
0.00294183147764993	0.532032217355669	72
0.03382413632389	0.737799364206718	1
0.03032368376837	0.741011018316937	67
0.00319156543243992	0.531963842405938	504
0.0344326245705799	0.737399568931953	22
0.00246828561007995	0.532305096548695	22
0.00438993885030992	0.531433597211914	192
0.00438993885030992	0.531433597211914	113
0.00391460850192993	0.531478987360942	192
0.03605901003645	0.736605692124347	192
0.0325454141636501	0.738886855437389	55
-0.0346101147222799	1.46427027960814	202
-0.00335347787300999	0.534889336029958	95
-0.00142880975047999	0.534054734577795	35
0.00391460850192993	0.531478987360942	35
0.00246828561007995	0.532305096548695	72
0.0824206459807599	1.49283528588575	72
0.00246828561007995	0.532305096548695	1
0.00391460850192993	0.531478987360942	1
0.02870243366597	0.741779531267693	504
-0.0786172874648801	1.19435859675051	22
0.02911390535499	0.741809353787203	22
0.0616979831907401	1.27617668502717	95
0.10044426725661	2.02876157595359	379
0.0592761884827999	1.27898561897245	202
-0.0925126199272599	1.21250354659283	95
0.00391460850192993	0.531478987360942	35
0.03647041824491	0.736086036474592	72
0.00294183147764993	0.532032217355669	72
-0.0779023960469101	1.19520055224122	72
0.0348441295244399	0.737457902476713	72
0.02850844979016	0.742106412560748	504
0.00366600389301008	0.531774933095134	22
0.00243017604661011	0.532388959419506	22
0.0353421342376099	0.737604114579331	113
0.00294183147764993	0.532032217355669	192
0.10720744901715	2.01161757619177	55
0.0574663175294701	0.990058806612059	95
-0.00262356578869993	0.534584753118728	95
0.0909828592601101	1.68680525418937	199
0.00102101500145002	0.532683365671509	72
0.00391460850192993	0.531478987360942	67
0.0232460612619101	0.745862697686826	22
-0.00189389559207998	0.534121741351592	113
0.00438993885030992	0.531433597211914	803
-0.0267442003310201	1.4515038046122	202
0.02518307226521	0.744569276799966	95
-0.00986368021695005	1.68711399816311	199
0.00438993885030992	0.531433597211914	95
0.00319156543243992	0.531963842405938	35
-0.0136384494967099	0.538983877530966	72
-0.00189389559207998	0.534121741351592	283
0.00511363652644992	0.53094883647402	67
-0.00189389559207998	0.534121741351592	22
-0.00142880975047999	0.534054734577795	22
0.02619479089086	0.74359461111114	22
-0.00262356578869993	0.534584753118728	362
-0.0136384494967099	0.538983877530966	192
-0.00262356578869993	0.534584753118728	192
0.00391460850192993	0.531478987360942	202
0.00824674914842993	0.529773188260123	95
0.0017447688585801	0.532562193916483	95
0.00366600389301008	0.531774933095134	95
0.0309280072634499	0.740509202720264	199
0.00366600389301008	0.531774933095134	35
0.00391460850192993	0.531478987360942	35
-0.09068641412257	1.2110687303306	72
-0.0636659087775	1.17710059832463	1
0.00319156543243992	0.531963842405938	67
-0.0728633621111201	1.18827079387898	22
0.05451763196394	0.992496519663589	22
0.00752013483377989	0.53011506511111	630
0.00824674914842993	0.529773188260123	630
0.00294183147764993	0.532032217355669	362
0.0299131916059701	0.740846365603413	192
-0.0308415578201799	1.45555640085234	55
-0.00335347787300999	0.534889336029958	95
0.04901911877248	0.999040070856556	199
0.0491106074735499	0.999066624675767	95
0.0347415204314101	0.738030619991319	35
0.03605901003645	0.736605692124347	72
0.00319156543243992	0.531963842405938	72
0.08144399934478	1.49428997651201	72
0.0965588237833499	1.67470998545224	72
0.00294183147764993	0.532032217355669	1
0.00246828561007995	0.532305096548695	67
-0.00933115168163989	0.537103969915383	67
0.0348441295244399	0.737457902476713	22
0.00294183147764993	0.532032217355669	113
0.07221953495353	1.50932514826152	513
-0.00262356578869993	0.534584753118728	35
0.00366600389301008	0.531774933095134	35
-0.00262356578869993	0.534584753118728	72
0.03382413632389	0.737799364206718	72
-0.07726783965053	1.84857816478541	72
-0.00142880975047999	0.534054734577795	1
0.0394607920099199	0.73428791747872	1
0.0188322541939301	0.748932368454149	670
0.00319156543243992	0.531963842405938	113
0.0017447688585801	0.532562193916483	113
0.00319156543243992	0.531963842405938	192
0.08077303818204	1.49537514394096	95
-0.07777312173769	1.19351333428839	55
0.0354517588405201	0.737058651118592	202
-0.0806902437405701	1.19832509955743	35
-0.00142880975047999	0.534054734577795	72
0.00102101500145002	0.532683365671509	72
-0.00289020322422995	0.534512321528133	1
0.04416648514979	1.00461354139908	67
0.00246828561007995	0.532305096548695	630
0.00366600389301008	0.531774933095134	22
0.00679328112155009	0.530373211909872	22
0.0342361217630101	0.737803608644795	22
-0.00142880975047999	0.534054734577795	113
-0.00215938518201009	0.53435945377886	113
0.00221742142717996	0.532153748454207	192
0.0670294156742	1.26867597676015	55
-0.06853210444034	1.83160007418283	55
0.0935001300420899	1.47289571583529	55
0.00316321952767007	0.53192588850646	35
-0.00262356578869993	0.534584753118728	35
-0.00189389559207998	0.534121741351592	72
0.00366600389301008	0.531774933095134	72
0.0348441295244399	0.737457902476713	1
-0.00262356578869993	0.534584753118728	1
0.0017447688585801	0.532562193916483	1
0.00319156543243992	0.531963842405938	1
0.00246828561007995	0.532305096548695	1
0.00366600389301008	0.531774933095134	67
0.0348441295244399	0.737457902476713	67
0.00294183147764993	0.532032217355669	22
-0.00215938518201009	0.53435945377886	22
0.0017447688585801	0.532562193916483	113
0.00294183147764993	0.532032217355669	113
-0.00289020322422995	0.534512321528133	113
0.0017447688585801	0.532562193916483	192
-0.0416609650189299	2.01532471975553	55
-0.07523563201585	1.19196504302727	199
0.06493061688622	1.27073781071574	199
0.03859958118163	2.0181298136981	199
0.02282270626992	1.84977916017475	35
0.00246828561007995	0.532305096548695	35
0.00438993885030992	0.531433597211914	72
0.04887884777412	1.00049518335591	72
-0.00262356578869993	0.534584753118728	1
0.00679328112155009	0.530373211909872	1
0.00319156543243992	0.531963842405938	22
0.0243911415490099	0.744788514499998	22
-0.00189389559207998	0.534121741351592	192
-0.00262356578869993	0.534584753118728	192
0.0683923041649901	1.26678153128895	55
0.08534525332959	1.69748959319564	202
0.0743237426366199	1.25787404413663	95
-0.00266003867303999	1.67313604082674	95
-0.07943955904213	1.85490886866242	199
0.0743201061650101	1.25768674315854	35
0.02870243366597	0.741779531267693	72
0.00102101500145002	0.532683365671509	1
-0.00921776759309001	0.53721941864807	1
0.00438993885030992	0.531433597211914	1
0.00606618783247992	0.53049613470456	1
0.00246828561007995	0.532305096548695	22
0.00102101500145002	0.532683365671509	362
0.00897312424460006	0.529288422761213	192
0.00511363652644992	0.53094883647402	202
0.00246828561007995	0.532305096548695	95
0.08779926371028	1.69329323258824	199
0.0844166114657701	1.48902989196812	513
0.09262899242851	1.47384511793725	35
0.00353866125901003	1.66300659966009	35
0.04460897506561	1.00422715477358	72
0.0354517588405201	0.737058651118592	22
0.00294183147764993	0.532032217355669	178
-0.000698476746989973	0.53359178068112	192
0.03564846550468	0.736426287452659	192
-0.00215938518201009	0.53435945377886	192
-0.09194035052511	1.21257305493902	55
0.03564846550468	0.736426287452659	202
0.00438993885030992	0.531433597211914	199
-0.03670273977412	1.46637529439748	199
0.03032368376837	0.741011018316937	199
0.0348441295244399	0.737457902476713	35
0.0544315521643699	0.992291924175348	72
0.035040734189	0.736946074777505	22
0.0521114774560001	0.994180952048236	22
0.00366600389301008	0.531774933095134	22
0.00824674914842993	0.529773188260123	22
-0.00335347787300999	0.534889336029958	178
0.0398754422991101	0.734049874675633	178
0.00366600389301008	0.531774933095134	178
0.09229891703659	1.87246025181615	55
-0.0407688022139101	2.01357810423405	202
-0.07777312173769	1.19351333428839	95
0.00294183147764993	0.532032217355669	199
0.00246828561007995	0.532305096548695	35
0.0017447688585801	0.532562193916483	72
0.0529464424100199	0.995784069644317	72
0.0821847891943599	1.49215067706175	734
-0.00655298027038009	0.53606385526815	1
0.00294183147764993	0.532032217355669	1
-0.0915221868912099	1.21216397373307	22
0.00391460850192993	0.531478987360942	22
0.00391460850192993	0.531478987360942	22
0.00391460850192993	0.531478987360942	202
0.02798414743867	0.742664548988016	202
0.00294183147764993	0.532032217355669	199
0.00294183147764993	0.532032217355669	35
0.00511363652644992	0.53094883647402	35
-0.00848113268972006	0.537019591842101	1
-0.00215938518201009	0.53435945377886	72
0.02930800140753	0.741348714485643	72
0.0017447688585801	0.532562193916483	22
-0.00142880975047999	0.534054734577795	22
-0.0829377303627199	1.20081090618897	22
0.00319156543243992	0.531963842405938	22
0.00438993885030992	0.531433597211914	362
0.0348441295244399	0.737457902476713	113
0.00366600389301008	0.531774933095134	113
-0.00408363202708006	0.535041876234331	178
0.00319156543243992	0.531963842405938	55
0.0394607920099199	0.73428791747872	55
0.0354517588405201	0.737058651118592	199
0.04308210413111	1.00662896446541	199
-0.08067888196102	1.85754451429551	35
0.00246828561007995	0.532305096548695	1
-0.00335347787300999	0.534889336029958	1
0.0391238323891701	1.01103373704459	1
0.0017447688585801	0.532562193916483	72
-0.0769296971693401	1.19240900505654	734
-0.00802734580893993	0.536690312605626	1
0.00366600389301008	0.531774933095134	67
0.00246828561007995	0.532305096548695	178
0.0017447688585801	0.532562193916483	178
0.0331240577334599	0.739029403250235	199
0.05196571989041	0.996267358383412	95
-0.03905817725707	1.46985378484052	35
0.00366600389301008	0.531774933095134	35
-0.00335347787300999	0.534889336029958	1
0.00824674914842993	0.529773188260123	1
0.03032368376837	0.741011018316937	72
0.03825151948442	0.735027413479489	1
-0.00262356578869993	0.534584753118728	22
0.0342361217630101	0.737803608644795	22
0.0400648637716401	0.733838039041807	22
0.02397926162987	0.745446937601401	22
0.03032368376837	0.741011018316937	192
0.0348441295244399	0.737457902476713	95
-0.0022741735473899	1.67399142985502	95
0.03073504640225	0.740466286977461	49
0.0440695907957001	1.00465394433231	650
0.0017447688585801	0.532562193916483	1
0.03199639655239	0.738564513084407	72
0.00752013483377989	0.53011506511111	1
-0.00215938518201009	0.53435945377886	1
0.0313388787394899	0.740037005484058	67
0.0280964880574699	0.742148154121523	22
-0.00215938518201009	0.53435945377886	22
0.00294183147764993	0.532032217355669	362
0.00221742142717996	0.532153748454207	22
0.00511363652644992	0.53094883647402	803
0.10722204479741	2.48524448992711	55
-0.0830471855020001	1.20201746051507	95
0.0491106074735499	0.999066624675767	379
-0.00413946162408996	1.67660553415396	202
-0.0771848916640701	1.19470927673185	199
0.05255906994529	0.993729664494819	199
0.0531778312920601	0.993680034498627	1
0.0370768100507199	0.735634103186099	1
0.0394607920099199	0.73428791747872	1
-0.00142880975047999	0.534054734577795	1
-0.00408363202708006	0.535041876234331	1
-0.00189389559207998	0.534121741351592	67
0.00246828561007995	0.532305096548695	1
0.05781983031748	0.989197548144462	1
-0.07650826255834	1.19174194282467	1
0.00246828561007995	0.532305096548695	22
-0.00142880975047999	0.534054734577795	228
0.00246828561007995	0.532305096548695	22
0.0481292096019901	0.999948591765882	22
0.00319156543243992	0.531963842405938	362
0.00246828561007995	0.532305096548695	22
0.0017447688585801	0.532562193916483	113
-0.00215938518201009	0.53435945377886	113
-0.000698476746989973	0.53359178068112	113
0.00366600389301008	0.531774933095134	192
-0.0384151237308401	1.46917313058223	55
0.0576501102160201	1.28006081883521	513
0.0515229543781399	0.996624821057001	72
0.0017447688585801	0.532562193916483	1
-0.07721029400492	1.19295758109662	67
0.00316321952767007	0.53192588850646	22
-0.000698476746989973	0.53359178068112	178
0.00319156543243992	0.531963842405938	192
-0.00289020322422995	0.534512321528133	13
0.0480391426403199	0.999394559916944	202
0.0358636488266999	0.736484372081891	202
0.00294183147764993	0.532032217355669	95
-0.0815303627858499	1.19937634441635	49
-0.00262356578869993	0.534584753118728	1
0.03927148206998	0.734392295037367	22
0.00319156543243992	0.531963842405938	192
-0.00408363202708006	0.535041876234331	55
0.00679328112155009	0.530373211909872	95
-0.00335347787300999	0.534889336029958	35
0.00391460850192993	0.531478987360942	55
0.04887884777412	1.00049518335591	55
0.00824674914842993	0.529773188260123	95
0.0342361217630101	0.737803608644795	202
0.00319156543243992	0.531963842405938	513
0.0353421342376099	0.737604114579331	513
0.00897312424460006	0.529288422761213	650
0.00438993885030992	0.531433597211914	35
0.0348441295244399	0.737457902476713	72
0.0563880692096701	0.99005711596152	734
0.00319156543243992	0.531963842405938	51
0.00438993885030992	0.531433597211914	22
0.00438993885030992	0.531433597211914	22
-0.0952076499527099	1.21695666303425	55
0.035040734189	0.736946074777505	95
0.0344326245705799	0.737399568931953	95
0.0530912690249701	0.993824520513092	95
-0.000698476746989973	0.53359178068112	202
0.00511363652644992	0.53094883647402	513
0.0543686588497101	0.994146711071465	35
-0.00921776759309001	0.53721941864807	35
0.0348441295244399	0.737457902476713	734
0.03382413632389	0.737799364206718	734
0.0332152691229599	0.738145623224673	51
0.00294183147764993	0.532032217355669	67
-0.00262356578869993	0.534584753118728	67
0.04901911877248	0.999040070856556	55
0.0677641387188499	1.26732680456204	95
-0.02329987108905	1.44480409678935	202
0.0343274050920901	0.73823682262087	95
-0.0311189822624101	1.45575721209761	49
0.0631361499645899	1.27329040432222	49
0.00246828561007995	0.532305096548695	22
-0.0315452570507999	1.45858888964803	95
0.03414053167988	0.73839524602128	1
0.00294183147764993	0.532032217355669	51
0.0297189832399001	0.74144128695738	22
0.03382413632389	0.737799364206718	22
0.00438993885030992	0.531433597211914	113
-0.00142880975047999	0.534054734577795	113
-0.00189389559207998	0.534121741351592	113
0.0670155556539001	1.26733267658607	382
0.02870243366597	0.741779531267693	650
-0.00335347787300999	0.534889336029958	134
-0.00335347787300999	0.534889336029958	134
-0.00142880975047999	0.534054734577795	67
-0.00262356578869993	0.534584753118728	67
0.00752013483377989	0.53011506511111	67
0.00438993885030992	0.531433597211914	22
0.02930800140753	0.741348714485643	158
0.0233767916129299	0.745765973907936	22
0.00319156543243992	0.531963842405938	22
0.00246828561007995	0.532305096548695	178
0.00319156543243992	0.531963842405938	192
0.07326486271646	1.50662486799872	55
-0.0321926288260601	1.45717364818873	95
0.08480984483007	1.69904420907439	95
-0.0263901422077999	1.45100327061985	513
0.00897312424460006	0.529288422761213	35
0.0332152691229599	0.738145623224673	134
0.03362773523062	0.73808363463249	72
-0.0823712218775099	1.20014031624836	67
0.0017447688585801	0.532562193916483	67
0.03032368376837	0.741011018316937	158
0.00246828561007995	0.532305096548695	113
0.00438993885030992	0.531433597211914	113
0.00319156543243992	0.531963842405938	192
0.00679328112155009	0.530373211909872	192
0.06763829529453	1.26634818949054	202
-0.0374231803779901	1.46844353853054	513
0.00319156543243992	0.531963842405938	95
-0.00335347787300999	0.534889336029958	35
-0.08209630742905	1.1999018243829	72
0.02911390535499	0.741809353787203	67
-0.00215938518201009	0.53435945377886	67
0.00679328112155009	0.530373211909872	22
-0.00142880975047999	0.534054734577795	22
0.00752013483377989	0.53011506511111	22
-0.00335347787300999	0.534889336029958	22
0.00319156543243992	0.531963842405938	22
0.00294183147764993	0.532032217355669	192
0.0017447688585801	0.532562193916483	192
0.0481292096019901	0.999948591765882	513
-0.08596639151973	1.8667957583536	35
0.00752013483377989	0.53011506511111	134
-0.00289020322422995	0.534512321528133	134
-0.0776029500216999	1.19505132339018	51
0.0354517588405201	0.737058651118592	67
0.00246828561007995	0.532305096548695	67
-0.0781951119041	1.19396778018936	22
0.00438993885030992	0.531433597211914	192
-0.00142880975047999	0.534054734577795	113
0.00246828561007995	0.532305096548695	13
0.00102101500145002	0.532683365671509	13
0.02014205492939	1.85619648240141	49
-0.08154828235449	1.857560558505	35
0.0671333091288699	1.26669385007678	45
0.04416648514979	1.00461354139908	22
0.0301308372186999	0.740833493555529	22
0.00511363652644992	0.53094883647402	178
-0.00335347787300999	0.534889336029958	13
-0.00335347787300999	0.534889336029958	92
0.00246828561007995	0.532305096548695	92
-0.0226520461246	2.18774820274549	202
0.0625107889387699	1.27384750902197	35
0.07075312006368	1.20105733242942	1
0.00102101500145002	0.532683365671509	1
0.0495550598469101	0.998644372218219	72
0.07551117933846	1.50411048711055	51
0.04799919350267	1.00133216698691	67
-0.0781951119041	1.19396778018936	22
0.00294183147764993	0.532032217355669	686
0.0017447688585801	0.532562193916483	13
0.07985032786499	1.49609365780452	55
-0.0400566773421001	1.47040298170641	95
-0.0878083211524801	1.20650169326697	382
0.0297795544396799	0.741163363973895	1
0.0268834619420899	0.742596934720208	1
0.0017447688585801	0.532562193916483	190
-0.0767887666020199	1.19250381372609	72
0.00824674914842993	0.529773188260123	51
0.00752013483377989	0.53011506511111	51
0.0255939502907101	0.744072404548632	67
0.00246828561007995	0.532305096548695	45
0.0348441295244399	0.737457902476713	45
0.00319156543243992	0.531963842405938	22
0.00752013483377989	0.53011506511111	22
0.00438993885030992	0.531433597211914	22
0.00679328112155009	0.530373211909872	192
0.03647041824491	0.736086036474592	95
0.0370768100507199	0.735634103186099	49
0.00221742142717996	0.532153748454207	650
0.0245813550735401	0.745048164284577	650
0.0494637383355001	0.998484502021734	35
-0.00408363202708006	0.535041876234331	1
0.03073504640225	0.740466286977461	190
0.00366600389301008	0.531774933095134	190
-0.00142880975047999	0.534054734577795	51
0.00752013483377989	0.53011506511111	67
0.00294183147764993	0.532032217355669	67
-0.00335347787300999	0.534889336029958	45
0.00366600389301008	0.531774933095134	45
0.00438993885030992	0.531433597211914	22
0.00246828561007995	0.532305096548695	192
-0.11685792921996	1.63723942773612	55
-0.00262356578869993	0.534584753118728	55
-0.0394147482132701	1.47040202982303	95
0.00319156543243992	0.531963842405938	382
0.0017447688585801	0.532562193916483	95
0.03032368376837	0.741011018316937	382
0.0561741123811801	1.28196849519713	49
-0.00215938518201009	0.53435945377886	190
0.0394607920099199	0.73428791747872	72
0.0370768100507199	0.735634103186099	1
0.00319156543243992	0.531963842405938	67
0.03051800458471	0.740194948246952	67
0.00438993885030992	0.531433597211914	382
0.00316321952767007	0.53192588850646	95
-0.00335347787300999	0.534889336029958	51
0.0017447688585801	0.532562193916483	67
0.00319156543243992	0.531963842405938	192
-0.00335347787300999	0.534889336029958	192
0.00319156543243992	0.531963842405938	192
-0.0297690963995501	1.4539346954493	49
-0.00655298027038009	0.53606385526815	35
0.0344326245705799	0.737399568931953	134
0.0348441295244399	0.737457902476713	134
0.0120945427017101	1.87275038637936	72
0.0530912690249701	0.993824520513092	1
0.00366600389301008	0.531774933095134	1
0.00366600389301008	0.531774933095134	38
0.00246828561007995	0.532305096548695	67
-0.00142880975047999	0.534054734577795	45
-0.00335347787300999	0.534889336029958	45
-0.00142880975047999	0.534054734577795	192
0.00438993885030992	0.531433597211914	192
0.0666618597728299	1.26922318664635	513
0.08830237508151	1.69196059758121	95
-0.00142880975047999	0.534054734577795	35
0.00391460850192993	0.531478987360942	35
0.03382413632389	0.737799364206718	1
0.00319156543243992	0.531963842405938	51
0.00366600389301008	0.531774933095134	67
0.00246828561007995	0.532305096548695	67
0.00511363652644992	0.53094883647402	158
0.00294183147764993	0.532032217355669	192
0.0793252594660601	1.25009459464072	202
0.00391460850192993	0.531478987360942	95
0.00319156543243992	0.531963842405938	382
0.03647041824491	0.736086036474592	382
0.0410822349536399	0.733205072648082	650
0.01399546219168	1.86918418213012	650
0.0348441295244399	0.737457902476713	35
-0.07748413615678	1.19455651863096	35
0.00319156543243992	0.531963842405938	35
0.00366600389301008	0.531774933095134	1
-0.00802734580893993	0.536690312605626	1
0.0462559759769701	1.00095580133834	51
-0.00729003919016003	0.536490208929206	51
-0.00921776759309001	0.53721941864807	67
0.0342361217630101	0.737803608644795	158
0.00169688815515001	0.532694389774889	22
-0.00335347787300999	0.534889336029958	22
0.00752013483377989	0.53011506511111	22
0.00246828561007995	0.532305096548695	13
0.00246828561007995	0.532305096548695	192
0.00319156543243992	0.531963842405938	192
-0.00142880975047999	0.534054734577795	192
-0.00142880975047999	0.534054734577795	35
-0.000698476746989973	0.53359178068112	134
0.00102101500145002	0.532683365671509	51
0.00366600389301008	0.531774933095134	38
0.02518307226521	0.744569276799966	67
0.0017447688585801	0.532562193916483	45
0.0354517588405201	0.737058651118592	45
0.03825151948442	0.735027413479489	22
0.02296529130888	0.745782655478961	22
-0.00262356578869993	0.534584753118728	145
0.00319156543243992	0.531963842405938	55
-0.00262356578869993	0.534584753118728	95
-0.07504426762234	2.34143995903196	35
0.00243017604661011	0.532388959419506	134
0.00438993885030992	0.531433597211914	134
0.0017447688585801	0.532562193916483	1
0.0342361217630101	0.737803608644795	1
-0.09324593546574	1.88023607494238	1
0.035040734189	0.736946074777505	67
-0.0809633157566401	1.19815263463342	67
-0.00729003919016003	0.536490208929206	67
-0.09136695556957	1.21186082540798	158
-0.00774474493264998	0.536593235425421	158
0.00294183147764993	0.532032217355669	22
0.0649140990255099	1.26954483155559	406
0.00511363652644992	0.53094883647402	382
0.00391460850192993	0.531478987360942	95
-0.0868431175264	1.86786620328664	35
0.00246828561007995	0.532305096548695	35
-0.0866699389924199	1.20596972159652	190
-0.000698476746989973	0.53359178068112	1
0.06837691530202	1.26539986185858	1
0.0709136467192	1.26080435567945	1
0.00366600389301008	0.531774933095134	1
0.00824674914842993	0.529773188260123	51
0.02397926162987	0.745446937601401	67
0.0354517588405201	0.737058651118592	67
0.00294183147764993	0.532032217355669	22
0.00366600389301008	0.531774933095134	22
-0.000698476746989973	0.53359178068112	13
-0.00335347787300999	0.534889336029958	884
0.00319156543243992	0.531963842405938	884
0.03605901003645	0.736605692124347	192
-0.0781717595818101	1.19615746000601	49
0.00438993885030992	0.531433597211914	1
0.0245813550735401	0.745048164284577	67
0.04047902648651	0.733654187413585	38
-0.00262356578869993	0.534584753118728	67
0.04416648514979	1.00461354139908	67
-0.00189389559207998	0.534121741351592	22
-0.00215938518201009	0.53435945377886	22
-0.00142880975047999	0.534054734577795	192
0.0398754422991101	0.734049874675633	192
0.0470170031811501	1.00181534685326	190
-0.0775258531384599	2.34907429491966	1
0.00438993885030992	0.531433597211914	51
0.07823517493595	1.49763650250727	67
0.02870243366597	0.741779531267693	67
0.01842168041068	0.748817153272625	67
0.0354517588405201	0.737058651118592	22
0.00221742142717996	0.532153748454207	22
0.00438993885030992	0.531433597211914	22
-0.00189389559207998	0.534121741351592	22
0.0372723793663901	0.735422222575502	382
0.0017447688585801	0.532562193916483	382
0.0245813550735401	0.745048164284577	22
0.0485742759071901	0.999525585409184	158
0.02870243366597	0.741779531267693	22
-0.00408363202708006	0.535041876234331	22
0.00246828561007995	0.532305096548695	192
-0.00142880975047999	0.534054734577795	192
0.0712837906052399	1.2603302214193	95
0.0233767916129299	0.745765973907936	650
0.00169688815515001	0.532694389774889	650
0.0337259191397701	0.73866407925936	190
-0.00142880975047999	0.534054734577795	190
0.00391460850192993	0.531478987360942	38
0.0574663175294701	0.990058806612059	158
0.00319156543243992	0.531963842405938	13
0.0533883685460601	0.995364856999185	95
-0.0394147482132701	1.47040202982303	650
0.03605901003645	0.736605692124347	1
0.00366600389301008	0.531774933095134	1
0.00897312424460006	0.529288422761213	51
0.0315319540477701	0.739858295482413	67
0.02499273395026	0.744470247034485	38
0.00366600389301008	0.531774933095134	154
0.0342361217630101	0.737803608644795	158
0.0348441295244399	0.737457902476713	158
0.00102101500145002	0.532683365671509	13
0.00246828561007995	0.532305096548695	13
-0.00848113268972006	0.537019591842101	95
0.00319156543243992	0.531963842405938	382
0.03605901003645	0.736605692124347	35
0.02930800140753	0.741348714485643	35
0.00752013483377989	0.53011506511111	190
0.00294183147764993	0.532032217355669	51
0.02397926162987	0.745446937601401	51
0.0313388787394899	0.740037005484058	67
0.0400648637716401	0.733838039041807	22
0.00366600389301008	0.531774933095134	13
-0.00774474493264998	0.536593235425421	192
-0.00408363202708006	0.535041876234331	686
0.00263667578329008	1.66504221321531	95
-0.000698476746989973	0.53359178068112	95
-0.0781717595818101	1.19615746000601	382
0.00319156543243992	0.531963842405938	35
0.00438993885030992	0.531433597211914	134
-0.0776320066213401	1.19334777271758	1
0.0370768100507199	0.735634103186099	22
0.00169688815515001	0.532694389774889	884
-0.00289020322422995	0.534512321528133	192
-0.0750984370469101	2.34178389916991	55
0.00438993885030992	0.531433597211914	382
0.0815185218350301	1.49336985586135	382
0.0309280072634499	0.740509202720264	134
-0.000698476746989973	0.53359178068112	134
0.0342361217630101	0.737803608644795	38
0.03032368376837	0.741011018316937	38
0.00438993885030992	0.531433597211914	13
0.0017447688585801	0.532562193916483	13
0.07878589494497	1.4988780582068	55
0.0787027356474099	1.25035115388405	95
0.0344326245705799	0.737399568931953	95
0.00319156543243992	0.531963842405938	382
0.03073504640225	0.740466286977461	382
0.02899712070884	0.742031605098525	49
-0.08209630742905	1.1999018243829	650
0.00438993885030992	0.531433597211914	1
0.00319156543243992	0.531963842405938	67
0.03032368376837	0.741011018316937	22
0.00679328112155009	0.530373211909872	22
0.0902442324008199	1.87672317889612	49
0.0299131916059701	0.740846365603413	650
0.0343274050920901	0.73823682262087	134
0.0241708536610901	0.74490389431856	690
-0.00289020322422995	0.534512321528133	690
-0.000698476746989973	0.53359178068112	190
0.0733812536701901	1.25710993659645	51
0.00606618783247992	0.53049613470456	51
0.0358636488266999	0.736484372081891	38
0.0531778312920601	0.993680034498627	67
0.00752013483377989	0.53011506511111	274
0.00246828561007995	0.532305096548695	22
0.0730868509528899	1.25778635338389	22
0.0017447688585801	0.532562193916483	158
0.0313388787394899	0.740037005484058	22
0.00102101500145002	0.532683365671509	13
0.00824674914842993	0.529773188260123	13
0.0476839197190999	1.00030901947175	192
0.0017447688585801	0.532562193916483	192
0.0510047468838799	2.347767681408	55
0.0470170031811501	1.00181534685326	95
-0.00142880975047999	0.534054734577795	95
-0.00142880975047999	0.534054734577795	399
0.03032368376837	0.741011018316937	690
0.0017447688585801	0.532562193916483	51
-0.00729003919016003	0.536490208929206	38
0.00246828561007995	0.532305096548695	38
-0.0143816470099101	0.539305515921282	67
0.00438993885030992	0.531433597211914	22
-0.00262356578869993	0.534584753118728	22
0.00246828561007995	0.532305096548695	13
0.0017447688585801	0.532562193916483	192
0.0017447688585801	0.532562193916483	192
0.00824674914842993	0.529773188260123	382
-0.00655298027038009	0.53606385526815	399
0.06555841382226	1.27041277001524	35
0.00824674914842993	0.529773188260123	35
-0.00289020322422995	0.534512321528133	35
0.0309280072634499	0.740509202720264	134
0.00824674914842993	0.529773188260123	51
-0.00142880975047999	0.534054734577795	67
0.0017447688585801	0.532562193916483	22
0.00246828561007995	0.532305096548695	22
0.0353421342376099	0.737604114579331	22
0.0017447688585801	0.532562193916483	192
0.03647041824491	0.736086036474592	95
0.0738252079886901	1.25690343131205	95
0.08928438423298	1.48073565814413	382
-0.07906465626911	1.85423620402137	49
-0.00262356578869993	0.534584753118728	35
0.00294183147764993	0.532032217355669	51
0.06486861871174	1.27067859991684	38
0.00319156543243992	0.531963842405938	67
0.0017447688585801	0.532562193916483	22
0.0348441295244399	0.737457902476713	22
0.0017447688585801	0.532562193916483	22
-0.00142880975047999	0.534054734577795	13
0.03362773523062	0.73808363463249	192
0.0297189832399001	0.74144128695738	192
0.0017447688585801	0.532562193916483	192
0.00319156543243992	0.531963842405938	92
0.12156239391069	2.29241176953441	55
-0.00262356578869993	0.534584753118728	95
0.00169688815515001	0.532694389774889	382
0.00438993885030992	0.531433597211914	49
0.000963355668319954	0.532848557178048	95
-0.0946299316379	1.21563523537174	35
0.00438993885030992	0.531433597211914	134
0.0347415204314101	0.738030619991319	690
0.0297189832399001	0.74144128695738	1
0.00294183147764993	0.532032217355669	51
0.0297189832399001	0.74144128695738	22
0.0348441295244399	0.737457902476713	22
0.00246828561007995	0.532305096548695	22
0.00511363652644992	0.53094883647402	192
0.00294183147764993	0.532032217355669	13
0.00897312424460006	0.529288422761213	92
-0.00335347787300999	0.534889336029958	95
0.00511363652644992	0.53094883647402	35
0.00391460850192993	0.531478987360942	134
-0.00655298027038009	0.53606385526815	690
-0.0825169262990899	1.20039151217704	51
-0.000698476746989973	0.53359178068112	22
-0.00774474493264998	0.536593235425421	22
0.00438993885030992	0.531433597211914	22
-0.0820593208959599	1.20151209908718	13
-0.0752536816778799	1.19053513941101	78
-0.00335347787300999	0.534889336029958	13
0.00294183147764993	0.532032217355669	92
0.00366600389301008	0.531774933095134	55
0.0017447688585801	0.532562193916483	134
0.03666588343696	0.736086429582356	185
0.00391460850192993	0.531478987360942	51
0.00438993885030992	0.531433597211914	51
-0.00142880975047999	0.534054734577795	22
0.00438993885030992	0.531433597211914	22
-0.00262356578869993	0.534584753118728	22
0.0388563440215799	0.734684321976156	22
0.03605901003645	0.736605692124347	13
0.00438993885030992	0.531433597211914	192
0.04396008345277	1.00587438668897	95
-0.00342895272976995	0.534820350018527	382
0.0615173922964101	1.27438953808707	35
0.10130332247518	1.66655921306489	35
-0.00215938518201009	0.53435945377886	35
-0.00262356578869993	0.534584753118728	51
0.00366600389301008	0.531774933095134	67
0.00319156543243992	0.531963842405938	22
0.0388563440215799	0.734684321976156	45
0.0348441295244399	0.737457902476713	22
-0.00215938518201009	0.53435945377886	13
0.00438993885030992	0.531433597211914	13
0.00438993885030992	0.531433597211914	192
0.035040734189	0.736946074777505	382
-0.00655298027038009	0.53606385526815	382
-0.00262356578869993	0.534584753118728	35
0.00438993885030992	0.531433597211914	1
0.0017447688585801	0.532562193916483	51
-0.00215938518201009	0.53435945377886	51
0.0764248140193899	1.25368566331836	67
-0.00215938518201009	0.53435945377886	22
0.0353421342376099	0.737604114579331	22
0.0342361217630101	0.737803608644795	22
0.00366600389301008	0.531774933095134	22
0.0332152691229599	0.738145623224673	13
0.0521114774560001	0.994180952048236	13
0.00294183147764993	0.532032217355669	13
-0.00802734580893993	0.536690312605626	78
0.00606618783247992	0.53049613470456	78
-0.00262356578869993	0.534584753118728	78
0.00366600389301008	0.531774933095134	13
0.00246828561007995	0.532305096548695	13
0.0716538045347099	1.25979474087847	650
0.0834176874092101	1.49098942119737	95
0.0827670718984499	1.49203203231164	1
0.04066434950672	1.00820001221222	1
0.0319423345526799	0.739536323340341	22
0.00679328112155009	0.530373211909872	22
0.0352515461271301	1.01435696692669	22
0.00221742142717996	0.532153748454207	78
0.00319156543243992	0.531963842405938	92
0.0596845834679001	0.987487457957613	382
-0.00262356578869993	0.534584753118728	382
0.0495550598469101	0.998644372218219	49
-0.00189389559207998	0.534121741351592	399
0.02356826086701	0.745383324956546	35
0.00243017604661011	0.532388959419506	35
0.0017447688585801	0.532562193916483	51
0.00246828561007995	0.532305096548695	51
0.00319156543243992	0.531963842405938	51
0.0485742759071901	0.999525585409184	51
0.0632487386421901	1.27249165971798	38
-0.0273863575398701	1.45119946321806	22
0.0329374280615	0.738837469954536	22
0.0017447688585801	0.532562193916483	22
0.00246828561007995	0.532305096548695	22
0.00246828561007995	0.532305096548695	13
0.0017447688585801	0.532562193916483	13
0.00391460850192993	0.531478987360942	216
0.00221742142717996	0.532153748454207	78
0.00246828561007995	0.532305096548695	13
0.00319156543243992	0.531963842405938	13
-0.00215938518201009	0.53435945377886	13
-0.000228521606070009	1.66923140149485	382
0.0209449439160001	1.85427623723987	382
0.0297189832399001	0.74144128695738	49
-0.03496508832797	1.46481522508548	399
0.0234276220721601	0.745704007001888	35
-0.00289020322422995	0.534512321528133	1
-0.00189389559207998	0.534121741351592	51
0.0485742759071901	0.999525585409184	51
-0.0192778345259399	2.17925327301436	51
0.0332152691229599	0.738145623224673	38
0.0526440603259899	0.994220592637895	22
0.00319156543243992	0.531963842405938	22
0.00319156543243992	0.531963842405938	13
0.00366600389301008	0.531774933095134	13
0.00366600389301008	0.531774933095134	13
0.0398754422991101	0.734049874675633	13
0.00246828561007995	0.532305096548695	382
0.0521114774560001	0.994180952048236	382
-0.08627886742077	1.86823602957091	49
0.0472384061206099	1.00059916929174	49
0.03382413632389	0.737799364206718	49
-0.0844248573378701	1.20295975688586	650
0.0354517588405201	0.737058651118592	35
0.04372377226822	1.00492433849095	1
0.0746905954797901	1.25750667464103	51
0.02870243366597	0.741779531267693	51
0.0233767916129299	0.745765973907936	38
0.04460897506561	1.00422715477358	22
-0.0829377303627199	1.20081090618897	22
0.00243017604661011	0.532388959419506	22
0.00366600389301008	0.531774933095134	22
0.00319156543243992	0.531963842405938	216
-0.00142880975047999	0.534054734577795	13
0.0343274050920901	0.73823682262087	55
0.0354517588405201	0.737058651118592	382
0.00243017604661011	0.532388959419506	382
-0.00142880975047999	0.534054734577795	382
-0.07777312173769	1.19351333428839	382
0.0398754422991101	0.734049874675633	49
0.0740758605821801	1.25714979351421	35
0.00511363652644992	0.53094883647402	51
0.03913736345456	1.01004943199487	51
0.00438993885030992	0.531433597211914	51
-0.0834645804055101	1.20246886104641	38
0.03605901003645	0.736605692124347	38
0.03382413632389	0.737799364206718	22
0.00391460850192993	0.531478987360942	22
0.00246828561007995	0.532305096548695	13
0.04714800698072	1.00030409419732	13
0.00294183147764993	0.532032217355669	13
0.00438993885030992	0.531433597211914	92
-0.00142880975047999	0.534054734577795	92
-0.00262356578869993	0.534584753118728	92
0.00438993885030992	0.531433597211914	13
-0.00215938518201009	0.53435945377886	55
0.02443619317019	0.745073189786217	55
0.03666588343696	0.736086429582356	382
0.00319156543243992	0.531963842405938	49
-0.00215938518201009	0.53435945377886	49
0.00294183147764993	0.532032217355669	49
0.0398754422991101	0.734049874675633	95
0.00316321952767007	0.53192588850646	95
0.0611020455748901	2.48726803218412	35
0.00366600389301008	0.531774933095134	51
0.0348441295244399	0.737457902476713	51
0.02850844979016	0.742106412560748	51
0.0342361217630101	0.737803608644795	22
0.00169688815515001	0.532694389774889	274
0.00294183147764993	0.532032217355669	22
0.00294183147764993	0.532032217355669	22
0.03382413632389	0.737799364206718	92
-0.08447674518745	1.86397530499825	92
0.00606618783247992	0.53049613470456	92
-0.00921776759309001	0.53721941864807	13
-0.05270296694121	2.04056005837749	55
-0.07733525624147	1.19525537523159	55
0.0504432951846801	0.997604965835895	55
0.00246828561007995	0.532305096548695	55
0.0299131916059701	0.740846365603413	55
0.02930800140753	0.741348714485643	382
0.00897312424460006	0.529288422761213	382
0.0233767916129299	0.745765973907936	382
0.00246828561007995	0.532305096548695	49
0.00319156543243992	0.531963842405938	49
0.0481292096019901	0.999948591765882	49
0.00438993885030992	0.531433597211914	49
0.0295950828379801	0.741636469196257	49
0.02798414743867	0.742664548988016	49
0.00246828561007995	0.532305096548695	49
0.03073504640225	0.740466286977461	95
0.00294183147764993	0.532032217355669	35
0.00438993885030992	0.531433597211914	35
0.0280964880574699	0.742148154121523	35
0.0524082627676099	0.995847565409165	51
0.0332152691229599	0.738145623224673	51
0.05053603753539	0.997274045373009	38
0.00824674914842993	0.529773188260123	67
-0.000698476746989973	0.53359178068112	22
0.00246828561007995	0.532305096548695	22
-0.00215938518201009	0.53435945377886	22
0.0394607920099199	0.73428791747872	382
0.04774615762836	1.99701294881279	49
0.0388563440215799	0.734684321976156	49
-0.0833587197241901	1.20115673296458	49
0.00319156543243992	0.531963842405938	35
0.0255939502907101	0.744072404548632	51
0.0245813550735401	0.745048164284577	185
0.0540712554477401	0.992946535226311	51
0.00824674914842993	0.529773188260123	51
0.00319156543243992	0.531963842405938	22
0.04352119345938	1.00629332196412	22
0.08184544754826	1.4928457035246	22
0.00679328112155009	0.530373211909872	92
-0.07552529463007	1.19073480061663	55
0.05196571989041	0.996267358383412	55
-0.0781951119041	1.19396778018936	382
0.0352565014716599	0.736829271920345	51
0.04460897506561	1.00422715477358	51
0.0017447688585801	0.532562193916483	51
0.02397926162987	0.745446937601401	51
0.00246828561007995	0.532305096548695	22
-0.0136384494967099	0.538983877530966	13
0.0354517588405201	0.737058651118592	635
0.00366600389301008	0.531774933095134	92
0.00438993885030992	0.531433597211914	92
0.00366600389301008	0.531774933095134	92
0.0539850148058001	0.9928658275338	382
0.0666618597728299	1.26922318664635	382
0.04670210346596	1.00066507097037	49
-0.0878083211524801	1.20650169326697	35
0.06718551541679	1.26752351726577	51
0.0730868509528899	1.25778635338389	1
0.0280964880574699	0.742148154121523	185
-0.00199890475356002	1.6732246700674	51
0.0467926686684501	1.00079610837055	38
0.0473888909215101	1.00206476286938	22
0.00511363652644992	0.53094883647402	13
0.00438993885030992	0.531433597211914	74
0.03032368376837	0.741011018316937	78
0.0348441295244399	0.737457902476713	635
0.0017447688585801	0.532562193916483	92
-0.03943189058381	1.47197570410164	55
0.0297189832399001	0.74144128695738	382
0.00319156543243992	0.531963842405938	382
-0.0349204493228801	1.46280725192452	49
-0.00335347787300999	0.534889336029958	49
-0.0844248573378701	1.20295975688586	399
-0.00262356578869993	0.534584753118728	35
-0.00335347787300999	0.534889336029958	51
0.00366600389301008	0.531774933095134	13
0.0052433096033	1.65934414813411	382
0.0549637849566	0.991989432668754	49
0.0342361217630101	0.737803608644795	35
0.00438993885030992	0.531433597211914	35
0.00319156543243992	0.531963842405938	35
0.0370768100507199	0.735634103186099	51
0.0673850798842199	1.26682439264286	51
0.0017447688585801	0.532562193916483	185
0.0631361499645899	1.27329040432222	51
-0.03047477942827	1.45723255013954	38
-0.00289020322422995	0.534512321528133	38
0.00366600389301008	0.531774933095134	38
0.0347415204314101	0.738030619991319	67
0.00294183147764993	0.532032217355669	13
0.00294183147764993	0.532032217355669	824
-0.07800851663696	2.3514370613628	55
-0.00848113268972006	0.537019591842101	382
0.00824674914842993	0.529773188260123	382
0.00438993885030992	0.531433597211914	382
-0.00655298027038009	0.53606385526815	95
-0.00848113268972006	0.537019591842101	95
0.03032368376837	0.741011018316937	51
0.00438993885030992	0.531433597211914	51
-0.0866699389924199	1.20596972159652	22
0.00246828561007995	0.532305096548695	222
0.0017447688585801	0.532562193916483	78
-0.00335347787300999	0.534889336029958	635
0.0485742759071901	0.999525585409184	49
0.00391460850192993	0.531478987360942	35
0.0241708536610901	0.74490389431856	35
-0.0830820510153201	1.20024280881667	51
0.00294183147764993	0.532032217355669	51
-0.00289020322422995	0.534512321528133	51
0.00366600389301008	0.531774933095134	22
-0.0816425836525201	1.20098132961424	22
-0.08209630742905	1.1999018243829	22
-0.0780539045558599	1.19366938277405	22
-0.0311859596378199	1.45831509058568	22
0.0495550598469101	0.998644372218219	22
0.000963355668319954	0.532848557178048	78
-0.00335347787300999	0.534889336029958	13
0.0850851339274601	1.4879232752898	55
0.0481292096019901	0.999948591765882	55
0.08381645688856	1.70071531240493	382
0.0620828485743701	2.31700640047106	382
-0.000909345618830049	1.67138590126706	35
0.0486659317806399	0.999426352901855	35
-0.00335347787300999	0.534889336029958	35
-0.00222758302588999	1.6737886566829	51
0.06955199442921	1.26390425832327	51
-0.0353201844097999	1.46527923216805	51
0.00319156543243992	0.531963842405938	67
0.0687460304801699	1.26482347543478	22
0.01842168041068	0.748817153272625	74
-0.00142880975047999	0.534054734577795	13
0.00438993885030992	0.531433597211914	881
0.00246828561007995	0.532305096548695	13
-0.0418778591945801	1.47470491933032	49
0.00169688815515001	0.532694389774889	49
0.0017447688585801	0.532562193916483	95
0.0480391426403199	0.999394559916944	35
-0.00729003919016003	0.536490208929206	51
0.0596444248286701	1.27838201301322	51
0.035040734189	0.736946074777505	51
-0.00189389559207998	0.534121741351592	185
0.00366600389301008	0.531774933095134	38
-0.00848113268972006	0.537019591842101	22
0.00511363652644992	0.53094883647402	22
0.05196571989041	0.996267358383412	22
0.03362773523062	0.73808363463249	74
0.00438993885030992	0.531433597211914	13
-0.07676701758319	1.19429405067109	382
-0.0318269022308599	1.4584768504711	49
0.02556757169765	1.84627591870484	49
0.02930800140753	0.741348714485643	35
-0.00262356578869993	0.534584753118728	35
0.00319156543243992	0.531963842405938	35
0.00438993885030992	0.531433597211914	51
-0.0469110610300301	1.48270009951201	1
0.0354517588405201	0.737058651118592	38
0.08703980759818	1.48458142177236	22
0.00366600389301008	0.531774933095134	22
0.00246828561007995	0.532305096548695	836
-0.0767887666020199	1.19250381372609	22
-0.00774474493264998	0.536593235425421	13
0.00246828561007995	0.532305096548695	95
-0.00142880975047999	0.534054734577795	95
0.02851443996771	1.01465984349512	35
0.00824674914842993	0.529773188260123	35
0.00319156543243992	0.531963842405938	35
0.0422009002066099	1.00585299063096	51
0.05255906994529	0.993729664494819	38
0.00366600389301008	0.531774933095134	22
0.00169688815515001	0.532694389774889	222
0.00246828561007995	0.532305096548695	22
0.00294183147764993	0.532032217355669	22
0.0017447688585801	0.532562193916483	78
0.0332152691229599	0.738145623224673	78
0.00897312424460006	0.529288422761213	13
0.00102101500145002	0.532683365671509	87
0.00319156543243992	0.531963842405938	13
-0.00408363202708006	0.535041876234331	49
0.05255906994529	0.993729664494819	49
0.06875931808351	1.26606008047177	1
0.05166366079118	0.994577550239534	51
0.04451225431501	1.0041209288757	38
0.0017447688585801	0.532562193916483	22
0.02518307226521	0.744569276799966	22
0.03647041824491	0.736086036474592	22
0.0017447688585801	0.532562193916483	222
0.03414053167988	0.73839524602128	22
0.02911390535499	0.741809353787203	78
0.00319156543243992	0.531963842405938	87
0.00246828561007995	0.532305096548695	87
0.0337259191397701	0.73866407925936	564
0.0017447688585801	0.532562193916483	95
-0.00408363202708006	0.535041876234331	51
0.0772087503136301	1.50051308908717	185
-0.03356797555421	1.46092691276224	51
0.03647041824491	0.736086036474592	38
0.0343274050920901	0.73823682262087	22
0.03492851591048	0.737738330121349	222
0.00366600389301008	0.531774933095134	13
-0.00215938518201009	0.53435945377886	74
0.00438993885030992	0.531433597211914	78
0.03073504640225	0.740466286977461	564
0.04901911877248	0.999040070856556	382
0.03647041824491	0.736086036474592	49
-0.00541326139554998	1.67864963094312	35
-0.07426842250878	1.19002941808045	95
-0.0438365743301501	1.47835503027858	51
0.0521966275699499	0.9945594153429	1
-0.0345634605813001	1.46214703705369	51
0.0255939502907101	0.744072404548632	185
-0.000698476746989973	0.53359178068112	222
-0.00335347787300999	0.534889336029958	13
0.03605901003645	0.736605692124347	74
0.0406685596285301	0.733322146891193	74
-0.00655298027038009	0.53606385526815	13
0.00246828561007995	0.532305096548695	13
0.00366600389301008	0.531774933095134	13
0.00246828561007995	0.532305096548695	87
0.0394607920099199	0.73428791747872	13
0.00366600389301008	0.531774933095134	87
0.00246828561007995	0.532305096548695	13
0.0632487386421901	1.27249165971798	382
0.0315319540477701	0.739858295482413	649
0.03666588343696	0.736086429582356	649
0.03866714547726	0.734669375720373	649
0.03927148206998	0.734392295037367	49
0.10312493182209	1.84956429440335	35
-0.0816758736482099	1.19933877647713	35
0.04999928903817	0.998159665810078	51
0.0530912690249701	0.993824520513092	51
0.0348441295244399	0.737457902476713	51
0.04397447523079	1.00384338461892	222
0.00438993885030992	0.531433597211914	13
0.0295950828379801	0.741636469196257	74
0.00679328112155009	0.530373211909872	13
0.00246828561007995	0.532305096548695	87
0.00294183147764993	0.532032217355669	13
-0.00215938518201009	0.53435945377886	382
0.06077835974333	1.27541639602671	49
0.06316096333293	0.984253233663645	49
-0.00416900555087008	0.535021602650627	95
-0.08807905267463	1.20727402944065	35
0.02356826086701	0.745383324956546	35
0.0484843750611801	0.99883853031189	35
-0.0761413086601801	1.84839933911103	51
0.035040734189	0.736946074777505	51
0.00438993885030992	0.531433597211914	185
0.03913736345456	1.01004943199487	38
0.09614833157277	1.67730557252093	22
0.0608580254912301	0.986235526746608	22
0.0680076702603401	1.26590745401906	22
0.00366600389301008	0.531774933095134	13
0.00438993885030992	0.531433597211914	74
-0.00262356578869993	0.534584753118728	78
0.0394607920099199	0.73428791747872	87
0.00752013483377989	0.53011506511111	13
0.09584894051978	1.67789717097295	382
0.0549637849566	0.991989432668754	382
0.0398754422991101	0.734049874675633	49
0.0923742174878299	1.68440464370068	95
0.0533883685460601	0.995364856999185	35
0.0699204787145999	1.26339813594423	35
0.00246828561007995	0.532305096548695	95
0.00243017604661011	0.532388959419506	51
-0.08054344626648	1.19773474997136	22
0.0527307833759101	0.993951970237742	22
0.0342361217630101	0.737803608644795	78
0.00246828561007995	0.532305096548695	13
-0.00215938518201009	0.53435945377886	87
0.00246828561007995	0.532305096548695	13
0.00319156543243992	0.531963842405938	13
0.0370768100507199	0.735634103186099	87
0.0672904854889	1.26842952166512	55
0.00294183147764993	0.532032217355669	49
0.03032368376837	0.741011018316937	649
0.0651277753011901	1.26990721756746	49
0.03032368376837	0.741011018316937	95
0.05121561981196	0.994916924472881	35
-0.0860990763365901	1.20460097245704	35
-0.0776320066213401	1.19334777271758	51
0.04460897506561	1.00422715477358	51
0.00366600389301008	0.531774933095134	22
0.0233767916129299	0.745765973907936	22
0.08119150062513	1.49382591406975	22
0.00511363652644992	0.53094883647402	222
0.00824674914842993	0.529773188260123	22
0.00438993885030992	0.531433597211914	13
0.0354517588405201	0.737058651118592	74
0.00294183147764993	0.532032217355669	74
0.00102101500145002	0.532683365671509	13
0.00511363652644992	0.53094883647402	13
0.00319156543243992	0.531963842405938	87
0.00294183147764993	0.532032217355669	13
0.00752013483377989	0.53011506511111	87
0.02899712070884	0.742031605098525	649
0.0485742759071901	0.999525585409184	49
0.02930800140753	0.741348714485643	49
0.09837583711008	1.8597632784576	49
-0.04043601641045	1.47264917362923	49
0.0482210326305299	0.999715864518326	49
0.03927148206998	0.734392295037367	49
0.03414053167988	0.73839524602128	35
0.00319156543243992	0.531963842405938	35
-0.0759318218387299	1.19325077573748	51
0.0837653245182599	1.48962525755355	51
0.0342361217630101	0.737803608644795	51
0.06103332830723	1.27559548199675	22
0.0331240577334599	0.739029403250235	22
0.0297189832399001	0.74144128695738	22
-0.0026891496364001	0.534393708496841	22
-0.00262356578869993	0.534584753118728	74
0.00294183147764993	0.532032217355669	74
0.035040734189	0.736946074777505	87
0.00246828561007995	0.532305096548695	87
0.03051800458471	0.740194948246952	564
0.00511363652644992	0.53094883647402	382
-0.00335347787300999	0.534889336029958	649
0.00246828561007995	0.532305096548695	649
0.00511363652644992	0.53094883647402	649
0.00319156543243992	0.531963842405938	49
0.00438993885030992	0.531433597211914	49
0.0525042938961999	0.996140943971427	51
0.0297189832399001	0.74144128695738	51
0.00752013483377989	0.53011506511111	51
0.00169688815515001	0.532694389774889	185
0.0480391426403199	0.999394559916944	51
0.00366600389301008	0.531774933095134	419
0.03822900624522	2.01961732571377	22
-0.08209630742905	1.1999018243829	222
0.00391460850192993	0.531478987360942	22
0.07418464999782	1.50645282356674	74
-0.08634549349923	1.20701827084141	382
-0.00215938518201009	0.53435945377886	649
0.00294183147764993	0.532032217355669	649
-0.00655298027038009	0.53606385526815	49
0.00752013483377989	0.53011506511111	95
0.00319156543243992	0.531963842405938	95
0.10730289247159	2.01079945486329	38
-0.12218812040617	2.22731027203083	419
0.0348441295244399	0.737457902476713	22
0.0344326245705799	0.737399568931953	22
0.04901911877248	0.999040070856556	87
0.00438993885030992	0.531433597211914	87
0.04999928903817	0.998159665810078	382
-0.10731265395014	2.19382422247913	382
0.0017447688585801	0.532562193916483	649
-0.0872396868408101	1.20661583050133	35
-0.0431737104124701	1.47664719263322	230
0.02911390535499	0.741809353787203	230
0.09386943565172	1.681609226948	185
0.04505124215201	1.00377042248523	51
0.00391460850192993	0.531478987360942	22
0.0476839197190999	1.00030901947175	22
-0.00289020322422995	0.534512321528133	22
-0.00262356578869993	0.534584753118728	13
0.035040734189	0.736946074777505	13
-0.00729003919016003	0.536490208929206	885
0.0017447688585801	0.532562193916483	87
0.03647041824491	0.736086036474592	649
0.0880553838067499	1.48157025536152	49
0.00752013483377989	0.53011506511111	95
-0.0529487116872101	2.04190184970476	95
0.0955597930143	1.86618436892245	95
0.0808533588753599	1.49422710719425	35
0.0221223178637999	1.85256372832082	51
0.05383007244065	0.994883375620606	51
-0.0308415578201799	1.45555640085234	185
0.0017447688585801	0.532562193916483	185
-0.0833587197241901	1.20115673296458	38
0.03073504640225	0.740466286977461	321
0.05451763196394	0.992496519663589	22
0.00679328112155009	0.530373211909872	222
0.00438993885030992	0.531433597211914	87
0.00366600389301008	0.531774933095134	87
0.00246828561007995	0.532305096548695	87
0.0017447688585801	0.532562193916483	87
0.0354517588405201	0.737058651118592	649
0.0486659317806399	0.999426352901855	49
0.0741941919190301	1.25637018541842	49
0.05933320082394	0.98800851217997	49
-0.08195069977383	1.19979508294437	35
0.00319156543243992	0.531963842405938	35
0.0358636488266999	0.736484372081891	35
0.0781356595526601	1.50000300119478	230
0.0017447688585801	0.532562193916483	51
0.0560414373276299	0.990878404699943	185
0.03647041824491	0.736086036474592	22
0.03073504640225	0.740466286977461	22
0.05451763196394	0.992496519663589	222
-0.0824762422793299	1.20196300454179	222
0.0017447688585801	0.532562193916483	13
-0.00342895272976995	0.534820350018527	74
0.00824674914842993	0.529773188260123	74
0.00438993885030992	0.531433597211914	13
0.00246828561007995	0.532305096548695	885
0.00246828561007995	0.532305096548695	236
0.0348441295244399	0.737457902476713	87
-0.00335347787300999	0.534889336029958	87
0.0017447688585801	0.532562193916483	87
-0.0387559493515699	1.47130122022526	382
0.0559427479103001	0.990628864914917	95
0.02930800140753	0.741348714485643	35
-0.03834540383945	1.46849827712252	35
-0.00142880975047999	0.534054734577795	51
0.0838320798812899	1.48921348489627	51
0.0348441295244399	0.737457902476713	419
0.07301697906575	1.7202679386993	417
0.0587979445808899	0.988715636506626	22
-0.00262356578869993	0.534584753118728	74
0.00246828561007995	0.532305096548695	27
0.02850844979016	0.742106412560748	885
0.00221742142717996	0.532153748454207	87
0.00319156543243992	0.531963842405938	87
-0.00335347787300999	0.534889336029958	87
0.0765691350061699	1.50116189509989	382
0.0388563440215799	0.734684321976156	49
-0.0767887666020199	1.19250381372609	35
0.0547128140500499	0.993688413327325	51
0.0476839197190999	1.00030901947175	222
-0.0769296971693401	1.19240900505654	885
0.00294183147764993	0.532032217355669	13
0.00319156543243992	0.531963842405938	87
0.00511363652644992	0.53094883647402	87
0.04505124215201	1.00377042248523	87
-0.0806902437405701	1.19832509955743	49
-0.00289020322422995	0.534512321528133	49
0.05362465526986	0.993341884596457	95
0.0896900439936901	1.68975110071044	95
0.00391460850192993	0.531478987360942	35
-0.0346384866770799	1.46267435352466	230
0.04999928903817	0.998159665810078	230
0.06140288877117	1.27527493630925	230
0.00824674914842993	0.529773188260123	51
0.00438993885030992	0.531433597211914	185
-0.00142880975047999	0.534054734577795	419
0.00438993885030992	0.531433597211914	22
0.05166366079118	0.994577550239534	22
-0.03632064221027	1.46594910379405	417
0.05702199630567	0.990394200392705	417
0.03382413632389	0.737799364206718	22
-0.00215938518201009	0.53435945377886	87
-0.11616745021117	2.21441932597195	382
-0.0781717595818101	1.19615746000601	49
0.00294183147764993	0.532032217355669	35
0.0524082627676099	0.995847565409165	51
0.04514957040723	1.00323526464379	38
0.03073504640225	0.740466286977461	22
-0.04620153175609	1.48125715066349	417
-0.00262356578869993	0.534584753118728	74
0.00438993885030992	0.531433597211914	27
0.035040734189	0.736946074777505	885
0.00438993885030992	0.531433597211914	87
-0.00262356578869993	0.534584753118728	87
0.00246828561007995	0.532305096548695	87
0.10584012191161	1.84356915475134	49
0.06837691530202	1.26539986185858	649
0.0152819259522801	1.86636590338936	49
-0.0816758736482099	1.19933877647713	49
0.0667637659810101	1.26734742220353	49
0.0821722778023199	1.49225357152437	49
0.0672904854889	1.26842952166512	49
0.00824674914842993	0.529773188260123	35
-0.0349204493228801	1.46280725192452	35
0.00294183147764993	0.532032217355669	35
0.00221742142717996	0.532153748454207	383
-0.00142880975047999	0.534054734577795	35
-0.03812705231825	1.46840048057999	51
-0.0418749128629301	2.01640060063734	51
-0.00189389559207998	0.534121741351592	22
0.0533883685460601	0.995364856999185	417
0.00294183147764993	0.532032217355669	22
-0.00262356578869993	0.534584753118728	27
-0.00335347787300999	0.534889336029958	87
0.0495550598469101	0.998644372218219	87
-0.000698476746989973	0.53359178068112	35
0.00102101500145002	0.532683365671509	22
-0.00641197228136003	1.68047567369434	22
-0.0764994899076299	1.19405262374656	222
0.0343274050920901	0.73823682262087	222
-0.00289020322422995	0.534512321528133	27
-0.00189389559207998	0.534121741351592	13
0.00366600389301008	0.531774933095134	87
0.10077915387139	1.66588792231614	382
0.07234797461051	1.25840613180334	49
0.0388563440215799	0.734684321976156	49
-0.04595018683376	2.0268617301434	49
0.06739684196941	1.26804887593736	35
0.00294183147764993	0.532032217355669	383
0.1078393920134	1.83913776093588	51
0.00319156543243992	0.531963842405938	222
0.00438993885030992	0.531433597211914	74
0.00246828561007995	0.532305096548695	74
0.00221742142717996	0.532153748454207	27
0.00243017604661011	0.532388959419506	27
-0.00262356578869993	0.534584753118728	87
0.0017447688585801	0.532562193916483	87
0.00246828561007995	0.532305096548695	87
0.00102101500145002	0.532683365671509	564
0.00316321952767007	0.53192588850646	49
0.03957803222681	1.00954440585532	49
0.00102101500145002	0.532683365671509	649
0.0810701060896599	1.70513613475991	49
0.0017447688585801	0.532562193916483	49
0.00246828561007995	0.532305096548695	46
0.0273849295383699	0.742981022380494	49
0.03825151948442	0.735027413479489	95
0.03771282692756	1.01082367305161	35
0.0624324145348301	1.27539620866614	51
-0.00335347787300999	0.534889336029958	51
0.0393490111949899	0.734642723574573	417
0.05451763196394	0.992496519663589	222
0.0410822349536399	0.733205072648082	236
0.00294183147764993	0.532032217355669	87
-0.00901702271889993	1.6854547579403	49
-0.0829377303627199	1.20081090618897	49
0.035040734189	0.736946074777505	49
0.0443987742294301	1.00537224876743	35
-0.08634549349923	1.20701827084141	230
0.0635050384132201	1.27274056028143	38
-0.0816758736482099	1.19933877647713	22
0.00246828561007995	0.532305096548695	22
0.0498599778301001	0.999272177355017	22
-0.03705863386144	1.46700557807379	22
0.0667637659810101	1.26734742220353	222
0.00366600389301008	0.531774933095134	74
0.0243911415490099	0.744788514499998	27
0.00752013483377989	0.53011506511111	27
0.02850844979016	0.742106412560748	879
0.00438993885030992	0.531433597211914	13
-0.00408363202708006	0.535041876234331	87
0.07884739407182	1.249947556277	49
0.04362670432585	1.00511146774742	35
0.0656543562956899	1.26887584701037	35
0.0273849295383699	0.742981022380494	38
0.0481292096019901	0.999948591765882	22
0.06077835974333	1.27541639602671	222
-0.00335347787300999	0.534889336029958	750
-0.07691728100042	1.19469620806378	222
0.00246828561007995	0.532305096548695	22
0.0342361217630101	0.737803608644795	74
0.00294183147764993	0.532032217355669	87
0.00169688815515001	0.532694389774889	49
0.0354517588405201	0.737058651118592	51
0.0354517588405201	0.737058651118592	51
0.0472384061206099	1.00059916929174	51
0.04397447523079	1.00384338461892	222
0.00169688815515001	0.532694389774889	222
0.00366600389301008	0.531774933095134	22
0.0017447688585801	0.532562193916483	222
0.00246828561007995	0.532305096548695	74
0.00679328112155009	0.530373211909872	27
0.00366600389301008	0.531774933095134	87
-0.00655298027038009	0.53606385526815	87
0.0896900439936901	1.68975110071044	382
-0.04012825889698	1.47125223532396	382
0.0475936866594799	0.999880566999494	49
-0.07788184800484	1.19619375695755	49
-0.08209630742905	1.1999018243829	46
0.0718074442313501	1.26177174103683	51
0.05480974569758	0.993666240668308	22
0.02870243366597	0.741779531267693	417
0.0017447688585801	0.532562193916483	74
0.00246828561007995	0.532305096548695	664
0.00316321952767007	0.53192588850646	27
-0.00215938518201009	0.53435945377886	27
0.00316321952767007	0.53192588850646	87
-0.0895402438998101	1.20948220987797	49
0.02296529130888	0.745782655478961	49
0.02499273395026	0.744470247034485	35
-0.00262356578869993	0.534584753118728	22
-0.09011389139241	1.21064230647771	22
-0.00774474493264998	0.536593235425421	220
0.00246828561007995	0.532305096548695	74
0.0342361217630101	0.737803608644795	27
0.03382413632389	0.737799364206718	27
0.02952625086615	0.741129836625912	27
0.07234797461051	1.25840613180334	382
-0.04699554773485	2.02829256104509	49
-0.03292808756082	1.45997675441595	49
0.06269820804503	1.27489917309873	46
0.06553615789111	1.26864633096124	49
0.0343274050920901	0.73823682262087	49
0.0710364437729401	1.26028735264636	51
0.0255939502907101	0.744072404548632	51
0.0863142165599	1.4858948540747	22
0.02850844979016	0.742106412560748	22
0.0560414373276299	0.990878404699943	22
0.0301308372186999	0.740833493555529	222
0.00391460850192993	0.531478987360942	750
0.00169688815515001	0.532694389774889	74
-0.00848113268972006	0.537019591842101	74
0.00294183147764993	0.532032217355669	27
0.00221742142717996	0.532153748454207	27
0.0017447688585801	0.532562193916483	27
0.00366600389301008	0.531774933095134	13
0.0491106074735499	0.999066624675767	382
-0.0394903786718801	1.47111876979567	49
-0.03770265858032	1.46799432115293	49
0.0524082627676099	0.995847565409165	49
-0.12360431611105	1.647864607882	49
0.07491274027311	1.50461917030457	46
0.0245813550735401	0.745048164284577	35
0.03647041824491	0.736086036474592	35
0.0494208844175199	0.999724767777053	22
0.00246828561007995	0.532305096548695	417
0.0017447688585801	0.532562193916483	417
0.00316321952767007	0.53192588850646	750
0.02911390535499	0.741809353787203	74
0.00438993885030992	0.531433597211914	27
0.0017447688585801	0.532562193916483	27
0.0348441295244399	0.737457902476713	27
-0.0291896958903799	1.45482375411216	382
0.0618867133012899	1.27375867685455	382
0.0386964720941201	1.01047096099442	382
0.0476839197190999	1.00030901947175	382
0.0481292096019901	0.999948591765882	49
0.07080967242696	1.2634399844814	49
0.0386964720941201	1.01047096099442	49
0.04999928903817	0.998159665810078	49
0.07140647418975	1.25961447367038	49
-0.09136695556957	1.21186082540798	49
0.02296529130888	0.745782655478961	35
0.0245813550735401	0.745048164284577	51
0.00319156543243992	0.531963842405938	51
0.0579104158918999	0.989666385167294	51
0.00511363652644992	0.53094883647402	222
0.0354517588405201	0.737058651118592	750
0.00319156543243992	0.531963842405938	222
-0.0759462670189499	1.1914010057903	74
0.03362773523062	0.73808363463249	27
0.00366600389301008	0.531774933095134	27
-0.00142880975047999	0.534054734577795	27
0.11076136163117	2.47341701105515	382
-0.0886482585150099	1.20733120387633	382
0.07821847902136	1.49890552832613	382
-0.07342876029741	1.1893226581013	382
-0.08209630742905	1.1999018243829	49
-0.07777312173769	1.19351333428839	49
-0.00961053409720991	1.68513749397244	35
0.0346489758549799	0.73710862556556	22
0.05300643839776	0.993221281467342	22
0.0508870784236	0.996957564570765	750
-0.10002478684501	1.22273652942023	750
0.02518307226521	0.744569276799966	27
0.00246828561007995	0.532305096548695	27
0.0017447688585801	0.532562193916483	27
-0.00729003919016003	0.536490208929206	27
0.00102101500145002	0.532683365671509	87
0.0600388060569701	1.27613877421171	382
0.0346489758549799	0.73710862556556	49
0.0309280072634499	0.740509202720264	49
0.00294183147764993	0.532032217355669	51
-0.0826299749211299	1.20148621273726	51
-0.07777312173769	1.19351333428839	22
-0.0462638918863501	1.48202023776382	22
0.00824674914842993	0.529773188260123	750
0.11258387301777	2.1622022084747	382
-0.0413412722584401	2.01400719545968	382
-0.000698476746989973	0.53359178068112	35
0.0017447688585801	0.532562193916483	35
0.00319156543243992	0.531963842405938	35
0.00824674914842993	0.529773188260123	51
-0.0781717595818101	1.19615746000601	22
0.00246828561007995	0.532305096548695	222
0.0352565014716599	0.736829271920345	417
-0.00289020322422995	0.534512321528133	74
0.00294183147764993	0.532032217355669	27
0.00246828561007995	0.532305096548695	27
0.02870243366597	0.741779531267693	13
0.0017447688585801	0.532562193916483	27
0.0017447688585801	0.532562193916483	13
-0.0730092060848999	1.188871677536	49
0.00319156543243992	0.531963842405938	383
0.00438993885030992	0.531433597211914	230
-0.0329998712945001	1.45926700245566	22
0.00294183147764993	0.532032217355669	222
0.02930800140753	0.741348714485643	417
-0.0868202816072401	1.20616139506103	222
0.00366600389301008	0.531774933095134	222
0.0476839197190999	1.00030901947175	74
0.0354517588405201	0.737058651118592	13
0.00319156543243992	0.531963842405938	87
0.07259207294166	1.50814800563151	382
-0.0349204493228801	1.46280725192452	49
-0.08027046147504	1.1976781840248	383
0.0486659317806399	0.999426352901855	51
0.0422967058380901	1.00602416805294	222
0.0666459014006799	1.26777401128653	417
0.00438993885030992	0.531433597211914	750
0.00241454497651006	1.66362374574432	222
-0.00655298027038009	0.53606385526815	222
0.0337259191397701	0.73866407925936	222
0.0406685596285301	0.733322146891193	222
0.0342361217630101	0.737803608644795	222
0.0444913788299499	0.730698170039734	13
0.0494637383355001	0.998484502021734	13
-0.00729003919016003	0.536490208929206	27
-0.00215938518201009	0.53435945377886	13
0.02798414743867	0.742664548988016	382
-0.07571037037907	1.84513851178121	49
0.00246828561007995	0.532305096548695	750
-0.00142880975047999	0.534054734577795	750
0.00316321952767007	0.53192588850646	382
0.04047902648651	0.733654187413585	382
-0.00740610060117009	1.68229662438605	49
-0.00253809417778994	1.67318912927496	49
-0.00189389559207998	0.534121741351592	383
0.035040734189	0.736946074777505	35
0.02397926162987	0.745446937601401	230
-0.08634549349923	1.20701827084141	51
0.00366600389301008	0.531774933095134	22
0.0245813550735401	0.745048164284577	22
0.04416648514979	1.00461354139908	750
-0.0767887666020199	1.19250381372609	222
0.07140647418975	1.25961447367038	222
0.0274901642577501	0.742445781400186	74
0.0342361217630101	0.737803608644795	222
0.00246828561007995	0.532305096548695	51
0.03605901003645	0.736605692124347	22
0.03927148206998	0.734392295037367	22
0.0297189832399001	0.74144128695738	22
0.0662941742041401	1.2696961012518	22
0.0354517588405201	0.737058651118592	13
0.02930800140753	0.741348714485643	13
-0.0833587197241901	1.20115673296458	887
0.03605901003645	0.736605692124347	382
0.00319156543243992	0.531963842405938	382
0.08183413553758	1.49223114909627	49
0.035040734189	0.736946074777505	49
0.00366600389301008	0.531774933095134	51
0.0245813550735401	0.745048164284577	222
-0.12325884669377	1.64717398750014	417
0.035040734189	0.736946074777505	13
0.00511363652644992	0.53094883647402	13
-0.00215938518201009	0.53435945377886	87
0.00246828561007995	0.532305096548695	382
0.0932596045793099	1.86662472945953	382
-0.00289020322422995	0.534512321528133	49
-0.000698476746989973	0.53359178068112	28
-0.00142880975047999	0.534054734577795	35
0.02356826086701	0.745383324956546	51
0.00319156543243992	0.531963842405938	51
0.0485742759071901	0.999525585409184	222
-0.07875712614497	1.19385510327795	22
0.0017447688585801	0.532562193916483	417
-0.00142880975047999	0.534054734577795	750
0.0332152691229599	0.738145623224673	222
0.00679328112155009	0.530373211909872	27
-0.00215938518201009	0.53435945377886	382
0.0631361499645899	1.27329040432222	382
0.06106618288064	1.27648632618268	49
0.02911390535499	0.741809353787203	46
-0.00215938518201009	0.53435945377886	28
0.04451225431501	1.0041209288757	230
0.0388563440215799	0.734684321976156	51
0.0017447688585801	0.532562193916483	51
-0.0833587197241901	1.20115673296458	51
0.00246828561007995	0.532305096548695	417
0.0301926711334699	0.741161633974911	222
0.02911390535499	0.741809353787203	27
0.0354517588405201	0.737058651118592	441
-0.0491490299123001	2.03191589608158	46
0.0476839197190999	1.00030901947175	28
0.0712801900287701	1.26218445576574	51
0.0572813061449899	1.28066532773092	51
0.0358636488266999	0.736484372081891	22
0.03032368376837	0.741011018316937	222
0.07568786658258	1.25443982083254	222
0.00246828561007995	0.532305096548695	13
0.00319156543243992	0.531963842405938	13
-0.00848113268972006	0.537019591842101	382
-0.02946292428636	1.45611116152353	49
0.03605901003645	0.736605692124347	46
0.00391460850192993	0.531478987360942	28
0.00438993885030992	0.531433597211914	28
-0.00262356578869993	0.534584753118728	28
0.02850844979016	0.742106412560748	51
0.0699204787145999	1.26339813594423	22
0.0332152691229599	0.738145623224673	417
0.00366600389301008	0.531774933095134	671
-0.00408363202708006	0.535041876234331	27
-0.00262356578869993	0.534584753118728	13
0.0297189832399001	0.74144128695738	13
-0.00189389559207998	0.534121741351592	382
-0.00189389559207998	0.534121741351592	28
0.03957803222681	1.00954440585532	222
-0.00335347787300999	0.534889336029958	22
0.03382413632389	0.737799364206718	417
0.00511363652644992	0.53094883647402	417
0.0332152691229599	0.738145623224673	222
0.0485742759071901	0.999525585409184	671
0.00221742142717996	0.532153748454207	671
0.00246828561007995	0.532305096548695	13
0.00438993885030992	0.531433597211914	887
0.00246828561007995	0.532305096548695	262
0.07227239289781	1.26093465392501	382
0.00438993885030992	0.531433597211914	382
-0.09100850619821	1.87678306009613	382
0.00438993885030992	0.531433597211914	28
0.00606618783247992	0.53049613470456	230
0.03666588343696	0.736086429582356	51
0.0830642443390699	1.70145534593624	51
0.05702199630567	0.990394200392705	51
0.00824674914842993	0.529773188260123	890
0.04397447523079	1.00384338461892	222
0.0017447688585801	0.532562193916483	417
0.00243017604661011	0.532388959419506	417
-0.00262356578869993	0.534584753118728	417
0.0344326245705799	0.737399568931953	471
0.00438993885030992	0.531433597211914	13
0.00246828561007995	0.532305096548695	13
0.0309280072634499	0.740509202720264	28
0.0716373258315199	1.50947836191379	51
0.09218479071354	1.68405134108672	51
0.03771282692756	1.01082367305161	222
0.0575408869127601	1.28106423433773	222
0.04505124215201	1.00377042248523	27
0.0400648637716401	0.733838039041807	27
0.00366600389301008	0.531774933095134	887
0.02356826086701	0.745383324956546	887
-0.000698476746989973	0.53359178068112	46
0.02518307226521	0.744569276799966	28
0.02899712070884	0.742031605098525	28
0.00246828561007995	0.532305096548695	28
-0.09110420812493	1.21166468905818	51
0.00438993885030992	0.531433597211914	51
-0.0341865059867501	2.2151824020843	51
0.03825151948442	0.735027413479489	22
0.00319156543243992	0.531963842405938	22
0.0329374280615	0.738837469954536	222
0.00319156543243992	0.531963842405938	417
-0.0411275896701899	1.47180244808572	222
0.0672904854889	1.26842952166512	222
-0.0387715404955999	1.46963962499808	27
0.0241708536610901	0.74490389431856	27
-0.00262356578869993	0.534584753118728	471
0.0821722778023199	1.49225357152437	49
-0.00313834674937996	1.67389109575073	49
0.00438993885030992	0.531433597211914	51
0.03825535800921	1.01080890183911	51
-0.00215938518201009	0.53435945377886	222
0.00366600389301008	0.531774933095134	22
-0.00335347787300999	0.534889336029958	22
0.0706662834246701	1.26088798666111	5
0.0525042938961999	0.996140943971427	671
0.04451225431501	1.0041209288757	671
0.0348441295244399	0.737457902476713	671
0.00391460850192993	0.531478987360942	671
0.0297189832399001	0.74144128695738	471
-0.00215938518201009	0.53435945377886	382
0.02477307001278	0.744269767133587	46
-0.0732828197534901	1.18858935813647	51
0.06129983052208	0.985903068684449	51
0.03301896960124	0.738221346869086	22
-0.00729003919016003	0.536490208929206	22
0.00679328112155009	0.530373211909872	22
0.00366600389301008	0.531774933095134	5
0.08448488128786	1.48796194207307	671
0.03032368376837	0.741011018316937	27
-0.00262356578869993	0.534584753118728	887
0.06218277494073	0.98507047856468	382
-0.00142880975047999	0.534054734577795	765
-0.0263177852126	1.4495857119374	49
0.0475936866594799	0.999880566999494	46
0.00246828561007995	0.532305096548695	51
0.03032368376837	0.741011018316937	51
0.03647041824491	0.736086036474592	51
-0.00729003919016003	0.536490208929206	22
-0.00262356578869993	0.534584753118728	27
0.0521114774560001	0.994180952048236	13
-0.0868202816072401	1.20616139506103	765
-0.10805166171345	2.1934935720148	49
0.0301308372186999	0.740833493555529	46
0.0017447688585801	0.532562193916483	51
-0.08027046147504	1.1976781840248	51
0.04887884777412	1.00049518335591	222
0.0540712554477401	0.992946535226311	22
-0.03435507303418	1.46184753189644	22
-0.0825169262990899	1.20039151217704	222
-0.00262356578869993	0.534584753118728	49
0.02499273395026	0.744470247034485	46
0.0575408869127601	1.28106423433773	46
0.0521114774560001	0.994180952048236	51
0.00294183147764993	0.532032217355669	51
-0.00142880975047999	0.534054734577795	51
0.0017447688585801	0.532562193916483	5
-0.00142880975047999	0.534054734577795	5
0.0493183422196699	0.99996641652363	882
0.00246828561007995	0.532305096548695	13
0.0332152691229599	0.738145623224673	382
0.00897312424460006	0.529288422761213	382
0.07259044598225	1.50773171545416	49
-0.00262356578869993	0.534584753118728	51
0.00366600389301008	0.531774933095134	222
-0.0947914207812799	1.21650349971797	5
0.00752013483377989	0.53011506511111	471
0.00319156543243992	0.531963842405938	13
0.00319156543243992	0.531963842405938	577
0.00246828561007995	0.532305096548695	46
0.0666618597728299	1.26922318664635	51
-0.00215938518201009	0.53435945377886	5
-0.0872396868408101	1.20661583050133	222
-0.00848113268972006	0.537019591842101	382
0.0552506106966899	0.993116104140491	46
0.08536864647597	1.69680656583127	51
0.00752013483377989	0.53011506511111	51
0.0564863701142899	0.990542427271534	222
0.0017447688585801	0.532562193916483	22
-0.00142880975047999	0.534054734577795	222
0.07080967242696	1.2634399844814	222
0.00319156543243992	0.531963842405938	13
-0.00262356578869993	0.534584753118728	49
-0.00215938518201009	0.53435945377886	46
0.00319156543243992	0.531963842405938	28
-0.0792849463586001	1.19604009243492	51
0.0343274050920901	0.73823682262087	5
-0.0766463746596999	1.1917157306012	5
0.00102101500145002	0.532683365671509	222
0.00294183147764993	0.532032217355669	27
0.0347415204314101	0.738030619991319	471
0.00127150359956008	1.667145119375	49
0.00319156543243992	0.531963842405938	28
0.00246828561007995	0.532305096548695	51
-0.07342876029741	1.1893226581013	222
0.0309280072634499	0.740509202720264	222
0.0274901642577501	0.742445781400186	5
-0.00215938518201009	0.53435945377886	222
0.0348441295244399	0.737457902476713	27
0.02870243366597	0.741779531267693	441
0.0443987742294301	1.00537224876743	382
0.0602715472775499	2.32075711235712	382
0.00158818039477993	1.66667700398623	382
0.03768282456808	0.735116002376577	382
0.00391460850192993	0.531478987360942	783
-0.00655298027038009	0.53606385526815	155
0.0299131916059701	0.740846365603413	49
0.10023388987312	1.85562910882107	46
0.04777590988548	0.999912246906307	51
0.0476839197190999	1.00030901947175	51
-0.0882281971983201	1.20695655688192	51
0.0348441295244399	0.737457902476713	222
-0.0857789717277	1.86607761576386	22
0.00897312424460006	0.529288422761213	22
0.00511363652644992	0.53094883647402	13
0.04416648514979	1.00461354139908	49
-0.00774474493264998	0.536593235425421	28
-0.09011389139241	1.21064230647771	46
0.00438993885030992	0.531433597211914	51
0.00294183147764993	0.532032217355669	51
0.0297189832399001	0.74144128695738	51
0.0238413137270601	0.745516588586114	51
0.00824674914842993	0.529773188260123	222
-0.00289020322422995	0.534512321528133	222
-0.00189389559207998	0.534121741351592	22
-0.000905525564449894	1.67030792916284	22
0.0485742759071901	0.999525585409184	22
-0.00262356578869993	0.534584753118728	222
0.00391460850192993	0.531478987360942	222
0.0344326245705799	0.737399568931953	222
0.0394607920099199	0.73428791747872	27
-0.00215938518201009	0.53435945377886	441
0.00366600389301008	0.531774933095134	382
0.00679328112155009	0.530373211909872	82
0.03492851591048	0.737738330121349	51
0.00366600389301008	0.531774933095134	51
-0.00142880975047999	0.534054734577795	222
0.0017447688585801	0.532562193916483	222
0.0017447688585801	0.532562193916483	222
0.03492851591048	0.737738330121349	22
0.03605901003645	0.736605692124347	5
0.00366600389301008	0.531774933095134	441
-0.00335347787300999	0.534889336029958	13
0.00366600389301008	0.531774933095134	13
-0.05272728684299	1.49069747162664	382
0.0347415204314101	0.738030619991319	155
0.03419404872042	0.738196552745405	46
0.0838040749070801	1.69990086959611	49
0.00294183147764993	0.532032217355669	222
0.00319156543243992	0.531963842405938	264
0.04670210346596	1.00066507097037	27
0.00511363652644992	0.53094883647402	471
0.00319156543243992	0.531963842405938	471
0.0425254933841299	1.00678916221416	161
-0.00189389559207998	0.534121741351592	342
0.03927148206998	0.734392295037367	46
-0.00655298027038009	0.53606385526815	28
0.00511363652644992	0.53094883647402	28
0.0017447688585801	0.532562193916483	51
0.00246828561007995	0.532305096548695	222
0.0706662834246701	1.26088798666111	5
0.05362465526986	0.993341884596457	308
0.00752013483377989	0.53011506511111	27
0.00319156543243992	0.531963842405938	882
0.03594237341777	0.73710643497093	13
-0.00142880975047999	0.534054734577795	13
-0.08640106135711	1.20562681552579	382
0.00511363652644992	0.53094883647402	155
-0.10101934402028	1.22307386240208	49
0.00511363652644992	0.53094883647402	82
0.00316321952767007	0.53192588850646	28
0.0297189832399001	0.74144128695738	51
0.03666588343696	0.736086429582356	51
-0.0767887666020199	1.19250381372609	22
0.0738252079886901	1.25690343131205	5
-0.0823712218775099	1.20014031624836	264
-0.0776320066213401	1.19334777271758	308
0.00511363652644992	0.53094883647402	27
-0.00262356578869993	0.534584753118728	13
0.00366600389301008	0.531774933095134	13
0.00438993885030992	0.531433597211914	155
-0.0597529780858099	2.05544949050566	51
0.00246828561007995	0.532305096548695	51
0.00752013483377989	0.53011506511111	222
-0.00342895272976995	0.534820350018527	222
0.06424242548649	1.27138606228312	5
0.00294183147764993	0.532032217355669	5
0.04340404711077	1.00586718583118	5
0.03032368376837	0.741011018316937	161
0.00438993885030992	0.531433597211914	161
0.00438993885030992	0.531433597211914	191
0.0331240577334599	0.739029403250235	46
0.00438993885030992	0.531433597211914	82
-0.00215938518201009	0.53435945377886	51
0.03260602264144	0.738426213109688	27
-0.00335347787300999	0.534889336029958	27
0.00897312424460006	0.529288422761213	161
-0.07777312173769	1.19351333428839	49
0.03605901003645	0.736605692124347	49
0.0663940928337801	1.26792519135869	49
0.00511363652644992	0.53094883647402	51
-0.00289020322422995	0.534512321528133	51
0.00316321952767007	0.53192588850646	51
0.00294183147764993	0.532032217355669	51
0.0625107889387699	1.27384750902197	51
-0.0759462670189499	1.1914010057903	222
0.00438993885030992	0.531433597211914	222
0.04047902648651	0.733654187413585	13
0.00246828561007995	0.532305096548695	382
-0.0425264302061199	1.47591897918393	382
-0.12027546003398	1.64301685250394	46
-0.00189389559207998	0.534121741351592	82
0.00391460850192993	0.531478987360942	82
0.00897312424460006	0.529288422761213	46
-0.00215938518201009	0.53435945377886	222
0.00438993885030992	0.531433597211914	5
0.00438993885030992	0.531433597211914	5
0.00319156543243992	0.531963842405938	13
0.03625581884271	0.735761576768321	49
0.09521924222698	1.86618843386396	49
0.00438993885030992	0.531433597211914	82
-0.00335347787300999	0.534889336029958	51
0.0347415204314101	0.738030619991319	51
0.00824674914842993	0.529773188260123	5
0.0017447688585801	0.532562193916483	264
0.00366600389301008	0.531774933095134	222
0.0524082627676099	0.995847565409165	49
0.0319423345526799	0.739536323340341	51
0.00366600389301008	0.531774933095134	51
0.00404744811290003	1.66046220707887	51
-0.00142880975047999	0.534054734577795	308
0.0670155556539001	1.26733267658607	27
0.03032368376837	0.741011018316937	161
-0.00774474493264998	0.536593235425421	49
-0.0858318860931999	1.20514242617671	49
0.0255939502907101	0.744072404548632	46
-0.00142880975047999	0.534054734577795	28
0.07731835312216	1.71282924726504	51
0.00246828561007995	0.532305096548695	51
0.0715366755390301	1.26201361567549	5
0.03073504640225	0.740466286977461	5
0.00294183147764993	0.532032217355669	264
0.00319156543243992	0.531963842405938	308
-0.0806902437405701	1.19832509955743	27
0.0331240577334599	0.739029403250235	27
0.00438993885030992	0.531433597211914	161
0.0335391676632899	0.738689230719259	161
-0.00774474493264998	0.536593235425421	153
0.0728979296841299	1.25968593293787	46
-0.0384036682209801	1.47084908776376	28
0.00438993885030992	0.531433597211914	28
0.02002998611628	0.747874020267155	46
0.0337259191397701	0.73866407925936	51
0.00824674914842993	0.529773188260123	51
-0.0825169262990899	1.20039151217704	51
0.00366600389301008	0.531774933095134	51
0.00438993885030992	0.531433597211914	51
0.0673850798842199	1.26682439264286	5
-0.12256527153018	1.64623275128457	5
0.0274901642577501	0.742445781400186	5
0.0481292096019901	0.999948591765882	22
0.02870243366597	0.741779531267693	222
0.0017447688585801	0.532562193916483	5
0.00246828561007995	0.532305096548695	222
0.00438993885030992	0.531433597211914	308
0.0353421342376099	0.737604114579331	222
0.00246828561007995	0.532305096548695	222
-0.00342895272976995	0.534820350018527	27
-0.00142880975047999	0.534054734577795	270
0.0319423345526799	0.739536323340341	82
0.0476839197190999	1.00030901947175	51
0.0500921996525801	0.997695328185349	51
0.00319156543243992	0.531963842405938	5
0.00606618783247992	0.53049613470456	5
0.00319156543243992	0.531963842405938	264
0.0680076702603401	1.26590745401906	191
-0.08640106135711	1.20562681552579	308
0.00319156543243992	0.531963842405938	27
0.02518307226521	0.744569276799966	27
-0.00189389559207998	0.534121741351592	834
-0.00262356578869993	0.534584753118728	46
0.00246828561007995	0.532305096548695	51
-0.00262356578869993	0.534584753118728	5
0.00246828561007995	0.532305096548695	222
-0.00086582045368	1.67047842544604	222
0.0483380185473501	1.00044785000371	5
0.0544315521643699	0.992291924175348	5
-0.00335347787300999	0.534889336029958	5
-0.08541313689608	1.20460860509217	5
0.0491106074735499	0.999066624675767	308
0.05166366079118	0.994577550239534	27
-0.00729003919016003	0.536490208929206	155
0.0352565014716599	0.736829271920345	49
-0.07258455749514	1.18953573247373	46
-0.04606230703517	2.02664554250598	46
0.0394607920099199	0.73428791747872	28
0.00319156543243992	0.531963842405938	28
0.00221742142717996	0.532153748454207	5
0.05383007244065	0.994883375620606	5
0.0348441295244399	0.737457902476713	308
-0.00802734580893993	0.536690312605626	222
0.00391460850192993	0.531478987360942	27
0.00366600389301008	0.531774933095134	161
0.02930800140753	0.741348714485643	51
0.07653968367676	1.2538963572184	51
0.03414053167988	0.73839524602128	5
0.0017447688585801	0.532562193916483	22
0.03564846550468	0.736426287452659	5
0.00246828561007995	0.532305096548695	5
0.0017447688585801	0.532562193916483	13
0.0482210326305299	0.999715864518326	49
0.0525042938961999	0.996140943971427	46
0.0348441295244399	0.737457902476713	46
0.00824674914842993	0.529773188260123	82
-0.08640106135711	1.20562681552579	51
0.00438993885030992	0.531433597211914	51
-0.0103925208595399	1.68850121825588	51
0.0342361217630101	0.737803608644795	5
0.0398754422991101	0.734049874675633	222
0.0241708536610901	0.74490389431856	308
0.0400648637716401	0.733838039041807	155
-0.0387715404955999	1.46963962499808	46
0.00319156543243992	0.531963842405938	82
-0.00262356578869993	0.534584753118728	28
0.00169688815515001	0.532694389774889	51
0.05329268116312	0.994813681069795	5
0.00438993885030992	0.531433597211914	5
0.0400184785470501	1.00893678961937	5
-0.00774474493264998	0.536593235425421	5
-0.08541313689608	1.20460860509217	5
0.0501966664065801	0.998498610026594	5
0.0245813550735401	0.745048164284577	5
0.03647041824491	0.736086036474592	13
0.03968031327036	1.00958386073363	155
0.00606618783247992	0.53049613470456	525
-0.00262356578869993	0.534584753118728	82
0.00319156543243992	0.531963842405938	82
0.03032368376837	0.741011018316937	82
-0.00189389559207998	0.534121741351592	51
-0.00142880975047999	0.534054734577795	5
-0.00335347787300999	0.534889336029958	5
0.0297189832399001	0.74144128695738	222
-0.000698476746989973	0.53359178068112	5
0.04647451196875	1.00186314772015	5
0.0358636488266999	0.736484372081891	27
0.00246828561007995	0.532305096548695	27
-0.0868202816072401	1.20616139506103	155
0.0743237426366199	1.25787404413663	46
0.00319156543243992	0.531963842405938	82
-0.00774474493264998	0.536593235425421	222
0.04964813870813	0.998054218024537	191
-0.00142880975047999	0.534054734577795	13
0.0291814595712301	0.741793046518071	46
0.00319156543243992	0.531963842405938	51
-0.0465562383492699	1.48203861940443	46
0.0530912690249701	0.993824520513092	51
-0.0730092060848999	1.188871677536	51
0.00319156543243992	0.531963842405938	27
0.00366600389301008	0.531774933095134	13
0.00319156543243992	0.531963842405938	13
-0.00262356578869993	0.534584753118728	155
-0.07649613828313	1.84736853527263	46
-0.00189389559207998	0.534121741351592	82
0.06566906969332	1.51954192326946	51
0.0652987151981299	1.27033896884317	191
0.00102101500145002	0.532683365671509	308
-0.00142880975047999	0.534054734577795	222
0.0342361217630101	0.737803608644795	27
0.04799919350267	1.00133216698691	27
0.00452910392217998	2.31415780909253	46
-0.00215938518201009	0.53435945377886	51
-0.00335347787300999	0.534889336029958	222
0.0017447688585801	0.532562193916483	27
0.00319156543243992	0.531963842405938	27
0.02397926162987	0.745446937601401	27
0.03362773523062	0.73808363463249	13
0.03073504640225	0.740466286977461	886
0.00366600389301008	0.531774933095134	886
0.00319156543243992	0.531963842405938	277
-0.00335347787300999	0.534889336029958	191
0.00366600389301008	0.531774933095134	191
-0.07733525624147	1.19525537523159	155
0.0709136467192	1.26080435567945	46
-0.02532413668242	1.44819502778325	46
0.00246828561007995	0.532305096548695	46
-0.0754462773650599	1.84470875922639	525
0.0410822349536399	0.733205072648082	82
0.00319156543243992	0.531963842405938	51
0.03926337666649	2.0165357346852	222
0.035040734189	0.736946074777505	308
0.00366600389301008	0.531774933095134	308
-0.00848113268972006	0.537019591842101	222
0.00511363652644992	0.53094883647402	46
-0.00189389559207998	0.534121741351592	46
0.00319156543243992	0.531963842405938	46
0.0347415204314101	0.738030619991319	46
-0.01319426199615	0.538777053419988	46
0.0017447688585801	0.532562193916483	46
0.02858299067685	0.742268681612624	46
0.09473460563862	1.86617474956952	46
-0.0762251254077699	1.19132632530213	5
0.00438993885030992	0.531433597211914	5
-0.00215938518201009	0.53435945377886	13
0.0241708536610901	0.74490389431856	49
0.02397926162987	0.745446937601401	46
0.0410822349536399	0.733205072648082	46
-0.00729003919016003	0.536490208929206	51
0.0344326245705799	0.737399568931953	51
0.0540712554477401	0.992946535226311	5
0.00246828561007995	0.532305096548695	222
0.00319156543243992	0.531963842405938	13
0.00438993885030992	0.531433597211914	13
0.0533883685460601	0.995364856999185	420
-0.0781717595818101	1.19615746000601	46
0.0125718053484001	1.87272226206748	51
-0.00872397334120989	1.68490000840901	5
0.08550500637725	1.697625922055	5
-0.0551076956489001	2.045130954719	5
0.00752013483377989	0.53011506511111	191
0.00438993885030992	0.531433597211914	191
0.0400648637716401	0.733838039041807	308
-0.00289020322422995	0.534512321528133	886
-0.0262423078226901	1.44793358148166	46
-0.07721029400492	1.19295758109662	51
-0.0415222811507801	1.4742885504695	222
0.02930800140753	0.741348714485643	308
-0.0266797942934001	1.45062348889244	27
-0.00335347787300999	0.534889336029958	27
0.00438993885030992	0.531433597211914	13
-0.00142880975047999	0.534054734577795	886
0.00246828561007995	0.532305096548695	13
0.0495550598469101	0.998644372218219	13
-0.00195245605582994	2.33267972941011	49
0.07952414897092	1.49680911355275	46
0.0649140990255099	1.26954483155559	82
0.06765788792838	1.26795626981423	51
-0.00289020322422995	0.534512321528133	51
-0.0825169262990899	1.20039151217704	222
-0.000698476746989973	0.53359178068112	5
0.00824674914842993	0.529773188260123	13
0.00319156543243992	0.531963842405938	191
0.0715366755390301	1.26201361567549	46
-0.02940892687661	1.45498176558643	82
-0.07471943453604	1.84320660176729	51
0.09278512939741	1.68306160311295	191
-0.03807266875997	1.47014287788038	308
0.03605901003645	0.736605692124347	13
-0.0764994899076299	1.19405262374656	13
0.00679328112155009	0.530373211909872	191
0.00824674914842993	0.529773188260123	155
0.0309280072634499	0.740509202720264	46
-0.00262356578869993	0.534584753118728	51
-0.12360431611105	1.647864607882	222
0.00246828561007995	0.532305096548695	5
-0.02946292428636	1.45611116152353	191
0.0289212870214499	0.74127997739407	645
0.0924527440157501	1.8717879051162	46
-0.00142880975047999	0.534054734577795	82
0.00511363652644992	0.53094883647402	46
-0.04632497025997	1.4814277357355	51
0.0476839197190999	1.00030901947175	5
0.0666459014006799	1.26777401128653	5
0.0354517588405201	0.737058651118592	308
0.00366600389301008	0.531774933095134	308
-0.0781951119041	1.19396778018936	308
0.00897312424460006	0.529288422761213	308
0.00221742142717996	0.532153748454207	13
-0.00262356578869993	0.534584753118728	49
-0.03047477942827	1.45723255013954	82
-0.00774474493264998	0.536593235425421	46
-0.0326097904574501	1.45951477969122	5
0.04999928903817	0.998159665810078	5
0.00319156543243992	0.531963842405938	191
0.02679525607078	0.742962412136652	308
-0.08195069977383	1.19979508294437	13
0.00294183147764993	0.532032217355669	13
0.10296770696596	1.66294711341114	783
-0.0294412657004499	2.20394796896194	46
0.0827670718984499	1.49203203231164	46
0.06316096333293	0.984253233663645	82
0.00752013483377989	0.53011506511111	82
0.0699204787145999	1.26339813594423	46
0.0343274050920901	0.73823682262087	46
0.08441464387418	1.69934391075335	5
0.09437349888945	1.86786426639904	308
0.0017447688585801	0.532562193916483	191
0.0250479279458899	1.84715628955179	49
0.0818578635156799	1.4925353748864	46
0.0875345026479699	1.69251576734159	46
0.00752013483377989	0.53011506511111	82
-0.00142880975047999	0.534054734577795	46
0.00438993885030992	0.531433597211914	46
0.0533883685460601	0.995364856999185	51
0.0353421342376099	0.737604114579331	51
0.0737067653910799	1.2574956043706	51
-0.00189389559207998	0.534121741351592	5
-0.07733525624147	1.19525537523159	5
-0.00215938518201009	0.53435945377886	191
-0.00215938518201009	0.53435945377886	27
0.00438993885030992	0.531433597211914	27
-0.00189389559207998	0.534121741351592	49
0.00319156543243992	0.531963842405938	46
-0.00655298027038009	0.53606385526815	82
0.00246828561007995	0.532305096548695	46
0.04593510838551	1.00260921764482	51
-0.07733525624147	1.19525537523159	5
0.00319156543243992	0.531963842405938	222
0.00366600389301008	0.531774933095134	5
0.00294183147764993	0.532032217355669	191
0.0354517588405201	0.737058651118592	191
-0.00142880975047999	0.534054734577795	308
-0.00262356578869993	0.534584753118728	308
0.0431835947675201	1.00549858454715	308
0.0017447688585801	0.532562193916483	191
0.02930800140753	0.741348714485643	13
0.00438993885030992	0.531433597211914	13
0.0017447688585801	0.532562193916483	13
0.00246828561007995	0.532305096548695	82
0.03594237341777	0.73710643497093	82
0.0228318529569	0.746148185749981	46
0.00319156543243992	0.531963842405938	46
0.00294183147764993	0.532032217355669	51
0.0665831427961801	1.26955692181933	51
0.0530912690249701	0.993824520513092	5
0.00195746032279009	1.66598767554665	222
0.0540712554477401	0.992946535226311	5
0.00319156543243992	0.531963842405938	5
-0.00262356578869993	0.534584753118728	191
-0.0882281971983201	1.20695655688192	308
-0.0815303627858499	1.19937634441635	308
-0.00262356578869993	0.534584753118728	27
0.0315319540477701	0.739858295482413	13
0.03605901003645	0.736605692124347	645
-0.00262356578869993	0.534584753118728	13
-0.00215938518201009	0.53435945377886	13
0.00294183147764993	0.532032217355669	191
-0.00215938518201009	0.53435945377886	191
0.0481292096019901	0.999948591765882	49
0.0670294156742	1.26867597676015	46
0.0504432951846801	0.997604965835895	5
0.06165929532963	1.2747113572201	5
0.00511363652644992	0.53094883647402	222
0.00316321952767007	0.53192588850646	191
-0.00262356578869993	0.534584753118728	308
0.00366600389301008	0.531774933095134	308
-0.00262356578869993	0.534584753118728	27
0.0332152691229599	0.738145623224673	191
0.0444913788299499	0.730698170039734	49
0.0491106074735499	0.999066624675767	46
-0.0826299749211299	1.20148621273726	46
0.0440695907957001	1.00465394433231	82
0.0386964720941201	1.01047096099442	46
-0.01298591206666	1.69182853362433	51
0.00319156543243992	0.531963842405938	51
-0.00774474493264998	0.536593235425421	93
-0.04292021149113	2.0195715037781	5
-0.01882513592086	2.17859964537484	5
0.00366600389301008	0.531774933095134	308
0.00438993885030992	0.531433597211914	308
0.0358636488266999	0.736484372081891	308
0.00319156543243992	0.531963842405938	308
0.03875163179009	0.735066089963955	13
-0.000698476746989973	0.53359178068112	13
0.04047902648651	0.733654187413585	51
0.06165929532963	1.2747113572201	5
0.0241708536610901	0.74490389431856	222
0.06837691530202	1.26539986185858	5
-0.00729003919016003	0.536490208929206	191
0.0476839197190999	1.00030901947175	308
-0.0811102108094901	1.19888737123819	308
-0.00335347787300999	0.534889336029958	308
0.00169688815515001	0.532694389774889	13
0.00366600389301008	0.531774933095134	27
-0.00342895272976995	0.534820350018527	155
-0.03047477942827	1.45723255013954	51
-0.07342876029741	1.1893226581013	51
-0.0787394689191401	1.19624673344309	222
-0.00262356578869993	0.534584753118728	222
-0.0876592771618901	1.20699000544567	5
0.0346489758549799	0.73710862556556	308
0.0297189832399001	0.74144128695738	276
0.0017447688585801	0.532562193916483	494
-0.05256635464099	2.49008220163906	46
0.000408412505989997	1.6676710585662	46
0.0716538045347099	1.25979474087847	46
0.06765788792838	1.26795626981423	46
-0.0355581040133299	1.46269317715825	82
0.00319156543243992	0.531963842405938	51
0.0332152691229599	0.738145623224673	51
0.00391460850192993	0.531478987360942	5
0.0440786543998799	1.00538537431244	5
0.0439846507883499	1.00596065633068	5
0.00102101500145002	0.532683365671509	222
0.01842168041068	0.748817153272625	222
0.00319156543243992	0.531963842405938	191
-0.0858318860931999	1.20514242617671	308
0.03073504640225	0.740466286977461	308
0.00366600389301008	0.531774933095134	308
0.00438993885030992	0.531433597211914	308
0.00366600389301008	0.531774933095134	191
0.00246828561007995	0.532305096548695	27
-0.00335347787300999	0.534889336029958	440
0.0348441295244399	0.737457902476713	27
-0.00189389559207998	0.534121741351592	494
-0.00122683451396011	1.67177445472504	46
0.00366600389301008	0.531774933095134	46
0.05362465526986	0.993341884596457	51
-0.03567540302276	1.46565967156264	51
0.03825151948442	0.735027413479489	93
-0.0878083211524801	1.20650169326697	5
0.0738868777706501	1.50544621904894	5
0.0398754422991101	0.734049874675633	5
0.0325218205526401	0.739324025366201	191
-0.00408363202708006	0.535041876234331	191
0.0017447688585801	0.532562193916483	308
-0.00142880975047999	0.534054734577795	308
0.03073504640225	0.740466286977461	191
0.03382413632389	0.737799364206718	27
0.00438993885030992	0.531433597211914	13
0.0354517588405201	0.737058651118592	13
0.00366600389301008	0.531774933095134	494
-0.0766463746596999	1.1917157306012	494
0.0255939502907101	0.744072404548632	46
-0.04312909571541	1.47714180579214	82
-0.03777079007833	1.46801831346594	82
0.00366600389301008	0.531774933095134	51
0.035040734189	0.736946074777505	51
0.00366600389301008	0.531774933095134	5
0.07878589494497	1.4988780582068	5
-0.00158142901031	1.67096382778044	5
-0.03807266875997	1.47014287788038	5
0.0494637383355001	0.998484502021734	308
0.00366600389301008	0.531774933095134	191
0.00366600389301008	0.531774933095134	191
0.00319156543243992	0.531963842405938	27
0.0541592300400999	0.992315619085563	27
0.00824674914842993	0.529773188260123	191
0.0491106074735499	0.999066624675767	590
0.00366600389301008	0.531774933095134	590
0.02930800140753	0.741348714485643	49
0.06763829529453	1.26634818949054	46
-0.0352775608762299	1.46338905217924	46
0.01431626207715	1.86856797392398	46
0.00319156543243992	0.531963842405938	46
0.08283835416326	1.49117160214021	51
0.00391460850192993	0.531478987360942	51
0.03382413632389	0.737799364206718	51
-0.0758040611886099	1.19087347958606	51
0.03768282456808	0.735116002376577	308
-0.07691728100042	1.19469620806378	308
-0.00848113268972006	0.537019591842101	276
0.0332152691229599	0.738145623224673	191
0.0301308372186999	0.740833493555529	13
0.0440695907957001	1.00465394433231	27
-0.00215938518201009	0.53435945377886	27
0.0344326245705799	0.737399568931953	191
0.04974339787571	1.99208063073029	155
0.03032368376837	0.741011018316937	46
0.0295950828379801	0.741636469196257	46
-0.00774474493264998	0.536593235425421	51
0.00319156543243992	0.531963842405938	51
-0.00729003919016003	0.536490208929206	51
0.0574663175294701	0.990058806612059	5
-0.0421706952170799	1.4754116116529	5
0.10534824750342	2.01730491633474	5
0.03605901003645	0.736605692124347	5
0.0778763397794	1.49968741702328	5
0.0309280072634499	0.740509202720264	5
0.0400648637716401	0.733838039041807	191
-0.00262356578869993	0.534584753118728	191
-0.00262356578869993	0.534584753118728	191
0.00752013483377989	0.53011506511111	308
0.0017447688585801	0.532562193916483	276
-0.00655298027038009	0.53606385526815	494
0.02397926162987	0.745446937601401	590
0.10650871946133	2.01378456245117	155
-0.04723391654695	2.02950571161366	155
-0.00802734580893993	0.536690312605626	46
0.00366600389301008	0.531774933095134	46
0.01906891531374	1.85796415604239	46
-0.0499267781669499	2.03434745260746	46
0.00511363652644992	0.53094883647402	51
-0.0808096611732401	1.19962245940815	51
0.02858299067685	0.742268681612624	5
-0.00163907154972009	1.67265492197037	5
0.05053603753539	0.997274045373009	5
-0.0827919292013799	1.2004004526614	5
-0.0848431350578101	1.20349247214963	5
0.0524082627676099	0.995847565409165	191
0.00366600389301008	0.531774933095134	191
0.03666588343696	0.736086429582356	191
0.0017447688585801	0.532562193916483	13
-0.00142880975047999	0.534054734577795	191
0.0017447688585801	0.532562193916483	191
-0.00142880975047999	0.534054734577795	46
0.00438993885030992	0.531433597211914	46
-0.00262356578869993	0.534584753118728	46
0.0280964880574699	0.742148154121523	46
-0.0569522531011699	2.04999000060234	82
0.0533883685460601	0.995364856999185	51
0.00319156543243992	0.531963842405938	51
0.0444913788299499	0.730698170039734	93
-0.03777699290201	1.46875963029062	93
0.0486659317806399	0.999426352901855	5
0.0297189832399001	0.74144128695738	5
-0.00262356578869993	0.534584753118728	5
0.0313388787394899	0.740037005484058	5
-0.0363496329603199	1.46468274603842	5
0.00246828561007995	0.532305096548695	5
0.00263667578329008	1.66504221321531	5
-0.00189389559207998	0.534121741351592	191
0.00366600389301008	0.531774933095134	440
0.00438993885030992	0.531433597211914	27
0.00319156543243992	0.531963842405938	191
-0.0026891496364001	0.534393708496841	46
0.0743237426366199	1.25787404413663	46
-0.0859820259864701	1.20500246069477	46
0.0347415204314101	0.738030619991319	51
-0.0856802444534399	1.20431806821862	51
0.02911390535499	0.741809353787203	51
-0.0294903165207301	1.45348438070346	51
0.0587979445808899	0.988715636506626	51
-0.0834846338090101	1.86202859354755	5
0.0970381096294399	1.67392112237533	5
-0.0869691244564901	1.20534203975664	191
0.00824674914842993	0.529773188260123	13
0.00391460850192993	0.531478987360942	13
0.00243017604661011	0.532388959419506	27
-0.0513744480434699	2.0385091291534	46
-0.0349911056219001	1.46258637946328	46
0.0554972034814101	0.99113481294154	46
-0.0346101147222799	1.46427027960814	46
0.03382413632389	0.737799364206718	46
0.02870243366597	0.741779531267693	46
-0.0825169262990899	1.20039151217704	46
0.0599068367345299	1.2780503146112	51
0.0631361499645899	1.27329040432222	51
0.00294183147764993	0.532032217355669	5
0.00294183147764993	0.532032217355669	5
-0.0813833701804301	1.19849717080833	191
0.00316321952767007	0.53192588850646	27
0.00319156543243992	0.531963842405938	590
-0.00655298027038009	0.53606385526815	155
0.0670155556539001	1.26733267658607	46
-0.09110420812493	1.21166468905818	46
-0.03943189058381	1.47197570410164	51
0.0666618597728299	1.26922318664635	5
0.00366600389301008	0.531774933095134	5
0.0540712554477401	0.992946535226311	191
0.00438993885030992	0.531433597211914	276
-0.0136384494967099	0.538983877530966	27
0.00246828561007995	0.532305096548695	49
-0.00848113268972006	0.537019591842101	49
0.0369297564911899	2.20677048946533	49
0.00391460850192993	0.531478987360942	46
-0.00262356578869993	0.534584753118728	82
0.053485819064	0.994921098367185	51
0.0431835947675201	1.00549858454715	51
0.0633939316525001	1.27273161178683	51
0.0758907225993699	1.50280052826503	5
0.0344326245705799	0.737399568931953	5
0.00366600389301008	0.531774933095134	5
0.0017447688585801	0.532562193916483	46
-0.00774474493264998	0.536593235425421	82
0.0388563440215799	0.734684321976156	51
0.0017447688585801	0.532562193916483	51
0.07818844115586	1.49835143853756	51
-0.0476882485785599	2.03030003660224	5
0.00319156543243992	0.531963842405938	5
0.0482210326305299	0.999715864518326	5
0.02870243366597	0.741779531267693	13
0.03978440170689	1.00877030089072	13
0.00897312424460006	0.529288422761213	27
0.00824674914842993	0.529773188260123	27
-0.0866699389924199	1.20596972159652	563
0.0358636488266999	0.736484372081891	51
-0.00289020322422995	0.534512321528133	51
-0.00142880975047999	0.534054734577795	5
0.0354517588405201	0.737058651118592	222
0.0890465027549501	1.48068738151128	191
0.04416648514979	1.00461354139908	5
0.03032368376837	0.741011018316937	191
-0.0767887666020199	1.19250381372609	191
0.0017447688585801	0.532562193916483	46
-0.08209630742905	1.1999018243829	51
0.00294183147764993	0.532032217355669	51
0.00221742142717996	0.532153748454207	51
0.00319156543243992	0.531963842405938	5
0.04047902648651	0.733654187413585	5
-0.00613454700929994	1.67991676622583	5
0.0882297924658899	1.69192783702643	191
0.00246828561007995	0.532305096548695	191
0.00366600389301008	0.531774933095134	308
0.0554972034814101	0.99113481294154	191
0.00221742142717996	0.532153748454207	13
0.03492851591048	0.737738330121349	27
0.02911390535499	0.741809353787203	13
0.0274901642577501	0.742445781400186	13
0.0654039530744699	1.26846487797341	46
-0.0288142188496801	1.45493938223022	51
-0.00189389559207998	0.534121741351592	51
0.03927148206998	0.734392295037367	5
-0.00729003919016003	0.536490208929206	5
-0.03736454848646	1.46904472386168	5
-0.00215938518201009	0.53435945377886	27
-0.00655298027038009	0.53606385526815	13
0.00752013483377989	0.53011506511111	27
-0.00774474493264998	0.536593235425421	191
0.0475936866594799	0.999880566999494	46
0.09297251882102	1.6834989279829	46
0.00366600389301008	0.531774933095134	51
0.0017447688585801	0.532562193916483	5
0.0394607920099199	0.73428791747872	5
0.0017447688585801	0.532562193916483	5
0.00438993885030992	0.531433597211914	5
-0.0308415578201799	1.45555640085234	191
0.00246828561007995	0.532305096548695	13
0.00246828561007995	0.532305096548695	49
0.06627611706326	1.26814621848805	46
0.02296529130888	0.745782655478961	46
0.0017447688585801	0.532562193916483	51
0.02911390535499	0.741809353787203	51
0.03032368376837	0.741011018316937	5
0.02870243366597	0.741779531267693	5
0.00294183147764993	0.532032217355669	5
0.0559427479103001	0.990628864914917	191
0.0301308372186999	0.740833493555529	27
0.00438993885030992	0.531433597211914	49
-0.00408363202708006	0.535041876234331	49
-0.00189389559207998	0.534121741351592	51
0.0234276220721601	0.745704007001888	51
0.03073504640225	0.740466286977461	51
0.0529464424100199	0.995784069644317	51
0.0585393256796001	1.27993890605111	51
0.0331240577334599	0.739029403250235	93
0.0491106074735499	0.999066624675767	5
0.00511363652644992	0.53094883647402	5
0.00824674914842993	0.529773188260123	5
0.00366600389301008	0.531774933095134	5
0.0625107889387699	1.27384750902197	191
0.0182328252156201	0.749281900376895	27
0.05053603753539	0.997274045373009	27
0.0480391426403199	0.999394559916944	49
0.02397926162987	0.745446937601401	46
0.0348441295244399	0.737457902476713	51
-0.00189389559207998	0.534121741351592	51
-0.00377702692935999	1.67563472479985	5
-0.00262356578869993	0.534584753118728	5
-0.03356797555421	1.46092691276224	191
0.0348441295244399	0.737457902476713	308
-0.00335347787300999	0.534889336029958	191
-0.0397265275361101	1.471729079397	191
0.04362670432585	1.00511146774742	27
0.00319156543243992	0.531963842405938	27
-0.00262356578869993	0.534584753118728	49
0.00246828561007995	0.532305096548695	46
0.00316321952767007	0.53192588850646	215
-0.0811102108094901	1.19888737123819	51
0.0348441295244399	0.737457902476713	5
0.00319156543243992	0.531963842405938	5
-0.0823712218775099	1.20014031624836	5
0.0344326245705799	0.737399568931953	27
0.0480391426403199	0.999394559916944	27
-0.00142880975047999	0.534054734577795	13
0.00246828561007995	0.532305096548695	27
0.00294183147764993	0.532032217355669	27
0.05540971456369	0.991416406657621	49
-0.00142880975047999	0.534054734577795	215
0.00752013483377989	0.53011506511111	93
-0.00215938518201009	0.53435945377886	93
0.05888993679586	0.988454492985114	5
0.00221742142717996	0.532153748454207	5
-0.00142880975047999	0.534054734577795	27
0.00752013483377989	0.53011506511111	27
0.0712837906052399	1.2603302214193	46
0.00391460850192993	0.531478987360942	46
0.0656543562956899	1.26887584701037	51
0.00246828561007995	0.532305096548695	51
0.03032368376837	0.741011018316937	5
0.0719025639117501	1.259388700365	5
0.00366600389301008	0.531774933095134	5
-0.0335435303074501	1.45804701554882	5
0.04799919350267	1.00133216698691	191
0.0370768100507199	0.735634103186099	191
0.0394607920099199	0.73428791747872	27
-0.00921776759309001	0.53721941864807	27
0.00319156543243992	0.531963842405938	27
0.00319156543243992	0.531963842405938	191
0.0319423345526799	0.739536323340341	49
0.0564364403497599	0.99162534127076	46
0.0620097158231401	1.27425990476477	46
0.00511363652644992	0.53094883647402	46
0.00169688815515001	0.532694389774889	46
0.0284382292751999	1.02065110505102	51
0.0824206459807599	1.49283528588575	51
0.0346489758549799	0.73710862556556	51
0.00438993885030992	0.531433597211914	51
0.0539850148058001	0.9928658275338	51
0.0754343989135899	1.25549638793123	5
-0.0828933479057701	1.20233393072924	5
-0.00802734580893993	0.536690312605626	27
0.00319156543243992	0.531963842405938	191
0.03647041824491	0.736086036474592	191
0.0656543562956899	1.26887584701037	46
0.03032368376837	0.741011018316937	82
-0.00342895272976995	0.534820350018527	46
0.00319156543243992	0.531963842405938	51
0.00221742142717996	0.532153748454207	5
0.03382413632389	0.737799364206718	5
0.00294183147764993	0.532032217355669	308
-0.00262356578869993	0.534584753118728	46
0.02518307226521	0.744569276799966	51
-0.07399306967828	1.18937591043623	51
-0.0311189822624101	1.45575721209761	51
0.00824674914842993	0.529773188260123	5
-0.00262356578869993	0.534584753118728	5
0.05737556647188	0.989701935493716	5
0.03666588343696	0.736086429582356	308
-0.0764994899076299	1.19405262374656	27
0.03605901003645	0.736605692124347	27
0.0344326245705799	0.737399568931953	27
0.0301308372186999	0.740833493555529	27
0.04887884777412	1.00049518335591	27
0.00294183147764993	0.532032217355669	27
-0.00408363202708006	0.535041876234331	27
0.0297189832399001	0.74144128695738	49
0.0574663175294701	0.990058806612059	46
-0.00154301792820011	1.67170760291236	5
0.0498599778301001	0.999272177355017	5
-0.02849584634558	1.45127354570996	191
0.00511363652644992	0.53094883647402	27
-0.00215938518201009	0.53435945377886	27
0.00246828561007995	0.532305096548695	46
-0.00335347787300999	0.534889336029958	46
0.02296529130888	0.745782655478961	252
0.00319156543243992	0.531963842405938	5
0.00391460850192993	0.531478987360942	308
0.03051800458471	0.740194948246952	191
-0.0759462670189499	1.1914010057903	191
0.00366600389301008	0.531774933095134	27
0.0352565014716599	0.736829271920345	27
0.00511363652644992	0.53094883647402	27
-0.00262356578869993	0.534584753118728	211
-0.00189389559207998	0.534121741351592	46
-0.00729003919016003	0.536490208929206	46
0.0017447688585801	0.532562193916483	46
0.0521966275699499	0.9945594153429	51
0.0900384373860701	1.47920638535546	93
0.00824674914842993	0.529773188260123	93
0.00752013483377989	0.53011506511111	252
0.03032368376837	0.741011018316937	5
0.0358636488266999	0.736484372081891	308
0.00246828561007995	0.532305096548695	27
0.00824674914842993	0.529773188260123	191
-0.0808355609373199	1.19792858671139	49
-0.0906109208486201	1.21232694013495	46
0.0803160142397099	1.24845947088222	51
0.0358636488266999	0.736484372081891	51
0.03382413632389	0.737799364206718	252
0.00102101500145002	0.532683365671509	252
0.0348441295244399	0.737457902476713	444
0.00246828561007995	0.532305096548695	5
0.03605901003645	0.736605692124347	5
0.00366600389301008	0.531774933095134	27
-0.00215938518201009	0.53435945377886	633
0.0874023410170801	1.48261309233556	46
0.0672904854889	1.26842952166512	563
0.0533883685460601	0.995364856999185	46
-0.00262356578869993	0.534584753118728	46
0.0309280072634499	0.740509202720264	46
0.03382413632389	0.737799364206718	51
-0.00142880975047999	0.534054734577795	51
0.0495550598469101	0.998644372218219	252
0.0631361499645899	1.27329040432222	5
0.0017447688585801	0.532562193916483	5
0.00319156543243992	0.531963842405938	5
-0.12432904154537	1.65023348648439	191
-0.025679931472	1.44880090827347	191
0.00438993885030992	0.531433597211914	27
0.00438993885030992	0.531433597211914	191
-0.00729003919016003	0.536490208929206	211
0.00319156543243992	0.531963842405938	46
-0.00262356578869993	0.534584753118728	46
-0.00408363202708006	0.535041876234331	5
0.0705433728154199	1.26121703885174	252
0.06627611706326	1.26814621848805	191
0.00294183147764993	0.532032217355669	27
0.00319156543243992	0.531963842405938	211
0.06493061688622	1.27073781071574	46
0.00246828561007995	0.532305096548695	46
0.0297189832399001	0.74144128695738	51
-0.00848113268972006	0.537019591842101	51
0.03382413632389	0.737799364206718	252
0.03382413632389	0.737799364206718	444
0.0159859860270699	1.86496710335883	5
0.0245813550735401	0.745048164284577	5
0.00319156543243992	0.531963842405938	5
0.0157950929183199	1.86492304355208	27
0.00438993885030992	0.531433597211914	633
0.0183706043690099	1.86010696596853	46
0.02858299067685	0.742268681612624	51
0.0623979829372201	1.27416641806522	51
0.0539850148058001	0.9928658275338	5
-0.04417587248815	1.47719921109901	5
0.00606618783247992	0.53049613470456	5
0.07300759245613	1.25954563070602	191
0.00221742142717996	0.532153748454207	191
0.0896158793909101	1.68902826705641	191
0.07227243107816	1.25891520642251	191
0.0838472823456899	1.48808862970043	27
0.0535382538054301	0.993373734563121	27
0.0770193735761899	1.71339314523923	46
0.0887639422776601	1.88038662573358	46
-0.00609319560568	1.68008435466603	252
-0.00189389559207998	0.534121741351592	5
0.000685339265990015	1.66818267945691	308
-0.0749624874314501	1.18977293025434	46
0.0504432951846801	0.997604965835895	46
0.0494208844175199	0.999724767777053	93
0.09129134141204	1.47584192667904	51
0.0405606233928399	1.00865891213654	93
0.00294183147764993	0.532032217355669	93
-0.00215938518201009	0.53435945377886	252
0.06106618288064	1.27648632618268	191
0.02911390535499	0.741809353787203	191
0.00319156543243992	0.531963842405938	27
-0.00262356578869993	0.534584753118728	27
-0.0816758736482099	1.19933877647713	633
-0.02947762072865	1.45583211535728	46
0.0808643838810399	1.49421104250225	46
-0.0397865379764499	1.47229299558748	46
0.05480974569758	0.993666240668308	46
0.00246828561007995	0.532305096548695	51
0.04372377226822	1.00492433849095	51
0.00391460850192993	0.531478987360942	252
0.0348441295244399	0.737457902476713	5
-0.0260358485711101	1.4493377012198	191
0.0358636488266999	0.736484372081891	191
0.00438993885030992	0.531433597211914	27
0.00438993885030992	0.531433597211914	27
0.0398754422991101	0.734049874675633	27
-0.0143816470099101	0.539305515921282	27
-0.00408363202708006	0.535041876234331	46
-0.00802734580893993	0.536690312605626	46
-0.00262356578869993	0.534584753118728	46
0.03032368376837	0.741011018316937	93
0.08076689582009	1.70608174006358	252
0.06837691530202	1.26539986185858	252
-0.00289020322422995	0.534512321528133	5
0.0586468382699801	1.27950564396981	5
-0.00142880975047999	0.534054734577795	191
0.00438993885030992	0.531433597211914	308
0.0342361217630101	0.737803608644795	191
-0.00142880975047999	0.534054734577795	633
0.04451225431501	1.0041209288757	46
0.0184859081412201	1.860043677513	46
0.0606428709792	1.27693048562443	252
0.00897312424460006	0.529288422761213	5
-0.0273863575398701	1.45119946321806	5
-0.0346101147222799	1.46427027960814	5
0.0434846139584599	2.00533667218066	5
0.00319156543243992	0.531963842405938	191
0.00391460850192993	0.531478987360942	191
0.0301201658240899	1.83580322024194	191
-0.0391280801270399	1.47002232630024	27
-0.08640106135711	1.20562681552579	633
-0.00408363202708006	0.535041876234331	633
-0.0859820259864701	1.20500246069477	46
0.0899157528338499	1.68853736168498	46
-0.0459701626851301	1.48119566753885	46
-0.0291896958903799	1.45482375411216	5
0.0327219356282999	2.21661766136033	5
0.05451763196394	0.992496519663589	191
0.00366600389301008	0.531774933095134	191
0.00679328112155009	0.530373211909872	27
-0.00335347787300999	0.534889336029958	27
-0.00262356578869993	0.534584753118728	46
-0.00086582045368	1.67047842544604	46
0.00246828561007995	0.532305096548695	51
0.00294183147764993	0.532032217355669	51
0.05269783941413	0.996329046939022	5
-0.11574868766372	2.21347414168918	5
0.0297189832399001	0.74144128695738	191
0.0484391315800301	1.00094874460807	191
-0.00289020322422995	0.534512321528133	191
0.0017447688585801	0.532562193916483	27
-0.00335347787300999	0.534889336029958	27
0.0476839197190999	1.00030901947175	46
-0.00142880975047999	0.534054734577795	46
0.02930800140753	0.741348714485643	46
-0.00262356578869993	0.534584753118728	46
0.0758907225993699	1.50280052826503	51
0.03605901003645	0.736605692124347	5
0.10812092323051	2.17304705166163	5
0.02930800140753	0.741348714485643	191
-0.000698476746989973	0.53359178068112	191
0.00102101500145002	0.532683365671509	191
0.00243017604661011	0.532388959419506	27
0.00246828561007995	0.532305096548695	27
0.00366600389301008	0.531774933095134	27
0.07333754041043	1.25776885694013	27
0.03382413632389	0.737799364206718	633
0.00102101500145002	0.532683365671509	46
0.00897312424460006	0.529288422761213	46
0.00319156543243992	0.531963842405938	459
0.00319156543243992	0.531963842405938	46
0.00366600389301008	0.531774933095134	46
0.0017447688585801	0.532562193916483	46
0.0188322541939301	0.748932368454149	51
-0.07342876029741	1.1893226581013	252
0.03492851591048	0.737738330121349	252
-0.12022820046489	1.64328462610886	252
0.0348441295244399	0.737457902476713	5
-0.00262356578869993	0.534584753118728	191
-0.00335347787300999	0.534889336029958	668
0.00221742142717996	0.532153748454207	46
0.00243017604661011	0.532388959419506	459
-0.00335347787300999	0.534889336029958	252
0.0017447688585801	0.532562193916483	5
0.00221742142717996	0.532153748454207	191
0.0017447688585801	0.532562193916483	191
0.03382413632389	0.737799364206718	27
0.035040734189	0.736946074777505	633
-0.00262356578869993	0.534584753118728	459
0.00319156543243992	0.531963842405938	459
0.00319156543243992	0.531963842405938	93
0.0824990126347201	1.49159086220326	252
0.00246828561007995	0.532305096548695	191
-0.00189389559207998	0.534121741351592	459
-0.00215938518201009	0.53435945377886	46
-0.0342815268805501	1.46216764342642	46
-0.0339246898580201	1.46158645703795	5
0.02031150446689	0.932183164112002	5
-0.09094908275825	1.21154927794888	5
0.03605901003645	0.736605692124347	5
0.035040734189	0.736946074777505	5
0.00294183147764993	0.532032217355669	27
-0.00335347787300999	0.534889336029958	27
0.0017447688585801	0.532562193916483	27
0.0546054446842099	0.991978253817899	191
0.0344326245705799	0.737399568931953	46
0.00319156543243992	0.531963842405938	459
-0.00262356578869993	0.534584753118728	93
0.00319156543243992	0.531963842405938	93
0.00319156543243992	0.531963842405938	93
0.00319156543243992	0.531963842405938	93
0.03382413632389	0.737799364206718	191
0.00102101500145002	0.532683365671509	191
0.0298493524777901	2.0380042347335	191
-0.000698476746989973	0.53359178068112	46
0.03564846550468	0.736426287452659	459
0.0017447688585801	0.532562193916483	93
0.00294183147764993	0.532032217355669	93
0.00366600389301008	0.531774933095134	252
0.0540712554477401	0.992946535226311	252
0.00246828561007995	0.532305096548695	444
0.0309280072634499	0.740509202720264	444
0.07952414897092	1.49680911355275	5
-0.07733525624147	1.19525537523159	5
-0.03020511416661	1.45435792809077	5
-0.0868202816072401	1.20616139506103	191
0.00246828561007995	0.532305096548695	191
0.00679328112155009	0.530373211909872	191
0.00319156543243992	0.531963842405938	191
0.0017447688585801	0.532562193916483	27
0.05345358295201	0.99264693168171	27
0.0530912690249701	0.993824520513092	633
0.06902175884687	1.26556467109064	459
-0.00262356578869993	0.534584753118728	46
-0.00848113268972006	0.537019591842101	201
-0.0084380409779099	1.68522644721918	252
-0.0257451262806701	1.44962631305146	252
0.0631361499645899	1.27329040432222	5
0.03624984696428	1.01295381191407	5
0.02798414743867	0.742664548988016	5
0.035040734189	0.736946074777505	191
0.08038094074669	1.49493066593132	5
-0.0229945153243001	2.18729328824529	5
0.0241708536610901	0.74490389431856	191
0.00752013483377989	0.53011506511111	191
0.00319156543243992	0.531963842405938	668
0.05888993679586	0.988454492985114	191
0.00246828561007995	0.532305096548695	27
0.0346489758549799	0.73710862556556	27
0.08175849947587	1.70421722954407	633
0.00752013483377989	0.53011506511111	46
-0.000698476746989973	0.53359178068112	459
0.00102101500145002	0.532683365671509	459
0.02911390535499	0.741809353787203	459
0.0301308372186999	0.740833493555529	5
0.06955199442921	1.26390425832327	5
0.0623979829372201	1.27416641806522	27
-0.0261084797992299	1.44845552078515	191
-0.0744130889021499	1.18982737404724	49
0.0245813550735401	0.745048164284577	49
0.00246828561007995	0.532305096548695	46
0.00221742142717996	0.532153748454207	46
0.00246828561007995	0.532305096548695	46
0.0537127917149201	0.992586909265657	46
0.00438993885030992	0.531433597211914	51
-0.0377246522414001	2.22211088677847	93
-0.00342895272976995	0.534820350018527	252
0.00246828561007995	0.532305096548695	191
0.00679328112155009	0.530373211909872	5
-0.08807905267463	1.20727402944065	5
0.00243017604661011	0.532388959419506	191
-0.08041582993303	1.1974081608161	191
0.00438993885030992	0.531433597211914	633
0.00316321952767007	0.53192588850646	46
0.00366600389301008	0.531774933095134	459
0.00319156543243992	0.531963842405938	123
0.00169688815515001	0.532694389774889	123
0.0720159501571001	1.26079380826757	46
-0.0541101778606401	2.04385662100979	46
-0.00774474493264998	0.536593235425421	252
0.00246828561007995	0.532305096548695	5
0.0352565014716599	0.736829271920345	444
-0.08122603044593	1.20036109797144	191
0.00897312424460006	0.529288422761213	5
0.0017447688585801	0.532562193916483	459
0.02870243366597	0.741779531267693	51
0.0343274050920901	0.73823682262087	252
-0.00215938518201009	0.53435945377886	252
0.0297189832399001	0.74144128695738	252
0.02619479089086	0.74359461111114	191
0.00319156543243992	0.531963842405938	191
0.00438993885030992	0.531433597211914	459
-0.00262356578869993	0.534584753118728	459
-0.00321318788427005	1.67334865531047	46
0.00391460850192993	0.531478987360942	51
0.0388563440215799	0.734684321976156	191
-0.00142880975047999	0.534054734577795	46
-0.00262356578869993	0.534584753118728	459
0.0491106074735499	0.999066624675767	459
-0.03706739374354	2.22091334448937	46
-0.03834540383945	1.46849827712252	252
0.0331240577334599	0.739029403250235	252
0.0670450133864999	1.2681326306569	191
0.00366600389301008	0.531774933095134	27
0.0017447688585801	0.532562193916483	27
0.04168506802148	0.732690001857744	459
-0.00142880975047999	0.534054734577795	93
0.00366600389301008	0.531774933095134	252
0.0817499790277001	1.49369643198155	5
0.06316096333293	0.984253233663645	191
0.04670210346596	1.00066507097037	191
-0.07636742430816	1.19198656006665	191
0.00294183147764993	0.532032217355669	459
0.0398754422991101	0.734049874675633	252
0.00438993885030992	0.531433597211914	5
0.00438993885030992	0.531433597211914	5
0.00246828561007995	0.532305096548695	5
-0.00335347787300999	0.534889336029958	191
0.00246828561007995	0.532305096548695	191
0.0344326245705799	0.737399568931953	27
0.0931468898193	1.8706640244892	191
0.00316321952767007	0.53192588850646	459
-0.08122603044593	1.20036109797144	46
0.09386943565172	1.681609226948	46
0.0673850798842199	1.26682439264286	46
0.00366600389301008	0.531774933095134	93
0.00294183147764993	0.532032217355669	51
0.02870243366597	0.741779531267693	51
-0.00848113268972006	0.537019591842101	252
0.00246828561007995	0.532305096548695	252
0.09732057989647	1.67362234207688	5
0.06775447415228	1.26624721925684	191
-0.0136384494967099	0.538983877530966	191
0.03605901003645	0.736605692124347	27
0.04047902648651	0.733654187413585	27
0.00438993885030992	0.531433597211914	459
0.0499081347337	0.997836151501064	51
0.0017447688585801	0.532562193916483	252
0.053485819064	0.994921098367185	444
-0.0462638918863501	1.48202023776382	191
-0.0835031363571	1.20073289986014	191
0.00246828561007995	0.532305096548695	459
0.00366600389301008	0.531774933095134	93
0.00897312424460006	0.529288422761213	93
0.0344326245705799	0.737399568931953	252
-0.07721029400492	1.19295758109662	5
0.02899712070884	0.742031605098525	5
0.05833113432356	2.32769776310887	5
0.00366600389301008	0.531774933095134	27
0.03382413632389	0.737799364206718	27
-0.12466417198893	1.65111247920108	27
0.00752013483377989	0.53011506511111	46
-0.00335347787300999	0.534889336029958	46
-0.000698476746989973	0.53359178068112	123
0.04549328654667	1.00323826339346	51
-0.00262356578869993	0.534584753118728	5
-0.0861855474045501	1.20645707608368	5
-0.08002504050589	1.1950238975393	191
0.00438993885030992	0.531433597211914	27
0.00366600389301008	0.531774933095134	27
-0.02883459701434	1.45432111989441	191
0.000963355668319954	0.532848557178048	46
0.00366600389301008	0.531774933095134	46
0.00366600389301008	0.531774933095134	123
-0.05539300365703	2.04628826394795	46
-0.0764994899076299	1.19405262374656	46
0.0275562462250001	1.84079999727405	5
0.00366600389301008	0.531774933095134	191
0.02870243366597	0.741779531267693	386
0.00438993885030992	0.531433597211914	386
0.00319156543243992	0.531963842405938	27
0.0398754422991101	0.734049874675633	191
-0.0890773565705101	1.87270350052606	27
0.00246828561007995	0.532305096548695	46
-0.00335347787300999	0.534889336029958	46
0.02870243366597	0.741779531267693	46
0.1033794532671	1.84767565738006	252
0.0824416213058099	1.49244225216772	191
0.03594237341777	0.73710643497093	191
0.0431835947675201	1.00549858454715	386
-0.00408363202708006	0.535041876234331	191
-0.0833587197241901	1.20115673296458	191
0.00294183147764993	0.532032217355669	27
0.00366600389301008	0.531774933095134	27
-0.00335347787300999	0.534889336029958	46
0.0400648637716401	0.733838039041807	46
0.0295950828379801	0.741636469196257	123
-0.00215938518201009	0.53435945377886	93
-0.07756217572552	1.85094647445304	252
0.0683923041649901	1.26678153128895	191
0.0017447688585801	0.532562193916483	27
0.00438993885030992	0.531433597211914	27
0.0564863701142899	0.990542427271534	27
0.0449546950200199	1.00349094302248	191
0.0699204787145999	1.26339813594423	459
0.06763829529453	1.26634818949054	123
0.0834915375307199	1.48991825525359	46
0.0491106074735499	0.999066624675767	51
0.00438993885030992	0.531433597211914	5
0.0344326245705799	0.737399568931953	386
0.00246828561007995	0.532305096548695	27
0.03605901003645	0.736605692124347	27
0.00391460850192993	0.531478987360942	27
-0.09986049273304	2.17572130832778	191
-0.00262356578869993	0.534584753118728	46
0.09801639575191	2.19925824026222	46
0.0743237426366199	1.25787404413663	51
0.00391460850192993	0.531478987360942	93
0.0937770912757201	1.68097469189153	5
0.0019047662868299	1.66613097106643	5
0.00246828561007995	0.532305096548695	191
-0.00142880975047999	0.534054734577795	191
0.00246828561007995	0.532305096548695	27
-0.0779023960469101	1.19520055224122	191
0.00246828561007995	0.532305096548695	46
-0.00335347787300999	0.534889336029958	252
0.00824674914842993	0.529773188260123	5
0.035040734189	0.736946074777505	191
-0.00921776759309001	0.53721941864807	386
-0.00262356578869993	0.534584753118728	27
0.02870243366597	0.741779531267693	27
0.0521114774560001	0.994180952048236	191
-0.00262356578869993	0.534584753118728	46
-0.00342895272976995	0.534820350018527	46
0.0017447688585801	0.532562193916483	46
0.000826424311479945	2.32541427742309	252
-0.00408363202708006	0.535041876234331	5
0.02356826086701	0.745383324956546	191
0.03032368376837	0.741011018316937	191
0.04714800698072	1.00030409419732	46
-0.0785902878879401	1.19650017248537	46
0.02870243366597	0.741779531267693	252
0.0186661105194901	1.85877944500995	252
0.09580022827094	2.03919181794359	252
-0.04810319161093	2.03134667450567	191
0.03032368376837	0.741011018316937	386
0.0398754422991101	0.734049874675633	386
-0.00335347787300999	0.534889336029958	27
0.0485742759071901	0.999525585409184	27
-0.08024766521631	1.85534644677049	191
0.0680076702603401	1.26590745401906	191
0.04066434950672	1.00820001221222	191
0.10727634392544	1.84050863469652	46
0.0529464424100199	0.995784069644317	46
0.0343274050920901	0.73823682262087	46
0.0547128140500499	0.993688413327325	46
0.00246828561007995	0.532305096548695	51
0.00102101500145002	0.532683365671509	191
0.0531778312920601	0.993680034498627	386
0.02798414743867	0.742664548988016	386
-0.0866699389924199	1.20596972159652	27
0.0358636488266999	0.736484372081891	27
0.03957803222681	1.00954440585532	191
0.0344326245705799	0.737399568931953	27
0.05451763196394	0.992496519663589	191
0.0736074260141499	1.50583734552731	46
0.02930800140753	0.741348714485643	390
-0.00774474493264998	0.536593235425421	46
0.0301926711334699	0.741161633974911	252
0.03647041824491	0.736086036474592	191
-0.12225917445967	1.64649175711753	27
0.0331240577334599	0.739029403250235	191
0.07017296883272	1.2615648515602	27
0.00752013483377989	0.53011506511111	390
-0.00655298027038009	0.53606385526815	46
-0.00335347787300999	0.534889336029958	51
-0.00612949938646001	1.68074006808312	51
-0.0456416827988699	2.02539534376635	252
0.0561714549290999	1.28296883794798	191
0.03647041824491	0.736086036474592	191
0.0440786543998799	1.00538537431244	27
0.00319156543243992	0.531963842405938	27
0.04451225431501	1.0041209288757	27
0.0579104158918999	0.989666385167294	27
0.0257844135257701	0.743935667379362	390
0.0309280072634499	0.740509202720264	46
0.00511363652644992	0.53094883647402	46
0.01972142618006	1.85795362043627	93
0.00319156543243992	0.531963842405938	191
0.01782174227005	0.749265032773333	46
0.05480974569758	0.993666240668308	46
0.02001532409873	1.85720748157007	93
-0.00189389559207998	0.534121741351592	252
-0.0212557576788399	2.18444289617661	252
-0.0730092060848999	1.188871677536	5
-0.0727341194153901	1.18761499430896	444
0.08615886455422	1.48485027287929	191
0.00319156543243992	0.531963842405938	27
0.00391460850192993	0.531478987360942	123
-0.00848113268972006	0.537019591842101	46
-0.00262356578869993	0.534584753118728	252
0.02499273395026	0.744470247034485	5
-0.00142880975047999	0.534054734577795	5
-0.08107110888979	1.20005774903226	386
-0.00767652492687998	1.68269092523507	386
0.079214851863	1.49693665738871	386
0.0495550598469101	0.998644372218219	191
0.00246828561007995	0.532305096548695	191
0.0438909955070601	0.731090904465366	386
0.0280964880574699	0.742148154121523	27
0.0525042938961999	0.996140943971427	27
0.05166366079118	0.994577550239534	27
0.06902175884687	1.26556467109064	46
0.0652842927827499	1.26924849515632	123
0.08928438423298	1.48073565814413	51
0.0905270727701899	2.0512551356372	252
0.0370768100507199	0.735634103186099	386
0.02911390535499	0.741809353787203	27
0.0017447688585801	0.532562193916483	27
0.00102101500145002	0.532683365671509	27
0.0782231490265	1.25131380652415	46
-0.03425526353778	1.46364205000213	46
0.03032368376837	0.741011018316937	302
-0.10856550152062	2.1965827523884	386
0.0431835947675201	1.00549858454715	27
-0.000698476746989973	0.53359178068112	191
0.00391460850192993	0.531478987360942	46
-0.0824762422793299	1.20196300454179	252
0.0533883685460601	0.995364856999185	252
-0.00522770423471997	1.6790614883119	444
-0.0829377303627199	1.20081090618897	444
0.02585665352912	1.84364566714472	386
0.0815185218350301	1.49336985586135	27
0.00319156543243992	0.531963842405938	27
-0.08654980359811	1.20459859422597	46
0.0496253001711899	1.99255562404802	46
0.00243017604661011	0.532388959419506	46
-0.0290547355901301	1.45248324308051	51
-0.00848113268972006	0.537019591842101	252
0.00319156543243992	0.531963842405938	252
0.04460897506561	1.00422715477358	27
0.00366600389301008	0.531774933095134	191
0.0543472009194701	0.991109811351052	46
0.00246828561007995	0.532305096548695	46
0.00511363652644992	0.53094883647402	46
0.0898219245285401	1.68873403527073	252
-0.0136384494967099	0.538983877530966	252
0.04127187990197	0.732661948301828	5
0.00319156543243992	0.531963842405938	191
0.00246828561007995	0.532305096548695	191
0.00438993885030992	0.531433597211914	191
0.00243017604661011	0.532388959419506	191
0.06902175884687	1.26556467109064	386
0.0857547652208499	1.48638959657909	27
-0.0823712218775099	1.20014031624836	27
0.0495550598469101	0.998644372218219	173
-0.00335347787300999	0.534889336029958	191
0.0530664700589301	1.28671806773118	252
0.0017447688585801	0.532562193916483	252
0.03605901003645	0.736605692124347	5
0.0667637659810101	1.26734742220353	5
-0.00767652492687998	1.68269092523507	5
-0.00215938518201009	0.53435945377886	386
0.0354517588405201	0.737058651118592	386
0.0691833803750099	1.26434363890465	386
0.00294183147764993	0.532032217355669	191
0.08572049395478	1.48680423520226	46
0.0017447688585801	0.532562193916483	46
-0.0717516497750801	1.1871121275736	51
-0.0308303083122301	1.45781095784373	252
-0.000698476746989973	0.53359178068112	5
0.00319156543243992	0.531963842405938	191
0.00246828561007995	0.532305096548695	5
0.05844645029935	0.988846065329961	27
0.03382413632389	0.737799364206718	173
0.02930800140753	0.741348714485643	173
-0.00262356578869993	0.534584753118728	173
-0.000698476746989973	0.53359178068112	191
0.04549328654667	1.00323826339346	46
0.00511363652644992	0.53094883647402	302
0.00391460850192993	0.531478987360942	252
0.00752013483377989	0.53011506511111	386
-0.0717516497750801	1.1871121275736	27
0.00366600389301008	0.531774933095134	191
0.00366600389301008	0.531774933095134	191
0.00246828561007995	0.532305096548695	5
0.00221742142717996	0.532153748454207	5
0.00106585575005003	1.66587412468141	386
0.00294183147764993	0.532032217355669	386
0.0558047870718501	1.28221792979095	386
0.07568786658258	1.25443982083254	27
0.07021310405337	1.51270777660896	252
0.00241454497651006	1.66362374574432	5
0.00243017604661011	0.532388959419506	5
-0.00262356578869993	0.534584753118728	386
0.05345358295201	0.99264693168171	386
0.0652842927827499	1.26924849515632	386
-0.12498729317822	1.64986948137725	191
0.03605901003645	0.736605692124347	46
0.05373455695425	0.994169435465048	46
0.00294183147764993	0.532032217355669	46
0.03764631807576	0.735305108920314	27
-0.0309128853903999	2.20647434623557	46
0.0299131916059701	0.740846365603413	46
0.0711686225327599	1.26245210860943	51
-0.0816758736482099	1.19933877647713	51
0.08309242725386	1.49154716863596	252
0.0485742759071901	0.999525585409184	386
-0.0349955693028901	1.46310646201367	27
-0.0868202816072401	1.20616139506103	173
0.0017447688585801	0.532562193916483	46
0.0416471108379399	1.00735783090673	46
0.0912537192178799	1.6857242834286	51
-0.03356797555421	1.46092691276224	51
0.0354517588405201	0.737058651118592	386
-0.00142880975047999	0.534054734577795	27
0.05633985919833	1.28244239759498	173
0.0526440603259899	0.994220592637895	173
0.0309280072634499	0.740509202720264	173
0.00319156543243992	0.531963842405938	51
0.00752013483377989	0.53011506511111	51
0.00897312424460006	0.529288422761213	191
-0.00335347787300999	0.534889336029958	191
-0.0748189250579301	1.19170944782723	191
0.0238109075388899	1.84845578812827	46
0.0495550598469101	0.998644372218219	386
0.0583542915300399	0.989219461261194	191
0.04451225431501	1.0041209288757	173
0.05482475198001	2.3356879586139	46
0.0656666836825399	1.26986571038042	46
-0.0107096744928901	1.68886173663458	51
0.06558259925229	1.27036738029854	51
0.0295950828379801	0.741636469196257	51
-0.0923139722055999	1.87927411316882	252
-0.0309204030316701	1.45492801517924	5
0.0348441295244399	0.737457902476713	27
0.0354517588405201	0.737058651118592	27
0.04353141622118	1.0044738029531	27
0.0279026162214799	0.742256971530913	173
-0.0855631753914401	1.2042592849111	46
-0.00774474493264998	0.536593235425421	46
0.0343274050920901	0.73823682262087	51
-0.00189389559207998	0.534121741351592	5
0.0017447688585801	0.532562193916483	191
0.00366600389301008	0.531774933095134	173
0.000963355668319954	0.532848557178048	173
0.0643069168204999	2.47634771121775	46
-0.00655298027038009	0.53606385526815	51
0.00217388641168004	1.66475961487084	51
-0.12466417198893	1.65111247920108	51
0.08954381984391	1.87822803470476	91
0.0564386016357299	1.28299847517393	5
-0.000698476746989973	0.53359178068112	191
-0.12092837337306	1.64509408242816	386
-0.00335347787300999	0.534889336029958	386
-0.0771848916640701	1.19470927673185	191
0.0410822349536399	0.733205072648082	27
-0.07636742430816	1.19198656006665	191
-0.000640096476580032	1.67104511350822	27
0.02911390535499	0.741809353787203	173
0.0344326245705799	0.737399568931953	173
0.00243017604661011	0.532388959419506	173
0.05362465526986	0.993341884596457	51
0.0194313077211301	0.748485043890541	252
0.10420043532815	2.01848349749154	252
0.07617138489091	1.25449292443055	5
-0.0830471855020001	1.20201746051507	386
-0.08392440707451	1.20115273534419	191
-0.0847875205809601	1.8645107130247	386
-0.0882281971983201	1.20695655688192	27
-0.10315612202987	2.18404330942953	46
0.0000425746841798969	1.66974165687704	46
-0.12317444781348	2.22915955655206	46
-0.0783236426277401	1.84913398637743	51
0.0524082627676099	0.995847565409165	51
-0.03777079007833	1.46801831346594	5
0.07017296883272	1.2615648515602	191
0.00366600389301008	0.531774933095134	27
0.0743279480219701	1.25652462295034	27
0.0494637383355001	0.998484502021734	27
-0.12298501325943	2.49012987087225	46
-0.07676701758319	1.19429405067109	46
0.0301926711334699	0.741161633974911	46
0.0299131916059701	0.740846365603413	51
-0.00262356578869993	0.534584753118728	51
0.06603452240012	1.26931816706873	252
-0.0424798608991499	1.47712860392791	252
-0.08209630742905	1.1999018243829	191
0.00391460850192993	0.531478987360942	386
0.0485742759071901	0.999525585409184	191
-0.02160509591059	1.44279001872526	46
-0.0300464411099299	1.45369425775544	46
0.05392735001719	0.994565020089135	123
0.06376279833279	1.27233147530848	46
0.05392735001719	0.994565020089135	46
-0.00802734580893993	0.536690312605626	252
-0.0730092060848999	1.188871677536	252
0.06837691530202	1.26539986185858	252
-0.0855631753914401	1.2042592849111	252
-0.00655298027038009	0.53606385526815	191
0.0579104158918999	0.989666385167294	386
-0.04283341738672	1.47768310957721	386
0.0017447688585801	0.532562193916483	27
0.0476839197190999	1.00030901947175	27
0.00294183147764993	0.532032217355669	77
0.0342361217630101	0.737803608644795	173
0.00752013483377989	0.53011506511111	51
0.00319156543243992	0.531963842405938	51
0.00319156543243992	0.531963842405938	51
0.00243017604661011	0.532388959419506	891
0.10683758088873	1.65490305970094	191
0.0388563440215799	0.734684321976156	77
-0.07440240200594	1.19136941915611	173
-0.00142880975047999	0.534054734577795	173
0.0952237326277701	2.36659038899649	46
0.0699204787145999	1.26339813594423	46
0.0782029020437201	1.49912598127864	123
0.0017447688585801	0.532562193916483	51
-0.0589592538052399	2.05384205904781	51
-0.0798785395263599	1.85463594141213	51
0.00438993885030992	0.531433597211914	252
-0.0759318218387299	1.19325077573748	252
0.05765245421403	0.990725359567734	252
0.0889389193622001	1.48048784178129	252
0.05888993679586	0.988454492985114	252
0.0344326245705799	0.737399568931953	5
0.00679328112155009	0.530373211909872	5
0.03764631807576	0.735305108920314	191
0.0854111509017801	1.4875403459979	46
0.00391460850192993	0.531478987360942	46
0.00824674914842993	0.529773188260123	51
0.05107996609405	0.996912285405691	252
0.00438993885030992	0.531433597211914	5
0.02870243366597	0.741779531267693	27
0.00366600389301008	0.531774933095134	173
0.1034964700169	2.02020519853144	123
0.00319156543243992	0.531963842405938	51
0.0358636488266999	0.736484372081891	51
0.03073504640225	0.740466286977461	51
-0.00215938518201009	0.53435945377886	252
-0.00774474493264998	0.536593235425421	252
0.03605901003645	0.736605692124347	5
0.00316321952767007	0.53192588850646	5
0.00319156543243992	0.531963842405938	191
-0.00262356578869993	0.534584753118728	191
-0.0659892567897	1.82557962191926	27
0.02397926162987	0.745446937601401	27
0.07617138489091	1.25449292443055	46
-0.00189389559207998	0.534121741351592	51
-0.0418150830161901	1.47481399015276	51
0.0535382538054301	0.993373734563121	51
-0.08209630742905	1.1999018243829	51
0.00438993885030992	0.531433597211914	99
0.0779678243026201	1.25134966500722	5
0.0388563440215799	0.734684321976156	191
-0.12398494482864	1.64981854449843	27
-0.00408363202708006	0.535041876234331	77
-0.00848113268972006	0.537019591842101	207
0.00319156543243992	0.531963842405938	252
0.00366600389301008	0.531774933095134	5
0.06731246253014	1.51566823822513	191
0.0358636488266999	0.736484372081891	386
0.0662941742041401	1.2696961012518	27
0.0611479411309801	1.2749402397805	27
0.00246828561007995	0.532305096548695	173
0.04268910608601	0.731705364979513	46
0.00294183147764993	0.532032217355669	207
-0.00262356578869993	0.534584753118728	51
-0.00189389559207998	0.534121741351592	51
0.0460330872605099	1.00239409855352	252
0.00438993885030992	0.531433597211914	252
0.0474575637330601	1.00143133266914	252
0.05737556647188	0.989701935493716	252
-0.0849945723955401	1.20398508391291	191
0.0543686588497101	0.994146711071465	191
0.0495550598469101	0.998644372218219	191
-0.0790557508848	1.85274244225945	46
-0.08372811230086	1.20277696255207	46
0.0301308372186999	0.740833493555529	46
0.00246828561007995	0.532305096548695	207
0.00319156543243992	0.531963842405938	207
0.03594237341777	0.73710643497093	5
0.06837691530202	1.26539986185858	27
-0.0349204493228801	1.46280725192452	191
0.04901911877248	0.999040070856556	46
0.00246828561007995	0.532305096548695	46
0.00243017604661011	0.532388959419506	207
-0.00215938518201009	0.53435945377886	51
0.0623979829372201	1.27416641806522	51
0.00246828561007995	0.532305096548695	252
0.0687460304801699	1.26482347543478	252
-0.000698476746989973	0.53359178068112	252
0.03913736345456	1.01004943199487	252
-0.00289020322422995	0.534512321528133	5
-0.00142880975047999	0.534054734577795	232
-0.0835031363571	1.20073289986014	232
0.08703980759818	1.48458142177236	386
0.03032368376837	0.741011018316937	46
-0.0421706952170799	1.4754116116529	46
-0.00848113268972006	0.537019591842101	46
0.00438993885030992	0.531433597211914	207
0.04887884777412	1.00049518335591	51
-0.0816758736482099	1.19933877647713	51
0.03605901003645	0.736605692124347	51
0.00366600389301008	0.531774933095134	51
0.00366600389301008	0.531774933095134	252
0.0881624931602201	1.69196746235991	252
0.0427402619840001	1.00581004614872	5
0.0540712554477401	0.992946535226311	5
0.0342361217630101	0.737803608644795	5
-0.00189389559207998	0.534121741351592	27
0.08374285240179	1.49035728264357	252
-0.00262356578869993	0.534584753118728	252
-0.00655298027038009	0.53606385526815	5
0.00366600389301008	0.531774933095134	5
0.0486659317806399	0.999426352901855	386
-0.00729003919016003	0.536490208929206	51
0.00169688815515001	0.532694389774889	318
-0.0825169262990899	1.20039151217704	5
0.10130332247518	1.66655921306489	386
0.000963355668319954	0.532848557178048	77
0.0128159042284699	1.87170516389916	191
0.03000962647485	1.83637527603417	386
-0.0753831818979101	1.190357282635	386
0.0233767916129299	0.745765973907936	191
0.00824674914842993	0.529773188260123	54
0.00316321952767007	0.53192588850646	207
0.0195518844674101	1.85744238416028	51
0.0546054446842099	0.991978253817899	51
0.03073504640225	0.740466286977461	51
0.0652842927827499	1.26924849515632	191
0.00366600389301008	0.531774933095134	386
0.00294183147764993	0.532032217355669	77
-0.00335347787300999	0.534889336029958	54
0.00246828561007995	0.532305096548695	46
-0.00921776759309001	0.53721941864807	51
0.00246828561007995	0.532305096548695	51
-0.00142880975047999	0.534054734577795	51
0.00169688815515001	0.532694389774889	252
0.0486659317806399	0.999426352901855	252
0.00366600389301008	0.531774933095134	191
0.02509151011999	1.84573868585879	191
0.02499273395026	0.744470247034485	77
0.0354517588405201	0.737058651118592	46
0.00366600389301008	0.531774933095134	46
-0.00342895272976995	0.534820350018527	207
-0.0868202816072401	1.20616139506103	51
-0.00189389559207998	0.534121741351592	51
0.0017447688585801	0.532562193916483	51
0.09469456276549	1.86689278206413	252
-0.0421706952170799	1.4754116116529	191
0.0495550598469101	0.998644372218219	191
-0.0321828294790301	1.45898134591527	191
0.0670294156742	1.26867597676015	46
0.00319156543243992	0.531963842405938	46
0.00319156543243992	0.531963842405938	252
0.0347415204314101	0.738030619991319	5
-0.08190418782223	1.20087799840118	5
0.0431835947675201	1.00549858454715	191
0.00246828561007995	0.532305096548695	191
0.00366600389301008	0.531774933095134	77
-0.00335347787300999	0.534889336029958	46
0.00366600389301008	0.531774933095134	91
0.0313388787394899	0.740037005484058	252
0.0485742759071901	0.999525585409184	386
0.00679328112155009	0.530373211909872	191
0.02850844979016	0.742106412560748	27
0.02930800140753	0.741348714485643	191
-0.048440230752	2.03055213263411	46
0.0543686588497101	0.994146711071465	46
0.00319156543243992	0.531963842405938	51
0.00263667578329008	1.66504221321531	51
0.0301308372186999	0.740833493555529	51
-0.00289020322422995	0.534512321528133	252
-0.00262356578869993	0.534584753118728	318
0.0279026162214799	0.742256971530913	51
-0.02532869971997	1.44903772034399	252
0.0680076702603401	1.26590745401906	5
-0.0409978755306999	2.01483198864217	191
-0.0825169262990899	1.20039151217704	5
-0.12459981043897	1.64970205356142	5
-0.0387715404955999	1.46963962499808	191
-0.00335347787300999	0.534889336029958	191
0.0368291259721001	1.01139785545122	252
0.00511363652644992	0.53094883647402	191
0.00294183147764993	0.532032217355669	191
0.00752013483377989	0.53011506511111	191
0.00246828561007995	0.532305096548695	46
0.0720236885687	1.25919471540171	91
-0.0717516497750801	1.1871121275736	91
-0.00408363202708006	0.535041876234331	51
-0.1100243254468	2.20054955290158	191
-0.00342895272976995	0.534820350018527	54
0.0481292096019901	0.999948591765882	46
0.00246828561007995	0.532305096548695	51
0.00391460850192993	0.531478987360942	51
0.00294183147764993	0.532032217355669	91
-0.11887033568817	2.22002445976786	51
-0.0311189822624101	1.45575721209761	51
0.00366600389301008	0.531774933095134	5
-0.00215938518201009	0.53435945377886	191
0.0159859860270699	1.86496710335883	46
0.0755850337747701	1.50308624304175	123
0.00438993885030992	0.531433597211914	46
0.0804290304234601	1.49521946960787	51
0.00391460850192993	0.531478987360942	252
0.07811230840686	1.25018922610259	99
-0.00142880975047999	0.534054734577795	5
-0.00289020322422995	0.534512321528133	5
0.00438993885030992	0.531433597211914	191
0.00438993885030992	0.531433597211914	207
0.0715711049283301	1.51046700726597	51
-0.00215938518201009	0.53435945377886	51
-0.00262356578869993	0.534584753118728	51
0.0352565014716599	0.736829271920345	99
0.0986297079627501	1.67053530641774	5
0.05888993679586	0.988454492985114	232
0.0348441295244399	0.737457902476713	386
0.0524082627676099	0.995847565409165	191
-0.00215938518201009	0.53435945377886	334
-0.0538278086880599	2.04297803359221	46
-0.12498374229304	1.65230368767489	46
0.00319156543243992	0.531963842405938	51
0.00319156543243992	0.531963842405938	51
0.00319156543243992	0.531963842405938	91
-0.00655298027038009	0.53606385526815	91
0.10948401744497	2.00704291141863	51
0.02259005330061	1.85122552533315	51
0.0638997210805099	1.27274758880365	51
-0.00335347787300999	0.534889336029958	5
0.0370768100507199	0.735634103186099	386
0.04017005806352	2.01334815694528	191
-0.02044010255541	2.18218516707442	191
0.0017447688585801	0.532562193916483	334
0.03362773523062	0.73808363463249	334
-0.00142880975047999	0.534054734577795	669
0.00438993885030992	0.531433597211914	54
-0.0422335600421599	1.4750238726203	46
0.00391460850192993	0.531478987360942	46
0.00438993885030992	0.531433597211914	46
0.00366600389301008	0.531774933095134	51
0.00511363652644992	0.53094883647402	51
-0.00262356578869993	0.534584753118728	99
0.07227243107816	1.25891520642251	99
0.0279026162214799	0.742256971530913	5
-0.0894889373784	1.20778078455112	5
-0.025679931472	1.44880090827347	191
-0.00262356578869993	0.534584753118728	191
0.00824674914842993	0.529773188260123	669
0.00319156543243992	0.531963842405938	51
0.0297189832399001	0.74144128695738	91
-0.00262356578869993	0.534584753118728	51
0.0401205794956701	1.00916309903654	99
0.03382413632389	0.737799364206718	99
-0.00142880975047999	0.534054734577795	5
0.0487593470849099	0.998538926051765	5
0.02930800140753	0.741348714485643	191
0.0354517588405201	0.737058651118592	191
0.00366600389301008	0.531774933095134	191
0.00294183147764993	0.532032217355669	334
0.00246828561007995	0.532305096548695	669
0.00246828561007995	0.532305096548695	54
0.00246828561007995	0.532305096548695	207
0.0309280072634499	0.740509202720264	51
0.03051800458471	0.740194948246952	51
0.04714800698072	1.00030409419732	51
0.00319156543243992	0.531963842405938	51
0.00319156543243992	0.531963842405938	51
0.03032368376837	0.741011018316937	99
0.00294183147764993	0.532032217355669	5
0.0791978746769699	1.49744460850161	191
0.00511363652644992	0.53094883647402	46
-0.08625082009069	1.2055961704008	91
0.00366600389301008	0.531774933095134	51
-0.07691728100042	1.19469620806378	51
0.00391460850192993	0.531478987360942	252
-0.0882281971983201	1.20695655688192	232
0.02397926162987	0.745446937601401	191
0.0808533588753599	1.49422710719425	5
0.00246828561007995	0.532305096548695	191
0.00391460850192993	0.531478987360942	207
0.01989546223588	1.85627903197451	252
0.00511363652644992	0.53094883647402	5
0.0491106074735499	0.999066624675767	5
0.04416648514979	1.00461354139908	99
0.04901911877248	0.999040070856556	5
0.0337259191397701	0.73866407925936	46
-0.00774474493264998	0.536593235425421	46
-0.00774474493264998	0.536593235425421	51
0.00438993885030992	0.531433597211914	99
0.10471252363306	1.84606682810964	5
0.00246828561007995	0.532305096548695	191
-0.0418293726704999	1.47626164293753	191
0.03927148206998	0.734392295037367	191
-0.00262356578869993	0.534584753118728	191
-0.00774474493264998	0.536593235425421	51
0.00169688815515001	0.532694389774889	5
0.0805371715651899	1.49451899893447	5
0.02911390535499	0.741809353787203	334
0.0274901642577501	0.742445781400186	191
-0.07638816475417	1.84838227169177	46
0.00366600389301008	0.531774933095134	51
-0.1136197866702	2.20871527889073	51
0.00366600389301008	0.531774933095134	5
0.0597762425202699	0.987505728572583	232
0.0626239146003	0.984570471854664	5
0.08019903023993	1.4952082647812	191
0.00679328112155009	0.530373211909872	334
0.0017447688585801	0.532562193916483	334
0.00438993885030992	0.531433597211914	46
0.0346936423601401	1.01478940684638	51
-0.02947762072865	1.45583211535728	51
0.0504432951846801	0.997604965835895	5
0.00294183147764993	0.532032217355669	191
0.00730796658229993	2.30665134577627	5
0.00246828561007995	0.532305096548695	5
0.0764178551255099	1.25492221009192	191
-0.0407697729371499	1.47427349973998	51
0.00366600389301008	0.531774933095134	91
0.03051800458471	0.740194948246952	51
0.00246828561007995	0.532305096548695	51
-0.00655298027038009	0.53606385526815	252
-0.00142880975047999	0.534054734577795	252
0.00294183147764993	0.532032217355669	99
0.00438993885030992	0.531433597211914	5
0.0533883685460601	0.995364856999185	191
0.00366600389301008	0.531774933095134	334
0.02850844979016	0.742106412560748	191
-0.07806400450198	1.85182039717169	46
0.0309280072634499	0.740509202720264	46
-0.00655298027038009	0.53606385526815	46
0.03605901003645	0.736605692124347	91
0.0533883685460601	0.995364856999185	51
-0.00262356578869993	0.534584753118728	99
0.0582783179551301	1.28010988142312	51
0.0921483999200401	1.47402926429134	51
0.00438993885030992	0.531433597211914	191
-0.0773513168609601	1.19299534867775	5
-0.00142880975047999	0.534054734577795	5
0.0673850798842199	1.26682439264286	5
0.02930800140753	0.741348714485643	191
0.03647041824491	0.736086036474592	623
0.00752013483377989	0.53011506511111	51
0.00294183147764993	0.532032217355669	252
0.11739827691502	2.30378351390958	252
0.0410822349536399	0.733205072648082	5
0.00391460850192993	0.531478987360942	46
0.00438993885030992	0.531433597211914	46
-0.00262356578869993	0.534584753118728	51
0.00391460850192993	0.531478987360942	51
-0.000698476746989973	0.53359178068112	51
0.05613871918999	2.33380400615948	51
0.0297189832399001	0.74144128695738	51
0.00246828561007995	0.532305096548695	51
0.02870243366597	0.741779531267693	252
0.03032368376837	0.741011018316937	99
-0.00189389559207998	0.534121741351592	99
0.02397926162987	0.745446937601401	99
0.03414053167988	0.73839524602128	99
0.02870243366597	0.741779531267693	5
0.0025897498766001	1.66487885578436	5
-0.00262356578869993	0.534584753118728	46
0.00319156543243992	0.531963842405938	46
0.02870243366597	0.741779531267693	51
0.05383007244065	0.994883375620606	51
0.0394607920099199	0.73428791747872	252
0.07653968367676	1.2538963572184	99
0.00246828561007995	0.532305096548695	191
-0.00189389559207998	0.534121741351592	5
-0.00938837364520007	1.68687553976583	5
0.02870243366597	0.741779531267693	99
0.04047902648651	0.733654187413585	252
0.05300643839776	0.993221281467342	252
0.0480391426403199	0.999394559916944	5
0.0198422554867701	0.747955168440197	5
-0.0809889137064499	1.8579934630036	5
-0.12364433825737	1.64692784517301	5
0.06493061688622	1.27073781071574	191
0.00438993885030992	0.531433597211914	191
0.0910311888578501	1.47737851107843	46
-0.00142880975047999	0.534054734577795	51
-0.00142880975047999	0.534054734577795	252
0.00391460850192993	0.531478987360942	252
0.0354517588405201	0.737058651118592	5
0.04362670432585	1.00511146774742	334
0.03755799046595	2.20527681024773	46
0.00366600389301008	0.531774933095134	46
0.00438993885030992	0.531433597211914	46
0.00243017604661011	0.532388959419506	51
-0.00644696125666999	1.68096318546248	191
0.11511535376948	1.82221431282604	5
-0.00215938518201009	0.53435945377886	623
-0.00262356578869993	0.534584753118728	51
0.0376721204100099	2.02107144347678	252
0.03605901003645	0.736605692124347	252
-0.00142880975047999	0.534054734577795	191
-0.07636742430816	1.19198656006665	191
-0.0298476539689301	1.45395589439448	5
0.0427402619840001	1.00581004614872	5
0.03605901003645	0.736605692124347	5
0.07481366183942	1.25626755050915	191
0.00391460850192993	0.531478987360942	191
0.00243017604661011	0.532388959419506	623
0.01590563952715	1.86465454810848	46
0.03666588343696	0.736086429582356	46
0.0388563440215799	0.734684321976156	51
0.10287450668083	1.66313965406681	99
0.0234073276126401	1.84880834327079	252
0.0482210326305299	0.999715864518326	5
0.0343274050920901	0.73823682262087	5
0.0526440603259899	0.994220592637895	5
0.02870243366597	0.741779531267693	5
0.0342361217630101	0.737803608644795	5
-0.07202500017501	1.18743382063174	191
0.0299131916059701	0.740846365603413	46
0.00294183147764993	0.532032217355669	46
0.035040734189	0.736946074777505	46
0.03032368376837	0.741011018316937	51
0.00679328112155009	0.530373211909872	252
0.00246828561007995	0.532305096548695	191
-0.12498577874681	1.65222815963243	334
0.04047902648651	0.733654187413585	623
-0.0791582821084	1.19666324928722	51
-0.0366626873925899	2.00486861161887	99
-0.0314767415528801	1.45629788998712	99
0.00246828561007995	0.532305096548695	5
0.00752013483377989	0.53011506511111	5
0.00246828561007995	0.532305096548695	5
0.0579104158918999	0.989666385167294	334
-0.08541313689608	1.20460860509217	623
0.03382413632389	0.737799364206718	623
0.04047902648651	0.733654187413585	46
0.0347415204314101	0.738030619991319	46
0.0972383738403899	1.67465703904174	5
0.05362465526986	0.993341884596457	191
0.04451225431501	1.0041209288757	5
0.02850844979016	0.742106412560748	334
0.00438993885030992	0.531433597211914	89
0.0528049216281401	0.996335148210634	252
0.11573596529215	2.15316644424404	99
-0.0826611509446	1.1996793976385	99
0.10632642629966	2.33563398977729	5
0.02930800140753	0.741348714485643	5
0.0485742759071901	0.999525585409184	5
0.03764631807576	0.735305108920314	5
0.00438993885030992	0.531433597211914	334
0.0476839197190999	1.00030901947175	334
0.0344326245705799	0.737399568931953	191
0.0335997288401799	0.738667975779195	623
0.08251161939773	1.49169514217156	46
0.03666588343696	0.736086429582356	46
0.00319156543243992	0.531963842405938	51
0.04451225431501	1.0041209288757	51
0.07164813483692	1.26153446023095	252
0.0971594259317701	1.86195000731762	252
0.02397926162987	0.745446937601401	5
0.07190459897389	1.26150844170672	5
0.0337259191397701	0.73866407925936	5
0.0354517588405201	0.737058651118592	334
0.0245813550735401	0.745048164284577	46
0.0141101284460601	1.86741011668406	51
-0.00335347787300999	0.534889336029958	252
0.00127150359956008	1.667145119375	252
0.05451763196394	0.992496519663589	99
0.04372377226822	1.00492433849095	5
-0.0896989216625601	1.87377018173127	191
-0.00262356578869993	0.534584753118728	623
-0.00215938518201009	0.53435945377886	191
0.07418464999782	1.50645282356674	46
-0.0781951119041	1.19396778018936	5
-0.0136384494967099	0.538983877530966	5
0.0646636589032701	1.26941613114372	191
0.00294183147764993	0.532032217355669	5
0.00102101500145002	0.532683365671509	191
0.07369693512565	1.25829816922819	5
0.0388563440215799	0.734684321976156	191
0.0365422382907501	0.736460446651806	334
0.03073504640225	0.740466286977461	334
-0.00289020322422995	0.534512321528133	623
-0.0294504874135699	1.45283062275681	191
0.0994129712185801	1.67037206565729	252
0.0528505831463499	0.995365511826666	99
0.0017447688585801	0.532562193916483	5
0.0313388787394899	0.740037005484058	5
0.0331240577334599	0.739029403250235	5
0.00752013483377989	0.53011506511111	205
-0.08209630742905	1.1999018243829	623
-0.07691728100042	1.19469620806378	51
0.0489815693797	1.00010734019394	99
0.00246828561007995	0.532305096548695	5
0.0470170031811501	1.00181534685326	5
0.0966884091207501	1.86336424904258	191
0.0353421342376099	0.737604114579331	46
0.00366600389301008	0.531774933095134	5
0.00438993885030992	0.531433597211914	5
-0.00189389559207998	0.534121741351592	5
0.00319156543243992	0.531963842405938	5
-0.00189389559207998	0.534121741351592	5
-0.00872397334120989	1.68490000840901	252
0.0494637383355001	0.998484502021734	99
-0.11030903446139	2.20122634318627	5
0.0656543562956899	1.26887584701037	205
0.0233767916129299	0.745765973907936	5
0.0354517588405201	0.737058651118592	46
-0.0868202816072401	1.20616139506103	99
0.00363460298393004	1.66303931961709	252
-0.0767887666020199	1.19250381372609	5
0.07054391170574	1.26326471651041	5
-0.04148480659247	1.4720935400762	5
0.03771282692756	1.01082367305161	5
0.03768282456808	0.735116002376577	5
0.0873652535630101	1.48375848999733	182
-0.00262356578869993	0.534584753118728	89
-0.0795561536662801	1.85496647672641	51
0.07080967242696	1.2634399844814	252
0.0896158793909101	1.68902826705641	99
0.06272021644223	0.984695894020279	5
0.0406685596285301	0.733322146891193	5
0.0017447688585801	0.532562193916483	191
-0.0374146506111399	1.46755246825655	198
-0.0825169262990899	1.20039151217704	198
0.04047902648651	0.733654187413585	182
-0.08224043604051	1.19903131772228	99
0.00752013483377989	0.53011506511111	5
0.000449584491049926	1.66775135998873	5
0.0400648637716401	0.733838039041807	198
0.0280964880574699	0.742148154121523	182
0.0750573190434101	1.25707077864163	51
-0.01513538260313	2.16745564808381	99
0.0444913788299499	0.730698170039734	99
0.00319156543243992	0.531963842405938	5
0.00316321952767007	0.53192588850646	5
0.0880033110579299	1.69271592953334	5
0.0788715049456801	1.49800538036134	5
0.03564846550468	0.736426287452659	5
-0.12191423866237	1.64602861053361	205
0.09108188314744	1.68671352730587	5
0.00438993885030992	0.531433597211914	191
-0.0896965726307899	1.21004716358617	182
0.00366600389301008	0.531774933095134	182
-0.03788994326721	2.00758000895231	5
-0.0026891496364001	0.534393708496841	5
0.0353421342376099	0.737604114579331	191
-0.0346384866770799	1.46267435352466	5
-0.0806548454109699	1.19952797912163	191
-0.00848113268972006	0.537019591842101	191
0.02930800140753	0.741348714485643	182
0.00319156543243992	0.531963842405938	99
-0.07789143902396	1.84943477625411	51
0.0017447688585801	0.532562193916483	252
0.00511363652644992	0.53094883647402	99
0.0370768100507199	0.735634103186099	5
0.0708004398942601	1.26282175138576	5
0.0637988032121	1.27360513401151	5
0.0762281994688001	1.50197713394104	5
0.0732697734777099	1.25941959404255	5
0.0670155556539001	1.26733267658607	5
0.0297189832399001	0.74144128695738	191
0.0313388787394899	0.740037005484058	198
0.00824674914842993	0.529773188260123	99
-0.05398738880636	2.04346367193712	5
0.03564846550468	0.736426287452659	5
-0.10485237728633	2.18662890469637	5
-0.0876592771618901	1.20699000544567	191
0.00897312424460006	0.529288422761213	89
0.0245813550735401	0.745048164284577	5
0.0544315521643699	0.992291924175348	5
0.03605901003645	0.736605692124347	198
-0.00262356578869993	0.534584753118728	198
-0.00289020322422995	0.534512321528133	198
0.00438993885030992	0.531433597211914	198
0.00319156543243992	0.531963842405938	198
0.0274901642577501	0.742445781400186	198
0.00246828561007995	0.532305096548695	252
0.02911390535499	0.741809353787203	252
0.01782174227005	0.749265032773333	5
0.00824674914842993	0.529773188260123	198
0.05134074340136	2.1706773416637	46
-0.00408363202708006	0.535041876234331	182
0.00246828561007995	0.532305096548695	89
0.00824674914842993	0.529773188260123	51
-0.00289020322422995	0.534512321528133	51
0.0344326245705799	0.737399568931953	51
0.0806798712092001	1.4946357572584	89
0.00319156543243992	0.531963842405938	99
0.0231135428859399	1.85032986740039	5
-0.0859820259864701	1.20500246069477	5
0.0432808362839301	1.00513788062824	5
-0.08317408266697	1.86141098425725	5
0.00246828561007995	0.532305096548695	198
-0.00802734580893993	0.536690312605626	198
0.00246828561007995	0.532305096548695	198
0.00102101500145002	0.532683365671509	198
0.0682876501218099	1.26658359883883	46
0.0297189832399001	0.74144128695738	51
-0.00262356578869993	0.534584753118728	99
0.0735889018990801	1.50675387562502	99
0.0346997891982701	2.02715863118889	252
-0.0433162089824799	2.01952048046578	99
0.0338133955051101	1.01563352258988	191
0.02870243366597	0.741779531267693	191
0.0476839197190999	1.00030901947175	191
-0.0791582821084	1.19666324928722	198
0.02930800140753	0.741348714485643	89
-0.00342895272976995	0.534820350018527	89
0.08615886455422	1.48485027287929	51
0.02236194466459	0.746102263438818	99
-0.07336898845803	2.33727063744291	252
-0.08117160682574	1.85812534102669	5
-0.0397865379764499	1.47229299558748	5
0.05383007244065	0.994883375620606	198
-0.12126199184892	1.64489495662916	46
0.02850844979016	0.742106412560748	89
0.0774036145797099	1.50059446247005	51
0.0485742759071901	0.999525585409184	89
-0.0830471855020001	1.20201746051507	252
-0.000698476746989973	0.53359178068112	5
-0.0556872455981801	2.04681837121351	5
0.0564386016357299	1.28299847517393	191
-0.00408363202708006	0.535041876234331	198
0.06489823235666	1.27147426177075	46
0.0342361217630101	0.737803608644795	46
0.0348441295244399	0.737457902476713	51
0.02356826086701	0.745383324956546	252
0.02858299067685	0.742268681612624	99
0.0017447688585801	0.532562193916483	5
-0.00215938518201009	0.53435945377886	5
0.0480391426403199	0.999394559916944	191
-0.07775341573412	1.19574144052044	191
0.00438993885030992	0.531433597211914	198
0.00366600389301008	0.531774933095134	89
0.0233767916129299	0.745765973907936	51
0.0495550598469101	0.998644372218219	99
0.02356826086701	0.745383324956546	5
0.0017447688585801	0.532562193916483	5
0.10446691461859	1.66008919419964	5
-0.0221283480938199	2.18630399231659	5
0.0342361217630101	0.737803608644795	5
0.00319156543243992	0.531963842405938	198
0.00319156543243992	0.531963842405938	198
0.00319156543243992	0.531963842405938	198
0.0348441295244399	0.737457902476713	198
0.00246828561007995	0.532305096548695	198
0.00438993885030992	0.531433597211914	182
0.0670155556539001	1.26733267658607	89
-0.00142880975047999	0.534054734577795	89
0.00319156543243992	0.531963842405938	99
-0.00142880975047999	0.534054734577795	99
0.00366600389301008	0.531774933095134	252
0.0017447688585801	0.532562193916483	252
-0.0783348591053299	1.19333673560805	99
-0.0826611509446	1.1996793976385	5
0.11547695278382	2.31042478587659	5
0.00438993885030992	0.531433597211914	198
-0.0305226565540999	1.45799118131938	51
0.0388563440215799	0.734684321976156	252
-0.00262356578869993	0.534584753118728	5
0.00366600389301008	0.531774933095134	198
-0.04265974427368	2.01851423873454	46
0.00246828561007995	0.532305096548695	89
0.0130766198022501	0.752692366926326	89
-0.0857222993970199	1.8649054151882	51
0.0167881161814001	1.86306246220389	89
0.00366600389301008	0.531774933095134	252
0.04047902648651	0.733654187413585	5
-0.0754462773650599	1.84470875922639	5
0.00391460850192993	0.531478987360942	5
0.0309280072634499	0.740509202720264	5
0.0394607920099199	0.73428791747872	5
0.000409241834369967	1.6682636370565	191
0.0354517588405201	0.737058651118592	89
0.0709136467192	1.26080435567945	252
-0.10945509003619	2.19895046262894	99
-0.08195069977383	1.19979508294437	5
0.0670155556539001	1.26733267658607	5
0.00679328112155009	0.530373211909872	5
-0.00774474493264998	0.536593235425421	89
-0.02667385356823	1.4501923185563	51
-0.07733525624147	1.19525537523159	51
0.0017447688585801	0.532562193916483	89
0.08573707261464	1.48708678426966	252
-0.02070881907859	2.18323274213904	5
0.000107262512160089	1.6673209909432	5
-0.0806902437405701	1.19832509955743	191
0.0530912690249701	0.993824520513092	198
0.0259876180230201	2.0469577471038	89
0.0358636488266999	0.736484372081891	252
-0.08750873192451	1.20641720090803	110
-0.00921776759309001	0.53721941864807	198
0.0274901642577501	0.742445781400186	198
0.0332152691229599	0.738145623224673	198
0.05765245421403	0.990725359567734	182
-0.08195069977383	1.19979508294437	51
0.0758345606416	1.50271822078832	99
0.0587979445808899	0.988715636506626	833
0.00246828561007995	0.532305096548695	5
-0.00335347787300999	0.534889336029958	5
0.0827460043655699	1.49220229362235	5
0.035040734189	0.736946074777505	198
0.04047902648651	0.733654187413585	89
0.0917514674309601	1.68530182198602	5
-0.07634932767583	1.19380890063092	5
0.0472384061206099	1.00059916929174	5
-0.0868202816072401	1.20616139506103	5
0.0297189832399001	0.74144128695738	5
0.05677390289616	0.991618910840469	5
0.02356826086701	0.745383324956546	110
0.00319156543243992	0.531963842405938	5
0.0693090374410601	1.2619611338869	89
-0.00612949938646001	1.68074006808312	252
-0.00541326139554998	1.67864963094312	289
-0.07777312173769	1.19351333428839	5
0.0414400447460801	1.00722281195046	5
0.0194313077211301	0.748485043890541	5
-0.08217386943175	1.20163514385467	5
-0.00335347787300999	0.534889336029958	5
0.0342361217630101	0.737803608644795	289
0.0354517588405201	0.737058651118592	5
0.00246828561007995	0.532305096548695	5
-0.00416900555087008	0.535021602650627	5
0.00366600389301008	0.531774933095134	89
0.00824674914842993	0.529773188260123	89
0.0851528830898101	1.48613936998388	89
-0.02983287358163	1.45640982102319	5
0.0635050384132201	1.27274056028143	5
-0.07775341573412	1.19574144052044	198
-0.00262356578869993	0.534584753118728	214
-0.00142880975047999	0.534054734577795	5
0.00319156543243992	0.531963842405938	5
0.06376279833279	1.27233147530848	5
-0.00408363202708006	0.535041876234331	198
0.035040734189	0.736946074777505	198
0.0521114774560001	0.994180952048236	89
0.03605901003645	0.736605692124347	99
0.0163865928256	1.86432842105669	89
0.00319156543243992	0.531963842405938	89
-0.00655298027038009	0.53606385526815	5
-0.000698476746989973	0.53359178068112	5
-0.0280234045099199	1.45139210872866	5
0.0860628991034	1.48656541366568	5
0.0347415204314101	0.738030619991319	99
0.00897312424460006	0.529288422761213	99
0.0709136467192	1.26080435567945	89
0.0274901642577501	0.742445781400186	289
0.0017447688585801	0.532562193916483	99
0.00366600389301008	0.531774933095134	5
0.10896882326711	1.83640589245135	110
0.00824674914842993	0.529773188260123	198
0.0245813550735401	0.745048164284577	89
0.0331240577334599	0.739029403250235	89
-0.00142880975047999	0.534054734577795	99
0.04047902648651	0.733654187413585	289
0.0906884555420999	1.68761986219914	5
0.03870569098626	2.01764803860078	5
0.00319156543243992	0.531963842405938	198
-0.0366302617215899	1.46444332639846	198
0.0388563440215799	0.734684321976156	89
-0.00335347787300999	0.534889336029958	196
0.00897312424460006	0.529288422761213	89
-0.00335347787300999	0.534889336029958	89
0.03073504640225	0.740466286977461	110
0.0540712554477401	0.992946535226311	5
0.01756646087573	1.86197301057091	5
-0.000698476746989973	0.53359178068112	198
0.02870243366597	0.741779531267693	89
0.0274901642577501	0.742445781400186	89
-0.00921776759309001	0.53721941864807	99
-0.08528202188342	1.86644585777753	5
0.09229891703659	1.87246025181615	198
0.00438993885030992	0.531433597211914	198
0.00366600389301008	0.531774933095134	198
0.0297189832399001	0.74144128695738	198
0.00246828561007995	0.532305096548695	196
0.00169688815515001	0.532694389774889	89
0.05236795419579	0.99663968406031	89
0.00246828561007995	0.532305096548695	99
0.00366600389301008	0.531774933095134	99
-0.00262356578869993	0.534584753118728	5
-0.03878127867542	1.47087376414628	110
-0.0830820510153201	1.20024280881667	5
-0.00774474493264998	0.536593235425421	5
0.00246828561007995	0.532305096548695	198
0.00294183147764993	0.532032217355669	198
0.10042219238029	1.85577630383887	46
-0.08733525922399	1.20752357185135	196
0.00366600389301008	0.531774933095134	89
-0.00408363202708006	0.535041876234331	99
0.00824674914842993	0.529773188260123	5
0.0017447688585801	0.532562193916483	196
0.04549328654667	1.00323826339346	89
0.00438993885030992	0.531433597211914	196
0.0592413751812699	0.988146069615787	89
0.00246828561007995	0.532305096548695	89
0.07495706560722	1.24774259746019	99
0.0255939502907101	0.744072404548632	198
0.00319156543243992	0.531963842405938	110
0.0343274050920901	0.73823682262087	89
-0.04661870715879	1.48247758794208	99
0.00391460850192993	0.531478987360942	110
0.00366600389301008	0.531774933095134	110
0.00511363652644992	0.53094883647402	89
-0.00408363202708006	0.535041876234331	225
0.05097965249374	0.99679043961272	89
0.04362670432585	1.00511146774742	89
0.00824674914842993	0.529773188260123	89
0.00752013483377989	0.53011506511111	110
-0.07634932767583	1.19380890063092	5
-0.0825532219418199	1.85991925992196	110
-0.0872759853568299	1.87041085360087	5
0.00319156543243992	0.531963842405938	198
-0.000698476746989973	0.53359178068112	225
-0.0136384494967099	0.538983877530966	89
-0.00335347787300999	0.534889336029958	5
0.02930800140753	0.741348714485643	5
-0.00142880975047999	0.534054734577795	198
0.00294183147764993	0.532032217355669	110
0.00246828561007995	0.532305096548695	225
0.00391460850192993	0.531478987360942	225
-0.0760780987646601	1.84796639801776	89
0.0353421342376099	0.737604114579331	89
0.10274882491911	2.02257243942354	289
-0.0834645804055101	1.20246886104641	99
0.0582638714571899	0.988627426984124	99
-0.1226154238052	1.64712184004433	5
0.0461352151055501	1.00233570725637	5
0.06218277494073	0.98507047856468	110
0.089391074551	1.69034883267782	89
-0.00848113268972006	0.537019591842101	99
0.00246828561007995	0.532305096548695	89
0.03605901003645	0.736605692124347	289
0.00438993885030992	0.531433597211914	289
-0.07917957865502	1.19430996559941	110
0.00366600389301008	0.531774933095134	198
0.0353421342376099	0.737604114579331	225
0.085813942231	1.48477971503531	89
-0.00342895272976995	0.534820350018527	89
-0.00142880975047999	0.534054734577795	5
0.00511363652644992	0.53094883647402	198
-0.00335347787300999	0.534889336029958	110
0.00438993885030992	0.531433597211914	198
-0.00335347787300999	0.534889336029958	225
-0.0829377303627199	1.20081090618897	89
0.0955597930143	1.86618436892245	89
0.00319156543243992	0.531963842405938	89
-0.07608188285985	1.19329477812109	89
-0.09336967603442	1.87978577938935	289
0.0712801900287701	1.26218445576574	99
-0.00142880975047999	0.534054734577795	5
0.0495550598469101	0.998644372218219	5
-0.0913188529602	1.8773128749839	416
-0.00335347787300999	0.534889336029958	110
0.00511363652644992	0.53094883647402	110
-0.00142880975047999	0.534054734577795	196
-0.00342895272976995	0.534820350018527	225
0.0325218205526401	0.739324025366201	89
0.04901911877248	0.999040070856556	89
0.0623979829372201	1.27416641806522	5
0.03032368376837	0.741011018316937	225
-0.00262356578869993	0.534584753118728	225
0.00319156543243992	0.531963842405938	289
0.0728979296841299	1.25968593293787	5
0.0646636589032701	1.26941613114372	110
0.03764631807576	0.735305108920314	110
-0.00335347787300999	0.534889336029958	198
0.03260602264144	0.738426213109688	198
0.03666588343696	0.736086429582356	89
-0.00189389559207998	0.534121741351592	89
-0.07691728100042	1.19469620806378	89
-0.00142880975047999	0.534054734577795	89
-0.04012825889698	1.47125223532396	99
0.00752013483377989	0.53011506511111	110
-0.000698476746989973	0.53359178068112	5
-0.0845966340257001	1.86521893622838	110
0.00319156543243992	0.531963842405938	434
-0.00142880975047999	0.534054734577795	110
0.00391460850192993	0.531478987360942	196
0.0491106074735499	0.999066624675767	89
0.00319156543243992	0.531963842405938	89
-0.00335347787300999	0.534889336029958	89
0.00243017604661011	0.532388959419506	99
0.03825151948442	0.735027413479489	5
0.07190459897389	1.26150844170672	110
0.00438993885030992	0.531433597211914	110
0.00391460850192993	0.531478987360942	110
0.05362465526986	0.993341884596457	198
0.00824674914842993	0.529773188260123	110
0.00366600389301008	0.531774933095134	110
0.00246828561007995	0.532305096548695	198
0.08005935385921	1.24897209062292	225
0.035040734189	0.736946074777505	225
-0.00848113268972006	0.537019591842101	196
-0.00215938518201009	0.53435945377886	89
0.05450614401761	2.3367861518406	89
0.0388563440215799	0.734684321976156	89
0.0631361499645899	1.27329040432222	89
0.02911390535499	0.741809353787203	289
0.02356826086701	0.745383324956546	99
0.05053603753539	0.997274045373009	5
-0.000698476746989973	0.53359178068112	198
0.035040734189	0.736946074777505	225
0.00391460850192993	0.531478987360942	196
-0.00142880975047999	0.534054734577795	89
0.0797850341262201	1.49702442813782	5
0.0781356595526601	1.50000300119478	5
-0.0301882487832099	1.45691332796021	225
-0.00142880975047999	0.534054734577795	225
-0.00774474493264998	0.536593235425421	89
0.00243017604661011	0.532388959419506	89
0.0188578494969101	1.85786685153415	289
0.00319156543243992	0.531963842405938	266
-0.00215938518201009	0.53435945377886	261
0.0017447688585801	0.532562193916483	198
-0.07691728100042	1.19469620806378	89
-0.0716060956739999	1.18692048310326	99
0.0481292096019901	0.999948591765882	5
0.0257844135257701	0.743935667379362	198
0.00391460850192993	0.531478987360942	225
-0.00215938518201009	0.53435945377886	225
0.0672904854889	1.26842952166512	89
-0.00142880975047999	0.534054734577795	5
0.00679328112155009	0.530373211909872	434
0.09659418918932	1.86287329479159	89
0.03382413632389	0.737799364206718	89
0.02130301221832	1.85525797578049	89
-0.07733525624147	1.19525537523159	5
0.0500921996525801	0.997695328185349	110
-0.00289020322422995	0.534512321528133	110
0.00824674914842993	0.529773188260123	5
0.02182749700978	1.85322036016625	110
0.08407540601384	1.48894031617168	5
0.00319156543243992	0.531963842405938	261
0.00824674914842993	0.529773188260123	261
0.0592761884827999	1.27898561897245	5
0.0245813550735401	0.745048164284577	434
0.0400648637716401	0.733838039041807	434
0.00319156543243992	0.531963842405938	198
0.00243017604661011	0.532388959419506	99
0.0301926711334699	0.741161633974911	261
0.00294183147764993	0.532032217355669	261
0.11843052316106	2.45192710386112	5
0.0769078530756799	1.25322788911666	110
0.04777590988548	0.999912246906307	434
0.0017447688585801	0.532562193916483	198
-0.0787394689191401	1.19624673344309	225
0.00243017604661011	0.532388959419506	279
-0.0074976843546799	1.6825324062919	89
-0.00335347787300999	0.534889336029958	198
-0.00335347787300999	0.534889336029958	225
0.00221742142717996	0.532153748454207	279
0.03073504640225	0.740466286977461	110
0.02870243366597	0.741779531267693	110
0.0337259191397701	0.73866407925936	196
0.00752013483377989	0.53011506511111	89
0.00752013483377989	0.53011506511111	474
0.00246828561007995	0.532305096548695	474
0.03078988591242	0.74053288488435	198
-0.0867609645776399	1.20751383844514	110
0.00366600389301008	0.531774933095134	110
0.0966071467173999	1.86264922138045	196
0.05053603753539	0.997274045373009	89
-0.0910249134826899	1.21288372088051	89
0.0635050384132201	1.27274056028143	289
0.07140647418975	1.25961447367038	99
0.0017447688585801	0.532562193916483	261
0.03492851591048	0.737738330121349	110
0.00246828561007995	0.532305096548695	198
0.0309280072634499	0.740509202720264	89
0.0344326245705799	0.737399568931953	474
0.00824674914842993	0.529773188260123	5
0.00169688815515001	0.532694389774889	416
0.00391460850192993	0.531478987360942	261
-0.00262356578869993	0.534584753118728	196
0.02477307001278	0.744269767133587	5
0.0354517588405201	0.737058651118592	416
0.00391460850192993	0.531478987360942	5
0.00679328112155009	0.530373211909872	110
0.0494637383355001	0.998484502021734	110
0.00391460850192993	0.531478987360942	89
0.09415189639738	2.36917639204321	89
-0.00848113268972006	0.537019591842101	89
-0.03670273977412	1.46637529439748	99
0.04415079091592	2.3635626172456	99
0.0354517588405201	0.737058651118592	110
-0.00774474493264998	0.536593235425421	261
-0.00189389559207998	0.534121741351592	434
-0.0223098837437801	1.44385661312906	110
-0.000698476746989973	0.53359178068112	460
0.00246828561007995	0.532305096548695	261
0.05890782211985	1.27950340026556	5
0.05888993679586	0.988454492985114	5
-0.0826299749211299	1.20148621273726	434
0.04127187990197	0.732661948301828	434
0.0565774520832401	0.99066357955872	89
0.0523207712362901	2.34209026202161	474
0.0540712554477401	0.992946535226311	99
-0.00186190100434991	1.67229501802102	99
-0.00848113268972006	0.537019591842101	110
-0.0357019716896201	1.46413722717665	261
-0.0776320066213401	1.19334777271758	5
0.0297189832399001	0.74144128695738	5
-0.07565137461392	1.84548905853996	5
0.0781356595526601	1.50000300119478	89
-0.03183462372229	1.45677058186584	89
-0.00262356578869993	0.534584753118728	89
0.0671333091288699	1.26669385007678	5
-0.00729003919016003	0.536490208929206	5
-0.0759462670189499	1.1914010057903	198
0.0267480789639101	1.84245412636823	5
0.02838471852686	2.04128343533663	99
0.0194313077211301	0.748485043890541	110
0.0398754422991101	0.734049874675633	110
0.0342361217630101	0.737803608644795	5
-0.00142880975047999	0.534054734577795	5
0.0785293688114601	1.49848972469961	434
-0.0452608958710701	1.48038626831213	89
-0.04930002844202	1.48663061869256	89
0.0142677812518599	1.86937837799326	89
0.0521966275699499	0.9945594153429	474
-0.12191758123214	1.64385112651689	261
0.0656666836825399	1.26986571038042	110
0.00294183147764993	0.532032217355669	5
0.0806156825594499	1.89665140359003	5
0.0497936750933401	2.34997698987714	89
0.00294183147764993	0.532032217355669	89
-0.00774474493264998	0.536593235425421	89
0.08573707261464	1.48708678426966	89
-0.00142880975047999	0.534054734577795	474
0.00366600389301008	0.531774933095134	5
0.00319156543243992	0.531963842405938	110
0.00391460850192993	0.531478987360942	110
0.00511363652644992	0.53094883647402	5
0.00246828561007995	0.532305096548695	5
-0.00729003919016003	0.536490208929206	89
0.05677390289616	0.991618910840469	89
0.0245813550735401	0.745048164284577	89
0.0877289100446701	1.48212296187717	89
0.00319156543243992	0.531963842405938	99
0.0394607920099199	0.73428791747872	5
0.00366600389301008	0.531774933095134	110
-0.00142880975047999	0.534054734577795	110
-0.00262356578869993	0.534584753118728	110
0.00438993885030992	0.531433597211914	5
0.0840679222688701	1.48964553834929	89
0.00169688815515001	0.532694389774889	110
0.0295950828379801	0.741636469196257	110
-0.04010119591101	1.47168334204739	110
0.0602190620213901	0.986937316021287	434
0.0499081347337	0.997836151501064	434
-0.09143908990043	1.21333399600309	89
0.03073504640225	0.740466286977461	89
0.08839383998245	1.48172959224477	110
0.0319423345526799	0.739536323340341	110
0.0347415204314101	0.738030619991319	5
-0.00142880975047999	0.534054734577795	89
0.00319156543243992	0.531963842405938	110
0.00366600389301008	0.531774933095134	110
-0.00774474493264998	0.536593235425421	5
0.0701071422155899	1.2622369771265	5
0.053485819064	0.994921098367185	434
0.1024719031035	2.18811055363328	110
0.0297189832399001	0.74144128695738	110
0.00246828561007995	0.532305096548695	110
0.00319156543243992	0.531963842405938	5
0.0332152691229599	0.738145623224673	474
0.00511363652644992	0.53094883647402	474
0.0399460178661899	0.734148540963808	99
0.0888255015343	1.68920967983478	110
-0.07748413615678	1.19455651863096	110
0.00897312424460006	0.529288422761213	5
-0.00262356578869993	0.534584753118728	5
0.00366600389301008	0.531774933095134	5
-0.07101047541783	2.33149131607344	110
0.0693527670031	1.5124344799761	434
-0.03147109751737	1.45789809465678	434
-0.08154828235449	1.857560558505	89
-0.0834645804055101	1.20246886104641	110
-0.00335347787300999	0.534889336029958	5
0.04451225431501	1.0041209288757	5
0.00438993885030992	0.531433597211914	5
-0.0227212900876701	2.18669051600469	434
-0.0387715404955999	1.46963962499808	89
-0.000698476746989973	0.53359178068112	348
0.02356826086701	0.745383324956546	110
-0.0779023960469101	1.19520055224122	5
0.0337259191397701	0.73866407925936	110
-0.12022820046489	1.64328462610886	110
0.0827670718984499	1.49203203231164	89
0.0507535834308099	2.17260165825626	89
0.0431835947675201	1.00549858454715	474
0.04901911877248	0.999040070856556	474
0.0587979445808899	0.988715636506626	99
0.03382413632389	0.737799364206718	110
0.0528505831463499	0.995365511826666	5
0.02930800140753	0.741348714485643	5
-0.0773513168609601	1.19299534867775	110
0.0384007999693201	2.37885828764953	434
-0.1089842093138	2.19765567945457	434
0.0656543562956899	1.26887584701037	89
0.0309280072634499	0.740509202720264	89
-0.03292808756082	1.45997675441595	89
0.0814244273729401	1.49433008288016	110
0.0309280072634499	0.740509202720264	5
0.10495651699361	1.8454884498182	434
0.10625443192991	2.33473789373047	474
0.00246828561007995	0.532305096548695	110
0.00366600389301008	0.531774933095134	110
0.00319156543243992	0.531963842405938	5
0.03073504640225	0.740466286977461	89
0.08136617395507	1.70470585973008	348
0.0652842927827499	1.26924849515632	434
0.0299131916059701	0.740846365603413	89
0.0777875815643501	1.50037887705266	5
0.06775447415228	1.26624721925684	5
-0.0816425836525201	1.20098132961424	348
-0.12260795454007	1.64531316382418	348
-0.00613454700929994	1.67991676622583	110
0.0354517588405201	0.737058651118592	110
0.00169688815515001	0.532694389774889	110
0.00565771496489997	1.88607162163979	474
-0.05781870629446	2.05226843912716	99
0.09457983457527	1.47113723806302	110
0.00752013483377989	0.53011506511111	5
0.0182328252156201	0.749281900376895	5
-0.00921776759309001	0.53721941864807	5
-0.03561001580678	1.46493941671339	434
0.0669486531878201	1.26912691207063	89
0.00243017604661011	0.532388959419506	5
0.0854950818229801	1.48602487275641	348
0.00366600389301008	0.531774933095134	5
-0.00142880975047999	0.534054734577795	5
-0.0026891496364001	0.534393708496841	434
-0.0886482585150099	1.20733120387633	434
0.00319156543243992	0.531963842405938	5
0.00243017604661011	0.532388959419506	5
0.00391460850192993	0.531478987360942	5
-0.00289020322422995	0.534512321528133	5
0.0309280072634499	0.740509202720264	110
-0.11915574584634	2.22066546565628	434
0.0245813550735401	0.745048164284577	89
-0.08494056853392	1.20496677026025	89
0.0989384130325	2.35578326359887	474
0.08435435248904	1.69934907999041	110
0.00511363652644992	0.53094883647402	110
0.00391460850192993	0.531478987360942	110
-0.02667385356823	1.4501923185563	434
0.0574663175294701	0.990058806612059	434
0.06980243470987	1.2618398882311	5
-0.00335347787300999	0.534889336029958	5
-0.00262356578869993	0.534584753118728	5
0.108645322264	2.1709340419436	110
0.04460897506561	1.00422715477358	89
0.0372723793663901	0.735422222575502	110
0.00246828561007995	0.532305096548695	5
0.00246828561007995	0.532305096548695	5
0.00319156543243992	0.531963842405938	5
-0.00262356578869993	0.534584753118728	110
0.0400648637716401	0.733838039041807	434
-0.11750829803146	2.21748763730881	434
-0.00335347787300999	0.534889336029958	89
0.00366600389301008	0.531774933095134	89
-0.12156941265785	1.64549116951206	110
-0.03596526772354	1.4654847214937	110
0.0017447688585801	0.532562193916483	21
0.01902124290568	0.748205602977712	21
0.0278000736791399	0.742511796703825	5
0.00824674914842993	0.529773188260123	5
-0.0816758736482099	1.19933877647713	110
0.03032368376837	0.741011018316937	89
0.04714800698072	1.00030409419732	89
0.0354517588405201	0.737058651118592	89
-0.0899574558891201	1.20988978640106	474
-0.00335347787300999	0.534889336029958	474
0.0313388787394899	0.740037005484058	474
0.0945565846287999	1.6800832958593	110
-0.0728633621111201	1.18827079387898	348
0.00169688815515001	0.532694389774889	5
0.0444913788299499	0.730698170039734	110
0.0452961661504701	2.36265429759312	434
0.0486659317806399	0.999426352901855	89
0.06992557268702	1.26189867509022	89
-0.0963596745744299	1.21730716812727	474
0.09674688753635	1.67592121485859	348
-0.08107110888979	1.20005774903226	348
-0.0393639897499301	2.01178918827991	110
0.06837691530202	1.26539986185858	110
0.00319156543243992	0.531963842405938	5
-0.00215938518201009	0.53435945377886	5
0.00294183147764993	0.532032217355669	5
0.0353421342376099	0.737604114579331	5
0.00897312424460006	0.529288422761213	5
0.10714961200416	2.1761570302068	434
0.00438993885030992	0.531433597211914	89
-0.00189389559207998	0.534121741351592	89
0.00366600389301008	0.531774933095134	89
0.00366600389301008	0.531774933095134	89
-0.00335347787300999	0.534889336029958	5
-0.00142880975047999	0.534054734577795	110
-0.00215938518201009	0.53435945377886	5
-0.07777312173769	1.19351333428839	89
-0.00262356578869993	0.534584753118728	474
0.00438993885030992	0.531433597211914	5
-0.00189389559207998	0.534121741351592	5
0.00301611870026997	1.66233122176971	434
-0.0835031363571	1.20073289986014	434
-0.0963596745744299	1.21730716812727	89
-0.0383686835465	1.47046160533993	89
0.0533883685460601	0.995364856999185	474
0.0291814595712301	0.741793046518071	110
0.0540712554477401	0.992946535226311	5
0.00366600389301008	0.531774933095134	875
0.0280964880574699	0.742148154121523	5
-0.07357323509176	1.18886114535174	434
-0.07903964852479	1.19468077381914	434
-0.07466140027899	1.84319380181975	434
0.03051800458471	0.740194948246952	688
0.0017447688585801	0.532562193916483	688
0.00319156543243992	0.531963842405938	99
-0.08563028604647	2.37026516227082	348
-0.0849945723955401	1.20398508391291	348
0.03666588343696	0.736086429582356	110
0.00511363652644992	0.53094883647402	110
0.0660242896255801	1.26843401908956	434
0.0342361217630101	0.737803608644795	89
-0.0325460159304201	1.46068594625784	89
-0.00142880975047999	0.534054734577795	21
0.00246828561007995	0.532305096548695	110
0.00294183147764993	0.532032217355669	110
0.0543686588497101	0.994146711071465	434
0.0354517588405201	0.737058651118592	89
-0.00655298027038009	0.53606385526815	688
-0.0143816470099101	0.539305515921282	688
-0.00408363202708006	0.535041876234331	89
0.08434246877117	1.69836902891512	110
0.0398754422991101	0.734049874675633	21
0.04168506802148	0.732690001857744	110
-0.00189389559207998	0.534121741351592	110
0.00169688815515001	0.532694389774889	5
0.00366600389301008	0.531774933095134	110
-0.00215938518201009	0.53435945377886	688
0.03666588343696	0.736086429582356	89
0.00246828561007995	0.532305096548695	99
0.02518307226521	0.744569276799966	5
0.0017447688585801	0.532562193916483	348
0.00246828561007995	0.532305096548695	348
0.00319156543243992	0.531963842405938	110
-0.00335347787300999	0.534889336029958	110
0.00319156543243992	0.531963842405938	110
0.0472384061206099	1.00059916929174	434
-0.0833587197241901	1.20115673296458	434
0.0186731800415401	0.748878857552376	89
0.02798414743867	0.742664548988016	89
0.04799919350267	1.00133216698691	5
0.02356826086701	0.745383324956546	110
0.00294183147764993	0.532032217355669	110
0.0814244273729401	1.49433008288016	5
-0.00262356578869993	0.534584753118728	110
0.00366600389301008	0.531774933095134	89
0.000963355668319954	0.532848557178048	89
-0.00215938518201009	0.53435945377886	348
0.00438993885030992	0.531433597211914	5
-0.000698476746989973	0.53359178068112	5
0.0313388787394899	0.740037005484058	110
0.00511363652644992	0.53094883647402	89
0.0017447688585801	0.532562193916483	89
0.00294183147764993	0.532032217355669	88
0.00319156543243992	0.531963842405938	501
0.0926943185620701	1.68292715496879	5
0.00366600389301008	0.531774933095134	110
-0.000698476746989973	0.53359178068112	89
-0.00189389559207998	0.534121741351592	501
-0.0731535850387199	1.18827827818598	110
0.0297189832399001	0.74144128695738	89
0.0431835947675201	1.00549858454715	348
-0.0308415578201799	1.45555640085234	434
0.00316321952767007	0.53192588850646	89
0.0680251608000499	1.26740880279978	99
-0.00189389559207998	0.534121741351592	5
-0.0421064040444601	1.4745435869546	89
-0.00142880975047999	0.534054734577795	5
0.0017447688585801	0.532562193916483	639
0.0344326245705799	0.737399568931953	418
0.00294183147764993	0.532032217355669	110
-0.08392440707451	1.20115273534419	89
0.0348441295244399	0.737457902476713	88
0.00897312424460006	0.529288422761213	21
0.00438993885030992	0.531433597211914	21
-0.00335347787300999	0.534889336029958	110
0.00438993885030992	0.531433597211914	418
0.00319156543243992	0.531963842405938	260
-0.07676701758319	1.19429405067109	110
0.00319156543243992	0.531963842405938	89
0.00438993885030992	0.531433597211914	89
0.02044042340073	0.747508881384851	5
0.00169688815515001	0.532694389774889	348
0.00319156543243992	0.531963842405938	110
0.0919797961119999	1.68546729421153	434
-0.07775341573412	1.19574144052044	89
-0.00142880975047999	0.534054734577795	89
0.00319156543243992	0.531963842405938	89
0.03968031327036	1.00958386073363	89
0.00366600389301008	0.531774933095134	639
-0.00215938518201009	0.53435945377886	110
0.03666588343696	0.736086429582356	110
0.03768282456808	0.735116002376577	688
0.00319156543243992	0.531963842405938	89
0.05121561981196	0.994916924472881	89
0.00243017604661011	0.532388959419506	88
0.0313388787394899	0.740037005484058	5
0.07164813483692	1.26153446023095	110
0.04362670432585	1.00511146774742	434
0.06140288877117	1.27527493630925	89
0.04559144011912	1.00284978065349	89
0.0297189832399001	0.74144128695738	5
-0.00774474493264998	0.536593235425421	348
0.0291814595712301	0.741793046518071	110
-0.00189389559207998	0.534121741351592	418
0.0233767916129299	0.745765973907936	418
0.02930800140753	0.741348714485643	110
0.09674167715842	1.8629643050491	434
-0.03054374638834	1.4573425117213	434
0.08573707261464	1.48708678426966	89
0.02930800140753	0.741348714485643	99
0.0904067250120699	1.87667142594853	501
0.05383007244065	0.994883375620606	348
0.00319156543243992	0.531963842405938	110
0.00511363652644992	0.53094883647402	110
-0.0250737570567601	2.19362502293722	89
-0.00262356578869993	0.534584753118728	21
-0.00262356578869993	0.534584753118728	110
-0.00215938518201009	0.53435945377886	110
0.02899712070884	0.742031605098525	110
-0.00189389559207998	0.534121741351592	119
0.00824674914842993	0.529773188260123	89
0.03647041824491	0.736086036474592	99
0.00246828561007995	0.532305096548695	639
0.00391460850192993	0.531478987360942	418
-0.00215938518201009	0.53435945377886	119
0.07054391170574	1.26326471651041	434
-0.00655298027038009	0.53606385526815	99
0.00654197515241006	1.88401675148891	348
0.0388563440215799	0.734684321976156	418
0.00221742142717996	0.532153748454207	110
-0.00331820145503992	1.67477743968242	110
0.00246828561007995	0.532305096548695	688
0.03564846550468	0.736426287452659	501
-0.00142880975047999	0.534054734577795	21
0.0486659317806399	0.999426352901855	110
0.00366600389301008	0.531774933095134	89
0.00294183147764993	0.532032217355669	5
0.11594828614169	2.30864144464723	501
-0.00655298027038009	0.53606385526815	348
0.02477307001278	0.744269767133587	110
0.0344326245705799	0.737399568931953	88
-0.00262356578869993	0.534584753118728	21
0.00319156543243992	0.531963842405938	110
0.04047902648651	0.733654187413585	5
-0.00262356578869993	0.534584753118728	110
0.0299131916059701	0.740846365603413	110
-0.01780180072113	2.17661611396734	89
0.08383042920251	1.24323155817001	89
0.03825151948442	0.735027413479489	5
0.00391460850192993	0.531478987360942	241
-0.00802734580893993	0.536690312605626	119
0.00391460850192993	0.531478987360942	110
0.01722142816392	0.749615137665594	89
-0.00262356578869993	0.534584753118728	5
0.0393490111949899	0.734642723574573	5
0.02296529130888	0.745782655478961	5
0.00366600389301008	0.531774933095134	21
0.0399460178661899	0.734148540963808	110
-0.07682339891359	1.84936842478292	5
0.02930800140753	0.741348714485643	21
0.01842168041068	0.748817153272625	110
0.0354517588405201	0.737058651118592	119
0.00102101500145002	0.532683365671509	110
0.035040734189	0.736946074777505	119
-0.0798785395263599	1.85463594141213	89
0.0896987848493101	1.47938864734465	88
0.0730868509528899	1.25778635338389	110
0.0222357103072399	0.746494992154999	434
-0.0875854789539501	1.87113315258198	21
0.0488737281963501	1.29263547061712	21
0.10176198390846	2.02301982930335	241
-0.00285520075607004	1.67420851833009	110
-0.0787394689191401	1.19624673344309	119
0.00268150909354992	1.66457235850491	89
0.10199678980989	1.66499131541965	89
0.00294183147764993	0.532032217355669	110
0.0808533588753599	1.49422710719425	119
-0.03807266875997	1.47014287788038	119
0.10871365887778	2.1716557777898	99
0.01668166354523	1.86385154106624	5
0.04657622035048	1.00212400435692	241
0.0656543562956899	1.26887584701037	241
0.0687460304801699	1.26482347543478	110
0.05765245421403	0.990725359567734	110
0.00294183147764993	0.532032217355669	434
0.035040734189	0.736946074777505	688
-0.00142880975047999	0.534054734577795	21
-0.07426842250878	1.19002941808045	21
0.09286429230728	1.87133355300055	110
0.0944709712731	1.47093484301947	119
0.0398754422991101	0.734049874675633	110
0.10336802954959	1.66198167232029	110
0.00363460298393004	1.66303931961709	110
0.00246828561007995	0.532305096548695	434
0.00246828561007995	0.532305096548695	89
0.00294183147764993	0.532032217355669	89
0.05383007244065	0.994883375620606	5
0.00438993885030992	0.531433597211914	348
0.00319156543243992	0.531963842405938	110
0.02870243366597	0.741779531267693	241
-0.00848113268972006	0.537019591842101	119
0.04047902648651	0.733654187413585	434
0.06992557268702	1.26189867509022	89
0.0354517588405201	0.737058651118592	5
0.00366600389301008	0.531774933095134	110
0.0476839197190999	1.00030901947175	434
0.02518307226521	0.744569276799966	99
-0.0270300443256399	1.45072976681817	21
0.05206192286816	0.996427811175005	110
-0.0744130889021499	1.18982737404724	110
0.08352233429922	1.48868162123687	434
0.0410822349536399	0.733205072648082	88
-0.12390852608378	1.6482351852114	110
-0.0109969540671599	1.68860427297458	434
0.0297189832399001	0.74144128695738	88
-0.07384849907075	1.18971023551	5
0.0426446288465001	1.00546533017098	5
-0.03193064139305	1.45775186060122	21
0.0670294156742	1.26867597676015	21
0.0400648637716401	0.733838039041807	119
0.0358636488266999	0.736484372081891	119
0.00438993885030992	0.531433597211914	434
0.0491106074735499	0.999066624675767	434
-0.00454355786716998	1.67821474970232	89
0.0358636488266999	0.736484372081891	89
0.0394607920099199	0.73428791747872	89
0.00246828561007995	0.532305096548695	241
-0.0841660503928501	1.86335705766051	110
0.0484391315800301	1.00094874460807	110
0.02296529130888	0.745782655478961	5
-0.00719146200923992	2.34401888959735	5
0.0400648637716401	0.733838039041807	110
-0.00262356578869993	0.534584753118728	21
0.00294183147764993	0.532032217355669	241
0.00102101500145002	0.532683365671509	119
-0.08720714982721	1.87010820984197	88
0.0440695907957001	1.00465394433231	88
0.000963355668319954	0.532848557178048	21
0.00438993885030992	0.531433597211914	21
0.05166366079118	0.994577550239534	21
-0.00408363202708006	0.535041876234331	110
-0.00142880975047999	0.534054734577795	119
0.0854950818229801	1.48602487275641	119
-0.08209630742905	1.1999018243829	434
0.08179043425918	1.49301132809978	88
0.0495550598469101	0.998644372218219	88
0.0539850148058001	0.9928658275338	88
0.0344326245705799	0.737399568931953	21
0.00319156543243992	0.531963842405938	21
-0.03770265858032	1.46799432115293	241
0.0986137053649201	1.67201521035354	110
-0.0152229002898701	2.36617432356764	5
-0.02883459701434	1.45432111989441	5
-0.0103902741817199	2.3544824137575	5
-0.00335347787300999	0.534889336029958	21
0.07029599308309	1.26142402713348	119
0.0400648637716401	0.733838039041807	119
0.00438993885030992	0.531433597211914	89
-0.00262356578869993	0.534584753118728	89
0.00391460850192993	0.531478987360942	21
0.00606618783247992	0.53049613470456	241
-0.00335347787300999	0.534889336029958	119
-0.00215938518201009	0.53435945377886	434
0.08928438423298	1.48073565814413	88
0.10650871946133	2.01378456245117	348
0.0569310797832501	0.990149429197402	241
0.0530912690249701	0.993824520513092	241
0.0297189832399001	0.74144128695738	119
0.00393049024832992	1.6608050013116	119
0.0388059673105099	2.0180259248192	434
0.00319156543243992	0.531963842405938	688
-0.0811102108094901	1.19888737123819	88
-0.08331063787851	1.20261502284202	5
0.0579104158918999	0.989666385167294	348
-0.0349204493228801	1.46280725192452	21
0.00243017604661011	0.532388959419506	241
-0.00215938518201009	0.53435945377886	241
0.04549328654667	1.00323826339346	241
-0.00142880975047999	0.534054734577795	119
0.03913736345456	1.01004943199487	110
0.00752013483377989	0.53011506511111	110
-0.0453713664053901	2.02506663460391	241
-0.12148646353531	2.22586248891696	241
0.0954464470751699	1.67679103369699	119
-0.07903964852479	1.19468077381914	5
0.0666796037731401	1.26882790561206	241
0.07444482604466	1.25673930594217	119
-0.0287674818489001	1.45443326413432	119
0.06692295342112	1.26882842647177	119
0.00366600389301008	0.531774933095134	119
0.0347415204314101	0.738030619991319	119
0.03825151948442	0.735027413479489	88
0.00366600389301008	0.531774933095134	88
0.00679328112155009	0.530373211909872	88
-0.0292100985805099	1.45214559001454	88
0.00824674914842993	0.529773188260123	21
-0.00189389559207998	0.534121741351592	21
0.0670155556539001	1.26733267658607	21
0.06376279833279	1.27233147530848	21
0.05702199630567	0.990394200392705	434
0.0856402801447	1.48699765611256	99
-0.0339246898580201	1.46158645703795	434
0.06955199442921	1.26390425832327	434
-0.0357019716896201	1.46413722717665	88
0.0817696435076201	1.49387925390627	241
0.02397926162987	0.745446937601401	21
-0.00142880975047999	0.534054734577795	434
0.0344326245705799	0.737399568931953	434
0.00195668811265004	1.66573295206838	99
0.0462559759769701	1.00095580133834	348
0.0444913788299499	0.730698170039734	241
0.10791454894802	2.17447108909896	241
0.05680293491128	1.28166402476762	21
0.0420859172775701	1.00712527155736	21
0.00438993885030992	0.531433597211914	434
0.00438993885030992	0.531433597211914	434
0.01609145293092	1.86472697653143	5
-0.00262356578869993	0.534584753118728	21
-0.11333510352798	2.20790441406535	21
-0.0342815268805501	1.46216764342642	434
0.0660242896255801	1.26843401908956	434
0.09050317012432	1.68701521815957	99
0.0981359335246299	1.67308299790443	99
0.0945565846287999	1.6800832958593	348
0.00438993885030992	0.531433597211914	21
0.00366600389301008	0.531774933095134	21
0.00438993885030992	0.531433597211914	21
0.0344326245705799	0.737399568931953	21
-0.08209630742905	1.1999018243829	241
0.11191437910404	2.00121589356546	434
-0.05079517980965	2.0371141594244	434
0.0354517588405201	0.737058651118592	21
0.07579037857371	1.25599796278772	241
-0.08209630742905	1.1999018243829	241
0.07970628861218	1.49595312454742	434
0.0344326245705799	0.737399568931953	21
-0.00215938518201009	0.53435945377886	89
-0.0815303627858499	1.19937634441635	99
0.04451225431501	1.0041209288757	21
0.0528505831463499	0.995365511826666	21
-0.01004149746229	1.68707488761441	88
0.10440719614744	2.34019011040132	88
0.0521966275699499	0.9945594153429	88
0.0394607920099199	0.73428791747872	21
0.03875163179009	0.735066089963955	21
-0.0791976211255001	1.85282649400905	21
0.00366600389301008	0.531774933095134	21
-0.0774673176709899	1.19557764562134	434
-0.0187935951730001	2.17709837901407	434
0.0295950828379801	0.741636469196257	354
0.0343274050920901	0.73823682262087	89
0.00752013483377989	0.53011506511111	88
0.00246828561007995	0.532305096548695	348
0.00243017604661011	0.532388959419506	348
-0.00215938518201009	0.53435945377886	21
0.00294183147764993	0.532032217355669	21
0.0017447688585801	0.532562193916483	21
-0.00215938518201009	0.53435945377886	434
-0.0849945723955401	1.20398508391291	88
0.00319156543243992	0.531963842405938	348
0.07345609435362	1.25737552205296	348
-0.00729003919016003	0.536490208929206	348
0.0331240577334599	0.739029403250235	21
-0.00335347787300999	0.534889336029958	21
0.05383007244065	0.994883375620606	88
-0.07917957865502	1.19430996559941	88
0.03806243219864	0.734804878972801	99
0.00102101500145002	0.532683365671509	99
0.04460897506561	1.00422715477358	348
0.0348441295244399	0.737457902476713	21
-0.0318269022308599	1.4584768504711	21
0.00319156543243992	0.531963842405938	21
0.04353141622118	1.0044738029531	21
0.0299131916059701	0.740846365603413	21
0.0233767916129299	0.745765973907936	85
0.0528505831463499	0.995365511826666	434
-0.00215938518201009	0.53435945377886	434
0.0730868509528899	1.25778635338389	88
0.05053603753539	0.997274045373009	88
0.0301308372186999	0.740833493555529	88
-0.00262356578869993	0.534584753118728	88
0.0484843750611801	0.99883853031189	99
0.0659263589075601	1.27009458888759	99
0.10474044657028	2.01602431446435	348
-0.0786172874648801	1.19435859675051	871
0.03073504640225	0.740466286977461	871
0.0559427479103001	0.990628864914917	21
0.0342361217630101	0.737803608644795	21
0.05329268116312	0.994813681069795	85
0.04999928903817	0.998159665810078	85
0.0297189832399001	0.74144128695738	21
0.03073504640225	0.740466286977461	21
0.00366600389301008	0.531774933095134	21
0.0495550598469101	0.998644372218219	434
-0.00774474493264998	0.536593235425421	88
-0.00335347787300999	0.534889336029958	99
0.00319156543243992	0.531963842405938	21
-0.00335347787300999	0.534889336029958	21
-0.11042189773698	2.20048030159412	21
0.00366600389301008	0.531774933095134	21
0.00169688815515001	0.532694389774889	85
-0.00142880975047999	0.534054734577795	434
-0.0835031363571	1.20073289986014	88
-0.00142880975047999	0.534054734577795	88
0.02930800140753	0.741348714485643	99
0.0472384061206099	1.00059916929174	99
0.00319156543243992	0.531963842405938	21
0.00366600389301008	0.531774933095134	21
0.00319156543243992	0.531963842405938	85
0.035040734189	0.736946074777505	85
0.06272021644223	0.984695894020279	99
0.10400162734753	2.18310947006336	348
0.02930800140753	0.741348714485643	871
0.05362465526986	0.993341884596457	99
0.0233767916129299	0.745765973907936	99
0.0721834168391899	1.50885763691775	52
0.0491106074735499	0.999066624675767	21
0.00221742142717996	0.532153748454207	85
0.00102101500145002	0.532683365671509	21
0.03382413632389	0.737799364206718	21
0.0427402619840001	1.00581004614872	85
-0.0074497435371701	1.68137197575523	21
0.04396008345277	1.00587438668897	21
0.0295950828379801	0.741636469196257	434
0.0646109242327699	1.2705314217514	434
0.0495550598469101	0.998644372218219	434
-0.0801237616060699	1.19724678032768	88
0.07444482604466	1.25673930594217	88
0.04887884777412	1.00049518335591	348
0.0394607920099199	0.73428791747872	348
-0.0544003771299599	2.04451462065193	871
0.0400648637716401	0.733838039041807	52
0.03073504640225	0.740466286977461	52
0.0410822349536399	0.733205072648082	85
0.02911390535499	0.741809353787203	21
-0.0785902878879401	1.19650017248537	263
-0.0830471855020001	1.20201746051507	263
0.0798717225513901	1.49559377930607	88
-0.08839626403112	1.87008015252675	88
0.0521966275699499	0.9945594153429	88
0.0712837906052399	1.2603302214193	348
0.0580027411976101	0.989180708464477	52
-0.0304839479118499	1.45508423926248	52
0.02858299067685	0.742268681612624	85
0.10052685902693	2.0278943339988	348
0.0572813061449899	1.28066532773092	434
0.03382413632389	0.737799364206718	434
0.02842874841208	1.83976309698948	434
0.00752013483377989	0.53011506511111	348
0.08989287364055	1.87782657754169	348
0.0838320798812899	1.48921348489627	871
0.0406486307938601	2.01363223160989	52
0.0889223363384399	1.69063267682222	52
0.1029838330088	1.84956795520577	52
0.09971981448135	1.85722898849991	85
-0.0719139247831	1.83904887590166	85
-0.00262356578869993	0.534584753118728	21
0.0515229543781399	0.996624821057001	21
0.00169688815515001	0.532694389774889	89
-0.0798785395263599	1.85463594141213	88
-0.000640096476580032	1.67104511350822	99
0.00391460850192993	0.531478987360942	99
0.02839878442854	0.74234741463678	52
0.0381543428594	1.01040160975962	52
0.10475610206471	2.49295275454359	52
-0.00262356578869993	0.534584753118728	21
-0.0852615973951101	1.20394528119132	434
0.00294183147764993	0.532032217355669	88
0.00319156543243992	0.531963842405938	99
0.01236598950846	1.64521455965109	99
0.11806634468303	2.14615694921655	348
0.00391460850192993	0.531478987360942	99
-0.08300054042707	1.20271510138627	88
-0.00335347787300999	0.534889336029958	99
0.0241707136185201	1.84889203100954	348
0.0485742759071901	0.999525585409184	348
-0.00262356578869993	0.534584753118728	99
0.0309280072634499	0.740509202720264	871
0.04816991622858	2.17982823485228	871
0.0401976909116899	2.01492038760767	52
-0.00290250815084003	2.33529979642013	52
0.10148837479528	2.02578763688934	21
-0.00142880975047999	0.534054734577795	21
-0.00189389559207998	0.534121741351592	21
-0.00289020322422995	0.534512321528133	21
-0.00416900555087008	0.535021602650627	434
-0.0783208402665201	1.19576018621281	434
-0.000698476746989973	0.53359178068112	21
-0.00848113268972006	0.537019591842101	21
0.03594237341777	0.73710643497093	21
0.08183413553758	1.49223114909627	88
0.04892938405981	0.998189760974233	99
0.00319156543243992	0.531963842405938	21
-0.07691728100042	1.19469620806378	52
0.00294183147764993	0.532032217355669	21
0.00391460850192993	0.531478987360942	21
0.00246828561007995	0.532305096548695	434
0.00246828561007995	0.532305096548695	99
0.03666588343696	0.736086429582356	21
0.0343274050920901	0.73823682262087	21
-0.00215938518201009	0.53435945377886	434
0.02911390535499	0.741809353787203	88
-0.07875712614497	1.19385510327795	99
0.0746905954797901	1.25750667464103	146
0.0198422554867701	0.747955168440197	871
0.00438993885030992	0.531433597211914	21
0.02499273395026	0.744470247034485	99
0.0667637659810101	1.26734742220353	85
0.0255939502907101	0.744072404548632	263
0.03768282456808	0.735116002376577	99
-0.0773513168609601	1.19299534867775	99
0.00511363652644992	0.53094883647402	21
0.10594377956856	1.84298185825115	52
-0.0399421985552899	2.01315352582253	52
-0.05042823299149	2.03569146329963	52
0.00243017604661011	0.532388959419506	21
-0.00262356578869993	0.534584753118728	21
0.0245813550735401	0.745048164284577	88
0.0458988386686701	2.18592808033043	21
0.0576425201651001	2.32898920877888	52
0.00246828561007995	0.532305096548695	52
0.0906884555420999	1.68761986219914	85
0.0233767916129299	0.745765973907936	21
0.00438993885030992	0.531433597211914	21
0.0313388787394899	0.740037005484058	263
0.0245813550735401	0.745048164284577	99
0.0297189832399001	0.74144128695738	99
0.00511363652644992	0.53094883647402	21
0.0017447688585801	0.532562193916483	21
0.06376279833279	1.27233147530848	21
0.03764631807576	0.735305108920314	88
0.04999928903817	0.998159665810078	21
0.07224950643277	1.50798584535934	88
0.07276306719543	1.25776244379989	99
0.0400648637716401	0.733838039041807	348
0.02723385601347	2.04384303954532	871
0.0017447688585801	0.532562193916483	21
0.00319156543243992	0.531963842405938	21
0.03647041824491	0.736086036474592	88
-0.0758314207582	1.84766942354174	99
-0.00262356578869993	0.534584753118728	348
0.035040734189	0.736946074777505	21
0.0791978746769699	1.49744460850161	99
0.0326506412755101	2.03131181524585	146
0.02839878442854	0.74234741463678	21
-0.08224043604051	1.19903131772228	21
-0.0301882487832099	1.45691332796021	88
0.00752013483377989	0.53011506511111	99
0.0344326245705799	0.737399568931953	85
-0.0776320066213401	1.19334777271758	434
-0.00345881240750989	1.67508436967167	88
0.00391460850192993	0.531478987360942	21
-0.0882650310233699	2.37589802162318	99
-0.0414760570939501	1.47570776639916	52
-0.12291032627013	1.64677052551277	85
-0.11616745021117	2.21441932597195	146
-0.00189389559207998	0.534121741351592	21
0.00511363652644992	0.53094883647402	21
0.0670155556539001	1.26733267658607	52
0.10566238225703	1.84367271148716	434
0.0269548070457699	2.04447009550187	88
-0.0308625142860399	1.45549899057591	85
0.07301177589602	1.25778123928763	52
-0.0868202816072401	1.20616139506103	85
0.0670829028279001	1.26372227842076	99
0.0715366755390301	1.26201361567549	52
0.02619479089086	0.74359461111114	99
0.0299131916059701	0.740846365603413	88
-0.00835986224539997	1.68434277929351	88
-0.0816675202764501	1.85740232480006	146
0.0332152691229599	0.738145623224673	871
-0.00408363202708006	0.535041876234331	52
-0.00335347787300999	0.534889336029958	88
0.00319156543243992	0.531963842405938	871
0.05540971456369	0.991416406657621	88
-0.12260422009627	1.64687752212687	88
0.00824674914842993	0.529773188260123	99
-0.00215938518201009	0.53435945377886	21
-0.0781951119041	1.19396778018936	88
0.0472384061206099	1.00059916929174	434
0.000963355668319954	0.532848557178048	21
0.00438993885030992	0.531433597211914	99
0.0526020902508799	0.995400792760151	88
-0.00142880975047999	0.534054734577795	99
0.0299131916059701	0.740846365603413	348
-0.00215938518201009	0.53435945377886	21
-0.000698476746989973	0.53359178068112	99
-0.00142880975047999	0.534054734577795	99
-0.00262356578869993	0.534584753118728	52
0.00511363652644992	0.53094883647402	52
0.0353421342376099	0.737604114579331	146
0.00246828561007995	0.532305096548695	21
0.0354517588405201	0.737058651118592	52
0.00366600389301008	0.531774933095134	85
-0.03563479529667	1.46389632217702	21
0.02163919380665	0.746681146658656	52
0.0484258771192501	2.1793493299747	146
0.0348441295244399	0.737457902476713	21
0.0755509446690801	1.25513735934875	21
0.10570071041289	1.84331178222105	85
0.00169688815515001	0.532694389774889	21
0.0331240577334599	0.739029403250235	52
0.02870243366597	0.741779531267693	88
-0.08299027424278	2.36302840859294	146
0.03647041824491	0.736086036474592	21
-0.07691728100042	1.19469620806378	85
0.05182331533476	0.99715915547794	88
0.00366600389301008	0.531774933095134	21
0.00438993885030992	0.531433597211914	21
0.00824674914842993	0.529773188260123	21
0.00366600389301008	0.531774933095134	52
-0.00262356578869993	0.534584753118728	88
0.0337259191397701	0.73866407925936	146
0.08902837672964	2.22169876247772	146
0.00438993885030992	0.531433597211914	21
-0.00848113268972006	0.537019591842101	52
0.00366600389301008	0.531774933095134	52
0.00897312424460006	0.529288422761213	52
-0.00142880975047999	0.534054734577795	52
-0.00215938518201009	0.53435945377886	88
0.05440521649992	1.28683360107788	88
0.00246828561007995	0.532305096548695	21
0.09758582572906	2.2005595859205	88
0.0476839197190999	1.00030901947175	99
0.0999772247213599	2.19383415125425	99
0.00438993885030992	0.531433597211914	146
0.00294183147764993	0.532032217355669	99
0.02858299067685	0.742268681612624	52
-0.0625310522224101	2.06126951967943	52
0.0337259191397701	0.73866407925936	21
-0.10319378716525	2.4120724561932	88
0.00319156543243992	0.531963842405938	21
-0.00385161413093993	1.67459886976544	52
0.0530912690249701	0.993824520513092	52
-0.0731539352569499	1.18991842443975	52
0.0017447688585801	0.532562193916483	21
-0.00300173973366991	1.67427249370478	21
0.0621416190258699	1.27439793257711	52
0.07881012341149	1.4985898732196	21
-0.0421706952170799	1.4754116116529	52
0.00752013483377989	0.53011506511111	21
0.0848266258652599	1.48672886417274	52
-0.00142880975047999	0.534054734577795	21
0.08415852823663	1.48862289372619	146
0.06276713149286	1.2737657343996	99
-0.09011389139241	1.21064230647771	21
0.03073504640225	0.740466286977461	99
-0.00921776759309001	0.53721941864807	52
-0.07634932767583	1.19380890063092	52
0.04362670432585	1.00511146774742	21
0.00860299564473999	2.48685283418805	240
0.0184321148067701	1.86106331920277	21
0.0529464424100199	0.995784069644317	88
0.0785906484336401	1.25097057689858	99
-0.08640106135711	1.20562681552579	21
0.05345358295201	0.99264693168171	99
-0.00808802398032005	1.68324888086978	52
-0.00149549527496995	2.33053285057316	146
-0.0422854832612301	2.01692106743386	52
0.10706381278375	2.17266643678003	21
-0.02548898346956	2.19401408026064	240
0.02832016518507	1.84018135835827	240
-0.00262356578869993	0.534584753118728	240
-0.0315834872496299	1.45911511292627	240
0.02911390535499	0.741809353787203	99
-0.02755856082359	2.19868557686277	21
-0.00142880975047999	0.534054734577795	99
-0.000547125420790051	1.66989169771722	21
0.0998578970882	1.85683333192002	21
0.0645623886859299	1.27105635716215	99
0.10128203514543	1.66556365012614	21
-0.08932757477446	1.87288547882229	240
-0.12495943518536	1.65111309235692	99
0.0794371302044601	1.24909226106887	99
-0.0943055184844299	1.88299111168315	433
0.04626967469191	1.00270277602698	52
0.00319156543243992	0.531963842405938	99
-0.07645127684784	1.84904982912263	52
0.08572049395478	1.48680423520226	433
0.04670210346596	1.00066507097037	21
-0.0845761924879001	1.20324284123082	146
-0.0828933479057701	1.20233393072924	146
0.035040734189	0.736946074777505	99
0.0337259191397701	0.73866407925936	99
0.0017447688585801	0.532562193916483	52
0.0017447688585801	0.532562193916483	52
-0.00142880975047999	0.534054734577795	52
0.0257844135257701	0.743935667379362	52
-0.0455546096152499	1.48080242367104	240
0.0370768100507199	0.735634103186099	146
-0.0097053335949	1.68723566203714	146
-0.00848113268972006	0.537019591842101	52
-0.00142880975047999	0.534054734577795	52
0.00366600389301008	0.531774933095134	52
0.0767900928199301	1.50127124702443	99
0.0449556594498499	1.00463221344467	99
0.03666588343696	0.736086429582356	99
0.00246828561007995	0.532305096548695	52
0.00391460850192993	0.531478987360942	52
0.03666588343696	0.736086429582356	99
0.00391460850192993	0.531478987360942	99
-0.0773513168609601	1.19299534867775	52
-0.0769296971693401	1.19240900505654	52
0.03647041824491	0.736086036474592	52
0.00824674914842993	0.529773188260123	99
0.0536781941675399	0.995506514569428	99
-0.0374146506111399	1.46755246825655	52
0.00366600389301008	0.531774933095134	21
0.00366600389301008	0.531774933095134	99
-0.0840874429173599	2.36530623086563	240
0.0337259191397701	0.73866407925936	21
0.0934748901214599	1.68193288754318	240
0.0486659317806399	0.999426352901855	52
0.0975779188401	1.8604504757861	21
0.02356826086701	0.745383324956546	21
0.0317044256472201	2.0335801207651	21
-0.0414760570939501	1.47570776639916	99
0.07259207294166	1.50814800563151	52
0.06316096333293	0.984253233663645	21
0.0830964904237701	1.49030054058394	21
-0.0876592771618901	1.20699000544567	21
0.0489815693797	1.00010734019394	52
0.0486659317806399	0.999426352901855	52
0.0346936423601401	1.01478940684638	52
-0.0753831818979101	1.190357282635	21
0.03826068874927	2.37658834807792	240
0.00319156543243992	0.531963842405938	430
0.07493177090967	1.2551030393511	52
0.00391460850192993	0.531478987360942	99
-0.11792799149784	2.21822017886457	99
0.00319156543243992	0.531963842405938	430
-0.08379526550862	1.86256346317769	21
-0.07488092169497	2.3417188328873	21
0.0521966275699499	0.9945594153429	430
0.0884815590722201	1.8808225240123	21
0.0910821654164	1.87368214173764	21
0.06276713149286	1.2737657343996	52
0.0621681024266301	1.27493612547246	52
0.0851596743068499	1.48622568903974	52
0.00391460850192993	0.531478987360942	430
-0.00189389559207998	0.534121741351592	99
0.10242041352336	1.85088738467892	240
0.0354517588405201	0.737058651118592	52
0.0410822349536399	0.733205072648082	52
0.00391460850192993	0.531478987360942	52
-0.0821813099908699	1.85909616578085	240
0.0784608248946901	1.49948045778057	146
0.04460897506561	1.00422715477358	146
0.0381538793351399	0.735427886922038	146
-0.12455699456801	1.64874747695545	146
0.01426890853811	0.751714599349248	146
0.00319156543243992	0.531963842405938	146
-0.0748332928673401	1.19021544731394	21
0.0996153827797499	1.85544255119067	146
-0.0759318218387299	1.19325077573748	146
0.00319156543243992	0.531963842405938	99
0.0017447688585801	0.532562193916483	52
0.0299131916059701	0.740846365603413	52
-0.03496508832797	1.46481522508548	146
0.0532416682402601	0.995955693068096	146
0.0353421342376099	0.737604114579331	99
0.04047902648651	0.733654187413585	52
0.00511363652644992	0.53094883647402	99
0.00511363652644992	0.53094883647402	52
0.07958196252147	1.24933410577672	146
-0.0311705531931801	1.45830207158012	52
0.0358636488266999	0.736484372081891	52
0.0319423345526799	0.739536323340341	52
0.00481886392997999	1.65984360445218	240
0.05329268116312	0.994813681069795	52
0.0347415204314101	0.738030619991319	52
-0.09812685452362	2.40002081501227	146
0.0017447688585801	0.532562193916483	146
0.0028570380272599	1.66297450246605	52
-0.00335347787300999	0.534889336029958	21
-0.00262356578869993	0.534584753118728	21
-0.0342815268805501	1.46216764342642	146
0.03948862025855	2.20014652466485	52
-0.00189389559207998	0.534121741351592	146
0.00679328112155009	0.530373211909872	52
0.00294183147764993	0.532032217355669	219
-0.00774474493264998	0.536593235425421	52
-0.00262356578869993	0.534584753118728	52
-0.00262356578869993	0.534584753118728	21
-0.000698476746989973	0.53359178068112	21
0.02920131141456	1.83843386165728	146
-0.00774474493264998	0.536593235425421	99
-0.0925126199272599	1.21250354659283	99
-0.00335347787300999	0.534889336029958	99
-0.0102224920666301	2.35387066246055	146
0.10765962100519	2.17509328007616	146
0.0742415650971899	1.5057834842678	52
0.0353421342376099	0.737604114579331	219
0.05777445959345	2.32920651984757	52
0.04799919350267	1.00133216698691	52
-0.00142880975047999	0.534054734577795	146
0.00366600389301008	0.531774933095134	99
0.0547649621694699	2.33782508512671	52
0.02952625086615	0.741129836625912	52
0.0560414373276299	0.990878404699943	21
0.0716538045347099	1.25979474087847	219
0.0687460304801699	1.26482347543478	146
0.00366600389301008	0.531774933095134	21
0.0241708536610901	0.74490389431856	146
0.00319156543243992	0.531963842405938	21
0.00246828561007995	0.532305096548695	21
0.00824674914842993	0.529773188260123	219
-0.000698476746989973	0.53359178068112	219
0.00606618783247992	0.53049613470456	21
0.08952213738988	1.6894386086226	219
0.0438430249674699	1.00526239051517	219
0.0779160971289501	1.71140992249711	52
0.0233767916129299	0.745765973907936	219
-0.0787394689191401	1.19624673344309	146
0.0481292096019901	0.999948591765882	52
0.03913736345456	1.01004943199487	21
0.0348441295244399	0.737457902476713	219
-0.00335347787300999	0.534889336029958	219
-0.12095322636547	1.64318528757821	21
0.00460649351655995	1.66037265347959	219
0.0421035711419699	2.19466679480013	21
-0.0550672958476399	2.04479905303389	52
0.03073504640225	0.740466286977461	219
0.00366600389301008	0.531774933095134	146
0.0346489758549799	0.73710862556556	99
0.0539850148058001	0.9928658275338	21
-0.0773513168609601	1.19299534867775	99
0.0241708536610901	0.74490389431856	21
-0.00289020322422995	0.534512321528133	219
-0.00262356578869993	0.534584753118728	99
0.0348441295244399	0.737457902476713	21
-0.00848113268972006	0.537019591842101	99
0.08534525332959	1.69748959319564	99
0.08381645688856	1.70071531240493	99
0.0539850148058001	0.9928658275338	219
0.00243017604661011	0.532388959419506	176
-0.03494024130749	1.46449526489094	99
0.04799919350267	1.00133216698691	21
0.04505124215201	1.00377042248523	99
0.02952625086615	0.741129836625912	52
0.0158547851786499	1.86603900265091	21
-0.08167941207687	2.36055348877389	310
0.00824674914842993	0.529773188260123	99
0.0942726185565199	2.2080765030789	99
0.03666588343696	0.736086429582356	21
0.03364268990196	2.21516976885793	310
-0.00142880975047999	0.534054734577795	310
0.0245813550735401	0.745048164284577	99
-0.0026891496364001	0.534393708496841	21
0.0484391315800301	1.00094874460807	219
0.03073504640225	0.740466286977461	21
0.00319156543243992	0.531963842405938	99
0.00246828561007995	0.532305096548695	21
0.00366600389301008	0.531774933095134	21
-0.0844248573378701	1.20295975688586	21
0.0231135428859399	1.85032986740039	99
0.0344326245705799	0.737399568931953	99
-0.09338268478428	1.21427874997541	99
0.00752013483377989	0.53011506511111	310
0.0495550598469101	0.998644372218219	146
0.00319156543243992	0.531963842405938	310
-0.00774474493264998	0.536593235425421	310
0.00319156543243992	0.531963842405938	310
0.0245813550735401	0.745048164284577	19
-0.12295887551286	1.64753542384942	19
0.0750657116006199	1.25590636623323	19
0.0504432951846801	0.997604965835895	21
-0.0317527588722799	1.45569054983186	310
-0.0727341194153901	1.18761499430896	176
0.0301308372186999	0.740833493555529	99
-0.0243296519627201	1.44612250690646	21
0.0400700588262699	2.01475396823807	99
0.05196571989041	0.996267358383412	99
0.04360820594204	2.00660801384247	52
0.00438993885030992	0.531433597211914	99
0.00438993885030992	0.531433597211914	21
0.0353421342376099	0.737604114579331	21
0.0370768100507199	0.735634103186099	21
-0.00142880975047999	0.534054734577795	21
0.0344326245705799	0.737399568931953	21
0.0295608212963601	1.83602936606199	99
0.09080924215716	1.87521770918798	52
0.1087785918537	2.48116466869741	19
0.00824674914842993	0.529773188260123	176
0.00319156543243992	0.531963842405938	310
-0.06941614092	1.83392033298528	52
0.02356826086701	0.745383324956546	52
0.08573707261464	1.48708678426966	21
-0.03870172915088	1.46922197131834	21
-0.00289020322422995	0.534512321528133	19
0.09399432207268	1.86820383702674	52
0.0394607920099199	0.73428791747872	52
0.05470092389645	1.28550617897993	52
0.0973907853556799	1.86209510242232	99
0.09926334509134	2.35560686036786	19
0.02858299067685	0.742268681612624	19
0.0857066592214899	1.69685540003709	176
0.0484391315800301	1.00094874460807	21
0.0017447688585801	0.532562193916483	21
0.05107996609405	0.996912285405691	21
0.00294183147764993	0.532032217355669	21
0.0805262423354001	1.49475176139881	99
-0.08050022714745	1.85555160012383	21
0.0931770314215901	1.68196332672711	21
0.08539466618227	1.48746426522206	146
0.09714173510023	1.67534258520994	21
-0.12360956458098	1.64974779808386	21
-0.0550672958476399	2.04479905303389	19
-0.00189389559207998	0.534121741351592	99
-0.00289020322422995	0.534512321528133	146
0.0497474603800401	2.17626794535977	19
-0.00215938518201009	0.53435945377886	146
0.00319156543243992	0.531963842405938	146
0.00928297911978992	1.8791189193016	146
0.0526440603259899	0.994220592637895	19
0.00246828561007995	0.532305096548695	21
0.0393490111949899	0.734642723574573	146
0.0133293586543	2.47494263399331	99
0.10837297917281	1.83728335879611	19
0.04083302406987	2.3740114903961	19
0.02911390535499	0.741809353787203	146
0.0301308372186999	0.740833493555529	146
0.0309280072634499	0.740509202720264	19
0.06121231811821	2.31808105494911	21
0.09610372778907	1.67605188779032	21
0.0637988032121	1.27360513401151	21
0.0686743497117499	1.51444093602504	146
-0.00215938518201009	0.53435945377886	21
0.00246828561007995	0.532305096548695	19
0.0485742759071901	0.999525585409184	146
0.00438993885030992	0.531433597211914	37
0.0309280072634499	0.740509202720264	146
-0.00848113268972006	0.537019591842101	21
-0.04620153175609	1.48125715066349	21
0.0280964880574699	0.742148154121523	21
0.03032368376837	0.741011018316937	21
0.00366600389301008	0.531774933095134	19
0.03492851591048	0.737738330121349	146
0.02457433412165	1.84837412917195	146
0.00366600389301008	0.531774933095134	21
-0.0859302063362	1.20642636364723	21
0.02911390535499	0.741809353787203	19
-0.00142880975047999	0.534054734577795	21
0.00319156543243992	0.531963842405938	21
-0.00142880975047999	0.534054734577795	21
-0.0421706952170799	1.4754116116529	19
0.03666588343696	0.736086429582356	146
0.0406685596285301	0.733322146891193	37
0.00294183147764993	0.532032217355669	21
-0.00189389559207998	0.534121741351592	21
0.00246828561007995	0.532305096548695	21
0.00366600389301008	0.531774933095134	146
-0.07398606275693	1.19095645715552	19
0.00511363652644992	0.53094883647402	37
0.00897312424460006	0.529288422761213	146
-0.00142880975047999	0.534054734577795	21
0.08832380527048	1.69059090331941	19
-0.00215938518201009	0.53435945377886	146
0.00752013483377989	0.53011506511111	146
0.00366600389301008	0.531774933095134	21
0.00246828561007995	0.532305096548695	19
-0.00189389559207998	0.534121741351592	19
0.04047902648651	0.733654187413585	19
0.00752013483377989	0.53011506511111	37
0.0309280072634499	0.740509202720264	19
-0.00335347787300999	0.534889336029958	19
-0.00416900555087008	0.535021602650627	146
-0.000698476746989973	0.53359178068112	37
0.0309280072634499	0.740509202720264	19
-0.00848113268972006	0.537019591842101	37
0.00511363652644992	0.53094883647402	37
0.00319156543243992	0.531963842405938	19
0.03666588343696	0.736086429582356	37
0.00319156543243992	0.531963842405938	19
-0.00262356578869993	0.534584753118728	37
0.00169688815515001	0.532694389774889	37
0.0273849295383699	0.742981022380494	19
0.00391460850192993	0.531478987360942	37
0.00246828561007995	0.532305096548695	21
-0.00262356578869993	0.534584753118728	21
-0.00921776759309001	0.53721941864807	37
0.04901911877248	0.999040070856556	37
0.0680251608000499	1.26740880279978	19
0.00319156543243992	0.531963842405938	37
0.0348441295244399	0.737457902476713	21
0.00246828561007995	0.532305096548695	19
-0.00848113268972006	0.537019591842101	37
0.0354517588405201	0.737058651118592	21
0.00366600389301008	0.531774933095134	26
-0.03068301405319	2.20646705371849	19
0.00824674914842993	0.529773188260123	19
-0.0458237355875699	2.02668259692092	21
-0.0215947212390699	1.44207627344473	21
0.03382413632389	0.737799364206718	26
-0.00189389559207998	0.534121741351592	19
0.0931468898193	1.8706640244892	21
0.0632487386421901	1.27249165971798	19
-0.07791277743133	1.1927500469406	19
0.0539850148058001	0.9928658275338	19
-0.00262356578869993	0.534584753118728	19
-0.00262356578869993	0.534584753118728	282
0.09938744890711	1.85720030969243	19
0.05765245421403	0.990725359567734	19
0.04505124215201	1.00377042248523	19
-0.00189389559207998	0.534121741351592	282
-0.00262356578869993	0.534584753118728	19
0.00319156543243992	0.531963842405938	21
0.00752013483377989	0.53011506511111	19
0.00319156543243992	0.531963842405938	19
-0.03701067182838	1.46835399618267	146
0.0348441295244399	0.737457902476713	146
0.0182328252156201	0.749281900376895	19
0.0829756057301501	1.49068448318217	19
0.07918201600708	1.49696633368231	19
0.0114444068086501	2.48071697648169	146
0.035040734189	0.736946074777505	19
-0.02929694121046	2.20346523692367	146
0.00319156543243992	0.531963842405938	146
0.03590131572035	2.02446852002819	146
-0.0861855474045501	1.20645707608368	282
0.0712159035109201	1.51119459924625	19
0.0438909955070601	0.731090904465366	146
-0.00142880975047999	0.534054734577795	146
0.0666618597728299	1.26922318664635	19
-0.11616745021117	2.21441932597195	19
-0.0422854832612301	2.01692106743386	146
0.0395357963885099	2.01569075477806	146
0.0425165515044601	2.00994446432551	282
-0.0746377798575699	1.84410146470302	282
-0.00142880975047999	0.534054734577795	312
-0.08023876578657	1.19890890241872	146
0.03419404872042	0.738196552745405	146
-0.11702781834966	2.21535504843543	312
0.05888993679586	0.988454492985114	19
-0.12390852608378	1.6482351852114	19
0.00511363652644992	0.53094883647402	19
-0.0425264302061199	1.47591897918393	19
0.00438993885030992	0.531433597211914	312
-0.00189389559207998	0.534121741351592	19
0.08586440647478	1.48488089063306	19
-0.12126199184892	1.64489495662916	19
0.000919327724850039	2.32456663578458	19
0.1068267654937	2.17659724037993	19
0.00319156543243992	0.531963842405938	19
0.0788715049456801	1.49800538036134	19
0.0574663175294701	0.990058806612059	19
0.02930800140753	0.741348714485643	19
0.03883857510107	2.01750721831928	19
-0.0764994899076299	1.19405262374656	19
0.0632487386421901	1.27249165971798	19
0.0815994106995701	1.89442031974294	19
0.0344326245705799	0.737399568931953	19
0.0874659485925999	1.69239637322197	19
-0.05880799045925	2.0541425593045	19
0.0299131916059701	0.740846365603413	139
0.02899712070884	0.742031605098525	19
-0.00729003919016003	0.536490208929206	19
0.0343274050920901	0.73823682262087	19
-0.0916930673212999	1.87811690434137	19
