x	y
0.197270112539772	0.129562054781331
0.175197423847489	0.0600468701453268
0.421928659406831	0.192265447618348
0.167083097968807	0.0728299219191437
-0.00692599797131976	0.0031815506379056
0.184783723281102	0.0901009199056187
0.068657351555581	0.0425968601499601
-0.284417102085834	0.128986915140891
0.6278228139793	0.330521761875909
0.113749097256014	0.0864151232181188
-0.492545799481847	0.185468080029724
-1.5026235657887	0.534584753118728
0.181837521716867	0.0460537144756759
-0.611962616144159	0.147977912487881
0.462843422697849	0.187652281449004
-0.0372584409226453	0.0160272565100311
0.16619130625606	0.0315431724784316
0.630276357647185	0.332053706165331
0.495599215755426	0.340163754870829
1.59588475472658	0.802198006540431
0.172463093000529	0.0752804629540888
0.170310644726631	0.0827987854965263
0.0170606918020486	0.00874706032570492
0.561332988620982	0.204043002102302
-0.497911182849863	0.187527814828396
-0.123831252718902	0.0440604843970144
0.421928659406831	0.192265447618348
-0.383938108744792	0.214506120310306
1.14193865898068	1.03316324011457
0.169262497062843	0.0655145453884588
0.364702944567374	0.2049097746174
0.356113436409878	0.218128914243042
-0.109135133327301	0.0749603908979224
0.980393168355664	0.66899142972599
0.171738207710718	0.0748450336409684
-0.206646932228356	0.132324453068085
-0.0352885437516657	0.0218338025563248
-0.110301076539183	0.0758033348573066
0.13651821180901	0.137814638299012
-0.228060681130529	0.166048253251207
-0.325582325201124	0.0933470317045756
0.169566032486793	0.032038095111837
0.688637326691298	0.220082192676685
-0.765482928181684	0.41222731795341
2.76219840038386	0.780594539857824
0.532794529382292	0.340994300886577
0.172879456781673	0.0668664345803421
-0.0327863024941347	0.0141587335212734
0.378332185913566	0.191841571405118
0.814338846343468	0.490826352504748
0.0315027328738481	0.0174305858902737
0.32639181335444	0.212677624790972
0.35975080515339	0.201431728531042
0.570806678996692	0.332998977249206
0.937915671186731	0.819246340128771
0.176711268978432	0.0683795412521634
0.178387877468988	0.0690052751650131
-0.585624368724838	0.278336336245358
0.844102061792565	0.359001237920257
0.566883300972784	0.3306347203133
0.711873983426973	0.336195040660752
0.382365933332408	0.193896166188192
0.180545772010778	0.0788112956516829
0.570929696518563	0.333753227724158
0.18861518405515	0.101313410041677
-0.0434256282559783	0.0364304930854986
-0.441539631691252	0.571652254322874
-0.652455773977878	0.450155752925847
-1.79693424859175	0.729556600315067
1.96372117107544	0.45473924627511
-0.613682540053849	0.148388769407339
0.165088029467664	0.0313824661178469
0.47918324112776	0.194878455976921
0.961881298984383	0.254903830883264
0.176139035531232	0.0447669868764769
-0.962211701797282	0.473845605219495
0.523819135541999	0.333891651818629
2.37761737678735	1.20510731423188
-0.113028340606283	0.0403568153869018
0.182175944851532	0.0976166250214178
-0.283646662783504	0.12882205540906
-1.44306892021675	0.990149429197402
-0.0293811297536895	0.012759770525036
-0.0728037837440256	0.028611216226822
0.396671808798593	0.202297934476046
0.174165381377833	0.093158981324309
-0.274607101712225	0.124392898693099
-0.924436151187718	0.558497728219438
0.20111095853448	0.117466400867837
0.0470286021770926	0.0258046962205014
0.172671045244316	0.0668579744831706
-0.494817503599559	0.186297123887455
-0.469703901314471	0.243385812330088
-0.28099764718841	0.127379840783372
0.921610123647187	0.500888721602771
-0.0289350700797982	0.0125751071526987
0.808868638288101	0.486978977055121
0.118786359767701	0.084927245480578
-0.177775358848231	0.164567054048093
0.190521808980672	0.110919023967228
1.05693634570001	0.403813519694082
0.963743115659934	0.255236344279286
-2.57036588579023	0.664816582891659
-0.700673100063675	0.23947715305123
-0.212128770215441	0.104482601043352
1.35564812089346	0.600770089805534
0.636110739222185	0.335990911067588
0.575688729667605	0.336966891804729
1.35636045207216	0.600949327384119
0.840510143880536	0.357192711931371
1.38282493062636	1.28210174958078
0.551298334729919	0.200249958464128
1.59326679625826	0.800279226737387
1.41631384148496	1.09866149579153
0.544571131487334	0.197606668979847
-0.129371030234611	0.0459892945729162
0.715598438270517	0.337826339040822
-0.0693590507969908	0.0273198390182347
0.178564875216849	0.0779351068292143
-0.0787170635373006	0.0308841121211473
-0.319817646410374	0.0917687104349087
1.35029297080259	0.597376447511037
0.178816185764168	0.0781100278814396
-0.330806989363238	0.0947777594762696
0.182784373310677	0.0625636986950216
0.129000907947694	0.0988090258226415
-0.204466898015998	0.16978032520344
-0.120650031318192	0.112705666847013
-1.32730712038102	1.31111839825048
1.46964366147565	0.490422889690681
-0.613158918177153	0.148231887572971
-1.1182849071041	0.337405124817419
2.76330811440907	0.780761067286217
-0.374367935902034	0.154859203967229
1.47525146835293	0.492648627415429
1.34857054726463	0.5966400161495
1.96276901321247	0.454520391574277
1.96276901321247	0.454520391574277
1.96372117107544	0.45473924627511
1.06063740894654	0.405466440477548
1.28535430678283	0.712499306522003
1.48785876365146	0.937695664352761
0.981774423067029	0.670321590906979
3.94524209007654	1.74713132583643
1.96276901321247	0.454520391574277
0.180484451327502	0.0542489043189748
0.16619130625606	0.0315431724784316
2.76219840038386	0.780594539857824
-1.00448642825666	0.397437675069127
-1.1152634133402	0.336439469187697
0.849408948383461	0.361671672630261
0.186928786286018	0.0560369733702841
-1.8082587919171	0.735501049471129
-1.12519556185123	0.339754109482426
-2.57036588579023	0.664816582891659
-0.324925483517562	0.093165291273504
0.183063896529214	0.0463401006276899
0.689369698791533	0.22025689756634
-0.624027612047026	0.861684345382564
0.138639662019215	0.121158594362366
-0.244277475770983	0.202457611057218
0.359491206880061	0.20129509342662
0.165088029467664	0.0313824661178469
0.165088029467664	0.0313824661178469
-0.612487701707529	0.148134994320372
0.963743115659934	0.255236344279286
1.96372117107544	0.45473924627511
1.05767805940452	0.40430204105456
1.59193285113715	0.799327363673308
1.96276901321247	0.454520391574277
1.96276901321247	0.454520391574277
1.96372117107544	0.45473924627511
1.96372117107544	0.45473924627511
0.688185381402826	0.219868290083128
0.550229507129372	0.199823293779666
0.313530346316091	0.248140867529602
0.81184577793609	0.771662212022664
0.966736740010186	0.256029100393941
0.686721713829268	0.219371725498129
1.47086646676889	0.49088731436037
0.16619130625606	0.0315431724784316
-1.7934287506278	0.390727439150181
1.46842163094462	0.489769078028611
2.76219840038386	0.780594539857824
1.96684138854469	0.455504908505281
0.164778629348208	0.0313374327003096
-2.57067328278635	0.665094197548339
-2.57036588579023	0.664816582891659
1.96276901321247	0.454520391574277
3.27510914666181	1.12076297640292
4.19846261344938	2.04179045778445
0.4852470106285	0.446522629724551
-0.570712491300053	0.413436401918683
0.624297425011908	0.474449055308566
1.96372117107544	0.45473924627511
0.169566032486793	0.032038095111837
1.96372117107544	0.45473924627511
1.96276901321247	0.454520391574277
1.96276901321247	0.454520391574277
1.96276901321247	0.454520391574277
2.76219840038386	0.780594539857824
-1.7934287506278	0.390727439150181
-1.7934287506278	0.390727439150181
1.96276901321247	0.454520391574277
-2.57067328278635	0.665094197548339
2.76219840038386	0.780594539857824
1.96372117107544	0.45473924627511
1.96276901321247	0.454520391574277
1.96276901321247	0.454520391574277
1.46910411205871	0.490049168285487
-2.57067328278635	0.665094197548339
0.18374299244507	0.0464795790495071
2.3754440739013	1.20341517424864
-0.12282517776863	0.0437139180795264
0.179479941018599	0.0614871969929957
0.364378997890319	0.204781256203761
0.550289590334163	0.199868191494828
1.06375255943934	0.407031400293661
0.962025660417238	0.254682745005495
0.469827192531849	0.190698541732883
-0.323664690407152	0.0927962418225715
0.169566032486793	0.032038095111837
0.688185381402826	0.219868290083128
0.165880035481028	0.0314978449610492
0.164778629348208	0.0313374327003096
1.96372117107544	0.45473924627511
1.83941655550072	0.725786652717124
0.18374299244507	0.0464795790495071
0.179274213223518	0.0454636418217038
0.169248055862235	0.0319917175833404
-0.320281010212049	0.0918656344140368
1.47032706033056	0.490703617760438
-1.79766606524237	0.730020629935894
-1.49633399610699	0.531774933095134
0.961881298984383	0.254903830883264
0.185813320888401	0.0557349268614171
0.934267189154712	0.509582316706714
-0.463682805782788	0.239718370627626
0.924962603347085	0.50266583546604
-0.196606144995592	0.0633346995977349
1.96276901321247	0.454520391574277
0.161251150232847	0.0308565698216007
0.181837521716867	0.0460537144756759
0.957162742729009	0.253557522610441
1.96372117107544	0.45473924627511
3.64742237939513	1.44635997008149
0.17899314570337	0.0538175920888867
0.552366600094505	0.200647521424049
0.799811955266494	0.47989591828586
1.8144438243824	1.02716589319432
0.71488495209138	0.337542222598651
0.631244174481639	0.332809598075707
1.80710017849768	1.0210248792459
0.811002059382518	0.487971187043198
-0.553915137935441	0.398193929636388
-0.380346862981635	0.259793245822883
0.190318760694581	0.118069028652901
0.294221293191964	0.230427417887515
0.1852848301573	0.126982150032185
0.442832658956424	0.337553642156381
1.64544567605807	1.15932917065853
-2.44513288079282	1.35437083413146
-0.502166281046843	0.189377225365948
0.18374299244507	0.0464795790495071
-0.491888763967548	0.185206039733237
0.181519629022171	0.0792580291122638
0.546346904865407	0.198325214127253
-0.370824492697174	0.153341721991098
2.12855234273416	0.960598949117747
-0.123383461810898	0.0439460364093289
0.173521500598921	0.0595020056954588
0.179379610621789	0.053891810235195
1.11606460711625	0.691864899905666
3.6449477089076	1.4449787602644
0.173299717196841	0.0670382465534782
-0.574818177078327	0.272328984058988
-0.549140765247498	0.39361393919999
-0.771801415757897	0.585119142295741
0.559849835114259	0.57016926568987
1.11894404740783	0.693971912212907
0.963214248695465	0.255090594573707
0.550229507129372	0.199823293779666
1.84451762847753	0.728350716630867
1.68854910921252	1.60019024098747
3.64371154631014	1.44368517222673
1.96276901321247	0.454520391574277
0.967933372585482	0.256362285789635
2.76219840038386	0.780594539857824
-1.7934287506278	0.390727439150181
-2.57067328278635	0.665094197548339
0.957162742729009	0.253557522610441
0.182281708516407	0.0461365657769329
1.36031436257139	0.602945216507901
-0.371898888707106	0.15362917728401
0.177897745896969	0.053489137684244
0.686270437198953	0.219228628867356
0.585699155920916	0.468396737913106
0.115137860411797	0.108865785719931
0.474367217380641	0.433490915938802
0.461524370541946	0.354999165423526
0.414496626839684	0.357107268786445
0.267155141113826	0.271121446405991
0.291377826101005	0.244643234649268
0.548159843287306	0.198990334609177
1.4646350690462	0.48856709745013
1.08589816691238	0.530180013959781
-0.195412016818118	0.0629608762591649
2.14068730085802	0.968013963390159
0.184971072095669	0.0467387603153735
-1.49175325085157	0.529773188260123
0.963743115659934	0.255236344279286
2.58532225023263	1.45264161088505
1.98757799606323	1.25432902720667
0.692481142426252	0.221366284684109
1.4745635305468	0.492365493098567
-3.07822553691956	0.950796797182827
0.186752657299631	0.0471525522204707
0.550229507129372	0.199823293779666
0.187984352048437	0.0474280610765032
0.165088029467664	0.0313824661178469
-0.134739359675737	0.0478662176045301
2.59231848226418	1.45854036853621
0.831980779683362	1.06261757001208
0.0426091291457106	0.0308771401714031
-0.0295550822373056	0.0183227572664384
1.09286125469016	0.53488830944908
0.963743115659934	0.255236344279286
0.176825054435177	0.0449204608148946
0.963214248695465	0.255090594573707
2.37833363806881	1.20570132413706
0.425449508657548	0.194156627826106
0.176139035531232	0.0447669868764769
0.18374299244507	0.0464795790495071
1.84451762847753	0.728350716630867
0.688553546984024	0.219962860223314
3.27152519356808	1.11907150574555
1.96684138854469	0.455504908505281
0.967271104517323	0.256176548116206
1.06044228361418	0.405218451099019
0.180503912336474	0.0618296034347483
0.179369859705814	0.0539368960907662
-0.181466090912974	0.0963913625338238
-0.586384240382221	0.471960800746935
-0.85257848455531	0.96585400001679
-0.773725522194872	0.775172034848992
0.930405944785103	1.0394028976995
1.12304107780397	1.62322816020564
0.664224369016282	0.706092097119162
0.211696227565261	0.159280124156297
1.59498071958584	1.72570759505445
0.881670162009408	0.654932867185315
0.844441707134117	0.359109180860946
1.30340398010253	0.725991762377807
1.26179671828945	0.874868458143716
-0.3358441065628	0.0961666214694948
-0.697547507150818	0.238387277313668
-3.74624107806015	1.47909592511107
1.06449307015235	0.407221804443696
-0.618535635333325	0.149538863092151
-0.197681301235905	0.0636672013988199
-0.324126952894347	0.0929244396746841
0.477579629235227	0.194141523225702
0.555239766445707	0.201780832151434
-1.12026119291491	0.338168680078347
1.96276901321247	0.454520391574277
-0.503804509378522	0.19008371969888
0.17273732603019	0.0668202643468802
-0.0678643207492206	0.0267547480221599
0.468602008697511	0.190152966892753
-0.578739930959744	0.274206093018026
0.169570842988667	0.0581880998558025
0.592849042066625	0.475784219241004
0.0588164426819395	0.0345339917569346
0.705546400491885	0.811885787536688
-0.0460301859401039	0.0196813957090121
0.966736740010186	0.256029100393941
1.96276901321247	0.454520391574277
1.96276901321247	0.454520391574277
0.963214248695465	0.255090594573707
0.926970129451146	0.504194008513819
0.425368153095976	0.193968882132969
-0.702529153090903	0.24025873050893
1.35064130120685	0.597863106700744
0.169566032486793	0.032038095111837
1.96276901321247	0.454520391574277
2.76559849788836	0.78194178274137
1.96372117107544	0.45473924627511
0.179008086694114	0.0538125056714061
0.171738207710718	0.0748450336409684
-0.225499114526766	0.111477899224254
-0.0756829580614419	0.0297309451121038
0.630988355723501	0.332977787748114
0.923993724928956	0.501949623164673
1.13700715389013	1.02596188147697
0.191958468507879	0.103170556501752
-0.481569405470037	0.357617761613961
0.458621536210666	0.352135828041916
-0.204454817681355	0.152213822795362
-0.170304812877199	0.0902197999104105
0.989685716857795	1.29576280870381
0.106114740915809	0.0778926522084288
-1.52703004432564	1.45072976681817
0.112542233277749	0.0829015710602908
-0.26217981548081	0.18695595534732
0.868985989835092	0.794983074345465
0.565506317657747	0.329519456913651
0.17589226986752	0.0768055314802705
0.711873983426973	0.336195040660752
1.64640319225626	1.16051966733328
-1.01084929511225	0.400388606838382
0.180503912336474	0.0618296034347483
0.454108849690505	0.183859003869927
0.412687031377042	0.187644901882888
1.0462642830301	0.398980860416738
2.14736143179008	0.97159071386921
-1.46567259490791	0.73823682262087
1.84066711299049	0.726365639107333
2.37833363806881	1.20570132413706
1.0966398714128	0.537272012349368
0.963214248695465	0.255090594573707
0.573469716843994	0.334946071432621
-0.193367241020068	0.0623371853793179
-1.25885564304551	0.565783370773101
0.976147138494849	0.66450007289395
0.180129172044627	0.0696888506422006
-0.280518373505463	0.287941950362424
-0.27972864188861	0.126941889563797
1.96276901321247	0.454520391574277
1.58562995408399	0.795202079241489
1.96372117107544	0.45473924627511
-0.581140665396979	0.2759885702755
0.470439197866309	0.190910161542033
1.06228828603256	0.406131001097981
1.05767758057376	0.404228581247508
1.06227192186728	0.40611816355748
3.27032462336087	1.11801013776878
0.85042709926287	0.362163990330178
0.169796077823795	0.051192394243904
-1.64477870314877	0.921650512152202
1.98757799606323	1.25432902720667
0.41751595322331	0.18993514319526
0.993619585621316	1.30372035726927
-0.389320510779904	0.393762478220192
-0.288015276014176	0.230602979649889
-0.364562043992829	0.311820875099874
-0.483537637824909	0.475927591844526
-0.164058395729426	0.139102059993442
0.00302511313788108	0.00219159039481195
-0.0412564034048257	0.0302719872748531
-0.335099277670062	0.290842872338724
-0.0395239038085046	0.0244407061820625
0.630479448417756	0.332568018210023
1.05730971150351	0.403863337099285
0.178501542383482	0.0611435078509636
0.175727878726939	0.0679905067665371
0.927938390515491	0.504984223310363
-0.326310377140785	0.0935168437296262
0.18374299244507	0.0464795790495071
0.417062916255739	0.189649784747185
-1.5026235657887	0.534584753118728
0.72734042743285	0.34469169147887
0.184971072095669	0.0467387603153735
1.98757799606323	1.25432902720667
-0.321741768636823	0.0922885496388945
-0.495848105642275	0.186769649159627
-1.0048610187024	0.397512616365048
1.05730971150351	0.403863337099285
0.549873760152136	0.199559475860527
0.182484105638909	0.0547795623460174
-0.369785540362907	0.152727540652227
1.08191417298617	0.528301915106961
0.692932973591989	0.221383018666362
-0.631103048597107	0.369007412405944
0.178820853869998	0.0612698080138397
1.84066711299049	0.726365639107333
0.688185381402826	0.219868290083128
1.05878746464103	0.40482083139178
0.964404580081594	0.255330782344719
1.60060337780493	0.805604786475815
1.96276901321247	0.454520391574277
3.27032462336087	1.11801013776878
1.96684138854469	0.455504908505281
1.96372117107544	0.45473924627511
-0.765991770648544	0.41262375289279
2.58237813980627	1.44957279739194
0.472589276523701	0.191952372408541
0.688185381402826	0.219868290083128
0.160144755571284	0.0306956063740573
-0.0374375463944715	0.0161065243969343
1.06338277916722	0.406730999521995
0.420530466118499	0.191686150812006
-0.0372584409226453	0.0160272565100311
0.413182625225423	0.51704731553471
0.128505620369162	0.106548767473306
-0.137176153427324	0.0924218231690275
0.372347390259148	0.346777419447092
0.0549194724708287	0.0518520378175286
0.190560489473912	0.160044558594538
-0.381359312333384	0.453989284344138
-1.10481565039767	1.69548094651219
0.194088978093706	0.163452548875935
-1.00128060564233	0.395807493251949
-1.4910268757554	0.529288422761213
-0.119231040222735	0.0424930904552538
3.27032462336087	1.11801013776878
0.164778629348208	0.0313374327003096
1.47032706033056	0.490703617760438
1.47897546128728	0.493826410303162
1.47277528463141	0.49146011988965
0.180107983152346	0.0541465694868784
1.47333622017027	0.491753136545405
-0.320281010212049	0.0918656344140368
0.964934921520073	0.255476948633611
2.76330811440907	0.780761067286217
-3.07454565876188	0.948489134275984
0.182384642090162	0.0461735738884295
0.181837521716867	0.0460537144756759
-1.79785205353169	0.391773074809323
-0.702916162136118	0.240304795913802
-0.197681301235905	0.0636672013988199
3.27393157336313	1.11982869858365
0.963214248695465	0.255090594573707
0.169566032486793	0.032038095111837
-0.32485451718176	0.0931499749349684
0.419096667566682	0.190936271239809
0.963743115659934	0.255236344279286
-0.613158918177153	0.148231887572971
3.27032462336087	1.11801013776878
0.966736740010186	0.256029100393941
2.76219840038386	0.780594539857824
0.164778629348208	0.0313374327003096
0.183063896529214	0.0463401006276899
1.05271914025947	0.402027196178193
0.161251150232847	0.0308565698216007
1.83948692258838	0.725717515665962
-0.0692591115289114	0.0273025738710254
0.279965367907769	0.233404448998017
0.0686581014763391	0.0571255497517674
0.577583760254509	0.572589724367391
1.4745635305468	0.492365493098567
1.05235833798367	0.401844810202421
1.96276901321247	0.454520391574277
0.184291063239428	0.0465991085839434
-0.626791795355518	0.366235485549497
2.11591856528874	3.21914935667068
-0.0642421219863456	0.0466104934718887
0.529032130518015	0.3376351220322
-0.849145975969727	0.960420342470223
0.143695789031856	0.128696418249862
1.33870431211144	1.57063471313824
0.269213160090826	0.25594251541539
-0.139269961233031	0.0939229938579737
0.413532970202457	0.342050893036172
0.559556523494549	0.203384722969785
3.64371154631014	1.44368517222673
0.181837521716867	0.0460537144756759
1.47086646676889	0.49088731436037
0.961881298984383	0.254903830883264
2.76109157462938	0.779871501961836
0.963214248695465	0.255090594573707
-2.58013588785136	0.668674470410509
1.04955954030359	0.400288809080681
3.27272750868887	1.11966450015405
0.183063896529214	0.0463401006276899
0.164778629348208	0.0313374327003096
0.165088029467664	0.0313824661178469
0.160144755571284	0.0306956063740573
-2.57098043849301	0.664920470822356
0.682339311812087	0.217953944354753
1.47277528463141	0.49146011988965
0.176139035531232	0.0447669868764769
2.76109157462938	0.779871501961836
2.13164652612125	0.962465868289965
1.96684138854469	0.455504908505281
1.84525714600486	0.728756039651982
1.06228828603256	0.406131001097981
1.96276901321247	0.454520391574277
1.84022304372881	0.72612017307568
2.76330811440907	0.780761067286217
0.182515705814395	0.0461929473161663
1.47402323433779	0.492035659807906
1.96684138854469	0.455504908505281
0.961881298984383	0.254903830883264
3.94524209007654	1.74713132583643
0.685539141555545	0.218907224669263
-2.57036588579023	0.664816582891659
2.76559849788836	0.78194178274137
0.689821397698691	0.220399946218977
1.18055326451817	2.41488988011113
0.447433408214415	0.641959296586441
0.671797310994165	0.783381927778993
0.552010634561459	0.20046264360567
0.688185381402826	0.219868290083128
1.47897546128728	0.493826410303162
1.05952860814689	0.405011691745652
-1.12019427196772	0.338020301365193
0.835461691389019	1.15911480712087
0.701477670093772	0.731296055114704
-1.13441597136261	0.627207437705909
0.211436869253728	0.170095217338039
-0.562431110108517	0.688362496921433
-0.0636264930377418	0.0382510823272615
0.199878282046907	0.239050239464052
-0.272016604539732	0.262480296247014
1.10647308651653	1.49703491773208
1.83904259060411	0.725255788020061
-0.32485451718176	0.0931499749349684
0.164778629348208	0.0313374327003096
-1.79346061997896	0.390723019452767
0.962553055030982	0.254827961566665
3.27152519356808	1.11907150574555
-1.79785205353169	0.391773074809323
1.96372117107544	0.45473924627511
-2.57036588579023	0.664816582891659
0.683520003518989	0.218340470189805
0.164778629348208	0.0313374327003096
-0.60895933746012	0.147406558741333
2.76559849788836	0.78194178274137
0.963214248695465	0.255090594573707
1.47155078449581	0.491168545293048
-0.612487701707529	0.148134994320372
2.76109157462938	0.779871501961836
1.96276901321247	0.454520391574277
2.76671632811135	0.782410087450427
0.180845714650258	0.0543398759613664
0.471824602510079	0.191574432510034
2.76109157462938	0.779871501961836
0.963743115659934	0.255236344279286
1.84066711299049	0.726365639107333
0.554529317239519	0.201500781149606
0.169566032486793	0.032038095111837
0.688185381402826	0.219868290083128
1.47155078449581	0.491168545293048
0.966736740010186	0.256029100393941
0.838480859620841	0.356210298702787
0.17740700463895	0.0686168120819228
0.327887045167633	0.400369282212004
0.152112731641304	0.162810845854845
-0.544698774011075	0.635000316243236
0.478790069642107	0.194683740260329
0.549934062313663	0.199685220416624
-0.697936306259444	0.23851153813937
1.28930396295769	0.71589165089642
1.10558749597091	0.683293553166803
-0.782998007347081	0.939622996230651
-0.239483434867418	0.212400201585597
-0.212021558979714	0.136142266770131
-0.0589016087487512	0.0426700816182827
0.524287993940958	0.616514575146114
-0.217547209612396	0.194631859712592
0.506621067137313	0.743050242105437
0.689246265879689	0.938952250107309
-0.032149519349668	0.0271559851609511
-0.11762021548737	0.0419397186313975
-0.197681301235905	0.0636672013988199
0.840157162185809	0.356960591621439
1.46955857964488	0.49050725448157
1.47828388369667	0.493541574530428
-1.1182849071041	0.337405124817419
-0.193026872526739	0.0622167584761554
0.161251150232847	0.0308565698216007
1.47402323433779	0.492035659807906
1.47525146835293	0.492648627415429
0.693668977910988	0.221707820486434
0.963078860472085	0.255236868510046
0.172195511036386	0.0518779587947308
1.59361466522007	0.80088415110559
1.96276901321247	0.454520391574277
0.184971072095669	0.0467387603153735
1.83556105705841	0.723803926717143
2.76330811440907	0.780761067286217
0.961881298984383	0.254903830883264
0.165088029467664	0.0313824661178469
0.716011633271524	0.338184526787078
1.06301156133644	0.406541088935866
0.686270437198953	0.219228628867356
0.165088029467664	0.0313824661178469
2.76219840038386	0.780594539857824
0.691745806165962	0.221041871886146
-3.07928878926676	0.951136693928373
-0.617339897765464	0.149284387408846
1.96276901321247	0.454520391574277
2.76330811440907	0.780761067286217
-0.187993834410194	0.0606579586115245
0.687904703717867	0.219759625438134
0.180107983152346	0.0541465694868784
2.5856684545172	1.4529884172654
-0.326310377140785	0.0935168437296262
0.468827722244206	0.190230448930594
0.183048223605511	0.0980778956448306
-0.28003036253281	0.334852877773271
0.791135818846933	1.35254673180721
0.942121065508312	1.42650410076654
0.574955782090756	0.33602379843113
0.922061902815981	0.501312107166686
1.46910411205871	0.490049168285487
1.10977022207675	0.685954310241983
0.363735416832155	0.204288354822767
0.34118695641056	0.329784187395807
-0.0373979040817927	0.0308352558151003
-0.365868338478029	0.313210946088904
0.426627812658866	0.432061135469978
-0.189654029458707	0.206189423333598
0.295368809298986	0.256584187172121
-0.171909158627585	0.172124487739153
-0.502023481373749	0.604426868416999
0.000594210279721995	0.000467366009153745
0.81259059836359	0.489964389060516
-0.195152883654476	0.0628562861100324
-0.319086727547559	0.0915432284448938
0.688185381402826	0.219868290083128
0.964934921520073	0.255476948633611
-0.618535635333325	0.149538863092151
2.76219840038386	0.780594539857824
0.962553055030982	0.254827961566665
0.682339311812087	0.217953944354753
0.686626809163374	0.219374653716057
-1.1245135089551	0.339452387639693
-2.05281302393613	0.935366141453254
1.47032706033056	0.490703617760438
3.27393157336313	1.11982869858365
0.713906415672812	0.33698145815023
0.698277641594483	0.22311476291791
0.688185381402826	0.219868290083128
1.96372117107544	0.45473924627511
1.83948692258838	0.725717515665962
0.164778629348208	0.0313374327003096
0.638234224698745	0.337726937978638
0.850069339148531	0.361876749971404
1.4745635305468	0.492365493098567
0.689821397698691	0.220399946218977
0.176139035531232	0.0447669868764769
1.34430098198707	0.594081673128428
-0.330698472981565	0.0947716626031445
0.962553055030982	0.254827961566665
1.47648048364922	0.492996794108507
3.9503958711934	1.749912605214
1.05989643717056	0.405275695027378
-0.706728811590437	0.241764690191015
1.47155078449581	0.491168545293048
-0.304914467091323	0.180368346031792
-0.127367041397413	0.0453024177564538
1.47579162106182	0.492713238749138
-2.05422330759801	0.936346916870338
-0.779987651097644	0.593743036259571
0.249432900609977	0.283909932457301
0.468332376344176	0.648622106148956
-0.754537932719773	1.12748736492271
0.174541561886268	0.0598418639345934
1.49082578735798	0.940153988428946
1.59756362339209	0.803815611179192
2.76963414235051	1.71627680496949
-0.923199319592346	0.558525951975839
-0.0790659037310902	0.0704223081434272
-0.0918574599768381	0.0728104035816648
0.939991481839754	1.24795894678163
0.0845025658755655	0.072517010006861
-0.261882797541358	0.301093694323574
-0.229016265841215	0.206499978155052
-0.0912198336291482	0.100701732198051
-0.135288913773109	0.11490937747664
-0.577168200172543	0.713123855676054
0.176638269372533	0.0683893603727975
1.09308809131309	0.534811978417923
1.05804592236107	0.404331959594976
0.690554433996612	0.2205748378538
-1.25516082519983	0.563742365829593
0.179369859705814	0.0539368960907662
-2.44531775532546	1.35491652853329
2.37761737678735	1.20510731423188
-1.1182849071041	0.337405124817419
-0.745838143765145	0.322552749669043
2.1274507756149	0.959922459970677
-0.327498449554433	0.0938114370055266
1.47032706033056	0.490703617760438
0.927937666651084	0.505557031983464
3.94524209007654	1.74713132583643
2.76219840038386	0.780594539857824
-1.79346061997896	0.390723019452767
0.682339311812087	0.217953944354753
1.96276901321247	0.454520391574277
2.76219840038386	0.780594539857824
0.183222271364428	0.0550052131678393
0.182877036044145	0.0548713515215598
-1.12026119291491	0.338168680078347
-0.99803333812908	0.39440964118414
-1.0051089217968	0.397800661254572
2.13349923295367	0.963781356442487
1.29082828610392	0.717135554332799
1.96276901321247	0.454520391574277
-1.7934287506278	0.390727439150181
-0.617875104469477	0.149400727468359
0.716425822261068	0.338419602734398
0.180035073572557	0.111264560551101
1.59193285113715	0.799327363673308
-0.315582468143002	0.187378674791523
-0.115842037990721	0.0413223821877149
0.718435275402613	0.339720316166281
0.185318955559919	0.11474164135059
0.0975463893948763	0.0939826908821977
-0.523576716346765	0.78847555080273
0.625021334208988	0.898132698944228
1.13342261911486	1.0217197093434
0.410315793762944	0.186533873695475
-0.197681301235905	0.0636672013988199
-0.741364132593065	0.320482832022458
-0.040738856591793	0.0174807117187266
-0.734161096404887	0.930199120763444
-0.826372883681243	1.03049572313429
-0.398101042741153	0.394267287058589
0.485035675436828	0.668363818511685
0.308399106559181	0.394880580885132
-0.895727641883671	1.1153651339669
0.0406979172645281	0.0406163477212913
0.105459403020918	0.100645991092154
-0.129591297776055	0.127237454336517
-0.524771899764917	0.328002622491018
0.559556523494549	0.203384722969785
-1.45583351485021	1.00461354139908
0.164778629348208	0.0313374327003096
-0.139906895303052	0.0496670035136973
-0.926476832677435	0.560924917680143
-0.949535459478836	0.465423791967589
0.550997960911466	0.200096486449454
0.17899314570337	0.0538175920888867
0.686721713829268	0.219371725498129
0.182127759283471	0.0623387262762059
-1.00765002948625	0.39893930859467
2.59130867018283	1.45777478304179
1.96684138854469	0.455504908505281
0.177516165041885	0.0533832927158356
1.96276901321247	0.454520391574277
0.719556553066246	0.34021370118301
-0.191244569931459	0.0616646869685805
2.76559849788836	0.78194178274137
0.687453672774919	0.21969379736456
0.178564875216849	0.0779351068292143
0.180484451327502	0.0542489043189748
1.84022304372881	0.72612017307568
1.96276901321247	0.454520391574277
0.964934921520073	0.255476948633611
-1.49756982395339	0.532388959419506
1.05231619985891	0.401684820185071
0.379803555534362	0.192717207415569
-0.288074031163663	0.130880260550639
-0.0883031187552808	0.0345630023665402
-0.474803608857339	0.246784412089276
-0.365807385804441	0.151036991110362
-1.33131222645753	1.09089606937638
0.357495211308436	0.200232617015049
0.944922101351559	0.828475040156504
0.703283873168522	0.614481477521675
1.26792510389337	0.882415505599628
-0.70585046909702	0.715911416373291
0.180446870318143	0.117687823363064
-1.51362162620754	1.69342366700769
0.397471416508343	0.339363287493963
-0.186273844632187	0.141465444422086
0.344138576313005	0.225976235786305
0.481869447978723	0.442141298133362
0.530328889708773	0.459474388519923
0.879679795561984	0.6526330904645
-0.0420285843925956	0.0180023478597064
-0.443489299428818	0.291631390221822
0.339581325852299	0.222387244063349
0.623174076767099	0.327892898642064
0.17015207774685	0.0658727473442405
-0.217859141201426	0.107525970541003
1.40953167683176	1.09109157927709
-2.44640876541803	1.35704101536368
-0.465815035231061	0.241308658320707
-0.321280223120013	0.0921368657574935
0.178049240810411	0.0452053813438565
0.71503477840043	0.337624289933587
0.92883952826915	0.50568594575881
-0.580759722965728	0.275386588210551
-1.01366780129674	0.401737832772042
0.570700235557089	0.332913965742637
0.631731290215496	0.33319039619242
0.382637823275585	0.194419420293791
0.16619130625606	0.0315431724784316
-0.74401016267534	0.321605771996981
-0.703250992626958	0.24046200124408
3.27272750868887	1.11966450015405
0.424909873706813	0.193762617215335
-0.330698472981565	0.0947716626031445
0.177897745896969	0.053489137684244
-0.743607658160876	0.32145501649726
0.643396504659233	0.340659609436505
0.174866744414616	0.0599504088128746
0.169031458921113	0.0737154132744265
0.68908810997088	0.220077042266344
0.964934921520073	0.255476948633611
0.971485400220684	0.257250631808135
-1.79346061997896	0.390723019452767
-0.962211701797282	0.473845605219495
1.12859887464771	0.862208405037184
0.628045869725827	0.331209298105594
1.39306233279634	1.29647837480452
1.04456860241217	0.990697612071671
1.10924790902835	0.685100803583977
-1.23416182841318	1.1410818710686
-0.69249261749623	0.651986616195512
-0.111954003162092	0.0770088668893881
0.506539808359297	0.452804798159707
0.909242946686603	0.93021847269819
0.112232293123666	0.0826384596100876
1.36422804603894	1.44643971247464
0.187902663613547	0.109181872914298
-0.375347892900033	0.292316325774
-0.72159428922021	0.906920923772441
-0.22073975732966	0.197930252142475
-0.77055129435816	0.872198379269785
-0.000543174514163496	0.000362044862284449
-0.0568523006412479	0.034146130094062
0.303482668937123	0.238874059053851
0.633962635299572	0.596018527525188
2.67032296891022	2.72466286074035
0.981774423067029	0.670321590906979
0.356258693877604	0.218194988768895
-0.916267299105077	0.552395002722404
1.58664142606591	0.796028282636103
-0.485102181828863	0.360735456998138
-1.30201091456669	0.807169863698296
0.636110739222185	0.335990911067588
-1.50189389559208	0.534121741351592
-0.949417434150876	0.465221850496449
-1.21324038442798	0.907743592744506
0.637555595136802	0.336939503114568
-0.372366249702784	0.153976634011808
-0.635704525793792	0.372525821783959
0.166872938847914	0.0728296198879613
0.967933372585482	0.256362285789635
0.711873983426973	0.336195040660752
0.712514372081836	0.336121352777663
-1.12086886051128	0.33811902750598
0.974656928805063	0.664213963016727
0.173096476064265	0.0670048173153678
0.170709462001122	0.0660923528424984
0.62852395186883	0.331490500613762
-0.956069082331503	0.469295459078014
-1.47440604970929	0.744072404548632
0.815268366471639	0.491388010284852
1.34207620317143	1.57703708712912
1.34606645345156	1.5833566451113
0.966736740010186	0.256029100393941
1.96276901321247	0.454520391574277
1.96684138854469	0.455504908505281
0.180107983152346	0.0541465694868784
-1.00306966229617	0.39683135622738
0.17211535805776	0.0666386262137165
-0.0738425599286327	0.0290095423175695
-1.2594237115879	0.566217161930823
-0.0707897849382779	0.0278824452057237
-0.496879333423488	0.187181684059415
-0.114233731509593	0.0407829355488277
1.44898637147633	1.63711072801966
0.0577255064529591	0.0467101413038526
0.534925287040053	0.464665797604511
0.18067053030969	0.111699808643958
0.441097425024755	0.450882909101039
-0.239156995013973	0.19765405111117
0.295068540432253	0.239914786790318
0.305421356591473	0.240581106463929
0.881553778338916	1.00894388954976
-0.688472795200542	0.943707921827524
0.354156368366396	0.335901750630631
-0.783143887489101	0.788050809530998
0.408580270502699	0.350907556070466
0.291367666073611	0.252473992905867
2.42476526744715	2.07244809433408
-0.960076629494688	0.472175041863433
0.843422236893639	0.358554124858322
-0.282190534821772	0.128130956828656
1.35458372256336	0.600126054059965
0.172129083543733	0.0837333165976041
0.167591716668548	0.0730762440049811
-0.326043908260378	0.0934449166225896
-1.96723773328491	1.36024128476446
0.360739226372389	0.202435196258758
0.168910828881268	0.0579679737759373
-1.14459554085305	0.635948604491747
1.3496306262408	0.597279749994603
-0.575802666642287	0.272840641276801
-0.127367041397413	0.0453024177564538
0.179791750601822	0.0695556204362511
0.810741421430702	0.488654340566908
1.96276901321247	0.454520391574277
0.964404580081594	0.255330782344719
1.35458372256336	0.600126054059965
0.631207516872268	0.332546922967654
-1.79346061997896	0.390723019452767
1.49718266944348	0.946127816013116
0.469602716565917	0.190601252697973
0.178252692101149	0.0689778456927492
-0.949535459478836	0.465423791967589
-1.11390573268458	0.335899190520225
-0.0688428143651668	0.0271214677787771
0.33097582352476	0.215787025246796
1.11217654935007	0.68841911733725
1.83904259060411	0.725255788020061
1.05952860814689	0.405011691745652
-0.614345716129905	0.14867066764313
0.165088029467664	0.0313824661178469
1.3495769767586	0.597194616535652
1.47321804648243	0.924176230141796
-0.373917075321175	0.208523322887148
-0.662716026013196	0.459858796530792
0.389036768707454	0.197899736551828
0.0706436120466445	0.0415407765838816
0.53125430120614	0.339712024738858
0.328844391707272	0.227923845372358
-0.556621549857363	0.400537968205704
0.192574455636754	0.112221725009145
1.28569486401048	0.899859891848935
1.08727422065021	0.530972419786571
-0.251112645366339	0.155332565974544
-0.625815400727552	0.365606733712204
0.0447231782380863	0.024547423149575
0.341589190944044	0.207700206762584
-0.0835737478027275	0.0485255053599348
-0.572501365996215	0.552828299815916
-0.44537185222439	0.293164146139651
0.469428274820716	0.19065864418756
0.333835672673505	0.218191579762511
-0.12348608505716	0.0853709644677665
0.561179172366209	0.469140864772827
0.346414246165623	0.211172720280921
0.938258586289992	0.512106733575488
1.30284374112746	0.725551127183887
0.810726637104498	0.644305860433575
-0.905384137785709	0.653691054801139
0.171508203531759	0.0748477571459084
-0.125991641357905	0.0448300369260556
0.856058074241002	0.364696547239248
0.16589662111713	0.0723848385819632
0.974024242999325	0.664109341707516
0.172695121184954	0.0752249632433569
-0.620086649058838	0.361184361885612
1.08987841498118	0.532715542185076
-0.474259914457325	0.246524070961162
0.176425793725698	0.0682144740903522
0.173521500598921	0.0595020056954588
0.553818419026129	0.201156081038653
-0.219788262174736	0.108464474498506
0.8786870052021	0.650500977217665
0.444838034220805	0.3394189188051
0.573263180561817	0.659322835798878
1.96276901321247	0.454520391574277
0.16619130625606	0.0315431724784316
-3.07350260546998	0.94852963330217
-1.00581385712089	0.398098538455273
1.47579162106182	0.492713238749138
1.64879978628551	1.1626209719341
0.162579653758822	0.0558519902259369
0.806957972023293	0.48541599658367
-0.364819497611518	0.150616499663731
-3.75764202455077	1.48556788150114
-0.0398532463796639	0.0171131118617097
0.77897088113286	0.86418118916797
0.160144755571284	0.0306956063740573
0.46306655364777	0.187776589424895
0.166108349666292	0.06434155947886
0.36250823042587	0.203669714721742
-0.123615274187178	0.0439773688403038
0.180107983152346	0.0541465694868784
0.838128194049257	0.355898979512677
-0.95675413388045	0.469620506899463
0.681095980512362	0.488426389960575
0.867140316869675	1.18673016974377
-0.595741667307705	0.799019375677156
0.198150886921559	0.180096898053471
0.977832506509067	0.667204352166393
-0.445097643238365	0.292866872109985
0.554904382113545	0.563603296153706
0.00785898854400039	0.00687256808492918
-0.454726125171301	0.473770370669929
-0.441040556459027	0.436416795223545
0.285729217885244	0.274796576740408
0.0197285127703537	0.0199635687199738
-0.184917394699123	0.155401422720883
0.338559764703477	0.351787239011366
-0.150781911066898	0.129439369318668
0.29267498058772	0.31950806046573
2.87439532767012	3.38944836007553
-0.363831939479336	0.150156336394098
0.172879456781673	0.0668664345803421
-0.46918161652523	0.243162559141836
0.706521734179321	0.332853752170817
-0.19265924146981	0.0621226000055922
-1.80368192120879	0.733397419313707
-0.701794429638729	0.239974906557054
1.84644215856505	0.729350990286639
0.187984352048437	0.0474280610765032
-0.284627323960963	0.129273758704093
-1.4698691627813	0.740833493555529
-1.01014139129076	0.400088841211607
-0.207939580435493	0.0668891971625401
-1.45200080649733	1.00133216698691
-1.00835638596109	0.399381922624064
0.472589276523701	0.191952372408541
0.426857042810016	0.194772651866993
0.964404580081594	0.255330782344719
-1.79346061997896	0.390723019452767
0.179746383607047	0.0540100642734575
3.64871284900552	1.44691597652701
0.165880035481028	0.0314978449610492
0.626153235867191	0.476595791164988
0.587443293362011	0.470119263919681
0.383324334440934	0.19448585974956
0.180056238666489	0.0696921071631905
0.174785547530182	0.0526214906817273
0.420953780464801	0.191739880368985
0.713080057929733	0.336416201974758
2.76219840038386	0.780594539857824
1.96684138854469	0.455504908505281
0.165880035481028	0.0314978449610492
0.165088029467664	0.0313824661178469
1.96372117107544	0.45473924627511
1.96372117107544	0.45473924627511
1.96372117107544	0.45473924627511
3.27032462336087	1.11801013776878
-3.07875719123617	0.951227905765892
-1.7934287506278	0.390727439150181
1.96372117107544	0.45473924627511
1.96276901321247	0.454520391574277
1.96276901321247	0.454520391574277
1.96276901321247	0.454520391574277
1.96276901321247	0.454520391574277
1.96372117107544	0.45473924627511
-0.611962616144159	0.147977912487881
-1.79346061997896	0.390723019452767
1.96276901321247	0.454520391574277
1.96372117107544	0.45473924627511
1.96372117107544	0.45473924627511
0.165088029467664	0.0313824661178469
-3.07822553691956	0.950796797182827
0.690559056864311	0.220592978829305
-1.80368192120879	0.733397419313707
-0.32485451718176	0.0931499749349684
0.183073792285235	0.0549481693591362
-1.49633399610699	0.531774933095134
-0.197316433582098	0.063550392412948
2.76219840038386	0.780594539857824
2.76219840038386	0.780594539857824
1.05767805940452	0.40430204105456
0.688637326691298	0.220082192676685
1.3495769767586	0.597194616535652
2.76219840038386	0.780594539857824
0.962025660417238	0.254682745005495
3.65243977028666	1.44907202326586
0.963743115659934	0.255236344279286
0.165880035481028	0.0314978449610492
-0.618535635333325	0.149538863092151
0.16619130625606	0.0315431724784316
0.963743115659934	0.255236344279286
1.46964366147565	0.490422889690681
0.964934921520073	0.255476948633611
-2.57036588579023	0.664816582891659
-1.49633399610699	0.531774933095134
-1.79940930936586	0.730994637784124
-0.613682540053849	0.148388769407339
1.96684138854469	0.455504908505281
0.188667958543402	0.04756856032199
1.96276901321247	0.454520391574277
1.06449307015235	0.407221804443696
0.164778629348208	0.0313374327003096
-1.1182849071041	0.337405124817419
2.76219840038386	0.780594539857824
2.76671632811135	0.782410087450427
-1.7934287506278	0.390727439150181
0.694404728756287	0.221883604128058
3.27152519356808	1.11907150574555
-1.12019427196772	0.338020301365193
-2.57067328278635	0.665094197548339
0.165880035481028	0.0314978449610492
1.83948692258838	0.725717515665962
1.96372117107544	0.45473924627511
0.681600849226051	0.217707538421281
0.683520003518989	0.218340470189805
0.183063896529214	0.0463401006276899
0.164778629348208	0.0313374327003096
0.181667939966376	0.0702988324065902
-0.0868560578453727	0.0340147976536676
0.809553960443355	0.643767501507776
1.35742358780664	0.601505744976776
0.853366694188432	0.363544292018452
-0.332618072686463	0.0952457032075058
0.683589014901659	0.490628716532698
0.00358842942801032	0.00148698285695119
-0.273385338310189	0.196135172034878
0.298591225417092	0.234390368971875
0.118589112717004	0.0902987934226446
-0.266667136316236	0.217677425444251
-0.050921363747841	0.0374996236705523
1.25175769271995	1.51613500610552
0.066228916563447	0.0410561194296543
0.434607144964171	0.442355181169405
0.801976619230051	0.481766557306151
-0.0848259400363927	0.0492454129609955
-0.464292792594165	0.388645392508578
0.125891717887851	0.101663750859005
0.195848489475107	0.185558041553595
0.55783043628833	0.635281455454671
0.625849943158548	0.475600378741674
0.586480958549672	0.469204801623142
0.320253658431174	0.233037295180092
-0.0562458008536678	0.0337909467639789
0.350021010329278	0.340055802050466
0.81103523132767	0.769924030588199
-0.331256208324219	0.286815972549237
0.670632250404948	0.611220227938897
-0.176493355360541	0.133432198492611
0.588061374153426	0.662595985254827
0.0911274426738952	0.0620219767063402
0.968009931684174	0.95551981743029
0.474525842369255	0.450112657265073
-0.774168209784503	0.657543460870437
0.635344822275296	0.597701685390274
0.317396789746171	0.230696924765337
0.53144658122341	0.339855668047836
0.507196915242415	0.453647737543966
0.398094248371851	0.339962865507429
0.445641606879388	0.340232462411177
-0.0629792520807046	0.0378537556671958
1.37125713513992	1.45790411841753
0.375774169930691	0.339910802276647
-0.0921477942929503	0.064626432202932
0.196397647498685	0.128950767939786
0.170709462001122	0.0660923528424984
-0.124035085586095	0.069260613951389
0.179140123959704	0.110613494867705
0.904273238991284	1.22113619409018
1.06375255943934	0.407031400293661
0.181159179759352	0.0458876218072277
-0.0653469035780684	0.0258230570486496
0.174158377834769	0.0759208855899525
0.175166461234022	0.0600277554082778
0.416636450157627	0.189704075326911
0.33513299331954	0.219127261499688
2.15176014326277	1.51394795936861
0.917668479487705	0.497899602176564
-0.49650800501461	0.187033371669453
0.171966479635534	0.0750398819882131
-0.613158918177153	0.148231887572971
0.181222403711057	0.0544586569816679
-1.14955904561953	0.639252576368689
1.78257128693439	1.82178516437766
-0.931880410360283	0.975094497011416
-0.0890101605767536	0.06232299796187
0.108169040526262	0.076932383954842
0.198983284386142	0.163592424965954
0.105074651645955	0.0771135245384408
-0.226504925304723	0.203801921106567
0.427124295396078	0.444829879440544
0.181591179125706	0.0974072907508818
0.175928068648386	0.0855559791042798
0.199214780467685	0.130983247810629
0.351293988826283	0.341858707769712
0.578407626325158	0.573918888574651
0.281366932968508	0.249449815382995
0.175183282513032	0.137751492870193
0.305795497360941	0.250130847119295
1.11558110712724	0.691298065357286
0.717058831021454	1.12034180792255
0.861485246195599	1.17522114015112
-0.36422148027329	0.311430364614123
-0.771802672916022	0.585422519555717
-0.0874195592027252	0.0507620984275598
0.0517098495093415	0.0303599080102915
0.201866840683346	0.13947488364618
1.034548071454	0.856991539211619
-0.138662592733832	0.0934880809764211
-0.0167968059111112	0.0106370885804722
1.45783480153878	2.20748506876413
-0.491379995372101	0.366580553154983
0.185747159272396	0.090597970091425
0.724892579026445	0.732260417032762
0.273315047572138	0.254275829382112
0.493999757600252	0.456793688961826
1.11383340660295	0.690458473186703
1.25081200637823	1.37576429091282
-0.170045953657768	0.0900139712635785
0.588313342492602	0.4707216503343
0.497662393314647	0.342458922894227
0.193419549984031	0.126887106352983
-0.115922997452181	0.079876271960142
-0.0386698624528856	0.0166079420950145
-1.81784958577139	1.13608111395909
0.347525252656074	0.212253349735991
0.19044266076814	0.110746281887573
0.353899943819681	0.198068260570923
0.328691995773781	0.227973024266233
-0.772432212887747	0.585674790852068
-0.828704276239554	1.08529295920608
0.630666980610198	0.480976403661809
0.392117943135939	0.346266480986501
0.91422555074601	0.938046099270353
3.27510914666181	1.12076297640292
0.548446031553528	0.199065921260852
0.963743115659934	0.255236344279286
-1.50729003919016	0.536490208929206
1.29459048893066	0.718503089093347
1.45611557111364	1.65098880753689
0.0768823135180563	0.0477491896203258
0.0278838894086497	0.0154826924016612
-0.317929412585322	0.222528978807986
0.344648450004537	0.210253612406238
-0.0132833195300275	0.00845968246550796
0.271546604141079	0.252313193201383
0.653036896033179	0.913548116790442
0.416121984794648	0.501846363174332
0.687004221134817	0.808948218537685
0.704700075872244	0.616859946839331
-0.0123529236638234	0.00561540117281932
0.637266595067528	0.337100137929957
1.08586002220165	1.26596724323828
0.0232825170363523	0.0117913684670417
0.292918782320374	0.229191065033
0.482251455704819	0.353037844847551
0.35998823835185	0.20181602678239
0.173386331581414	0.09271500351517
1.33635787762908	1.7144734678598
0.599351217633684	0.578022671942751
0.812442025203172	0.772315800116508
1.06264198810457	0.406540438452512
2.76330811440907	0.780761067286217
0.717874117611946	0.339372346040594
0.496504698522117	0.341341433673977
1.01478964119059	0.832818958092833
0.318873382916865	0.231996472171826
-0.0656398695760844	0.0394524760199285
0.322500712962199	0.23495506521392
0.532214838816586	0.461671905025195
0.851970519948558	0.89567267850704
0.653836168143717	0.590918717385739
-0.238016512231191	0.210817637336176
-0.179056856909433	0.135525331930278
-1.4183138247277	2.23997284091234
-0.235443962914223	0.172220634813467
-0.418247227983663	0.50149359808917
-0.554360564063731	0.606032679352214
-0.655820540481877	0.934029813708112
0.32804926714486	0.227489020355094
-0.101378723585523	0.0889147788813081
-0.264259015994962	0.27323132563768
0.72660056167615	0.734362788227679
0.422963391886386	0.192770332115027
0.963743115659934	0.255236344279286
0.688637326691298	0.220082192676685
0.554170265139292	0.201310818357217
0.16619130625606	0.0315431724784316
-0.703264262088321	0.240508331840629
0.461457552901878	0.187001678722865
0.703457612792453	0.614953123878875
0.746980165830829	0.624123243562095
-0.673768711465562	0.52949842818562
0.181398580336495	0.097176594053292
0.0799853285351891	0.0497272497314526
0.483040781338212	0.443850742729761
0.194023894924637	0.1496446184396
0.343455053023639	0.209329856082448
0.000340095325865486	0.0000423873658113498
1.49051094138335	1.49922930967981
0.922501994568226	0.500870462111911
0.468827722244206	0.190230448930594
0.18105633923802	0.0881983213337621
-0.510604140563682	0.317180027725748
0.343900161949572	0.209713903771778
0.975082798041313	0.664674602371186
0.179479941018599	0.0614871969929957
-0.368944164258267	0.205229580777364
0.456864294986498	0.330360980942669
0.419921049449181	0.191159062395556
0.718340170227035	0.339925270792984
0.0275154671344436	0.0138960802534351
0.180043123445404	0.0965252163589181
-0.248924265881108	0.153813146984172
0.208610613631042	0.150862918227517
0.105184511973236	0.0720050745695705
0.122912364054968	0.0965223804049321
0.657407060017786	0.595055355949894
0.29258136608864	0.25368524861096
0.18243717098736	0.119068341942216
0.599069207184794	0.481924559061813
0.315101804713599	0.217156279903346
0.672314486130842	0.612938451821303
0.407135195116611	0.349428698385746
-0.866996289438043	0.788687153686362
-1.69500787152193	1.40091008467169
0.388312274522411	0.329683377239104
-0.117949186588469	0.0813003223027188
-0.12062661030199	0.0673083413810034
0.297162551470067	0.233125340421682
-0.49496229505172	0.448599531952195
0.00470643987068982	0.00295089826148472
0.173163222878567	0.112549023825015
-0.0742418744196271	0.0604934038206539
1.24402369850836	1.85627919266195
0.927341897343909	0.805499018042288
0.180107983152346	0.0541465694868784
0.163256629854987	0.0632118993198116
-1.1152634133402	0.336439469187697
-2.57098043849301	0.664920470822356
0.469821676905756	0.190752519548742
-1.7934287506278	0.390727439150181
0.183610895194862	0.0464322674344966
-0.115237892478501	0.0411160002983332
-1.54181508301619	1.47481399015276
0.113823018390891	0.0839173624285198
-0.435326606116136	0.285611826549936
0.41582638861295	0.344406631935612
0.179306190808037	0.0961954186788565
0.464427391612948	0.337125097497075
0.166841048607063	0.0811153019297373
0.184102197064254	0.0987364887330159
0.0160606121391854	0.00826679247023353
0.717874117611946	0.339372346040594
0.183063896529214	0.0463401006276899
0.410548953675016	0.422826833825141
-0.885281957199453	0.729374488318436
0.177810029245488	0.0953055583439607
-0.557522894114884	0.400976545363588
-0.227869428686243	0.112682393577409
0.17923456214661	0.0693453484999784
-0.381825206126098	0.213359406797206
0.634947684760277	0.48520604918046
0.0820033764053115	0.0534505610134299
0.420452901009092	0.349003858966169
-1.15542097309387	1.41676360618595
-0.0542600159621546	0.0325877710263835
-0.0478513867270976	0.0351970401299794
0.303225073521975	0.327122282674582
0.375898201176863	0.328774697598045
0.204459674805283	0.147525713860658
1.46663188367627	1.67134779812049
0.735723276820115	0.747185965073668
-0.770265862523889	0.502480593264538
0.386424016595887	0.196585543952617
0.33002596181467	0.241414314656552
-0.595765779309746	0.48158783917276
0.0879798585100247	0.0574581721278584
0.962008999593679	0.946409043920844
0.933291093048281	0.813454609839212
0.0820963909043224	0.0535131443794113
0.183718880157911	0.106614713028175
0.808948464224007	0.643035140813886
-0.366946464303268	0.284326848407657
0.553111049204789	0.461098899062225
0.00144778032820026	0.000888045782062771
0.741036094136277	0.838501112057275
1.26139833556341	1.39402727238049
-0.859515114504927	0.779155520384739
-0.0659353428061087	0.0396547421715743
0.52978995804883	0.54836014794128
0.720627682193742	0.907633006389007
0.296456323737447	0.232350331701136
0.726000311805908	0.733643767204528
0.181743714491496	0.0460173511561772
1.96276901321247	0.454520391574277
2.13883702891477	0.967128437748762
-1.7934287506278	0.390727439150181
-1.0051089217968	0.397800661254572
1.4745635305468	0.492365493098567
0.962025660417238	0.254682745005495
-0.195531539432362	0.0629840149892884
0.335543120727663	0.203888407238046
1.5029969402705	1.51965335620581
1.16862683757493	1.33187031522124
-1.02644894249049	0.811239567937834
0.282199814221164	0.22777228442165
0.0664006711833966	0.0411755190797167
0.192606004694043	0.13250951541599
0.886437913415545	0.658854937444407
0.850069339148531	0.361876749971404
-0.17082291138928	0.0903923074519077
0.334435763795933	0.21870451119257
-0.206002398713175	0.131888110852985
0.474806409465069	0.192958689821505
0.963743115659934	0.255236344279286
0.292629504722043	0.245863111250513
-0.0488352686823912	0.040493516407511
-0.00159169974382185	0.000816258972301082
-2.52484763339872	2.61293721364994
0.474806409465069	0.192958689821505
-1.33290563210819	1.31885572097448
-0.445833334845939	0.293566526466192
-0.250417155371157	0.154845190607987
-0.548166887313237	0.490899228348334
0.548820183457163	0.456509103017317
0.34856610112732	0.212795771207119
0.525152422318609	0.334982988301383
-0.774824069840623	0.658147643657889
-0.54477265985883	0.487081502518759
-0.421488416994533	0.320941576338807
0.39043061983368	0.344571517895935
1.06264198810457	0.406540438452512
1.84022304372881	0.72612017307568
-0.366236974962823	0.151153477385737
0.631940029540625	0.333718812774719
-0.366365516770963	0.151285265364036
-0.0644205635617909	0.0254571501544209
-1.47008680839403	0.740846365603413
0.161985403980328	0.0706286438987268
1.47662833158801	0.92713082940535
-0.7085818841146	0.242531688950869
0.161251150232847	0.0308565698216007
0.542835685153747	0.196854746188577
0.187984352048437	0.0474280610765032
-0.613158918177153	0.148231887572971
0.825192318450785	0.499657081895677
1.08571507315782	0.530583736420232
1.05989643717056	0.405275695027378
-1.29547989449834	0.800388980639036
-2.62145464008573	1.60250809192213
-0.0927817774559108	0.0539808447223094
0.385003501351266	0.195798611440731
0.345454474257245	0.210502387320063
0.838128194049257	0.355898979512677
-0.279986818556589	0.126935323910922
0.427317852211665	0.19498548329289
0.847728504925438	0.36079146501607
0.707907888095014	0.620655224860994
-0.0128567761115046	0.00584080943889726
0.189258560650788	0.10176618767153
-3.07402416243152	0.948685276185543
0.354545837405551	0.216977277477525
0.179479941018599	0.0614871969929957
0.179746106686676	0.0540237006551008
1.36935955774633	1.454993573021
0.789933094268775	1.20570440509081
0.113831034921471	0.0839069516597098
0.415642790066197	0.441081843892751
-0.0232989549863995	0.0173092816827307
-0.0916380709515607	0.0726310898108832
-0.0880920357621093	0.0778077844026844
0.205501287333868	0.19607768954999
0.453631684974822	0.439482328857595
0.123891371369033	0.099914525542908
-0.0432093947767624	0.0317225588566682
0.413623809742529	0.426794192053941
1.35671193477925	0.601326969297766
-0.218816402343904	0.107952936988408
0.427884150243101	0.195275315165572
0.555538620966328	0.463712255102306
0.198465080022621	0.153507302505196
-0.664789534956146	0.725513270321289
0.193943615007832	0.187187064771825
0.105397991208856	0.0748392451508855
-1.11258929671228	1.4313013036821
0.209476251945102	0.163052389583054
0.194602803272583	0.145035152829158
-0.0141451270765102	0.0106476993048192
-0.0747843038936706	0.0533302623414783
-0.267705234382742	0.235927624375797
-0.260951445624976	0.249828109863954
0.392791195318507	0.430633726949689
-0.724930363565902	0.91351655327489
-0.63788927574444	0.807991138541044
0.49053709124063	0.45277996849316
0.14983567228742	0.137568077612951
-0.223299160717789	0.259912099384953
0.407992997138298	0.350296206640064
0.35241825533345	0.215523025331422
1.80053969171828	1.01548995787631
0.549225010517651	0.199456707208777
-0.207939580435493	0.0668891971625401
0.16619130625606	0.0315431724784316
0.178049240810411	0.0452053813438565
-3.99280599777723	1.72674829161483
1.3496306262408	0.597279749994603
1.47155078449581	0.491168545293048
0.554170265139292	0.201310818357217
-0.320281010212049	0.0918656344140368
1.47086646676889	0.49088731436037
-0.32485451718176	0.0931499749349684
-0.123615274187178	0.0439773688403038
0.710425013165065	0.335298859617793
0.688637326691298	0.220082192676685
-0.319086727547559	0.0915432284448938
1.47155078449581	0.491168545293048
0.169248055862235	0.0319917175833404
-1.13022694918455	0.341328905410415
0.181837521716867	0.0460537144756759
0.177897745896969	0.053489137684244
-0.324925483517562	0.093165291273504
0.74313239272337	0.493635532877084
0.169307088570712	0.082362005164704
1.05878746464103	0.40482083139178
0.384489992901249	0.195478839641043
-1.49633399610699	0.531774933095134
0.934267189154712	0.509582316706714
3.9503958711934	1.749912605214
-0.073724423019638	0.0289995321134745
0.427436986080557	0.195182420360362
0.68908810997088	0.220077042266344
0.629785126515412	0.4797193266853
-0.0647864506962547	0.0470461444770874
0.038177930698005	0.0284538472594321
0.0344479827929431	0.0249130163703433
0.058093953007603	0.0448204124614065
2.13460629217846	0.96446244584926
-0.197961486462631	0.0637876154388623
0.165880035481028	0.0314978449610492
0.180034515117456	0.0785764974596989
0.320400546746486	0.233107299293592
2.37472616461454	1.20282054172587
-0.85688688368374	0.846995802820462
0.939772668354542	1.05530341120102
-0.335228982844958	0.31390025604739
0.999075059540993	1.09349341428736
-0.167156770006712	0.109931347809092
0.361488844378051	0.344551841160127
-0.687682211890443	0.597881130537383
0.697129752240455	0.955434741500944
0.119998194541439	0.0940721273216833
0.477386150736353	0.453632055129602
-1.64803297013591	2.55834262139798
-0.280567687662882	0.223500117316617
0.350310129541085	0.331374742109121
0.121938582326158	0.0982347670474727
-0.587143014352811	0.603653418390887
-0.151970207108016	0.127836566334078
-0.179838998195434	0.150664970488924
0.32909403416552	0.33185472445758
0.4268105808185	0.518812394791734
0.193024520582519	0.162465148461241
0.832322229243515	1.15242835369837
-0.010574805439132	0.00481757419445436
0.97712215232295	0.968603442453965
1.01579838329072	0.835470039246146
0.363011380838272	0.203875329553004
0.469214796260205	0.190439621590192
-0.087240562174787	0.05068950679733
-0.00606224579226366	0.00280711454617771
1.60253574200144	0.807058425662451
-0.44682063348264	0.294327907953949
-0.206477212753634	0.132260710215894
-1.14955904561953	0.639252576368689
0.926514762748768	0.504424120802862
0.731056112451192	0.482782755837136
1.59226168506556	0.800152454510579
0.0255499940866667	0.012938406883704
1.07261918508603	0.410540557568179
0.549873760152136	0.199559475860527
0.970746050405684	0.66091527168846
2.37438290611096	1.20256030194498
-0.941170826054215	0.57255084920203
-0.589924474303737	0.280766486873369
-0.497250095425204	0.187244475756107
-0.774632668801273	0.506490691227102
-0.202302200538246	0.0994252098088369
0.421472067802173	0.192003171629797
-0.125736479091796	0.0702288632854605
3.20189530183592	2.62209511021511
0.672954154299642	0.481366531959181
0.833163666665121	0.35346794461736
0.279164417049524	0.260662371290351
0.921298014037952	1.14478860817143
0.024190168842296	0.0169109255469497
0.328417613707577	0.338963808527577
-0.196970790009868	0.0634432336968819
-0.376376654957579	0.210038514938895
0.187953431449735	0.149038444947319
-0.368797089997939	0.15229369927963
0.624497802508748	0.584102813464523
0.124203856052842	0.1002121212457
0.076713312500591	0.0499090967199566
0.842836699031584	0.987003982453699
0.710841295389853	0.744580478811953
-1.02724240310721	1.32936370495192
0.726300636215105	0.734253392660469
0.479404739350108	0.456215088030587
0.857605595211731	0.903753761732683
0.387776700350835	0.353393428776058
0.289074535880529	0.257526014320178
-0.408396924584401	0.345384700906632
0.586456523818331	0.584748309827724
0.268340148999485	0.242441526615123
0.118498852594125	0.084706835362513
-0.960482264566824	1.5251023408584
-0.468030960208522	0.45609762681151
0.1899219587542	0.150765204232978
0.263177687712599	0.282496359055476
-0.0748081106614354	0.0533554214500706
0.455783292555431	0.456375006127859
0.125901852711887	0.108958365151187
0.659870025736416	0.699969532193645
-0.123435296184223	0.0439193903519356
0.176866746819975	0.0772510357409847
-1.15487324646445	0.64330773558337
-0.191951684587849	0.0619002672361887
-1.44705355758998	0.995784069644317
0.636600590743509	0.336365548484368
-1.70554441199301	1.41922463526173
0.721981690112361	0.341549094705297
0.470033050353673	0.190927765296622
0.970664428098438	0.661233049936988
0.551298334729919	0.200249958464128
1.80442728831913	1.42281643183498
-0.502166281046843	0.189377225365948
1.08769613908304	0.531928346400358
0.473807985851424	0.192496599135712
-0.74475961433516	0.322275217201583
-0.204365097347423	0.130740600933205
1.79479700597006	1.4083379513225
0.184404128767585	0.107175612988902
2.15663614633631	1.51979952469025
0.629613312541284	0.479931357791711
0.41083222434052	0.445476449641387
-0.157222586170888	0.132736562475602
0.366180994722336	0.339682801808402
0.552398167770073	0.62671540734049
0.528848645119062	0.457753790692606
0.597056913360976	0.676279213946113
-0.193735099625946	0.0624393983877589
0.741616849218227	0.492419717438225
0.41612654655571	0.344655843911932
0.654550161863911	0.591393381295525
0.203183256800884	0.167497609628805
0.29484174602422	0.239793011208121
0.390374735924136	0.356276017631985
-0.834203375277347	0.991564290987189
0.0583691884275504	0.045014302471628
-0.243971283441667	0.248291068983269
-0.0812676800454386	0.0714383076969145
-0.0617033181713994	0.0437886595329382
0.0548358920057071	0.0432969390202141
0.455221732585637	0.441630977227403
-0.375227474186896	0.375995612448771
0.275657427407297	0.256898358940898
0.268886101509393	0.267556070812861
0.266750412669821	0.259168720032625
0.0384392195338775	0.0342346222578618
0.622132686833113	0.5809663696869
0.652646794844199	0.777346949161606
0.0242784766882568	0.016970363178618
0.203922060975213	0.177411318553685
0.535783914881062	0.465432717778951
-0.0185820302134937	0.0139755237417237
-0.210976625688464	0.171220557788865
-0.684838877997797	0.594071740138436
1.48152799821398	0.932292986555042
-0.281398279153768	0.127698642086724
0.564232554227525	0.205070786185824
-1.46114365597842	0.734684321976156
1.99588648472885	1.2620290564361
0.3869392660092	0.196893272718598
-0.469628623217768	0.243440588223195
0.172935900909832	0.0520977646892395
1.06449307015235	0.407221804443696
-0.37026108709891	0.205960388296594
-0.13413434239341	0.0476566231180181
1.84022304372881	0.72612017307568
-0.498210387847668	0.187759028626771
0.545282959725496	0.197930364047729
0.479787385949075	0.195135116565142
2.58263018397199	1.44935255926495
1.35170505429441	0.598459395279544
1.35205380401403	0.598333159725176
-0.078664013620457	0.0308649148267959
-0.0307917040714927	0.0133425140623438
-1.57509736196278	1.19185192168294
-0.12498904527434	0.0444985404997069
-0.0274356750930574	0.0119593052026946
1.26529929552861	1.24685782870626
0.49177251727	0.453954312003859
0.767895010184285	0.847255430814234
0.659015077414917	0.699006850812821
-0.423416842295736	0.322504054706097
-0.0138381148618505	0.00881437340388386
0.30496802872633	0.230543145709043
0.196807105838549	0.166018798856759
0.17532247601802	0.0853779443313721
1.5995908001092	0.805153857006722
1.79054180216314	1.40189914495973
-0.410061552709681	0.379633600776641
0.550229507129372	0.199823293779666
-0.647998540895103	0.446928676873743
0.299120369185675	0.268155983790405
-0.0904212617623831	0.0633297061812556
1.3966475026577	1.87692864787728
1.79147596969528	1.40384251339959
-1.3422703213185	1.53252176212232
0.0906638709000129	0.0617024095691295
0.0283648409801884	0.0198221431669749
-0.0491461622825347	0.030397275379822
0.197255102637292	0.141837280856875
0.814589649919637	0.775406199034318
0.288841795743098	0.24193710200402
0.429172871158282	0.435058403050687
0.767850453480514	0.931219838741768
0.400378404674345	0.431122638638883
0.381470183676909	0.346290010963695
0.768162137715541	0.848002839885789
-0.000920834028567392	0.000604967025869137
0.567212633017253	0.559022720760267
0.295304754167923	0.231409836065296
0.631458933863012	0.481314591102661
0.0608294050374885	0.0357077205211299
0.173178140989587	0.0593793792188454
-1.1538827322032	0.642634089961352
0.186928786286018	0.0560369733702841
0.962025660417238	0.254682745005495
0.174045724149933	0.0524237595938313
-0.120397116424527	0.0429070100847804
-0.74122831740074	0.320242482806758
0.186191748429242	0.055843722836046
0.475804309460653	0.193396100083251
1.47525146835293	0.492648627415429
-3.45307509546519	1.22686211973226
1.06375255943934	0.407031400293661
-0.713927771586338	0.244486303883557
0.181995861815111	0.0794749231067184
-0.324126952894347	0.0929244396746841
1.29750740227623	0.721075544674954
2.38045665129255	1.20745339715395
0.181154306337213	0.0701202977084301
2.76219840038386	0.780594539857824
0.176875326660259	0.0946799597729127
0.807859190448064	0.485908912771111
-0.0302739366177903	0.0131272853375204
0.47280904202969	0.191992375334362
0.921610123647187	0.500888721602771
-0.313244573911061	0.185882203924901
0.166869236419889	0.0892205698253517
0.425487535253173	0.33855769651667
0.0636073632025253	0.037332809097025
-0.263935874584992	0.215047496474256
-0.173326527535181	0.130821937726239
1.25703158032489	1.23415762963977
-0.0883396159946271	0.0618421325816827
0.110670995924117	0.0814545074460431
0.692481142426252	0.221366284684109
0.544571131487334	0.197606668979847
-0.437638261766303	0.287253807175313
0.185447113384483	0.0904409064828652
0.470826153742671	0.191146424486493
0.357244429481541	0.200104479272546
0.943816997319905	1.06204863535464
0.812408392146907	0.489092314535301
0.38981492316168	0.355692812443584
0.708431003447219	0.621273902993773
0.476325340209731	0.452433856625267
0.813970317182287	0.88066252237921
0.286642333407565	0.239959322289146
-0.00356619434058211	0.00169338188086888
1.06590923899626	1.13138925385372
0.943702310887885	1.06181116011503
-0.0200453894017649	0.0126802073846455
0.486194912986874	0.447660367443652
0.0777299938509169	0.0482869037448559
-0.117208531735791	0.0808067368329799
0.181591179125706	0.0974072907508818
0.600898391155489	0.579972883167839
0.381189603149165	0.345973819396985
0.66382551505295	0.602879815633598
0.532214838816586	0.461671905025195
0.210621424376259	0.197508847430213
0.580394373911783	0.462932349353197
-0.00611481030880179	0.00387539875522751
0.0215070710280811	0.0109065558456605
-0.0736764492428271	0.0289677044389865
0.669645242579211	0.478504600001803
0.925252466582601	0.803721267686231
-2.04896945823684	0.93265893552962
0.170913863598283	0.0660743604119491
0.416636450157627	0.189704075326911
-0.215999304766252	0.106404677854699
0.167238649532374	0.0813899535812723
-0.391884518885256	0.219851823478577
1.27388171256221	0.887737634716505
-0.898166126691806	0.647236500955331
1.01062688598921	0.829579501798746
0.824241051146747	0.498810311207414
1.13583357966146	0.870534438729531
0.387826729839858	0.197424466234607
1.04552926020062	0.992070356367986
-0.376722759830467	0.256987053264428
-0.010843545110789	0.00694051127371903
0.469767690829141	0.341677499156461
0.868702426028837	0.794622936122195
0.403493166173291	0.183141191828518
1.47032706033056	0.490703617760438
0.16619130625606	0.0315431724784316
0.186752657299631	0.0471525522204707
0.165088029467664	0.0313824661178469
0.183063896529214	0.0463401006276899
0.160144755571284	0.0306956063740573
2.76671632811135	0.782410087450427
2.76559849788836	0.78194178274137
1.4245775426494	1.10948855431859
0.973708931719814	0.662951015927209
0.185709261387539	0.107782957881993
0.524578182080324	0.334497690849908
1.45651084259176	1.65236121910595
-0.75936080088405	0.408110492389178
0.562193381713046	0.327075916149446
0.203908667213933	0.158239479394897
0.0805059639701036	0.0688684217930417
1.81107244925592	1.02425137803948
1.96276901321247	0.454520391574277
-0.584123953425108	0.277507589915137
0.631244174481639	0.332809598075707
1.47209004689925	0.491178510113126
-0.0592516292324043	0.0355840099956186
-0.0732280948017252	0.0522035994235061
0.416120952630493	0.189455896196809
0.026915520902369	0.0135932390452791
-0.00911364032219831	0.00589130121451924
0.703410254003627	0.615266269087499
0.302955131029367	0.264307068859692
0.739692337980272	0.985330995639669
0.842756897055983	0.358214727221788
0.906211891822182	0.925772519278331
0.514426789318723	0.560560154247491
0.629613312541284	0.479931357791711
0.425238514282671	0.338362572542527
0.868316874973664	0.794249217320087
-0.0747036622184543	0.0293682206911135
-0.198757003958094	0.063979613393949
1.48837489165499	0.938185007954384
-0.379386021759956	0.157118615661147
0.631447390838361	0.333317916604404
0.174866744414616	0.0599504088128746
-1.50774474493265	0.536593235425421
0.383348606242098	0.194950951579417
2.76219840038386	0.780594539857824
0.878518920246132	0.650055748681064
1.59721287836547	0.803147695445306
0.962553055030982	0.254827961566665
1.05121665475018	0.401201267344342
1.47032706033056	0.490703617760438
-0.0633959606428168	0.0250612020895648
0.698277641594483	0.22311476291791
0.204129919148922	0.119360032625024
0.181797220026299	0.070339345271789
1.3503420099036	0.597683064150689
-0.108635917457341	0.038859856983973
2.37974175152964	1.20685990890827
1.47032706033056	0.490703617760438
0.180503912336474	0.0618296034347483
0.548159843287306	0.198990334609177
0.164778629348208	0.0313374327003096
2.76559849788836	0.78194178274137
0.41867611592537	0.331907528102063
0.736065632355435	0.488118614223059
0.631725418884302	0.333077365004702
1.96372117107544	0.45473924627511
0.184697427143245	0.0554084744862393
-3.75046496352693	1.48199107071708
1.96372117107544	0.45473924627511
-0.173486725798465	0.0919427808439664
0.485054436112877	0.331631061640763
0.416120952630493	0.189455896196809
-0.196970790009868	0.0634432336968819
0.719409021789105	0.473098587940824
0.178302140718175	0.0955383477878281
-0.217819440096499	0.107344179363474
0.48437119851387	0.354712530634686
-0.0398532463796639	0.0171131118617097
0.42117965479325	0.34977134267553
0.492024118124512	0.337230149935349
0.989275993068702	1.07789382440873
0.881475117325191	0.654785499223998
0.544930490938392	0.197736218289966
0.180632287951101	0.0879886323905343
-0.465984594009788	0.241559358521178
-0.381904803195835	0.213611046105977
0.918637447319565	0.498651036144575
0.176825054435177	0.0449204608148946
0.342875362662955	0.209108944808605
1.35636045207216	0.600949327384119
2.14835727620062	1.50907705761361
0.850069339148531	0.361876749971404
0.630971289129272	0.333037502975202
-0.756520103761648	0.328027596081882
0.165554545029414	0.0641142876893295
0.18017594781172	0.0697236493754879
1.30146246649907	0.724522922364383
0.620770587559472	0.470940084919569
-0.288074031163663	0.130880260550639
0.183473188078016	0.106532229510764
0.469037778436906	0.190492761217088
0.811608241093508	0.645956942806016
0.686721713829268	0.219371725498129
1.34534186074161	0.594787167003823
1.96276901321247	0.454520391574277
0.169566032486793	0.032038095111837
0.181222403711057	0.0544586569816679
1.27437926014846	0.888249511562815
0.364669468724047	0.204699235944631
0.184903874847513	0.0901734140125281
0.555598921920072	0.201915300938634
1.80033555009348	1.01608871831206
0.72184204619342	0.341585357501687
0.933299136367261	0.508915121822028
2.76109157462938	0.779871501961836
0.183063896529214	0.0463401006276899
0.18589785584412	0.0812108553937734
0.530950724913183	0.339158431856425
1.25024467859163	1.37589268061904
1.48889071394413	0.93824283824612
0.180503912336474	0.0618296034347483
0.427370746255475	0.195034845485121
0.0492535077050748	0.0270520524404553
0.693216225774344	0.221541872050593
0.549872383663091	0.199625186867885
0.167722678334851	0.064927369580929
0.496865407685035	0.341619149392288
0.294739078948164	0.270818970827846
0.627753923378659	0.47789278175449
0.841170650702794	0.35743161492768
0.85042709926287	0.362163990330178
-0.00320817235915815	0.00153548513818029
0.726870222923218	0.479731514118854
0.190387524226866	0.118018954338259
0.472434861824901	0.191785302458935
0.0234590420827593	0.011899993894896
0.963214248695465	0.255090594573707
0.697539161689842	0.222938108752217
-1.49683678047233	0.53192588850646
-0.999360765853381	0.394936353347204
0.693216225774344	0.221541872050593
-1.79653379913892	0.729391431830202
0.68908810997088	0.220077042266344
2.13164652612125	0.962465868289965
0.16619130625606	0.0315431724784316
-0.611962616144159	0.147977912487881
0.180855826143695	0.0543097849929288
0.178820853869998	0.0612698080138397
-0.503804509378522	0.19008371969888
0.178975268654491	0.0872848741928862
0.683520003518989	0.218340470189805
0.964404580081594	0.255330782344719
1.59261070657448	0.800405463849262
0.16619130625606	0.0315431724784316
3.65119667594504	1.44884031306495
0.399381196617025	0.34136200762209
0.529200029392573	0.45828896629224
0.673171472006095	0.481579947236009
-0.378094164266087	0.210905896569016
0.491778817852099	0.337283983501923
0.0193680471122191	0.0098719872883253
0.182384642090162	0.0461735738884295
0.549516086641495	0.199542874934359
-0.129584455026173	0.0460681277767629
0.693216225774344	0.221541872050593
-0.330698472981565	0.0947716626031445
1.96372117107544	0.45473924627511
1.96276901321247	0.454520391574277
1.84258516456861	0.727293955790375
0.18343803500325	0.113428332191822
1.15172480230608	1.18176386444401
-0.202477240779437	0.129428034379987
-0.674381676415818	0.58199340224773
1.49843966777692	1.51114256774503
0.0566836717893809	0.0332683884901856
0.355771114127587	0.199380882387326
1.4613104856912	1.66122606714186
0.184290995371237	0.0988464666159299
0.971022947135184	0.959195642794048
0.337453428761545	0.205247630215104
0.707266494502038	0.61996878236608
0.298777409964307	0.225202902166637
0.451967030831945	0.364085779164237
0.326253506230141	0.226082181277332
0.334040904215894	0.218157855740232
0.904797906766783	0.924259830374846
0.737835885876984	0.48892776983716
1.55695282718584	1.34304687640013
0.173035845117649	0.0842418478896449
0.19141164605873	0.118656731346266
1.35391037941765	1.4279533436808
-0.253888760976214	0.157225559882628
0.202178001467388	0.139715205440281
1.98564485885662	1.25210899306469
1.47086646676889	0.49088731436037
0.962025660417238	0.254682745005495
1.46964366147565	0.490422889690681
0.164778629348208	0.0313374327003096
3.27510914666181	1.12076297640292
1.47155078449581	0.491168545293048
-0.613682540053849	0.148388769407339
0.161562133987356	0.0554995358161078
1.96276901321247	0.454520391574277
0.844087147651677	0.358761656194149
1.84066711299049	0.726365639107333
0.845460532244873	0.359623499672993
0.594482993174713	0.477458365902073
0.189653503069073	0.117615925821065
0.585243634592065	0.34347478176163
-0.305909198540208	0.180744137369825
-0.316192565729911	0.187715764660235
1.96372117107544	0.45473924627511
0.962553055030982	0.254827961566665
-0.128976424631748	0.0458608977147569
3.94404333145349	1.74617514669156
0.16619130625606	0.0315431724784316
0.179369859705814	0.0539368960907662
0.550229507129372	0.199823293779666
0.849408948383461	0.361671672630261
-0.884692877187759	0.72920159715332
0.710985178755825	0.335516097065978
0.188318875952464	0.116720027081792
0.493363788377755	0.338588116908552
-1.06514865041615	0.716197549941828
0.307346564019223	0.232610549162086
0.559194393002298	0.203206497133562
1.27888275735878	0.893879172692365
-0.705992581755958	0.241431400625516
0.500855468472999	0.34504278375708
0.307302269618342	0.232751791158662
0.813746329692217	0.647697732266811
0.735108539798277	0.486555735936328
0.367407298827123	0.206475611275631
-0.65224037747872	0.450681112093093
-2.6109286309186	1.5908213262868
0.408655217672758	0.350995765166632
0.352641560000601	0.215685940322294
0.0452285056005148	0.024844158996538
-0.210469394692698	0.135057956820643
0.183515715398923	0.106404868584333
0.677467204799358	0.48511677667852
0.180032129835802	0.104380505415319
1.08949555622004	0.532578731259661
0.161251150232847	0.0308565698216007
-0.613682540053849	0.148388769407339
1.96276901321247	0.454520391574277
2.76219840038386	0.780594539857824
1.47579162106182	0.492713238749138
1.84066711299049	0.726365639107333
-0.613158918177153	0.148231887572971
0.16619130625606	0.0315431724784316
0.962553055030982	0.254827961566665
2.76330811440907	0.780761067286217
0.687904703717867	0.219759625438134
-1.25254603603633	0.562193102367071
1.35995902813645	0.602719106236771
1.47525146835293	0.492648627415429
0.967271104517323	0.256176548116206
0.964404580081594	0.255330782344719
0.967933372585482	0.256362285789635
1.05841937425473	0.404493015312573
0.692028142380155	0.221092112401465
3.27510914666181	1.12076297640292
1.05767805940452	0.40430204105456
2.76219840038386	0.780594539857824
2.76671632811135	0.782410087450427
-0.193026872526739	0.0622167584761554
1.47032706033056	0.490703617760438
0.171133891055786	0.0662595876135475
1.59857754726196	0.804530569699723
2.13847384175308	0.967026817523456
1.47086646676889	0.49088731436037
0.966736740010186	0.256029100393941
2.76559849788836	0.78194178274137
0.962025660417238	0.254682745005495
1.47155078449581	0.491168545293048
3.6449477089076	1.4449787602644
1.35170505429441	0.598459395279544
1.96276901321247	0.454520391574277
0.169248055862235	0.0319917175833404
0.169566032486793	0.032038095111837
1.96276901321247	0.454520391574277
1.96276901321247	0.454520391574277
1.96684138854469	0.455504908505281
2.76219840038386	0.780594539857824
0.968469219672053	0.25651021792255
0.164778629348208	0.0313374327003096
-1.79785205353169	0.391773074809323
-1.79346061997896	0.390723019452767
-1.79346061997896	0.390723019452767
0.181159179759352	0.0458876218072277
1.96276901321247	0.454520391574277
1.96372117107544	0.45473924627511
1.96684138854469	0.455504908505281
0.164778629348208	0.0313374327003096
2.76559849788836	0.78194178274137
2.76559849788836	0.78194178274137
3.27752825134246	1.12202020233476
1.96372117107544	0.45473924627511
1.96684138854469	0.455504908505281
1.46964366147565	0.490422889690681
0.963743115659934	0.255236344279286
0.165880035481028	0.0314978449610492
1.96372117107544	0.45473924627511
1.96372117107544	0.45473924627511
1.96276901321247	0.454520391574277
-1.7934287506278	0.390727439150181
1.06228828603256	0.406131001097981
0.165088029467664	0.0313824661178469
0.165088029467664	0.0313824661178469
1.96372117107544	0.45473924627511
-1.79346061997896	0.390723019452767
1.96372117107544	0.45473924627511
1.96276901321247	0.454520391574277
1.96372117107544	0.45473924627511
1.96372117107544	0.45473924627511
1.96372117107544	0.45473924627511
1.96276901321247	0.454520391574277
1.96372117107544	0.45473924627511
1.96372117107544	0.45473924627511
1.96372117107544	0.45473924627511
1.96276901321247	0.454520391574277
1.96276901321247	0.454520391574277
0.165088029467664	0.0313824661178469
1.96276901321247	0.454520391574277
-1.79346061997896	0.390723019452767
0.164778629348208	0.0313374327003096
0.169248055862235	0.0319917175833404
-0.613682540053849	0.148388769407339
-1.7934287506278	0.390727439150181
1.96276901321247	0.454520391574277
1.96276901321247	0.454520391574277
2.76559849788836	0.78194178274137
1.96372117107544	0.45473924627511
1.96684138854469	0.455504908505281
2.76109157462938	0.779871501961836
0.169566032486793	0.032038095111837
2.76671632811135	0.782410087450427
1.96684138854469	0.455504908505281
1.96276901321247	0.454520391574277
2.76330811440907	0.780761067286217
1.96276901321247	0.454520391574277
1.96276901321247	0.454520391574277
1.96276901321247	0.454520391574277
-1.7934287506278	0.390727439150181
-1.79346061997896	0.390723019452767
1.96276901321247	0.454520391574277
-1.79346061997896	0.390723019452767
1.96372117107544	0.45473924627511
1.96276901321247	0.454520391574277
-1.79346061997896	0.390723019452767
1.96276901321247	0.454520391574277
2.76219840038386	0.780594539857824
0.165880035481028	0.0314978449610492
1.96684138854469	0.455504908505281
1.96372117107544	0.45473924627511
1.96684138854469	0.455504908505281
1.96372117107544	0.45473924627511
0.169566032486793	0.032038095111837
1.96276901321247	0.454520391574277
0.962553055030982	0.254827961566665
1.46964366147565	0.490422889690681
1.4646350690462	0.48856709745013
-0.703651055748467	0.240588737528622
1.47155078449581	0.491168545293048
2.76330811440907	0.780761067286217
-1.79346061997896	0.390723019452767
3.27032462336087	1.11801013776878
0.546346904865407	0.198325214127253
0.165880035481028	0.0314978449610492
0.181837521716867	0.0460537144756759
1.96276901321247	0.454520391574277
1.47402323433779	0.492035659807906
-1.80441616031176	0.733725050835279
0.183063896529214	0.0463401006276899
3.27631781619437	1.12171855032085
0.963214248695465	0.255090594573707
0.183063896529214	0.0463401006276899
-0.614206104379299	0.148455859250315
1.96684138854469	0.455504908505281
1.96372117107544	0.45473924627511
2.76109157462938	0.779871501961836
0.169566032486793	0.032038095111837
1.96276901321247	0.454520391574277
-1.79785205353169	0.391773074809323
0.683961295954432	0.21841001184846
1.96276901321247	0.454520391574277
-1.50142880975048	0.534054734577795
0.967271104517323	0.256176548116206
0.184291063239428	0.0465991085839434
0.961881298984383	0.254903830883264
0.968469219672053	0.25651021792255
0.165880035481028	0.0314978449610492
0.963214248695465	0.255090594573707
0.690559056864311	0.220592978829305
1.96372117107544	0.45473924627511
0.161251150232847	0.0308565698216007
0.184338509014023	0.0553315106563962
1.96276901321247	0.454520391574277
2.76219840038386	0.780594539857824
1.96276901321247	0.454520391574277
1.96684138854469	0.455504908505281
1.96372117107544	0.45473924627511
-1.12968819193386	0.341150094616032
1.46707710595373	0.489320547895215
0.8444579144518	0.3592524441609
0.180107983152346	0.0541465694868784
1.46833343766606	0.489897083934438
-0.612487701707529	0.148134994320372
1.05456533880612	0.402811234670406
-0.99803333812908	0.39440964118414
-1.7934287506278	0.390727439150181
1.96276901321247	0.454520391574277
1.96276901321247	0.454520391574277
1.84140390214436	0.726768879551614
0.164778629348208	0.0313374327003096
0.178049240810411	0.0452053813438565
-3.0729809879685	0.948009080411761
-0.328777361869378	0.0941964324844904
-2.57067328278635	0.665094197548339
-3.07875719123617	0.951227905765892
0.165880035481028	0.0314978449610492
0.183063896529214	0.0463401006276899
1.96372117107544	0.45473924627511
1.96276901321247	0.454520391574277
2.76219840038386	0.780594539857824
0.16619130625606	0.0315431724784316
0.687453672774919	0.21969379736456
0.160144755571284	0.0306956063740573
-1.79346061997896	0.390723019452767
1.96276901321247	0.454520391574277
-0.613682540053849	0.148388769407339
0.160144755571284	0.0306956063740573
-0.19866808684961	0.0640066499155127
0.165088029467664	0.0313824661178469
0.187984352048437	0.0474280610765032
0.688637326691298	0.220082192676685
-2.57522664974505	0.666917731403372
0.182384642090162	0.0461735738884295
-0.613012730411062	0.148202450577793
-1.00340310411483	0.396780300923095
0.962553055030982	0.254827961566665
0.685539141555545	0.218907224669263
0.962025660417238	0.254682745005495
0.18374299244507	0.0464795790495071
0.963214248695465	0.255090594573707
0.16619130625606	0.0315431724784316
0.963214248695465	0.255090594573707
0.180845714650258	0.0543398759613664
0.182384642090162	0.0461735738884295
1.47525146835293	0.492648627415429
1.96276901321247	0.454520391574277
0.958352222975233	0.253964848564806
-2.57098043849301	0.664920470822356
1.96372117107544	0.45473924627511
0.180855826143695	0.0543097849929288
3.27032462336087	1.11801013776878
1.84570196896662	0.728945119955139
0.187435346122179	0.047292837125537
0.708888348512713	0.334422800106925
-0.762819358423479	0.410190902168382
0.844796816473284	0.359284495888571
0.411193651243347	0.186869354705351
-0.223126651259409	0.110167114106035
0.174204355272961	0.0597247391277113
0.693668977910988	0.221707820486434
1.05767805940452	0.40430204105456
0.848390137942497	0.36112999220408
0.549580771497717	0.199544396425318
-0.532115080164886	0.333543990347262
-0.133529709727971	0.0474373023739721
0.637078219849197	0.336673323030678
-0.0810211314269603	0.0317764015717167
-0.502824622854512	0.189653352789705
2.3757874279804	1.20356238361039
-0.613682540053849	0.148388769407339
1.58990001878475	0.797490181890623
0.963214248695465	0.255090594573707
0.187984352048437	0.0474280610765032
2.37939544032746	1.20665053912734
1.47032706033056	0.490703617760438
1.98564485885662	1.25210899306469
-0.369839048039385	0.152920865999092
-3.07350260546998	0.94852963330217
-0.12282517776863	0.0437139180795264
-0.765958903663926	0.412564999412051
0.177972936525705	0.0865805120362874
-0.197681301235905	0.0636672013988199
0.183063896529214	0.0463401006276899
0.849408948383461	0.361671672630261
-1.50848113268972	0.537019591842101
0.926514762748768	0.504424120802862
0.185813320888401	0.0557349268614171
2.13131604551435	0.962399255685912
-1.25292634738104	0.562158900236561
-0.32759034209047	0.0938892839663892
0.18374299244507	0.0464795790495071
-0.7085818841146	0.242531688950869
1.36244129080319	0.603996218992574
1.60253574200144	0.807058425662451
1.47086646676889	0.49088731436037
0.631731290215496	0.33319039619242
0.16619130625606	0.0315431724784316
1.96372117107544	0.45473924627511
1.96276901321247	0.454520391574277
2.76219840038386	0.780594539857824
1.47086646676889	0.49088731436037
3.27272750868887	1.11966450015405
-2.57522664974505	0.666917731403372
-1.79346061997896	0.390723019452767
0.962553055030982	0.254827961566665
-1.79785205353169	0.391773074809323
0.962025660417238	0.254682745005495
0.165880035481028	0.0314978449610492
2.76109157462938	0.779871501961836
0.165880035481028	0.0314978449610492
0.963743115659934	0.255236344279286
2.13662167910708	0.965753673826741
0.964934921520073	0.255476948633611
-0.613682540053849	0.148388769407339
-1.11963574652263	0.337715170908198
-0.196970790009868	0.0634432336968819
1.96684138854469	0.455504908505281
-1.11951983581622	0.337809535545767
2.76330811440907	0.780761067286217
2.76219840038386	0.780594539857824
1.47032706033056	0.490703617760438
1.96276901321247	0.454520391574277
2.76330811440907	0.780761067286217
0.169566032486793	0.032038095111837
0.560263982972252	0.203664261240574
3.6449477089076	1.4449787602644
1.4646350690462	0.48856709745013
0.963214248695465	0.255090594573707
0.175155035311403	0.0527334069281177
-1.7934287506278	0.390727439150181
-1.49680843456756	0.531963842405938
-0.612487701707529	0.148134994320372
0.963743115659934	0.255236344279286
3.27631781619437	1.12171855032085
0.963214248695465	0.255090594573707
2.76559849788836	0.78194178274137
1.47086646676889	0.49088731436037
-3.0729809879685	0.948009080411761
0.164778629348208	0.0313374327003096
-0.326771057218117	0.0936418390224184
3.94011940400443	1.7432966017604
0.165088029467664	0.0313824661178469
0.165880035481028	0.0314978449610492
1.96372117107544	0.45473924627511
-1.7934287506278	0.390727439150181
-1.7934287506278	0.390727439150181
1.96276901321247	0.454520391574277
2.76559849788836	0.78194178274137
1.96372117107544	0.45473924627511
2.76219840038386	0.780594539857824
3.27152519356808	1.11907150574555
-1.12019427196772	0.338020301365193
-1.7934287506278	0.390727439150181
1.96684138854469	0.455504908505281
1.96276901321247	0.454520391574277
0.165088029467664	0.0313824661178469
2.76219840038386	0.780594539857824
1.96372117107544	0.45473924627511
2.76330811440907	0.780761067286217
0.181837521716867	0.0460537144756759
0.165088029467664	0.0313824661178469
0.165088029467664	0.0313824661178469
0.964404580081594	0.255330782344719
-1.79346061997896	0.390723019452767
-1.7934287506278	0.390727439150181
1.96276901321247	0.454520391574277
1.96276901321247	0.454520391574277
0.967271104517323	0.256176548116206
-0.613682540053849	0.148388769407339
-1.79346061997896	0.390723019452767
1.96372117107544	0.45473924627511
-1.7934287506278	0.390727439150181
1.96684138854469	0.455504908505281
-1.79346061997896	0.390723019452767
1.96372117107544	0.45473924627511
-1.7934287506278	0.390727439150181
-1.7934287506278	0.390727439150181
1.96372117107544	0.45473924627511
-1.79346061997896	0.390723019452767
1.96372117107544	0.45473924627511
1.96372117107544	0.45473924627511
1.96372117107544	0.45473924627511
1.96372117107544	0.45473924627511
0.963214248695465	0.255090594573707
-1.7934287506278	0.390727439150181
1.96372117107544	0.45473924627511
1.96276901321247	0.454520391574277
1.96276901321247	0.454520391574277
1.96372117107544	0.45473924627511
0.169248055862235	0.0319917175833404
1.96276901321247	0.454520391574277
0.165088029467664	0.0313824661178469
1.96276901321247	0.454520391574277
2.77014537202506	0.783552977740789
-1.7934287506278	0.390727439150181
0.164778629348208	0.0313374327003096
1.96372117107544	0.45473924627511
1.96372117107544	0.45473924627511
1.96276901321247	0.454520391574277
-1.79785205353169	0.391773074809323
-1.7934287506278	0.390727439150181
1.96372117107544	0.45473924627511
1.96372117107544	0.45473924627511
-1.7934287506278	0.390727439150181
-2.57067328278635	0.665094197548339
-1.79346061997896	0.390723019452767
0.164778629348208	0.0313374327003096
0.165088029467664	0.0313824661178469
1.96372117107544	0.45473924627511
1.47086646676889	0.49088731436037
0.165880035481028	0.0314978449610492
3.27152519356808	1.11907150574555
-2.57098043849301	0.664920470822356
0.16619130625606	0.0315431724784316
0.844441707134117	0.359109180860946
0.186191748429242	0.055843722836046
-2.57036588579023	0.664816582891659
0.180138607200089	0.0616908585757617
1.84525714600486	0.728756039651982
0.682659454434831	0.217927323928603
0.184971072095669	0.0467387603153735
0.962025660417238	0.254682745005495
-0.365807385804441	0.151036991110362
-3.07350260546998	0.94852963330217
2.76559849788836	0.78194178274137
1.96276901321247	0.454520391574277
0.963214248695465	0.255090594573707
1.96372117107544	0.45473924627511
2.76219840038386	0.780594539857824
0.174045724149933	0.0524237595938313
-2.57098043849301	0.664920470822356
0.688637326691298	0.220082192676685
2.13847384175308	0.967026817523456
1.5995908001092	0.805153857006722
-2.57554526884402	0.666976966437407
-1.79346061997896	0.390723019452767
0.164778629348208	0.0313374327003096
-0.500482624855524	0.188651252858163
0.963743115659934	0.255236344279286
0.685539141555545	0.218907224669263
-1.46515587047556	0.737457902476713
-0.613682540053849	0.148388769407339
-1.50142880975048	0.534054734577795
0.165880035481028	0.0314978449610492
3.27510914666181	1.12076297640292
1.96276901321247	0.454520391574277
-1.79346061997896	0.390723019452767
-0.612487701707529	0.148134994320372
-1.7934287506278	0.390727439150181
-0.617339897765464	0.149284387408846
1.84451762847753	0.728350716630867
0.165088029467664	0.0313824661178469
0.161251150232847	0.0308565698216007
0.165880035481028	0.0314978449610492
2.13275419746116	0.963270597877117
0.467213606779098	0.18946343423113
0.688185381402826	0.219868290083128
1.58629558342079	0.795661290402848
0.982979988093737	0.976886798694179
0.420530466118499	0.191686150812006
1.47715133578681	0.92833868214273
1.12304609782653	0.856955421311388
0.962553055030982	0.254827961566665
1.64544567605807	1.15932917065853
-0.222579786970589	0.109904571932678
-0.497540036768389	0.187445875024767
-0.698078773361702	0.704936574803751
0.173841338161581	0.0596051278079202
0.176552672502959	0.0605054209747227
-0.702529153090903	0.24025873050893
0.963743115659934	0.255236344279286
-1.49830311184485	0.532694389774889
-0.305074453653573	0.180281651416503
0.174866744414616	0.0599504088128746
0.553434299021439	0.200998764869903
1.48152799821398	0.932292986555042
-0.188328130762521	0.060763465615787
1.79856005662803	1.01350162417126
-0.763523759236251	0.411247425236276
-1.20129017275613	0.894526660922356
0.176287929781929	0.0682081341245489
0.57378807631791	0.33552162125534
-0.0000630463177629706	0.000136523753804024
0.675328622485803	0.482940856888649
1.08589816691238	0.530180013959781
-0.982430705313961	0.871707197560118
-1.96671329585829	1.35912848820053
-0.165120011012315	0.0873433441678624
0.336533205102693	0.220251770119159
2.57340151295049	1.4413701347408
0.720948174329145	0.341130987722089
0.387698017367838	0.197454203442332
0.184753152010751	0.0992120862986951
0.968469219672053	0.25651021792255
-0.702529153090903	0.24025873050893
0.192388128577069	0.048380175396211
1.46842163094462	0.489769078028611
1.84570196896662	0.728945119955139
-0.321741768636823	0.0922885496388945
-0.613012730411062	0.148202450577793
-1.11963574652263	0.337715170908198
3.27510914666181	1.12076297640292
-3.45171499640176	1.22586147893993
-3.74479839827737	1.4781183796158
3.27752825134246	1.12202020233476
2.60063046386251	1.46416162730548
1.79241855455615	1.40525481759784
0.176040268255826	0.0856116190799247
0.087797566533708	0.0596767581919817
0.525540403866993	0.33527048446619
0.462992347583052	0.335882537395151
0.185091184486916	0.120903301928508
0.904627468478325	0.923087286872646
0.561052307314601	0.469260358782572
1.12208998332657	0.855789459345855
0.0753936336871691	0.0490333673661761
0.81088439890782	0.645314307127862
0.923159381440136	1.14826821951501
0.625212875574064	0.47562394372532
0.421016652154646	0.191681857776423
0.873896258159186	0.646627641261366
0.379989371173435	0.344627385532039
-1.57676701758319	1.19429405067109
-1.49633399610699	0.531774933095134
0.962025660417238	0.254682745005495
-0.613682540053849	0.148388769407339
0.165880035481028	0.0314978449610492
0.178820853869998	0.0612698080138397
0.416372228030246	0.344967473861491
3.28479266719607	1.12476031435108
1.58562995408399	0.795202079241489
0.524068437166345	0.334230347212244
0.32781549154661	0.227129814558707
0.303131799058079	0.238580771480039
1.03536649295389	0.977549657613164
0.429932575346447	0.34278905482085
0.017624105341259	0.00898495206727906
0.101307761905215	0.0718150788581223
0.719081448921085	0.724141044381718
0.602392084824597	0.581953410948799
0.0470083487204813	0.02579212271512
0.0361125258185702	0.0252663283287106
-0.316543973141838	0.187800798537372
0.539819766398259	0.470122657683999
0.776249228114685	0.860689326915671
0.776886259938984	0.767036582192476
-0.0947141977667697	0.0551090763791591
0.181652332926298	0.0885748501274322
1.96372117107544	0.45473924627511
1.96684138854469	0.455504908505281
1.96372117107544	0.45473924627511
2.76109157462938	0.779871501961836
0.962025660417238	0.254682745005495
0.963214248695465	0.255090594573707
0.967933372585482	0.256362285789635
0.968469219672053	0.25651021792255
1.96276901321247	0.454520391574277
1.96276901321247	0.454520391574277
1.46964366147565	0.490422889690681
1.96276901321247	0.454520391574277
0.165880035481028	0.0314978449610492
0.161251150232847	0.0308565698216007
0.183063896529214	0.0463401006276899
0.169566032486793	0.032038095111837
1.96276901321247	0.454520391574277
0.966736740010186	0.256029100393941
0.164778629348208	0.0313374327003096
1.96684138854469	0.455504908505281
0.962553055030982	0.254827961566665
0.160144755571284	0.0306956063740573
2.76559849788836	0.78194178274137
-1.11957460536364	0.337866341493547
0.181598622209813	0.0545451831920276
0.16619130625606	0.0315431724784316
0.479577254545525	0.195000342217498
-1.79785205353169	0.391773074809323
1.96276901321247	0.454520391574277
0.165880035481028	0.0314978449610492
2.76109157462938	0.779871501961836
-1.7934287506278	0.390727439150181
2.76219840038386	0.780594539857824
0.963743115659934	0.255236344279286
-0.613158918177153	0.148231887572971
0.963743115659934	0.255236344279286
0.183063896529214	0.0463401006276899
0.967933372585482	0.256362285789635
1.96276901321247	0.454520391574277
1.47525146835293	0.492648627415429
-1.49680843456756	0.531963842405938
0.177362298643623	0.0450515694227369
0.164778629348208	0.0313374327003096
2.76330811440907	0.780761067286217
-1.79346061997896	0.390723019452767
0.165880035481028	0.0314978449610492
1.96372117107544	0.45473924627511
1.96372117107544	0.45473924627511
1.96276901321247	0.454520391574277
1.96276901321247	0.454520391574277
1.96684138854469	0.455504908505281
1.96372117107544	0.45473924627511
1.96372117107544	0.45473924627511
1.96276901321247	0.454520391574277
1.96372117107544	0.45473924627511
1.96276901321247	0.454520391574277
-2.57522664974505	0.666917731403372
1.96276901321247	0.454520391574277
1.96276901321247	0.454520391574277
2.76330811440907	0.780761067286217
1.96372117107544	0.45473924627511
1.96372117107544	0.45473924627511
1.96276901321247	0.454520391574277
1.96276901321247	0.454520391574277
-1.79346061997896	0.390723019452767
0.164778629348208	0.0313374327003096
0.165088029467664	0.0313824661178469
2.76559849788836	0.78194178274137
0.963743115659934	0.255236344279286
0.165880035481028	0.0314978449610492
1.96372117107544	0.45473924627511
-1.7934287506278	0.390727439150181
-1.7934287506278	0.390727439150181
1.96684138854469	0.455504908505281
2.76330811440907	0.780761067286217
1.96372117107544	0.45473924627511
1.96684138854469	0.455504908505281
1.96276901321247	0.454520391574277
1.96684138854469	0.455504908505281
1.96276901321247	0.454520391574277
-2.57554526884402	0.666976966437407
0.550585584584045	0.199969616725774
1.96372117107544	0.45473924627511
1.96372117107544	0.45473924627511
1.96684138854469	0.455504908505281
0.964934921520073	0.255476948633611
1.47032706033056	0.490703617760438
1.96276901321247	0.454520391574277
2.76109157462938	0.779871501961836
0.688185381402826	0.219868290083128
2.76219840038386	0.780594539857824
0.686721713829268	0.219371725498129
1.96372117107544	0.45473924627511
0.160144755571284	0.0306956063740573
0.165088029467664	0.0313824661178469
-1.79785205353169	0.391773074809323
2.76330811440907	0.780761067286217
-1.7934287506278	0.390727439150181
3.64995436887393	1.44813448599007
3.6449477089076	1.4449787602644
-0.331884233338781	0.0950660268702792
0.968469219672053	0.25651021792255
2.76671632811135	0.782410087450427
1.96276901321247	0.454520391574277
1.96684138854469	0.455504908505281
1.96276901321247	0.454520391574277
1.96276901321247	0.454520391574277
2.76330811440907	0.780761067286217
1.96372117107544	0.45473924627511
1.96372117107544	0.45473924627511
0.164778629348208	0.0313374327003096
1.96684138854469	0.455504908505281
1.96372117107544	0.45473924627511
1.96684138854469	0.455504908505281
1.96276901321247	0.454520391574277
1.96276901321247	0.454520391574277
1.96276901321247	0.454520391574277
0.169248055862235	0.0319917175833404
1.96372117107544	0.45473924627511
0.164778629348208	0.0313374327003096
1.96372117107544	0.45473924627511
1.96372117107544	0.45473924627511
0.169566032486793	0.032038095111837
2.76219840038386	0.780594539857824
1.96372117107544	0.45473924627511
3.27631781619437	1.12171855032085
0.963743115659934	0.255236344279286
-1.79346061997896	0.390723019452767
2.76219840038386	0.780594539857824
-1.79346061997896	0.390723019452767
-2.57098043849301	0.664920470822356
0.967933372585482	0.256362285789635
2.76219840038386	0.780594539857824
0.961881298984383	0.254903830883264
1.96372117107544	0.45473924627511
1.96372117107544	0.45473924627511
0.962025660417238	0.254682745005495
0.958352222975233	0.253964848564806
2.76671632811135	0.782410087450427
1.27155037574832	0.884759258035941
2.76109157462938	0.779871501961836
2.13239173303271	0.962976446468332
0.184291063239428	0.0465991085839434
0.176139035531232	0.0447669868764769
-0.611962616144159	0.147977912487881
0.963743115659934	0.255236344279286
0.165880035481028	0.0314978449610492
0.169566032486793	0.032038095111837
1.4795165223175	0.49403710049889
1.10481643107454	0.54172803994858
1.80131995043412	1.01690823966158
-0.374462725621353	0.255198648072785
1.84140390214436	0.726768879551614
1.34568691670338	0.594975431353439
0.927482167895221	0.505199699941499
0.174899169086388	0.0851670042735498
0.849408948383461	0.361671672630261
0.178779714919055	0.0958690984261712
0.178314810274634	0.077899977517868
-0.218245312973151	0.107560478943797
-0.16589149228118	0.0877667004352538
0.173195095104282	0.0755037377897217
-0.476809061867702	0.353231595346493
0.175074408529006	0.0851187866071082
0.177362298643623	0.0450515694227369
-2.57067328278635	0.665094197548339
0.854745976083229	0.364157099703967
0.822677416397637	0.65735536727814
0.813746329692217	0.647697732266811
0.668299215644991	0.477242904596095
0.325464257834241	0.22541066023064
0.180056238666489	0.0696921071631905
0.181634139484047	0.105452647633036
0.740104916125878	0.490990920886511
0.00329987129046676	0.00206923388291917
0.393780404504587	0.200651929274297
-1.20418139011759	0.897229269911415
-0.555849528210691	0.399646644801908
0.0648310351985149	0.0380570912414811
-0.49650800501461	0.187033371669453
0.00106654487183909	0.000365940780408877
-0.249032710199516	0.153830953088062
-0.955508871026033	0.46892875411228
0.179188988287478	0.0959105107383068
0.848774233531186	0.361150354325488
-0.386547676610307	0.216402437452853
-0.00183711185881766	0.000925212519337163
-0.0911516225123595	0.0530077524105557
0.189984536089854	0.130552936045659
0.169931444889837	0.0908256914112861
-0.118226339598863	0.0421510838894909
-0.31300215205597	0.185692274301096
-0.418487575154555	0.318112239285265
-0.15692312666563	0.0828030657097748
-0.0728619231799769	0.0286390622815502
0.638344894364589	0.601372280443815
2.76219840038386	0.780594539857824
1.96276901321247	0.454520391574277
0.576762228931417	0.337387455192392
-0.776577226278027	0.590096248231706
0.421869080210924	0.192163709713804
1.47525146835293	0.492648627415429
0.16619130625606	0.0315431724784316
-3.75192082283692	1.48279230677585
-1.7934287506278	0.390727439150181
0.962025660417238	0.254682745005495
-1.79653379913892	0.729391431830202
-1.79785205353169	0.391773074809323
1.05952860814689	0.405011691745652
1.59721287836547	0.803147695445306
0.844102061792565	0.359001237920257
1.05235833798367	0.401844810202421
0.42089272063622	0.191657409295281
1.08689352395271	0.530899521060822
0.559556523494549	0.203384722969785
-0.443753084343705	0.291863431959274
0.932582302300524	0.812491967297082
0.702888318136486	0.331146298934814
0.172713073431482	0.0752861785253497
-1.44759173723239	0.995847565409165
0.982723340601936	0.671126941146234
0.434255589986499	0.347067523773331
0.199893974113523	0.124439350875968
0.505917483764886	0.349230672774068
0.760075909992897	0.638816240915894
0.489771546835699	0.335662217689079
1.41057438600905	1.09250489540194
-0.438982233364091	0.28832176312109
-0.072233035038883	0.028430628881006
-0.187289016370774	0.0604240643063412
0.545282959725496	0.197930364047729
-0.361828795083984	0.149260915758635
1.60152187977859	0.806283581542972
1.10635335363475	0.68286476480187
-0.901276270668285	0.650314882088431
0.579626619128005	0.339399684414855
0.48758881614933	0.357588680785931
1.13229918350528	1.01909392322223
-0.0782004468952671	0.0306899272143896
0.170195050824796	0.0827439728021799
0.589839348233791	0.472691951985445
-0.52399998289589	0.327411603903326
-0.373010237665997	0.207755294373104
0.0663042719689157	0.0389528037794351
0.626108194828864	0.47587585921028
-0.111449264368195	0.0766340807426302
0.902411553941023	0.675228872993155
0.0610636084269725	0.0378590276187312
-0.213547333113197	0.137095694068432
-0.877491927925785	0.720359957391676
0.809100360396179	0.643549299275981
0.204426551611283	0.141406451612464
-0.526963611039303	0.329912994647045
0.169738672455974	0.0907219675407895
-0.157892276604134	0.0833291883866356
0.470439197866309	0.190910161542033
1.78910874016115	1.39929173641707
0.518795597156202	0.330095865491232
0.96703502608901	0.657012081296648
0.183588586081345	0.0985375439783217
0.523227821393408	0.333414672075267
0.418714485442246	0.347296736558416
-0.123710104400163	0.0690759163267736
-0.566313188630777	0.409229440269278
0.206209186038802	0.184068252147149
1.4745635305468	0.492365493098567
0.686270437198953	0.219228628867356
0.184971072095669	0.0467387603153735
0.469827192531849	0.190698541732883
0.402835350288058	0.205804370980865
0.923030865031726	0.502051378289556
-0.69722914006996	0.658344530012751
0.812203280086125	0.489868848095947
0.423157826377153	0.336177160515773
0.61414700508883	0.464795550537592
1.2549843157311	1.05967955273385
0.181499258477061	0.0792392225641378
0.761886512625935	0.641243998860143
-0.292224290973764	0.132919672086919
0.172463093000529	0.0752804629540888
1.64353107357224	1.15666393842433
0.530636662016743	0.459883119943825
0.205855685908164	0.15444434629673
0.0401730787943891	0.0221133929247144
0.612631321877277	0.594875356630943
-0.840658382884345	1.00297978124215
-0.0298705414358497	0.0222103857519974
0.495102621231235	0.532871731558405
-0.404443230476878	0.402338779099458
0.811734374078697	0.877330914374025
-0.182242902323791	0.180984418344992
0.182707191180565	0.106119533509906
-0.558973400084478	0.402823393275996
1.48147203256071	0.931045857289998
-0.586981942886118	0.279285750334352
-0.196606144995592	0.0633346995977349
-0.961660818594507	0.473515354679161
0.174541561886268	0.0598418639345934
1.96276901321247	0.454520391574277
1.46585570298693	0.489030037475911
0.967933372585482	0.256362285789635
1.2372780502955	1.35296567981262
0.582427872558575	0.464880603692432
-0.319778600335833	0.223996880163868
0.0395968954390307	0.0217940242349239
0.528926413877478	0.546992690323245
0.705990663255072	0.881837165668133
0.132605446786104	0.11016086795186
0.45741986631639	0.532439521687676
-0.303260830524829	0.364387917665007
0.199290752321102	0.143458337650547
0.237153797564818	0.27967790243273
0.400546940646753	0.342397182108491
-0.744955836293314	0.322332237893757
1.79476957121577	1.01096216930798
0.185337174028973	0.0995272554592778
0.63318029710856	0.334156962897562
0.469643053480253	0.190710227610968
0.981774423067029	0.670321590906979
-3.07350260546998	0.94852963330217
0.175928068648386	0.0855559791042798
-0.23148079389356	0.114585096116719
1.67451196682415	1.57941928213927
0.688637326691298	0.220082192676685
0.387826729839858	0.197424466234607
-0.934278526265983	0.567348396430329
0.417970167573709	0.19018267865932
-1.57790239604691	1.19520055224122
0.175727878726939	0.0679905067665371
0.553180270735225	0.200879267818678
0.181241544424179	0.0701293933402343
0.373080299876956	0.430324386032495
0.459770705466889	0.523422337899003
0.616427266880364	1.0104187897624
0.843087960632404	0.358463521060009
0.165088029467664	0.0313824661178469
2.76109157462938	0.779871501961836
-0.209005384004942	0.0672209708644337
1.14421431227876	1.03492884953293
0.474198126463934	0.19270082318148
0.815292309704804	0.491694704419022
0.933813504884338	0.509237194762122
0.503610924660809	0.347310060517766
0.171488774809756	0.0748342853660748
1.6818506354618	1.59260281502778
0.815742657416867	0.492049937589709
0.378551708440538	0.192176865517693
1.42589295139276	1.11291207262337
-0.197961486462631	0.0637876154388623
0.691293725798235	0.220916760169014
0.175528710194884	0.0601682623632123
-0.196606144995592	0.0633346995977349
0.625114360270162	0.329150899969101
0.305722881092154	0.231351289707958
-0.675997353076133	0.58422829289439
-0.0834583598276715	0.0484379945812288
-0.308983496029115	0.182999032123903
0.317573461882239	0.230903350010014
-0.275415281736944	0.197845346846601
0.410537114398679	0.339013938137557
-0.0661333265264104	0.0470043992686847
0.035753031314623	0.026641771660731
0.286434405644864	0.231803186704878
0.296804312361207	0.250052160539518
0.179573844139042	0.104154646657637
-1.15620040257111	1.16496806812156
0.164612702182007	0.0565240034078137
0.17231657402208	0.0666548669668037
-0.0703924188547003	0.0277109365072036
0.182484105638909	0.0547795623460174
1.06100497274362	0.405629306325193
0.623667911461419	0.7517072432037
0.58241644574956	0.579321996000886
0.203119740644447	0.181014783221227
-0.0902112960583727	0.0524592555643822
-0.463993325820673	0.388333363900637
-0.0401245635008696	0.0248054131768052
-0.0128898354088273	0.00821552184903163
0.306029441702657	0.231628762682123
0.389208850181205	0.330622425086283
-0.174166778748119	0.145357837444379
-0.314729922393621	0.298217637614912
0.203571582866046	0.146638300838688
0.281704790694129	0.256852846890901
0.379897459078662	0.34464006789183
0.855516198981089	0.778116195347911
0.424852047595092	0.337876796413898
0.741355145031993	0.618116144376226
0.136179685518181	0.110694646107737
0.353672814499694	0.353927293262061
0.707502025912079	0.620134627832623
1.16149347538188	1.32078646567392
-1.08665951233318	1.03766310065854
1.31090214577235	1.79959253051775
0.630074356240523	0.479653165320181
0.596658930245594	0.479637985218366
0.0410317038606257	0.0225278935703826
1.17140086116762	1.56088019388806
0.304915820080849	0.240040865455253
0.17251451951708	0.0591412358731675
0.179746383607047	0.0540100642734575
0.18011793418247	0.054112323705194
0.622925292995788	0.328105786760682
-0.0861619230411316	0.0500497707490447
1.35280460382118	0.598680500724995
1.13774172744664	0.872695986358559
1.99679730842698	2.3615357314565
1.25719644908959	1.2345225696105
1.40974835598714	1.90379447278445
1.09934195756595	1.38997135513551
0.489041786984318	0.450977971993264
2.76559849788836	0.78194178274137
4.18536973210645	2.03283090231972
0.544218436165038	0.197506777270022
-0.202615613594689	0.0652232518828875
-0.380850179052134	0.212747449525609
-0.296244978575561	0.238281445467657
-1.00306966229617	0.39683135622738
0.926043695719264	0.805305258650835
0.5310425902493	0.338956844708756
-0.207723413044742	0.133096059458825
-0.207393296559317	0.132878739267281
0.309033070645619	0.234227855627254
1.24936876376307	1.51058210944243
0.188241852088361	0.116729104079262
0.306173281445497	0.221210468993928
0.180845714650258	0.0543398759613664
0.714057585749148	0.337036298070241
-0.19866808684961	0.0640066499155127
0.174888032169256	0.0763573772607863
0.169566032486793	0.032038095111837
-0.23954144236396	0.19800616192261
-0.0272635205584476	0.0202632572942906
0.859169866353688	0.906158834751592
-0.345914743165344	0.275882351222788
-0.769393903679286	0.414874318760327
-1.69410940348077	1.40059462712109
1.07323973083052	1.14302362436094
0.325217097401797	0.211710069276457
0.572197079122273	0.333850491481626
0.826143704546784	0.500447806312372
2.29478238572519	1.78652634375906
0.294881219214403	0.231028054390694
-0.559586857700073	0.403256160584923
0.76261490890725	0.83921639677175
-0.160820264474392	0.123861559687556
0.293307954331746	0.238329067513164
0.281401728937414	0.249483737089728
0.0378056339667782	0.0281748019786317
0.56400895671198	0.328376838989058
0.557282321262983	0.566703435225247
0.288132008426698	0.241445228389232
0.654754506567879	0.780560911715192
0.191908358863776	0.137565028994925
0.575369909884677	0.570023065956682
0.623800719765987	0.582931185936772
0.104118871253294	0.0786735975364352
-1.23148424762993	1.13682443702599
0.628146692222742	0.736260774507518
0.481995922443044	0.459318372483519
-0.332237279124437	0.310372503454288
0.604202659658357	0.584177014310615
1.08609801322351	0.530754269656687
0.483570551871845	0.196157125844595
0.553818419026129	0.201156081038653
0.495962367298477	0.340482979138981
-0.214972147548024	0.138210975613267
0.437926247745136	0.350643182160168
0.633777275454139	0.687283573356789
0.311578597382491	0.236518605335671
-0.00379702167989044	0.00241943562785392
0.434880137228609	0.347667610498904
0.968162904655428	1.18099215461132
1.30202405601974	0.724655242344649
1.85151100608139	0.731488521526503
0.180845714650258	0.0543398759613664
0.181959964224185	0.0546519449572612
1.08235255378905	0.52818945443094
-0.076595298126376	0.03009438966426
-0.770087554518431	0.502432916831175
0.846385932911799	0.360022802245782
1.08888268610096	0.532186917645821
0.0565291822549756	0.0331433989057423
2.25820821714484	2.50252667886111
0.444520150304105	0.33909178237223
0.66376027413369	0.602675558071903
-0.0812519052336956	0.0567065607145975
-0.325023776912758	0.256387219929802
0.570703281564985	0.332789845481208
-1.11963574652263	0.337715170908198
-0.514905828449941	0.320721244825268
-0.498201158890918	0.187691502941451
-0.965640676501883	0.475766234717907
-0.0102398298924561	0.00467114751075789
2.58136682246645	1.44864412096296
0.573153208557423	0.334791350877161
0.0392131318060079	0.0283913087315765
0.044987384328709	0.0336061892631096
0.0727227246614029	0.0606283826414661
0.194287209878746	0.127514784540461
-1.19921599683146	0.890959625140789
-0.465101025147875	0.240537129548746
0.629367687737436	0.479027130670612
0.63292407043853	0.483178588626236
1.36723616247558	1.45265472434164
-0.00652369862716639	0.00300531862713011
-0.364510454157432	0.362566193449459
0.594388477757048	0.571400734604367
0.274029105961635	0.248524145775618
0.977825933521307	1.19748980982499
0.484591625461777	0.445634192935403
-0.0236608101328098	0.0178128372702383
0.913693955879691	0.936907973660915
0.296521734143025	0.249784210364063
0.0899141019417927	0.0774221846732237
-0.243733788403959	0.196186812932638
0.0128973552502781	0.00818307286475922
0.381291510526049	0.334529638898239
0.397982271358294	0.352767475975028
0.195945054319027	0.181810713293545
-0.230907279556128	0.168471296301345
0.817522145286453	0.886496952518308
-0.122869946427674	0.0948889844650187
0.581499573888738	0.578150523995865
0.420940301816739	0.349488782700651
0.139207798974322	0.126812342841276
0.504694660645795	0.450905839902085
0.730364402496155	0.482805713935218
1.59690016581137	0.803005891193071
4.58179608275576	2.61692516099134
-0.00183711185881766	0.000925212519337163
0.710357038383483	0.819474763975653
0.277645219358634	0.259084304880546
0.441496124663624	0.438247706731087
0.723446536769523	0.912575652812082
0.338536122843352	0.351896350906914
0.19599912027492	0.135070773533302
-0.628269365800753	0.599687243538528
0.669044999235676	0.609198416238159
0.164778629348208	0.0313374327003096
-1.25122982966508	0.561359418848618
0.182184274537263	0.062360476929113
0.472589276523701	0.191952372408541
1.59756362339209	0.803815611179192
0.967933372585482	0.256362285789635
-0.0747036622184543	0.0293682206911135
0.426857042810016	0.194772651866993
-1.50342895272977	0.534820350018527
-1.49633399610699	0.531774933095134
-0.19626072319558	0.0632056639998214
-0.613158918177153	0.148231887572971
-0.16907424017837	0.0894802432566856
0.465112492197459	0.337736898168897
0.168910828881268	0.0579679737759373
1.35458372256336	0.600126054059965
-0.13413434239341	0.0476566231180181
0.36517369733766	0.20491276130185
0.734863712870476	0.828333455153269
0.73771037170708	0.909670949890532
0.127444142347375	0.103029546605801
-0.766023294037045	0.578781207439365
1.5905899132901	0.798891803779544
-0.761047651183615	0.494346268238588
1.10703600887587	0.684696032671947
1.29596944158472	0.719833885534944
0.688185381402826	0.219868290083128
0.52541850631501	0.335203747316374
3.64618465324491	1.4458034047001
0.178049240810411	0.0452053813438565
-0.129153876323112	0.045949245582522
1.32659095863954	1.69589821253255
-0.211974139838737	0.1769027690535
-0.335217384809688	0.354844160999195
-1.20471640589846	1.39428759262201
-0.93346119912464	0.976827785805916
0.68278086909504	0.218093717626154
1.48392465796541	0.933943462431263
-0.242358062957183	0.177933192543467
0.0445948585754192	0.0245018999095658
1.01761780163306	0.837603541127338
0.53352913901941	0.341218843848179
0.556138753495334	0.565328139702859
0.00103351171723673	0.000630193601163982
-0.229962179240158	0.188996956974552
0.0419436388720064	0.0321404027097206
-0.0135827726499139	0.00864528350083598
0.276994399459795	0.251756322571196
0.30384844116895	0.256958399636078
0.289460214907752	0.265213649486619
-0.872238595602807	0.714791386689355
0.765531672052746	0.843997794795303
-0.00350179546133769	0.00222697771704058
0.123109498371166	0.096670455128355
0.10338926604416	0.0733823624562263
0.020731349834778	0.0139067619556212
0.101670348273088	0.072093477823956
0.529328201055749	0.458398354642938
-0.282113114100915	0.250956867888216
1.3170173356713	1.81232508536302
0.74257599586479	0.493239790654505
0.888926919943678	0.820261649410947
0.474198126463934	0.19270082318148
-0.129584455026173	0.0460681277767629
-3.07928878926676	0.951136693928373
-1.72135445406397	1.86474468850323
0.107887960762861	0.0766950432744832
0.470685829829347	0.53992660430086
-0.14977790975171	0.114643646263428
0.538821093156733	0.560724981662394
0.527072064154409	0.637150652374534
-0.0996966146394793	0.0580802951919812
-0.832817482857833	0.874832447338634
0.766457154401987	0.928354248769497
0.967933372585482	0.256362285789635
0.169248055862235	0.0319917175833404
0.683520003518989	0.218340470189805
0.964934921520073	0.255476948633611
-0.337026866011333	0.0964604004609729
0.17845532295061	0.0611293558584829
0.567732756331836	0.331199818734752
0.544930490938392	0.197736218289966
-0.608428787479893	0.147248610626808
0.180107983152346	0.0541465694868784
0.179369859705814	0.0539368960907662
0.18374299244507	0.0464795790495071
0.0734832571913499	0.0455838132532221
-0.269961024610724	0.168297957303841
0.549225010517651	0.199456707208777
1.10683823261153	0.683216844174102
-0.770180864507627	0.501642101346969
0.384557917869628	0.19554316187307
0.465618279693056	0.518935753744565
0.0955721348799482	0.0697513410308731
0.279771629532035	0.292590298172905
-0.381408689731306	0.357578190971333
0.537466525065049	0.558720312203452
-0.777163918209823	0.420392557237758
0.186030765662856	0.0998308773345999
-0.559139318859332	0.402358934304419
0.567420438044958	0.33102299804053
0.927938390515491	0.504984223310363
0.526052022783793	0.335179803502514
0.169570842988667	0.0581880998558025
0.963743115659934	0.255236344279286
-2.31934508184469	2.07509969041799
0.0707063860445032	0.0438892163806451
1.48895171401703	2.47700175711579
0.442665226363325	0.521682847608968
0.115885539185046	0.0880880285312436
0.991374295564306	1.56138280953995
0.111505285971064	0.0794208805158456
0.171678244675184	0.0918252467893475
0.349315113180005	0.21329366245255
0.353538707508927	0.216518559988533
-0.778492128138453	0.509373924781314
0.628045869725827	0.331209298105594
0.358965269433827	0.201278293525855
0.331378007514524	0.342747444333544
1.23181506210911	1.93429218765227
-0.354776541404123	0.401882638861499
0.521993710919041	0.555032536574206
0.606991853727857	0.587937320404699
-0.372511870440683	0.372512258120313
0.204114615104401	0.17304908338241
0.100259714128261	0.0709899314360025
0.551083722699804	0.642770146167952
-0.276281719462862	0.244772262276278
0.395253757279688	0.434297449229146
0.262240464482112	0.253916841761272
0.474231660739499	0.449534769217779
1.18235476997185	1.97843137334548
1.23678099099806	1.83907978416964
0.38645405716501	0.421896415913922
0.0310165028265035	0.026016436598552
1.3507733611721	2.42443121085311
0.635117065078742	0.335386736429904
1.63368157927393	1.14743437638119
0.621721965027064	0.326898101663547
1.96372117107544	0.45473924627511
0.102604305863953	0.0701711791280262
0.287617720449177	0.240888998622479
0.927937666651084	0.505557031983464
0.888622401294269	0.661262327958269
0.628280147476263	0.759500850571674
0.646395654289081	0.766997526708542
0.611156539567961	0.730144418276817
0.541782283279187	0.545818161007041
0.203152896891881	0.162591914139049
0.659146410480998	0.699086875706784
-0.321361278403859	0.305976984512633
0.281299846989427	0.249369174465599
0.563212650029653	0.643472749606897
-0.125048993100249	0.0990019312885173
0.496167318200558	0.549711515265487
1.37752327980649	2.53459398551802
0.963743115659934	0.255236344279286
-1.12019427196772	0.338020301365193
0.692481142426252	0.221366284684109
0.188667958543402	0.04756856032199
-0.608428787479893	0.147248610626808
-1.49705816852235	0.532032217355669
0.624371749341474	0.329037448551432
0.573484795597397	0.335469969517457
0.377882134780448	0.191585241267698
-1.1152634133402	0.336439469187697
0.175528710194884	0.0601682623632123
-0.198757003958094	0.063979613393949
0.842756897055983	0.358214727221788
1.05456533880612	0.402811234670406
1.64932244866165	1.16376300280737
-0.124158842303778	0.0693548333142533
0.179845637419764	0.0616123591521601
0.463261930063185	0.187963871870916
0.413661033766514	0.188154335954189
0.376491311028634	0.340641414100285
1.17182358984976	1.45253900810293
-0.124494347287102	0.069500240218312
-1.14805778531874	0.638127105308851
0.180107983152346	0.0541465694868784
0.173226391620975	0.0670693928756387
1.84066711299049	0.726365639107333
0.624624826466792	0.328815517980646
2.13275419746116	0.963270597877117
1.96372117107544	0.45473924627511
0.845105806899757	0.359316278453548
0.750581062892003	0.628506678687592
0.599457001962149	0.751534098598044
0.4003612398153	0.430833750249827
0.431535334875541	0.462543822697356
0.42290508273236	0.427093807096308
1.04113097578802	0.986044193398206
0.454082572747775	0.440127170602378
0.73297262351404	0.484512573718011
0.686626809163374	0.219374653716057
2.58364360927846	1.45083221061227
0.0758742284085635	0.0633897841991452
0.627811374366987	0.758620397868314
0.500815907011215	0.446305332536671
0.19696776146488	0.135811184759377
1.59656829823909	0.802927704646313
0.736066076945038	0.487460884894739
-0.314228062046467	0.186520441781127
0.332859040772351	0.217468321357321
-0.0678121647847698	0.0267549986716509
0.0487110400188378	0.0286148333485086
0.569190807102256	0.478369189266346
0.474312037968095	0.531840093520884
0.268239055041919	0.272543257134432
0.121971885805501	0.0930695991716287
-0.200356724941695	0.148846953458284
0.436870501938633	0.445178419080921
0.207924110944557	0.150328700057026
0.452900645980081	0.346821435390204
-0.042877068075391	0.0314775624743453
0.963789904246653	1.29467911616821
-0.0699334196643311	0.0568411450685214
0.729591807248389	0.82053817473484
0.497293695811126	0.460834217851889
0.310918557130985	0.23594079386885
-0.0598437679905708	0.0499815398046448
-1.06651221337705	1.58636392862055
-0.501718586138133	0.523367511744431
0.28907831528909	0.242386790423741
0.367250916439974	0.341078224307129
0.492332714360204	0.337976069462796
0.363958698283082	0.204259370121033
0.47280904202969	0.191992375334362
0.162248296925026	0.0708085606715797
-1.81439535144925	1.13340804713357
-0.994369547579983	1.17267247906366
0.715448466370102	0.337890549600564
0.186030765662856	0.0998308773345999
0.185256293297295	0.0993906323682381
0.636094626854676	0.485845920605235
0.764783817790835	0.842636803835085
0.802197186042142	0.862931684053524
0.627644313596425	0.678174933917799
0.780384465485384	0.953154125615149
0.126800947860319	0.102467276951109
1.064939626761	1.63375535278614
-0.400778030048379	0.368912278557077
0.460059503988194	0.447659619283186
0.422538469382948	0.426715251342861
0.276214934715248	0.244080261262619
0.497848377119881	0.537048672929974
0.771361502640729	1.01586506364
0.279637761904323	0.254608639511896
1.96684138854469	0.455504908505281
0.165088029467664	0.0313824661178469
1.96684138854469	0.455504908505281
0.164625296117395	0.0313507498370328
-0.613682540053849	0.148388769407339
3.27152519356808	1.11907150574555
0.958352222975233	0.253964848564806
-2.57067328278635	0.665094197548339
0.165088029467664	0.0313824661178469
-1.11896025029368	0.337616084496264
1.96372117107544	0.45473924627511
-2.57067328278635	0.665094197548339
-1.79346061997896	0.390723019452767
0.838128194049257	0.355898979512677
2.76109157462938	0.779871501961836
0.165880035481028	0.0314978449610492
0.363574068207238	0.204265331539551
0.567825922730433	0.330649217248142
0.428914425310014	0.195847700957056
-0.284400098083811	0.128973844738267
-0.613012730411062	0.148202450577793
0.165880035481028	0.0314978449610492
0.160144755571284	0.0306956063740573
1.96372117107544	0.45473924627511
0.17899314570337	0.0538175920888867
-1.79346061997896	0.390723019452767
0.186752657299631	0.0471525522204707
-0.709319061175721	0.242738363206193
1.34428249004666	0.594123262694733
0.361267582265837	0.202458473968608
0.349527596296282	0.195363029144624
-0.919914881043657	0.555223904295715
1.48689565927273	0.936684937827617
0.630988355723501	0.332977787748114
-0.0698755855518956	0.0275162464102779
0.962025660417238	0.254682745005495
3.64871284900552	1.44691597652701
1.05693634570001	0.403813519694082
0.628309124618584	0.330814029298577
-0.532788702117725	0.334241663518459
-2.75716961285515	1.84193735941878
-1.6999728853214	1.40929539760406
-0.126061927474409	0.0448064876068489
1.35742358780664	0.601505744976776
0.472199005963952	0.191734119717762
0.172006788332347	0.075053713476245
-0.587596151465899	0.279243538308297
-0.198392257320092	0.0638832149326698
-0.280202214428678	0.127151933464255
-0.371935097142025	0.1538414278662
1.79538261853859	1.01146940420808
1.48488845834728	0.934835182708903
-0.496879333423488	0.187181684059415
0.630243924930446	0.332090302468619
1.306243327058	0.727921714893678
0.46605569412732	0.189112961840582
0.817199656824672	0.493302367907307
-1.07046128155476	0.720520305536691
-0.284653669799497	0.129239420686653
-0.219801928577377	0.10847185040056
0.629279309903253	0.331432273442302
1.27737856747369	0.892164250477587
0.569345661303514	0.332410997795196
1.46910411205871	0.490049168285487
0.845105806899757	0.359316278453548
-0.613158918177153	0.148231887572971
2.13460629217846	0.96446244584926
-1.7934287506278	0.390727439150181
1.06836139957449	0.408794416634394
0.921532221481121	0.500071174349431
0.169566032486793	0.032038095111837
4.18708100798078	2.03450641531836
0.547057604624631	0.198554222727286
-0.720039304571019	0.246656057253225
0.615632117186625	0.32305760106615
0.737982882434132	0.489170344704982
0.416541146654408	0.189406706655173
0.926900126021839	0.504246365110297
1.08589816691238	0.530180013959781
0.166848452031992	0.0728069562699596
-0.125375880619607	0.0700252802613939
1.09608774076525	0.675003407187714
0.0432642593720077	0.0237729098596894
1.96372117107544	0.45473924627511
2.76109157462938	0.779871501961836
1.96276901321247	0.454520391574277
1.96276901321247	0.454520391574277
0.957162742729009	0.253557522610441
1.47086646676889	0.49088731436037
0.966736740010186	0.256029100393941
0.16619130625606	0.0315431724784316
1.96684138854469	0.455504908505281
0.968469219672053	0.25651021792255
1.96276901321247	0.454520391574277
1.46964366147565	0.490422889690681
0.547057604624631	0.198554222727286
1.34886052544281	0.596542879120315
0.733380373137645	0.484889429244638
-1.01544637554403	0.402516794371791
0.174045724149933	0.0524237595938313
0.842091127718652	0.357749831163131
0.967933372585482	0.256362285789635
0.178161345351442	0.0610444196674466
1.46833343766606	0.489897083934438
0.177795424572055	0.0609118795792828
1.96372117107544	0.45473924627511
1.96276901321247	0.454520391574277
-0.614206104379299	0.148455859250315
-1.12464685880463	0.339484249108323
0.971485400220684	0.257250631808135
-1.13839363781639	0.630047275491816
-0.763298680625026	0.410512814307639
0.717604757687493	0.338919218901797
-0.370393338064475	0.153177348451851
0.686270437198953	0.219228628867356
-0.32485451718176	0.0931499749349684
0.176825054435177	0.0449204608148946
0.963078860472085	0.255236868510046
-0.703651055748467	0.240588737528622
-0.703651055748467	0.240588737528622
-0.701060091359901	0.239632648032144
-1.49753171438992	0.532305096548695
0.00391851298059173	0.00163502449495869
2.76671632811135	0.782410087450427
1.08830272008167	0.532159510230079
0.716391962585642	0.338654913934255
0.168910828881268	0.0579679737759373
0.174639639246007	0.0761123598994028
0.548515509988744	0.199132914018316
1.08850211338313	0.531958239000341
-0.707845094848957	0.242262716671496
-1.12086886051128	0.33811902750598
1.59756362339209	0.803815611179192
0.180845714650258	0.0543398759613664
-0.447892072133472	0.295441306105551
1.12496004792256	0.859122640334521
-0.958228372435311	0.471274574913483
1.79118129954036	1.40556882175247
1.06301156133644	0.406541088935866
2.76330811440907	0.780761067286217
-1.7934287506278	0.390727439150181
2.76671632811135	0.782410087450427
1.96372117107544	0.45473924627511
0.176138785194489	0.076835812846744
2.13772964310007	0.966515557948451
0.713407955282736	0.337122359406939
0.964934921520073	0.255476948633611
-0.702529153090903	0.24025873050893
1.06264198810457	0.406540438452512
1.09546440535605	0.536206422765552
0.852708790488268	0.36320684772449
-0.499521706169529	0.188284678762176
-0.518120715741543	0.322923958746693
0.379354525407324	0.192440406764185
2.76559849788836	0.78194178274137
0.967933372585482	0.256362285789635
0.968469219672053	0.25651021792255
2.76219840038386	0.780594539857824
1.96276901321247	0.454520391574277
1.09308809131309	0.534811978417923
0.187300583927818	0.0472598613580206
1.36286574455941	0.603893907869859
-0.493203251300823	0.185711768971633
0.182384642090162	0.0461735738884295
-1.79346061997896	0.390723019452767
1.47155078449581	0.491168545293048
2.76559849788836	0.78194178274137
0.920124812623292	0.499566932524203
-0.263228463057758	0.187827137216578
0.180152919935037	0.0964603915195486
1.06875711755406	1.13521228064645
1.59756362339209	0.803815611179192
0.555239766445707	0.201780832151434
0.172309731920116	0.0439046529437047
1.96276901321247	0.454520391574277
1.96276901321247	0.454520391574277
2.76219840038386	0.780594539857824
0.686270437198953	0.219228628867356
0.0181997798794383	0.0092907223266075
-0.443757077015303	0.292123632831386
0.330770002485719	0.215950169740804
0.0927664818582519	0.0631902076696119
0.764525996153063	0.750741336115871
1.55522899545672	1.33868794647839
-0.0352885437516657	0.0218338025563248
0.355653072713657	0.217982865158931
-0.371935097142025	0.1538414278662
1.06301156133644	0.406541088935866
-0.498201158890918	0.187691502941451
-0.444202432570127	0.292448867625231
0.301642935892418	0.217548968375582
0.11920211131472	0.0933855679102475
-0.53124722562631	0.519740022421443
-0.647253653173458	0.4459815202471
1.35636045207216	0.600949327384119
0.690554433996612	0.2205748378538
1.07975651179526	0.526413252374785
-0.059735361411815	0.0358784235378517
0.322900840303097	0.235398508924343
1.25815652985249	1.23612176723628
0.19818687038903	0.130297565131592
-0.241905687442855	0.177589570424237
0.181102638541402	0.11192519139769
0.180632287951101	0.0879886323905343
1.1427630289205	1.03290137115621
0.526661508019557	0.455445385776364
0.0923725281515733	0.060402221000444
-0.272352326315914	0.195303087591986
-0.463318466365588	0.387645881178903
0.706534909703943	0.619004183718395
1.15907651127815	1.31521509716684
0.681354312826428	0.489422717999448
0.0563601970821908	0.0349256780272603
0.321183202781979	0.221755719235826
0.408869143041682	0.185954308875274
0.550229507129372	0.199823293779666
1.05989643717056	0.405275695027378
0.721741074042977	0.475486593416794
0.389547266862642	0.198205506754293
0.40716380836482	0.335541213725293
0.332449073199047	0.21723841224471
0.822479584845117	0.893668681051416
-0.169064871243919	0.111304568987774
0.534142553704013	0.463747358685701
2.16020411867612	2.22653780025916
1.96372117107544	0.45473924627511
1.96684138854469	0.455504908505281
1.06449307015235	0.407221804443696
0.550229507129372	0.199823293779666
1.29982025776459	0.723867649399335
0.165088029467664	0.0313824661178469
-1.1245135089551	0.339452387639693
1.84525714600486	0.728756039651982
0.206644594071512	0.193213091161607
0.77361341844987	0.856478690468878
-0.0396497643870637	0.0170152108658959
0.962553055030982	0.254827961566665
1.96372117107544	0.45473924627511
0.165088029467664	0.0313824661178469
-0.701794429638729	0.239974906557054
-0.493203251300823	0.185711768971633
0.686704830368692	0.493836161801442
0.0614724819344997	0.0380980386873701
0.929549162147461	1.16015998777472
0.472585983748515	0.447812618088636
-0.071360015025007	0.0508230707208769
0.624650697868784	0.474797535485507
0.592213791292562	0.475141361698689
0.701791453185767	0.613450237293021
-0.0941077730229357	0.054771170468956
-0.594640873593604	0.283513463002596
1.00716239494751	0.825019581277788
0.329880582577819	0.215130623179511
-0.362915660877396	0.310090390949523
0.468500342013024	0.44289827994974
0.765572911176215	0.926674387812218
-0.306840284558013	0.18156567718202
1.64396224066188	1.15648074484024
0.813863463587567	0.490366167934949
-0.218830695018178	0.108010418564366
0.19198536032867	0.177575182074099
0.206689389213063	0.170736802826186
0.129585295173956	0.104896619213521
-0.440728264628849	0.401955531071537
-0.65051544895237	0.704456458438404
0.344634869036919	0.333875931752247
-0.157466684198326	0.121065405529827
0.417749882451158	0.346238444749244
0.704945955814071	0.810948238007456
0.290018676146493	0.243104569687912
-0.181717986133609	0.15241320378093
0.201924787784814	0.15650242029432
0.11665399062707	0.0887065380551064
0.291009870635821	0.252048278990981
0.509918750423927	0.456905891967714
0.24596581405125	0.296913354755204
-0.012424674702455	0.00565131473120523
0.167722678334851	0.064927369580929
0.186752657299631	0.0471525522204707
-0.0388632485777968	0.024030123881692
3.65499468921657	1.45049079500857
0.321953232297441	0.222610257150859
0.214418854709001	0.177967001022977
0.315800676971656	0.240175292499735
0.127780588737384	0.105891029957572
0.705299708674494	0.811639491564638
0.169566032486793	0.032038095111837
0.183073792285235	0.0549481693591362
-0.702529153090903	0.24025873050893
-0.748750624071192	0.324201697189559
-0.32485451718176	0.0931499749349684
0.681600849226051	0.217707538421281
1.84525714600486	0.728756039651982
0.963743115659934	0.255236344279286
0.963214248695465	0.255090594573707
-0.497540036768389	0.187445875024767
0.17782934982735	0.0688077558569217
0.963214248695465	0.255090594573707
2.76559849788836	0.78194178274137
1.84022304372881	0.72612017307568
-1.30102010023417	0.806142417053773
0.372105684056498	0.335948697933865
-0.255403020268606	0.207108250400587
0.933096070908383	0.813956241384917
0.0333871866562918	0.0233406234213188
-0.510556190321756	0.417904963905909
0.0097754296916294	0.00617923619594344
0.177610492268878	0.102911170048469
1.35429655074843	0.599675579307814
3.95159930305048	1.75022168908514
-0.763487603028372	0.411281381059651
-0.776356537151052	0.659504370720432
1.34491363140322	1.58085055857047
0.719222331727787	0.905365911812943
-0.461164106434248	0.385486529909746
-1.25281925956016	0.562508639119867
1.08687431067012	0.531313262456382
0.810522289662792	0.644883315619994
0.767051497259205	0.753717340109373
1.00448634013116	1.10191670469624
0.0766642575074182	0.047644112454474
0.570806678996692	0.332998977249206
0.966608530695498	0.656613278900318
-0.0552373064577804	0.0331740414462455
0.632692888166013	0.482549071406487
0.177444719478981	0.0949039027170245
0.487508902139046	0.449267552782486
0.289356710109036	0.250209687470885
0.445157059152355	0.339642346068156
0.634507334190003	0.845988745511808
0.412724479701424	0.187857842469822
2.38151726673336	1.20811240042553
0.165088029467664	0.0313824661178469
1.08868585413539	0.532513183482224
0.86619389138141	0.916696039872044
0.177795424572055	0.0609118795792828
-0.0435176470336983	0.0268978622828343
-0.00188124185244426	0.001202345696521
0.181743714491496	0.0460173511561772
0.964404580081594	0.255330782344719
1.96372117107544	0.45473924627511
1.96276901321247	0.454520391574277
-1.79346061997896	0.390723019452767
1.96276901321247	0.454520391574277
2.76559849788836	0.78194178274137
2.76330811440907	0.780761067286217
0.167587753759014	0.0505623239737036
-0.130373788703804	0.0463194287168068
-3.07350260546998	0.94852963330217
-0.120446187706217	0.0429055937947684
-0.770666345968659	0.502837876468317
-0.58226416414173	0.276096945473389
0.183960045070368	0.0552151922972765
0.182784373310677	0.0625636986950216
-2.57522664974505	0.666917731403372
0.160144755571284	0.0306956063740573
0.962553055030982	0.254827961566665
-0.455976983683113	0.235345629755158
0.967271104517323	0.256176548116206
0.464450897593892	0.188417201617607
1.47086646676889	0.49088731436037
0.682339311812087	0.217953944354753
1.96684138854469	0.455504908505281
0.165880035481028	0.0314978449610492
0.687001483078787	0.219402881860221
1.98004986274529	1.24727784426998
0.524524618939281	0.333922182062481
0.85042709926287	0.362163990330178
1.29710109202098	0.720413271617915
-0.468835973082836	0.2432486232227
2.76219840038386	0.780594539857824
0.688637326691298	0.220082192676685
0.715863149882087	0.33807152825117
0.551654521195964	0.200367304145546
0.165880035481028	0.0314978449610492
0.349909507369368	0.213732164046292
1.59294829208772	0.80007496780365
0.165880035481028	0.0314978449610492
1.96276901321247	0.454520391574277
0.171738207710718	0.0748450336409684
1.55604598870607	1.33982661263549
0.416473035682055	0.189386596139235
1.96684138854469	0.455504908505281
-0.617339897765464	0.149284387408846
0.176287929781929	0.0682081341245489
0.179114799832285	0.061333195223855
0.182973217707566	0.0462917199497201
-3.45239496999294	1.22656388713544
0.712291349332508	0.336390181260595
2.76219840038386	0.780594539857824
-0.374367935902034	0.154859203967229
-1.79346061997896	0.390723019452767
1.96276901321247	0.454520391574277
3.27152519356808	1.11907150574555
-3.07350260546998	0.94852963330217
-0.620508073017092	0.361476184272413
-0.674186958929441	0.581712346529737
-0.530077622015702	0.46985459572212
-0.553959399793857	0.497738661490612
-0.21126396988771	0.135535374978437
-0.577818621235764	0.273838152329343
-0.559488866974554	0.402697297724827
0.31247137396396	0.237205612062599
0.552010634561459	0.20046264360567
-0.708225225424176	0.242257120133667
-0.130588459022303	0.0464095375974323
-0.0926565449905412	0.0538499855425438
0.0646766624263916	0.0379910981780404
-0.122214179396015	0.0943658430446618
0.744347765873859	0.620887997565899
0.498748171606234	0.342827962211699
0.716011633271524	0.338184526787078
1.30541759867277	0.727570138048897
0.310360001191955	0.224838817631835
0.527930685408556	0.456790142769446
0.363147868351746	0.203725247583637
0.452256649461085	0.34620295698665
-0.0425165197333843	0.0262892517176733
1.24827511250464	1.50861485797264
0.183267335138719	0.135746855448777
0.079695902642257	0.0495519088763438
1.08888268610096	0.532186917645821
0.879641398312473	0.651550245982904
1.84066711299049	0.726365639107333
0.899227108113954	0.915682009109197
0.869612066870484	0.795964285257926
0.186069807523728	0.046984734903896
0.958352222975233	0.253964848564806
2.76219840038386	0.780594539857824
1.8476275755017	0.729726391578086
1.06338277916722	0.406730999521995
1.10121378242392	0.679152402229459
-0.619069360213747	0.149654914653121
1.06449307015235	0.407221804443696
1.47032706033056	0.490703617760438
3.27510914666181	1.12076297640292
1.06762213189116	0.40860472471242
-1.79346061997896	0.390723019452767
-1.79785205353169	0.391773074809323
1.96276901321247	0.454520391574277
2.76219840038386	0.780594539857824
1.35529673097699	0.600305768997688
-1.81286453482065	1.13217887085259
0.174178182829632	0.0597072241968293
0.980921956310899	0.669414778620506
0.672007559206393	0.480167233305575
0.568461070631044	0.331234699664629
0.880988219471765	0.652926561805385
-0.386499184255435	0.160299389123232
0.687453672774919	0.21969379736456
0.46605569412732	0.189112961840582
1.05731446601517	0.404073999886943
0.183526869823475	0.0983912794161795
-0.488539351256482	0.364031862805857
0.715917264389056	0.338076201178297
0.487527570460365	0.333399581128496
1.29791470308242	0.721377615057999
1.64783725300531	1.16211284751558
-1.11896025029368	0.337616084496264
0.468648132091307	0.190251206068022
1.47155078449581	0.491168545293048
0.177135104292889	0.0606864572718404
0.58677480738934	0.469426832961906
-0.580810490545755	0.275470089991001
-0.465029150979428	0.240479286346852
-0.088784420241894	0.0515627215868913
-0.523452462470282	0.326608549184032
0.336871039249913	0.204950007698006
0.0520152473997971	0.0285440849369824
2.38151726673336	1.20811240042553
1.46964366147565	0.490422889690681
0.693216225774344	0.221541872050593
2.36732732621589	1.19706157491841
0.958352222975233	0.253964848564806
1.29642726978515	0.721036633937648
0.917148153200544	0.497533549757154
0.177362298643623	0.0450515694227369
1.84066711299049	0.726365639107333
0.626801955749412	0.586484772849052
-0.373043614309068	0.208055613459299
0.330828743810101	0.215868495509695
0.342277293166747	0.224412893148236
1.06100497274362	0.405629306325193
0.983154809861704	0.67150402071289
2.76330811440907	0.780761067286217
1.96372117107544	0.45473924627511
0.957162742729009	0.253557522610441
0.170080907241198	0.0826557959639282
-0.269978807239791	0.19332782991861
-0.40947625875836	0.37876619073161
0.267143414656529	0.247476300105736
-0.34134962518504	0.342576008929056
0.0171184388458079	0.0114873021674725
-0.327876888044337	0.28339846189666
0.20289295656268	0.140300881537691
0.380990075173089	0.345826146361857
-0.378061816014904	0.210780561855678
-0.773196967173715	0.418031390933076
-0.586094131867088	0.278540640573356
0.205902075264649	0.169987360357356
0.852272492624555	1.1008381266587
0.574187888560375	0.726079460419854
0.26494284711863	0.262720255886116
0.347222781499095	0.211833421977114
-0.584123953425108	0.277507589915137
-0.95762588419923	0.470003476549046
0.46843211581079	0.190223410571102
1.12900577371122	0.862527904812327
0.769683967064494	0.850596868842128
0.199778640967662	0.164318777852472
0.212749339540115	0.165867010766024
0.293546557034709	0.262250972267128
-0.180670538669144	0.164384138623344
0.201265443207652	0.187410109206283
0.202614174046042	0.180530931719803
0.962553055030982	0.254827961566665
1.05346208699469	0.402359762312703
1.06100497274362	0.405629306325193
1.08731334966669	0.531517192286789
1.25015328188337	1.37477527072147
0.170204635974754	0.0658221688594806
-2.6109286309186	1.5908213262868
1.05841887097501	0.404561121395212
0.730917951697246	0.483468731054722
0.285342255116112	0.238727973527143
0.451898332808466	0.451488088321418
0.496283652934665	0.459621506433081
0.175891515215909	0.0602877256141385
1.09125662082009	0.533647969284778
0.556308696676708	0.202195250417483
0.929416710312169	0.506585610667782
0.688637326691298	0.220082192676685
2.76330811440907	0.780761067286217
0.807408698843856	0.485729130110353
0.632011339690378	0.684600888727717
-0.397505462924798	0.469477731122635
-0.143971852514603	0.134686434751867
0.142683130294871	0.122257214397131
0.768478085260549	1.15653878630132
-0.360919854915719	0.367138231106961
-0.588916627523379	0.686490067216711
-0.461986876439341	0.386113565173277
-0.758297954137658	0.491823905938213
1.83948692258838	0.725717515665962
-0.282695070299447	0.12836790241986
0.473023072929045	0.448439463397635
0.887087626143997	1.01836248813431
0.561691730483932	0.470017317878409
0.695031895028231	0.605343667405834
0.718435275402613	0.339720316166281
0.167162927808571	0.0647074729110319
-0.375877836787545	0.209418681291857
-0.512040721147789	0.318365849875206
1.60253574200144	0.807058425662451
0.811695831256675	0.489475855759712
0.4309720316296	0.343950040877469
0.581917356386155	0.653045731458057
-0.109256718111565	0.0856244493657016
0.211586093238892	0.194173364487852
0.258380044508263	0.237813268807405
0.518844780422637	0.550318056577651
-0.2844096135202	0.270679849257738
0.532168463947825	0.461584599328852
1.35960435833631	0.602767583717152
3.65499468921657	1.45049079500857
0.362788018879772	0.20342222489299
-0.171129517178362	0.112767050116378
-0.365807385804441	0.151036991110362
-0.0432055406795058	0.0185003868224182
1.37736856553101	1.27470311904485
0.418490707651304	0.190446434947592
0.387899135231148	0.197457362563527
0.662926495820485	0.704208302329498
0.469979209799469	0.342161417145969
0.0669764362383282	0.0531831536809488
0.428447189283778	0.434197000790289
0.423576473814013	0.336650745313602
1.56055002567473	1.34824661003611
0.821871416817317	0.49699538876552
1.30146246649907	0.724522922364383
0.411193651243347	0.186869354705351
0.365074397279878	0.204992677724776
-0.555132573984479	0.499055059881096
0.284393817783808	0.29213593388403
0.515505964304852	0.633151990592454
0.36008090560841	0.352503042021887
-0.723647884618987	0.870664705700408
-0.440777699321454	0.436071218337078
0.0656157777940691	0.0533227212151957
-0.406831467740493	0.405275353809785
-0.041579438851162	0.0178145068153185
0.358809910440292	0.20113672199713
-0.782432913449143	0.512907118610446
0.0839572526804788	0.0547543172412093
0.177835258209123	0.0951326515257291
-0.949403157010681	0.919894619784204
0.940250660406588	0.821986843085135
0.0199355299055842	0.0101679630487866
0.631288745990958	0.481631929911814
0.422722942921713	0.335887431281789
0.355748748858516	0.347252458100753
0.648530235421571	0.850788681389426
0.192342996818565	0.174099963606773
0.323807533832105	0.340488077765057
0.463174937412927	0.436349226966251
0.323366453639977	0.316601006756108
0.198067205567262	0.16275088013373
4.39615175238887	2.32136635339539
0.0415637646341741	0.0228656339374571
0.310259348811267	0.235341245745067
-0.772077260504764	0.416874788022756
0.712991602513387	0.3367289135541
0.0442702017770916	0.032090013312355
0.0809109996937519	0.0678422294097193
0.0329199733219686	0.0264561869364834
-0.70946966380816	0.806264864848061
2.37650465928581	1.20415667498595
0.175891515215909	0.0602877256141385
0.693668977910988	0.221707820486434
1.96276901321247	0.454520391574277
-0.0609754312311574	0.0241528263377206
0.565469428525095	0.474420751066047
-0.0743301288171932	0.0594752863282535
0.345570914966695	0.352491036789671
0.370738217654293	0.435326052196675
0.760590126487786	1.02502704754771
0.919523312251005	1.14189032042609
0.628805245173346	0.679457874460973
-1.20247834901066	1.76149582999583
0.775889597985087	0.859855898788489
-1.00835638596109	0.399381922624064
0.624144133061115	0.328533492674059
0.504994124460036	0.451210333235554
0.261071823423786	0.258231831021441
0.182138503273387	0.0887497933553551
0.866784049138474	0.792372961514411
0.529538085525627	0.338550996872872
0.0236561040881776	0.0119766510754279
2.297569589936	1.78736838844061
0.550229507129372	0.199823293779666
-1.1245135089551	0.339452387639693
0.84714118293522	0.36030412348005
1.90027852320515	2.50832464422776
0.189156803946175	0.123857115989971
0.295393324718893	0.248651482768436
0.301797001799503	0.246465548033201
0.0200625510529163	0.0134639031659092
0.204527657001475	0.168706582051085
0.178564875216849	0.0779351068292143
-0.0481289263946119	0.0205625806153978
0.392377576891852	0.199838653210954
0.185813320888401	0.0557349268614171
2.76109157462938	0.779871501961836
1.11799009798474	0.693502878537456
0.102444211968254	0.0726681197614052
0.199048480968257	0.148746064149794
0.101455609199394	0.0719383055258825
-0.402728420506675	0.371094083552042
-0.319784932389065	0.223995994037382
0.322764420646281	0.223274569295371
1.48692076899093	1.49386839090155
0.567928791906648	0.330841503702232
-2.57067328278635	0.665094197548339
-0.526135083237008	0.32900482737991
-0.244012408967436	0.196443450311979
0.516385246611502	0.547113059507477
0.464450897593892	0.188417201617607
0.396504853725701	0.202359979982453
2.54838750952816	2.38433077505634
0.550942476833057	0.200036223470925
0.185076110728506	0.0555416222332281
1.47373908013659	0.924352153857805
0.66387247552369	0.705677443370013
1.25829143119264	1.38882291235331
0.607615457195084	0.588654641584073
0.174541561886268	0.0598418639345934
0.550229507129372	0.199823293779666
-1.0033267355319	0.396956727520374
0.177066247302935	0.0685401027516552
-0.19866808684961	0.0640066499155127
0.181274022842234	0.10522958383023
0.549516086641495	0.199542874934359
0.728210652589039	0.736781511054607
0.437152898368537	0.445770647944167
0.622047515633	0.770311143244918
0.426627812658866	0.432061135469978
0.521740844215951	0.470314209707194
0.471653039927535	0.446688920278643
0.0182487318484978	0.0122489678163593
-0.119231040222735	0.0424930904552538
1.59756362339209	0.803815611179192
-0.0401663929224358	0.0172268980569656
-0.324690497434375	0.227936435322162
0.880674630702658	1.11431005119175
0.198658212431174	0.153681842671626
-0.121305507825484	0.0676363376075844
0.353612244954506	0.216359209531831
0.0418140225758506	0.0229438570694136
0.173459912023653	0.0757198028947193
0.426511534746254	0.194433305911434
0.188316260173369	0.109593360317932
4.19332756457112	2.03901099962885
0.469638211469143	0.341843390004409
0.43321796287641	0.346114518005905
0.173675896434513	0.0522954303204406
0.345022387925483	0.210499502069446
0.524915606114101	0.334166235390344
0.0230794570220996	0.0116842689085916
0.610728764413972	0.675771677566765
0.066960965293539	0.0415014701438641
1.06449307015235	0.407221804443696
-0.127973808429625	0.0455141210732245
-0.0682814166351455	0.0269342393394031
1.06762213189116	0.40860472471242
0.204211277679687	0.158449788469719
0.265737388481779	0.245952370306943
0.288572017182579	0.241807865732457
-0.421582630356577	0.320960966832748
0.104510787386622	0.0715226223034222
0.18140268781136	0.105203041341505
0.719412338789723	0.340297154529456
-0.366923986553794	0.151522574693312
-0.298556146861932	0.261125320133527
0.208410230359658	0.172364145576544
0.884618494560533	1.01395576527875
0.811343297497755	1.05967918410341
0.196299782884581	0.128847879836309
0.496569035899238	0.340991531974485
0.677761349180117	0.485858965201496
0.736211824623445	0.487520981922916
-0.0834141609835807	0.0327111566453983
-0.0364666388517187	0.015679824853925
-0.903883623254828	0.652544338203156
0.559793072866076	0.325640240024712
0.917224750615719	0.498150708010336
0.427370746255475	0.195034845485121
-0.121712523823177	0.067921539929762
0.810331459488996	0.488009846998996
2.58434513496963	1.4517707042889
0.467600793707699	0.189684539353419
0.379803555534362	0.192717207415569
1.47155078449581	0.491168545293048
1.96276901321247	0.454520391574277
0.372058010876824	0.346429404732352
0.593687552431578	0.476357695321882
-0.256108617584562	0.207647078840223
0.716426564699839	0.720537388775084
0.357709919636296	0.200620772790553
-0.0639081139742516	0.0252611434304051
0.321480304719364	0.222033217788865
0.379705878497804	0.332799112782383
-0.072795475316592	0.0518916281818096
0.89607215085358	1.03345330038122
-0.370373693531508	0.317864423899115
0.304547316140264	0.249020600976773
-0.769607353615958	0.501180971298657
0.388588574058945	0.197650480504143
1.7034797073703	1.98391164387499
1.10217882059891	0.680051928896139
0.7564645031204	0.635225152953108
-0.889696577856802	0.734536387215528
0.169350026296892	0.0905009538844971
0.295437010938917	0.240069383290697
0.199063867606167	0.163690753124891
0.564363160480377	0.725617598909076
0.203960405558375	0.202238413131563
1.39374599877803	2.01778996168708
0.883075471254898	1.11855271424699
0.349879662010426	0.357911760986962
0.839495833782448	0.356721288421175
0.85042709926287	0.362163990330178
3.27272750868887	1.11966450015405
0.469214796260205	0.190439621590192
0.165880035481028	0.0314978449610492
1.54726315897289	1.32940064139506
0.869746105942282	0.796224134576955
0.700562557975303	0.729579833980365
0.395563789875431	0.337308703123892
0.265275674138459	0.257385448585996
0.387497348904294	0.353113005522562
0.0989476131413258	0.0954565910530476
-0.162952933674018	0.151906440250125
0.769309400232697	1.22812134534191
0.989488829331145	1.29594163727374
1.03971420448785	1.33800747214928
0.602682503734557	0.485783672334548
0.924596431584653	1.15022966418459
-0.168368290397168	0.154742954176477
0.108861282232687	0.107600875243458
0.45290495086504	0.452530820013632
-0.114827413944052	0.0903313143837707
0.214362714921839	0.201476378361203
-0.252155436865434	0.245139613255785
0.064552080380949	0.0499778340614215
0.194498116162672	0.191351251252713
0.297100497797747	0.356010089156496
0.445789053826514	0.502532172782896
0.0132078720536373	0.00889613340168821
-0.030092581042717	0.022037337106186
0.511345712446302	0.458486876234681
0.410861621264632	0.324211191097191
0.629216059835543	0.479359712186317
0.776671896896442	0.861183417212281
0.914336775886535	0.937847172302098
0.736479616329871	0.488770252547334
0.966868071143693	1.17845036513599
1.71808274162701	2.32703844122145
0.982078620694336	0.671472819124615
0.176172750572164	0.0603387234066506
-0.196606144995592	0.0633346995977349
-0.120236251257486	0.0428246322371381
0.687904703717867	0.219759625438134
0.379521587388842	0.192750502005537
-1.1258777723839	0.339888304991231
0.165880035481028	0.0314978449610492
1.96372117107544	0.45473924627511
0.963214248695465	0.255090594573707
1.24621354369601	1.50490720125839
0.313992035172408	0.23861044084899
0.289740643730482	0.250759455904252
0.725019112852592	0.732368110740647
-0.269714498933541	0.122053780128761
0.176287929781929	0.0682081341245489
0.807185367860252	0.765510392211442
0.737530034379905	0.909361481569281
-0.00814478386648424	0.00617113818745444
-0.358688128974997	0.305542670284648
-0.175517540476174	0.162218784533583
-0.986447216866865	0.877020729209696
0.0409798440308899	0.022531584660246
-0.21406772773903	0.105456582441046
0.0822429714178525	0.0511602587135343
-0.236366112381781	0.173003943532718
-0.739611202446697	0.319530960174951
-0.868859888347456	0.790569308568467
0.172246622113128	0.0666906896215397
0.632212154631025	0.333499052061704
-0.487770301862088	0.363149306460975
0.267785571571344	0.254343716216033
-0.161323366684924	0.10580595718562
0.776396125949156	0.945968935672504
0.80974115730951	0.768716860087514
0.506335656301672	0.452567734499119
1.025375200197	0.846070232696819
0.429326356659625	0.342316127549924
0.739347342544918	0.49030114111129
0.458899247885951	0.185954094051001
2.37655430806726	1.20387218307823
0.842402125588977	0.357919130643033
-0.00550138069125434	0.00255673793773898
0.184170289869112	0.0988817685414563
0.632075331132287	0.481964675126369
0.601131404051464	0.484259042344115
0.933546674526339	0.813730087264166
0.556308696676708	0.202195250417483
1.35135662214001	0.598044460885579
0.719556553066246	0.34021370118301
-0.498572689177519	0.187792372240162
-0.207939580435493	0.0668891971625401
0.188667958543402	0.04756856032199
-0.326043908260378	0.0934449166225896
0.19006169952255	0.0569194977045989
0.695245000396763	0.60553380601022
-0.676345076291463	0.631023370686782
-0.22719561283804	0.186344420369975
-0.319319205891691	0.189749244290806
1.35351874402274	0.599332511290854
0.496756626724081	0.341522285234036
-0.685980755341257	0.595836872264292
0.376108628025413	0.340396038935985
-0.483569265298379	0.435622896445944
-0.668627024955194	0.768877669038444
0.113594060202353	0.0809977427866153
-0.0353287509407519	0.0152289879718829
0.176085816420128	0.0681705282084797
0.0226213403841636	0.0114798797535941
0.0152734070891289	0.00784851037686309
-0.606765155271072	0.534983820040447
0.188015163565235	0.109246255265592
0.169931732336975	0.0583028870285989
-0.899636326236902	0.647628893630084
-1.20832200453248	0.902174028580335
0.044451628009541	0.0322350677761298
0.00883743510124727	0.00557795760110857
0.433186270421854	0.346104042736398
0.322446780833835	0.222812126723199
1.14216735495301	1.03186079104375
0.720491896911313	0.474682848935755
0.568784735465513	0.331384091760695
0.175520499901646	0.0939260219531222
0.0693393472250608	0.0407411572859792
0.346630252998139	0.21139782861532
0.420440053336061	0.191422412441429
0.739901998343237	0.490733637068298
0.583599524466501	0.466017998662371
0.43992138058445	0.334794068027373
-0.648200326036438	0.446621671081975
0.199320278195857	0.177115200538506
0.0473671335042897	0.0363676346342052
1.1548805090557	1.18658012273317
-0.203149583365425	0.168570730904232
0.349024055993207	0.348154199661934
0.258483379866496	0.260727801867504
0.838480859620841	0.356210298702787
0.742172300821184	0.492862970041854
0.165088029467664	0.0313824661178469
0.18102264093481	0.0790282469082326
1.47333622017027	0.491753136545405
1.96276901321247	0.454520391574277
-0.617339897765464	0.149284387408846
2.00679097286463	2.38467024719009
0.00902438489578646	0.00612704499417666
-0.268104252181185	0.258014310756755
-0.122961106897956	0.113160050276492
-0.849425603018326	0.90050876572746
-0.0952629363357794	0.0668826068395317
-0.477781432177186	0.468773016065263
-0.834722001484117	0.937073012295983
0.313742724640796	0.238308102976241
-0.534233623874812	0.550766694707864
0.665351813802838	0.85896362731968
0.74608792618145	0.924338304692464
0.294181552791549	0.22118111940962
-0.258297398563946	0.246873265495581
1.24166324120035	1.85090780659713
0.201903218062661	0.1455324424867
-0.863116672870198	0.78368798050575
-0.204002910592435	0.151877401569231
-0.852157745966054	1.02208736702718
-0.24313758562159	0.247262358041545
-0.987056053907573	1.45913286135348
0.435796205459673	0.348365274049022
0.309909495150916	0.254230191248326
0.337659454070854	0.220889588686291
0.211153641885563	0.152878082285051
0.676045768622316	0.484332058814438
-0.0811672701412671	0.0470966550231782
0.0339563033521787	0.0187360892482352
0.188728452576853	0.109783241942489
-1.0634812905583	0.715429500235328
0.201209007565124	0.144902975652619
-0.137343731490114	0.0769448537530362
0.109356986842153	0.0804128860653779
-0.0891626201125819	0.0518273900313325
0.474852814674497	0.346475375275193
0.56125677098723	0.889404265633582
0.562211637308901	0.72209368327507
0.497226867438806	0.603002853652122
-0.020888838666349	0.0203179737330026
0.0164947225116016	0.0181671394612359
-0.115533213724782	0.126120237171294
0.322651685616183	0.41209491576747
0.068867161391101	0.0714935857119477
0.3218074353187	0.352340146260126
0.184291063239428	0.0465991085839434
0.549160121479864	0.19934633555332
0.692481142426252	0.221366284684109
0.182384642090162	0.0461735738884295
0.963214248695465	0.255090594573707
0.840157162185809	0.356960591621439
-0.611962616144159	0.147977912487881
-0.710805109113422	0.243238412093158
0.963214248695465	0.255090594573707
0.488950756993388	0.335070530457074
0.815292309704804	0.491694704419022
-0.0451137511282161	0.027889666444331
-0.41750844338985	0.317206771506603
0.320232775419962	0.535833732715848
-0.340788577385219	0.494487925790829
0.0158733076245447	0.0172911780955379
1.17329476192779	1.56467005325853
-0.211362176525098	0.135633168804193
-0.00183711185881766	0.000925212519337163
0.416973267764979	0.34543123640091
0.275944909746788	0.243783579604729
-0.404460957223531	0.550735940614974
-0.0573949498310115	0.0561439880874409
0.282343508353069	0.257534723611464
-0.321087469318465	0.423690183515534
0.0269927037416481	0.0278928676092096
0.142926731446766	0.133065271995576
-0.826437095208852	1.83377642717325
-0.452014194805195	0.768998369509268
0.0106706349393447	0.0112162493183216
0.307120358558926	0.232317599824324
0.200158741184902	0.107872329579975
0.373723403494473	0.210593291574881
0.711873983426973	0.336195040660752
1.00753961273426	0.82538874773992
0.191916367815249	0.093724687079035
0.171010817716971	0.074621448175335
-0.196606144995592	0.0633346995977349
-1.46053920799008	0.73428791747872
0.17161036033359	0.0588451910444155
-0.0893262973005338	0.0349632731386169
1.5926000408058	0.800136466406671
1.06063740894654	0.405466440477548
2.00352339087214	2.37791589853692
-1.45485042959277	1.00323526464379
-0.0682814166351455	0.0269342393394031
1.48645015556419	0.936066850648667
0.406827315502994	0.184783141012108
1.92216795290513	1.65997974758498
0.324341065625962	0.689435550811282
0.236677178649256	0.395015146781721
0.0294982376197865	0.0342491787926923
0.684701102955821	0.218657021719675
0.691293725798235	0.220916760169014
0.185813320888401	0.0557349268614171
3.64618465324491	1.4458034047001
0.165880035481028	0.0314978449610492
0.164778629348208	0.0313374327003096
3.27032462336087	1.11801013776878
1.12496004792256	0.859122640334521
-0.318345298117828	0.18921386358075
-0.377089743074418	0.210615637404914
-0.420136857602943	0.391168432207903
-0.597232503895464	1.39930486275599
0.136313575691391	0.202971450853035
-0.617032209623574	1.58163090032197
-0.134752643281579	0.0906922352066624
-0.0343636704342692	0.0148279990278093
0.388078847678869	0.197329392844396
-0.161840676551767	0.0854803814001897
0.207345797724436	0.16118786587302
-0.566346029372999	1.12569082819823
-0.171915307838545	0.203798759191457
-0.0717916620289449	0.0584211958440993
-0.163605814178298	0.1862405241555
-0.428139346650489	0.754989552267772
0.494397267312986	0.625225038055236
0.123735446232033	0.160558350565718
-0.788210657484356	1.82563860384119
-0.229476836983664	0.325287164987081
-0.681274564021508	0.5904477621789
0.165627625490112	0.0721650519743149
1.10683257208943	0.683282059244977
-1.07534563650861	0.725450200124093
0.841735975212034	0.357579650332891
-1.47088609464501	0.741809353787203
0.548869575377077	0.199219016338119
-0.498493518746738	0.187923773703768
0.172195511036386	0.0518779587947308
0.707911850880793	0.333837061941853
-0.751578918535292	0.325601084499325
1.29150898693068	0.716805354884034
-1.00236193740671	0.396463059052617
2.37366431975369	1.20196540132253
0.536685595434806	0.708735819581695
0.634665392386236	0.897076624378563
0.430289526562655	0.796937806416075
-0.412851318919046	0.542412527779202
0.39639943710991	0.579675378156662
0.49638181076189	0.689198772226875
0.387933120175463	0.596855997234175
0.624916555746987	0.474963479906627
-0.750971766157953	0.325331624245207
0.165880035481028	0.0314978449610492
1.96276901321247	0.454520391574277
1.96276901321247	0.454520391574277
-1.7934287506278	0.390727439150181
1.46833343766606	0.489897083934438
0.735912126154655	0.48785660766407
0.164704369211552	0.0637736743132212
-0.884586121284159	0.728527665078836
1.29385619692319	0.718805290862564
-0.557531172207993	0.400996935435648
0.121682966113018	0.0979864119116559
0.283462024029485	0.373050334465868
-0.0916019303034988	0.100080918293192
0.444686220928061	0.587410761686454
0.205829450936992	0.159852019793729
-0.147670811922983	0.0999551471508977
0.0393651642883975	0.0293492026891832
0.532216350578313	0.340529520334393
0.612344774988399	0.67823620973009
0.401150298855329	0.557951124512456
-0.0110728479242424	0.00937379599827018
-0.120151767815873	0.0947806466500166
-0.764036167287065	1.12012838194033
-1.03943328964295	1.97479738155739
0.272287364597147	0.259425249073668
0.0859457305782658	0.0918259816612222
-0.149746869217708	0.162491114592113
-0.380410468471948	0.465094549082643
0.406785169256025	0.348898112487261
-0.166963151651811	0.08824284384007
0.17684763832526	0.0684190334791449
-0.586472142319065	0.279009923568439
0.519373233700976	0.330550141194429
-0.923383396569181	0.557860977279218
0.373562253968828	0.2104630559587
-0.0748232390858092	0.0293773202669746
0.535834639967124	0.342964426166589
-0.92578095239455	0.559623370721494
-0.208034077214257	0.102467157106674
-0.169461691417245	0.089690934160543
0.385835985829421	0.326997462611231
0.351045293318209	0.21472914746661
-1.06113234139835	0.713032195086479
0.348940675807899	0.213052126092824
3.27272750868887	1.11966450015405
2.77014537202506	0.783552977740789
-1.00906318075178	0.399734482931109
0.169566032486793	0.032038095111837
0.164778629348208	0.0313374327003096
1.96276901321247	0.454520391574277
-2.57067328278635	0.665094197548339
0.805316214954942	0.484505236298687
0.294568360699391	0.239452600176559
0.195598477075767	0.151043053580127
-1.22704864299463	1.1298548040852
-0.0382807786363563	0.0236740389344134
-0.277666698067225	0.199608176022327
-0.0289629317019569	0.0215302582215621
0.129511550759054	0.102055828425989
0.644185379480196	0.608551364397587
-0.766793815123076	0.647836561856134
0.940321273686683	1.24807218230774
-0.304349625604606	0.267106504346948
0.103528422822407	0.0707974132682313
1.03616190804736	1.33146864111133
0.293990458824168	0.247208102627545
0.369431242178275	0.343645036937988
0.288713509682481	0.249764255863215
0.103494578671511	0.0734046381831701
0.625017313624797	0.754138956611844
-0.331396505803019	0.233638006881737
-0.153542566819401	0.117757379994072
0.206416495398271	0.170480965145204
0.974552634652846	0.66399827102266
0.216582876292755	0.163325045512886
0.192691387676414	0.143477295372045
0.135364597876331	0.109910804194225
0.120325956749025	0.0917526694694767
0.196621771535084	0.135549063542932
0.629014174455299	0.478659510201506
0.197638898459548	0.136298291229233
0.384339873370408	0.195103212494859
0.045008734326539	0.0247249076720454
0.195054190314364	0.145476322021402
-0.122665596248299	0.0684002026096005
0.0799853285351891	0.0497272497314526
0.0763483104563789	0.0474433393408727
1.36361082470348	1.44547513469852
-0.0862239634789027	0.0500874236823138
0.7202449647611	1.4458355077426
0.267715629637785	0.375865087800424
0.181837521716867	0.0460537144756759
-0.613158918177153	0.148231887572971
1.96276901321247	0.454520391574277
1.96276901321247	0.454520391574277
0.180107983152346	0.0541465694868784
-0.0372584409226453	0.0160272565100311
-0.0139939528468698	0.00635016199880511
1.4123857513575	1.09528019097531
0.922949382351468	0.501209857976813
-0.305074453653573	0.180281651416503
-1.02397795953685	0.808921414267837
-0.501417045993455	0.481856530956297
0.0394857324282066	0.0454629235984946
-0.340499463639816	0.543276554622165
0.69656865450713	1.34116132644989
0.357154995470393	0.339455426074743
-0.628305952444089	0.36704099010388
0.0207169984715296	0.0105394431083723
0.568356861547709	0.331130699825938
-0.249156020138133	0.222424014014822
-0.0414222654827027	0.0418033579456906
-0.188884538819943	0.188584583588692
0.384277321384221	0.360554930258378
0.265362787156502	0.257462616661342
0.0866395376854966	0.0914496919109222
-0.668988905081412	0.731395292257205
0.202198626113419	0.260559660582339
0.360360892246286	0.420043754445413
-0.44039312225219	0.648009010246937
-0.250193130977857	0.202230018694931
-0.0350390978086348	0.0151111196107118
-1.66143828869588	0.936429693373398
0.358965269433827	0.201278293525855
0.163939439833303	0.0715010853485449
-0.369918345393458	0.152782068443707
0.412231991276479	0.187325521246891
0.167301337112252	0.0647584008888962
-0.764473344229221	0.411891470010967
1.30049117008406	0.723689437242112
0.391866134140323	0.199502156845776
0.180909965425511	0.0882800231470179
-0.0474444885872938	0.0202685238361285
0.409698367802031	0.186032855679696
0.723347906373318	0.730275688927279
0.107603170379666	0.0790642459189463
0.824912094531788	1.22093144785566
0.499961509311573	0.621633583713237
3.6449477089076	1.4449787602644
1.96684138854469	0.455504908505281
1.09408007726975	0.535457365069787
1.96276901321247	0.454520391574277
0.165088029467664	0.0313824661178469
0.179186941663505	0.0613870679805912
-0.0310922482627444	0.0134753509952322
-0.263491258570659	0.163756012693022
-0.0471651313848696	0.0291707362618851
-0.572401588462748	0.414887265596161
-0.15712244388387	0.0829059857265191
-0.958404403667262	0.932568131110581
-0.375710729248481	0.256027082271819
-0.232825838895588	0.223104605800438
-0.0677889850421648	0.060834778723595
0.263166510690264	0.260705111766831
0.961280785965634	1.63882620508144
0.215330289417131	0.206983520504669
0.173585363068649	0.112846214187915
-0.691405134018019	0.6019981154995
0.852247403776834	1.00259526798753
0.368136871536378	0.331451596234787
0.502490197585209	0.688240327632814
0.302048366220888	0.338404318863411
-0.239184560243789	0.212047214798832
0.137993653342015	0.117883643291356
0.150647607206798	0.143767509134224
0.461905583249425	0.526670874192587
0.204378306853236	0.158630436003034
-0.333892532686656	0.397240987762479
0.0666227915243846	0.0645064289282635
0.204989114302121	0.195568767131451
-0.165606277246312	0.0875072017310385
0.4958924966335	0.340775576716745
0.979865434822643	0.668425879578893
1.25577125804138	1.05884179858358
-0.523456495653751	0.326442565050034
0.184242894938423	0.0897974178110531
-0.508786249084006	0.192068550469136
-0.468211757921516	0.24260964104148
-0.492814905094963	0.367975505234023
0.181499258477061	0.0792392225641378
0.677909458384405	0.486236300216055
0.361267582265837	0.202458473968608
0.841309230842897	0.984532748195299
0.76123961894573	0.74628483793414
-0.439607953042085	0.28876273414445
0.309828289618466	0.234932961785284
1.96684138854469	0.455504908505281
-1.79346061997896	0.390723019452767
2.38840027795153	1.21232314230845
0.421928659406831	0.192265447618348
0.533327679603425	0.341070106207743
0.513626872040273	0.460934291515778
0.471294837617788	0.343327607164671
-0.657485433520157	0.455376853721133
-0.0176644511579582	0.0111931445136067
-0.624137592608277	0.594274064193568
0.146742945566263	0.128837424855785
0.88365646665078	0.657077713659709
-0.684998980584369	0.59474723172438
0.471371836928363	0.343109893007383
-0.694347061258735	0.605208535936305
0.0180002961731407	0.0120873590070408
-0.116112375149962	0.0914247914774788
-0.164697237231646	0.108197879082505
0.0773201712692885	0.048057779833672
-0.955300030848836	0.928630573009816
-0.280785042538785	0.202203139263883
-0.252027582485264	0.22545758057001
0.554143853942741	0.562187175866475
1.33028366933164	1.55377420630659
0.0475012345234004	0.0260503493331555
0.200243179132036	0.138235543972289
-0.349842398937245	0.306372328745932
0.505130618743991	0.451229236466182
0.116091924253728	0.0828776601141245
0.0738007225590143	0.0457819665820703
1.7926432502796	1.83780658552374
0.600159580004713	0.483272981160135
0.325986565561364	0.212166661637416
1.14267899451867	1.1671468109221
0.869775420667208	0.921964133725316
1.93100173106596	1.6750710548435
0.728315729168061	0.345273040260105
0.135303367156351	0.115363897961697
-0.0369814437595021	0.0158941849256268
0.463453634222606	0.187971647179528
0.838480859620841	0.356210298702787
1.10587531032344	0.682269234652023
1.96684138854469	0.455504908505281
1.96372117107544	0.45473924627511
0.962553055030982	0.254827961566665
-1.30229167947448	0.805987670419406
-0.583516759708488	0.468960388379749
-0.492816007216407	0.487583532773481
0.837679881230783	1.07370368852096
0.0402821568568594	0.0300474072881329
0.262986135607969	0.25474407105006
0.30518100694559	0.240433863905204
-0.150839928861387	0.118462492961884
-0.768288531802691	0.818902899088159
-0.958195272589579	0.471009369818393
-1.25262980299487	1.34751461346014
-0.0644951458755025	0.0387676564170814
-0.152680824960266	0.131284794899031
0.292355343900107	0.237383577281682
0.0573415318220493	0.046359708664422
0.615085641605812	0.758560947359072
-0.270575099989468	0.221318043896563
-0.570072234523529	0.412647290031717
0.632427711022957	0.482258228072321
0.480901367077281	0.457917713375685
-0.207193282917917	0.132757547044315
0.190330311531241	0.130762175179766
0.4234202211193	0.193034609297238
0.326268556786359	0.226017441659272
0.192066043933277	0.132112852641163
0.893366566932795	1.02847233040717
-0.545411065145156	0.487804060344429
-0.00543199934945291	0.00344700463328679
0.360195897795511	0.352436997931583
1.12058332834437	1.70715937824267
1.47954443514528	0.929251990384716
0.175528710194884	0.0601682623632123
1.25153231683769	1.37814894887746
0.463508058560886	0.33614322569794
0.115679550216809	0.0879802366897824
0.470053211458578	0.444560997771064
0.917679842569277	0.498412107985016
0.545282959725496	0.197930364047729
0.173675896434513	0.0522954303204406
1.55824191836144	1.34488379806475
0.188667958543402	0.04756856032199
2.76559849788836	0.78194178274137
0.691745806165962	0.221041871886146
-0.194707300419976	0.0627574468129208
-1.16983948581715	1.18721813145107
0.721491567272956	0.727546814763624
-0.614801758414851	0.706831045784846
-0.604544601879502	0.659984065648429
0.213499513697037	0.186913865900825
0.661526759917046	0.702422735487626
0.997956453573154	1.09222005419815
0.531599779150144	0.460951963021384
0.175745590350331	0.0855812941878132
0.176633008472562	0.0770659834994321
-0.0360798294056658	0.0155212792131445
0.713715095863842	0.627468201331794
0.0167704410005648	0.0112665304692058
-0.840130148028466	1.00188260488593
0.27133418562887	0.245586918576595
0.0189554443422061	0.00968232667844295
-0.252321823603559	0.156035693584146
0.163440350387908	0.0712828005374671
-1.25722881464684	1.35529865244082
-0.167722099800202	0.0887852325432969
0.730917951697246	0.483468731054722
0.770553362700125	0.851820706935647
0.411150535285346	0.353705218509212
-0.428990815276436	0.451829361761163
0.418665981653275	0.347204789148048
0.514775991625697	0.462309579972784
3.27631781619437	1.12171855032085
0.687001483078787	0.219402881860221
0.978057511092421	0.666348475988114
0.393780404504587	0.200651929274297
0.203908667213933	0.158239479394897
0.407140996339896	0.33536065554957
0.536284990431559	0.343387343100156
2.38151726673336	1.20811240042553
1.47155078449581	0.491168545293048
0.843112221571307	0.358304979544083
1.10082822781739	0.539597666003634
-0.32759034209047	0.0938892839663892
-0.115237892478501	0.0411160002983332
1.0462642830301	0.398980860416738
-1.79346061997896	0.390723019452767
1.96372117107544	0.45473924627511
-1.5026235657887	0.534584753118728
1.09324535433153	0.534882460785815
-0.102152845949347	0.0699470327419505
-0.141999755851637	0.108156611541362
0.188249044108972	0.139847017625041
0.126316143889901	0.0993884029123506
-0.901672269178933	1.12621413548381
0.724516119150573	0.983544410411314
0.815604271869809	0.776757402983659
-0.770358240068289	0.582844318241482
1.11750399742161	0.850069358567111
-0.078664013620457	0.0308649148267959
-0.69681330218041	0.238104465757831
0.743645900799513	0.620691476748645
-0.47262904334026	0.422603676085086
-1.083687097373	1.26329569550501
-0.30566110840863	0.268480281483007
-0.676462008994227	0.584486927043697
0.551298334729919	0.200249958464128
0.470826153742671	0.191146424486493
0.582971178472352	0.465341930304004
1.15970217961689	1.05600539271529
0.186631587820358	0.115642022852356
0.206502058902571	0.165620639292048
0.812539294433218	0.772707417215773
0.0800418120847634	0.0521421205254197
0.363973417923851	0.357082172767754
1.46585570298693	0.489030037475911
0.178314810274634	0.077899977517868
0.751003019905097	0.628205603981789
0.426038707308804	0.339188048705251
0.765476362889889	0.751635920828476
1.16354723195696	1.32358326175919
0.415605153992909	0.189182356528015
1.3549353352076	0.600117468724131
-1.80255467315262	0.73276942485064
0.966736740010186	0.256029100393941
-0.332618072686463	0.0952457032075058
1.96276901321247	0.454520391574277
-2.57067328278635	0.665094197548339
0.188667958543402	0.04756856032199
-0.0679155871698548	0.0267780364607804
0.822272039078207	0.785142362754055
0.141571433778358	0.115436597776205
0.304458902602217	0.239835995516743
-0.70473348015514	0.757589025847194
-0.554607966659053	0.398786762527194
0.654710584256188	0.692719444196489
0.0649126536199993	0.0381014102966588
0.484580537127648	0.331226278672585
0.00294935605322283	0.00120301411509693
-2.26635536722332	1.14374757201226
0.173648892637859	0.0522677654495223
0.546397425461351	0.453741879379357
-0.448468663967103	0.410665491151392
0.121160447119302	0.0975426882053204
-0.519383908095975	0.504866283727886
0.631731290215496	0.33319039619242
-0.00829952476241698	0.00379568780758126
0.417062916255739	0.189649784747185
0.0228536920013431	0.0115986653667967
0.172553947921364	0.0839444384047018
1.13855790697776	1.02678060845541
0.101975625711386	0.072315387596544
0.0952373473053575	0.0673347938713514
0.936912647005392	1.05067660339585
0.193639708152135	0.127038177984911
0.675452504193889	0.483688292157762
0.308829172912409	0.223553112656789
0.0946401176995685	0.0645122956435223
0.440439553488772	0.449923194770601
0.689369698791533	0.22025689756634
0.71438258842796	0.337696483094953
0.962025660417238	0.254682745005495
0.553818419026129	0.201156081038653
2.76219840038386	0.780594539857824
-1.7934287506278	0.390727439150181
-0.614345716129905	0.14867066764313
0.56784497637255	0.331364920243048
0.00864516160140053	0.00587998755241327
0.260316009179287	0.257382676696124
0.0678587234206678	0.0539521926585966
0.897502738871846	1.30765385327749
0.842930521485686	1.08381879438561
-0.00786448521606936	0.0059792782819735
-1.28408189072318	1.72053713743178
1.25208501353374	1.37800926681545
-0.193026872526739	0.0622167584761554
0.925931416780438	0.503345182745201
-0.375354820971522	0.155294211429995
-1.46119403268949	2.0180259248192
0.123573119621353	0.0943741424409955
-0.271474139047245	0.239844910665843
0.193667280558391	0.163061232808698
-0.329936691396578	0.285601135990827
0.174742487017495	0.0934947903213071
0.637078219849197	0.336673323030678
-0.517445009550704	0.425296911829747
0.366692452089891	0.205996112550406
0.110235347118003	0.083567682507261
0.700464199918495	0.962141390297967
0.310537244911163	0.225000171689578
0.833699051018224	0.971110389402115
0.550229507129372	0.199823293779666
0.470826153742671	0.191146424486493
0.564479641975206	0.32917550154232
0.392600795496846	0.200165567290698
-0.435207940932309	0.285393346491439
0.594455256983829	0.47731642890048
-0.276199559713044	0.1984628767382
0.77493368401116	0.764489235716663
0.717786143364852	0.339609322909307
1.05878746464103	0.40482083139178
-0.924615527636775	0.559676972624499
-0.059645271468599	0.0358338477967421
-0.831517232043949	1.1407999726397
-0.369282113849308	0.343570131553628
-0.721593514681001	0.906802436940744
0.664381092113567	0.706787861978915
-0.181590828556215	0.137685494361406
0.300652246864508	0.245337545131914
0.112182700260842	0.0799530110665133
0.186405759248832	0.108351716693846
0.944117534596063	1.06247251015296
-0.243545589835925	0.178918612922343
0.067382703653622	0.0548136132406336
0.40640427885945	0.417155305396155
-0.151134665478454	0.102447754586842
0.0287906453190404	0.0159857970295375
-0.771169362198421	0.584442223498225
0.330152172068369	0.215316551282339
0.815292309704804	0.491694704419022
0.489803284064542	0.468291243201162
0.470320095156926	0.342455495098565
1.00442168221825	1.4009748517925
0.133452962425524	0.105459419887094
0.381007744056777	0.33432415157243
1.08987648449466	0.532755954625442
-0.118226339598863	0.0421510838894909
-0.523445999711203	0.431434803137499
-0.32988115122981	0.307727831641479
-0.0718675655461112	0.0595124115559159
-0.304316860123845	0.304418882638091
0.0168905983430869	0.0134725671361737
0.205656929528844	0.183635289338363
0.268548990661357	0.248959594795717
0.963674920438911	1.36418865536526
-0.0450073561011264	0.0372401538202795
0.47345722419933	0.448936646948056
-0.675950799321552	0.583851994659297
-0.314599516857535	0.186759880340603
-0.449152989866309	0.296085426862672
0.176138428518201	0.0944046894935481
0.347005399174719	0.211654088963358
0.462268734403518	0.187507460312042
0.187053004404368	0.115883191314464
0.979504556953413	0.971381644892716
0.971170270790225	0.661096406909688
0.482266903790738	0.329223331143448
0.19495169506474	0.145368420418134
0.501811575493449	0.542408235184086
2.76330811440907	0.780761067286217
0.575379986135008	0.336343495289857
0.768934446240285	0.849362733814267
0.301350087313676	0.270524971607167
0.157524845040112	0.15652329121042
0.033985373759574	0.0285620048755421
0.55257750325005	0.66206357620279
0.19992004836857	0.169050778018217
0.126385160326916	0.104655101531313
0.771826074940778	0.938148215109106
0.363012721641066	0.336212907993889
0.177914540898507	0.0953129663277603
-0.0616731730434684	0.037070788255998
0.0566836717893809	0.0332683884901856
0.826143704546784	0.500447806312372
1.01287375025939	0.830361700705113
1.47648048364922	0.492996794108507
0.688553546984024	0.219962860223314
0.406827315502994	0.184783141012108
0.081379532953829	0.0506379360398403
-0.0867513764828932	0.0765441614980145
0.149625221166654	0.155144099523817
0.144109620444934	0.131718582544415
0.652425933132778	0.857686064992054
0.184485276207591	0.131762986078489
0.843902694238725	1.17639525071123
0.858240565966216	0.905132936633876
-0.0924466849506495	0.0537536324170763
1.48400043644249	0.933532764215707
0.329144541642181	0.228253181861121
1.06228828603256	0.406131001097981
0.181053134529505	0.0458624936397602
-0.0739003721765444	0.0290287326259966
0.613076429663106	0.595569189115904
0.193856239749869	0.163176026906215
0.714151831204854	1.11310831869306
-0.205743695205102	0.171006267154693
0.19648408765584	0.186128834266273
1.10510710112694	0.682881370004587
0.742020749296542	0.492746014918938
1.08750815001851	0.531291979888112
0.0508254767882181	0.0298280214661636
0.963743115659934	0.255236344279286
0.527798382953655	0.337201700199711
0.514164125653234	0.461809046583912
1.00872568936465	1.67215162932767
0.483665077897657	0.594290105252868
1.06719312806137	1.63994545290613
0.489599399379242	0.554452067926675
0.627224303858965	0.757845251363851
0.455332673539338	0.441710586070508
0.201158162367277	0.132343006946662
-0.578083977234746	0.419931597932442
0.189716342517695	0.145951306933503
0.486641214575222	0.333078004431482
0.972050919168941	1.18708436916071
-0.192559017575069	0.189541294693683
1.12863394293514	1.7266451656057
0.431596286192446	0.344604959336303
0.18105633923802	0.0881983213337621
0.411193651243347	0.186869354705351
0.53140737241822	0.339514748475698
0.0328906358526656	0.0237875874775055
0.0644310909437616	0.051134120088313
0.492751930222829	0.338112612148829
0.592344372258324	0.475290046124058
0.527781955278496	0.545545322678451
-0.671238564621547	0.578306705253844
0.296240053682056	0.249431983528069
0.980778872693442	0.973282457917649
0.0534940751115361	0.0313871968121526
-0.193735099625946	0.0624393983877589
0.40854767298486	0.336992853784491
0.459663115496602	0.353240645547867
-0.237816814606166	0.174166017877578
0.882681067087346	1.11709791628503
-0.310857094770094	0.216895944656727
0.863427102712642	0.787874935530669
0.342098478901856	0.208525048341491
0.842428737935759	0.358225189674143
0.197835331003903	0.162464318223915
0.813584167268649	0.77354270615088
-0.0644263055405677	0.0387293066160786
0.311414120559143	0.21416731374852
0.289847374984461	0.243107907688482
0.336461164125447	0.220166193906667
0.33279843855126	0.217485234824101
0.18409634361982	0.0629832809926696
0.973142817894146	1.18950625517568
-0.0347032792877217	0.0214661251825765
-0.583889472701145	0.469108335538418
1.41894385156019	1.10408504829385
1.96372117107544	0.45473924627511
0.963743115659934	0.255236344279286
0.187300583927818	0.0472598613580206
0.957162742729009	0.253557522610441
0.963214248695465	0.255090594573707
1.05456533880612	0.402811234670406
1.47155078449581	0.491168545293048
0.161251150232847	0.0308565698216007
3.27152519356808	1.11907150574555
0.963743115659934	0.255236344279286
1.96276901321247	0.454520391574277
