x	y
0.16619130625606	0.0315431724784316
0.181837521716867	0.0460537144756759
0.164778629348208	0.0313374327003096
-1.79346061997896	0.390723019452767
0.165088029467664	0.0313824661178469
0.165880035481028	0.0314978449610492
-0.611962616144159	0.147977912487881
-0.613682540053849	0.148388769407339
0.165088029467664	0.0313824661178469
1.46964366147565	0.490422889690681
0.164778629348208	0.0313374327003096
0.165088029467664	0.0313824661178469
-1.7934287506278	0.390727439150181
0.164778629348208	0.0313374327003096
-1.7934287506278	0.390727439150181
-1.7934287506278	0.390727439150181
2.76219840038386	0.780594539857824
0.165880035481028	0.0314978449610492
0.164778629348208	0.0313374327003096
2.76219840038386	0.780594539857824
-1.7934287506278	0.390727439150181
-3.07350260546998	0.94852963330217
0.165880035481028	0.0314978449610492
-1.79346061997896	0.390723019452767
-2.57067328278635	0.665094197548339
-1.7934287506278	0.390727439150181
-0.619069360213747	0.149654914653121
0.165088029467664	0.0313824661178469
1.96372117107544	0.45473924627511
1.96684138854469	0.455504908505281
0.16619130625606	0.0315431724784316
1.4745635305468	0.492365493098567
-0.617339897765464	0.149284387408846
0.963743115659934	0.255236344279286
-1.79346061997896	0.390723019452767
0.164778629348208	0.0313374327003096
-2.57067328278635	0.665094197548339
1.96372117107544	0.45473924627511
2.76330811440907	0.780761067286217
-3.44686848748983	1.22339694388155
0.16619130625606	0.0315431724784316
1.96372117107544	0.45473924627511
0.165088029467664	0.0313824661178469
-1.7934287506278	0.390727439150181
0.160144755571284	0.0306956063740573
1.96276901321247	0.454520391574277
1.96276901321247	0.454520391574277
-0.498572689177519	0.187792372240162
-1.7934287506278	0.390727439150181
0.165880035481028	0.0314978449610492
-1.79346061997896	0.390723019452767
-1.79346061997896	0.390723019452767
-1.7934287506278	0.390727439150181
1.96372117107544	0.45473924627511
0.16619130625606	0.0315431724784316
0.160144755571284	0.0306956063740573
-2.57036588579023	0.664816582891659
-1.7934287506278	0.390727439150181
0.964934921520073	0.255476948633611
0.165088029467664	0.0313824661178469
0.165880035481028	0.0314978449610492
2.76219840038386	0.780594539857824
-3.07928878926676	0.951136693928373
0.165880035481028	0.0314978449610492
-0.611962616144159	0.147977912487881
1.96276901321247	0.454520391574277
-1.79346061997896	0.390723019452767
0.958352222975233	0.253964848564806
-0.617875104469477	0.149400727468359
-1.79346061997896	0.390723019452767
-1.79785205353169	0.391773074809323
-0.326771057218117	0.0936418390224184
0.165088029467664	0.0313824661178469
-1.79986379029762	0.730816466217237
-1.79346061997896	0.390723019452767
0.16619130625606	0.0315431724784316
0.161251150232847	0.0308565698216007
-1.7934287506278	0.390727439150181
-2.57036588579023	0.664816582891659
-1.7934287506278	0.390727439150181
-0.614206104379299	0.148455859250315
0.963214248695465	0.255090594573707
0.181837521716867	0.0460537144756759
2.76219840038386	0.780594539857824
-1.79346061997896	0.390723019452767
-1.79346061997896	0.390723019452767
-1.79785205353169	0.391773074809323
0.165088029467664	0.0313824661178469
0.160144755571284	0.0306956063740573
1.96372117107544	0.45473924627511
0.164778629348208	0.0313374327003096
-1.79346061997896	0.390723019452767
0.165880035481028	0.0314978449610492
-1.7934287506278	0.390727439150181
-1.79346061997896	0.390723019452767
-1.7934287506278	0.390727439150181
-1.79346061997896	0.390723019452767
1.96372117107544	0.45473924627511
-1.79346061997896	0.390723019452767
0.183063896529214	0.0463401006276899
0.964404580081594	0.255330782344719
0.16619130625606	0.0315431724784316
0.161251150232847	0.0308565698216007
0.182384642090162	0.0461735738884295
0.165088029467664	0.0313824661178469
0.962025660417238	0.254682745005495
0.181837521716867	0.0460537144756759
-0.614206104379299	0.148455859250315
-0.617875104469477	0.149400727468359
0.169566032486793	0.032038095111837
-1.79346061997896	0.390723019452767
0.164778629348208	0.0313374327003096
-2.57098043849301	0.664920470822356
-1.7934287506278	0.390727439150181
-1.7934287506278	0.390727439150181
-1.11896025029368	0.337616084496264
0.186069807523728	0.046984734903896
-2.57554526884402	0.666976966437407
0.186069807523728	0.046984734903896
-1.7934287506278	0.390727439150181
-1.7934287506278	0.390727439150181
-1.79346061997896	0.390723019452767
0.16619130625606	0.0315431724784316
0.968469219672053	0.25651021792255
0.165088029467664	0.0313824661178469
-1.79785205353169	0.391773074809323
-1.7934287506278	0.390727439150181
0.957162742729009	0.253557522610441
0.165088029467664	0.0313824661178469
-1.7934287506278	0.390727439150181
-1.79346061997896	0.390723019452767
-1.79785205353169	0.391773074809323
2.76219840038386	0.780594539857824
0.165088029467664	0.0313824661178469
1.96276901321247	0.454520391574277
1.96276901321247	0.454520391574277
0.165088029467664	0.0313824661178469
0.967271104517323	0.256176548116206
-1.7934287506278	0.390727439150181
1.47155078449581	0.491168545293048
-1.79785205353169	0.391773074809323
-1.79346061997896	0.390723019452767
-0.617875104469477	0.149400727468359
0.963743115659934	0.255236344279286
1.96372117107544	0.45473924627511
-1.79346061997896	0.390723019452767
0.16619130625606	0.0315431724784316
0.165880035481028	0.0314978449610492
-2.57067328278635	0.665094197548339
0.161251150232847	0.0308565698216007
1.96372117107544	0.45473924627511
1.96276901321247	0.454520391574277
-1.79346061997896	0.390723019452767
1.96276901321247	0.454520391574277
0.165088029467664	0.0313824661178469
1.96372117107544	0.45473924627511
-3.07928878926676	0.951136693928373
2.76219840038386	0.780594539857824
0.165088029467664	0.0313824661178469
-0.60895933746012	0.147406558741333
-1.79346061997896	0.390723019452767
-1.7934287506278	0.390727439150181
1.96372117107544	0.45473924627511
3.65119667594504	1.44884031306495
-1.7934287506278	0.390727439150181
2.76671632811135	0.782410087450427
0.165880035481028	0.0314978449610492
1.96372117107544	0.45473924627511
0.165880035481028	0.0314978449610492
1.47086646676889	0.49088731436037
1.96276901321247	0.454520391574277
1.47402323433779	0.492035659807906
0.16619130625606	0.0315431724784316
1.96372117107544	0.45473924627511
1.96276901321247	0.454520391574277
0.963078860472085	0.255236868510046
-1.11760971687047	0.337077079720442
0.963214248695465	0.255090594573707
-2.57067328278635	0.665094197548339
-1.79346061997896	0.390723019452767
0.165880035481028	0.0314978449610492
-2.57522664974505	0.666917731403372
0.963743115659934	0.255236344279286
1.96276901321247	0.454520391574277
3.27032462336087	1.11801013776878
-1.7934287506278	0.390727439150181
-1.7934287506278	0.390727439150181
-3.07402416243152	0.948685276185543
0.962553055030982	0.254827961566665
3.27152519356808	1.11907150574555
1.96372117107544	0.45473924627511
-1.79346061997896	0.390723019452767
-1.7934287506278	0.390727439150181
2.76219840038386	0.780594539857824
-1.79346061997896	0.390723019452767
-2.57098043849301	0.664920470822356
2.76109157462938	0.779871501961836
-0.611962616144159	0.147977912487881
1.96276901321247	0.454520391574277
0.962025660417238	0.254682745005495
1.96372117107544	0.45473924627511
0.959543454922691	0.254205280821647
-0.614206104379299	0.148455859250315
0.16619130625606	0.0315431724784316
0.169248055862235	0.0319917175833404
0.165880035481028	0.0314978449610492
-0.321011266565823	0.0920911495247304
-1.79346061997896	0.390723019452767
0.182281708516407	0.0461365657769329
0.963743115659934	0.255236344279286
3.27152519356808	1.11907150574555
-0.611962616144159	0.147977912487881
0.16619130625606	0.0315431724784316
-1.79346061997896	0.390723019452767
-0.614206104379299	0.148455859250315
-1.79346061997896	0.390723019452767
-1.79346061997896	0.390723019452767
0.959543454922691	0.254205280821647
-1.7934287506278	0.390727439150181
-1.11896025029368	0.337616084496264
0.165088029467664	0.0313824661178469
-1.7934287506278	0.390727439150181
0.16619130625606	0.0315431724784316
-1.79346061997896	0.390723019452767
0.962025660417238	0.254682745005495
0.16619130625606	0.0315431724784316
0.164778629348208	0.0313374327003096
2.76559849788836	0.78194178274137
2.76559849788836	0.78194178274137
-0.613012730411062	0.148202450577793
-2.57067328278635	0.665094197548339
0.164778629348208	0.0313374327003096
0.165088029467664	0.0313824661178469
1.96276901321247	0.454520391574277
0.962553055030982	0.254827961566665
-0.613682540053849	0.148388769407339
0.160144755571284	0.0306956063740573
0.165880035481028	0.0314978449610492
0.165880035481028	0.0314978449610492
-0.613012730411062	0.148202450577793
1.96276901321247	0.454520391574277
3.64618465324491	1.4458034047001
-2.57036588579023	0.664816582891659
0.165088029467664	0.0313824661178469
2.76219840038386	0.780594539857824
0.165088029467664	0.0313824661178469
0.160144755571284	0.0306956063740573
0.964934921520073	0.255476948633611
-1.79346061997896	0.390723019452767
0.182384642090162	0.0461735738884295
-1.79785205353169	0.391773074809323
1.96276901321247	0.454520391574277
-3.07402416243152	0.948685276185543
2.76219840038386	0.780594539857824
2.76219840038386	0.780594539857824
-0.329964215322259	0.0945505800706473
0.181159179759352	0.0458876218072277
-1.79785205353169	0.391773074809323
2.76219840038386	0.780594539857824
0.169566032486793	0.032038095111837
0.165088029467664	0.0313824661178469
0.180107983152346	0.0541465694868784
-1.79346061997896	0.390723019452767
1.46964366147565	0.490422889690681
-0.611962616144159	0.147977912487881
-0.613682540053849	0.148388769407339
0.165880035481028	0.0314978449610492
-1.7934287506278	0.390727439150181
-0.60895933746012	0.147406558741333
0.16619130625606	0.0315431724784316
0.165088029467664	0.0313824661178469
0.181222403711057	0.0544586569816679
-1.7934287506278	0.390727439150181
-1.11951983581622	0.337809535545767
-2.57098043849301	0.664920470822356
-1.79785205353169	0.391773074809323
-1.7934287506278	0.390727439150181
-1.79346061997896	0.390723019452767
-1.79693424859175	0.729556600315067
-0.608428787479893	0.147248610626808
-0.321741768636823	0.0922885496388945
0.182384642090162	0.0461735738884295
-1.7934287506278	0.390727439150181
-1.79346061997896	0.390723019452767
-1.11951983581622	0.337809535545767
-1.79346061997896	0.390723019452767
-1.12019427196772	0.338020301365193
0.165880035481028	0.0314978449610492
3.94131434673369	1.74409517718346
0.4678260652541	0.18990422172989
1.96276901321247	0.454520391574277
1.96372117107544	0.45473924627511
-0.32485451718176	0.0931499749349684
-0.613682540053849	0.148388769407339
0.964934921520073	0.255476948633611
0.16619130625606	0.0315431724784316
-1.7934287506278	0.390727439150181
-0.614206104379299	0.148455859250315
-1.7934287506278	0.390727439150181
-1.7934287506278	0.390727439150181
-1.79785205353169	0.391773074809323
-0.613682540053849	0.148388769407339
0.165880035481028	0.0314978449610492
1.96276901321247	0.454520391574277
0.16619130625606	0.0315431724784316
-2.57036588579023	0.664816582891659
0.16619130625606	0.0315431724784316
0.165088029467664	0.0313824661178469
0.165088029467664	0.0313824661178469
-1.79346061997896	0.390723019452767
-2.57522664974505	0.666917731403372
-2.57098043849301	0.664920470822356
1.96372117107544	0.45473924627511
0.160144755571284	0.0306956063740573
-2.57067328278635	0.665094197548339
1.96276901321247	0.454520391574277
-1.7934287506278	0.390727439150181
-1.7934287506278	0.390727439150181
1.96684138854469	0.455504908505281
1.96372117107544	0.45473924627511
-0.613682540053849	0.148388769407339
1.96372117107544	0.45473924627511
1.96372117107544	0.45473924627511
-1.79346061997896	0.390723019452767
0.963214248695465	0.255090594573707
0.16619130625606	0.0315431724784316
-1.12019427196772	0.338020301365193
-1.7934287506278	0.390727439150181
-3.07350260546998	0.94852963330217
1.96276901321247	0.454520391574277
-1.79346061997896	0.390723019452767
-1.79346061997896	0.390723019452767
3.27272750868887	1.11966450015405
1.96684138854469	0.455504908505281
0.958352222975233	0.253964848564806
-2.57067328278635	0.665094197548339
-2.57554526884402	0.666976966437407
0.164778629348208	0.0313374327003096
1.84451762847753	0.728350716630867
1.96372117107544	0.45473924627511
-1.12519556185123	0.339754109482426
-1.79346061997896	0.390723019452767
-0.129764778307568	0.0460979072028232
-0.703651055748467	0.240588737528622
0.963743115659934	0.255236344279286
0.164778629348208	0.0313374327003096
3.27272750868887	1.11966450015405
2.76330811440907	0.780761067286217
-1.7934287506278	0.390727439150181
0.170590929435123	0.0585228740679515
0.967933372585482	0.256362285789635
1.96372117107544	0.45473924627511
-1.1182849071041	0.337405124817419
0.161251150232847	0.0308565698216007
-3.44888613612191	1.22380916720858
0.481573142717861	0.195807465783515
1.96372117107544	0.45473924627511
-0.325582325201124	0.0933470317045756
0.688637326691298	0.220082192676685
0.18374299244507	0.0464795790495071
-2.57522664974505	0.666917731403372
-1.79346061997896	0.390723019452767
0.182515705814395	0.0461929473161663
0.183063896529214	0.0463401006276899
-0.325582325201124	0.0933470317045756
1.96276901321247	0.454520391574277
0.187984352048437	0.0474280610765032
-0.613158918177153	0.148231887572971
-2.57554526884402	0.666976966437407
0.843112221571307	0.358304979544083
1.0862785017696	0.530305893793166
1.84570196896662	0.728945119955139
-3.07402416243152	0.948685276185543
1.96684138854469	0.455504908505281
0.688185381402826	0.219868290083128
0.181743714491496	0.0460173511561772
-1.7934287506278	0.390727439150181
-1.79346061997896	0.390723019452767
0.963214248695465	0.255090594573707
1.05693634570001	0.403813519694082
0.963743115659934	0.255236344279286
0.412168483354373	0.187395907646168
0.685539141555545	0.218907224669263
-1.79346061997896	0.390723019452767
-1.79346061997896	0.390723019452767
-2.57098043849301	0.664920470822356
0.848390137942497	0.36112999220408
0.179274213223518	0.0454636418217038
-1.79346061997896	0.390723019452767
-0.744824966604454	0.322057504500445
0.179845637419764	0.0616123591521601
0.963743115659934	0.255236344279286
0.165088029467664	0.0313824661178469
0.963214248695465	0.255090594573707
2.76109157462938	0.779871501961836
0.551298334729919	0.200249958464128
0.164778629348208	0.0313374327003096
0.165088029467664	0.0313824661178469
0.963743115659934	0.255236344279286
0.687904703717867	0.219759625438134
3.27272750868887	1.11966450015405
0.181506584145918	0.0972227618207726
-2.57067328278635	0.665094197548339
0.164625296117395	0.0313507498370328
1.96276901321247	0.454520391574277
0.691745806165962	0.221041871886146
0.183063896529214	0.0463401006276899
1.05693634570001	0.403813519694082
-1.79346061997896	0.390723019452767
-2.57067328278635	0.665094197548339
1.96276901321247	0.454520391574277
2.13958082308296	0.967639587738095
-1.79346061997896	0.390723019452767
-2.57522664974505	0.666917731403372
-1.79346061997896	0.390723019452767
0.165088029467664	0.0313824661178469
1.46842163094462	0.489769078028611
1.96372117107544	0.45473924627511
3.27752825134246	1.12202020233476
1.96276901321247	0.454520391574277
0.16619130625606	0.0315431724784316
0.181837521716867	0.0460537144756759
2.13662167910708	0.965753673826741
-2.57098043849301	0.664920470822356
-0.617875104469477	0.149400727468359
0.16619130625606	0.0315431724784316
1.96276901321247	0.454520391574277
1.46964366147565	0.490422889690681
1.35064130120685	0.597863106700744
0.167861245188392	0.0649578174448022
1.8383071367458	0.724853864168302
-3.74551962293396	1.47870416259712
-2.57067328278635	0.665094197548339
0.182515705814395	0.0461929473161663
3.65499468921657	1.45049079500857
1.96372117107544	0.45473924627511
3.27152519356808	1.11907150574555
0.169566032486793	0.032038095111837
-2.57522664974505	0.666917731403372
0.178161345351442	0.0610444196674466
-2.57067328278635	0.665094197548339
0.169566032486793	0.032038095111837
0.169248055862235	0.0319917175833404
2.77014537202506	0.783552977740789
-0.502166281046843	0.189377225365948
-0.496219048461158	0.186898738117231
-0.19910365870945	0.0640861380590307
-0.321741768636823	0.0922885496388945
-3.07875719123617	0.951227905765892
-0.375782868334702	0.155446556365043
-2.57067328278635	0.665094197548339
0.182515705814395	0.0461929473161663
0.963214248695465	0.255090594573707
3.27032462336087	1.11801013776878
-1.12019427196772	0.338020301365193
2.76219840038386	0.780594539857824
1.96372117107544	0.45473924627511
1.96372117107544	0.45473924627511
2.76219840038386	0.780594539857824
-3.44888613612191	1.22380916720858
0.962553055030982	0.254827961566665
-0.203686449811516	0.0655556144258791
0.16619130625606	0.0315431724784316
-2.57036588579023	0.664816582891659
-1.79346061997896	0.390723019452767
0.16619130625606	0.0315431724784316
0.164625296117395	0.0313507498370328
0.161251150232847	0.0308565698216007
0.182973217707566	0.0462917199497201
0.722399990574399	0.34193249983909
0.165088029467664	0.0313824661178469
0.187435346122179	0.047292837125537
1.35205380401403	0.598333159725176
-2.57554526884402	0.666976966437407
0.16619130625606	0.0315431724784316
-0.329964215322259	0.0945505800706473
-0.326401042990741	0.0935670662480902
1.47155078449581	0.491168545293048
-1.7934287506278	0.390727439150181
1.96372117107544	0.45473924627511
-0.617875104469477	0.149400727468359
0.185076110728506	0.0555416222332281
-0.612487701707529	0.148134994320372
0.182515705814395	0.0461929473161663
-2.57098043849301	0.664920470822356
2.76219840038386	0.780594539857824
1.96276901321247	0.454520391574277
1.96372117107544	0.45473924627511
0.164778629348208	0.0313374327003096
-1.79785205353169	0.391773074809323
0.16619130625606	0.0315431724784316
0.16619130625606	0.0315431724784316
0.422963391886386	0.192770332115027
-0.197316433582098	0.063550392412948
-0.124442240843376	0.0442663690892336
0.963214248695465	0.255090594573707
-0.60895933746012	0.147406558741333
-1.79346061997896	0.390723019452767
0.165088029467664	0.0313824661178469
-1.7934287506278	0.390727439150181
2.76330811440907	0.780761067286217
-0.609489833121369	0.147475344257464
-0.609489833121369	0.147475344257464
0.165088029467664	0.0313824661178469
-0.617339897765464	0.149284387408846
1.96276901321247	0.454520391574277
0.688637326691298	0.220082192676685
0.16619130625606	0.0315431724784316
-0.60895933746012	0.147406558741333
0.689369698791533	0.22025689756634
0.169248055862235	0.0319917175833404
0.963214248695465	0.255090594573707
0.165880035481028	0.0314978449610492
-0.316681892694892	0.0908861067323367
-0.612487701707529	0.148134994320372
-1.7934287506278	0.390727439150181
0.165088029467664	0.0313824661178469
1.96276901321247	0.454520391574277
-1.7934287506278	0.390727439150181
1.96276901321247	0.454520391574277
0.968469219672053	0.25651021792255
0.165088029467664	0.0313824661178469
1.96372117107544	0.45473924627511
1.96372117107544	0.45473924627511
2.76109157462938	0.779871501961836
0.160144755571284	0.0306956063740573
0.164778629348208	0.0313374327003096
0.165088029467664	0.0313824661178469
0.165088029467664	0.0313824661178469
-3.07402416243152	0.948685276185543
-2.57036588579023	0.664816582891659
-1.7934287506278	0.390727439150181
-2.57067328278635	0.665094197548339
0.183610895194862	0.0464322674344966
1.96684138854469	0.455504908505281
-1.79346061997896	0.390723019452767
1.96684138854469	0.455504908505281
1.96276901321247	0.454520391574277
1.96276901321247	0.454520391574277
-1.79346061997896	0.390723019452767
-2.57067328278635	0.665094197548339
-2.57067328278635	0.665094197548339
-1.79346061997896	0.390723019452767
2.76330811440907	0.780761067286217
-2.57036588579023	0.664816582891659
0.16619130625606	0.0315431724784316
0.16619130625606	0.0315431724784316
2.76219840038386	0.780594539857824
-2.57098043849301	0.664920470822356
-1.7934287506278	0.390727439150181
-1.79346061997896	0.390723019452767
-2.57067328278635	0.665094197548339
0.691293725798235	0.220916760169014
1.96276901321247	0.454520391574277
1.96276901321247	0.454520391574277
1.96276901321247	0.454520391574277
2.76219840038386	0.780594539857824
-2.57098043849301	0.664920470822356
-0.613682540053849	0.148388769407339
0.966736740010186	0.256029100393941
1.96372117107544	0.45473924627511
0.165088029467664	0.0313824661178469
-1.79346061997896	0.390723019452767
-1.79346061997896	0.390723019452767
0.165880035481028	0.0314978449610492
0.16619130625606	0.0315431724784316
0.165088029467664	0.0313824661178469
0.165880035481028	0.0314978449610492
2.76219840038386	0.780594539857824
-1.5026235657887	0.534584753118728
-2.57036588579023	0.664816582891659
-1.7934287506278	0.390727439150181
-3.07402416243152	0.948685276185543
-1.1182849071041	0.337405124817419
-0.619069360213747	0.149654914653121
0.559194393002298	0.203206497133562
-1.11951983581622	0.337809535545767
0.16619130625606	0.0315431724784316
0.694404728756287	0.221883604128058
-0.617875104469477	0.149400727468359
1.96684138854469	0.455504908505281
0.183063896529214	0.0463401006276899
1.34992552348217	0.597211152410209
0.164778629348208	0.0313374327003096
-0.69681330218041	0.238104465757831
0.963214248695465	0.255090594573707
-0.614206104379299	0.148455859250315
0.182515705814395	0.0461929473161663
1.35464760015195	0.599873242414809
0.183063896529214	0.0463401006276899
0.179369859705814	0.0539368960907662
-0.613012730411062	0.148202450577793
0.16619130625606	0.0315431724784316
0.16619130625606	0.0315431724784316
-0.701407652969022	0.239760620804689
0.165880035481028	0.0314978449610492
-0.326771057218117	0.0936418390224184
-0.612487701707529	0.148134994320372
-2.57067328278635	0.665094197548339
1.96372117107544	0.45473924627511
-0.329512287054466	0.094417417841927
0.958352222975233	0.253964848564806
1.96276901321247	0.454520391574277
0.164778629348208	0.0313374327003096
2.76559849788836	0.78194178274137
-0.612487701707529	0.148134994320372
2.76109157462938	0.779871501961836
0.967271104517323	0.256176548116206
-2.57067328278635	0.665094197548339
0.964404580081594	0.255330782344719
-0.612487701707529	0.148134994320372
0.178049240810411	0.0452053813438565
0.164778629348208	0.0313374327003096
1.96372117107544	0.45473924627511
-2.57098043849301	0.664920470822356
0.165880035481028	0.0314978449610492
0.963743115659934	0.255236344279286
0.963214248695465	0.255090594573707
0.165880035481028	0.0314978449610492
-0.325121870470423	0.0931632456849071
0.689821397698691	0.220399946218977
2.76559849788836	0.78194178274137
1.96684138854469	0.455504908505281
-0.614206104379299	0.148455859250315
0.183610895194862	0.0464322674344966
0.161251150232847	0.0308565698216007
-1.7934287506278	0.390727439150181
0.165880035481028	0.0314978449610492
0.963743115659934	0.255236344279286
1.96372117107544	0.45473924627511
2.76219840038386	0.780594539857824
1.96372117107544	0.45473924627511
-1.7934287506278	0.390727439150181
-0.961626957296919	0.473097683549944
0.967933372585482	0.256362285789635
0.165880035481028	0.0314978449610492
1.96372117107544	0.45473924627511
0.169248055862235	0.0319917175833404
0.961881298984383	0.254903830883264
1.96372117107544	0.45473924627511
0.164778629348208	0.0313374327003096
0.16619130625606	0.0315431724784316
2.76219840038386	0.780594539857824
-1.7934287506278	0.390727439150181
0.164778629348208	0.0313374327003096
0.165088029467664	0.0313824661178469
-0.614206104379299	0.148455859250315
0.963743115659934	0.255236344279286
-2.57067328278635	0.665094197548339
-1.7934287506278	0.390727439150181
-1.79346061997896	0.390723019452767
-1.79785205353169	0.391773074809323
-2.57067328278635	0.665094197548339
0.170951981253254	0.058625393056541
0.181959964224185	0.0546519449572612
0.165088029467664	0.0313824661178469
-1.1182849071041	0.337405124817419
1.96372117107544	0.45473924627511
0.184971072095669	0.0467387603153735
0.16619130625606	0.0315431724784316
-3.75192082283692	1.48279230677585
-0.326771057218117	0.0936418390224184
-0.614206104379299	0.148455859250315
0.169248055862235	0.0319917175833404
-2.57067328278635	0.665094197548339
1.46910411205871	0.490049168285487
1.47032706033056	0.490703617760438
0.165880035481028	0.0314978449610492
0.164778629348208	0.0313374327003096
0.180107983152346	0.0541465694868784
0.165880035481028	0.0314978449610492
-0.608428787479893	0.147248610626808
0.183063896529214	0.0463401006276899
0.687904703717867	0.219759625438134
-0.326116124892219	0.0934876536925377
1.46341520408474	0.487915667204292
-0.703651055748467	0.240588737528622
3.64995436887393	1.44813448599007
-1.79726582531089	0.729767900198108
0.963214248695465	0.255090594573707
0.164778629348208	0.0313374327003096
1.96276901321247	0.454520391574277
-1.50335347787301	0.534889336029958
-1.79346061997896	0.390723019452767
0.165880035481028	0.0314978449610492
0.164778629348208	0.0313374327003096
1.96372117107544	0.45473924627511
2.76219840038386	0.780594539857824
0.693668977910988	0.221707820486434
0.16619130625606	0.0315431724784316
-2.27227384894236	1.1481795786924
1.47086646676889	0.49088731436037
2.76219840038386	0.780594539857824
1.96276901321247	0.454520391574277
-3.45239496999294	1.22656388713544
-1.7934287506278	0.390727439150181
-1.1182849071041	0.337405124817419
-1.79346061997896	0.390723019452767
0.183063896529214	0.0463401006276899
-1.49320671887845	0.530373211909872
0.182384642090162	0.0461735738884295
-0.613012730411062	0.148202450577793
-0.614206104379299	0.148455859250315
0.182384642090162	0.0461735738884295
0.183610895194862	0.0464322674344966
2.12965340118889	0.961155297288054
0.165088029467664	0.0313824661178469
0.181159179759352	0.0458876218072277
0.165088029467664	0.0313824661178469
-2.57067328278635	0.665094197548339
-1.79346061997896	0.390723019452767
0.164778629348208	0.0313374327003096
1.96276901321247	0.454520391574277
0.169248055862235	0.0319917175833404
0.963743115659934	0.255236344279286
-2.57098043849301	0.664920470822356
-0.611962616144159	0.147977912487881
-2.57554526884402	0.666976966437407
0.16619130625606	0.0315431724784316
3.27032462336087	1.11801013776878
2.76671632811135	0.782410087450427
-0.611962616144159	0.147977912487881
-0.613682540053849	0.148388769407339
0.964934921520073	0.255476948633611
0.182384642090162	0.0461735738884295
3.6449477089076	1.4449787602644
0.187984352048437	0.0474280610765032
0.187984352048437	0.0474280610765032
1.96276901321247	0.454520391574277
-1.7934287506278	0.390727439150181
0.182336403143595	0.0547549505032696
0.165880035481028	0.0314978449610492
-0.613012730411062	0.148202450577793
0.165088029467664	0.0313824661178469
-1.79346061997896	0.390723019452767
-1.79346061997896	0.390723019452767
-0.614206104379299	0.148455859250315
2.76330811440907	0.780761067286217
1.96372117107544	0.45473924627511
-1.79346061997896	0.390723019452767
0.16619130625606	0.0315431724784316
0.165088029467664	0.0313824661178469
0.165088029467664	0.0313824661178469
1.46910411205871	0.490049168285487
1.05878746464103	0.40482083139178
-1.12396372987595	0.33934973605565
-2.57067328278635	0.665094197548339
-1.7934287506278	0.390727439150181
0.183063896529214	0.0463401006276899
-1.12086886051128	0.33811902750598
-1.79346061997896	0.390723019452767
1.96276901321247	0.454520391574277
0.178586346650125	0.0453095875153282
0.183610895194862	0.0464322674344966
-0.612487701707529	0.148134994320372
-0.614206104379299	0.148455859250315
0.165088029467664	0.0313824661178469
-0.326310377140785	0.0935168437296262
0.176139035531232	0.0447669868764769
-0.611962616144159	0.147977912487881
1.34992552348217	0.597211152410209
0.183610895194862	0.0464322674344966
3.27993169130503	1.12298306623949
-0.614206104379299	0.148455859250315
-2.57036588579023	0.664816582891659
-1.7934287506278	0.390727439150181
-1.50289020322423	0.534512321528133
0.165088029467664	0.0313824661178469
-3.44754089021611	1.22379406077669
-1.49705816852235	0.532032217355669
-0.611962616144159	0.147977912487881
1.47209004689925	0.491178510113126
0.169566032486793	0.032038095111837
2.76559849788836	0.78194178274137
-1.79346061997896	0.390723019452767
1.35564812089346	0.600770089805534
0.16619130625606	0.0315431724784316
-0.609489833121369	0.147475344257464
-0.613012730411062	0.148202450577793
1.96276901321247	0.454520391574277
-0.60895933746012	0.147406558741333
0.16619130625606	0.0315431724784316
0.962553055030982	0.254827961566665
-0.617339897765464	0.149284387408846
0.691745806165962	0.221041871886146
-0.613158918177153	0.148231887572971
-1.79785205353169	0.391773074809323
-1.79785205353169	0.391773074809323
0.165088029467664	0.0313824661178469
2.76671632811135	0.782410087450427
0.165088029467664	0.0313824661178469
0.165088029467664	0.0313824661178469
-1.50069847674699	0.53359178068112
1.48020902950819	0.494322465499196
-1.7934287506278	0.390727439150181
-1.7934287506278	0.390727439150181
1.96276901321247	0.454520391574277
-1.11896025029368	0.337616084496264
-2.57522664974505	0.666917731403372
-1.79346061997896	0.390723019452767
0.165088029467664	0.0313824661178469
0.16619130625606	0.0315431724784316
0.169248055862235	0.0319917175833404
1.47525146835293	0.492648627415429
1.46833343766606	0.489897083934438
0.165088029467664	0.0313824661178469
0.963214248695465	0.255090594573707
0.181837521716867	0.0460537144756759
1.46964366147565	0.490422889690681
1.96684138854469	0.455504908505281
0.687453672774919	0.21969379736456
-1.12019427196772	0.338020301365193
3.27272750868887	1.11966450015405
-1.11458449535005	0.336227635184335
-0.612487701707529	0.148134994320372
0.181159179759352	0.0458876218072277
-2.57067328278635	0.665094197548339
-1.7934287506278	0.390727439150181
0.165880035481028	0.0314978449610492
-1.79346061997896	0.390723019452767
-1.7934287506278	0.390727439150181
1.06301156133644	0.406541088935866
-0.326310377140785	0.0935168437296262
0.183063896529214	0.0463401006276899
2.76109157462938	0.779871501961836
0.184291063239428	0.0465991085839434
-1.12019427196772	0.338020301365193
0.183063896529214	0.0463401006276899
-0.608428787479893	0.147248610626808
0.182384642090162	0.0461735738884295
0.165880035481028	0.0314978449610492
-1.7934287506278	0.390727439150181
-0.324393158207149	0.0929933012825356
-0.613012730411062	0.148202450577793
-2.57067328278635	0.665094197548339
1.96372117107544	0.45473924627511
0.169248055862235	0.0319917175833404
0.164778629348208	0.0313374327003096
2.76219840038386	0.780594539857824
0.165088029467664	0.0313824661178469
1.96372117107544	0.45473924627511
0.966736740010186	0.256029100393941
1.96276901321247	0.454520391574277
-1.79785205353169	0.391773074809323
0.165088029467664	0.0313824661178469
-0.613682540053849	0.148388769407339
0.968469219672053	0.25651021792255
-1.79346061997896	0.390723019452767
-2.57098043849301	0.664920470822356
0.165088029467664	0.0313824661178469
-1.79346061997896	0.390723019452767
-2.57067328278635	0.665094197548339
-1.1182849071041	0.337405124817419
-1.79346061997896	0.390723019452767
-1.79346061997896	0.390723019452767
0.16619130625606	0.0315431724784316
0.165880035481028	0.0314978449610492
-0.323664690407152	0.0927962418225715
0.963214248695465	0.255090594573707
1.96276901321247	0.454520391574277
1.96372117107544	0.45473924627511
0.164778629348208	0.0313374327003096
3.27272750868887	1.11966450015405
1.96372117107544	0.45473924627511
1.96276901321247	0.454520391574277
2.76330811440907	0.780761067286217
-0.613682540053849	0.148388769407339
0.550585584584045	0.199969616725774
1.47086646676889	0.49088731436037
-2.57067328278635	0.665094197548339
0.160144755571284	0.0306956063740573
0.183610895194862	0.0464322674344966
-1.79346061997896	0.390723019452767
1.96372117107544	0.45473924627511
-3.07402416243152	0.948685276185543
0.165880035481028	0.0314978449610492
0.164778629348208	0.0313374327003096
0.16619130625606	0.0315431724784316
-1.7934287506278	0.390727439150181
0.164778629348208	0.0313374327003096
-3.07402416243152	0.948685276185543
1.83948692258838	0.725717515665962
0.16619130625606	0.0315431724784316
-0.613682540053849	0.148388769407339
2.76219840038386	0.780594539857824
-0.612487701707529	0.148134994320372
-1.11896025029368	0.337616084496264
0.687453672774919	0.21969379736456
-1.49633399610699	0.531774933095134
0.165088029467664	0.0313824661178469
-1.79346061997896	0.390723019452767
0.963214248695465	0.255090594573707
2.76559849788836	0.78194178274137
-2.57036588579023	0.664816582891659
1.96684138854469	0.455504908505281
-0.196970790009868	0.0634432336968819
0.963214248695465	0.255090594573707
2.76219840038386	0.780594539857824
0.16619130625606	0.0315431724784316
0.165880035481028	0.0314978449610492
3.27272750868887	1.11966450015405
-2.57098043849301	0.664920470822356
-1.7934287506278	0.390727439150181
0.967271104517323	0.256176548116206
-1.79346061997896	0.390723019452767
0.182384642090162	0.0461735738884295
-2.57067328278635	0.665094197548339
0.169566032486793	0.032038095111837
1.96372117107544	0.45473924627511
-0.316681892694892	0.0908861067323367
-1.79346061997896	0.390723019452767
-1.79346061997896	0.390723019452767
-1.79346061997896	0.390723019452767
-1.7934287506278	0.390727439150181
-1.79346061997896	0.390723019452767
-1.79346061997896	0.390723019452767
0.165880035481028	0.0314978449610492
-2.57522664974505	0.666917731403372
-1.7934287506278	0.390727439150181
0.165880035481028	0.0314978449610492
2.76219840038386	0.780594539857824
1.96276901321247	0.454520391574277
1.96372117107544	0.45473924627511
0.963214248695465	0.255090594573707
3.27272750868887	1.11966450015405
-0.613682540053849	0.148388769407339
0.963743115659934	0.255236344279286
2.76219840038386	0.780594539857824
0.16619130625606	0.0315431724784316
1.96276901321247	0.454520391574277
0.16619130625606	0.0315431724784316
2.76219840038386	0.780594539857824
0.165880035481028	0.0314978449610492
-2.57067328278635	0.665094197548339
1.96684138854469	0.455504908505281
0.963743115659934	0.255236344279286
1.96276901321247	0.454520391574277
-1.7934287506278	0.390727439150181
2.13386142848874	0.963951590957412
0.181837521716867	0.0460537144756759
0.963214248695465	0.255090594573707
2.76330811440907	0.780761067286217
1.47032706033056	0.490703617760438
0.963214248695465	0.255090594573707
-2.57067328278635	0.665094197548339
-2.57036588579023	0.664816582891659
2.76219840038386	0.780594539857824
-1.79346061997896	0.390723019452767
-1.79693424859175	0.729556600315067
-1.12328075924743	0.339047939506251
-0.613012730411062	0.148202450577793
0.164778629348208	0.0313374327003096
1.96276901321247	0.454520391574277
0.169248055862235	0.0319917175833404
2.76219840038386	0.780594539857824
-1.79785205353169	0.391773074809323
-0.699405444382189	0.239043645886915
-1.7934287506278	0.390727439150181
0.16619130625606	0.0315431724784316
0.967933372585482	0.256362285789635
-1.7934287506278	0.390727439150181
-1.79785205353169	0.391773074809323
-0.612487701707529	0.148134994320372
-1.11896025029368	0.337616084496264
-0.702529153090903	0.24025873050893
-1.79346061997896	0.390723019452767
0.181837521716867	0.0460537144756759
-1.1182849071041	0.337405124817419
-1.79785205353169	0.391773074809323
1.96276901321247	0.454520391574277
0.164778629348208	0.0313374327003096
0.164778629348208	0.0313374327003096
1.96372117107544	0.45473924627511
-1.7934287506278	0.390727439150181
0.165088029467664	0.0313824661178469
1.46955857964488	0.49050725448157
0.16619130625606	0.0315431724784316
-2.57067328278635	0.665094197548339
2.76219840038386	0.780594539857824
-3.07350260546998	0.94852963330217
1.96276901321247	0.454520391574277
1.06873244405831	0.409017014923299
0.179369859705814	0.0539368960907662
0.165880035481028	0.0314978449610492
0.165088029467664	0.0313824661178469
-1.79346061997896	0.390723019452767
-0.332618072686463	0.0952457032075058
1.96276901321247	0.454520391574277
-0.614206104379299	0.148455859250315
0.164778629348208	0.0313374327003096
1.47086646676889	0.49088731436037
-0.609489833121369	0.147475344257464
-0.608428787479893	0.147248610626808
0.169566032486793	0.032038095111837
-3.07402416243152	0.948685276185543
-1.12019427196772	0.338020301365193
-1.79346061997896	0.390723019452767
-1.7934287506278	0.390727439150181
1.96276901321247	0.454520391574277
1.96372117107544	0.45473924627511
-1.7934287506278	0.390727439150181
-0.328777361869378	0.0941964324844904
0.962025660417238	0.254682745005495
-3.07402416243152	0.948685276185543
1.96372117107544	0.45473924627511
0.177362298643623	0.0450515694227369
0.689821397698691	0.220399946218977
-1.7934287506278	0.390727439150181
1.96276901321247	0.454520391574277
-2.57067328278635	0.665094197548339
-0.614206104379299	0.148455859250315
0.164625296117395	0.0313507498370328
-0.613012730411062	0.148202450577793
0.186752657299631	0.0471525522204707
-2.57067328278635	0.665094197548339
-0.618535635333325	0.149538863092151
0.16619130625606	0.0315431724784316
-2.57036588579023	0.664816582891659
0.962025660417238	0.254682745005495
-1.79346061997896	0.390723019452767
0.964934921520073	0.255476948633611
-3.07928878926676	0.951136693928373
-1.79346061997896	0.390723019452767
2.76330811440907	0.780761067286217
0.165880035481028	0.0314978449610492
0.16619130625606	0.0315431724784316
0.966736740010186	0.256029100393941
-2.57098043849301	0.664920470822356
1.96372117107544	0.45473924627511
-1.7934287506278	0.390727439150181
0.161251150232847	0.0308565698216007
-0.614206104379299	0.148455859250315
0.182384642090162	0.0461735738884295
0.164778629348208	0.0313374327003096
2.76219840038386	0.780594539857824
-1.1182849071041	0.337405124817419
-1.79346061997896	0.390723019452767
0.178049240810411	0.0452053813438565
-1.79785205353169	0.391773074809323
-2.57036588579023	0.664816582891659
1.96276901321247	0.454520391574277
-0.613012730411062	0.148202450577793
-0.611962616144159	0.147977912487881
2.76219840038386	0.780594539857824
-3.07402416243152	0.948685276185543
0.164778629348208	0.0313374327003096
-3.99573469786745	1.72772529969412
-2.57067328278635	0.665094197548339
0.165880035481028	0.0314978449610492
-2.57067328278635	0.665094197548339
1.96684138854469	0.455504908505281
-1.79346061997896	0.390723019452767
-2.57067328278635	0.665094197548339
1.96276901321247	0.454520391574277
0.963214248695465	0.255090594573707
-1.79346061997896	0.390723019452767
1.96684138854469	0.455504908505281
-1.7934287506278	0.390727439150181
0.686184239500337	0.219175673536007
0.182384642090162	0.0461735738884295
3.27152519356808	1.11907150574555
-0.614206104379299	0.148455859250315
3.27272750868887	1.11966450015405
0.176139035531232	0.0447669868764769
-1.79346061997896	0.390723019452767
-2.57522664974505	0.666917731403372
-3.0729809879685	0.948009080411761
-1.79346061997896	0.390723019452767
3.27393157336313	1.11982869858365
0.165088029467664	0.0313824661178469
-2.57067328278635	0.665094197548339
0.686721713829268	0.219371725498129
0.963743115659934	0.255236344279286
-2.57067328278635	0.665094197548339
-1.79346061997896	0.390723019452767
-0.618535635333325	0.149538863092151
-0.581278269312196	0.275684019199003
1.84066711299049	0.726365639107333
-0.613682540053849	0.148388769407339
2.76219840038386	0.780594539857824
0.18374299244507	0.0464795790495071
-1.12019427196772	0.338020301365193
-1.7934287506278	0.390727439150181
-1.79785205353169	0.391773074809323
-0.617875104469477	0.149400727468359
-3.07402416243152	0.948685276185543
0.165880035481028	0.0314978449610492
-1.79346061997896	0.390723019452767
0.182384642090162	0.0461735738884295
-0.324393158207149	0.0929933012825356
-1.7934287506278	0.390727439150181
-1.79346061997896	0.390723019452767
2.76109157462938	0.779871501961836
1.96372117107544	0.45473924627511
-1.79346061997896	0.390723019452767
-1.79785205353169	0.391773074809323
0.16619130625606	0.0315431724784316
-1.79346061997896	0.390723019452767
-1.12019427196772	0.338020301365193
0.164778629348208	0.0313374327003096
-0.613158918177153	0.148231887572971
0.16619130625606	0.0315431724784316
1.96372117107544	0.45473924627511
1.96372117107544	0.45473924627511
1.47402323433779	0.492035659807906
-1.11896025029368	0.337616084496264
0.165088029467664	0.0313824661178469
0.169248055862235	0.0319917175833404
0.16619130625606	0.0315431724784316
-0.612487701707529	0.148134994320372
-1.11896025029368	0.337616084496264
0.962553055030982	0.254827961566665
0.164778629348208	0.0313374327003096
0.165088029467664	0.0313824661178469
0.165088029467664	0.0313824661178469
0.165880035481028	0.0314978449610492
0.16619130625606	0.0315431724784316
0.963214248695465	0.255090594573707
0.169248055862235	0.0319917175833404
-0.613682540053849	0.148388769407339
0.165880035481028	0.0314978449610492
0.695609467079394	0.222209476353201
1.4745635305468	0.492365493098567
1.46585570298693	0.489030037475911
0.165088029467664	0.0313824661178469
-0.322936466881447	0.0925708388690686
0.688637326691298	0.220082192676685
0.963214248695465	0.255090594573707
0.186752657299631	0.0471525522204707
1.96684138854469	0.455504908505281
-0.60895933746012	0.147406558741333
0.689369698791533	0.22025689756634
0.165088029467664	0.0313824661178469
2.76219840038386	0.780594539857824
1.96276901321247	0.454520391574277
2.76330811440907	0.780761067286217
-1.79940930936586	0.730994637784124
0.18374299244507	0.0464795790495071
-0.325582325201124	0.0933470317045756
-0.324393158207149	0.0929933012825356
-0.612487701707529	0.148134994320372
0.164778629348208	0.0313374327003096
-0.612487701707529	0.148134994320372
0.184971072095669	0.0467387603153735
0.964934921520073	0.255476948633611
3.27152519356808	1.11907150574555
-1.7934287506278	0.390727439150181
-1.1182849071041	0.337405124817419
-0.196606144995592	0.0633346995977349
0.692481142426252	0.221366284684109
-2.57036588579023	0.664816582891659
-1.79785205353169	0.391773074809323
-0.612487701707529	0.148134994320372
0.187300583927818	0.0472598613580206
0.16619130625606	0.0315431724784316
0.957162742729009	0.253557522610441
-1.11896025029368	0.337616084496264
0.182515705814395	0.0461929473161663
-1.79346061997896	0.390723019452767
0.840157162185809	0.356960591621439
-0.709698759851068	0.242860149943732
0.958352222975233	0.253964848564806
-0.320548811537412	0.09196618419473
1.35029297080259	0.597376447511037
0.181837521716867	0.0460537144756759
0.963214248695465	0.255090594573707
0.161251150232847	0.0308565698216007
2.76330811440907	0.780761067286217
1.96276901321247	0.454520391574277
3.94644126070058	1.74779877932007
-1.7934287506278	0.390727439150181
-2.57036588579023	0.664816582891659
-1.79346061997896	0.390723019452767
0.964934921520073	0.255476948633611
0.693216225774344	0.221541872050593
1.46910411205871	0.490049168285487
-3.07402416243152	0.948685276185543
-1.00519547019286	0.397637840840267
0.18374299244507	0.0464795790495071
1.47525146835293	0.492648627415429
0.164778629348208	0.0313374327003096
-1.50215938518201	0.53435945377886
0.963743115659934	0.255236344279286
-1.79346061997896	0.390723019452767
-1.7934287506278	0.390727439150181
1.96276901321247	0.454520391574277
0.164625296117395	0.0313507498370328
1.96684138854469	0.455504908505281
1.96684138854469	0.455504908505281
1.96276901321247	0.454520391574277
2.76219840038386	0.780594539857824
-0.613012730411062	0.148202450577793
0.963743115659934	0.255236344279286
-2.57067328278635	0.665094197548339
-0.617875104469477	0.149400727468359
0.165088029467664	0.0313824661178469
-1.79346061997896	0.390723019452767
-0.612487701707529	0.148134994320372
-2.45163358129908	1.36141516097799
0.183063896529214	0.0463401006276899
0.187300583927818	0.0472598613580206
0.173841338161581	0.0596051278079202
0.686721713829268	0.219371725498129
-3.45307509546519	1.22686211973226
-0.613158918177153	0.148231887572971
-3.07402416243152	0.948685276185543
0.180484451327502	0.0542489043189748
0.165880035481028	0.0314978449610492
-1.79412017987748	0.727961900277034
-2.57067328278635	0.665094197548339
0.187435346122179	0.047292837125537
-0.201545344382006	0.0648721172047725
-2.26242493878739	1.14013745163896
-1.79913083573714	0.730688065905454
1.46964366147565	0.490422889690681
1.96372117107544	0.45473924627511
2.76219840038386	0.780594539857824
1.46964366147565	0.490422889690681
-1.79346061997896	0.390723019452767
-3.0729809879685	0.948009080411761
0.174204355272961	0.0597247391277113
-0.704386334982379	0.240838421723177
-1.12026119291491	0.338168680078347
0.183063896529214	0.0463401006276899
-2.57554526884402	0.666976966437407
-0.324126952894347	0.0929244396746841
-1.79346061997896	0.390723019452767
0.16619130625606	0.0315431724784316
-2.57067328278635	0.665094197548339
0.16619130625606	0.0315431724784316
-2.57067328278635	0.665094197548339
1.96276901321247	0.454520391574277
-2.57067328278635	0.665094197548339
-0.197316433582098	0.063550392412948
0.692028142380155	0.221092112401465
0.181837521716867	0.0460537144756759
-0.700673100063675	0.23947715305123
0.161251150232847	0.0308565698216007
0.165880035481028	0.0314978449610492
0.183063896529214	0.0463401006276899
0.964404580081594	0.255330782344719
1.96276901321247	0.454520391574277
-1.7934287506278	0.390727439150181
-0.326771057218117	0.0936418390224184
2.76109157462938	0.779871501961836
3.27152519356808	1.11907150574555
-0.613012730411062	0.148202450577793
-0.7085818841146	0.242531688950869
-1.11458449535005	0.336227635184335
1.06100497274362	0.405629306325193
2.76671632811135	0.782410087450427
-1.4702810167601	0.74144128695738
-2.57554526884402	0.666976966437407
-3.07402416243152	0.948685276185543
-1.00306966229617	0.39683135622738
-0.60895933746012	0.147406558741333
0.179369859705814	0.0539368960907662
-1.7934287506278	0.390727439150181
3.27631781619437	1.12171855032085
3.65119667594504	1.44884031306495
0.164778629348208	0.0313374327003096
-0.619069360213747	0.149654914653121
-0.617875104469477	0.149400727468359
1.35636045207216	0.600949327384119
1.46833343766606	0.489897083934438
-1.79346061997896	0.390723019452767
-0.613158918177153	0.148231887572971
-2.57067328278635	0.665094197548339
-0.703999757003376	0.240702491325751
0.168189941539652	0.057696188987049
-1.79346061997896	0.390723019452767
-1.12396372987595	0.33934973605565
-1.7934287506278	0.390727439150181
-2.57067328278635	0.665094197548339
-1.12094794119803	0.338304428987289
-0.326310377140785	0.0935168437296262
1.83948692258838	0.725717515665962
0.186752657299631	0.0471525522204707
0.164625296117395	0.0313507498370328
1.96276901321247	0.454520391574277
0.165088029467664	0.0313824661178469
1.35135662214001	0.598044460885579
-0.493203251300823	0.185711768971633
-0.701407652969022	0.239760620804689
-0.123831252718902	0.0440604843970144
0.416473035682055	0.189386596139235
1.47525146835293	0.492648627415429
1.96372117107544	0.45473924627511
-1.7934287506278	0.390727439150181
0.169248055862235	0.0319917175833404
0.963743115659934	0.255236344279286
-1.13022694918455	0.341328905410415
-2.57098043849301	0.664920470822356
-1.19534603356367	0.887464788788426
1.60420737094224	0.807856023527093
3.27152519356808	1.11907150574555
-3.45239496999294	1.22656388713544
-3.07928878926676	0.951136693928373
1.96372117107544	0.45473924627511
1.96276901321247	0.454520391574277
0.16619130625606	0.0315431724784316
-1.50289020322423	0.534512321528133
1.3495769767586	0.597194616535652
1.96276901321247	0.454520391574277
1.96276901321247	0.454520391574277
2.76559849788836	0.78194178274137
-1.7934287506278	0.390727439150181
1.96372117107544	0.45473924627511
1.96276901321247	0.454520391574277
-0.337914983702621	0.096701370137189
-1.32297043062711	1.08017632621696
1.59326679625826	0.800279226737387
-0.699017072942874	0.238830158693906
0.164778629348208	0.0313374327003096
-3.07402416243152	0.948685276185543
2.13630110843406	0.965172306701244
0.179008086694114	0.0538125056714061
0.693668977910988	0.221707820486434
1.07076923740066	0.409543631384396
0.181837521716867	0.0460537144756759
-0.287595145898396	0.130646223105755
-0.119838421507322	0.0427012024156546
0.169557186745674	0.0739416080589369
0.176151715208171	0.0681554302009089
0.176287929781929	0.0682081341245489
-0.19725532846577	0.0635535213875451
-0.660902522106613	0.516246479826189
-1.49705816852235	0.532032217355669
0.167908506954152	0.0576097565065379
0.959543454922691	0.254205280821647
-0.00159169974382185	0.000816258972301082
0.963214248695465	0.255090594573707
0.185076110728506	0.0555416222332281
-0.193026872526739	0.0622167584761554
0.165088029467664	0.0313824661178469
-1.79346061997896	0.390723019452767
-0.612487701707529	0.148134994320372
-0.323664690407152	0.0927962418225715
-2.57522664974505	0.666917731403372
0.187984352048437	0.0474280610765032
1.96372117107544	0.45473924627511
-2.57067328278635	0.665094197548339
-1.79346061997896	0.390723019452767
3.27032462336087	1.11801013776878
0.181837521716867	0.0460537144756759
-1.49561006114969	0.531433597211914
-1.00835638596109	0.399381922624064
0.469214796260205	0.190439621590192
0.181837521716867	0.0460537144756759
-1.7934287506278	0.390727439150181
-2.57067328278635	0.665094197548339
1.96276901321247	0.454520391574277
2.76219840038386	0.780594539857824
2.76559849788836	0.78194178274137
0.169566032486793	0.032038095111837
3.27510914666181	1.12076297640292
1.96684138854469	0.455504908505281
-0.770096078906889	0.583485917560383
0.322859569609125	0.223266742570739
-0.613012730411062	0.148202450577793
-2.57067328278635	0.665094197548339
1.96276901321247	0.454520391574277
1.96276901321247	0.454520391574277
0.165088029467664	0.0313824661178469
1.96684138854469	0.455504908505281
-1.11951983581622	0.337809535545767
0.842183470009871	0.357828687167052
3.27993169130503	1.12298306623949
1.96372117107544	0.45473924627511
1.96276901321247	0.454520391574277
1.96372117107544	0.45473924627511
0.164778629348208	0.0313374327003096
1.96684138854469	0.455504908505281
-1.1152634133402	0.336439469187697
0.962553055030982	0.254827961566665
0.962025660417238	0.254682745005495
-1.23446999181245	1.14113208429963
0.174785547530182	0.0526214906817273
-1.80472652322317	0.733735159926346
2.13662167910708	0.965753673826741
3.94131434673369	1.74409517718346
-0.703651055748467	0.240588737528622
-0.197961486462631	0.0637876154388623
1.10538979573747	0.681916837406018
0.963214248695465	0.255090594573707
-0.495848105642275	0.186769649159627
0.165683268324569	0.0641708639399483
-1.07806629903818	0.729755739460879
0.38212547295305	0.194088176340719
-1.31917412087761	1.07493374315038
0.325409397056973	0.211954717197036
0.172908546278474	0.0841798180335592
-0.0371850276507544	0.0159966261962015
0.351962574918641	0.215379432858704
0.847066444986921	0.360326317513944
0.71503477840043	0.337624289933587
-0.118624043511714	0.0422812637605863
-0.217606923824653	0.107426549919815
-3.44686848748983	1.22339694388155
-1.79346061997896	0.390723019452767
-2.57554526884402	0.666976966437407
-0.187623106087822	0.0605504090088322
-0.0674502010657013	0.0265960240101828
-1.11951983581622	0.337809535545767
-0.612487701707529	0.148134994320372
0.165880035481028	0.0314978449610492
-2.57067328278635	0.665094197548339
-1.79346061997896	0.390723019452767
-2.57522664974505	0.666917731403372
0.175528710194884	0.0601682623632123
-0.693669831673973	0.236871417760034
-0.197316433582098	0.063550392412948
0.425368153095976	0.193968882132969
-0.611962616144159	0.147977912487881
-1.79346061997896	0.390723019452767
1.96276901321247	0.454520391574277
0.165088029467664	0.0313824661178469
-2.57036588579023	0.664816582891659
-0.32485451718176	0.0931499749349684
1.96372117107544	0.45473924627511
-1.7934287506278	0.390727439150181
-1.31270420239952	0.816749748974633
-0.897405595416354	0.645822864835838
-2.57522664974505	0.666917731403372
1.96276901321247	0.454520391574277
-1.79346061997896	0.390723019452767
1.96372117107544	0.45473924627511
1.96276901321247	0.454520391574277
-1.7934287506278	0.390727439150181
1.3495769767586	0.597194616535652
1.05693634570001	0.403813519694082
0.165088029467664	0.0313824661178469
1.96372117107544	0.45473924627511
1.96276901321247	0.454520391574277
-1.79346061997896	0.390723019452767
-1.7934287506278	0.390727439150181
-1.79346061997896	0.390723019452767
0.687453672774919	0.21969379736456
-1.54383657433015	1.47835503027858
-0.0742377019042414	0.0291945890329474
1.84525714600486	0.728756039651982
0.963743115659934	0.255236344279286
-2.57067328278635	0.665094197548339
0.168550105131561	0.0578455983856731
-1.49680843456756	0.531963842405938
-1.00869208324152	0.399376405441269
-1.4702810167601	0.74144128695738
-0.745228434114775	0.322263483734654
-0.202615613594689	0.0652232518828875
-0.0911898759145582	0.0530363078560476
0.549934062313663	0.199685220416624
-1.4329705843258	1.26867597676015
-1.4510184306203	1.00010734019394
-0.446089748971428	0.293774210492006
0.730373797472146	0.483231514137203
-1.79346061997896	0.390723019452767
0.169566032486793	0.032038095111837
-1.7934287506278	0.390727439150181
0.183222271364428	0.0550052131678393
0.550997960911466	0.200096486449454
-1.79346061997896	0.390723019452767
0.183610895194862	0.0464322674344966
2.76671632811135	0.782410087450427
-1.7934287506278	0.390727439150181
0.164778629348208	0.0313374327003096
0.462843422697849	0.187652281449004
-0.497838467787884	0.18767273749484
2.76559849788836	0.78194178274137
-2.57098043849301	0.664920470822356
-1.12019427196772	0.338020301365193
1.96276901321247	0.454520391574277
0.176825054435177	0.0449204608148946
-0.326771057218117	0.0936418390224184
-1.11951983581622	0.337809535545767
0.345247009786522	0.210670774386472
1.48436972573718	0.933930973522737
0.181743714491496	0.0460173511561772
1.96372117107544	0.45473924627511
1.96372117107544	0.45473924627511
0.164778629348208	0.0313374327003096
-0.330698472981565	0.0947716626031445
-1.7934287506278	0.390727439150181
3.27272750868887	1.11966450015405
0.177427850922221	0.086319732246446
1.09167228307017	0.534341039349394
-3.45307509546519	1.22686211973226
-1.79346061997896	0.390723019452767
-0.613682540053849	0.148388769407339
2.14346311197232	0.969739011196667
0.545282959725496	0.197930364047729
1.96372117107544	0.45473924627511
2.76219840038386	0.780594539857824
-2.57036588579023	0.664816582891659
1.96372117107544	0.45473924627511
-2.57067328278635	0.665094197548339
0.165088029467664	0.0313824661178469
0.460845579097694	0.186682364752164
1.64736085042417	1.16162956725224
-0.116196125889067	0.0414558634090347
-0.187993834410194	0.0606579586115245
0.177362298643623	0.0450515694227369
0.165088029467664	0.0313824661178469
-0.608428787479893	0.147248610626808
0.963743115659934	0.255236344279286
-1.14907976304139	0.638971565081843
-0.201906699363454	0.0650030146049408
-0.123383461810898	0.0439460364093289
0.720389052120582	0.340838408288853
-1.30694496379629	0.810917557762743
-0.590395830151114	0.280900450514637
-0.967186790694279	0.476670002118071
0.735508416376601	0.487570934885415
1.11864534263389	0.694057027893916
-0.0787170635373006	0.0308841121211473
-0.0415119614112706	0.0177893841084965
-0.613682540053849	0.148388769407339
-2.57554526884402	0.666976966437407
0.182384642090162	0.0461735738884295
1.96372117107544	0.45473924627511
0.851689192042558	0.362594093968355
-1.00906318075178	0.399734482931109
-0.704386334982379	0.240838421723177
-1.79346061997896	0.390723019452767
-0.611962616144159	0.147977912487881
-2.57098043849301	0.664920470822356
2.76330811440907	0.780761067286217
1.47086646676889	0.49088731436037
-1.12019427196772	0.338020301365193
-0.123986971098977	0.0441560427469937
0.694404728756287	0.221883604128058
-1.7934287506278	0.390727439150181
0.164625296117395	0.0313507498370328
-2.57067328278635	0.665094197548339
-1.79346061997896	0.390723019452767
0.963743115659934	0.255236344279286
0.686270437198953	0.219228628867356
-1.00340310411483	0.396780300923095
-1.14475218348189	0.635473939771042
-0.745228434114775	0.322263483734654
3.27393157336313	1.11982869858365
1.96372117107544	0.45473924627511
-0.32531700249348	0.0932194330065639
-0.613158918177153	0.148231887572971
-2.57067328278635	0.665094197548339
0.175197423847489	0.0600468701453268
-0.204757848785698	0.0658672528023289
2.76109157462938	0.779871501961836
2.76219840038386	0.780594539857824
-2.57067328278635	0.665094197548339
1.96276901321247	0.454520391574277
1.96276901321247	0.454520391574277
0.16619130625606	0.0315431724784316
-0.618535635333325	0.149538863092151
2.76219840038386	0.780594539857824
0.964404580081594	0.255330782344719
2.76330811440907	0.780761067286217
-1.79346061997896	0.390723019452767
-1.79794283923537	0.730235878539468
0.17211535805776	0.0666386262137165
-1.00344380433825	0.396818957300656
1.08949555622004	0.532578731259661
-0.613682540053849	0.148388769407339
-0.321741768636823	0.0922885496388945
-2.27162122808899	1.14757793625026
-1.0079855208987	0.399077505174083
-0.746241232385415	0.322634143328872
0.161163484333363	0.0624184275728961
-1.25847725986996	0.565797109462532
-2.05454552528677	0.936083567705197
1.80750176765566	1.02109803792415
-2.04755645131174	0.931787975309293
0.170995711182797	0.0832360645477586
0.554529317239519	0.201500781149606
0.469827192531849	0.190698541732883
-1.7934287506278	0.390727439150181
0.161251150232847	0.0308565698216007
-0.19725532846577	0.0635535213875451
-1.7934287506278	0.390727439150181
-1.79346061997896	0.390723019452767
1.96276901321247	0.454520391574277
-2.57067328278635	0.665094197548339
-2.57067328278635	0.665094197548339
-1.7934287506278	0.390727439150181
-0.613682540053849	0.148388769407339
-3.99861681475654	1.73147127002256
0.17899314570337	0.0538175920888867
1.96276901321247	0.454520391574277
1.96372117107544	0.45473924627511
-2.57067328278635	0.665094197548339
-0.0787170635373006	0.0308841121211473
-0.708961798888886	0.242591076534355
-1.13448773124641	0.627529162287149
-1.26480115564018	0.569166626946312
0.963214248695465	0.255090594573707
-1.7934287506278	0.390727439150181
1.96372117107544	0.45473924627511
0.164778629348208	0.0313374327003096
-3.07402416243152	0.948685276185543
-1.79785205353169	0.391773074809323
0.164778629348208	0.0313374327003096
0.16619130625606	0.0315431724784316
-0.472644812948211	0.245348970241476
-1.57496248743145	1.18977293025434
-1.79346061997896	0.390723019452767
1.96276901321247	0.454520391574277
0.165088029467664	0.0313824661178469
0.16619130625606	0.0315431724784316
2.76219840038386	0.780594539857824
2.76559849788836	0.78194178274137
0.164778629348208	0.0313374327003096
-0.613012730411062	0.148202450577793
0.964934921520073	0.255476948633611
-2.57036588579023	0.664816582891659
-0.613682540053849	0.148388769407339
0.548909437849634	0.199185952163161
-0.497838467787884	0.18767273749484
-0.192319088112717	0.0619808040719022
-0.32485451718176	0.0931499749349684
-2.57098043849301	0.664920470822356
-2.57067328278635	0.665094197548339
-1.79346061997896	0.390723019452767
3.27752825134246	1.12202020233476
0.849408948383461	0.361671672630261
-0.96206239648365	0.473116546829078
-0.370146186857399	0.205939471128573
-0.0638629014031938	0.0252609771806212
-0.620115256220316	0.361534761084178
-0.704722398968598	0.241062538843187
0.184659943477793	0.0714270662027318
1.47525146835293	0.492648627415429
-1.13022694918455	0.341328905410415
1.96276901321247	0.454520391574277
1.47525146835293	0.492648627415429
-0.187623106087822	0.0605504090088322
-2.57067328278635	0.665094197548339
1.96372117107544	0.45473924627511
-3.07928878926676	0.951136693928373
-0.11762021548737	0.0419397186313975
2.76219840038386	0.780594539857824
0.160144755571284	0.0306956063740573
-1.7934287506278	0.390727439150181
-2.57067328278635	0.665094197548339
0.964404580081594	0.255330782344719
-0.613682540053849	0.148388769407339
0.962025660417238	0.254682745005495
0.821425144948875	0.496708856804278
1.12709992664668	0.860255061256311
0.16619130625606	0.0315431724784316
0.958352222975233	0.253964848564806
-2.57067328278635	0.665094197548339
-1.79346061997896	0.390723019452767
-2.57098043849301	0.664920470822356
-0.199375130069166	0.0642110833299033
0.958352222975233	0.253964848564806
1.10800069128242	0.685524346972981
0.174917955967148	0.07634514555184
0.182281708516407	0.0461365657769329
-1.79346061997896	0.390723019452767
2.76219840038386	0.780594539857824
0.165088029467664	0.0313824661178469
-1.7934287506278	0.390727439150181
-1.79346061997896	0.390723019452767
0.962553055030982	0.254827961566665
-1.80328874130775	0.733096849202467
1.96276901321247	0.454520391574277
0.165088029467664	0.0313824661178469
0.165880035481028	0.0314978449610492
-0.613158918177153	0.148231887572971
0.169248055862235	0.0319917175833404
1.96276901321247	0.454520391574277
3.9503958711934	1.749912605214
3.27272750868887	1.11966450015405
-0.609489833121369	0.147475344257464
-1.7934287506278	0.390727439150181
-0.216424325026491	0.106632547295065
0.958352222975233	0.253964848564806
0.179369859705814	0.0539368960907662
-1.1182849071041	0.337405124817419
-1.13598643517089	0.343112996274025
3.64371154631014	1.44368517222673
-0.489228680576989	0.184042639821796
-1.14376104780613	0.63480253551799
1.4795165223175	0.49403710049889
0.173036315290626	0.0925838105354589
1.05841887097501	0.404561121395212
0.923024783217736	0.501196414852532
-0.366418490284619	0.151428231798692
0.957162742729009	0.253557522610441
-1.79346061997896	0.390723019452767
-1.11458449535005	0.336227635184335
0.165880035481028	0.0314978449610492
-0.617875104469477	0.149400727468359
-0.323664690407152	0.0927962418225715
-1.79346061997896	0.390723019452767
0.968469219672053	0.25651021792255
-2.57067328278635	0.665094197548339
0.180503912336474	0.0618296034347483
0.165880035481028	0.0314978449610492
-0.612487701707529	0.148134994320372
0.964404580081594	0.255330782344719
-1.79346061997896	0.390723019452767
-2.57067328278635	0.665094197548339
-1.79346061997896	0.390723019452767
-0.191951684587849	0.0619002672361887
0.549516086641495	0.199542874934359
0.176638269372533	0.0683893603727975
0.81290951376168	0.489599793757216
-1.79913083573714	0.730688065905454
0.165880035481028	0.0314978449610492
-1.79346061997896	0.390723019452767
1.96372117107544	0.45473924627511
-0.613682540053849	0.148388769407339
0.544218436165038	0.197506777270022
-1.57342876029741	1.1893226581013
0.687001483078787	0.219402881860221
-1.79346061997896	0.390723019452767
0.16619130625606	0.0315431724784316
2.76219840038386	0.780594539857824
0.164778629348208	0.0313374327003096
1.96684138854469	0.455504908505281
0.687453672774919	0.21969379736456
-1.11951983581622	0.337809535545767
0.178049240810411	0.0452053813438565
0.554951509844971	0.201561033049545
-1.7934287506278	0.390727439150181
1.96372117107544	0.45473924627511
0.169566032486793	0.032038095111837
-1.79346061997896	0.390723019452767
0.161251150232847	0.0308565698216007
-1.79346061997896	0.390723019452767
0.183063896529214	0.0463401006276899
3.64871284900552	1.44691597652701
-0.073724423019638	0.0289995321134745
0.181837521716867	0.0460537144756759
1.05878746464103	0.40482083139178
-0.960196414617702	0.472086487520094
-1.11594248674068	0.336539906623349
0.161251150232847	0.0308565698216007
0.179369859705814	0.0539368960907662
0.182973217707566	0.0462917199497201
0.186928786286018	0.0560369733702841
3.64618465324491	1.4458034047001
1.05656822569342	0.40367225045814
3.64371154631014	1.44368517222673
2.76671632811135	0.782410087450427
0.183063896529214	0.0463401006276899
-1.79346061997896	0.390723019452767
0.177362298643623	0.0450515694227369
0.964934921520073	0.255476948633611
-1.11951983581622	0.337809535545767
0.181837521716867	0.0460537144756759
-0.60895933746012	0.147406558741333
-1.79346061997896	0.390723019452767
-1.7934287506278	0.390727439150181
-1.79785205353169	0.391773074809323
-3.07875719123617	0.951227905765892
0.962553055030982	0.254827961566665
0.173178140989587	0.0593793792188454
0.687453672774919	0.21969379736456
0.963743115659934	0.255236344279286
0.165880035481028	0.0314978449610492
-1.79346061997896	0.390723019452767
1.96276901321247	0.454520391574277
1.05878746464103	0.40482083139178
-1.80294806323006	0.732963939188901
0.165880035481028	0.0314978449610492
0.164778629348208	0.0313374327003096
0.176139035531232	0.0447669868764769
3.2811485523965	1.12364699463245
1.11092025038773	0.688135451235679
-2.04916059733046	0.933046655798162
-0.323664690407152	0.0927962418225715
0.165880035481028	0.0314978449610492
-1.79785205353169	0.391773074809323
1.84140390214436	0.726768879551614
-1.7934287506278	0.390727439150181
1.96276901321247	0.454520391574277
-1.79346061997896	0.390723019452767
0.16619130625606	0.0315431724784316
0.181159179759352	0.0458876218072277
-0.198045826596271	0.0637553577032532
0.685539141555545	0.218907224669263
0.962025660417238	0.254682745005495
2.76109157462938	0.779871501961836
1.96684138854469	0.455504908505281
0.186752657299631	0.0471525522204707
3.27152519356808	1.11907150574555
0.173158278931665	0.0593526101604331
0.16619130625606	0.0315431724784316
-0.613682540053849	0.148388769407339
0.16619130625606	0.0315431724784316
1.96276901321247	0.454520391574277
0.963214248695465	0.255090594573707
0.181837521716867	0.0460537144756759
-1.79346061997896	0.390723019452767
1.96684138854469	0.455504908505281
-2.57098043849301	0.664920470822356
-2.57036588579023	0.664816582891659
0.191700904879431	0.0482388847519191
0.165880035481028	0.0314978449610492
0.161251150232847	0.0308565698216007
0.165088029467664	0.0313824661178469
-0.614206104379299	0.148455859250315
1.05878746464103	0.40482083139178
-2.57067328278635	0.665094197548339
-2.57067328278635	0.665094197548339
-0.613682540053849	0.148388769407339
-1.79346061997896	0.390723019452767
0.186752657299631	0.0471525522204707
0.165880035481028	0.0314978449610492
-0.199468626638543	0.0641958776339338
1.96372117107544	0.45473924627511
0.181159179759352	0.0458876218072277
2.76109157462938	0.779871501961836
2.76109157462938	0.779871501961836
1.96372117107544	0.45473924627511
1.96276901321247	0.454520391574277
0.967933372585482	0.256362285789635
3.27272750868887	1.11966450015405
0.164778629348208	0.0313374327003096
0.963214248695465	0.255090594573707
2.76330811440907	0.780761067286217
1.05767805940452	0.40430204105456
-0.326771057218117	0.0936418390224184
1.96276901321247	0.454520391574277
-0.612487701707529	0.148134994320372
-2.57098043849301	0.664920470822356
1.47086646676889	0.49088731436037
-1.2505723455439	0.560802549625147
-1.12019427196772	0.338020301365193
0.182384642090162	0.0461735738884295
-1.49825523114142	0.532562193916483
-1.79346061997896	0.390723019452767
1.96372117107544	0.45473924627511
1.96276901321247	0.454520391574277
-1.79346061997896	0.390723019452767
2.76559849788836	0.78194178274137
1.96372117107544	0.45473924627511
-0.618535635333325	0.149538863092151
-1.7934287506278	0.390727439150181
-1.79346061997896	0.390723019452767
0.963214248695465	0.255090594573707
0.165088029467664	0.0313824661178469
1.96276901321247	0.454520391574277
-0.613682540053849	0.148388769407339
1.96372117107544	0.45473924627511
0.16619130625606	0.0315431724784316
1.96276901321247	0.454520391574277
1.96276901321247	0.454520391574277
0.164778629348208	0.0313374327003096
-1.79346061997896	0.390723019452767
0.165088029467664	0.0313824661178469
0.165880035481028	0.0314978449610492
0.962553055030982	0.254827961566665
0.164778629348208	0.0313374327003096
-0.613012730411062	0.148202450577793
0.164778629348208	0.0313374327003096
-1.79346061997896	0.390723019452767
0.16619130625606	0.0315431724784316
1.96684138854469	0.455504908505281
1.96684138854469	0.455504908505281
-1.7934287506278	0.390727439150181
-2.57067328278635	0.665094197548339
-1.7934287506278	0.390727439150181
-1.79346061997896	0.390723019452767
1.96684138854469	0.455504908505281
0.165880035481028	0.0314978449610492
-1.79346061997896	0.390723019452767
-1.79346061997896	0.390723019452767
-1.7934287506278	0.390727439150181
-1.7934287506278	0.390727439150181
1.96276901321247	0.454520391574277
-1.79346061997896	0.390723019452767
-1.79346061997896	0.390723019452767
0.165880035481028	0.0314978449610492
1.96276901321247	0.454520391574277
-1.7934287506278	0.390727439150181
-1.79346061997896	0.390723019452767
-1.7934287506278	0.390727439150181
-1.79346061997896	0.390723019452767
1.96276901321247	0.454520391574277
-1.79346061997896	0.390723019452767
1.96276901321247	0.454520391574277
1.96372117107544	0.45473924627511
-1.7934287506278	0.390727439150181
-2.57098043849301	0.664920470822356
1.96684138854469	0.455504908505281
-1.7934287506278	0.390727439150181
-1.7934287506278	0.390727439150181
0.689369698791533	0.22025689756634
0.963743115659934	0.255236344279286
-1.7934287506278	0.390727439150181
0.165088029467664	0.0313824661178469
0.169566032486793	0.032038095111837
0.556308696676708	0.202195250417483
-0.613682540053849	0.148388769407339
-0.617875104469477	0.149400727468359
-1.79580215183768	0.728927756357995
0.16619130625606	0.0315431724784316
0.696347531127603	0.222535473365176
-1.79346061997896	0.390723019452767
-2.57098043849301	0.664920470822356
-0.613012730411062	0.148202450577793
0.165088029467664	0.0313824661178469
0.963743115659934	0.255236344279286
-2.04826273814137	0.932264876861533
0.968469219672053	0.25651021792255
0.963214248695465	0.255090594573707
0.169566032486793	0.032038095111837
0.169566032486793	0.032038095111837
0.165088029467664	0.0313824661178469
-2.57067328278635	0.665094197548339
0.552722892277348	0.20071874665214
0.691293725798235	0.220916760169014
-1.12019427196772	0.338020301365193
0.165088029467664	0.0313824661178469
-0.612487701707529	0.148134994320372
0.179845637419764	0.0616123591521601
0.963214248695465	0.255090594573707
0.967933372585482	0.256362285789635
0.164778629348208	0.0313374327003096
0.16619130625606	0.0315431724784316
0.16619130625606	0.0315431724784316
0.17863134392367	0.0537118645556901
-1.79346061997896	0.390723019452767
-1.7934287506278	0.390727439150181
0.165880035481028	0.0314978449610492
0.181159179759352	0.0458876218072277
0.968469219672053	0.25651021792255
0.165880035481028	0.0314978449610492
0.966736740010186	0.256029100393941
2.76109157462938	0.779871501961836
-1.7934287506278	0.390727439150181
0.16619130625606	0.0315431724784316
1.96372117107544	0.45473924627511
-0.614206104379299	0.148455859250315
-2.57554526884402	0.666976966437407
0.963743115659934	0.255236344279286
-1.79346061997896	0.390723019452767
1.46964366147565	0.490422889690681
0.963743115659934	0.255236344279286
0.16619130625606	0.0315431724784316
1.96276901321247	0.454520391574277
2.76671632811135	0.782410087450427
1.96684138854469	0.455504908505281
1.96372117107544	0.45473924627511
1.96276901321247	0.454520391574277
3.27631781619437	1.12171855032085
0.181159179759352	0.0458876218072277
1.96372117107544	0.45473924627511
0.16619130625606	0.0315431724784316
1.4745635305468	0.492365493098567
0.165088029467664	0.0313824661178469
0.164778629348208	0.0313374327003096
-2.57098043849301	0.664920470822356
0.183610895194862	0.0464322674344966
0.962025660417238	0.254682745005495
-0.613158918177153	0.148231887572971
0.164778629348208	0.0313374327003096
2.76219840038386	0.780594539857824
-1.79346061997896	0.390723019452767
0.165088029467664	0.0313824661178469
-1.79346061997896	0.390723019452767
-1.7934287506278	0.390727439150181
0.182384642090162	0.0461735738884295
-0.612487701707529	0.148134994320372
1.96276901321247	0.454520391574277
0.963743115659934	0.255236344279286
0.164778629348208	0.0313374327003096
0.165088029467664	0.0313824661178469
-0.613682540053849	0.148388769407339
-1.79785205353169	0.391773074809323
1.96276901321247	0.454520391574277
0.164778629348208	0.0313374327003096
0.164778629348208	0.0313374327003096
1.96276901321247	0.454520391574277
1.96276901321247	0.454520391574277
1.96276901321247	0.454520391574277
0.959543454922691	0.254205280821647
-0.617875104469477	0.149400727468359
0.682339311812087	0.217953944354753
0.184291063239428	0.0465991085839434
-0.613682540053849	0.148388769407339
1.96684138854469	0.455504908505281
-2.57522664974505	0.666917731403372
0.165880035481028	0.0314978449610492
-1.79346061997896	0.390723019452767
-1.7934287506278	0.390727439150181
-0.33115064247346	0.0948450204466267
0.966736740010186	0.256029100393941
-1.79346061997896	0.390723019452767
-0.611962616144159	0.147977912487881
0.16619130625606	0.0315431724784316
-1.79346061997896	0.390723019452767
0.16619130625606	0.0315431724784316
1.96276901321247	0.454520391574277
-1.7934287506278	0.390727439150181
2.76219840038386	0.780594539857824
3.27152519356808	1.11907150574555
-1.7934287506278	0.390727439150181
0.967271104517323	0.256176548116206
-0.613682540053849	0.148388769407339
0.165880035481028	0.0314978449610492
0.16619130625606	0.0315431724784316
0.165088029467664	0.0313824661178469
-3.07875719123617	0.951227905765892
0.16619130625606	0.0315431724784316
-0.613158918177153	0.148231887572971
1.96372117107544	0.45473924627511
1.96372117107544	0.45473924627511
1.96276901321247	0.454520391574277
3.27272750868887	1.11966450015405
1.96372117107544	0.45473924627511
1.96684138854469	0.455504908505281
0.165088029467664	0.0313824661178469
-0.613682540053849	0.148388769407339
2.76109157462938	0.779871501961836
0.164778629348208	0.0313374327003096
0.186191748429242	0.055843722836046
0.187984352048437	0.0474280610765032
0.688637326691298	0.220082192676685
-1.79346061997896	0.390723019452767
1.05346208699469	0.402359762312703
0.963743115659934	0.255236344279286
-3.07350260546998	0.94852963330217
-2.57067328278635	0.665094197548339
0.962025660417238	0.254682745005495
-3.07875719123617	0.951227905765892
0.962025660417238	0.254682745005495
-1.79346061997896	0.390723019452767
1.96276901321247	0.454520391574277
1.96276901321247	0.454520391574277
0.963743115659934	0.255236344279286
1.96372117107544	0.45473924627511
1.96684138854469	0.455504908505281
0.169566032486793	0.032038095111837
0.964934921520073	0.255476948633611
3.27993169130503	1.12298306623949
2.76671632811135	0.782410087450427
-0.611962616144159	0.147977912487881
-0.708225225424176	0.242257120133667
-3.0729809879685	0.948009080411761
0.183063896529214	0.0463401006276899
1.05952860814689	0.405011691745652
1.96372117107544	0.45473924627511
-3.0729809879685	0.948009080411761
0.962553055030982	0.254827961566665
0.964934921520073	0.255476948633611
0.184971072095669	0.0467387603153735
1.47032706033056	0.490703617760438
-1.7934287506278	0.390727439150181
0.165088029467664	0.0313824661178469
2.76671632811135	0.782410087450427
1.96372117107544	0.45473924627511
3.64618465324491	1.4458034047001
1.47648048364922	0.492996794108507
0.682339311812087	0.217953944354753
2.76330811440907	0.780761067286217
0.689369698791533	0.22025689756634
0.184291063239428	0.0465991085839434
-0.195186900570072	0.0628739701093823
1.46910411205871	0.490049168285487
1.96276901321247	0.454520391574277
0.172195511036386	0.0518779587947308
-0.613012730411062	0.148202450577793
1.84258516456861	0.727293955790375
-0.321741768636823	0.0922885496388945
0.962553055030982	0.254827961566665
-0.702529153090903	0.24025873050893
0.184291063239428	0.0465991085839434
-1.79346061997896	0.390723019452767
-1.7934287506278	0.390727439150181
-2.57067328278635	0.665094197548339
0.16619130625606	0.0315431724784316
0.165880035481028	0.0314978449610492
-1.7934287506278	0.390727439150181
1.96372117107544	0.45473924627511
1.96372117107544	0.45473924627511
1.96372117107544	0.45473924627511
2.76559849788836	0.78194178274137
1.96372117107544	0.45473924627511
-2.57067328278635	0.665094197548339
-1.79346061997896	0.390723019452767
-1.79346061997896	0.390723019452767
-1.79785205353169	0.391773074809323
3.27631781619437	1.12171855032085
0.186069807523728	0.046984734903896
1.96276901321247	0.454520391574277
0.160144755571284	0.0306956063740573
1.96276901321247	0.454520391574277
1.96276901321247	0.454520391574277
1.96372117107544	0.45473924627511
1.96276901321247	0.454520391574277
0.165088029467664	0.0313824661178469
-2.57067328278635	0.665094197548339
1.47086646676889	0.49088731436037
-1.7934287506278	0.390727439150181
-3.07822553691956	0.950796797182827
-0.322936466881447	0.0925708388690686
2.37761737678735	1.20510731423188
0.692481142426252	0.221366284684109
1.05878746464103	0.40482083139178
1.96372117107544	0.45473924627511
0.165880035481028	0.0314978449610492
-3.07402416243152	0.948685276185543
0.165880035481028	0.0314978449610492
-3.07822553691956	0.950796797182827
1.96684138854469	0.455504908505281
0.682339311812087	0.217953944354753
0.164778629348208	0.0313374327003096
-0.612487701707529	0.148134994320372
2.76671632811135	0.782410087450427
0.164778629348208	0.0313374327003096
-0.326310377140785	0.0935168437296262
-2.57036588579023	0.664816582891659
0.161251150232847	0.0308565698216007
1.47402323433779	0.492035659807906
2.76109157462938	0.779871501961836
-0.613682540053849	0.148388769407339
0.963214248695465	0.255090594573707
-1.79346061997896	0.390723019452767
1.96684138854469	0.455504908505281
0.176825054435177	0.0449204608148946
3.27752825134246	1.12202020233476
2.76219840038386	0.780594539857824
1.47086646676889	0.49088731436037
2.76219840038386	0.780594539857824
3.27272750868887	1.11966450015405
1.96276901321247	0.454520391574277
2.76671632811135	0.782410087450427
-1.12086886051128	0.33811902750598
0.165880035481028	0.0314978449610492
1.47277528463141	0.49146011988965
3.27631781619437	1.12171855032085
-3.458653795075	1.22921792319031
1.96276901321247	0.454520391574277
-0.69681330218041	0.238104465757831
-1.79346061997896	0.390723019452767
-0.613012730411062	0.148202450577793
1.84184770666887	0.726890218717793
-0.618535635333325	0.149538863092151
0.963214248695465	0.255090594573707
0.963743115659934	0.255236344279286
-0.612487701707529	0.148134994320372
0.165088029467664	0.0313824661178469
0.962025660417238	0.254682745005495
0.165088029467664	0.0313824661178469
2.76219840038386	0.780594539857824
-0.613682540053849	0.148388769407339
1.46842163094462	0.489769078028611
-0.326771057218117	0.0936418390224184
-0.612487701707529	0.148134994320372
0.165088029467664	0.0313824661178469
-3.07402416243152	0.948685276185543
1.96372117107544	0.45473924627511
0.964934921520073	0.255476948633611
0.966736740010186	0.256029100393941
-0.324126952894347	0.0929244396746841
0.164778629348208	0.0313374327003096
-0.613012730411062	0.148202450577793
-0.324393158207149	0.0929933012825356
0.169566032486793	0.032038095111837
0.185454319096416	0.0556335769192585
0.16619130625606	0.0315431724784316
1.47155078449581	0.491168545293048
1.96276901321247	0.454520391574277
0.165880035481028	0.0314978449610492
-0.323664690407152	0.0927962418225715
-0.315948015834244	0.0906883316966812
0.176825054435177	0.0449204608148946
1.96684138854469	0.455504908505281
1.96276901321247	0.454520391574277
1.05952860814689	0.405011691745652
-2.57554526884402	0.666976966437407
0.685539141555545	0.218907224669263
-1.79346061997896	0.390723019452767
-0.614206104379299	0.148455859250315
1.96276901321247	0.454520391574277
0.962553055030982	0.254827961566665
0.187984352048437	0.0474280610765032
-0.617339897765464	0.149284387408846
-0.614206104379299	0.148455859250315
-0.707845094848957	0.242262716671496
0.968469219672053	0.25651021792255
-1.49753171438992	0.532305096548695
0.182281708516407	0.0461365657769329
-2.57554526884402	0.666976966437407
-2.57098043849301	0.664920470822356
-0.613012730411062	0.148202450577793
0.16619130625606	0.0315431724784316
2.76109157462938	0.779871501961836
-0.611962616144159	0.147977912487881
-0.617875104469477	0.149400727468359
1.96372117107544	0.45473924627511
0.963743115659934	0.255236344279286
1.96276901321247	0.454520391574277
-1.79785205353169	0.391773074809323
-0.612487701707529	0.148134994320372
-0.702529153090903	0.24025873050893
1.96276901321247	0.454520391574277
0.182515705814395	0.0461929473161663
3.27631781619437	1.12171855032085
0.183063896529214	0.0463401006276899
0.16619130625606	0.0315431724784316
0.160144755571284	0.0306956063740573
1.06100497274362	0.405629306325193
1.96372117107544	0.45473924627511
1.96372117107544	0.45473924627511
-0.60895933746012	0.147406558741333
0.164778629348208	0.0313374327003096
-2.57067328278635	0.665094197548339
-1.7934287506278	0.390727439150181
-2.57067328278635	0.665094197548339
-1.12019427196772	0.338020301365193
-1.79346061997896	0.390723019452767
-2.57067328278635	0.665094197548339
0.169248055862235	0.0319917175833404
0.178049240810411	0.0452053813438565
1.96372117107544	0.45473924627511
0.962025660417238	0.254682745005495
2.76219840038386	0.780594539857824
0.164778629348208	0.0313374327003096
0.963743115659934	0.255236344279286
-0.60895933746012	0.147406558741333
-1.11760971687047	0.337077079720442
-2.57036588579023	0.664816582891659
1.96684138854469	0.455504908505281
-0.617339897765464	0.149284387408846
1.46964366147565	0.490422889690681
-2.57098043849301	0.664920470822356
-3.07350260546998	0.94852963330217
1.96372117107544	0.45473924627511
-0.325582325201124	0.0933470317045756
0.962553055030982	0.254827961566665
-0.612487701707529	0.148134994320372
-2.57098043849301	0.664920470822356
1.46910411205871	0.490049168285487
0.68278086909504	0.218093717626154
1.96372117107544	0.45473924627511
1.84140390214436	0.726768879551614
0.165880035481028	0.0314978449610492
0.964404580081594	0.255330782344719
-1.12396372987595	0.33934973605565
0.169566032486793	0.032038095111837
-1.79785205353169	0.391773074809323
1.96372117107544	0.45473924627511
1.96276901321247	0.454520391574277
0.183063896529214	0.0463401006276899
1.96276901321247	0.454520391574277
0.183063896529214	0.0463401006276899
0.964404580081594	0.255330782344719
0.178586346650125	0.0453095875153282
-1.7934287506278	0.390727439150181
-2.57067328278635	0.665094197548339
-2.57098043849301	0.664920470822356
-1.49753171438992	0.532305096548695
2.38335999487297	1.20915415695094
-0.32485451718176	0.0931499749349684
-0.619069360213747	0.149654914653121
-1.12396372987595	0.33934973605565
0.165880035481028	0.0314978449610492
-3.07350260546998	0.94852963330217
-2.57522664974505	0.666917731403372
0.186752657299631	0.0471525522204707
-0.614206104379299	0.148455859250315
0.622907842150155	0.327966217023582
1.05346208699469	0.402359762312703
1.96276901321247	0.454520391574277
0.165880035481028	0.0314978449610492
1.96276901321247	0.454520391574277
0.165088029467664	0.0313824661178469
-2.57067328278635	0.665094197548339
1.96372117107544	0.45473924627511
0.962553055030982	0.254827961566665
1.47333622017027	0.491753136545405
-3.44754089021611	1.22379406077669
0.187300583927818	0.0472598613580206
-0.612487701707529	0.148134994320372
0.964934921520073	0.255476948633611
-0.746448236482561	0.322813370370425
0.963214248695465	0.255090594573707
0.550585584584045	0.199969616725774
-1.11896025029368	0.337616084496264
0.169248055862235	0.0319917175833404
1.47209004689925	0.491178510113126
-1.11963574652263	0.337715170908198
-0.613682540053849	0.148388769407339
-3.44888613612191	1.22380916720858
0.963078860472085	0.255236868510046
-0.707845094848957	0.242262716671496
-0.202615613594689	0.0652232518828875
-2.57098043849301	0.664920470822356
2.76671632811135	0.782410087450427
-1.79346061997896	0.390723019452767
1.96372117107544	0.45473924627511
0.175891515215909	0.0602877256141385
1.96372117107544	0.45473924627511
0.688637326691298	0.220082192676685
0.964934921520073	0.255476948633611
0.164778629348208	0.0313374327003096
0.964404580081594	0.255330782344719
-0.326043908260378	0.0934449166225896
0.184697427143245	0.0554084744862393
0.165880035481028	0.0314978449610492
3.2811485523965	1.12364699463245
1.96372117107544	0.45473924627511
-1.50142880975048	0.534054734577795
-0.202267717623406	0.0650989962325268
0.962025660417238	0.254682745005495
0.169566032486793	0.032038095111837
2.76219840038386	0.780594539857824
0.184724704475009	0.0553822155404387
0.165880035481028	0.0314978449610492
0.184971072095669	0.0467387603153735
2.14068730085802	0.968013963390159
1.34992552348217	0.597211152410209
-0.750364995739161	0.325029815455567
2.58633351266151	1.45364169633544
0.966736740010186	0.256029100393941
-0.613012730411062	0.148202450577793
2.76109157462938	0.779871501961836
0.962553055030982	0.254827961566665
1.46910411205871	0.490049168285487
0.844132672287949	0.35881952272486
1.96276901321247	0.454520391574277
2.76219840038386	0.780594539857824
0.165088029467664	0.0313824661178469
0.16619130625606	0.0315431724784316
2.76330811440907	0.780761067286217
0.687904703717867	0.219759625438134
0.164778629348208	0.0313374327003096
-2.57067328278635	0.665094197548339
0.689821397698691	0.220399946218977
1.96276901321247	0.454520391574277
2.76330811440907	0.780761067286217
0.181837521716867	0.0460537144756759
-3.07454565876188	0.948489134275984
0.165880035481028	0.0314978449610492
-1.11896025029368	0.337616084496264
-2.57067328278635	0.665094197548339
-3.07350260546998	0.94852963330217
-2.58013588785136	0.668674470410509
0.687453672774919	0.21969379736456
0.186752657299631	0.0471525522204707
-0.321741768636823	0.0922885496388945
2.76219840038386	0.780594539857824
1.96372117107544	0.45473924627511
-0.612487701707529	0.148134994320372
0.688637326691298	0.220082192676685
0.186069807523728	0.046984734903896
1.47209004689925	0.491178510113126
1.96684138854469	0.455504908505281
1.06153095853073	0.405927487776779
0.164778629348208	0.0313374327003096
-0.327498449554433	0.0938114370055266
-1.79986379029762	0.730816466217237
1.47209004689925	0.491178510113126
-0.60895933746012	0.147406558741333
-2.57522664974505	0.666917731403372
2.76109157462938	0.779871501961836
0.547731489910715	0.198721788016129
0.164778629348208	0.0313374327003096
-1.1182849071041	0.337405124817419
2.76330811440907	0.780761067286217
-3.44754089021611	1.22379406077669
4.1882111136414	2.03566038800704
1.35276823183269	0.59898514245525
-1.79346061997896	0.390723019452767
0.187984352048437	0.0474280610765032
0.188667958543402	0.04756856032199
0.187435346122179	0.047292837125537
0.165880035481028	0.0314978449610492
0.551654521195964	0.200367304145546
-0.612487701707529	0.148134994320372
0.688637326691298	0.220082192676685
1.35742358780664	0.601505744976776
-1.80860659991793	0.735840712092833
0.175528710194884	0.0601682623632123
0.968469219672053	0.25651021792255
3.27510914666181	1.12076297640292
2.76109157462938	0.779871501961836
3.27272750868887	1.11966450015405
0.164778629348208	0.0313374327003096
-0.324393158207149	0.0929933012825356
-3.07350260546998	0.94852963330217
1.05693634570001	0.403813519694082
-1.47069199859247	0.741348714485643
-0.614206104379299	0.148455859250315
-3.07928878926676	0.951136693928373
2.76559849788836	0.78194178274137
-0.612487701707529	0.148134994320372
0.962025660417238	0.254682745005495
1.96276901321247	0.454520391574277
1.05804592236107	0.404331959594976
-0.608428787479893	0.147248610626808
0.165880035481028	0.0314978449610492
-0.707845094848957	0.242262716671496
-0.0732114414412068	0.0288021008103871
2.76219840038386	0.780594539857824
0.962553055030982	0.254827961566665
-2.57036588579023	0.664816582891659
0.164625296117395	0.0313507498370328
-3.08351879397427	0.953227279124287
-2.57098043849301	0.664920470822356
-3.07350260546998	0.94852963330217
1.85151100608139	0.731488521526503
0.166180490994207	0.0643259864206776
0.171030380414553	0.0746143174929334
1.96684138854469	0.455504908505281
1.96276901321247	0.454520391574277
0.963743115659934	0.255236344279286
2.76671632811135	0.782410087450427
1.96372117107544	0.45473924627511
1.96372117107544	0.45473924627511
-1.79785205353169	0.391773074809323
-3.07350260546998	0.94852963330217
0.165088029467664	0.0313824661178469
3.27631781619437	1.12171855032085
1.96372117107544	0.45473924627511
0.160144755571284	0.0306956063740573
2.76219840038386	0.780594539857824
1.96372117107544	0.45473924627511
0.183063896529214	0.0463401006276899
-0.613012730411062	0.148202450577793
0.187300583927818	0.0472598613580206
-0.617875104469477	0.149400727468359
-1.49705816852235	0.532032217355669
0.179746106686676	0.0540237006551008
1.96276901321247	0.454520391574277
-2.57098043849301	0.664920470822356
1.96372117107544	0.45473924627511
-1.7934287506278	0.390727439150181
1.96372117107544	0.45473924627511
-1.7934287506278	0.390727439150181
-3.7511927754544	1.4825089606666
1.96276901321247	0.454520391574277
2.76219840038386	0.780594539857824
0.16619130625606	0.0315431724784316
0.165088029467664	0.0313824661178469
1.34534186074161	0.594787167003823
1.47155078449581	0.491168545293048
-1.79346061997896	0.390723019452767
-0.706728811590437	0.241764690191015
-1.00581385712089	0.398098538455273
0.182384642090162	0.0461735738884295
-1.7934287506278	0.390727439150181
-0.325582325201124	0.0933470317045756
0.964404580081594	0.255330782344719
-1.7934287506278	0.390727439150181
3.27152519356808	1.11907150574555
0.963214248695465	0.255090594573707
0.174204355272961	0.0597247391277113
0.968469219672053	0.25651021792255
-2.04390029333972	0.929362008297223
2.76219840038386	0.780594539857824
-0.617339897765464	0.149284387408846
-3.07402416243152	0.948685276185543
0.165880035481028	0.0314978449610492
0.967271104517323	0.256176548116206
-0.326771057218117	0.0936418390224184
1.96372117107544	0.45473924627511
0.165880035481028	0.0314978449610492
0.164625296117395	0.0313507498370328
0.962025660417238	0.254682745005495
-1.79785205353169	0.391773074809323
-2.57067328278635	0.665094197548339
-3.44686848748983	1.22339694388155
-0.32485451718176	0.0931499749349684
0.686270437198953	0.219228628867356
2.76219840038386	0.780594539857824
-1.79346061997896	0.390723019452767
0.550941991992969	0.200022862882379
-1.79346061997896	0.390723019452767
-3.44821343973509	1.22397568320365
0.164778629348208	0.0313374327003096
0.964934921520073	0.255476948633611
-0.20083710522649	0.0646522944494468
-0.614206104379299	0.148455859250315
3.27272750868887	1.11966450015405
1.96684138854469	0.455504908505281
-1.7934287506278	0.390727439150181
0.164778629348208	0.0313374327003096
0.180503912336474	0.0618296034347483
1.96372117107544	0.45473924627511
1.96276901321247	0.454520391574277
1.96276901321247	0.454520391574277
1.96372117107544	0.45473924627511
0.179369859705814	0.0539368960907662
-2.75565193396304	1.84034527064187
-3.0729809879685	0.948009080411761
0.964934921520073	0.255476948633611
0.16619130625606	0.0315431724784316
0.917224750615719	0.498150708010336
0.170231184227243	0.0583681850875364
-1.5026235657887	0.534584753118728
-2.57067328278635	0.665094197548339
2.76559849788836	0.78194178274137
-0.613012730411062	0.148202450577793
-1.79346061997896	0.390723019452767
1.96684138854469	0.455504908505281
-1.12328075924743	0.339047939506251
-3.45307509546519	1.22686211973226
0.175865589627973	0.0680164736696072
-1.64488794924076	0.921806460952583
1.96684138854469	0.455504908505281
0.16619130625606	0.0315431724784316
-0.613682540053849	0.148388769407339
-1.79785205353169	0.391773074809323
1.96372117107544	0.45473924627511
3.27152519356808	1.11907150574555
0.164778629348208	0.0313374327003096
1.59588475472658	0.802198006540431
-1.82495254078045	1.14323619578436
1.96684138854469	0.455504908505281
-3.07402416243152	0.948685276185543
0.16619130625606	0.0315431724784316
1.05878746464103	0.40482083139178
-0.613158918177153	0.148231887572971
0.165088029467664	0.0313824661178469
0.688637326691298	0.220082192676685
1.96684138854469	0.455504908505281
1.96372117107544	0.45473924627511
0.967933372585482	0.256362285789635
0.962025660417238	0.254682745005495
0.964404580081594	0.255330782344719
2.76219840038386	0.780594539857824
0.165088029467664	0.0313824661178469
0.179008086694114	0.0538125056714061
1.84022304372881	0.72612017307568
2.76219840038386	0.780594539857824
-1.79346061997896	0.390723019452767
-1.79346061997896	0.390723019452767
-0.619069360213747	0.149654914653121
0.16619130625606	0.0315431724784316
-0.613158918177153	0.148231887572971
-0.613682540053849	0.148388769407339
0.545282959725496	0.197930364047729
0.361267582265837	0.202458473968608
-2.57098043849301	0.664920470822356
-2.57067328278635	0.665094197548339
0.165088029467664	0.0313824661178469
2.76219840038386	0.780594539857824
1.47086646676889	0.49088731436037
-1.11963574652263	0.337715170908198
0.169566032486793	0.032038095111837
0.963214248695465	0.255090594573707
-2.57036588579023	0.664816582891659
-0.69681330218041	0.238104465757831
2.76330811440907	0.780761067286217
-1.49753171438992	0.532305096548695
0.180107983152346	0.0541465694868784
0.963214248695465	0.255090594573707
1.96276901321247	0.454520391574277
-1.1258777723839	0.339888304991231
-1.79346061997896	0.390723019452767
-1.11963574652263	0.337715170908198
-1.79346061997896	0.390723019452767
1.96372117107544	0.45473924627511
-2.05383996725686	0.935953279687901
0.164778629348208	0.0313374327003096
0.182281708516407	0.0461365657769329
1.83948692258838	0.725717515665962
-0.613682540053849	0.148388769407339
0.683961295954432	0.21841001184846
0.165880035481028	0.0314978449610492
-0.32685310795758	0.0937088146974829
2.76330811440907	0.780761067286217
1.06375255943934	0.407031400293661
1.84066711299049	0.726365639107333
-1.11896025029368	0.337616084496264
-2.57067328278635	0.665094197548339
-1.11951983581622	0.337809535545767
-3.44821343973509	1.22397568320365
-1.7934287506278	0.390727439150181
0.963743115659934	0.255236344279286
-1.7934287506278	0.390727439150181
1.96276901321247	0.454520391574277
0.16619130625606	0.0315431724784316
-3.07350260546998	0.94852963330217
1.96276901321247	0.454520391574277
-1.79346061997896	0.390723019452767
0.962553055030982	0.254827961566665
0.165088029467664	0.0313824661178469
0.183063896529214	0.0463401006276899
-1.79346061997896	0.390723019452767
1.96372117107544	0.45473924627511
1.47579162106182	0.492713238749138
0.165880035481028	0.0314978449610492
-1.7934287506278	0.390727439150181
2.76330811440907	0.780761067286217
0.165880035481028	0.0314978449610492
-1.5026235657887	0.534584753118728
1.96372117107544	0.45473924627511
-1.12899732880063	0.340924693999455
-0.611962616144159	0.147977912487881
0.165880035481028	0.0314978449610492
-0.702142591343233	0.240009967793785
0.165880035481028	0.0314978449610492
1.46964366147565	0.490422889690681
1.96372117107544	0.45473924627511
-0.613012730411062	0.148202450577793
-1.79653379913892	0.729391431830202
2.76330811440907	0.780761067286217
0.963214248695465	0.255090594573707
0.958352222975233	0.253964848564806
-1.25019261859565	0.560551670487695
0.968469219672053	0.25651021792255
-1.79346061997896	0.390723019452767
-0.608428787479893	0.147248610626808
0.16619130625606	0.0315431724784316
-0.613158918177153	0.148231887572971
1.96276901321247	0.454520391574277
-0.502166281046843	0.189377225365948
0.933753298402889	0.509170289176668
0.183063896529214	0.0463401006276899
-0.614206104379299	0.148455859250315
0.165088029467664	0.0313824661178469
1.96684138854469	0.455504908505281
-0.49452236666582	0.1862496485541
0.873061347252069	0.645775403394947
-1.12019427196772	0.338020301365193
-1.79346061997896	0.390723019452767
-1.7934287506278	0.390727439150181
-3.07454565876188	0.948489134275984
0.687453672774919	0.21969379736456
0.164778629348208	0.0313374327003096
-0.197597154874105	0.0636622682021146
-0.325582325201124	0.0933470317045756
-0.502824622854512	0.189653352789705
1.12914632587581	0.862807211945221
-0.745361895750445	0.322606575863086
1.96276901321247	0.454520391574277
0.962553055030982	0.254827961566665
0.165088029467664	0.0313824661178469
0.417970167573709	0.19018267865932
-1.25122982966508	0.561359418848618
-1.12019427196772	0.338020301365193
0.182784373310677	0.0625636986950216
-1.49633399610699	0.531774933095134
-1.13022694918455	0.341328905410415
-2.57098043849301	0.664920470822356
1.96276901321247	0.454520391574277
3.27631781619437	1.12171855032085
-0.608428787479893	0.147248610626808
1.96372117107544	0.45473924627511
0.186069807523728	0.046984734903896
-3.07402416243152	0.948685276185543
0.181527232764378	0.0621573098746313
1.29847901360506	0.721819868944662
1.47155078449581	0.491168545293048
-1.79346061997896	0.390723019452767
-3.74624107806015	1.47909592511107
1.83438379793333	0.723158469152769
-0.613682540053849	0.148388769407339
1.08750815001851	0.531291979888112
-1.11896025029368	0.337616084496264
-0.32685310795758	0.0937088146974829
0.182384642090162	0.0461735738884295
-2.45735040763391	1.36657344176913
-1.7934287506278	0.390727439150181
-1.00519547019286	0.397637840840267
0.167889275021725	0.0576253650682983
1.96372117107544	0.45473924627511
0.713906415672812	0.33698145815023
-1.30374475995059	0.806695641126244
0.17231657402208	0.0666548669668037
-0.199468626638543	0.0641958776339338
0.847728504925438	0.36079146501607
1.47032706033056	0.490703617760438
-0.19624115961797	0.0631993229606972
0.706844262601302	0.333494371477796
-2.57067328278635	0.665094197548339
-1.11951983581622	0.337809535545767
-2.04916059733046	0.933046655798162
-1.12026119291491	0.338168680078347
0.182281708516407	0.0461365657769329
0.963743115659934	0.255236344279286
-0.613158918177153	0.148231887572971
-0.328777361869378	0.0941964324844904
0.169566032486793	0.032038095111837
-2.57067328278635	0.665094197548339
0.178049240810411	0.0452053813438565
0.964404580081594	0.255330782344719
-0.321011266565823	0.0920911495247304
0.178254851579563	0.0536080680261321
1.96276901321247	0.454520391574277
0.165880035481028	0.0314978449610492
0.165088029467664	0.0313824661178469
1.05582634094888	0.403184301021208
-0.198757003958094	0.063979613393949
0.169248055862235	0.0319917175833404
-0.326043908260378	0.0934449166225896
-2.57067328278635	0.665094197548339
-0.617339897765464	0.149284387408846
-3.75046496352693	1.48199107071708
2.76671632811135	0.782410087450427
3.27152519356808	1.11907150574555
-1.79346061997896	0.390723019452767
4.18536973210645	2.03283090231972
1.47402323433779	0.492035659807906
-0.116616902278513	0.0415886899790243
-1.11760971687047	0.337077079720442
-0.613012730411062	0.148202450577793
-1.00015032187804	0.395210873368645
-1.49561006114969	0.531433597211914
0.187984352048437	0.0474280610765032
0.968469219672053	0.25651021792255
0.550585584584045	0.199969616725774
-1.79346061997896	0.390723019452767
0.164625296117395	0.0313507498370328
0.186752657299631	0.0471525522204707
-3.44821343973509	1.22397568320365
0.963214248695465	0.255090594573707
-1.5026235657887	0.534584753118728
-1.12396372987595	0.33934973605565
-1.79346061997896	0.390723019452767
0.165088029467664	0.0313824661178469
0.16619130625606	0.0315431724784316
0.160144755571284	0.0306956063740573
0.165880035481028	0.0314978449610492
0.687453672774919	0.21969379736456
-1.7934287506278	0.390727439150181
0.963214248695465	0.255090594573707
-2.57067328278635	0.665094197548339
1.96372117107544	0.45473924627511
-1.11963574652263	0.337715170908198
0.165088029467664	0.0313824661178469
0.694404728756287	0.221883604128058
-1.79346061997896	0.390723019452767
-1.79785205353169	0.391773074809323
0.964934921520073	0.255476948633611
0.962553055030982	0.254827961566665
0.967271104517323	0.256176548116206
0.963214248695465	0.255090594573707
-1.11594248674068	0.336539906623349
-1.79346061997896	0.390723019452767
0.182384642090162	0.0461735738884295
1.05878188329451	0.404602739849127
-3.07875719123617	0.951227905765892
0.169248055862235	0.0319917175833404
0.691745806165962	0.221041871886146
1.05878746464103	0.40482083139178
1.96276901321247	0.454520391574277
0.963743115659934	0.255236344279286
-1.79785205353169	0.391773074809323
0.161251150232847	0.0308565698216007
1.96372117107544	0.45473924627511
-1.79346061997896	0.390723019452767
-2.57067328278635	0.665094197548339
2.76109157462938	0.779871501961836
1.96276901321247	0.454520391574277
-1.7934287506278	0.390727439150181
-2.57522664974505	0.666917731403372
1.96276901321247	0.454520391574277
1.96372117107544	0.45473924627511
0.169248055862235	0.0319917175833404
-1.7934287506278	0.390727439150181
-1.79346061997896	0.390723019452767
-2.57098043849301	0.664920470822356
1.96276901321247	0.454520391574277
1.96276901321247	0.454520391574277
-1.79346061997896	0.390723019452767
-2.57554526884402	0.666976966437407
0.164778629348208	0.0313374327003096
-1.00269516620368	0.396499158743995
2.76109157462938	0.779871501961836
-0.612487701707529	0.148134994320372
1.84022304372881	0.72612017307568
-0.322936466881447	0.0925708388690686
-0.612487701707529	0.148134994320372
0.161251150232847	0.0308565698216007
1.96276901321247	0.454520391574277
2.76219840038386	0.780594539857824
-2.05422330759801	0.936346916870338
-0.703999757003376	0.240702491325751
0.963743115659934	0.255236344279286
-1.12396372987595	0.33934973605565
0.16619130625606	0.0315431724784316
-3.74696276382151	1.47929664249189
0.17863134392367	0.0537118645556901
-1.79346061997896	0.390723019452767
-2.57036588579023	0.664816582891659
0.165880035481028	0.0314978449610492
0.16619130625606	0.0315431724784316
1.84644215856505	0.729350990286639
1.84644215856505	0.729350990286639
-1.7934287506278	0.390727439150181
-2.57067328278635	0.665094197548339
-3.0729809879685	0.948009080411761
-0.612487701707529	0.148134994320372
-1.49175325085157	0.529773188260123
1.47032706033056	0.490703617760438
-0.32685310795758	0.0937088146974829
2.76109157462938	0.779871501961836
0.165088029467664	0.0313824661178469
3.27152519356808	1.11907150574555
0.178586346650125	0.0453095875153282
-1.25150722571847	0.561383579588263
0.964404580081594	0.255330782344719
0.689821397698691	0.220399946218977
-0.613012730411062	0.148202450577793
0.966736740010186	0.256029100393941
-1.1182849071041	0.337405124817419
0.181837521716867	0.0460537144756759
0.179369859705814	0.0539368960907662
0.176825054435177	0.0449204608148946
-0.617875104469477	0.149400727468359
-0.197316433582098	0.063550392412948
-0.611962616144159	0.147977912487881
2.38045665129255	1.20745339715395
0.165088029467664	0.0313824661178469
-1.79346061997896	0.390723019452767
0.16619130625606	0.0315431724784316
0.160144755571284	0.0306956063740573
-3.07402416243152	0.948685276185543
-2.57067328278635	0.665094197548339
2.76559849788836	0.78194178274137
0.16619130625606	0.0315431724784316
-1.11951983581622	0.337809535545767
2.13349923295367	0.963781356442487
-1.11760971687047	0.337077079720442
-0.331432979676728	0.0949515324990773
0.686270437198953	0.219228628867356
-1.79346061997896	0.390723019452767
-0.613682540053849	0.148388769407339
0.180845714650258	0.0543398759613664
1.46833343766606	0.489897083934438
0.164778629348208	0.0313374327003096
0.165088029467664	0.0313824661178469
1.46842163094462	0.489769078028611
-0.613682540053849	0.148388769407339
1.59326679625826	0.800279226737387
0.169566032486793	0.032038095111837
0.182336403143595	0.0547549505032696
-0.613158918177153	0.148231887572971
-1.12086886051128	0.33811902750598
-1.00415219200353	0.397187604454455
1.96372117107544	0.45473924627511
2.13736636122811	0.966264970252144
0.172195511036386	0.0518779587947308
0.181837521716867	0.0460537144756759
-3.45375537289784	1.2267719146559
-0.609489833121369	0.147475344257464
0.964404580081594	0.255330782344719
-0.325582325201124	0.0933470317045756
-3.07875719123617	0.951227905765892
1.96276901321247	0.454520391574277
-0.699405444382189	0.239043645886915
-1.01507902194208	0.402491912396081
0.165880035481028	0.0314978449610492
0.963214248695465	0.255090594573707
-1.7934287506278	0.390727439150181
0.963214248695465	0.255090594573707
0.184338509014023	0.0553315106563962
0.555598921920072	0.201915300938634
1.59756362339209	0.803815611179192
-0.739611202446697	0.319530960174951
0.682339311812087	0.217953944354753
1.84184770666887	0.726890218717793
0.180860449097146	0.0543198851417517
-0.619069360213747	0.149654914653121
0.964934921520073	0.255476948633611
-0.702877915558576	0.240204037136345
0.551353578437213	0.200228094406705
0.691745806165962	0.221041871886146
-3.45307509546519	1.22686211973226
-0.618535635333325	0.149538863092151
0.551298334729919	0.200249958464128
-0.197597154874105	0.0636622682021146
0.165880035481028	0.0314978449610492
0.687453672774919	0.21969379736456
1.83948692258838	0.725717515665962
-0.127973808429625	0.0455141210732245
2.76109157462938	0.779871501961836
-0.327498449554433	0.0938114370055266
-2.57098043849301	0.664920470822356
1.05878746464103	0.40482083139178
0.551654521195964	0.200367304145546
0.169248055862235	0.0319917175833404
0.18374299244507	0.0464795790495071
-0.697936306259444	0.23851153813937
-0.577302762796917	0.273561358867356
0.182384642090162	0.0461735738884295
0.164778629348208	0.0313374327003096
0.174045724149933	0.0524237595938313
-2.57067328278635	0.665094197548339
-1.49247986516622	0.53011506511111
0.957162742729009	0.253557522610441
2.13386142848874	0.963951590957412
0.839495833782448	0.356721288421175
0.959543454922691	0.254205280821647
0.967271104517323	0.256176548116206
1.29992838256832	0.723247600092972
4.1973309219285	2.04088074158947
0.183063896529214	0.0463401006276899
0.967271104517323	0.256176548116206
0.964934921520073	0.255476948633611
-0.187993834410194	0.0606579586115245
-1.79346061997896	0.390723019452767
-0.612487701707529	0.148134994320372
-0.323664690407152	0.0927962418225715
0.181598622209813	0.0545451831920276
0.173305506499925	0.0522037309364545
0.178161345351442	0.0610444196674466
0.962025660417238	0.254682745005495
0.186069807523728	0.046984734903896
2.13496821496621	0.964511990833866
-0.613682540053849	0.148388769407339
-0.613682540053849	0.148388769407339
0.180860449097146	0.0543198851417517
3.64371154631014	1.44368517222673
0.165088029467664	0.0313824661178469
0.962025660417238	0.254682745005495
-0.325582325201124	0.0933470317045756
1.47579162106182	0.492713238749138
0.16619130625606	0.0315431724784316
0.962553055030982	0.254827961566665
0.686270437198953	0.219228628867356
-0.324393158207149	0.0929933012825356
1.05952860814689	0.405011691745652
3.27631781619437	1.12171855032085
-0.323664690407152	0.0927962418225715
1.47086646676889	0.49088731436037
-0.613012730411062	0.148202450577793
3.27152519356808	1.11907150574555
-2.57067328278635	0.665094197548339
0.18374299244507	0.0464795790495071
1.47525146835293	0.492648627415429
2.76109157462938	0.779871501961836
-0.613158918177153	0.148231887572971
0.18374299244507	0.0464795790495071
0.16619130625606	0.0315431724784316
-0.702529153090903	0.24025873050893
-0.492262615205714	0.185286462572277
0.688185381402826	0.219868290083128
0.164778629348208	0.0313374327003096
0.179369859705814	0.0539368960907662
-0.0728619231799769	0.0286390622815502
-0.618535635333325	0.149538863092151
0.176474361708792	0.0604483506508768
0.688185381402826	0.219868290083128
0.964404580081594	0.255330782344719
1.84644215856505	0.729350990286639
-1.79346061997896	0.390723019452767
-0.32485451718176	0.0931499749349684
1.96372117107544	0.45473924627511
-1.79346061997896	0.390723019452767
0.165088029467664	0.0313824661178469
0.165088029467664	0.0313824661178469
-1.79346061997896	0.390723019452767
0.16619130625606	0.0315431724784316
2.76219840038386	0.780594539857824
-1.79346061997896	0.390723019452767
0.164778629348208	0.0313374327003096
0.16619130625606	0.0315431724784316
0.16619130625606	0.0315431724784316
1.96276901321247	0.454520391574277
-0.608428787479893	0.147248610626808
0.164778629348208	0.0313374327003096
-0.612487701707529	0.148134994320372
2.76219840038386	0.780594539857824
1.06301156133644	0.406541088935866
0.160144755571284	0.0306956063740573
-0.60895933746012	0.147406558741333
-3.07350260546998	0.94852963330217
-0.611962616144159	0.147977912487881
0.164778629348208	0.0313374327003096
-1.11951983581622	0.337809535545767
-0.325582325201124	0.0933470317045756
0.16619130625606	0.0315431724784316
0.180484451327502	0.0542489043189748
1.47086646676889	0.49088731436037
0.165088029467664	0.0313824661178469
0.165880035481028	0.0314978449610492
1.47155078449581	0.491168545293048
0.182384642090162	0.0461735738884295
0.16619130625606	0.0315431724784316
0.966736740010186	0.256029100393941
0.181598622209813	0.0545451831920276
3.27510914666181	1.12076297640292
-0.617875104469477	0.149400727468359
-1.01507902194208	0.402491912396081
0.179731047800424	0.0540108619593111
-0.325582325201124	0.0933470317045756
-1.79346061997896	0.390723019452767
-0.613158918177153	0.148231887572971
-0.612487701707529	0.148134994320372
0.967933372585482	0.256362285789635
1.46964366147565	0.490422889690681
2.76219840038386	0.780594539857824
0.689821397698691	0.220399946218977
-1.7934287506278	0.390727439150181
0.473198825825499	0.192238507652064
0.164778629348208	0.0313374327003096
1.96372117107544	0.45473924627511
1.96684138854469	0.455504908505281
-2.57067328278635	0.665094197548339
-0.202615613594689	0.0652232518828875
0.963214248695465	0.255090594573707
0.16619130625606	0.0315431724784316
0.178254851579563	0.0536080680261321
1.96372117107544	0.45473924627511
0.187984352048437	0.0474280610765032
0.165880035481028	0.0314978449610492
0.169248055862235	0.0319917175833404
-0.196606144995592	0.0633346995977349
0.963214248695465	0.255090594573707
0.165880035481028	0.0314978449610492
0.161251150232847	0.0308565698216007
3.27393157336313	1.11982869858365
1.47209004689925	0.491178510113126
1.96372117107544	0.45473924627511
0.16619130625606	0.0315431724784316
1.47209004689925	0.491178510113126
0.161251150232847	0.0308565698216007
-1.79785205353169	0.391773074809323
1.96276901321247	0.454520391574277
1.47402323433779	0.492035659807906
2.76219840038386	0.780594539857824
1.96372117107544	0.45473924627511
1.96276901321247	0.454520391574277
