x	y
0.165880035481028	0.0314978449610492
0.165880035481028	0.0314978449610492
0.16619130625606	0.0315431724784316
1.96276901321247	0.454520391574277
0.165880035481028	0.0314978449610492
-1.79346061997896	0.390723019452767
1.96276901321247	0.454520391574277
1.96276901321247	0.454520391574277
-1.7934287506278	0.390727439150181
0.169248055862235	0.0319917175833404
-1.79346061997896	0.390723019452767
1.96372117107544	0.45473924627511
0.165880035481028	0.0314978449610492
0.16619130625606	0.0315431724784316
0.165088029467664	0.0313824661178469
1.96372117107544	0.45473924627511
0.966736740010186	0.256029100393941
0.963743115659934	0.255236344279286
1.96684138854469	0.455504908505281
0.16619130625606	0.0315431724784316
-2.57067328278635	0.665094197548339
-1.7934287506278	0.390727439150181
0.169566032486793	0.032038095111837
-0.619069360213747	0.149654914653121
-1.7934287506278	0.390727439150181
0.16619130625606	0.0315431724784316
1.96276901321247	0.454520391574277
0.165088029467664	0.0313824661178469
-0.613682540053849	0.148388769407339
-0.613682540053849	0.148388769407339
0.962025660417238	0.254682745005495
-1.7934287506278	0.390727439150181
0.181837521716867	0.0460537144756759
1.96276901321247	0.454520391574277
0.175155035311403	0.0527334069281177
-3.07875719123617	0.951227905765892
-1.79346061997896	0.390723019452767
0.164778629348208	0.0313374327003096
0.165880035481028	0.0314978449610492
0.164778629348208	0.0313374327003096
0.553818419026129	0.201156081038653
0.688185381402826	0.219868290083128
0.165880035481028	0.0314978449610492
0.959543454922691	0.254205280821647
0.165088029467664	0.0313824661178469
-0.613682540053849	0.148388769407339
0.169566032486793	0.032038095111837
-1.79346061997896	0.390723019452767
0.686721713829268	0.219371725498129
-1.7934287506278	0.390727439150181
2.76109157462938	0.779871501961836
1.96276901321247	0.454520391574277
-0.612487701707529	0.148134994320372
0.164778629348208	0.0313374327003096
0.964934921520073	0.255476948633611
0.181837521716867	0.0460537144756759
-1.79346061997896	0.390723019452767
-3.07402416243152	0.948685276185543
1.96372117107544	0.45473924627511
2.76330811440907	0.780761067286217
0.16619130625606	0.0315431724784316
1.96276901321247	0.454520391574277
1.96372117107544	0.45473924627511
-1.79346061997896	0.390723019452767
0.16619130625606	0.0315431724784316
0.176263706576241	0.0530277163300986
-1.7934287506278	0.390727439150181
-2.57067328278635	0.665094197548339
2.76219840038386	0.780594539857824
-2.57067328278635	0.665094197548339
0.164778629348208	0.0313374327003096
1.96372117107544	0.45473924627511
1.96276901321247	0.454520391574277
2.76109157462938	0.779871501961836
2.76330811440907	0.780761067286217
1.96276901321247	0.454520391574277
1.96372117107544	0.45473924627511
-0.613682540053849	0.148388769407339
0.165088029467664	0.0313824661178469
-1.7934287506278	0.390727439150181
-1.49825523114142	0.532562193916483
1.47277528463141	0.49146011988965
3.64995436887393	1.44813448599007
1.96276901321247	0.454520391574277
0.967933372585482	0.256362285789635
0.165088029467664	0.0313824661178469
2.76219840038386	0.780594539857824
0.967933372585482	0.256362285789635
0.963743115659934	0.255236344279286
1.96684138854469	0.455504908505281
1.46842163094462	0.489769078028611
0.962025660417238	0.254682745005495
1.96372117107544	0.45473924627511
2.76219840038386	0.780594539857824
0.164778629348208	0.0313374327003096
-3.07350260546998	0.94852963330217
1.96276901321247	0.454520391574277
1.96276901321247	0.454520391574277
0.16619130625606	0.0315431724784316
-1.7934287506278	0.390727439150181
-1.79346061997896	0.390723019452767
-1.79346061997896	0.390723019452767
3.27272750868887	1.11966450015405
1.96276901321247	0.454520391574277
1.96372117107544	0.45473924627511
-0.614206104379299	0.148455859250315
0.16619130625606	0.0315431724784316
1.96372117107544	0.45473924627511
1.96372117107544	0.45473924627511
1.96372117107544	0.45473924627511
0.963743115659934	0.255236344279286
1.96276901321247	0.454520391574277
1.96372117107544	0.45473924627511
0.165088029467664	0.0313824661178469
1.96372117107544	0.45473924627511
1.96372117107544	0.45473924627511
-1.79346061997896	0.390723019452767
1.96372117107544	0.45473924627511
0.164778629348208	0.0313374327003096
2.76671632811135	0.782410087450427
-1.79346061997896	0.390723019452767
1.96372117107544	0.45473924627511
1.96276901321247	0.454520391574277
-1.79346061997896	0.390723019452767
0.165880035481028	0.0314978449610492
-1.79785205353169	0.391773074809323
1.96276901321247	0.454520391574277
-1.7934287506278	0.390727439150181
0.164778629348208	0.0313374327003096
2.76330811440907	0.780761067286217
1.96276901321247	0.454520391574277
0.16619130625606	0.0315431724784316
2.76330811440907	0.780761067286217
2.76109157462938	0.779871501961836
0.964934921520073	0.255476948633611
1.96372117107544	0.45473924627511
1.96276901321247	0.454520391574277
-0.614206104379299	0.148455859250315
-1.79346061997896	0.390723019452767
-1.79346061997896	0.390723019452767
0.16619130625606	0.0315431724784316
-1.79785205353169	0.391773074809323
1.96276901321247	0.454520391574277
0.160144755571284	0.0306956063740573
0.689369698791533	0.22025689756634
0.181053134529505	0.0458624936397602
-2.57036588579023	0.664816582891659
0.962553055030982	0.254827961566665
0.183610895194862	0.0464322674344966
-0.613682540053849	0.148388769407339
0.181837521716867	0.0460537144756759
0.173541542363193	0.059486595858024
-1.79346061997896	0.390723019452767
-1.79346061997896	0.390723019452767
0.160144755571284	0.0306956063740573
0.687904703717867	0.219759625438134
0.16619130625606	0.0315431724784316
-0.195896300806791	0.0631110974355499
-1.79346061997896	0.390723019452767
0.964404580081594	0.255330782344719
0.182384642090162	0.0461735738884295
0.686721713829268	0.219371725498129
0.165880035481028	0.0314978449610492
-0.7021816537733	0.239962359868483
0.963214248695465	0.255090594573707
-0.612487701707529	0.148134994320372
2.76109157462938	0.779871501961836
0.165880035481028	0.0314978449610492
0.16619130625606	0.0315431724784316
0.164778629348208	0.0313374327003096
-1.7934287506278	0.390727439150181
-0.618535635333325	0.149538863092151
1.96276901321247	0.454520391574277
-1.7934287506278	0.390727439150181
0.165880035481028	0.0314978449610492
-0.613682540053849	0.148388769407339
2.76330811440907	0.780761067286217
-0.612487701707529	0.148134994320372
-0.613012730411062	0.148202450577793
-1.79785205353169	0.391773074809323
-1.49705816852235	0.532032217355669
0.165088029467664	0.0313824661178469
0.165088029467664	0.0313824661178469
-2.57098043849301	0.664920470822356
-1.7934287506278	0.390727439150181
1.96276901321247	0.454520391574277
1.96276901321247	0.454520391574277
-0.609489833121369	0.147475344257464
0.968469219672053	0.25651021792255
0.165088029467664	0.0313824661178469
-0.321741768636823	0.0922885496388945
-1.79346061997896	0.390723019452767
-2.57067328278635	0.665094197548339
0.963214248695465	0.255090594573707
0.165088029467664	0.0313824661178469
-0.325582325201124	0.0933470317045756
-1.12086886051128	0.33811902750598
0.962025660417238	0.254682745005495
0.165880035481028	0.0314978449610492
0.16619130625606	0.0315431724784316
-2.57067328278635	0.665094197548339
0.160144755571284	0.0306956063740573
-1.7934287506278	0.390727439150181
0.165088029467664	0.0313824661178469
0.963743115659934	0.255236344279286
0.963214248695465	0.255090594573707
1.96684138854469	0.455504908505281
1.96372117107544	0.45473924627511
0.963214248695465	0.255090594573707
0.16619130625606	0.0315431724784316
2.76671632811135	0.782410087450427
-0.613158918177153	0.148231887572971
0.164778629348208	0.0313374327003096
0.18374299244507	0.0464795790495071
0.962553055030982	0.254827961566665
0.164778629348208	0.0313374327003096
-2.57098043849301	0.664920470822356
0.165088029467664	0.0313824661178469
0.962025660417238	0.254682745005495
3.27152519356808	1.11907150574555
-3.07875719123617	0.951227905765892
-3.07454565876188	0.948489134275984
-2.57098043849301	0.664920470822356
1.96276901321247	0.454520391574277
1.96276901321247	0.454520391574277
1.96276901321247	0.454520391574277
2.76109157462938	0.779871501961836
-1.7934287506278	0.390727439150181
2.76219840038386	0.780594539857824
0.964404580081594	0.255330782344719
-0.613682540053849	0.148388769407339
0.966736740010186	0.256029100393941
1.96276901321247	0.454520391574277
-0.613682540053849	0.148388769407339
-2.57036588579023	0.664816582891659
1.96372117107544	0.45473924627511
3.64618465324491	1.4458034047001
-1.7934287506278	0.390727439150181
-3.07822553691956	0.950796797182827
1.96372117107544	0.45473924627511
1.8383071367458	0.724853864168302
2.76330811440907	0.780761067286217
0.164778629348208	0.0313374327003096
-1.79346061997896	0.390723019452767
-0.325582325201124	0.0933470317045756
0.169248055862235	0.0319917175833404
3.27510914666181	1.12076297640292
-0.613682540053849	0.148388769407339
2.76219840038386	0.780594539857824
-2.57067328278635	0.665094197548339
0.164778629348208	0.0313374327003096
1.96372117107544	0.45473924627511
0.967933372585482	0.256362285789635
1.96276901321247	0.454520391574277
-0.617339897765464	0.149284387408846
1.96276901321247	0.454520391574277
-1.79346061997896	0.390723019452767
-1.79785205353169	0.391773074809323
2.76219840038386	0.780594539857824
3.27032462336087	1.11801013776878
1.96372117107544	0.45473924627511
0.169248055862235	0.0319917175833404
0.165088029467664	0.0313824661178469
1.96276901321247	0.454520391574277
1.96372117107544	0.45473924627511
-0.613682540053849	0.148388769407339
-0.614206104379299	0.148455859250315
1.96276901321247	0.454520391574277
1.96276901321247	0.454520391574277
0.164778629348208	0.0313374327003096
1.96276901321247	0.454520391574277
3.27631781619437	1.12171855032085
-1.12019427196772	0.338020301365193
0.686721713829268	0.219371725498129
-1.7934287506278	0.390727439150181
-1.7934287506278	0.390727439150181
-2.57067328278635	0.665094197548339
-0.612487701707529	0.148134994320372
0.183610895194862	0.0464322674344966
0.164778629348208	0.0313374327003096
0.164778629348208	0.0313374327003096
-1.79346061997896	0.390723019452767
-2.57067328278635	0.665094197548339
1.96684138854469	0.455504908505281
0.169210512219869	0.0580517383438211
0.165880035481028	0.0314978449610492
0.962025660417238	0.254682745005495
0.18374299244507	0.0464795790495071
-1.11957460536364	0.337866341493547
0.165088029467664	0.0313824661178469
-0.60895933746012	0.147406558741333
1.96276901321247	0.454520391574277
-1.7934287506278	0.390727439150181
0.160144755571284	0.0306956063740573
0.16619130625606	0.0315431724784316
0.559982880709849	0.203382697909257
1.47525146835293	0.492648627415429
1.96276901321247	0.454520391574277
1.96372117107544	0.45473924627511
-0.495476598007788	0.186560284391804
-0.12261043679513	0.0436371800151759
-1.7934287506278	0.390727439150181
1.96372117107544	0.45473924627511
-1.7934287506278	0.390727439150181
-2.57067328278635	0.665094197548339
-2.57098043849301	0.664920470822356
0.164778629348208	0.0313374327003096
-3.45239496999294	1.22656388713544
0.71438258842796	0.337696483094953
-0.967067912786135	0.476323944019636
-1.79346061997896	0.390723019452767
-3.45239496999294	1.22656388713544
-0.194822363184045	0.0627608493171706
2.76219840038386	0.780594539857824
-0.612487701707529	0.148134994320372
0.16619130625606	0.0315431724784316
0.962553055030982	0.254827961566665
0.963743115659934	0.255236344279286
-0.199739594795254	0.0643228222061803
0.963743115659934	0.255236344279286
-1.11760971687047	0.337077079720442
1.96276901321247	0.454520391574277
1.96276901321247	0.454520391574277
1.35276823183269	0.59898514245525
-0.75611798444061	0.327981950322127
-1.7934287506278	0.390727439150181
-1.79346061997896	0.390723019452767
1.96372117107544	0.45473924627511
0.165880035481028	0.0314978449610492
-1.79785205353169	0.391773074809323
0.16619130625606	0.0315431724784316
0.169248055862235	0.0319917175833404
-1.7934287506278	0.390727439150181
0.160144755571284	0.0306956063740573
-1.11896025029368	0.337616084496264
0.691293725798235	0.220916760169014
1.96372117107544	0.45473924627511
-0.614206104379299	0.148455859250315
-2.57067328278635	0.665094197548339
-2.57036588579023	0.664816582891659
-0.493203251300823	0.185711768971633
0.181222403711057	0.0544586569816679
0.962025660417238	0.254682745005495
1.96276901321247	0.454520391574277
2.76109157462938	0.779871501961836
2.76109157462938	0.779871501961836
0.164778629348208	0.0313374327003096
-0.326043908260378	0.0934449166225896
0.169248055862235	0.0319917175833404
-2.57036588579023	0.664816582891659
2.76330811440907	0.780761067286217
-0.613682540053849	0.148388769407339
0.164778629348208	0.0313374327003096
0.165880035481028	0.0314978449610492
-0.613682540053849	0.148388769407339
1.96372117107544	0.45473924627511
-2.57098043849301	0.664920470822356
-2.57098043849301	0.664920470822356
1.96276901321247	0.454520391574277
1.96684138854469	0.455504908505281
1.96372117107544	0.45473924627511
2.76219840038386	0.780594539857824
1.96276901321247	0.454520391574277
2.76109157462938	0.779871501961836
1.96276901321247	0.454520391574277
1.96276901321247	0.454520391574277
1.96372117107544	0.45473924627511
1.96372117107544	0.45473924627511
-1.79346061997896	0.390723019452767
0.16619130625606	0.0315431724784316
-2.57098043849301	0.664920470822356
-2.57067328278635	0.665094197548339
-1.7934287506278	0.390727439150181
-1.7934287506278	0.390727439150181
0.164778629348208	0.0313374327003096
-1.1245135089551	0.339452387639693
-1.79346061997896	0.390723019452767
2.76219840038386	0.780594539857824
-1.79346061997896	0.390723019452767
-1.79346061997896	0.390723019452767
0.181159179759352	0.0458876218072277
0.687904703717867	0.219759625438134
0.16619130625606	0.0315431724784316
-1.49705816852235	0.532032217355669
-0.609489833121369	0.147475344257464
2.76109157462938	0.779871501961836
0.164778629348208	0.0313374327003096
0.962553055030982	0.254827961566665
0.169248055862235	0.0319917175833404
0.164778629348208	0.0313374327003096
0.963214248695465	0.255090594573707
1.96276901321247	0.454520391574277
1.47402323433779	0.492035659807906
0.958352222975233	0.253964848564806
1.84644215856505	0.729350990286639
1.96276901321247	0.454520391574277
2.76109157462938	0.779871501961836
0.187300583927818	0.0472598613580206
-2.57098043849301	0.664920470822356
-2.57554526884402	0.666976966437407
-1.7934287506278	0.390727439150181
-1.7934287506278	0.390727439150181
1.96372117107544	0.45473924627511
0.165088029467664	0.0313824661178469
-1.79346061997896	0.390723019452767
-3.07350260546998	0.94852963330217
-1.7934287506278	0.390727439150181
2.76219840038386	0.780594539857824
0.962553055030982	0.254827961566665
1.96276901321247	0.454520391574277
-1.7934287506278	0.390727439150181
-2.57067328278635	0.665094197548339
0.169566032486793	0.032038095111837
0.16619130625606	0.0315431724784316
0.165880035481028	0.0314978449610492
-0.619069360213747	0.149654914653121
-1.7934287506278	0.390727439150181
1.96276901321247	0.454520391574277
0.165880035481028	0.0314978449610492
-1.7934287506278	0.390727439150181
-0.612487701707529	0.148134994320372
-1.79346061997896	0.390723019452767
0.184291063239428	0.0465991085839434
-0.323664690407152	0.0927962418225715
0.966736740010186	0.256029100393941
1.96276901321247	0.454520391574277
0.963214248695465	0.255090594573707
0.169248055862235	0.0319917175833404
0.183063896529214	0.0463401006276899
0.183063896529214	0.0463401006276899
0.552366600094505	0.200647521424049
0.964934921520073	0.255476948633611
-1.7934287506278	0.390727439150181
1.96372117107544	0.45473924627511
2.76330811440907	0.780761067286217
0.165088029467664	0.0313824661178469
-0.614206104379299	0.148455859250315
-0.326771057218117	0.0936418390224184
0.16619130625606	0.0315431724784316
0.164778629348208	0.0313374327003096
0.165088029467664	0.0313824661178469
1.96276901321247	0.454520391574277
1.96372117107544	0.45473924627511
0.184291063239428	0.0465991085839434
1.96372117107544	0.45473924627511
1.96372117107544	0.45473924627511
3.27272750868887	1.11966450015405
-1.79346061997896	0.390723019452767
1.96372117107544	0.45473924627511
0.164778629348208	0.0313374327003096
1.96276901321247	0.454520391574277
-0.613682540053849	0.148388769407339
-0.613012730411062	0.148202450577793
0.165088029467664	0.0313824661178469
0.164778629348208	0.0313374327003096
0.964934921520073	0.255476948633611
-0.613682540053849	0.148388769407339
-1.79346061997896	0.390723019452767
-1.79346061997896	0.390723019452767
-2.57036588579023	0.664816582891659
-1.79346061997896	0.390723019452767
1.47525146835293	0.492648627415429
-0.617875104469477	0.149400727468359
-0.612487701707529	0.148134994320372
3.6449477089076	1.4449787602644
0.963743115659934	0.255236344279286
0.177362298643623	0.0450515694227369
1.96276901321247	0.454520391574277
-1.49897898499855	0.532683365671509
1.96372117107544	0.45473924627511
-0.617875104469477	0.149400727468359
-2.57067328278635	0.665094197548339
-0.613682540053849	0.148388769407339
0.165088029467664	0.0313824661178469
0.962025660417238	0.254682745005495
1.96372117107544	0.45473924627511
1.46964366147565	0.490422889690681
0.963743115659934	0.255236344279286
-1.12519556185123	0.339754109482426
-2.57067328278635	0.665094197548339
0.183063896529214	0.0463401006276899
-1.12396372987595	0.33934973605565
-1.7934287506278	0.390727439150181
-0.613158918177153	0.148231887572971
-1.79346061997896	0.390723019452767
1.96276901321247	0.454520391574277
-1.7934287506278	0.390727439150181
0.169566032486793	0.032038095111837
1.96276901321247	0.454520391574277
-0.613682540053849	0.148388769407339
0.183063896529214	0.0463401006276899
0.164778629348208	0.0313374327003096
1.96276901321247	0.454520391574277
1.96276901321247	0.454520391574277
0.160144755571284	0.0306956063740573
-1.79346061997896	0.390723019452767
-1.7934287506278	0.390727439150181
1.96372117107544	0.45473924627511
0.963214248695465	0.255090594573707
0.165088029467664	0.0313824661178469
-2.57036588579023	0.664816582891659
-1.79346061997896	0.390723019452767
1.96276901321247	0.454520391574277
1.96372117107544	0.45473924627511
2.76219840038386	0.780594539857824
0.164778629348208	0.0313374327003096
0.16619130625606	0.0315431724784316
0.164778629348208	0.0313374327003096
0.963743115659934	0.255236344279286
0.164778629348208	0.0313374327003096
-1.79346061997896	0.390723019452767
-1.79785205353169	0.391773074809323
0.165088029467664	0.0313824661178469
1.96372117107544	0.45473924627511
2.76330811440907	0.780761067286217
0.966736740010186	0.256029100393941
-3.75192082283692	1.48279230677585
-1.7934287506278	0.390727439150181
-0.612487701707529	0.148134994320372
0.962025660417238	0.254682745005495
-1.79346061997896	0.390723019452767
-0.611962616144159	0.147977912487881
0.186752657299631	0.0471525522204707
0.958352222975233	0.253964848564806
-1.7934287506278	0.390727439150181
-2.57554526884402	0.666976966437407
-1.79346061997896	0.390723019452767
-1.11760971687047	0.337077079720442
0.165880035481028	0.0314978449610492
1.96372117107544	0.45473924627511
1.96684138854469	0.455504908505281
0.846478708147722	0.360097911246668
0.16619130625606	0.0315431724784316
0.164778629348208	0.0313374327003096
1.96372117107544	0.45473924627511
1.96276901321247	0.454520391574277
0.967271104517323	0.256176548116206
0.161251150232847	0.0308565698216007
1.96276901321247	0.454520391574277
-1.7934287506278	0.390727439150181
-1.79785205353169	0.391773074809323
-1.7934287506278	0.390727439150181
0.182384642090162	0.0461735738884295
0.16619130625606	0.0315431724784316
-3.0729809879685	0.948009080411761
0.964934921520073	0.255476948633611
2.76109157462938	0.779871501961836
1.96276901321247	0.454520391574277
-0.32531700249348	0.0932194330065639
0.686270437198953	0.219228628867356
1.06486169296399	0.40740811103867
-0.613158918177153	0.148231887572971
0.164778629348208	0.0313374327003096
0.16619130625606	0.0315431724784316
1.96372117107544	0.45473924627511
0.183610895194862	0.0464322674344966
0.962553055030982	0.254827961566665
0.469643053480253	0.190710227610968
2.76559849788836	0.78194178274137
0.165880035481028	0.0314978449610492
0.180107983152346	0.0541465694868784
-0.612487701707529	0.148134994320372
0.167301337112252	0.0647584008888962
0.165088029467664	0.0313824661178469
1.96372117107544	0.45473924627511
0.687453672774919	0.21969379736456
-0.611962616144159	0.147977912487881
-2.57036588579023	0.664816582891659
-1.7934287506278	0.390727439150181
1.47032706033056	0.490703617760438
1.96276901321247	0.454520391574277
0.964404580081594	0.255330782344719
-1.79346061997896	0.390723019452767
1.96276901321247	0.454520391574277
0.169248055862235	0.0319917175833404
1.96276901321247	0.454520391574277
-0.613158918177153	0.148231887572971
-0.612487701707529	0.148134994320372
0.963743115659934	0.255236344279286
0.964404580081594	0.255330782344719
0.16619130625606	0.0315431724784316
1.96372117107544	0.45473924627511
0.16619130625606	0.0315431724784316
1.96372117107544	0.45473924627511
1.96276901321247	0.454520391574277
-1.7934287506278	0.390727439150181
-1.79346061997896	0.390723019452767
-0.997328550332801	0.394043819742935
1.96276901321247	0.454520391574277
0.164778629348208	0.0313374327003096
0.160144755571284	0.0306956063740573
0.967933372585482	0.256362285789635
1.46964366147565	0.490422889690681
-1.11884555197394	0.337481516657706
1.47155078449581	0.491168545293048
0.963743115659934	0.255236344279286
3.27510914666181	1.12076297640292
0.962553055030982	0.254827961566665
1.96372117107544	0.45473924627511
0.165088029467664	0.0313824661178469
-2.57067328278635	0.665094197548339
-1.7934287506278	0.390727439150181
1.96372117107544	0.45473924627511
0.968469219672053	0.25651021792255
0.957162742729009	0.253557522610441
1.96372117107544	0.45473924627511
-2.57554526884402	0.666976966437407
0.165088029467664	0.0313824661178469
1.96276901321247	0.454520391574277
1.96684138854469	0.455504908505281
1.96684138854469	0.455504908505281
0.165880035481028	0.0314978449610492
-1.7934287506278	0.390727439150181
-1.79346061997896	0.390723019452767
-1.79346061997896	0.390723019452767
1.96372117107544	0.45473924627511
-1.79346061997896	0.390723019452767
0.968469219672053	0.25651021792255
1.96276901321247	0.454520391574277
-1.79346061997896	0.390723019452767
1.96372117107544	0.45473924627511
-1.79346061997896	0.390723019452767
1.96276901321247	0.454520391574277
2.76219840038386	0.780594539857824
-0.613012730411062	0.148202450577793
1.96276901321247	0.454520391574277
1.96372117107544	0.45473924627511
2.76219840038386	0.780594539857824
2.76219840038386	0.780594539857824
0.182384642090162	0.0461735738884295
-0.613012730411062	0.148202450577793
0.161251150232847	0.0308565698216007
0.164778629348208	0.0313374327003096
1.47579162106182	0.492713238749138
0.958352222975233	0.253964848564806
1.96276901321247	0.454520391574277
0.165880035481028	0.0314978449610492
0.165088029467664	0.0313824661178469
-1.79346061997896	0.390723019452767
1.96372117107544	0.45473924627511
1.96372117107544	0.45473924627511
0.180845714650258	0.0543398759613664
0.16619130625606	0.0315431724784316
1.96684138854469	0.455504908505281
-0.614206104379299	0.148455859250315
0.161251150232847	0.0308565698216007
-1.11963574652263	0.337715170908198
0.962025660417238	0.254682745005495
0.169248055862235	0.0319917175833404
-0.613158918177153	0.148231887572971
-2.57067328278635	0.665094197548339
0.16619130625606	0.0315431724784316
0.963743115659934	0.255236344279286
0.963214248695465	0.255090594573707
0.164778629348208	0.0313374327003096
1.96276901321247	0.454520391574277
-1.7934287506278	0.390727439150181
0.165088029467664	0.0313824661178469
3.27272750868887	1.11966450015405
3.27152519356808	1.11907150574555
2.76219840038386	0.780594539857824
1.96276901321247	0.454520391574277
1.96276901321247	0.454520391574277
1.96372117107544	0.45473924627511
0.972026783845071	0.25740024127234
2.76559849788836	0.78194178274137
2.76109157462938	0.779871501961836
0.181159179759352	0.0458876218072277
-0.614206104379299	0.148455859250315
-0.702142591343233	0.240009967793785
2.76219840038386	0.780594539857824
-1.79346061997896	0.390723019452767
1.96276901321247	0.454520391574277
1.96276901321247	0.454520391574277
1.96276901321247	0.454520391574277
0.160144755571284	0.0306956063740573
-0.495848105642275	0.186769649159627
-0.707465428768275	0.242033353320822
0.16619130625606	0.0315431724784316
-1.7934287506278	0.390727439150181
2.76219840038386	0.780594539857824
-1.7934287506278	0.390727439150181
-0.323664690407152	0.0927962418225715
1.96372117107544	0.45473924627511
1.96276901321247	0.454520391574277
0.178049240810411	0.0452053813438565
-0.614206104379299	0.148455859250315
0.165088029467664	0.0313824661178469
3.27752825134246	1.12202020233476
0.165088029467664	0.0313824661178469
-1.79346061997896	0.390723019452767
0.16619130625606	0.0315431724784316
1.96276901321247	0.454520391574277
-0.326771057218117	0.0936418390224184
-2.57067328278635	0.665094197548339
1.96372117107544	0.45473924627511
-1.7934287506278	0.390727439150181
-1.12019427196772	0.338020301365193
1.96276901321247	0.454520391574277
0.169248055862235	0.0319917175833404
0.165088029467664	0.0313824661178469
0.169566032486793	0.032038095111837
-1.79785205353169	0.391773074809323
-1.79785205353169	0.391773074809323
-1.7934287506278	0.390727439150181
0.165088029467664	0.0313824661178469
0.550229507129372	0.199823293779666
3.27272750868887	1.11966450015405
0.183610895194862	0.0464322674344966
1.96276901321247	0.454520391574277
1.96684138854469	0.455504908505281
0.160144755571284	0.0306956063740573
0.161251150232847	0.0308565698216007
-1.7934287506278	0.390727439150181
1.46842163094462	0.489769078028611
0.165088029467664	0.0313824661178469
2.76219840038386	0.780594539857824
1.96372117107544	0.45473924627511
1.96372117107544	0.45473924627511
-0.609489833121369	0.147475344257464
-1.11760971687047	0.337077079720442
-0.612487701707529	0.148134994320372
0.164778629348208	0.0313374327003096
-1.79346061997896	0.390723019452767
-1.7934287506278	0.390727439150181
0.165880035481028	0.0314978449610492
0.164778629348208	0.0313374327003096
1.96276901321247	0.454520391574277
-1.11951983581622	0.337809535545767
0.169248055862235	0.0319917175833404
1.96276901321247	0.454520391574277
1.96372117107544	0.45473924627511
-1.7934287506278	0.390727439150181
0.164778629348208	0.0313374327003096
1.96276901321247	0.454520391574277
2.76219840038386	0.780594539857824
0.165880035481028	0.0314978449610492
1.96276901321247	0.454520391574277
0.169566032486793	0.032038095111837
-2.57067328278635	0.665094197548339
-2.57067328278635	0.665094197548339
1.96276901321247	0.454520391574277
3.27152519356808	1.11907150574555
1.96276901321247	0.454520391574277
0.164625296117395	0.0313507498370328
1.96372117107544	0.45473924627511
-1.00306966229617	0.39683135622738
1.34992552348217	0.597211152410209
0.962025660417238	0.254682745005495
1.96276901321247	0.454520391574277
2.76559849788836	0.78194178274137
2.77014537202506	0.783552977740789
-1.79346061997896	0.390723019452767
-1.1182849071041	0.337405124817419
-1.79346061997896	0.390723019452767
1.96276901321247	0.454520391574277
-1.79346061997896	0.390723019452767
0.963743115659934	0.255236344279286
1.96276901321247	0.454520391574277
0.963214248695465	0.255090594573707
0.164778629348208	0.0313374327003096
0.16619130625606	0.0315431724784316
-1.11896025029368	0.337616084496264
0.165088029467664	0.0313824661178469
0.164778629348208	0.0313374327003096
0.16619130625606	0.0315431724784316
-1.79785205353169	0.391773074809323
1.96372117107544	0.45473924627511
0.165088029467664	0.0313824661178469
0.963743115659934	0.255236344279286
-0.612487701707529	0.148134994320372
0.164778629348208	0.0313374327003096
-2.57067328278635	0.665094197548339
0.165880035481028	0.0314978449610492
-1.7934287506278	0.390727439150181
1.46585570298693	0.489030037475911
1.46910411205871	0.490049168285487
0.165880035481028	0.0314978449610492
0.165880035481028	0.0314978449610492
0.964934921520073	0.255476948633611
1.47032706033056	0.490703617760438
-3.44754089021611	1.22379406077669
0.181959964224185	0.0546519449572612
0.962553055030982	0.254827961566665
-0.330698472981565	0.0947716626031445
0.963743115659934	0.255236344279286
0.958352222975233	0.253964848564806
1.96684138854469	0.455504908505281
0.165088029467664	0.0313824661178469
0.165088029467664	0.0313824661178469
0.686270437198953	0.219228628867356
0.164778629348208	0.0313374327003096
3.27393157336313	1.11982869858365
-1.7934287506278	0.390727439150181
1.96372117107544	0.45473924627511
-0.614206104379299	0.148455859250315
-3.07402416243152	0.948685276185543
-1.7934287506278	0.390727439150181
0.963214248695465	0.255090594573707
1.4745635305468	0.492365493098567
-0.613682540053849	0.148388769407339
2.76219840038386	0.780594539857824
1.96372117107544	0.45473924627511
0.182384642090162	0.0461735738884295
0.688637326691298	0.220082192676685
0.165088029467664	0.0313824661178469
1.96684138854469	0.455504908505281
-3.07822553691956	0.950796797182827
-0.702142591343233	0.240009967793785
-1.49633399610699	0.531774933095134
0.183063896529214	0.0463401006276899
0.165088029467664	0.0313824661178469
1.96372117107544	0.45473924627511
1.96276901321247	0.454520391574277
0.165088029467664	0.0313824661178469
0.685539141555545	0.218907224669263
-0.614206104379299	0.148455859250315
0.169566032486793	0.032038095111837
0.967933372585482	0.256362285789635
0.964404580081594	0.255330782344719
-3.44619623148129	1.2226326390086
-0.503483382578555	0.189906433790702
0.165088029467664	0.0313824661178469
-0.322936466881447	0.0925708388690686
-2.57036588579023	0.664816582891659
1.96276901321247	0.454520391574277
-0.612487701707529	0.148134994320372
1.96276901321247	0.454520391574277
3.27510914666181	1.12076297640292
0.176139035531232	0.0447669868764769
1.96276901321247	0.454520391574277
1.47086646676889	0.49088731436037
-1.7934287506278	0.390727439150181
0.165088029467664	0.0313824661178469
0.164778629348208	0.0313374327003096
-1.7934287506278	0.390727439150181
0.176825054435177	0.0449204608148946
0.164778629348208	0.0313374327003096
-1.7934287506278	0.390727439150181
1.96276901321247	0.454520391574277
0.687904703717867	0.219759625438134
-1.79346061997896	0.390723019452767
-1.79346061997896	0.390723019452767
0.962025660417238	0.254682745005495
-2.57067328278635	0.665094197548339
-0.613682540053849	0.148388769407339
0.958352222975233	0.253964848564806
-1.50335347787301	0.534889336029958
1.96372117107544	0.45473924627511
-1.79346061997896	0.390723019452767
2.76559849788836	0.78194178274137
-1.7934287506278	0.390727439150181
0.184338509014023	0.0553315106563962
2.76219840038386	0.780594539857824
1.96684138854469	0.455504908505281
3.27152519356808	1.11907150574555
1.96372117107544	0.45473924627511
1.47579162106182	0.492713238749138
-1.79346061997896	0.390723019452767
-1.7934287506278	0.390727439150181
-0.613012730411062	0.148202450577793
-3.07875719123617	0.951227905765892
-0.320548811537412	0.09196618419473
1.46964366147565	0.490422889690681
0.556308696676708	0.202195250417483
-0.701794429638729	0.239974906557054
0.165088029467664	0.0313824661178469
2.76109157462938	0.779871501961836
0.165088029467664	0.0313824661178469
-0.612487701707529	0.148134994320372
1.96276901321247	0.454520391574277
0.84670822376284	0.360165249241484
-0.608428787479893	0.147248610626808
-3.44754089021611	1.22379406077669
-0.613682540053849	0.148388769407339
-1.50802734580894	0.536690312605626
0.183222271364428	0.0550052131678393
-1.7934287506278	0.390727439150181
0.181159179759352	0.0458876218072277
-0.613012730411062	0.148202450577793
1.96276901321247	0.454520391574277
-0.32485451718176	0.0931499749349684
0.16619130625606	0.0315431724784316
-2.57067328278635	0.665094197548339
0.963743115659934	0.255236344279286
0.165088029467664	0.0313824661178469
0.963743115659934	0.255236344279286
0.963743115659934	0.255236344279286
-1.79785205353169	0.391773074809323
-0.613682540053849	0.148388769407339
1.47333622017027	0.491753136545405
-0.197316433582098	0.063550392412948
-2.57522664974505	0.666917731403372
-0.613682540053849	0.148388769407339
1.96684138854469	0.455504908505281
1.96372117107544	0.45473924627511
0.185076110728506	0.0555416222332281
-0.19624115961797	0.0631993229606972
-1.7934287506278	0.390727439150181
2.76219840038386	0.780594539857824
1.96276901321247	0.454520391574277
1.96276901321247	0.454520391574277
0.687453672774919	0.21969379736456
-2.57098043849301	0.664920470822356
-1.79346061997896	0.390723019452767
-2.57067328278635	0.665094197548339
-1.7934287506278	0.390727439150181
3.27272750868887	1.11966450015405
3.64618465324491	1.4458034047001
0.968469219672053	0.25651021792255
1.05767805940452	0.40430204105456
-0.614206104379299	0.148455859250315
2.76109157462938	0.779871501961836
-3.07402416243152	0.948685276185543
0.165088029467664	0.0313824661178469
-1.79346061997896	0.390723019452767
1.96276901321247	0.454520391574277
0.964404580081594	0.255330782344719
0.182384642090162	0.0461735738884295
0.16619130625606	0.0315431724784316
0.183063896529214	0.0463401006276899
0.165088029467664	0.0313824661178469
0.963743115659934	0.255236344279286
-0.743607658160876	0.32145501649726
0.184338509014023	0.0553315106563962
0.187435346122179	0.047292837125537
0.186752657299631	0.0471525522204707
2.76330811440907	0.780761067286217
-2.57098043849301	0.664920470822356
-1.79839826083819	0.730397358466732
-0.609489833121369	0.147475344257464
0.181837521716867	0.0460537144756759
0.165088029467664	0.0313824661178469
-0.613012730411062	0.148202450577793
1.96372117107544	0.45473924627511
0.183063896529214	0.0463401006276899
0.686270437198953	0.219228628867356
-2.57036588579023	0.664816582891659
1.96372117107544	0.45473924627511
0.184971072095669	0.0467387603153735
0.165880035481028	0.0314978449610492
0.182384642090162	0.0461735738884295
0.186752657299631	0.0471525522204707
0.160144755571284	0.0306956063740573
0.181159179759352	0.0458876218072277
0.964404580081594	0.255330782344719
0.169248055862235	0.0319917175833404
0.165880035481028	0.0314978449610492
-0.614206104379299	0.148455859250315
-0.614206104379299	0.148455859250315
0.164778629348208	0.0313374327003096
0.966736740010186	0.256029100393941
0.966736740010186	0.256029100393941
-0.611962616144159	0.147977912487881
0.688637326691298	0.220082192676685
0.165088029467664	0.0313824661178469
1.47648048364922	0.492996794108507
3.27631781619437	1.12171855032085
-3.07350260546998	0.94852963330217
0.688637326691298	0.220082192676685
0.551298334729919	0.200249958464128
-1.7934287506278	0.390727439150181
-1.79346061997896	0.390723019452767
-1.1182849071041	0.337405124817419
1.47032706033056	0.490703617760438
-2.57098043849301	0.664920470822356
1.84525714600486	0.728756039651982
0.164778629348208	0.0313374327003096
-0.325582325201124	0.0933470317045756
1.96276901321247	0.454520391574277
-2.57098043849301	0.664920470822356
-2.57036588579023	0.664816582891659
0.962553055030982	0.254827961566665
1.96276901321247	0.454520391574277
-1.79346061997896	0.390723019452767
-2.57067328278635	0.665094197548339
1.96684138854469	0.455504908505281
-1.79346061997896	0.390723019452767
-0.60895933746012	0.147406558741333
1.96372117107544	0.45473924627511
0.165880035481028	0.0314978449610492
-2.57522664974505	0.666917731403372
0.183610895194862	0.0464322674344966
-1.79346061997896	0.390723019452767
-1.7934287506278	0.390727439150181
-1.7934287506278	0.390727439150181
2.76219840038386	0.780594539857824
0.184291063239428	0.0465991085839434
-1.7934287506278	0.390727439150181
0.958352222975233	0.253964848564806
0.164778629348208	0.0313374327003096
0.165088029467664	0.0313824661178469
0.182384642090162	0.0461735738884295
0.962553055030982	0.254827961566665
0.165088029467664	0.0313824661178469
-0.369785540362907	0.152727540652227
1.96276901321247	0.454520391574277
-3.07350260546998	0.94852963330217
-0.612487701707529	0.148134994320372
1.96372117107544	0.45473924627511
-1.1182849071041	0.337405124817419
3.6449477089076	1.4449787602644
1.96372117107544	0.45473924627511
-0.611962616144159	0.147977912487881
-2.57067328278635	0.665094197548339
-3.07350260546998	0.94852963330217
-0.618535635333325	0.149538863092151
0.16619130625606	0.0315431724784316
1.96372117107544	0.45473924627511
0.164778629348208	0.0313374327003096
0.165088029467664	0.0313824661178469
0.182384642090162	0.0461735738884295
0.963214248695465	0.255090594573707
3.94011940400443	1.7432966017604
3.27032462336087	1.11801013776878
0.687904703717867	0.219759625438134
2.76330811440907	0.780761067286217
0.182384642090162	0.0461735738884295
-1.79785205353169	0.391773074809323
2.76109157462938	0.779871501961836
2.76219840038386	0.780594539857824
0.164778629348208	0.0313374327003096
1.96276901321247	0.454520391574277
0.964404580081594	0.255330782344719
0.165880035481028	0.0314978449610492
3.64995436887393	1.44813448599007
-2.57067328278635	0.665094197548339
-0.619069360213747	0.149654914653121
0.182515705814395	0.0461929473161663
2.76330811440907	0.780761067286217
1.96372117107544	0.45473924627511
1.35170505429441	0.598459395279544
-2.57522664974505	0.666917731403372
-0.611962616144159	0.147977912487881
0.187435346122179	0.047292837125537
-1.11963574652263	0.337715170908198
-0.701407652969022	0.239760620804689
-3.07402416243152	0.948685276185543
0.191013517092109	0.0480694204657905
-1.4910268757554	0.529288422761213
-0.612487701707529	0.148134994320372
-1.47209738377852	0.742256971530913
-0.613012730411062	0.148202450577793
-1.11951983581622	0.337809535545767
0.164778629348208	0.0313374327003096
3.27272750868887	1.11966450015405
1.96276901321247	0.454520391574277
-2.57067328278635	0.665094197548339
-0.325121870470423	0.0931632456849071
0.963214248695465	0.255090594573707
0.179369859705814	0.0539368960907662
-0.326771057218117	0.0936418390224184
0.16619130625606	0.0315431724784316
0.165088029467664	0.0313824661178469
-1.49705816852235	0.532032217355669
2.76109157462938	0.779871501961836
1.96372117107544	0.45473924627511
-2.57036588579023	0.664816582891659
-1.7934287506278	0.390727439150181
0.184971072095669	0.0467387603153735
-1.79346061997896	0.390723019452767
-1.79346061997896	0.390723019452767
0.963743115659934	0.255236344279286
0.183063896529214	0.0463401006276899
0.182515705814395	0.0461929473161663
2.76330811440907	0.780761067286217
-1.7934287506278	0.390727439150181
-2.57067328278635	0.665094197548339
1.96684138854469	0.455504908505281
1.84022304372881	0.72612017307568
-1.79785205353169	0.391773074809323
-0.614206104379299	0.148455859250315
-0.613012730411062	0.148202450577793
-1.1182849071041	0.337405124817419
2.76219840038386	0.780594539857824
0.165088029467664	0.0313824661178469
-0.197316433582098	0.063550392412948
1.46585570298693	0.489030037475911
-1.00269516620368	0.396499158743995
3.64618465324491	1.4458034047001
-0.614206104379299	0.148455859250315
-1.00906318075178	0.399734482931109
-1.00448642825666	0.397437675069127
0.165088029467664	0.0313824661178469
-1.79346061997896	0.390723019452767
-1.79346061997896	0.390723019452767
-1.79346061997896	0.390723019452767
0.181837521716867	0.0460537144756759
0.963214248695465	0.255090594573707
0.964934921520073	0.255476948633611
1.05878746464103	0.40482083139178
-0.613158918177153	0.148231887572971
-0.608428787479893	0.147248610626808
1.96276901321247	0.454520391574277
0.184291063239428	0.0465991085839434
0.165880035481028	0.0314978449610492
0.164778629348208	0.0313374327003096
3.27152519356808	1.11907150574555
-0.614206104379299	0.148455859250315
-3.07350260546998	0.94852963330217
-1.7934287506278	0.390727439150181
0.172195511036386	0.0518779587947308
0.165880035481028	0.0314978449610492
-1.7934287506278	0.390727439150181
-1.1182849071041	0.337405124817419
-2.57098043849301	0.664920470822356
2.76219840038386	0.780594539857824
1.96276901321247	0.454520391574277
0.169566032486793	0.032038095111837
1.46964366147565	0.490422889690681
0.183063896529214	0.0463401006276899
-1.7934287506278	0.390727439150181
1.96372117107544	0.45473924627511
-1.11951983581622	0.337809535545767
-0.319817646410374	0.0917687104349087
0.963743115659934	0.255236344279286
0.186069807523728	0.046984734903896
-3.44821343973509	1.22397568320365
-0.7021816537733	0.239962359868483
-2.57098043849301	0.664920470822356
0.165880035481028	0.0314978449610492
0.18374299244507	0.0464795790495071
-2.57067328278635	0.665094197548339
1.96372117107544	0.45473924627511
0.958352222975233	0.253964848564806
0.963743115659934	0.255236344279286
2.13275419746116	0.963270597877117
-1.1182849071041	0.337405124817419
2.76559849788836	0.78194178274137
1.96276901321247	0.454520391574277
0.164778629348208	0.0313374327003096
-2.57067328278635	0.665094197548339
1.96372117107544	0.45473924627511
0.183063896529214	0.0463401006276899
-0.611962616144159	0.147977912487881
-0.619069360213747	0.149654914653121
1.96684138854469	0.455504908505281
-0.614206104379299	0.148455859250315
-1.79346061997896	0.390723019452767
0.165880035481028	0.0314978449610492
0.165088029467664	0.0313824661178469
-3.07454565876188	0.948489134275984
-1.79785205353169	0.391773074809323
0.182515705814395	0.0461929473161663
-0.612487701707529	0.148134994320372
0.169248055862235	0.0319917175833404
0.183063896529214	0.0463401006276899
0.16619130625606	0.0315431724784316
-1.7934287506278	0.390727439150181
1.96372117107544	0.45473924627511
1.4745635305468	0.492365493098567
-0.613158918177153	0.148231887572971
-0.322472516615752	0.0924590549090847
-2.57098043849301	0.664920470822356
0.165880035481028	0.0314978449610492
0.962553055030982	0.254827961566665
0.688185381402826	0.219868290083128
0.164778629348208	0.0313374327003096
-1.79785205353169	0.391773074809323
-3.44619623148129	1.2226326390086
-1.7934287506278	0.390727439150181
0.963743115659934	0.255236344279286
1.96276901321247	0.454520391574277
-1.7934287506278	0.390727439150181
1.96276901321247	0.454520391574277
3.27393157336313	1.11982869858365
0.962553055030982	0.254827961566665
0.16619130625606	0.0315431724784316
-2.57036588579023	0.664816582891659
-0.614206104379299	0.148455859250315
-2.57098043849301	0.664920470822356
-1.7934287506278	0.390727439150181
-2.57067328278635	0.665094197548339
0.964934921520073	0.255476948633611
0.164778629348208	0.0313374327003096
-3.45239496999294	1.22656388713544
0.165088029467664	0.0313824661178469
0.962025660417238	0.254682745005495
-1.79346061997896	0.390723019452767
-1.11884555197394	0.337481516657706
1.46964366147565	0.490422889690681
0.691293725798235	0.220916760169014
-1.7934287506278	0.390727439150181
0.16619130625606	0.0315431724784316
1.4745635305468	0.492365493098567
1.3495769767586	0.597194616535652
-1.7934287506278	0.390727439150181
0.165880035481028	0.0314978449610492
1.96684138854469	0.455504908505281
1.96276901321247	0.454520391574277
0.165088029467664	0.0313824661178469
1.96276901321247	0.454520391574277
1.05952860814689	0.405011691745652
-1.79346061997896	0.390723019452767
3.94404333145349	1.74617514669156
-0.614206104379299	0.148455859250315
1.46842163094462	0.489769078028611
-2.57067328278635	0.665094197548339
0.17899314570337	0.0538175920888867
1.96372117107544	0.45473924627511
-0.709698759851068	0.242860149943732
-0.60895933746012	0.147406558741333
0.160144755571284	0.0306956063740573
1.96276901321247	0.454520391574277
1.96276901321247	0.454520391574277
-1.79346061997896	0.390723019452767
0.178049240810411	0.0452053813438565
-0.613158918177153	0.148231887572971
2.76219840038386	0.780594539857824
-0.613682540053849	0.148388769407339
1.96372117107544	0.45473924627511
-1.79785205353169	0.391773074809323
-2.57067328278635	0.665094197548339
1.96372117107544	0.45473924627511
-1.7934287506278	0.390727439150181
0.187984352048437	0.0474280610765032
0.186752657299631	0.0471525522204707
0.693216225774344	0.221541872050593
0.16619130625606	0.0315431724784316
0.180107983152346	0.0541465694868784
0.964404580081594	0.255330782344719
1.96276901321247	0.454520391574277
-1.7934287506278	0.390727439150181
-1.7934287506278	0.390727439150181
-1.79346061997896	0.390723019452767
-1.11458449535005	0.336227635184335
-1.79346061997896	0.390723019452767
-1.7950708830499	0.728293940093954
1.96372117107544	0.45473924627511
-1.7934287506278	0.390727439150181
1.96372117107544	0.45473924627511
1.85032180687312	0.731043526561718
0.181159179759352	0.0458876218072277
-1.7934287506278	0.390727439150181
-1.79346061997896	0.390723019452767
0.165880035481028	0.0314978449610492
-0.613012730411062	0.148202450577793
0.18374299244507	0.0464795790495071
0.161251150232847	0.0308565698216007
0.188667958543402	0.04756856032199
0.176139035531232	0.0447669868764769
-3.75617280639968	1.48517393103445
0.187435346122179	0.047292837125537
-1.11951983581622	0.337809535545767
2.76109157462938	0.779871501961836
3.27032462336087	1.11801013776878
-2.57067328278635	0.665094197548339
0.169566032486793	0.032038095111837
0.687453672774919	0.21969379736456
-1.7934287506278	0.390727439150181
1.06338277916722	0.406730999521995
-2.57098043849301	0.664920470822356
1.96372117107544	0.45473924627511
2.76219840038386	0.780594539857824
0.164778629348208	0.0313374327003096
0.164778629348208	0.0313374327003096
-0.613012730411062	0.148202450577793
0.963743115659934	0.255236344279286
0.165088029467664	0.0313824661178469
0.164778629348208	0.0313374327003096
0.169248055862235	0.0319917175833404
0.959543454922691	0.254205280821647
0.165880035481028	0.0314978449610492
0.962025660417238	0.254682745005495
3.2811485523965	1.12364699463245
3.6449477089076	1.4449787602644
-1.79346061997896	0.390723019452767
0.962553055030982	0.254827961566665
1.96276901321247	0.454520391574277
2.76559849788836	0.78194178274137
-1.79346061997896	0.390723019452767
0.165088029467664	0.0313824661178469
1.96372117107544	0.45473924627511
-0.612487701707529	0.148134994320372
-1.79346061997896	0.390723019452767
0.682339311812087	0.217953944354753
0.693216225774344	0.221541872050593
-1.50335347787301	0.534889336029958
1.96372117107544	0.45473924627511
-1.7934287506278	0.390727439150181
2.76330811440907	0.780761067286217
1.96684138854469	0.455504908505281
1.96276901321247	0.454520391574277
0.182384642090162	0.0461735738884295
0.183063896529214	0.0463401006276899
0.181837521716867	0.0460537144756759
-1.79346061997896	0.390723019452767
0.16619130625606	0.0315431724784316
0.183063896529214	0.0463401006276899
0.184291063239428	0.0465991085839434
-0.618535635333325	0.149538863092151
-0.326310377140785	0.0935168437296262
0.182384642090162	0.0461735738884295
-1.79346061997896	0.390723019452767
0.16619130625606	0.0315431724784316
1.96372117107544	0.45473924627511
-1.79785205353169	0.391773074809323
1.96276901321247	0.454520391574277
-0.703604701863641	0.240656194919364
1.96276901321247	0.454520391574277
-3.44754089021611	1.22379406077669
-1.49753171438992	0.532305096548695
1.96276901321247	0.454520391574277
0.966736740010186	0.256029100393941
1.96372117107544	0.45473924627511
-1.11951983581622	0.337809535545767
-3.07350260546998	0.94852963330217
3.27032462336087	1.11801013776878
1.96276901321247	0.454520391574277
0.963214248695465	0.255090594573707
0.963743115659934	0.255236344279286
-2.57098043849301	0.664920470822356
-2.57554526884402	0.666976966437407
-1.79346061997896	0.390723019452767
1.96276901321247	0.454520391574277
-1.79346061997896	0.390723019452767
-1.7934287506278	0.390727439150181
1.96372117107544	0.45473924627511
3.27272750868887	1.11966450015405
0.164778629348208	0.0313374327003096
0.548802214907851	0.199198529969934
0.160144755571284	0.0306956063740573
2.76330811440907	0.780761067286217
-2.57098043849301	0.664920470822356
1.96372117107544	0.45473924627511
3.27152519356808	1.11907150574555
1.96372117107544	0.45473924627511
2.76219840038386	0.780594539857824
0.178269357915488	0.0535920192892428
0.966736740010186	0.256029100393941
-0.613682540053849	0.148388769407339
-0.502166281046843	0.189377225365948
1.05804592236107	0.404331959594976
-1.11951983581622	0.337809535545767
-0.613682540053849	0.148388769407339
-1.80515078089958	0.733880539542527
1.96372117107544	0.45473924627511
2.76109157462938	0.779871501961836
2.76219840038386	0.780594539857824
-0.329964215322259	0.0945505800706473
0.16619130625606	0.0315431724784316
2.76219840038386	0.780594539857824
-0.327498449554433	0.0938114370055266
-1.79346061997896	0.390723019452767
0.688637326691298	0.220082192676685
1.47579162106182	0.492713238749138
-0.197316433582098	0.063550392412948
-0.613012730411062	0.148202450577793
2.76219840038386	0.780594539857824
-0.191951684587849	0.0619002672361887
0.182515705814395	0.0461929473161663
0.683520003518989	0.218340470189805
-1.79785205353169	0.391773074809323
-3.07402416243152	0.948685276185543
0.164778629348208	0.0313374327003096
-0.325582325201124	0.0933470317045756
0.164778629348208	0.0313374327003096
0.165880035481028	0.0314978449610492
-1.79346061997896	0.390723019452767
0.164778629348208	0.0313374327003096
-0.612487701707529	0.148134994320372
-3.07402416243152	0.948685276185543
0.688185381402826	0.219868290083128
-3.44754089021611	1.22379406077669
-1.12019427196772	0.338020301365193
0.165088029467664	0.0313824661178469
0.963743115659934	0.255236344279286
0.968469219672053	0.25651021792255
-2.57522664974505	0.666917731403372
1.96372117107544	0.45473924627511
1.46964366147565	0.490422889690681
3.27272750868887	1.11966450015405
1.96684138854469	0.455504908505281
3.27032462336087	1.11801013776878
-1.79346061997896	0.390723019452767
0.16619130625606	0.0315431724784316
-1.7934287506278	0.390727439150181
-4.2161288462339	1.98348639425895
-0.330698472981565	0.0947716626031445
-1.11963574652263	0.337715170908198
0.160144755571284	0.0306956063740573
0.165880035481028	0.0314978449610492
1.96372117107544	0.45473924627511
-3.07822553691956	0.950796797182827
1.96276901321247	0.454520391574277
-1.12019427196772	0.338020301365193
2.76671632811135	0.782410087450427
0.165880035481028	0.0314978449610492
2.76219840038386	0.780594539857824
0.184971072095669	0.0467387603153735
-0.196606144995592	0.0633346995977349
-1.79346061997896	0.390723019452767
0.963214248695465	0.255090594573707
0.687453672774919	0.21969379736456
0.164778629348208	0.0313374327003096
1.96372117107544	0.45473924627511
0.181837521716867	0.0460537144756759
0.165088029467664	0.0313824661178469
1.46910411205871	0.490049168285487
2.76219840038386	0.780594539857824
-1.79346061997896	0.390723019452767
0.164778629348208	0.0313374327003096
-1.79346061997896	0.390723019452767
0.963214248695465	0.255090594573707
0.165880035481028	0.0314978449610492
0.169248055862235	0.0319917175833404
0.963743115659934	0.255236344279286
-0.613012730411062	0.148202450577793
-3.74479839827737	1.4781183796158
0.962025660417238	0.254682745005495
0.165088029467664	0.0313824661178469
-1.7934287506278	0.390727439150181
-3.44686848748983	1.22339694388155
0.165880035481028	0.0314978449610492
-0.613682540053849	0.148388769407339
0.17899314570337	0.0538175920888867
1.47086646676889	0.49088731436037
-1.79346061997896	0.390723019452767
1.96684138854469	0.455504908505281
-0.614206104379299	0.148455859250315
0.169566032486793	0.032038095111837
0.165088029467664	0.0313824661178469
1.96276901321247	0.454520391574277
1.96276901321247	0.454520391574277
0.164778629348208	0.0313374327003096
1.96372117107544	0.45473924627511
-0.611962616144159	0.147977912487881
-1.7934287506278	0.390727439150181
1.96372117107544	0.45473924627511
3.27152519356808	1.11907150574555
-1.7934287506278	0.390727439150181
0.964404580081594	0.255330782344719
-1.7934287506278	0.390727439150181
0.165880035481028	0.0314978449610492
0.165880035481028	0.0314978449610492
-1.79346061997896	0.390723019452767
-3.74407740392499	1.47715432623262
0.164778629348208	0.0313374327003096
0.160144755571284	0.0306956063740573
0.187984352048437	0.0474280610765032
1.96276901321247	0.454520391574277
2.76671632811135	0.782410087450427
0.181053134529505	0.0458624936397602
2.76330811440907	0.780761067286217
2.76219840038386	0.780594539857824
-1.7934287506278	0.390727439150181
-1.79346061997896	0.390723019452767
0.186752657299631	0.0471525522204707
0.963214248695465	0.255090594573707
0.165880035481028	0.0314978449610492
-0.611962616144159	0.147977912487881
-0.330698472981565	0.0947716626031445
1.96276901321247	0.454520391574277
1.96372117107544	0.45473924627511
-1.7934287506278	0.390727439150181
-3.07875719123617	0.951227905765892
-3.07350260546998	0.94852963330217
1.96372117107544	0.45473924627511
-1.79346061997896	0.390723019452767
-2.57554526884402	0.666976966437407
0.181159179759352	0.0458876218072277
0.164778629348208	0.0313374327003096
-1.7934287506278	0.390727439150181
0.16619130625606	0.0315431724784316
0.165880035481028	0.0314978449610492
1.96372117107544	0.45473924627511
-1.7934287506278	0.390727439150181
0.686721713829268	0.219371725498129
0.169248055862235	0.0319917175833404
2.76219840038386	0.780594539857824
0.963743115659934	0.255236344279286
-0.617875104469477	0.149400727468359
1.96276901321247	0.454520391574277
0.689821397698691	0.220399946218977
1.96372117107544	0.45473924627511
2.76219840038386	0.780594539857824
3.94524209007654	1.74713132583643
-2.57522664974505	0.666917731403372
0.164778629348208	0.0313374327003096
-1.7934287506278	0.390727439150181
0.164778629348208	0.0313374327003096
0.187300583927818	0.0472598613580206
1.96372117107544	0.45473924627511
-1.79346061997896	0.390723019452767
1.08788836479962	0.53156608167024
-2.57067328278635	0.665094197548339
1.84570196896662	0.728945119955139
-1.7934287506278	0.390727439150181
-3.44754089021611	1.22379406077669
0.164778629348208	0.0313374327003096
-2.57098043849301	0.664920470822356
-1.79346061997896	0.390723019452767
2.76671632811135	0.782410087450427
1.96276901321247	0.454520391574277
-3.07822553691956	0.950796797182827
3.65119667594504	1.44884031306495
-3.07402416243152	0.948685276185543
1.46964366147565	0.490422889690681
1.96372117107544	0.45473924627511
0.169566032486793	0.032038095111837
-2.57036588579023	0.664816582891659
0.165880035481028	0.0314978449610492
0.178586346650125	0.0453095875153282
2.13496821496621	0.964511990833866
0.963214248695465	0.255090594573707
-3.07928878926676	0.951136693928373
0.182515705814395	0.0461929473161663
-1.49753171438992	0.532305096548695
0.181837521716867	0.0460537144756759
2.76219840038386	0.780594539857824
1.48050827140677	0.930181974460646
-1.12019427196772	0.338020301365193
-1.79346061997896	0.390723019452767
0.165088029467664	0.0313824661178469
0.169566032486793	0.032038095111837
-1.79346061997896	0.390723019452767
0.181159179759352	0.0458876218072277
-0.327498449554433	0.0938114370055266
-1.7934287506278	0.390727439150181
-2.57067328278635	0.665094197548339
0.182384642090162	0.0461735738884295
1.96372117107544	0.45473924627511
1.96276901321247	0.454520391574277
2.76219840038386	0.780594539857824
0.963743115659934	0.255236344279286
1.96276901321247	0.454520391574277
-1.7934287506278	0.390727439150181
-1.79346061997896	0.390723019452767
0.971485400220684	0.257250631808135
-2.57522664974505	0.666917731403372
1.96372117107544	0.45473924627511
1.96372117107544	0.45473924627511
0.179369859705814	0.0539368960907662
3.27152519356808	1.11907150574555
0.550229507129372	0.199823293779666
-0.613012730411062	0.148202450577793
0.966736740010186	0.256029100393941
1.96372117107544	0.45473924627511
-0.60895933746012	0.147406558741333
1.96372117107544	0.45473924627511
-1.7934287506278	0.390727439150181
-1.79785205353169	0.391773074809323
0.165088029467664	0.0313824661178469
1.35777515997233	0.601744093773413
-2.57067328278635	0.665094197548339
3.64371154631014	1.44368517222673
-0.618535635333325	0.149538863092151
0.164778629348208	0.0313374327003096
-1.79346061997896	0.390723019452767
0.963214248695465	0.255090594573707
0.689369698791533	0.22025689756634
0.967933372585482	0.256362285789635
0.685539141555545	0.218907224669263
-2.57036588579023	0.664816582891659
0.165088029467664	0.0313824661178469
-1.7934287506278	0.390727439150181
1.96372117107544	0.45473924627511
-0.612487701707529	0.148134994320372
-0.613158918177153	0.148231887572971
1.96276901321247	0.454520391574277
-0.613012730411062	0.148202450577793
-2.57554526884402	0.666976966437407
-0.613682540053849	0.148388769407339
-2.57098043849301	0.664920470822356
-1.7934287506278	0.390727439150181
0.165088029467664	0.0313824661178469
-0.613158918177153	0.148231887572971
-0.612487701707529	0.148134994320372
1.96276901321247	0.454520391574277
1.47277528463141	0.49146011988965
-2.57098043849301	0.664920470822356
2.76109157462938	0.779871501961836
-1.79346061997896	0.390723019452767
0.165880035481028	0.0314978449610492
-0.612487701707529	0.148134994320372
0.958352222975233	0.253964848564806
0.165880035481028	0.0314978449610492
-0.611962616144159	0.147977912487881
1.96276901321247	0.454520391574277
0.966736740010186	0.256029100393941
0.165088029467664	0.0313824661178469
-1.79346061997896	0.390723019452767
1.96276901321247	0.454520391574277
-1.79346061997896	0.390723019452767
0.164778629348208	0.0313374327003096
0.165088029467664	0.0313824661178469
0.161251150232847	0.0308565698216007
1.96372117107544	0.45473924627511
0.682339311812087	0.217953944354753
0.184971072095669	0.0467387603153735
-3.07402416243152	0.948685276185543
3.64618465324491	1.4458034047001
0.164778629348208	0.0313374327003096
1.96276901321247	0.454520391574277
0.182973217707566	0.0462917199497201
0.685539141555545	0.218907224669263
0.685539141555545	0.218907224669263
0.687453672774919	0.21969379736456
-0.207232075857028	0.0666568135316666
0.183063896529214	0.0463401006276899
0.185813320888401	0.0557349268614171
-2.57067328278635	0.665094197548339
0.686721713829268	0.219371725498129
0.177516165041885	0.0533832927158356
-0.617339897765464	0.149284387408846
-0.614206104379299	0.148455859250315
-1.7934287506278	0.390727439150181
0.165088029467664	0.0313824661178469
-0.613012730411062	0.148202450577793
-1.49705816852235	0.532032217355669
-1.12094794119803	0.338304428987289
-1.7934287506278	0.390727439150181
-3.07402416243152	0.948685276185543
0.16619130625606	0.0315431724784316
1.47525146835293	0.492648627415429
1.96276901321247	0.454520391574277
3.27032462336087	1.11801013776878
-2.57098043849301	0.664920470822356
-0.197681301235905	0.0636672013988199
0.966736740010186	0.256029100393941
0.165088029467664	0.0313824661178469
1.96276901321247	0.454520391574277
0.169566032486793	0.032038095111837
0.164778629348208	0.0313374327003096
0.961881298984383	0.254903830883264
-0.613012730411062	0.148202450577793
2.76559849788836	0.78194178274137
0.16619130625606	0.0315431724784316
-3.07402416243152	0.948685276185543
-1.12019427196772	0.338020301365193
-1.7934287506278	0.390727439150181
0.963743115659934	0.255236344279286
0.169248055862235	0.0319917175833404
-0.613158918177153	0.148231887572971
1.79476957121577	1.01096216930798
0.165088029467664	0.0313824661178469
-1.7934287506278	0.390727439150181
-2.57067328278635	0.665094197548339
0.164778629348208	0.0313374327003096
-1.79346061997896	0.390723019452767
0.169248055862235	0.0319917175833404
0.160144755571284	0.0306956063740573
-1.7934287506278	0.390727439150181
-1.79346061997896	0.390723019452767
0.968469219672053	0.25651021792255
-1.79346061997896	0.390723019452767
-2.57067328278635	0.665094197548339
3.64618465324491	1.4458034047001
0.169566032486793	0.032038095111837
-1.7934287506278	0.390727439150181
-1.7934287506278	0.390727439150181
0.164778629348208	0.0313374327003096
0.687453672774919	0.21969379736456
-1.12328075924743	0.339047939506251
1.4745635305468	0.492365493098567
-0.708961798888886	0.242591076534355
0.16619130625606	0.0315431724784316
-1.7934287506278	0.390727439150181
-0.609489833121369	0.147475344257464
-1.11896025029368	0.337616084496264
0.169566032486793	0.032038095111837
0.169248055862235	0.0319917175833404
0.16619130625606	0.0315431724784316
-0.197681301235905	0.0636672013988199
-1.65588212833796	0.930841932278806
-0.617875104469477	0.149400727468359
0.16619130625606	0.0315431724784316
0.160144755571284	0.0306956063740573
1.96276901321247	0.454520391574277
0.165088029467664	0.0313824661178469
0.181837521716867	0.0460537144756759
1.96276901321247	0.454520391574277
0.16619130625606	0.0315431724784316
-0.613012730411062	0.148202450577793
0.172935900909832	0.0520977646892395
0.967271104517323	0.256176548116206
0.555239766445707	0.201780832151434
1.46964366147565	0.490422889690681
0.967271104517323	0.256176548116206
0.691745806165962	0.221041871886146
1.96684138854469	0.455504908505281
-2.57067328278635	0.665094197548339
0.164778629348208	0.0313374327003096
-3.07402416243152	0.948685276185543
-1.7934287506278	0.390727439150181
0.182515705814395	0.0461929473161663
-1.79346061997896	0.390723019452767
-2.57036588579023	0.664816582891659
0.165880035481028	0.0314978449610492
-0.612487701707529	0.148134994320372
0.161251150232847	0.0308565698216007
1.96372117107544	0.45473924627511
2.76109157462938	0.779871501961836
-2.57098043849301	0.664920470822356
2.76219840038386	0.780594539857824
0.963214248695465	0.255090594573707
1.96276901321247	0.454520391574277
-0.325582325201124	0.0933470317045756
0.177362298643623	0.0450515694227369
-0.368663982302965	0.152174690187551
0.165088029467664	0.0313824661178469
-1.7934287506278	0.390727439150181
0.963743115659934	0.255236344279286
0.164778629348208	0.0313374327003096
1.96372117107544	0.45473924627511
0.963743115659934	0.255236344279286
-3.74551962293396	1.47870416259712
-1.7934287506278	0.390727439150181
-0.194113630428157	0.0625242468970416
-1.7934287506278	0.390727439150181
-1.7934287506278	0.390727439150181
-2.57522664974505	0.666917731403372
1.96372117107544	0.45473924627511
0.968469219672053	0.25651021792255
1.96276901321247	0.454520391574277
-0.613012730411062	0.148202450577793
-1.79346061997896	0.390723019452767
0.165088029467664	0.0313824661178469
-0.612487701707529	0.148134994320372
0.165880035481028	0.0314978449610492
-1.12086886051128	0.33811902750598
0.18374299244507	0.0464795790495071
0.165088029467664	0.0313824661178469
0.967271104517323	0.256176548116206
-1.12086886051128	0.33811902750598
2.76559849788836	0.78194178274137
1.96276901321247	0.454520391574277
0.169566032486793	0.032038095111837
0.164778629348208	0.0313374327003096
0.962553055030982	0.254827961566665
-1.79346061997896	0.390723019452767
-1.7934287506278	0.390727439150181
1.47086646676889	0.49088731436037
0.165088029467664	0.0313824661178469
0.16619130625606	0.0315431724784316
1.96372117107544	0.45473924627511
0.165088029467664	0.0313824661178469
-1.12396372987595	0.33934973605565
1.96276901321247	0.454520391574277
2.76109157462938	0.779871501961836
0.16619130625606	0.0315431724784316
2.76219840038386	0.780594539857824
0.16619130625606	0.0315431724784316
0.181159179759352	0.0458876218072277
0.164778629348208	0.0313374327003096
1.96276901321247	0.454520391574277
3.27752825134246	1.12202020233476
-1.7934287506278	0.390727439150181
-2.57522664974505	0.666917731403372
-1.11957460536364	0.337866341493547
-2.57036588579023	0.664816582891659
1.96276901321247	0.454520391574277
1.96276901321247	0.454520391574277
-0.316681892694892	0.0908861067323367
2.76559849788836	0.78194178274137
1.58629558342079	0.795661290402848
-1.12598362412307	0.339966431218319
-2.76198271172748	1.84953858292504
0.385692129585193	0.195850163622844
-0.195531539432362	0.0629840149892884
0.176139035531232	0.0447669868764769
-2.05243015094334	0.935186138063697
0.468602008697511	0.190152966892753
0.480180902011628	0.195285234188975
0.928321490524427	0.505127620322729
0.844441707134117	0.359109180860946
0.410218765249711	0.186307002484709
0.555239766445707	0.201780832151434
0.469602716565917	0.190601252697973
0.181222403711057	0.0544586569816679
0.847370672062624	0.360503876090782
0.181837521716867	0.0460537144756759
0.964404580081594	0.255330782344719
0.186752657299631	0.0471525522204707
-0.327498449554433	0.0938114370055266
0.184291063239428	0.0465991085839434
0.165880035481028	0.0314978449610492
0.962025660417238	0.254682745005495
-0.468835973082836	0.2432486232227
2.13958082308296	0.967639587738095
-2.57036588579023	0.664816582891659
0.175862222583411	0.0767760525002077
-1.11951983581622	0.337809535545767
1.05915506670076	0.404786600540214
-0.198757003958094	0.063979613393949
0.175528710194884	0.0601682623632123
0.560970996135085	0.20387489359709
-0.322472516615752	0.0924590549090847
-1.25188772636848	0.561803268010386
-0.75198199072439	0.32570109606454
0.182384642090162	0.0461735738884295
1.05841937425473	0.404493015312573
-0.191951684587849	0.0619002672361887
-2.05422330759801	0.936346916870338
-0.120997139312212	0.0430709107859007
-0.326043908260378	0.0934449166225896
0.164778629348208	0.0313374327003096
0.686721713829268	0.219371725498129
-0.198757003958094	0.063979613393949
0.550585584584045	0.199969616725774
-0.920710783622605	0.556717045196791
0.184971072095669	0.0467387603153735
0.963214248695465	0.255090594573707
-0.330247461830149	0.0945973836552012
0.682339311812087	0.217953944354753
1.47086646676889	0.49088731436037
0.419010944897155	0.190689071081355
1.8383071367458	0.724853864168302
-0.196606144995592	0.0633346995977349
0.165880035481028	0.0314978449610492
-3.44686848748983	1.22339694388155
-0.324126952894347	0.0929244396746841
-3.07350260546998	0.94852963330217
0.181159179759352	0.0458876218072277
-0.196606144995592	0.0633346995977349
1.46842163094462	0.489769078028611
0.858351843240578	0.365884689192615
1.08812238033157	0.531473938923238
2.59130867018283	1.45777478304179
0.188945802287326	0.0566034382337498
0.176825054435177	0.0449204608148946
0.687453672774919	0.21969379736456
-1.11951983581622	0.337809535545767
0.553078229148553	0.200859942283057
0.186069807523728	0.046984734903896
0.68278086909504	0.218093717626154
0.165880035481028	0.0314978449610492
1.96276901321247	0.454520391574277
-0.613012730411062	0.148202450577793
-0.612487701707529	0.148134994320372
-2.57067328278635	0.665094197548339
0.169566032486793	0.032038095111837
-3.74696276382151	1.47929664249189
0.962025660417238	0.254682745005495
-0.612487701707529	0.148134994320372
1.96276901321247	0.454520391574277
-2.57036588579023	0.664816582891659
0.16619130625606	0.0315431724784316
0.187300583927818	0.0472598613580206
-1.7934287506278	0.390727439150181
-0.608428787479893	0.147248610626808
0.165088029467664	0.0313824661178469
-1.11951983581622	0.337809535545767
2.76109157462938	0.779871501961836
-1.79412017987748	0.727961900277034
0.184971072095669	0.0467387603153735
1.96276901321247	0.454520391574277
0.16619130625606	0.0315431724784316
0.165088029467664	0.0313824661178469
1.46707710595373	0.489320547895215
1.47155078449581	0.491168545293048
0.692028142380155	0.221092112401465
0.165088029467664	0.0313824661178469
-0.60895933746012	0.147406558741333
2.76219840038386	0.780594539857824
0.181837521716867	0.0460537144756759
0.181159179759352	0.0458876218072277
-0.330247461830149	0.0945973836552012
0.964934921520073	0.255476948633611
-0.702529153090903	0.24025873050893
0.967933372585482	0.256362285789635
3.27272750868887	1.11966450015405
0.16619130625606	0.0315431724784316
-0.609489833121369	0.147475344257464
-1.7934287506278	0.390727439150181
-1.7934287506278	0.390727439150181
0.165880035481028	0.0314978449610492
0.963743115659934	0.255236344279286
0.169248055862235	0.0319917175833404
-1.79346061997896	0.390723019452767
0.686270437198953	0.219228628867356
-1.7934287506278	0.390727439150181
-3.07928878926676	0.951136693928373
0.963214248695465	0.255090594573707
-1.7934287506278	0.390727439150181
1.96372117107544	0.45473924627511
0.165880035481028	0.0314978449610492
0.164778629348208	0.0313374327003096
1.96276901321247	0.454520391574277
-2.57067328278635	0.665094197548339
0.165088029467664	0.0313824661178469
1.96276901321247	0.454520391574277
-1.7934287506278	0.390727439150181
-2.57036588579023	0.664816582891659
1.96372117107544	0.45473924627511
2.76219840038386	0.780594539857824
0.964404580081594	0.255330782344719
0.16619130625606	0.0315431724784316
-2.57098043849301	0.664920470822356
0.165880035481028	0.0314978449610492
0.16619130625606	0.0315431724784316
1.96276901321247	0.454520391574277
-1.7934287506278	0.390727439150181
0.169566032486793	0.032038095111837
-2.57554526884402	0.666976966437407
-1.79346061997896	0.390723019452767
-1.79346061997896	0.390723019452767
0.165880035481028	0.0314978449610492
2.76219840038386	0.780594539857824
1.96372117107544	0.45473924627511
-1.7934287506278	0.390727439150181
-1.7934287506278	0.390727439150181
1.96276901321247	0.454520391574277
-1.79346061997896	0.390723019452767
0.165880035481028	0.0314978449610492
-1.7934287506278	0.390727439150181
-1.79346061997896	0.390723019452767
-1.79785205353169	0.391773074809323
2.76219840038386	0.780594539857824
0.16619130625606	0.0315431724784316
-1.79346061997896	0.390723019452767
-2.57098043849301	0.664920470822356
1.96276901321247	0.454520391574277
0.165880035481028	0.0314978449610492
0.164625296117395	0.0313507498370328
-1.79346061997896	0.390723019452767
-1.79346061997896	0.390723019452767
-1.79346061997896	0.390723019452767
1.96276901321247	0.454520391574277
1.96276901321247	0.454520391574277
0.160144755571284	0.0306956063740573
1.96684138854469	0.455504908505281
0.165088029467664	0.0313824661178469
1.96372117107544	0.45473924627511
1.96372117107544	0.45473924627511
1.96372117107544	0.45473924627511
-1.7934287506278	0.390727439150181
-1.7934287506278	0.390727439150181
1.96372117107544	0.45473924627511
0.165880035481028	0.0314978449610492
-1.7934287506278	0.390727439150181
1.96276901321247	0.454520391574277
-1.79346061997896	0.390723019452767
0.165088029467664	0.0313824661178469
-1.79346061997896	0.390723019452767
1.96276901321247	0.454520391574277
1.96276901321247	0.454520391574277
1.96276901321247	0.454520391574277
-1.7934287506278	0.390727439150181
0.165088029467664	0.0313824661178469
-1.7934287506278	0.390727439150181
-1.79346061997896	0.390723019452767
-1.79346061997896	0.390723019452767
1.96372117107544	0.45473924627511
-1.7934287506278	0.390727439150181
1.96276901321247	0.454520391574277
0.161251150232847	0.0308565698216007
1.96276901321247	0.454520391574277
-2.57098043849301	0.664920470822356
-1.79346061997896	0.390723019452767
-1.7934287506278	0.390727439150181
3.27032462336087	1.11801013776878
0.16619130625606	0.0315431724784316
-1.7934287506278	0.390727439150181
-1.79346061997896	0.390723019452767
1.96276901321247	0.454520391574277
-1.79785205353169	0.391773074809323
-0.608428787479893	0.147248610626808
0.165880035481028	0.0314978449610492
-1.7934287506278	0.390727439150181
1.96684138854469	0.455504908505281
-1.7934287506278	0.390727439150181
-1.7934287506278	0.390727439150181
-1.79346061997896	0.390723019452767
-1.79346061997896	0.390723019452767
0.164778629348208	0.0313374327003096
1.96372117107544	0.45473924627511
0.164778629348208	0.0313374327003096
0.161251150232847	0.0308565698216007
1.96276901321247	0.454520391574277
2.76109157462938	0.779871501961836
2.76219840038386	0.780594539857824
0.165088029467664	0.0313824661178469
0.16619130625606	0.0315431724784316
1.96372117107544	0.45473924627511
1.96372117107544	0.45473924627511
1.96684138854469	0.455504908505281
-0.612487701707529	0.148134994320372
1.84066711299049	0.726365639107333
1.06100497274362	0.405629306325193
-2.57036588579023	0.664816582891659
0.963214248695465	0.255090594573707
-0.613682540053849	0.148388769407339
0.165880035481028	0.0314978449610492
0.164778629348208	0.0313374327003096
0.165880035481028	0.0314978449610492
-0.612487701707529	0.148134994320372
0.164778629348208	0.0313374327003096
-0.608428787479893	0.147248610626808
1.96372117107544	0.45473924627511
-2.57036588579023	0.664816582891659
2.76109157462938	0.779871501961836
-1.79346061997896	0.390723019452767
-0.619069360213747	0.149654914653121
-0.326771057218117	0.0936418390224184
0.687453672774919	0.21969379736456
-1.7934287506278	0.390727439150181
0.165088029467664	0.0313824661178469
-1.79346061997896	0.390723019452767
0.161251150232847	0.0308565698216007
-0.613158918177153	0.148231887572971
-1.79346061997896	0.390723019452767
0.165088029467664	0.0313824661178469
-1.7934287506278	0.390727439150181
-1.79346061997896	0.390723019452767
3.27032462336087	1.11801013776878
0.165088029467664	0.0313824661178469
0.165880035481028	0.0314978449610492
-1.79346061997896	0.390723019452767
0.963214248695465	0.255090594573707
-1.79346061997896	0.390723019452767
-0.614206104379299	0.148455859250315
-0.613682540053849	0.148388769407339
0.165088029467664	0.0313824661178469
1.96372117107544	0.45473924627511
1.96372117107544	0.45473924627511
0.962025660417238	0.254682745005495
0.183063896529214	0.0463401006276899
-1.12396372987595	0.33934973605565
0.963214248695465	0.255090594573707
0.182384642090162	0.0461735738884295
-1.7934287506278	0.390727439150181
1.96276901321247	0.454520391574277
1.96276901321247	0.454520391574277
1.96276901321247	0.454520391574277
1.96276901321247	0.454520391574277
0.165088029467664	0.0313824661178469
0.186752657299631	0.0471525522204707
-2.57098043849301	0.664920470822356
-1.79346061997896	0.390723019452767
0.182384642090162	0.0461735738884295
0.186752657299631	0.0471525522204707
0.187471913483457	0.0561669196283534
1.06190079859119	0.406050412279014
-0.612487701707529	0.148134994320372
0.164778629348208	0.0313374327003096
-0.196970790009868	0.0634432336968819
-1.79346061997896	0.390723019452767
-2.57067328278635	0.665094197548339
-3.07454565876188	0.948489134275984
-1.00403055985993	0.397306910648104
0.963214248695465	0.255090594573707
1.96276901321247	0.454520391574277
1.96372117107544	0.45473924627511
-0.612487701707529	0.148134994320372
-2.57067328278635	0.665094197548339
0.164778629348208	0.0313374327003096
-1.79346061997896	0.390723019452767
1.96372117107544	0.45473924627511
0.165088029467664	0.0313824661178469
-1.79346061997896	0.390723019452767
-0.618535635333325	0.149538863092151
0.175528710194884	0.0601682623632123
0.185813320888401	0.0557349268614171
1.47032706033056	0.490703617760438
-1.79346061997896	0.390723019452767
-0.608428787479893	0.147248610626808
-0.611962616144159	0.147977912487881
-2.57036588579023	0.664816582891659
-1.79346061997896	0.390723019452767
-1.12019427196772	0.338020301365193
0.176825054435177	0.0449204608148946
-0.613682540053849	0.148388769407339
-1.50142880975048	0.534054734577795
1.96372117107544	0.45473924627511
-1.79346061997896	0.390723019452767
0.165880035481028	0.0314978449610492
0.962025660417238	0.254682745005495
1.96372117107544	0.45473924627511
0.182384642090162	0.0461735738884295
-0.320281010212049	0.0918656344140368
-0.196606144995592	0.0633346995977349
0.164778629348208	0.0313374327003096
0.165088029467664	0.0313824661178469
2.76219840038386	0.780594539857824
-0.613682540053849	0.148388769407339
-0.617875104469477	0.149400727468359
0.963743115659934	0.255236344279286
-1.79785205353169	0.391773074809323
1.96684138854469	0.455504908505281
-0.326310377140785	0.0935168437296262
-2.57554526884402	0.666976966437407
-0.614206104379299	0.148455859250315
0.697539161689842	0.222938108752217
-0.613158918177153	0.148231887572971
0.169566032486793	0.032038095111837
0.164778629348208	0.0313374327003096
-0.613682540053849	0.148388769407339
1.46842163094462	0.489769078028611
-0.613682540053849	0.148388769407339
0.963214248695465	0.255090594573707
0.165880035481028	0.0314978449610492
0.184291063239428	0.0465991085839434
1.96372117107544	0.45473924627511
0.165880035481028	0.0314978449610492
0.165088029467664	0.0313824661178469
1.96276901321247	0.454520391574277
0.183063896529214	0.0463401006276899
0.164778629348208	0.0313374327003096
2.76330811440907	0.780761067286217
0.16619130625606	0.0315431724784316
0.964404580081594	0.255330782344719
0.165088029467664	0.0313824661178469
-1.7934287506278	0.390727439150181
-1.79346061997896	0.390723019452767
1.96372117107544	0.45473924627511
-1.7934287506278	0.390727439150181
1.96372117107544	0.45473924627511
1.96372117107544	0.45473924627511
-2.57067328278635	0.665094197548339
1.96372117107544	0.45473924627511
-0.613682540053849	0.148388769407339
0.16619130625606	0.0315431724784316
1.96276901321247	0.454520391574277
1.96276901321247	0.454520391574277
0.964404580081594	0.255330782344719
1.96276901321247	0.454520391574277
-1.7934287506278	0.390727439150181
0.165088029467664	0.0313824661178469
1.96276901321247	0.454520391574277
0.963214248695465	0.255090594573707
-1.79346061997896	0.390723019452767
-1.79346061997896	0.390723019452767
0.962553055030982	0.254827961566665
-1.7934287506278	0.390727439150181
0.963743115659934	0.255236344279286
0.964934921520073	0.255476948633611
1.96276901321247	0.454520391574277
0.164778629348208	0.0313374327003096
-1.79346061997896	0.390723019452767
2.76330811440907	0.780761067286217
0.169248055862235	0.0319917175833404
0.164778629348208	0.0313374327003096
0.16619130625606	0.0315431724784316
-1.79346061997896	0.390723019452767
-1.7934287506278	0.390727439150181
1.96372117107544	0.45473924627511
1.96372117107544	0.45473924627511
1.96684138854469	0.455504908505281
-1.79785205353169	0.391773074809323
-1.7934287506278	0.390727439150181
2.76219840038386	0.780594539857824
-0.617875104469477	0.149400727468359
1.96372117107544	0.45473924627511
1.96372117107544	0.45473924627511
1.47525146835293	0.492648627415429
-2.57067328278635	0.665094197548339
0.164778629348208	0.0313374327003096
2.76109157462938	0.779871501961836
-0.612487701707529	0.148134994320372
0.68278086909504	0.218093717626154
-0.613682540053849	0.148388769407339
-1.7934287506278	0.390727439150181
0.174785547530182	0.0526214906817273
0.16619130625606	0.0315431724784316
-1.11951983581622	0.337809535545767
0.165088029467664	0.0313824661178469
-0.613158918177153	0.148231887572971
1.96276901321247	0.454520391574277
0.165880035481028	0.0314978449610492
0.183063896529214	0.0463401006276899
-1.79346061997896	0.390723019452767
-2.57098043849301	0.664920470822356
-0.619069360213747	0.149654914653121
-0.613158918177153	0.148231887572971
1.96684138854469	0.455504908505281
-0.614206104379299	0.148455859250315
3.27032462336087	1.11801013776878
1.96276901321247	0.454520391574277
-3.07350260546998	0.94852963330217
0.964934921520073	0.255476948633611
1.96372117107544	0.45473924627511
2.76109157462938	0.779871501961836
2.76219840038386	0.780594539857824
-1.79346061997896	0.390723019452767
1.96276901321247	0.454520391574277
1.96276901321247	0.454520391574277
-0.60895933746012	0.147406558741333
0.169248055862235	0.0319917175833404
0.164778629348208	0.0313374327003096
0.165088029467664	0.0313824661178469
2.76109157462938	0.779871501961836
0.16619130625606	0.0315431724784316
0.165088029467664	0.0313824661178469
1.96372117107544	0.45473924627511
0.963743115659934	0.255236344279286
-1.79346061997896	0.390723019452767
-1.7934287506278	0.390727439150181
0.165088029467664	0.0313824661178469
1.96276901321247	0.454520391574277
0.164778629348208	0.0313374327003096
-0.614206104379299	0.148455859250315
0.963743115659934	0.255236344279286
0.165880035481028	0.0314978449610492
3.27393157336313	1.11982869858365
0.177362298643623	0.0450515694227369
1.96372117107544	0.45473924627511
-1.79346061997896	0.390723019452767
-1.79346061997896	0.390723019452767
-2.57036588579023	0.664816582891659
-1.79785205353169	0.391773074809323
-1.79346061997896	0.390723019452767
-1.79346061997896	0.390723019452767
-1.79346061997896	0.390723019452767
0.962025660417238	0.254682745005495
2.76330811440907	0.780761067286217
0.165088029467664	0.0313824661178469
-1.79346061997896	0.390723019452767
0.187300583927818	0.0472598613580206
1.96684138854469	0.455504908505281
-0.707845094848957	0.242262716671496
-2.57098043849301	0.664920470822356
0.968469219672053	0.25651021792255
-0.613158918177153	0.148231887572971
0.19006169952255	0.0569194977045989
-0.617339897765464	0.149284387408846
1.47333622017027	0.491753136545405
-1.7934287506278	0.390727439150181
0.164778629348208	0.0313374327003096
-2.57036588579023	0.664816582891659
0.963743115659934	0.255236344279286
0.963214248695465	0.255090594573707
3.27752825134246	1.12202020233476
-3.07350260546998	0.94852963330217
-0.613682540053849	0.148388769407339
0.963214248695465	0.255090594573707
1.96276901321247	0.454520391574277
-3.07402416243152	0.948685276185543
0.962025660417238	0.254682745005495
1.96372117107544	0.45473924627511
1.96372117107544	0.45473924627511
0.963214248695465	0.255090594573707
3.6562424083433	1.45087157924203
-0.613682540053849	0.148388769407339
2.76219840038386	0.780594539857824
0.164778629348208	0.0313374327003096
-1.79346061997896	0.390723019452767
2.76219840038386	0.780594539857824
0.164778629348208	0.0313374327003096
0.964404580081594	0.255330782344719
-0.613682540053849	0.148388769407339
0.164778629348208	0.0313374327003096
-0.613682540053849	0.148388769407339
-1.11957460536364	0.337866341493547
1.96372117107544	0.45473924627511
0.687368688538373	0.21962274738387
0.160144755571284	0.0306956063740573
0.165088029467664	0.0313824661178469
0.169566032486793	0.032038095111837
1.96276901321247	0.454520391574277
-2.57098043849301	0.664920470822356
-1.12019427196772	0.338020301365193
0.165088029467664	0.0313824661178469
0.164778629348208	0.0313374327003096
-1.79346061997896	0.390723019452767
0.165880035481028	0.0314978449610492
2.76219840038386	0.780594539857824
0.687453672774919	0.21969379736456
1.96372117107544	0.45473924627511
3.27152519356808	1.11907150574555
0.966736740010186	0.256029100393941
-1.1182849071041	0.337405124817419
0.169566032486793	0.032038095111837
1.96372117107544	0.45473924627511
0.164778629348208	0.0313374327003096
-1.79346061997896	0.390723019452767
0.160144755571284	0.0306956063740573
0.164778629348208	0.0313374327003096
-2.57067328278635	0.665094197548339
-3.45307509546519	1.22686211973226
0.182384642090162	0.0461735738884295
-0.326043908260378	0.0934449166225896
0.183063896529214	0.0463401006276899
0.16619130625606	0.0315431724784316
-1.7934287506278	0.390727439150181
-0.614206104379299	0.148455859250315
-2.57554526884402	0.666976966437407
-1.7934287506278	0.390727439150181
0.165880035481028	0.0314978449610492
0.165088029467664	0.0313824661178469
0.181222403711057	0.0544586569816679
0.16619130625606	0.0315431724784316
-0.613158918177153	0.148231887572971
1.06338277916722	0.406730999521995
0.177362298643623	0.0450515694227369
0.184291063239428	0.0465991085839434
3.27152519356808	1.11907150574555
3.27272750868887	1.11966450015405
1.96372117107544	0.45473924627511
0.962553055030982	0.254827961566665
0.160144755571284	0.0306956063740573
-3.07350260546998	0.94852963330217
-1.79346061997896	0.390723019452767
-1.7934287506278	0.390727439150181
0.165088029467664	0.0313824661178469
-2.57036588579023	0.664816582891659
2.76109157462938	0.779871501961836
-1.79346061997896	0.390723019452767
-2.57036588579023	0.664816582891659
-2.57067328278635	0.665094197548339
0.968469219672053	0.25651021792255
0.165088029467664	0.0313824661178469
0.963743115659934	0.255236344279286
1.46964366147565	0.490422889690681
0.966736740010186	0.256029100393941
1.46585570298693	0.489030037475911
2.76109157462938	0.779871501961836
-0.614206104379299	0.148455859250315
1.96372117107544	0.45473924627511
0.184291063239428	0.0465991085839434
0.16619130625606	0.0315431724784316
0.687453672774919	0.21969379736456
1.96372117107544	0.45473924627511
0.16619130625606	0.0315431724784316
0.962553055030982	0.254827961566665
1.96276901321247	0.454520391574277
0.962025660417238	0.254682745005495
-1.79346061997896	0.390723019452767
-0.612487701707529	0.148134994320372
0.164778629348208	0.0313374327003096
-2.57098043849301	0.664920470822356
-1.79346061997896	0.390723019452767
1.47209004689925	0.491178510113126
1.46842163094462	0.489769078028611
3.64618465324491	1.4458034047001
-0.320548811537412	0.09196618419473
-0.325582325201124	0.0933470317045756
-1.11760971687047	0.337077079720442
-1.7934287506278	0.390727439150181
-1.7934287506278	0.390727439150181
-0.618535635333325	0.149538863092151
-0.326043908260378	0.0934449166225896
-1.79346061997896	0.390723019452767
-0.613158918177153	0.148231887572971
0.963214248695465	0.255090594573707
0.550585584584045	0.199969616725774
1.35564812089346	0.600770089805534
-0.613682540053849	0.148388769407339
-1.49778257857282	0.532153748454207
0.18374299244507	0.0464795790495071
2.76219840038386	0.780594539857824
0.687453672774919	0.21969379736456
0.165088029467664	0.0313824661178469
0.962553055030982	0.254827961566665
-2.57554526884402	0.666976966437407
1.96276901321247	0.454520391574277
0.964934921520073	0.255476948633611
0.16619130625606	0.0315431724784316
-1.12086886051128	0.33811902750598
0.164778629348208	0.0313374327003096
0.964934921520073	0.255476948633611
2.76671632811135	0.782410087450427
1.46964366147565	0.490422889690681
0.181837521716867	0.0460537144756759
1.96372117107544	0.45473924627511
0.962025660417238	0.254682745005495
0.165880035481028	0.0314978449610492
1.84957887095899	0.730635761791688
1.47402323433779	0.492035659807906
-0.613012730411062	0.148202450577793
0.966736740010186	0.256029100393941
0.165088029467664	0.0313824661178469
1.96372117107544	0.45473924627511
0.164778629348208	0.0313374327003096
3.27272750868887	1.11966450015405
-0.612487701707529	0.148134994320372
0.164778629348208	0.0313374327003096
0.164778629348208	0.0313374327003096
-1.7934287506278	0.390727439150181
0.164778629348208	0.0313374327003096
-2.57554526884402	0.666976966437407
2.13349923295367	0.963781356442487
0.165088029467664	0.0313824661178469
3.27152519356808	1.11907150574555
0.967933372585482	0.256362285789635
0.164778629348208	0.0313374327003096
-0.618535635333325	0.149538863092151
-0.614206104379299	0.148455859250315
-2.57067328278635	0.665094197548339
-1.7934287506278	0.390727439150181
-1.79346061997896	0.390723019452767
-1.79346061997896	0.390723019452767
0.18374299244507	0.0464795790495071
-0.613682540053849	0.148388769407339
-3.74551962293396	1.47870416259712
-0.202976861420011	0.0653350306430413
0.164778629348208	0.0313374327003096
0.688185381402826	0.219868290083128
0.181837521716867	0.0460537144756759
-0.614206104379299	0.148455859250315
0.164778629348208	0.0313374327003096
1.96276901321247	0.454520391574277
0.165088029467664	0.0313824661178469
0.169248055862235	0.0319917175833404
1.96372117107544	0.45473924627511
-3.44754089021611	1.22379406077669
0.963743115659934	0.255236344279286
2.76559849788836	0.78194178274137
1.96276901321247	0.454520391574277
0.164778629348208	0.0313374327003096
-3.07875719123617	0.951227905765892
-2.57067328278635	0.665094197548339
-2.57098043849301	0.664920470822356
-1.79346061997896	0.390723019452767
-1.7934287506278	0.390727439150181
2.76671632811135	0.782410087450427
-0.196606144995592	0.0633346995977349
1.96372117107544	0.45473924627511
0.962025660417238	0.254682745005495
-0.608428787479893	0.147248610626808
1.35276823183269	0.59898514245525
2.76559849788836	0.78194178274137
0.165088029467664	0.0313824661178469
0.964404580081594	0.255330782344719
-2.57067328278635	0.665094197548339
2.76671632811135	0.782410087450427
1.96372117107544	0.45473924627511
1.96372117107544	0.45473924627511
0.16619130625606	0.0315431724784316
-0.613012730411062	0.148202450577793
0.16619130625606	0.0315431724784316
0.16619130625606	0.0315431724784316
-1.79346061997896	0.390723019452767
-1.7934287506278	0.390727439150181
-1.79785205353169	0.391773074809323
-1.79346061997896	0.390723019452767
-1.79346061997896	0.390723019452767
3.6449477089076	1.4449787602644
-1.11884555197394	0.337481516657706
0.688637326691298	0.220082192676685
0.165088029467664	0.0313824661178469
-0.614206104379299	0.148455859250315
0.183063896529214	0.0463401006276899
-1.7934287506278	0.390727439150181
-2.57098043849301	0.664920470822356
-1.79785205353169	0.391773074809323
0.16619130625606	0.0315431724784316
-1.49705816852235	0.532032217355669
-1.7934287506278	0.390727439150181
-3.07350260546998	0.94852963330217
1.46964366147565	0.490422889690681
2.76330811440907	0.780761067286217
0.169248055862235	0.0319917175833404
0.16619130625606	0.0315431724784316
-1.7934287506278	0.390727439150181
-2.57036588579023	0.664816582891659
1.47032706033056	0.490703617760438
2.76109157462938	0.779871501961836
0.186752657299631	0.0471525522204707
-2.57067328278635	0.665094197548339
1.96372117107544	0.45473924627511
0.962025660417238	0.254682745005495
0.169248055862235	0.0319917175833404
1.84570196896662	0.728945119955139
1.96276901321247	0.454520391574277
2.76109157462938	0.779871501961836
-2.57522664974505	0.666917731403372
-1.7934287506278	0.390727439150181
-1.7934287506278	0.390727439150181
-1.79346061997896	0.390723019452767
2.76330811440907	0.780761067286217
0.186928786286018	0.0560369733702841
-1.7934287506278	0.390727439150181
-0.618535635333325	0.149538863092151
-1.79785205353169	0.391773074809323
-1.79346061997896	0.390723019452767
-2.57067328278635	0.665094197548339
-1.79346061997896	0.390723019452767
-1.1152634133402	0.336439469187697
-0.612487701707529	0.148134994320372
-2.57067328278635	0.665094197548339
2.76109157462938	0.779871501961836
2.76330811440907	0.780761067286217
1.96372117107544	0.45473924627511
0.966736740010186	0.256029100393941
2.76109157462938	0.779871501961836
1.46910411205871	0.490049168285487
1.96276901321247	0.454520391574277
1.47086646676889	0.49088731436037
0.164778629348208	0.0313374327003096
0.962553055030982	0.254827961566665
1.96372117107544	0.45473924627511
0.963743115659934	0.255236344279286
2.76219840038386	0.780594539857824
1.96372117107544	0.45473924627511
1.96684138854469	0.455504908505281
0.16619130625606	0.0315431724784316
0.165088029467664	0.0313824661178469
-1.79346061997896	0.390723019452767
-1.79346061997896	0.390723019452767
-1.79346061997896	0.390723019452767
-1.79785205353169	0.391773074809323
-1.79346061997896	0.390723019452767
-1.79346061997896	0.390723019452767
-0.614206104379299	0.148455859250315
-1.7934287506278	0.390727439150181
1.96276901321247	0.454520391574277
1.96372117107544	0.45473924627511
1.96372117107544	0.45473924627511
2.76330811440907	0.780761067286217
2.76109157462938	0.779871501961836
1.96276901321247	0.454520391574277
0.160144755571284	0.0306956063740573
1.96372117107544	0.45473924627511
0.169248055862235	0.0319917175833404
-0.613682540053849	0.148388769407339
-1.11390573268458	0.335899190520225
1.96276901321247	0.454520391574277
1.96372117107544	0.45473924627511
0.963743115659934	0.255236344279286
-2.57036588579023	0.664816582891659
-2.57098043849301	0.664920470822356
0.165880035481028	0.0314978449610492
2.76219840038386	0.780594539857824
1.96372117107544	0.45473924627511
-0.613158918177153	0.148231887572971
-0.613012730411062	0.148202450577793
1.96276901321247	0.454520391574277
0.165088029467664	0.0313824661178469
-0.331432979676728	0.0949515324990773
1.96276901321247	0.454520391574277
1.96372117107544	0.45473924627511
0.161251150232847	0.0308565698216007
0.165088029467664	0.0313824661178469
0.966736740010186	0.256029100393941
-0.613158918177153	0.148231887572971
-1.7934287506278	0.390727439150181
-2.57554526884402	0.666976966437407
-1.79346061997896	0.390723019452767
0.18374299244507	0.0464795790495071
-1.79346061997896	0.390723019452767
-0.612487701707529	0.148134994320372
0.164778629348208	0.0313374327003096
3.27272750868887	1.11966450015405
-1.7934287506278	0.390727439150181
1.96276901321247	0.454520391574277
0.169566032486793	0.032038095111837
-0.611962616144159	0.147977912487881
0.963743115659934	0.255236344279286
0.160144755571284	0.0306956063740573
-1.7934287506278	0.390727439150181
1.96684138854469	0.455504908505281
0.164778629348208	0.0313374327003096
-1.79839826083819	0.730397358466732
-1.7934287506278	0.390727439150181
0.169566032486793	0.032038095111837
0.164778629348208	0.0313374327003096
-0.614206104379299	0.148455859250315
-1.7934287506278	0.390727439150181
3.94250969970351	1.744660072344
0.165880035481028	0.0314978449610492
0.165088029467664	0.0313824661178469
-1.7934287506278	0.390727439150181
-0.707845094848957	0.242262716671496
1.96276901321247	0.454520391574277
0.16619130625606	0.0315431724784316
-1.79785205353169	0.391773074809323
-1.79346061997896	0.390723019452767
2.76559849788836	0.78194178274137
2.76219840038386	0.780594539857824
-1.79346061997896	0.390723019452767
0.963743115659934	0.255236344279286
-1.12019427196772	0.338020301365193
-1.7934287506278	0.390727439150181
-0.613012730411062	0.148202450577793
-1.7934287506278	0.390727439150181
1.96372117107544	0.45473924627511
0.164778629348208	0.0313374327003096
1.05731446601517	0.404073999886943
-2.57554526884402	0.666976966437407
-0.613012730411062	0.148202450577793
-1.7934287506278	0.390727439150181
-0.613158918177153	0.148231887572971
-1.7934287506278	0.390727439150181
-2.57067328278635	0.665094197548339
3.27272750868887	1.11966450015405
0.165880035481028	0.0314978449610492
1.96276901321247	0.454520391574277
2.76109157462938	0.779871501961836
0.169566032486793	0.032038095111837
-1.79346061997896	0.390723019452767
0.165880035481028	0.0314978449610492
-0.614206104379299	0.148455859250315
0.164778629348208	0.0313374327003096
0.183063896529214	0.0463401006276899
-1.7934287506278	0.390727439150181
-1.79346061997896	0.390723019452767
1.96276901321247	0.454520391574277
0.165880035481028	0.0314978449610492
1.4745635305468	0.492365493098567
0.16619130625606	0.0315431724784316
1.96372117107544	0.45473924627511
1.96276901321247	0.454520391574277
-1.7934287506278	0.390727439150181
-1.79346061997896	0.390723019452767
1.96276901321247	0.454520391574277
-1.79346061997896	0.390723019452767
0.16619130625606	0.0315431724784316
-0.613682540053849	0.148388769407339
-1.79346061997896	0.390723019452767
-2.57098043849301	0.664920470822356
-1.7934287506278	0.390727439150181
-1.79346061997896	0.390723019452767
-1.12519556185123	0.339754109482426
-2.57067328278635	0.665094197548339
-0.709698759851068	0.242860149943732
-1.79346061997896	0.390723019452767
-1.7934287506278	0.390727439150181
-1.1152634133402	0.336439469187697
1.96372117107544	0.45473924627511
2.76219840038386	0.780594539857824
0.544218436165038	0.197506777270022
-2.57067328278635	0.665094197548339
1.96276901321247	0.454520391574277
-1.49705816852235	0.532032217355669
-1.7934287506278	0.390727439150181
-1.7934287506278	0.390727439150181
-1.7934287506278	0.390727439150181
0.165088029467664	0.0313824661178469
0.16619130625606	0.0315431724784316
0.169248055862235	0.0319917175833404
-2.57098043849301	0.664920470822356
-0.614206104379299	0.148455859250315
1.96372117107544	0.45473924627511
1.96372117107544	0.45473924627511
-1.7934287506278	0.390727439150181
-1.79346061997896	0.390723019452767
-0.707845094848957	0.242262716671496
0.959543454922691	0.254205280821647
-1.79346061997896	0.390723019452767
0.164778629348208	0.0313374327003096
-1.11896025029368	0.337616084496264
-2.57098043849301	0.664920470822356
1.96372117107544	0.45473924627511
0.165088029467664	0.0313824661178469
-3.07454565876188	0.948489134275984
-1.7934287506278	0.390727439150181
-1.79346061997896	0.390723019452767
-1.7934287506278	0.390727439150181
-1.7934287506278	0.390727439150181
1.96276901321247	0.454520391574277
1.96372117107544	0.45473924627511
0.165880035481028	0.0314978449610492
0.165088029467664	0.0313824661178469
1.96372117107544	0.45473924627511
-1.79346061997896	0.390723019452767
-1.7934287506278	0.390727439150181
3.27752825134246	1.12202020233476
-1.7934287506278	0.390727439150181
0.160144755571284	0.0306956063740573
1.96372117107544	0.45473924627511
-0.324126952894347	0.0929244396746841
-0.617339897765464	0.149284387408846
0.182384642090162	0.0461735738884295
0.176139035531232	0.0447669868764769
0.16619130625606	0.0315431724784316
1.96372117107544	0.45473924627511
-1.79346061997896	0.390723019452767
1.96372117107544	0.45473924627511
0.164778629348208	0.0313374327003096
0.16619130625606	0.0315431724784316
1.96276901321247	0.454520391574277
-1.79346061997896	0.390723019452767
1.96276901321247	0.454520391574277
2.76330811440907	0.780761067286217
-1.79346061997896	0.390723019452767
0.165880035481028	0.0314978449610492
0.182515705814395	0.0461929473161663
0.164778629348208	0.0313374327003096
-1.47047374913385	0.741129836625912
-1.49561006114969	0.531433597211914
0.182515705814395	0.0461929473161663
0.963214248695465	0.255090594573707
0.164778629348208	0.0313374327003096
-0.613682540053849	0.148388769407339
-1.7934287506278	0.390727439150181
-1.79785205353169	0.391773074809323
3.27631781619437	1.12171855032085
-1.7934287506278	0.390727439150181
-1.79346061997896	0.390723019452767
1.96276901321247	0.454520391574277
0.164778629348208	0.0313374327003096
0.164778629348208	0.0313374327003096
1.47402323433779	0.492035659807906
0.182384642090162	0.0461735738884295
2.76109157462938	0.779871501961836
0.169566032486793	0.032038095111837
1.96372117107544	0.45473924627511
1.96276901321247	0.454520391574277
0.165088029467664	0.0313824661178469
1.96372117107544	0.45473924627511
0.187984352048437	0.0474280610765032
-1.50408363202708	0.535041876234331
-1.79346061997896	0.390723019452767
1.96276901321247	0.454520391574277
-1.79346061997896	0.390723019452767
0.963214248695465	0.255090594573707
0.165088029467664	0.0313824661178469
-2.57554526884402	0.666976966437407
-1.7934287506278	0.390727439150181
1.96276901321247	0.454520391574277
1.96684138854469	0.455504908505281
-1.79346061997896	0.390723019452767
-1.79346061997896	0.390723019452767
0.169566032486793	0.032038095111837
1.96276901321247	0.454520391574277
1.96276901321247	0.454520391574277
1.96372117107544	0.45473924627511
1.96276901321247	0.454520391574277
1.96276901321247	0.454520391574277
-1.79346061997896	0.390723019452767
-0.613682540053849	0.148388769407339
0.164778629348208	0.0313374327003096
0.165088029467664	0.0313824661178469
0.16619130625606	0.0315431724784316
-1.79346061997896	0.390723019452767
-2.57067328278635	0.665094197548339
-2.57036588579023	0.664816582891659
-2.57067328278635	0.665094197548339
0.169248055862235	0.0319917175833404
1.96276901321247	0.454520391574277
-1.79346061997896	0.390723019452767
0.183610895194862	0.0464322674344966
0.164778629348208	0.0313374327003096
2.76671632811135	0.782410087450427
1.96276901321247	0.454520391574277
-2.57036588579023	0.664816582891659
-1.79346061997896	0.390723019452767
0.165880035481028	0.0314978449610492
0.164625296117395	0.0313507498370328
0.962025660417238	0.254682745005495
0.963743115659934	0.255236344279286
3.27272750868887	1.11966450015405
2.76109157462938	0.779871501961836
0.169566032486793	0.032038095111837
1.96276901321247	0.454520391574277
-1.7934287506278	0.390727439150181
1.96276901321247	0.454520391574277
0.161251150232847	0.0308565698216007
-0.60895933746012	0.147406558741333
1.96276901321247	0.454520391574277
-0.703264262088321	0.240508331840629
-1.80368192120879	0.733397419313707
1.84451762847753	0.728350716630867
1.47155078449581	0.491168545293048
-1.7934287506278	0.390727439150181
0.16619130625606	0.0315431724784316
-0.60895933746012	0.147406558741333
0.16619130625606	0.0315431724784316
-0.617875104469477	0.149400727468359
0.962025660417238	0.254682745005495
0.164778629348208	0.0313374327003096
0.165088029467664	0.0313824661178469
1.96372117107544	0.45473924627511
-3.07402416243152	0.948685276185543
0.177362298643623	0.0450515694227369
-1.79346061997896	0.390723019452767
0.963743115659934	0.255236344279286
-0.32485451718176	0.0931499749349684
0.164778629348208	0.0313374327003096
0.966736740010186	0.256029100393941
1.96372117107544	0.45473924627511
2.76109157462938	0.779871501961836
-0.613158918177153	0.148231887572971
1.47086646676889	0.49088731436037
-0.618535635333325	0.149538863092151
1.96276901321247	0.454520391574277
1.47032706033056	0.490703617760438
0.165088029467664	0.0313824661178469
1.96276901321247	0.454520391574277
2.13625724362141	0.965246201574124
1.96372117107544	0.45473924627511
1.96276901321247	0.454520391574277
0.962553055030982	0.254827961566665
0.165880035481028	0.0314978449610492
-0.613682540053849	0.148388769407339
-1.79346061997896	0.390723019452767
-1.7934287506278	0.390727439150181
1.47277528463141	0.49146011988965
1.96372117107544	0.45473924627511
0.184291063239428	0.0465991085839434
0.161251150232847	0.0308565698216007
-1.79346061997896	0.390723019452767
-0.330698472981565	0.0947716626031445
-3.0729809879685	0.948009080411761
0.165088029467664	0.0313824661178469
0.165088029467664	0.0313824661178469
1.96276901321247	0.454520391574277
-2.57067328278635	0.665094197548339
1.96276901321247	0.454520391574277
-2.57067328278635	0.665094197548339
-1.79785205353169	0.391773074809323
-1.79346061997896	0.390723019452767
-1.7934287506278	0.390727439150181
1.96684138854469	0.455504908505281
0.165880035481028	0.0314978449610492
-1.7934287506278	0.390727439150181
0.962553055030982	0.254827961566665
1.96684138854469	0.455504908505281
2.76219840038386	0.780594539857824
-0.331432979676728	0.0949515324990773
-0.60895933746012	0.147406558741333
1.96372117107544	0.45473924627511
-2.57067328278635	0.665094197548339
1.96276901321247	0.454520391574277
2.76219840038386	0.780594539857824
0.968469219672053	0.25651021792255
0.181743714491496	0.0460173511561772
0.165088029467664	0.0313824661178469
-3.0729809879685	0.948009080411761
-0.613682540053849	0.148388769407339
-2.57036588579023	0.664816582891659
1.96276901321247	0.454520391574277
-0.612487701707529	0.148134994320372
2.76109157462938	0.779871501961836
2.76671632811135	0.782410087450427
-1.79346061997896	0.390723019452767
-1.79346061997896	0.390723019452767
1.96372117107544	0.45473924627511
1.96372117107544	0.45473924627511
0.165088029467664	0.0313824661178469
0.165088029467664	0.0313824661178469
-1.79346061997896	0.390723019452767
0.165880035481028	0.0314978449610492
0.165088029467664	0.0313824661178469
0.165088029467664	0.0313824661178469
-0.613012730411062	0.148202450577793
-0.32485451718176	0.0931499749349684
0.16619130625606	0.0315431724784316
-0.613158918177153	0.148231887572971
0.846045347999375	0.35970032424254
-0.613682540053849	0.148388769407339
-1.12396372987595	0.33934973605565
3.64742237939513	1.44635997008149
-1.7934287506278	0.390727439150181
-0.619069360213747	0.149654914653121
-2.57554526884402	0.666976966437407
1.96276901321247	0.454520391574277
-0.331884233338781	0.0950660268702792
0.16619130625606	0.0315431724784316
0.964404580081594	0.255330782344719
0.164778629348208	0.0313374327003096
0.966736740010186	0.256029100393941
1.96276901321247	0.454520391574277
1.96276901321247	0.454520391574277
-2.57554526884402	0.666976966437407
0.16619130625606	0.0315431724784316
0.964404580081594	0.255330782344719
1.96372117107544	0.45473924627511
0.165880035481028	0.0314978449610492
-1.7934287506278	0.390727439150181
0.188667958543402	0.04756856032199
1.96684138854469	0.455504908505281
1.96372117107544	0.45473924627511
-1.79785205353169	0.391773074809323
0.964404580081594	0.255330782344719
1.96276901321247	0.454520391574277
0.16619130625606	0.0315431724784316
0.187300583927818	0.0472598613580206
0.184971072095669	0.0467387603153735
0.18374299244507	0.0464795790495071
0.164778629348208	0.0313374327003096
-1.1245135089551	0.339452387639693
1.96372117107544	0.45473924627511
0.169566032486793	0.032038095111837
0.164778629348208	0.0313374327003096
0.164778629348208	0.0313374327003096
-1.79346061997896	0.390723019452767
-1.79346061997896	0.390723019452767
0.161251150232847	0.0308565698216007
1.96372117107544	0.45473924627511
1.96372117107544	0.45473924627511
-1.7934287506278	0.390727439150181
1.96276901321247	0.454520391574277
1.96684138854469	0.455504908505281
1.96372117107544	0.45473924627511
0.963743115659934	0.255236344279286
0.963743115659934	0.255236344279286
-0.195531539432362	0.0629840149892884
-0.612487701707529	0.148134994320372
-1.1182849071041	0.337405124817419
-1.79346061997896	0.390723019452767
-0.613012730411062	0.148202450577793
0.186752657299631	0.0471525522204707
-0.612487701707529	0.148134994320372
0.165880035481028	0.0314978449610492
1.4745635305468	0.492365493098567
-1.7934287506278	0.390727439150181
1.96276901321247	0.454520391574277
1.96372117107544	0.45473924627511
0.165880035481028	0.0314978449610492
-1.79785205353169	0.391773074809323
-2.57067328278635	0.665094197548339
0.164778629348208	0.0313374327003096
2.76109157462938	0.779871501961836
0.160144755571284	0.0306956063740573
0.186752657299631	0.0471525522204707
-0.614206104379299	0.148455859250315
0.188667958543402	0.04756856032199
-1.7934287506278	0.390727439150181
0.176139035531232	0.0447669868764769
0.165088029467664	0.0313824661178469
0.164778629348208	0.0313374327003096
0.164778629348208	0.0313374327003096
0.164778629348208	0.0313374327003096
0.16619130625606	0.0315431724784316
1.96372117107544	0.45473924627511
1.96684138854469	0.455504908505281
1.96372117107544	0.45473924627511
0.165880035481028	0.0314978449610492
1.96276901321247	0.454520391574277
1.96372117107544	0.45473924627511
-2.57067328278635	0.665094197548339
0.186752657299631	0.0471525522204707
0.959543454922691	0.254205280821647
-2.57098043849301	0.664920470822356
0.967933372585482	0.256362285789635
0.682339311812087	0.217953944354753
-2.57036588579023	0.664816582891659
-1.7934287506278	0.390727439150181
-1.7934287506278	0.390727439150181
2.76559849788836	0.78194178274137
0.164778629348208	0.0313374327003096
0.165088029467664	0.0313824661178469
0.967271104517323	0.256176548116206
0.169566032486793	0.032038095111837
-1.7934287506278	0.390727439150181
-1.79346061997896	0.390723019452767
0.165880035481028	0.0314978449610492
0.164778629348208	0.0313374327003096
-1.79346061997896	0.390723019452767
1.96372117107544	0.45473924627511
1.96276901321247	0.454520391574277
1.96276901321247	0.454520391574277
2.76219840038386	0.780594539857824
-2.57036588579023	0.664816582891659
1.47032706033056	0.490703617760438
0.685539141555545	0.218907224669263
0.16619130625606	0.0315431724784316
0.164778629348208	0.0313374327003096
-0.612487701707529	0.148134994320372
0.693216225774344	0.221541872050593
-3.0729809879685	0.948009080411761
-0.617875104469477	0.149400727468359
0.174415063218798	0.0525132560977555
0.164778629348208	0.0313374327003096
-1.7934287506278	0.390727439150181
-1.79346061997896	0.390723019452767
1.96276901321247	0.454520391574277
2.76219840038386	0.780594539857824
1.96684138854469	0.455504908505281
0.164778629348208	0.0313374327003096
0.164778629348208	0.0313374327003096
0.971485400220684	0.257250631808135
0.964934921520073	0.255476948633611
1.96276901321247	0.454520391574277
2.76671632811135	0.782410087450427
-1.79785205353169	0.391773074809323
0.16619130625606	0.0315431724784316
1.96276901321247	0.454520391574277
-2.57067328278635	0.665094197548339
-2.57036588579023	0.664816582891659
0.187435346122179	0.047292837125537
-0.613012730411062	0.148202450577793
0.165088029467664	0.0313824661178469
0.165088029467664	0.0313824661178469
2.76219840038386	0.780594539857824
0.165088029467664	0.0313824661178469
-0.611962616144159	0.147977912487881
-0.618535635333325	0.149538863092151
-1.79346061997896	0.390723019452767
2.76109157462938	0.779871501961836
0.963214248695465	0.255090594573707
0.16619130625606	0.0315431724784316
1.96372117107544	0.45473924627511
1.96276901321247	0.454520391574277
1.47086646676889	0.49088731436037
1.96276901321247	0.454520391574277
-0.617875104469477	0.149400727468359
0.967933372585482	0.256362285789635
-1.79785205353169	0.391773074809323
2.76219840038386	0.780594539857824
1.96276901321247	0.454520391574277
-1.79346061997896	0.390723019452767
0.16619130625606	0.0315431724784316
1.96372117107544	0.45473924627511
0.164778629348208	0.0313374327003096
2.76109157462938	0.779871501961836
1.96276901321247	0.454520391574277
2.76671632811135	0.782410087450427
1.96276901321247	0.454520391574277
-1.79346061997896	0.390723019452767
0.165880035481028	0.0314978449610492
0.16619130625606	0.0315431724784316
1.96276901321247	0.454520391574277
-1.7934287506278	0.390727439150181
0.963743115659934	0.255236344279286
-0.613012730411062	0.148202450577793
-0.612487701707529	0.148134994320372
0.967933372585482	0.256362285789635
0.165880035481028	0.0314978449610492
2.76219840038386	0.780594539857824
1.96276901321247	0.454520391574277
-2.57067328278635	0.665094197548339
1.96372117107544	0.45473924627511
-1.7934287506278	0.390727439150181
-1.79346061997896	0.390723019452767
-3.07402416243152	0.948685276185543
0.187435346122179	0.047292837125537
0.164778629348208	0.0313374327003096
2.76559849788836	0.78194178274137
0.165880035481028	0.0314978449610492
1.96372117107544	0.45473924627511
3.27152519356808	1.11907150574555
0.964934921520073	0.255476948633611
0.963214248695465	0.255090594573707
-2.57554526884402	0.666976966437407
-0.611962616144159	0.147977912487881
-1.7934287506278	0.390727439150181
1.96372117107544	0.45473924627511
1.96276901321247	0.454520391574277
-1.79346061997896	0.390723019452767
1.96372117107544	0.45473924627511
-0.613682540053849	0.148388769407339
0.165880035481028	0.0314978449610492
-1.79346061997896	0.390723019452767
1.96372117107544	0.45473924627511
-0.613682540053849	0.148388769407339
-1.79346061997896	0.390723019452767
-1.7934287506278	0.390727439150181
-1.79346061997896	0.390723019452767
1.96276901321247	0.454520391574277
1.96276901321247	0.454520391574277
0.182515705814395	0.0461929473161663
-1.7934287506278	0.390727439150181
0.964934921520073	0.255476948633611
0.165880035481028	0.0314978449610492
-1.79346061997896	0.390723019452767
0.165088029467664	0.0313824661178469
-1.79346061997896	0.390723019452767
-1.7934287506278	0.390727439150181
1.96276901321247	0.454520391574277
-1.7934287506278	0.390727439150181
0.187435346122179	0.047292837125537
1.96372117107544	0.45473924627511
0.160144755571284	0.0306956063740573
-1.79785205353169	0.391773074809323
1.96276901321247	0.454520391574277
1.96276901321247	0.454520391574277
1.96276901321247	0.454520391574277
1.96276901321247	0.454520391574277
0.686270437198953	0.219228628867356
-0.614206104379299	0.148455859250315
-0.614206104379299	0.148455859250315
0.181837521716867	0.0460537144756759
-0.702529153090903	0.24025873050893
0.165880035481028	0.0314978449610492
0.16619130625606	0.0315431724784316
1.96276901321247	0.454520391574277
-0.613682540053849	0.148388769407339
1.47155078449581	0.491168545293048
0.161251150232847	0.0308565698216007
0.165088029467664	0.0313824661178469
-1.79346061997896	0.390723019452767
1.96276901321247	0.454520391574277
0.963743115659934	0.255236344279286
-1.7934287506278	0.390727439150181
-1.79346061997896	0.390723019452767
-1.79346061997896	0.390723019452767
0.165880035481028	0.0314978449610492
-0.611962616144159	0.147977912487881
0.686270437198953	0.219228628867356
0.54318773226382	0.197044776708552
1.96276901321247	0.454520391574277
0.169566032486793	0.032038095111837
-1.49825523114142	0.532562193916483
0.182515705814395	0.0461929473161663
0.682339311812087	0.217953944354753
-0.701060091359901	0.239632648032144
0.164778629348208	0.0313374327003096
-2.57098043849301	0.664920470822356
-1.79785205353169	0.391773074809323
-0.617875104469477	0.149400727468359
0.165880035481028	0.0314978449610492
2.76109157462938	0.779871501961836
1.96372117107544	0.45473924627511
-2.57036588579023	0.664816582891659
-1.7934287506278	0.390727439150181
1.96372117107544	0.45473924627511
0.165088029467664	0.0313824661178469
0.161251150232847	0.0308565698216007
0.16619130625606	0.0315431724784316
-1.7934287506278	0.390727439150181
1.96372117107544	0.45473924627511
2.76219840038386	0.780594539857824
0.165088029467664	0.0313824661178469
0.16619130625606	0.0315431724784316
2.76219840038386	0.780594539857824
0.963214248695465	0.255090594573707
0.693668977910988	0.221707820486434
0.181743714491496	0.0460173511561772
1.47648048364922	0.492996794108507
0.957162742729009	0.253557522610441
1.96684138854469	0.455504908505281
-1.79346061997896	0.390723019452767
0.964404580081594	0.255330782344719
0.964404580081594	0.255330782344719
-2.57036588579023	0.664816582891659
0.182384642090162	0.0461735738884295
-1.49633399610699	0.531774933095134
1.96276901321247	0.454520391574277
0.687453672774919	0.21969379736456
-2.57067328278635	0.665094197548339
0.18374299244507	0.0464795790495071
0.187300583927818	0.0472598613580206
0.963743115659934	0.255236344279286
2.76219840038386	0.780594539857824
0.687453672774919	0.21969379736456
-2.57067328278635	0.665094197548339
1.96372117107544	0.45473924627511
0.966736740010186	0.256029100393941
-1.7934287506278	0.390727439150181
0.958352222975233	0.253964848564806
0.164778629348208	0.0313374327003096
-1.79346061997896	0.390723019452767
-1.1152634133402	0.336439469187697
0.169566032486793	0.032038095111837
0.967271104517323	0.256176548116206
0.16619130625606	0.0315431724784316
0.16619130625606	0.0315431724784316
0.165088029467664	0.0313824661178469
-1.11896025029368	0.337616084496264
-3.07350260546998	0.94852963330217
2.76219840038386	0.780594539857824
0.963743115659934	0.255236344279286
1.47032706033056	0.490703617760438
0.165088029467664	0.0313824661178469
-1.12328075924743	0.339047939506251
0.165880035481028	0.0314978449610492
0.187984352048437	0.0474280610765032
-0.617339897765464	0.149284387408846
0.165088029467664	0.0313824661178469
-2.57098043849301	0.664920470822356
-0.611962616144159	0.147977912487881
1.96372117107544	0.45473924627511
0.165880035481028	0.0314978449610492
1.96276901321247	0.454520391574277
-1.50921776759309	0.53721941864807
0.967271104517323	0.256176548116206
-0.612487701707529	0.148134994320372
3.27032462336087	1.11801013776878
0.962025660417238	0.254682745005495
-2.57036588579023	0.664816582891659
0.164778629348208	0.0313374327003096
-0.612487701707529	0.148134994320372
1.96276901321247	0.454520391574277
1.96684138854469	0.455504908505281
1.96684138854469	0.455504908505281
-1.11760971687047	0.337077079720442
1.84066711299049	0.726365639107333
-1.79785205353169	0.391773074809323
0.966736740010186	0.256029100393941
0.164778629348208	0.0313374327003096
0.164778629348208	0.0313374327003096
1.96372117107544	0.45473924627511
1.96372117107544	0.45473924627511
1.96372117107544	0.45473924627511
2.76219840038386	0.780594539857824
1.96276901321247	0.454520391574277
2.77014537202506	0.783552977740789
0.180957038038916	0.0457971170549981
-1.79785205353169	0.391773074809323
0.183063896529214	0.0463401006276899
0.165880035481028	0.0314978449610492
0.169248055862235	0.0319917175833404
-0.32485451718176	0.0931499749349684
2.76219840038386	0.780594539857824
-0.613682540053849	0.148388769407339
-2.57036588579023	0.664816582891659
-2.57554526884402	0.666976966437407
0.962025660417238	0.254682745005495
-0.330698472981565	0.0947716626031445
-2.57036588579023	0.664816582891659
0.160144755571284	0.0306956063740573
-0.611962616144159	0.147977912487881
-2.57098043849301	0.664920470822356
-2.57067328278635	0.665094197548339
-0.324393158207149	0.0929933012825356
1.80451326834185	1.01920977910889
-3.08351879397427	0.953227279124287
-0.613682540053849	0.148388769407339
0.165880035481028	0.0314978449610492
0.963214248695465	0.255090594573707
-3.45239496999294	1.22656388713544
-2.57098043849301	0.664920470822356
-1.11951983581622	0.337809535545767
0.165088029467664	0.0313824661178469
-3.45307509546519	1.22686211973226
-2.57522664974505	0.666917731403372
-1.79785205353169	0.391773074809323
1.96276901321247	0.454520391574277
0.165088029467664	0.0313824661178469
0.165088029467664	0.0313824661178469
1.96276901321247	0.454520391574277
1.96372117107544	0.45473924627511
0.182281708516407	0.0461365657769329
-1.79346061997896	0.390723019452767
-1.7934287506278	0.390727439150181
2.76559849788836	0.78194178274137
0.165880035481028	0.0314978449610492
3.27272750868887	1.11966450015405
-0.612487701707529	0.148134994320372
0.184291063239428	0.0465991085839434
1.96276901321247	0.454520391574277
0.182384642090162	0.0461735738884295
1.96276901321247	0.454520391574277
-0.612487701707529	0.148134994320372
1.96276901321247	0.454520391574277
-1.79346061997896	0.390723019452767
-1.11951983581622	0.337809535545767
-1.12396372987595	0.33934973605565
0.181837521716867	0.0460537144756759
-1.79346061997896	0.390723019452767
1.96372117107544	0.45473924627511
1.96276901321247	0.454520391574277
0.165088029467664	0.0313824661178469
-0.612487701707529	0.148134994320372
1.96372117107544	0.45473924627511
0.182384642090162	0.0461735738884295
-1.12019427196772	0.338020301365193
-0.370479483475228	0.15300806332412
1.96372117107544	0.45473924627511
-0.322472516615752	0.0924590549090847
-1.79346061997896	0.390723019452767
1.96276901321247	0.454520391574277
0.690559056864311	0.220592978829305
1.35636045207216	0.600949327384119
0.689821397698691	0.220399946218977
1.84302870233133	0.727219634707302
1.47277528463141	0.49146011988965
-2.57067328278635	0.665094197548339
1.8476275755017	0.729726391578086
0.554888698626794	0.201570551690915
0.181837521716867	0.0460537144756759
0.165088029467664	0.0313824661178469
1.96276901321247	0.454520391574277
-0.614206104379299	0.148455859250315
1.96372117107544	0.45473924627511
-2.57522664974505	0.666917731403372
1.96276901321247	0.454520391574277
1.96372117107544	0.45473924627511
0.164778629348208	0.0313374327003096
-1.79346061997896	0.390723019452767
-0.613682540053849	0.148388769407339
0.165880035481028	0.0314978449610492
2.76671632811135	0.782410087450427
-1.1245135089551	0.339452387639693
0.16619130625606	0.0315431724784316
-0.608428787479893	0.147248610626808
0.165880035481028	0.0314978449610492
0.697539161689842	0.222938108752217
0.183063896529214	0.0463401006276899
-3.07875719123617	0.951227905765892
0.967271104517323	0.256176548116206
-0.326116124892219	0.0934876536925377
1.96684138854469	0.455504908505281
0.840510143880536	0.357192711931371
0.186069807523728	0.046984734903896
0.169248055862235	0.0319917175833404
-1.12019427196772	0.338020301365193
-3.07350260546998	0.94852963330217
-2.57067328278635	0.665094197548339
-1.79346061997896	0.390723019452767
2.76559849788836	0.78194178274137
-3.07402416243152	0.948685276185543
1.96372117107544	0.45473924627511
-0.325582325201124	0.0933470317045756
-2.57098043849301	0.664920470822356
-2.57522664974505	0.666917731403372
0.160144755571284	0.0306956063740573
0.186191748429242	0.055843722836046
-2.57067328278635	0.665094197548339
-0.321741768636823	0.0922885496388945
-1.1258777723839	0.339888304991231
-0.613158918177153	0.148231887572971
0.16619130625606	0.0315431724784316
3.27272750868887	1.11966450015405
1.47032706033056	0.490703617760438
0.165088029467664	0.0313824661178469
0.165088029467664	0.0313824661178469
-0.613682540053849	0.148388769407339
-0.750164002277826	0.324701048431252
-0.612487701707529	0.148134994320372
0.16619130625606	0.0315431724784316
-1.79346061997896	0.390723019452767
0.963214248695465	0.255090594573707
-0.612487701707529	0.148134994320372
0.686184239500337	0.219175673536007
0.688637326691298	0.220082192676685
0.165088029467664	0.0313824661178469
0.967271104517323	0.256176548116206
0.182384642090162	0.0461735738884295
3.27152519356808	1.11907150574555
0.165880035481028	0.0314978449610492
-2.57554526884402	0.666976966437407
1.06762213189116	0.40860472471242
-0.701407652969022	0.239760620804689
0.164778629348208	0.0313374327003096
0.963743115659934	0.255236344279286
-1.50335347787301	0.534889336029958
-0.613012730411062	0.148202450577793
0.16619130625606	0.0315431724784316
3.6449477089076	1.4449787602644
0.16619130625606	0.0315431724784316
0.164778629348208	0.0313374327003096
-0.614206104379299	0.148455859250315
0.16619130625606	0.0315431724784316
-2.57067328278635	0.665094197548339
-0.617875104469477	0.149400727468359
-0.326771057218117	0.0936418390224184
0.181159179759352	0.0458876218072277
1.96684138854469	0.455504908505281
1.96684138854469	0.455504908505281
-3.75543855798953	1.48432671105721
-0.320548811537412	0.09196618419473
0.178049240810411	0.0452053813438565
-0.203324972402716	0.0654285949027121
0.16619130625606	0.0315431724784316
3.64618465324491	1.4458034047001
0.165088029467664	0.0313824661178469
0.186752657299631	0.0471525522204707
-2.57036588579023	0.664816582891659
-1.00269516620368	0.396499158743995
-0.698670682702589	0.238794577468402
3.27152519356808	1.11907150574555
2.76219840038386	0.780594539857824
-2.57067328278635	0.665094197548339
-0.702529153090903	0.24025873050893
-0.617339897765464	0.149284387408846
0.183063896529214	0.0463401006276899
1.84451762847753	0.728350716630867
0.170951981253254	0.058625393056541
0.164778629348208	0.0313374327003096
2.76330811440907	0.780761067286217
1.96684138854469	0.455504908505281
0.169566032486793	0.032038095111837
1.84184770666887	0.726890218717793
0.16619130625606	0.0315431724784316
0.164778629348208	0.0313374327003096
3.27152519356808	1.11907150574555
-1.79346061997896	0.390723019452767
0.964404580081594	0.255330782344719
0.184971072095669	0.0467387603153735
-1.7934287506278	0.390727439150181
0.963214248695465	0.255090594573707
0.967271104517323	0.256176548116206
1.96684138854469	0.455504908505281
-0.322936466881447	0.0925708388690686
0.551298334729919	0.200249958464128
-0.33115064247346	0.0948450204466267
0.165088029467664	0.0313824661178469
0.692481142426252	0.221366284684109
-2.57554526884402	0.666976966437407
-1.79346061997896	0.390723019452767
-1.7934287506278	0.390727439150181
2.76219840038386	0.780594539857824
-1.24726472817323	0.559011907940013
0.844441707134117	0.359109180860946
-3.0729809879685	0.948009080411761
2.76330811440907	0.780761067286217
0.165088029467664	0.0313824661178469
-2.57067328278635	0.665094197548339
0.165088029467664	0.0313824661178469
1.96372117107544	0.45473924627511
0.961881298984383	0.254903830883264
0.180484451327502	0.0542489043189748
-2.57067328278635	0.665094197548339
0.183063896529214	0.0463401006276899
0.964404580081594	0.255330782344719
1.47155078449581	0.491168545293048
-1.11951983581622	0.337809535545767
-1.49705816852235	0.532032217355669
0.472199005963952	0.191734119717762
-0.697936306259444	0.23851153813937
2.76671632811135	0.782410087450427
2.76109157462938	0.779871501961836
-1.79785205353169	0.391773074809323
1.96372117107544	0.45473924627511
0.966736740010186	0.256029100393941
1.96684138854469	0.455504908505281
0.179369859705814	0.0539368960907662
-2.04826273814137	0.932264876861533
0.53783587799259	0.194907045930754
0.963743115659934	0.255236344279286
0.165880035481028	0.0314978449610492
2.76330811440907	0.780761067286217
1.05767805940452	0.40430204105456
0.962553055030982	0.254827961566665
-3.44888613612191	1.22380916720858
-1.1182849071041	0.337405124817419
-1.79346061997896	0.390723019452767
-1.7934287506278	0.390727439150181
-0.123435296184223	0.0439193903519356
-2.57098043849301	0.664920470822356
-0.703999757003376	0.240702491325751
3.27272750868887	1.11966450015405
0.178586346650125	0.0453095875153282
3.65243977028666	1.44907202326586
-1.12086886051128	0.33811902750598
-1.12519556185123	0.339754109482426
-0.613012730411062	0.148202450577793
1.96372117107544	0.45473924627511
-0.614206104379299	0.148455859250315
-3.44754089021611	1.22379406077669
0.164778629348208	0.0313374327003096
-3.07350260546998	0.94852963330217
1.96372117107544	0.45473924627511
0.68908810997088	0.220077042266344
0.165088029467664	0.0313824661178469
1.96276901321247	0.454520391574277
1.96372117107544	0.45473924627511
0.165088029467664	0.0313824661178469
1.96276901321247	0.454520391574277
0.160144755571284	0.0306956063740573
0.693216225774344	0.221541872050593
-0.324126952894347	0.0929244396746841
-0.337026866011333	0.0964604004609729
2.76219840038386	0.780594539857824
1.96684138854469	0.455504908505281
0.165088029467664	0.0313824661178469
1.3524197012094	0.598640284839141
-1.00943392667062	0.399735935116325
0.693216225774344	0.221541872050593
-1.464959265811	0.736946074777505
0.164778629348208	0.0313374327003096
0.165088029467664	0.0313824661178469
0.160144755571284	0.0306956063740573
0.16619130625606	0.0315431724784316
-1.11760971687047	0.337077079720442
-0.332618072686463	0.0952457032075058
-2.57554526884402	0.666976966437407
3.27032462336087	1.11801013776878
-0.324126952894347	0.0929244396746841
0.183063896529214	0.0463401006276899
-0.617875104469477	0.149400727468359
1.96276901321247	0.454520391574277
1.96372117107544	0.45473924627511
1.34250676781144	0.592913998489895
0.962553055030982	0.254827961566665
0.165880035481028	0.0314978449610492
1.0516149872675	0.401512248410012
0.963743115659934	0.255236344279286
0.693216225774344	0.221541872050593
-1.12019427196772	0.338020301365193
0.165880035481028	0.0314978449610492
-2.57067328278635	0.665094197548339
-1.79346061997896	0.390723019452767
2.76219840038386	0.780594539857824
-1.7934287506278	0.390727439150181
1.47032706033056	0.490703617760438
0.182784373310677	0.0625636986950216
-1.00869208324152	0.399376405441269
-0.613682540053849	0.148388769407339
0.184971072095669	0.0467387603153735
3.27032462336087	1.11801013776878
1.96276901321247	0.454520391574277
0.165880035481028	0.0314978449610492
1.06153095853073	0.405927487776779
-0.19866808684961	0.0640066499155127
0.689821397698691	0.220399946218977
-2.57554526884402	0.666976966437407
-1.49633399610699	0.531774933095134
-1.7934287506278	0.390727439150181
1.59361466522007	0.80088415110559
-1.12968819193386	0.341150094616032
3.27752825134246	1.12202020233476
0.696800426249806	0.22261158669709
0.963214248695465	0.255090594573707
1.96276901321247	0.454520391574277
1.96276901321247	0.454520391574277
0.176139035531232	0.0447669868764769
1.46964366147565	0.490422889690681
0.696347531127603	0.222535473365176
-1.11760971687047	0.337077079720442
-0.201906699363454	0.0650030146049408
0.959543454922691	0.254205280821647
0.964404580081594	0.255330782344719
2.14457075228064	0.970165579166882
2.76219840038386	0.780594539857824
1.05346208699469	0.402359762312703
0.183610895194862	0.0464322674344966
0.181837521716867	0.0460537144756759
0.173305506499925	0.0522037309364545
1.46585570298693	0.489030037475911
-0.494817503599559	0.186297123887455
-3.07822553691956	0.950796797182827
-2.57036588579023	0.664816582891659
-0.202976861420011	0.0653350306430413
1.47086646676889	0.49088731436037
0.416636450157627	0.189704075326911
-1.80368192120879	0.733397419313707
0.182384642090162	0.0461735738884295
0.16619130625606	0.0315431724784316
0.169566032486793	0.032038095111837
1.96372117107544	0.45473924627511
-1.79346061997896	0.390723019452767
2.76219840038386	0.780594539857824
1.96276901321247	0.454520391574277
0.962025660417238	0.254682745005495
3.27272750868887	1.11966450015405
-0.699405444382189	0.239043645886915
1.05693634570001	0.403813519694082
-2.57067328278635	0.665094197548339
0.963743115659934	0.255236344279286
-1.79346061997896	0.390723019452767
0.165088029467664	0.0313824661178469
2.76330811440907	0.780761067286217
1.96684138854469	0.455504908505281
-0.122215445713398	0.0435046320299458
0.964404580081594	0.255330782344719
-0.613012730411062	0.148202450577793
-1.50189389559208	0.534121741351592
-1.49753171438992	0.532305096548695
1.06412114847268	0.406917855330659
-0.614206104379299	0.148455859250315
-0.7424417184482	0.320788249025728
1.05989643717056	0.405275695027378
0.677627518895627	0.216310008431179
-1.79785205353169	0.391773074809323
-2.57067328278635	0.665094197548339
2.76219840038386	0.780594539857824
0.964404580081594	0.255330782344719
-0.0679650290792645	0.0267875010329587
2.76219840038386	0.780594539857824
-0.191583942801118	0.0617784787374467
0.187138417701552	0.0560240812460362
0.843443663477006	0.35876328544495
0.548446031553528	0.199065921260852
-1.49778257857282	0.532153748454207
-0.194075683681951	0.0625390145219641
-1.79346061997896	0.390723019452767
0.18374299244507	0.0464795790495071
-0.701407652969022	0.239760620804689
-1.3012935449898	0.804742926173225
0.182515705814395	0.0461929473161663
-2.61650267865505	1.59567548873137
-0.608428787479893	0.147248610626808
-0.108635917457341	0.038859856983973
1.05915506670076	0.404786600540214
-1.49753171438992	0.532305096548695
-0.197681301235905	0.0636672013988199
-0.197316433582098	0.063550392412948
-1.11963574652263	0.337715170908198
-3.0729809879685	0.948009080411761
-1.7934287506278	0.390727439150181
-0.613012730411062	0.148202450577793
-2.57522664974505	0.666917731403372
1.96372117107544	0.45473924627511
0.165088029467664	0.0313824661178469
-0.613012730411062	0.148202450577793
0.164778629348208	0.0313374327003096
-3.07454565876188	0.948489134275984
0.962025660417238	0.254682745005495
0.164778629348208	0.0313374327003096
1.35348220382035	0.599165579425034
3.27032462336087	1.11801013776878
0.16619130625606	0.0315431724784316
-0.701407652969022	0.239760620804689
1.35599982772491	0.600674346947817
-2.04916059733046	0.933046655798162
0.165880035481028	0.0314978449610492
0.958352222975233	0.253964848564806
1.05767805940452	0.40430204105456
-1.11963574652263	0.337715170908198
-0.119396505036939	0.0425742797620838
-0.745228434114775	0.322263483734654
-0.324393158207149	0.0929933012825356
1.05693634570001	0.403813519694082
0.469214796260205	0.190439621590192
-0.198392257320092	0.0638832149326698
-0.617339897765464	0.149284387408846
-3.44686848748983	1.22339694388155
-3.07402416243152	0.948685276185543
0.915656932782414	0.496212248678482
0.172935900909832	0.0520977646892395
-1.80255467315262	0.73276942485064
0.184971072095669	0.0467387603153735
0.697539161689842	0.222938108752217
0.963743115659934	0.255236344279286
1.47155078449581	0.491168545293048
-0.365376793227214	0.150864261510649
0.544571131487334	0.197606668979847
0.178049240810411	0.0452053813438565
1.09446319502962	0.535866721790447
1.06063740894654	0.405466440477548
-0.611962616144159	0.147977912487881
0.169566032486793	0.032038095111837
0.687904703717867	0.219759625438134
-1.11951983581622	0.337809535545767
-1.12019427196772	0.338020301365193
0.177362298643623	0.0450515694227369
-0.741834827359843	0.320529587494122
0.537124090164026	0.194634205346429
0.165880035481028	0.0314978449610492
-1.00236193740671	0.396463059052617
-1.7934287506278	0.390727439150181
-1.79346061997896	0.390723019452767
-0.323664690407152	0.0927962418225715
-3.07822553691956	0.950796797182827
-1.7934287506278	0.390727439150181
0.962553055030982	0.254827961566665
-1.7934287506278	0.390727439150181
-0.609489833121369	0.147475344257464
0.967933372585482	0.256362285789635
2.12634870418503	0.95912271644804
-1.50342895272977	0.534820350018527
0.180484451327502	0.0542489043189748
0.177501415059504	0.0608062606278489
-0.214349321685649	0.0688804823982153
-0.581328871959768	0.275730271156848
-1.06765575426338	0.718113320953484
0.548802214907851	0.199198529969934
-1.00906318075178	0.399734482931109
1.05767805940452	0.40430204105456
0.172815300536377	0.059246231431734
-0.124045801303727	0.0441173951480137
0.963214248695465	0.255090594573707
0.963743115659934	0.255236344279286
-0.613682540053849	0.148388769407339
0.469602716565917	0.190601252697973
0.17490549702866	0.0599480691446385
-1.47643173913299	0.745383324956546
0.174785547530182	0.0526214906817273
0.176139035531232	0.0447669868764769
-0.195896300806791	0.0631110974355499
-0.193735099625946	0.0624393983877589
0.178677032585286	0.069128229764175
0.180484451327502	0.0542489043189748
0.962553055030982	0.254827961566665
-0.197316433582098	0.063550392412948
3.27272750868887	1.11966450015405
0.169248055862235	0.0319917175833404
-0.614206104379299	0.148455859250315
-0.212177853119382	0.104606838970317
-1.14856862825937	0.638580352762944
-0.701794429638729	0.239974906557054
1.35782818213167	0.601346585616184
-0.612487701707529	0.148134994320372
-2.04249312224762	0.928496345266382
-0.611962616144159	0.147977912487881
-1.00198766685669	0.396175079052544
-1.79346061997896	0.390723019452767
2.77014537202506	0.783552977740789
-1.7934287506278	0.390727439150181
-1.79346061997896	0.390723019452767
-1.79785205353169	0.391773074809323
0.16619130625606	0.0315431724784316
-0.619069360213747	0.149654914653121
0.165088029467664	0.0313824661178469
0.164778629348208	0.0313374327003096
-1.11963574652263	0.337715170908198
0.688185381402826	0.219868290083128
-0.614206104379299	0.148455859250315
0.16619130625606	0.0315431724784316
-0.612487701707529	0.148134994320372
-0.611962616144159	0.147977912487881
0.550585584584045	0.199969616725774
0.693668977910988	0.221707820486434
0.187129201580938	0.0639868524454405
-0.371336427701869	0.153389557765106
0.686721713829268	0.219371725498129
-0.569867028751948	0.269599277467699
-0.12261043679513	0.0436371800151759
-0.290231610101159	0.131941641245315
-0.122215445713398	0.0435046320299458
-0.75936080088405	0.408110492389178
-0.201545344382006	0.0648721172047725
0.182384642090162	0.0461735738884295
1.3509899510682	0.597807360301759
-1.50189389559208	0.534121741351592
0.179479941018599	0.0614871969929957
0.186191748429242	0.055843722836046
-1.79653379913892	0.729391431830202
0.180860449097146	0.0543198851417517
-0.202267717623406	0.0650989962325268
0.467435422769942	0.189763860429757
0.174866744414616	0.0599504088128746
0.161721048489966	0.0626326526460122
1.34886052544281	0.596542879120315
0.188667958543402	0.04756856032199
1.35064130120685	0.597863106700744
-2.45223711328766	1.36180594401957
-0.114435258219624	0.040843270356461
-1.00906318075178	0.399734482931109
1.60187603917232	0.806248910001153
-3.07350260546998	0.94852963330217
-0.750971766157953	0.325331624245207
0.473807985851424	0.192496599135712
0.172703256400318	0.0752746211264852
-1.20970849709068	0.903451141717985
-0.953520584838084	0.467609220754721
-0.631264800472481	0.368963604290789
0.179274213223518	0.0454636418217038
0.160144755571284	0.0306956063740573
-3.07350260546998	0.94852963330217
-1.79346061997896	0.390723019452767
2.76109157462938	0.779871501961836
-1.79346061997896	0.390723019452767
-1.7934287506278	0.390727439150181
-1.79785205353169	0.391773074809323
-1.79346061997896	0.390723019452767
-1.11951983581622	0.337809535545767
-0.617875104469477	0.149400727468359
0.161251150232847	0.0308565698216007
1.47086646676889	0.49088731436037
-0.614206104379299	0.148455859250315
-0.613682540053849	0.148388769407339
-0.371935097142025	0.1538414278662
-3.07402416243152	0.948685276185543
-1.49247986516622	0.53011506511111
-1.80441616031176	0.733725050835279
-0.368772074797566	0.20510575317261
-0.771868759272902	0.503724891438167
0.173688120627949	0.075722075568917
0.388527434316377	0.197559427636836
-1.12086886051128	0.33811902750598
-0.325121870470423	0.0931632456849071
0.177501415059504	0.0608062606278489
-0.703264262088321	0.240508331840629
-0.613682540053849	0.148388769407339
-1.00340310411483	0.396780300923095
-1.64721819985336	0.923120875391115
-0.11762021548737	0.0419397186313975
-0.323664690407152	0.0927962418225715
-0.701407652969022	0.239760620804689
1.46964366147565	0.490422889690681
-0.493203251300823	0.185711768971633
0.182947574330898	0.0798896978570302
0.963214248695465	0.255090594573707
0.168910828881268	0.0579679737759373
0.554529317239519	0.201500781149606
2.13275419746116	0.963270597877117
1.0656018006057	0.407598291481118
0.631731290215496	0.33319039619242
0.181222403711057	0.0544586569816679
1.59396307748121	0.800750617552878
-0.320548811537412	0.09196618419473
0.183610895194862	0.0464322674344966
-1.1182849071041	0.337405124817419
-0.283617136845646	0.12875326115328
-0.957064509760511	0.469669003101731
0.551654521195964	0.200367304145546
-0.750568317636396	0.325105589639249
-0.504512185848928	0.190251785849138
-0.613682540053849	0.148388769407339
-0.324393158207149	0.0929933012825356
-1.49825523114142	0.532562193916483
-1.25358545594054	0.562549185434393
0.164778629348208	0.0313374327003096
0.183063896529214	0.0463401006276899
1.96276901321247	0.454520391574277
0.169566032486793	0.032038095111837
0.164625296117395	0.0313507498370328
0.179369859705814	0.0539368960907662
-1.79346061997896	0.390723019452767
-1.7934287506278	0.390727439150181
-2.57554526884402	0.666976966437407
3.64995436887393	1.44813448599007
1.96684138854469	0.455504908505281
0.160144755571284	0.0306956063740573
-1.79346061997896	0.390723019452767
0.179479941018599	0.0614871969929957
0.473589454725271	0.19241483097626
-1.00377782576872	0.397156038036369
-0.707465428768275	0.242033353320822
-0.497829058923719	0.187488525845502
-0.934722511877081	0.567645820751111
-1.81990622909434	1.13755106422583
-0.365376793227214	0.150864261510649
-0.329512287054466	0.094417417841927
1.35599982772491	0.600674346947817
1.36357386144239	0.604546054908895
-0.613682540053849	0.148388769407339
0.18011793418247	0.054112323705194
0.963743115659934	0.255236344279286
0.963214248695465	0.255090594573707
-0.372037301621695	0.207134813682766
-0.619069360213747	0.149654914653121
2.37233634454725	1.20117728690548
0.17899314570337	0.0538175920888867
0.688185381402826	0.219868290083128
0.84874813165367	0.361333340145203
0.818602002746328	0.494404980595227
-1.14149715556091	0.632242206559681
-1.00411148102229	0.396980173518311
-0.128976424631748	0.0458608977147569
0.548802214907851	0.199198529969934
-0.128580960692604	0.0457209220671756
-0.612487701707529	0.148134994320372
0.169248055862235	0.0319917175833404
-3.44754089021611	1.22379406077669
-0.0291649152071855	0.0126765505816759
-1.46333411656304	0.736086429582356
-1.80441616031176	0.733725050835279
1.48837489165499	0.938185007954384
-1.70803175435395	1.42084949209807
0.967933372585482	0.256362285789635
-1.50408363202708	0.535041876234331
1.96372117107544	0.45473924627511
-0.0644205635617909	0.0254571501544209
-1.79785205353169	0.391773074809323
2.76219840038386	0.780594539857824
-2.57522664974505	0.666917731403372
1.96276901321247	0.454520391574277
1.96276901321247	0.454520391574277
-1.7934287506278	0.390727439150181
-1.79346061997896	0.390723019452767
0.165088029467664	0.0313824661178469
-1.11760971687047	0.337077079720442
-1.79346061997896	0.390723019452767
-1.7934287506278	0.390727439150181
-0.614206104379299	0.148455859250315
0.173675896434513	0.0522954303204406
1.24521816488269	1.21728200823281
0.16660283396092	0.064475191849204
0.631244174481639	0.332809598075707
0.173775934469518	0.0929401728605412
0.0975336627386806	0.0665485194935417
-0.376428565421888	0.293273390846034
-0.286615199218208	0.130184805127086
0.181222403711057	0.0544586569816679
-0.612487701707529	0.148134994320372
-0.494158826533737	0.186015316820675
1.96372117107544	0.45473924627511
0.185813320888401	0.0557349268614171
2.76559849788836	0.78194178274137
-1.7934287506278	0.390727439150181
0.0429819881659756	0.0236207390077564
0.183063896529214	0.0463401006276899
0.183063896529214	0.0463401006276899
-0.513744679104078	0.194032522254057
0.311439363423599	0.214192756043466
0.161251150232847	0.0308565698216007
-1.1152634133402	0.336439469187697
-1.46518818847951	1.01473001178658
3.27752825134246	1.12202020233476
0.16619130625606	0.0315431724784316
0.165088029467664	0.0313824661178469
-1.7934287506278	0.390727439150181
1.0985005937707	0.677332734992285
-0.952033440677667	0.92387400744794
-0.124226356552131	0.0441913898094736
0.169605761924141	0.0825283217303454
-1.8110530709582	1.12875876807467
1.0516149872675	0.401512248410012
-0.614206104379299	0.148455859250315
1.96276901321247	0.454520391574277
-1.12019427196772	0.338020301365193
1.96372117107544	0.45473924627511
0.184971072095669	0.0467387603153735
1.96276901321247	0.454520391574277
1.96276901321247	0.454520391574277
0.962553055030982	0.254827961566665
0.164778629348208	0.0313374327003096
0.165880035481028	0.0314978449610492
-1.7934287506278	0.390727439150181
-1.79346061997896	0.390723019452767
-1.49756982395339	0.532388959419506
-1.7934287506278	0.390727439150181
-0.618535635333325	0.149538863092151
2.77014537202506	0.783552977740789
-1.7934287506278	0.390727439150181
0.175155035311403	0.0527334069281177
0.422015707983511	0.192477128997458
1.05767805940452	0.40430204105456
-2.26789780113541	1.14490604014222
0.176085816420128	0.0681705282084797
0.53922943345449	0.345500157181109
0.307350338133493	0.232765630668377
0.175155035311403	0.0527334069281177
0.688637326691298	0.220082192676685
0.16619130625606	0.0315431724784316
2.13241876013691	0.963156397926432
1.96372117107544	0.45473924627511
0.16619130625606	0.0315431724784316
2.76671632811135	0.782410087450427
0.164778629348208	0.0313374327003096
0.818809202075336	0.653260533399945
-2.57067328278635	0.665094197548339
0.184291063239428	0.0465991085839434
1.96372117107544	0.45473924627511
0.165880035481028	0.0314978449610492
0.16619130625606	0.0315431724784316
0.183610895194862	0.0464322674344966
0.689821397698691	0.220399946218977
3.27152519356808	1.11907150574555
-0.275961634255588	0.198150556669825
0.165088029467664	0.0313824661178469
0.179274213223518	0.0454636418217038
1.12762287252961	0.862303323985047
0.16619130625606	0.0315431724784316
-3.44754089021611	1.22379406077669
0.963214248695465	0.255090594573707
0.634947684760277	0.48520604918046
0.0577506425963937	0.0338589677031704
-0.495188624132318	0.186487217221814
-0.765731025893018	0.49882835748458
0.758826652569976	0.637457675127934
-2.57036588579023	0.664816582891659
-0.612487701707529	0.148134994320372
0.963078860472085	0.255236868510046
-3.44754089021611	1.22379406077669
-0.613682540053849	0.148388769407339
0.165088029467664	0.0313824661178469
1.96372117107544	0.45473924627511
0.963743115659934	0.255236344279286
0.161251150232847	0.0308565698216007
0.165880035481028	0.0314978449610492
2.76671632811135	0.782410087450427
-0.612487701707529	0.148134994320372
1.96684138854469	0.455504908505281
2.76219840038386	0.780594539857824
-0.073724423019638	0.0289995321134745
2.76330811440907	0.780761067286217
0.971794957260677	0.66110168376189
0.184714520252153	0.114365997701842
-2.27227384894236	1.1481795786924
-2.57067328278635	0.665094197548339
-0.705079552104026	0.241083874000361
1.47155078449581	0.491168545293048
-1.12019427196772	0.338020301365193
0.164625296117395	0.0313507498370328
1.96372117107544	0.45473924627511
-0.0260276377666897	0.011380481551415
-3.75046496352693	1.48199107071708
0.16619130625606	0.0315431724784316
-0.60895933746012	0.147406558741333
-3.07350260546998	0.94852963330217
0.964934921520073	0.255476948633611
2.76559849788836	0.78194178274137
0.964934921520073	0.255476948633611
-0.202976861420011	0.0653350306430413
-0.893648209677799	0.642097724661132
0.468648132091307	0.190251206068022
0.165088029467664	0.0313824661178469
0.170736372916729	0.0830235618116871
-0.618535635333325	0.149538863092151
1.96276901321247	0.454520391574277
1.96372117107544	0.45473924627511
0.813605069210167	0.491007927058019
0.175363569616283	0.0765482344425181
1.12626133663882	0.860623594444871
-0.580292405959418	0.275191572182977
0.933299136367261	0.508915121822028
-1.79346061997896	0.390723019452767
2.76671632811135	0.782410087450427
-2.57036588579023	0.664816582891659
0.165880035481028	0.0314978449610492
-1.7934287506278	0.390727439150181
0.165880035481028	0.0314978449610492
0.169248055862235	0.0319917175833404
0.169566032486793	0.032038095111837
2.76671632811135	0.782410087450427
0.165880035481028	0.0314978449610492
-1.7934287506278	0.390727439150181
0.183063896529214	0.0463401006276899
1.96276901321247	0.454520391574277
-0.611962616144159	0.147977912487881
1.96684138854469	0.455504908505281
1.96276901321247	0.454520391574277
0.417095052321074	0.189979485780762
0.572523256485165	0.334775206199306
0.174390187359423	0.0761162133819035
1.36066880319129	0.603371789765829
0.684701102955821	0.218657021719675
0.17231657402208	0.0666548669668037
1.47155078449581	0.491168545293048
2.76219840038386	0.780594539857824
0.164778629348208	0.0313374327003096
-2.57067328278635	0.665094197548339
-0.49681174781586	0.187219742194191
-0.613682540053849	0.148388769407339
0.183222271364428	0.0550052131678393
-3.07350260546998	0.94852963330217
1.96372117107544	0.45473924627511
3.27272750868887	1.11966450015405
0.165088029467664	0.0313824661178469
1.46341520408474	0.487915667204292
0.964934921520073	0.255476948633611
0.180484451327502	0.0542489043189748
0.183326277441054	0.0982962784528176
1.96276901321247	0.454520391574277
1.35348220382035	0.599165579425034
-0.0698755855518956	0.0275162464102779
1.06063740894654	0.405466440477548
1.47402323433779	0.492035659807906
0.963743115659934	0.255236344279286
-0.60895933746012	0.147406558741333
2.76671632811135	0.782410087450427
0.840157162185809	0.356960591621439
0.637091620169916	0.336663849404996
0.687453672774919	0.21969379736456
1.98052462432732	1.24703835564688
-0.627346424771132	0.366454509626679
0.549516086641495	0.199542874934359
0.963078860472085	0.255236868510046
0.964404580081594	0.255330782344719
-1.00448642825666	0.397437675069127
1.96276901321247	0.454520391574277
0.161251150232847	0.0308565698216007
0.164778629348208	0.0313374327003096
1.96372117107544	0.45473924627511
2.76109157462938	0.779871501961836
-3.0729809879685	0.948009080411761
0.164778629348208	0.0313374327003096
0.164778629348208	0.0313374327003096
1.96276901321247	0.454520391574277
0.160144755571284	0.0306956063740573
-0.321741768636823	0.0922885496388945
-1.7934287506278	0.390727439150181
0.16619130625606	0.0315431724784316
0.183610895194862	0.0464322674344966
0.691745806165962	0.221041871886146
1.84140390214436	0.726768879551614
1.83438379793333	0.723158469152769
0.160144755571284	0.0306956063740573
-1.49753171438992	0.532305096548695
0.963214248695465	0.255090594573707
4.18708100798078	2.03450641531836
0.165880035481028	0.0314978449610492
0.963743115659934	0.255236344279286
1.59892898617393	0.804344272198253
1.06486169296399	0.40740811103867
-0.326401042990741	0.0935670662480902
0.963214248695465	0.255090594573707
0.964934921520073	0.255476948633611
3.64995436887393	1.44813448599007
1.84022304372881	0.72612017307568
1.10800069128242	0.685524346972981
-0.325582325201124	0.0933470317045756
1.46585570298693	0.489030037475911
1.80512563394182	1.01928780972392
1.06651132055108	0.408020274883858
-0.709332223320457	0.242696342165543
-0.580292405959418	0.275191572182977
0.181222403711057	0.0544586569816679
0.172815300536377	0.059246231431734
1.34750987190741	0.595851826574986
-0.956093906046376	0.469927680828151
0.165088029467664	0.0313824661178469
0.687904703717867	0.219759625438134
1.58765223089749	0.796771398337474
1.06449307015235	0.407221804443696
-1.79346061997896	0.390723019452767
-1.7934287506278	0.390727439150181
0.165088029467664	0.0313824661178469
-1.79346061997896	0.390723019452767
-1.79346061997896	0.390723019452767
0.165880035481028	0.0314978449610492
0.178586346650125	0.0453095875153282
1.96684138854469	0.455504908505281
-1.7934287506278	0.390727439150181
1.96276901321247	0.454520391574277
0.968469219672053	0.25651021792255
-1.01112409524141	0.400552541255573
3.27272750868887	1.11966450015405
-0.7085818841146	0.242531688950869
-2.57522664974505	0.666917731403372
0.0236942169236728	0.0120141730163335
-0.972633248096667	0.479842705069958
0.181837521716867	0.0460537144756759
1.06264198810457	0.406540438452512
0.692932973591989	0.221383018666362
1.96276901321247	0.454520391574277
-0.770379760065311	0.415318693628783
1.02144208407484	0.842283271559195
0.84714118293522	0.36030412348005
-0.467765599002817	0.242311767788319
0.317991493870282	0.231278309532352
1.35064130120685	0.597863106700744
1.46964366147565	0.490422889690681
-1.7934287506278	0.390727439150181
-0.608428787479893	0.147248610626808
-2.57067328278635	0.665094197548339
0.165088029467664	0.0313824661178469
0.169248055862235	0.0319917175833404
0.169566032486793	0.032038095111837
1.96372117107544	0.45473924627511
1.35960435833631	0.602767583717152
1.47078449590325	0.490854051681038
3.27752825134246	1.12202020233476
-1.1152634133402	0.336439469187697
-0.619069360213747	0.149654914653121
-2.57067328278635	0.665094197548339
0.963214248695465	0.255090594573707
0.0123545581921948	0.00642872393217998
-0.702142591343233	0.240009967793785
3.64871284900552	1.44691597652701
2.13460629217846	0.96446244584926
1.96684138854469	0.455504908505281
-0.744824966604454	0.322057504500445
-0.312089305145935	0.18502050087975
1.59721287836547	0.803147695445306
0.633383733403122	0.334644866521731
-0.788880324617897	0.602375650437879
2.76330811440907	0.780761067286217
-1.79346061997896	0.390723019452767
1.96276901321247	0.454520391574277
0.169570842988667	0.0581880998558025
-2.57098043849301	0.664920470822356
0.164778629348208	0.0313374327003096
0.165880035481028	0.0314978449610492
0.165880035481028	0.0314978449610492
1.96684138854469	0.455504908505281
0.16619130625606	0.0315431724784316
2.76671632811135	0.782410087450427
1.47032706033056	0.490703617760438
0.686626809163374	0.219374653716057
1.96276901321247	0.454520391574277
0.179369859705814	0.0539368960907662
0.164778629348208	0.0313374327003096
-1.7934287506278	0.390727439150181
-0.363831939479336	0.150156336394098
0.169566032486793	0.032038095111837
3.64742237939513	1.44635997008149
2.37339386915951	1.20212113107729
2.76219840038386	0.780594539857824
-1.7934287506278	0.390727439150181
0.417095052321074	0.189979485780762
-1.06627696671582	0.717830524772189
-0.203686449811516	0.0655556144258791
0.837818282577269	0.355785005700546
-0.588113324008147	0.27951214651156
1.46842163094462	0.489769078028611
0.169566032486793	0.032038095111837
-1.1182849071041	0.337405124817419
-2.57036588579023	0.664816582891659
-1.7934287506278	0.390727439150181
1.96372117107544	0.45473924627511
0.169566032486793	0.032038095111837
-1.7934287506278	0.390727439150181
0.164778629348208	0.0313374327003096
-2.57067328278635	0.665094197548339
0.16619130625606	0.0315431724784316
2.59361297827505	1.45898640615696
0.16619130625606	0.0315431724784316
0.843422236893639	0.358554124858322
0.963743115659934	0.255236344279286
-1.11963574652263	0.337715170908198
0.426911587733147	0.194755606409184
0.161251150232847	0.0308565698216007
0.680421237638035	0.217245422782273
0.180484451327502	0.0542489043189748
0.184291063239428	0.0465991085839434
-2.57067328278635	0.665094197548339
1.84570196896662	0.728945119955139
1.29694224603895	0.720632879630045
1.78865444859473	1.3994316544386
-0.376777724539208	0.210308578576037
-0.199375130069166	0.0642110833299033
-0.783634529394889	0.513563714186701
-1.49778257857282	0.532153748454207
-0.614206104379299	0.148455859250315
0.165088029467664	0.0313824661178469
-0.614345716129905	0.14867066764313
-1.79346061997896	0.390723019452767
0.161251150232847	0.0308565698216007
1.96372117107544	0.45473924627511
1.96372117107544	0.45473924627511
1.96372117107544	0.45473924627511
0.160144755571284	0.0306956063740573
-0.698670682702589	0.238794577468402
0.16619130625606	0.0315431724784316
2.13131604551435	0.962399255685912
-0.126457618842804	0.0449391518405078
-0.325582325201124	0.0933470317045756
0.164778629348208	0.0313374327003096
0.842402125588977	0.357919130643033
0.182384642090162	0.0461735738884295
0.17863134392367	0.0537118645556901
-0.611962616144159	0.147977912487881
0.967271104517323	0.256176548116206
-1.80255467315262	0.73276942485064
-0.502166281046843	0.189377225365948
0.714321090143219	0.337106053074465
-1.47190351194253	0.742148154121523
0.682339311812087	0.217953944354753
1.47086646676889	0.49088731436037
0.549516086641495	0.199542874934359
0.688185381402826	0.219868290083128
1.05952860814689	0.405011691745652
-1.79346061997896	0.390723019452767
1.96372117107544	0.45473924627511
3.27393157336313	1.11982869858365
0.687904703717867	0.219759625438134
1.58765223089749	0.796771398337474
-0.19866808684961	0.0640066499155127
0.182384642090162	0.0461735738884295
1.96372117107544	0.45473924627511
0.181837521716867	0.0460537144756759
-0.119838421507322	0.0427012024156546
1.05841937425473	0.404493015312573
0.169566032486793	0.032038095111837
0.551654521195964	0.200367304145546
0.180107983152346	0.0541465694868784
1.05952860814689	0.405011691745652
0.184971072095669	0.0467387603153735
-0.192291270763335	0.06199269927475
0.941127157529976	0.823246784945486
1.05235833798367	0.401844810202421
0.550942476833057	0.200036223470925
0.180107983152346	0.0541465694868784
0.477003447766969	0.193871371264528
0.16619130625606	0.0315431724784316
-1.11951983581622	0.337809535545767
0.365325732822483	0.205144306595388
-0.194443769853819	0.0626542518681332
2.77878915233719	1.72422357212541
1.05878746464103	0.40482083139178
0.174866744414616	0.0599504088128746
0.184291063239428	0.0465991085839434
0.178049240810411	0.0452053813438565
-0.739205110261495	0.319270346381129
-1.1182849071041	0.337405124817419
2.76330811440907	0.780761067286217
-1.7934287506278	0.390727439150181
-1.79785205353169	0.391773074809323
0.17899314570337	0.0538175920888867
2.76109157462938	0.779871501961836
-1.79346061997896	0.390723019452767
1.96372117107544	0.45473924627511
1.96276901321247	0.454520391574277
1.84184770666887	0.726890218717793
0.713825310959767	0.337379497947728
0.549872383663091	0.199625186867885
0.166205005811447	0.0570360224695277
0.691293725798235	0.220916760169014
-1.12019427196772	0.338020301365193
0.186752657299631	0.0471525522204707
-3.0729809879685	0.948009080411761
-3.7511927754544	1.4825089606666
-3.7511927754544	1.4825089606666
-1.1152634133402	0.336439469187697
0.963214248695465	0.255090594573707
0.963743115659934	0.255236344279286
1.47032706033056	0.490703617760438
1.34851642605711	0.596292636137016
0.692481142426252	0.221366284684109
-0.119439740301372	0.0425627602260846
-0.0742377019042414	0.0291945890329474
-0.0288629774145892	0.0125432335693926
2.76219840038386	0.780594539857824
0.963214248695465	0.255090594573707
-1.14609423039714	0.636788613507516
-2.06091075272129	0.940131737105375
0.46306655364777	0.187776589424895
1.05989643717056	0.405275695027378
0.169248055862235	0.0319917175833404
0.479787385949075	0.195135116565142
0.473621000107254	0.192428280308282
-0.498493518746738	0.187923773703768
-2.04755645131174	0.931787975309293
0.179731047800424	0.0540108619593111
-1.25282348419083	0.562015024066232
-0.498201158890918	0.187691502941451
0.16619130625606	0.0315431724784316
-3.07402416243152	0.948685276185543
1.47525146835293	0.492648627415429
-0.612487701707529	0.148134994320372
-0.619069360213747	0.149654914653121
0.165880035481028	0.0314978449610492
-2.57067328278635	0.665094197548339
1.96372117107544	0.45473924627511
-1.79346061997896	0.390723019452767
1.96372117107544	0.45473924627511
0.165088029467664	0.0313824661178469
1.4745635305468	0.492365493098567
0.182384642090162	0.0461735738884295
0.175528710194884	0.0601682623632123
-0.509810363913967	0.192412302708023
0.387180977982477	0.196813840770161
1.34886052544281	0.596542879120315
2.76330811440907	0.780761067286217
-1.11760971687047	0.337077079720442
-1.80441616031176	0.733725050835279
-1.79580215183768	0.728927756357995
-1.25347193887989	0.562872615625383
0.180107983152346	0.0541465694868784
1.59690016581137	0.803005891193071
0.846123820020908	0.359830157453413
0.966736740010186	0.256029100393941
0.174567931745634	0.0598240637323324
0.181837521716867	0.0460537144756759
0.183960045070368	0.0552151922972765
0.188209072837067	0.0563932249652722
-0.0654463523929521	0.0258439461052445
0.468827722244206	0.190230448930594
0.182384642090162	0.0461735738884295
-0.280518170667367	0.127143623173346
1.84022304372881	0.72612017307568
-0.375483922760006	0.155332975861935
-0.613682540053849	0.148388769407339
-0.7085818841146	0.242531688950869
-1.8018209860465	0.732336264923416
-0.202615613594689	0.0652232518828875
-0.370393338064475	0.153177348451851
-0.0733230219453967	0.0288114204306004
-1.1258777723839	0.339888304991231
-2.45674984921343	1.36613901835742
0.168703934281002	0.0653025262066088
-3.07454565876188	0.948489134275984
1.84140390214436	0.726768879551614
1.08074896976431	0.527239452172004
1.96276901321247	0.454520391574277
0.963743115659934	0.255236344279286
0.183063896529214	0.0463401006276899
1.47032706033056	0.490703617760438
-1.79346061997896	0.390723019452767
1.96276901321247	0.454520391574277
-0.614206104379299	0.148455859250315
1.96276901321247	0.454520391574277
1.96684138854469	0.455504908505281
1.96276901321247	0.454520391574277
1.96276901321247	0.454520391574277
0.180869771083221	0.0619402640495967
0.18374299244507	0.0464795790495071
1.05878746464103	0.40482083139178
0.549225010517651	0.199456707208777
0.404417847422713	0.183596294640541
0.17133310499009	0.0662650406914928
-0.759806278366381	0.408300353791245
2.13883702891477	0.967128437748762
1.63964535952564	1.15177068882352
1.46964366147565	0.490422889690681
-0.702142591343233	0.240009967793785
-0.322531979477701	0.0924829364174853
-1.25847725986996	0.565797109462532
3.94524209007654	1.74713132583643
-0.326043908260378	0.0934449166225896
1.59690016581137	0.803005891193071
0.184971072095669	0.0467387603153735
0.692481142426252	0.221366284684109
-0.744824966604454	0.322057504500445
-0.490858121984585	0.184753547441339
-1.65932293316474	0.934488882921465
0.723933132238692	0.342825309556924
-0.749356140710198	0.324535436720139
-0.961190497528217	0.472841360511926
-0.465815035231061	0.241308658320707
0.17863134392367	0.0537118645556901
-0.320548811537412	0.09196618419473
1.06264198810457	0.406540438452512
-0.923383396569181	0.557860977279218
1.46964366147565	0.490422889690681
1.84140390214436	0.726768879551614
0.846171628001674	0.359694731462397
1.58932551992224	0.797901086619759
0.0151001298465852	0.00778080012595731
0.17428253189649	0.067415215827049
-3.74551962293396	1.47870416259712
0.169566032486793	0.032038095111837
-1.12519556185123	0.339754109482426
0.165880035481028	0.0314978449610492
-0.612487701707529	0.148134994320372
0.186752657299631	0.0471525522204707
2.76671632811135	0.782410087450427
1.84066711299049	0.726365639107333
1.84184770666887	0.726890218717793
0.718291366906206	0.33951293010194
0.177362298643623	0.0450515694227369
0.175178362518486	0.0763945507496054
2.76330811440907	0.780761067286217
1.60354892267195	0.807720556739198
1.30680067188071	0.728659933832861
0.838480859620841	0.356210298702787
-0.613682540053849	0.148388769407339
-0.706728811590437	0.241764690191015
0.179369859705814	0.0539368960907662
-0.327498449554433	0.0938114370055266
0.848390137942497	0.36112999220408
0.182515705814395	0.0461929473161663
-0.195896300806791	0.0631110974355499
-0.325121870470423	0.0931632456849071
-0.702877915558576	0.240204037136345
-0.19866808684961	0.0640066499155127
-0.495848105642275	0.186769649159627
-0.0758647410219979	0.0297685356656659
0.715354072373577	0.337640045971338
0.168550105131561	0.0578455983856731
-1.80754297960925	1.12598218528817
-1.12519556185123	0.339754109482426
-0.498201158890918	0.187691502941451
0.844796816473284	0.359284495888571
-0.280202214428678	0.127151933464255
0.85042709926287	0.362163990330178
-0.495476598007788	0.186560284391804
-0.210071767677059	0.0675314693327457
0.468214453891579	0.189971319278414
4.18934074145553	2.03655237370426
-1.01507902194208	0.402491912396081
-0.204757848785698	0.0658672528023289
-0.124619577057719	0.0695190922927344
0.165880035481028	0.0314978449610492
2.76559849788836	0.78194178274137
1.96372117107544	0.45473924627511
1.4646350690462	0.48856709745013
1.96372117107544	0.45473924627511
2.76330811440907	0.780761067286217
0.691293725798235	0.220916760169014
0.842756897055983	0.358214727221788
0.181222403711057	0.0544586569816679
0.963214248695465	0.255090594573707
1.47579162106182	0.492713238749138
0.550585584584045	0.199969616725774
1.96372117107544	0.45473924627511
-0.325582325201124	0.0933470317045756
0.177362298643623	0.0450515694227369
-0.201906699363454	0.0650030146049408
0.169055769665861	0.0509845854978933
0.171088689990155	0.0436215883182389
0.923094553390096	0.501876415370573
0.180107983152346	0.0541465694868784
0.967933372585482	0.256362285789635
-0.120997139312212	0.0430709107859007
-0.503483382578555	0.189906433790702
-4.00445759317147	1.73529487098312
-0.703264262088321	0.240508331840629
-0.370346829638476	0.152977788998958
0.180484451327502	0.0542489043189748
1.4745635305468	0.492365493098567
0.689821397698691	0.220399946218977
0.626853605634534	0.329856829860852
0.687453672774919	0.21969379736456
-1.25424497835742	0.562892657997906
-1.79346061997896	0.390723019452767
0.16619130625606	0.0315431724784316
-0.613682540053849	0.148388769407339
0.180484451327502	0.0542489043189748
0.687904703717867	0.219759625438134
0.539245057444731	0.195523725648339
0.179369859705814	0.0539368960907662
-0.290515013009557	0.131970333361939
3.27631781619437	1.12171855032085
-0.492545799481847	0.185468080029724
0.469602716565917	0.190601252697973
-1.1182849071041	0.337405124817419
0.17231657402208	0.0666548669668037
-1.79766606524237	0.730020629935894
0.545282959725496	0.197930364047729
-0.581797112652481	0.27596306596272
-0.961747935591229	0.473112121221655
-1.79839826083819	0.730397358466732
-3.07875719123617	0.951227905765892
-0.000824191370312104	0.000466198568659029
0.181159179759352	0.0458876218072277
-0.165606277246312	0.0875072017310385
0.175229935098753	0.0600621684845024
-0.613158918177153	0.148231887572971
0.688637326691298	0.220082192676685
-1.12026119291491	0.338168680078347
-3.45796583598768	1.22919156297893
-0.0682814166351455	0.0269342393394031
0.164778629348208	0.0313374327003096
0.164625296117395	0.0313507498370328
1.96372117107544	0.45473924627511
0.962553055030982	0.254827961566665
1.96372117107544	0.45473924627511
0.187300583927818	0.0472598613580206
-0.614206104379299	0.148455859250315
0.962553055030982	0.254827961566665
-0.199739594795254	0.0643228222061803
0.175528710194884	0.0601682623632123
-0.198045826596271	0.0637553577032532
0.71488495209138	0.337542222598651
-0.49650800501461	0.187033371669453
-1.7934287506278	0.390727439150181
-0.325582325201124	0.0933470317045756
-1.95894248908072	1.34797395410852
-1.79346061997896	0.390723019452767
-0.7085818841146	0.242531688950869
-0.325663137440616	0.0933864485177264
-0.707845094848957	0.242262716671496
0.693216225774344	0.221541872050593
-0.66062386206942	0.457906927606414
0.160741494041233	0.0622475839335988
-0.585109023877585	0.278047246717244
0.816427436488212	0.493308681253452
1.96276901321247	0.454520391574277
-1.79346061997896	0.390723019452767
-3.07350260546998	0.94852963330217
-0.702529153090903	0.24025873050893
1.96372117107544	0.45473924627511
1.47155078449581	0.491168545293048
1.96372117107544	0.45473924627511
1.96276901321247	0.454520391574277
1.83556105705841	0.723803926717143
-1.79346061997896	0.390723019452767
3.64371154631014	1.44368517222673
-2.57522664974505	0.666917731403372
2.76330811440907	0.780761067286217
1.47333622017027	0.491753136545405
0.177135608349328	0.0685365301350542
-2.57554526884402	0.666976966437407
0.183222271364428	0.0550052131678393
-1.25782089316011	0.565430196965056
-1.49175325085157	0.529773188260123
-0.611962616144159	0.147977912487881
-0.961069356393055	0.47274486368638
0.165880035481028	0.0314978449610492
-0.744216121275988	0.321768796683503
0.178119161637624	0.0689044167978421
-0.0283996090077808	0.0123550635042398
-0.0459556424610063	0.0196450140191768
-0.923830666697089	0.558201500584246
0.186069807523728	0.046984734903896
-0.611962616144159	0.147977912487881
3.64995436887393	1.44813448599007
-2.04716996398721	0.931539307482038
-1.7934287506278	0.390727439150181
2.76559849788836	0.78194178274137
-0.614206104379299	0.148455859250315
0.187984352048437	0.0474280610765032
0.16619130625606	0.0315431724784316
-1.79346061997896	0.390723019452767
-1.50774474493265	0.536593235425421
0.548515509988744	0.199132914018316
-1.26208693202568	0.567602012202716
-0.619069360213747	0.149654914653121
-0.617339897765464	0.149284387408846
-1.13978151585776	0.632169863545236
-1.82316121224174	1.14161251785731
-1.47190351194253	0.742148154121523
-1.46231717543192	0.735116002376577
-0.0289175656070631	0.0125655092808503
-2.62047230199638	1.60058678095261
-0.32531700249348	0.0932194330065639
0.164778629348208	0.0313374327003096
0.186752657299631	0.0471525522204707
-1.11896025029368	0.337616084496264
2.76219840038386	0.780594539857824
0.165088029467664	0.0313824661178469
1.60218197822222	0.80642049141541
-0.32485451718176	0.0931499749349684
0.161251150232847	0.0308565698216007
0.963743115659934	0.255236344279286
0.164778629348208	0.0313374327003096
-1.01507902194208	0.402491912396081
0.717874117611946	0.339372346040594
-2.57067328278635	0.665094197548339
-1.46617586367611	0.737799364206718
-0.613012730411062	0.148202450577793
-0.701794429638729	0.239974906557054
-3.44754089021611	1.22379406077669
-1.13091688302283	0.34155410743896
-1.11951983581622	0.337809535545767
-0.00423989757052001	0.00198802068658185
-0.680375318332081	0.536186616047238
0.166848452031992	0.0728069562699596
-0.215662465267293	0.106435109658886
-0.380996675097898	0.260285206481662
1.06063740894654	0.405466440477548
1.46910411205871	0.490049168285487
0.963743115659934	0.255236344279286
-2.57036588579023	0.664816582891659
0.179274213223518	0.0454636418217038
0.963214248695465	0.255090594573707
-0.611962616144159	0.147977912487881
0.68278086909504	0.218093717626154
-0.613158918177153	0.148231887572971
-0.202615613594689	0.0652232518828875
0.183063896529214	0.0463401006276899
-0.324393158207149	0.0929933012825356
-0.495848105642275	0.186769649159627
-2.57098043849301	0.664920470822356
-3.44754089021611	1.22379406077669
3.27152519356808	1.11907150574555
-3.44619623148129	1.2226326390086
0.174045724149933	0.0524237595938313
1.84184770666887	0.726890218717793
1.79955013630579	1.01454475923101
0.849051344453761	0.361335510776158
0.72984247026227	0.346063735708063
-1.12396372987595	0.33934973605565
-1.12019427196772	0.338020301365193
1.05693634570001	0.403813519694082
0.964404580081594	0.255330782344719
1.96276901321247	0.454520391574277
0.688637326691298	0.220082192676685
1.84140390214436	0.726768879551614
-1.79346061997896	0.390723019452767
-2.57098043849301	0.664920470822356
0.963743115659934	0.255236344279286
-0.49650800501461	0.187033371669453
0.182384642090162	0.0461735738884295
0.183610895194862	0.0464322674344966
-1.00943392667062	0.399735935116325
3.65119667594504	1.44884031306495
3.64995436887393	1.44813448599007
-0.325582325201124	0.0933470317045756
0.165880035481028	0.0314978449610492
0.682339311812087	0.217953944354753
-0.326043908260378	0.0934449166225896
-0.114836999915269	0.0409889290231566
-1.0016546506687	0.39600963496329
0.165880035481028	0.0314978449610492
3.27152519356808	1.11907150574555
-0.701794429638729	0.239974906557054
-2.57036588579023	0.664816582891659
-2.57554526884402	0.666976966437407
-2.57067328278635	0.665094197548339
-2.57067328278635	0.665094197548339
-0.613682540053849	0.148388769407339
0.165088029467664	0.0313824661178469
-1.11951983581622	0.337809535545767
-0.32485451718176	0.0931499749349684
0.165088029467664	0.0313824661178469
-1.12086886051128	0.33811902750598
0.174415063218798	0.0525132560977555
-3.07402416243152	0.948685276185543
1.47086646676889	0.49088731436037
0.165880035481028	0.0314978449610492
1.47086646676889	0.49088731436037
-3.7511927754544	1.4825089606666
-1.7934287506278	0.390727439150181
1.96372117107544	0.45473924627511
1.47086646676889	0.49088731436037
-0.612487701707529	0.148134994320372
0.165088029467664	0.0313824661178469
-0.609489833121369	0.147475344257464
0.687904703717867	0.219759625438134
-2.57098043849301	0.664920470822356
0.165088029467664	0.0313824661178469
-1.7934287506278	0.390727439150181
1.96276901321247	0.454520391574277
1.96684138854469	0.455504908505281
0.688637326691298	0.220082192676685
-1.12328075924743	0.339047939506251
0.164778629348208	0.0313374327003096
-0.613158918177153	0.148231887572971
0.963078860472085	0.255236868510046
-1.7934287506278	0.390727439150181
0.164778629348208	0.0313374327003096
0.165088029467664	0.0313824661178469
0.16619130625606	0.0315431724784316
0.962025660417238	0.254682745005495
-0.612487701707529	0.148134994320372
1.96276901321247	0.454520391574277
-3.45171499640176	1.22586147893993
-2.57067328278635	0.665094197548339
-0.613158918177153	0.148231887572971
0.964404580081594	0.255330782344719
3.27272750868887	1.11966450015405
0.177362298643623	0.0450515694227369
4.19619873269762	2.03937952792896
1.46910411205871	0.490049168285487
1.47155078449581	0.491168545293048
2.76219840038386	0.780594539857824
-1.79346061997896	0.390723019452767
-1.7934287506278	0.390727439150181
-1.79346061997896	0.390723019452767
1.96372117107544	0.45473924627511
0.164778629348208	0.0313374327003096
0.164778629348208	0.0313374327003096
-0.617339897765464	0.149284387408846
1.96372117107544	0.45473924627511
0.963214248695465	0.255090594573707
2.76671632811135	0.782410087450427
0.843777178831012	0.35876995680636
0.164778629348208	0.0313374327003096
0.165088029467664	0.0313824661178469
0.16619130625606	0.0315431724784316
2.76330811440907	0.780761067286217
-1.79346061997896	0.390723019452767
0.165880035481028	0.0314978449610492
-0.619069360213747	0.149654914653121
-0.612487701707529	0.148134994320372
0.161251150232847	0.0308565698216007
0.184971072095669	0.0467387603153735
0.164778629348208	0.0313374327003096
1.96372117107544	0.45473924627511
1.47032706033056	0.490703617760438
-0.611962616144159	0.147977912487881
0.164778629348208	0.0313374327003096
0.165880035481028	0.0314978449610492
0.184291063239428	0.0465991085839434
0.164778629348208	0.0313374327003096
-2.57067328278635	0.665094197548339
-1.7934287506278	0.390727439150181
0.165880035481028	0.0314978449610492
-2.57067328278635	0.665094197548339
-0.324393158207149	0.0929933012825356
-1.79785205353169	0.391773074809323
-1.7934287506278	0.390727439150181
-0.611962616144159	0.147977912487881
-3.44754089021611	1.22379406077669
0.963743115659934	0.255236344279286
0.186752657299631	0.0471525522204707
1.46964366147565	0.490422889690681
1.47032706033056	0.490703617760438
1.96276901321247	0.454520391574277
-1.79913083573714	0.730688065905454
-0.613804976594409	0.148553206549543
-1.7934287506278	0.390727439150181
-1.79346061997896	0.390723019452767
-2.57098043849301	0.664920470822356
0.18374299244507	0.0464795790495071
-1.1245135089551	0.339452387639693
-0.617339897765464	0.149284387408846
0.165880035481028	0.0314978449610492
0.690559056864311	0.220592978829305
0.964934921520073	0.255476948633611
0.165880035481028	0.0314978449610492
1.96372117107544	0.45473924627511
3.648660887427	1.44649464979281
1.46842163094462	0.489769078028611
0.16619130625606	0.0315431724784316
0.966736740010186	0.256029100393941
0.165880035481028	0.0314978449610492
1.47277528463141	0.49146011988965
-0.321741768636823	0.0922885496388945
0.962025660417238	0.254682745005495
0.164778629348208	0.0313374327003096
-1.7934287506278	0.390727439150181
1.96276901321247	0.454520391574277
2.76559849788836	0.78194178274137
-1.7934287506278	0.390727439150181
1.96684138854469	0.455504908505281
1.96684138854469	0.455504908505281
0.165880035481028	0.0314978449610492
1.96372117107544	0.45473924627511
0.165088029467664	0.0313824661178469
2.76219840038386	0.780594539857824
0.165880035481028	0.0314978449610492
2.76219840038386	0.780594539857824
3.64995436887393	1.44813448599007
3.27152519356808	1.11907150574555
0.165880035481028	0.0314978449610492
-2.57067328278635	0.665094197548339
-1.79785205353169	0.391773074809323
-2.57554526884402	0.666976966437407
1.96276901321247	0.454520391574277
1.96276901321247	0.454520391574277
1.96372117107544	0.45473924627511
-2.57067328278635	0.665094197548339
0.165088029467664	0.0313824661178469
2.76219840038386	0.780594539857824
0.16619130625606	0.0315431724784316
2.76109157462938	0.779871501961836
2.76330811440907	0.780761067286217
2.76330811440907	0.780761067286217
-1.79346061997896	0.390723019452767
0.967933372585482	0.256362285789635
2.76109157462938	0.779871501961836
1.96276901321247	0.454520391574277
-0.613158918177153	0.148231887572971
-0.613012730411062	0.148202450577793
0.687453672774919	0.21969379736456
-1.7934287506278	0.390727439150181
1.96372117107544	0.45473924627511
1.96684138854469	0.455504908505281
1.47155078449581	0.491168545293048
0.161251150232847	0.0308565698216007
-1.79346061997896	0.390723019452767
2.76330811440907	0.780761067286217
-1.79346061997896	0.390723019452767
1.96276901321247	0.454520391574277
0.164625296117395	0.0313507498370328
1.96372117107544	0.45473924627511
1.96276901321247	0.454520391574277
-0.619069360213747	0.149654914653121
-2.57036588579023	0.664816582891659
2.76219840038386	0.780594539857824
0.966736740010186	0.256029100393941
0.169248055862235	0.0319917175833404
0.165088029467664	0.0313824661178469
-0.614206104379299	0.148455859250315
-1.79346061997896	0.390723019452767
1.96276901321247	0.454520391574277
1.96372117107544	0.45473924627511
0.165880035481028	0.0314978449610492
1.96372117107544	0.45473924627511
0.958352222975233	0.253964848564806
2.76219840038386	0.780594539857824
0.962025660417238	0.254682745005495
0.165880035481028	0.0314978449610492
-0.612487701707529	0.148134994320372
0.165880035481028	0.0314978449610492
0.16619130625606	0.0315431724784316
1.96372117107544	0.45473924627511
0.16619130625606	0.0315431724784316
0.165880035481028	0.0314978449610492
0.169248055862235	0.0319917175833404
1.96372117107544	0.45473924627511
0.164778629348208	0.0313374327003096
2.76109157462938	0.779871501961836
-0.611962616144159	0.147977912487881
0.165880035481028	0.0314978449610492
0.165088029467664	0.0313824661178469
-1.79346061997896	0.390723019452767
0.164778629348208	0.0313374327003096
1.96372117107544	0.45473924627511
1.96276901321247	0.454520391574277
0.962025660417238	0.254682745005495
-1.79785205353169	0.391773074809323
-1.79346061997896	0.390723019452767
1.96372117107544	0.45473924627511
0.165088029467664	0.0313824661178469
0.187435346122179	0.047292837125537
0.16619130625606	0.0315431724784316
0.964934921520073	0.255476948633611
-2.57067328278635	0.665094197548339
0.164778629348208	0.0313374327003096
0.16619130625606	0.0315431724784316
1.96372117107544	0.45473924627511
-1.7934287506278	0.390727439150181
-0.612487701707529	0.148134994320372
-1.79346061997896	0.390723019452767
1.96276901321247	0.454520391574277
1.96372117107544	0.45473924627511
1.96372117107544	0.45473924627511
1.96276901321247	0.454520391574277
0.164778629348208	0.0313374327003096
0.962025660417238	0.254682745005495
-1.11951983581622	0.337809535545767
1.96276901321247	0.454520391574277
-0.614206104379299	0.148455859250315
-1.12019427196772	0.338020301365193
-1.79346061997896	0.390723019452767
0.165088029467664	0.0313824661178469
0.169248055862235	0.0319917175833404
0.16619130625606	0.0315431724784316
0.966736740010186	0.256029100393941
-2.57554526884402	0.666976966437407
1.96276901321247	0.454520391574277
1.96276901321247	0.454520391574277
1.96276901321247	0.454520391574277
0.165088029467664	0.0313824661178469
2.76109157462938	0.779871501961836
0.165088029467664	0.0313824661178469
-1.79346061997896	0.390723019452767
0.165880035481028	0.0314978449610492
0.687904703717867	0.219759625438134
0.16619130625606	0.0315431724784316
0.962025660417238	0.254682745005495
2.76671632811135	0.782410087450427
-1.79346061997896	0.390723019452767
1.96276901321247	0.454520391574277
1.96276901321247	0.454520391574277
1.96276901321247	0.454520391574277
0.165880035481028	0.0314978449610492
0.164778629348208	0.0313374327003096
-0.613682540053849	0.148388769407339
-1.79346061997896	0.390723019452767
-4.00592888222847	1.73558613901287
-1.65488153249387	0.930549450829535
0.18374299244507	0.0464795790495071
-0.612487701707529	0.148134994320372
-0.32485451718176	0.0931499749349684
3.94524209007654	1.74713132583643
1.35348220382035	0.599165579425034
0.963214248695465	0.255090594573707
-0.618535635333325	0.149538863092151
0.554888698626794	0.201570551690915
0.176139035531232	0.0447669868764769
0.161251150232847	0.0308565698216007
3.27272750868887	1.11966450015405
0.164778629348208	0.0313374327003096
1.96372117107544	0.45473924627511
0.164625296117395	0.0313507498370328
0.847066444986921	0.360326317513944
1.83948692258838	0.725717515665962
0.178254851579563	0.0536080680261321
0.164778629348208	0.0313374327003096
-0.19265924146981	0.0621226000055922
0.181159179759352	0.0458876218072277
-0.617875104469477	0.149400727468359
0.182384642090162	0.0461735738884295
-2.57098043849301	0.664920470822356
-0.13075416589023	0.046499618535847
-0.326771057218117	0.0936418390224184
0.179479941018599	0.0614871969929957
-0.32485451718176	0.0931499749349684
-0.619069360213747	0.149654914653121
-0.612487701707529	0.148134994320372
-2.57067328278635	0.665094197548339
0.184716497901306	0.0554075708253118
-1.7934287506278	0.390727439150181
-0.370908459446938	0.153216945134065
0.176151715208171	0.0681554302009089
0.187074644529373	0.100402948794337
-0.0811425477812152	0.0317943668886758
3.27631781619437	1.12171855032085
2.76219840038386	0.780594539857824
2.76109157462938	0.779871501961836
0.468041971492069	0.190033400267489
0.692481142426252	0.221366284684109
-0.613682540053849	0.148388769407339
-3.07402416243152	0.948685276185543
-2.57554526884402	0.666976966437407
-0.497540036768389	0.187445875024767
0.0145240994180261	0.00748040840822905
-4.39405755771782	2.22936964350689
-0.32485451718176	0.0931499749349684
0.683520003518989	0.218340470189805
0.174843743002118	0.0676263865109378
-0.703604701863641	0.240656194919364
1.05878746464103	0.40482083139178
-2.57036588579023	0.664816582891659
-0.613682540053849	0.148388769407339
1.46964366147565	0.490422889690681
-2.57067328278635	0.665094197548339
-0.0298274185503677	0.0129438400974296
-0.212003912055943	0.104400225131815
-2.45163358129908	1.36141516097799
0.172246622113128	0.0666906896215397
-0.77970849662424	0.593523987621491
1.96276901321247	0.454520391574277
-1.7934287506278	0.390727439150181
0.963214248695465	0.255090594573707
-0.614206104379299	0.148455859250315
0.17388527997155	0.0596222487809083
-1.25650939685316	0.564458084631867
-1.01084929511225	0.400388606838382
0.187984352048437	0.0474280610765032
0.187984352048437	0.0474280610765032
0.687001483078787	0.219402881860221
0.18374299244507	0.0464795790495071
0.182384642090162	0.0461735738884295
0.842784839680697	0.358338111013329
-0.709319061175721	0.242738363206193
0.964934921520073	0.255476948633611
1.47078449590325	0.490854051681038
0.165880035481028	0.0314978449610492
-0.321280223120013	0.0921368657574935
-1.00473482077482	0.397604363143975
-3.75264910584631	1.48269475206903
-0.316681892694892	0.0908861067323367
0.178820853869998	0.0612698080138397
-1.80255467315262	0.73276942485064
0.632212154631025	0.333499052061704
-0.124226356552131	0.0441913898094736
1.47086646676889	0.49088731436037
1.11169495811111	0.687888014484022
-4.00008448853862	1.73222233027689
3.648660887427	1.44649464979281
-0.324393158207149	0.0929933012825356
-1.49608539149807	0.531478987360942
-0.704722398968598	0.241062538843187
-1.79799823071143	0.730058439715731
-1.49705816852235	0.532032217355669
-1.00448642825666	0.397437675069127
-0.763523759236251	0.411247425236276
-2.27058188445624	1.14678973662422
-1.1182849071041	0.337405124817419
-1.8018209860465	0.732336264923416
0.181837521716867	0.0460537144756759
0.165088029467664	0.0313824661178469
-0.613682540053849	0.148388769407339
-0.321741768636823	0.0922885496388945
-3.74624107806015	1.47909592511107
-0.19265924146981	0.0621226000055922
3.27752825134246	1.12202020233476
0.692481142426252	0.221366284684109
-0.611962616144159	0.147977912487881
0.186069807523728	0.046984734903896
0.164778629348208	0.0313374327003096
2.76219840038386	0.780594539857824
0.687453672774919	0.21969379736456
-1.7934287506278	0.390727439150181
-2.57098043849301	0.664920470822356
-2.57067328278635	0.665094197548339
-1.49705816852235	0.532032217355669
-0.330698472981565	0.0947716626031445
-0.323664690407152	0.0927962418225715
-0.071891161942633	0.028266323883038
-1.01084929511225	0.400388606838382
-1.32331916634197	1.07910505273505
-0.324393158207149	0.0929933012825356
-1.49608539149807	0.531478987360942
-1.12019427196772	0.338020301365193
0.178049240810411	0.0452053813438565
0.963743115659934	0.255236344279286
0.180503912336474	0.0618296034347483
-0.325121870470423	0.0931632456849071
-2.57067328278635	0.665094197548339
0.967271104517323	0.256176548116206
0.16619130625606	0.0315431724784316
1.47333622017027	0.491753136545405
-0.611962616144159	0.147977912487881
2.76109157462938	0.779871501961836
-1.49825523114142	0.532562193916483
0.183063896529214	0.0463401006276899
0.165880035481028	0.0314978449610492
0.164778629348208	0.0313374327003096
0.688637326691298	0.220082192676685
-0.32531700249348	0.0932194330065639
0.17231657402208	0.0666548669668037
1.96276901321247	0.454520391574277
0.685443035318802	0.218928003643606
-0.327498449554433	0.0938114370055266
0.686721713829268	0.219371725498129
0.16619130625606	0.0315431724784316
-1.11896025029368	0.337616084496264
1.35458372256336	0.600126054059965
0.963743115659934	0.255236344279286
-0.751374348612235	0.325398831570705
-1.49825523114142	0.532562193916483
-1.7934287506278	0.390727439150181
-1.1182849071041	0.337405124817419
-1.50215938518201	0.53435945377886
0.180484451327502	0.0542489043189748
-3.07350260546998	0.94852963330217
0.845815805906363	0.35975917327147
-1.1258777723839	0.339888304991231
0.691745806165962	0.221041871886146
2.76219840038386	0.780594539857824
-1.50408363202708	0.535041876234331
0.169272112881138	0.0580693332292454
0.687453672774919	0.21969379736456
-1.1182849071041	0.337405124817419
-0.617339897765464	0.149284387408846
-0.612487701707529	0.148134994320372
-2.05701193348465	0.937650433737307
1.06026377447063	0.405140191294507
-0.739205110261495	0.319270346381129
1.06153095853073	0.405927487776779
0.966736740010186	0.256029100393941
0.177516165041885	0.0533832927158356
-2.57036588579023	0.664816582891659
3.64742237939513	1.44635997008149
2.76330811440907	0.780761067286217
0.18374299244507	0.0464795790495071
-1.7934287506278	0.390727439150181
-0.123038486152059	0.0437612065750685
-3.99788353949868	1.73077675021861
-0.612487701707529	0.148134994320372
0.465059836542953	0.188687227798385
0.963743115659934	0.255236344279286
-1.30201091456669	0.807169863698296
0.188667958543402	0.04756856032199
0.963214248695465	0.255090594573707
0.686721713829268	0.219371725498129
-1.50335347787301	0.534889336029958
-3.07402416243152	0.948685276185543
2.76219840038386	0.780594539857824
1.96372117107544	0.45473924627511
-0.618535635333325	0.149538863092151
0.181043144974321	0.0790343553319315
-0.496879333423488	0.187181684059415
-1.49825523114142	0.532562193916483
0.160144755571284	0.0306956063740573
-2.57554526884402	0.666976966437407
-0.496879333423488	0.187181684059415
-0.470523320823754	0.243946788714037
1.47155078449581	0.491168545293048
-0.770010319055393	0.501468027369242
0.179369859705814	0.0539368960907662
0.46605569412732	0.189112961840582
-0.501139737773695	0.18896582897013
-1.12396372987595	0.33934973605565
0.554245479785034	0.201333536177828
-0.465550421776633	0.240791613070569
0.180869771083221	0.0619402640495967
1.46964366147565	0.490422889690681
2.76109157462938	0.779871501961836
0.161251150232847	0.0308565698216007
0.967271104517323	0.256176548116206
-0.629572895583758	0.368040380173418
-0.288276639028249	0.131103387351032
0.176552672502959	0.0605054209747227
0.171189775428302	0.0662121976703994
-1.96357592807969	1.35530277856063
-1.79346061997896	0.390723019452767
-0.613158918177153	0.148231887572971
-0.499896960125922	0.1882489210622
-0.613682540053849	0.148388769407339
-3.45171499640176	1.22586147893993
1.96372117107544	0.45473924627511
0.181837521716867	0.0460537144756759
0.179274213223518	0.0454636418217038
0.169566032486793	0.032038095111837
-0.32759034209047	0.0938892839663892
0.963743115659934	0.255236344279286
-0.324393158207149	0.0929933012825356
0.188667958543402	0.04756856032199
-0.325582325201124	0.0933470317045756
-1.00415219200353	0.397187604454455
3.27272750868887	1.11966450015405
2.76109157462938	0.779871501961836
3.27152519356808	1.11907150574555
3.27032462336087	1.11801013776878
0.173178140989587	0.0593793792188454
0.453505641619776	0.183596007397581
0.181222403711057	0.0544586569816679
-2.45163358129908	1.36141516097799
-1.00198766685669	0.396175079052544
0.623663183925326	0.328202687019957
0.181159179759352	0.0458876218072277
-0.613682540053849	0.148388769407339
-0.611962616144159	0.147977912487881
0.183063896529214	0.0463401006276899
0.16619130625606	0.0315431724784316
1.83904259060411	0.725255788020061
-1.79785205353169	0.391773074809323
0.688637326691298	0.220082192676685
-0.33115064247346	0.0948450204466267
-0.612487701707529	0.148134994320372
1.47155078449581	0.491168545293048
-0.207939580435493	0.0668891971625401
-0.501797267692593	0.189241455696606
0.189682102272299	0.0567965132651261
0.164778629348208	0.0313374327003096
-0.128580960692604	0.0457209220671756
1.96276901321247	0.454520391574277
0.181837521716867	0.0460537144756759
-0.202976861420011	0.0653350306430413
-1.79785205353169	0.391773074809323
-1.7934287506278	0.390727439150181
-3.07875719123617	0.951227905765892
1.96372117107544	0.45473924627511
-0.612487701707529	0.148134994320372
0.186069807523728	0.046984734903896
1.96372117107544	0.45473924627511
-0.617875104469477	0.149400727468359
0.186752657299631	0.0471525522204707
0.963743115659934	0.255236344279286
1.96372117107544	0.45473924627511
0.963743115659934	0.255236344279286
0.963214248695465	0.255090594573707
-0.705122000210367	0.24103260832319
-0.326043908260378	0.0934449166225896
1.46964366147565	0.490422889690681
1.84407253912976	0.727924750702318
0.165088029467664	0.0313824661178469
-1.7934287506278	0.390727439150181
0.165088029467664	0.0313824661178469
3.27272750868887	1.11966450015405
2.76219840038386	0.780594539857824
1.96276901321247	0.454520391574277
-1.80441616031176	0.733725050835279
-0.702529153090903	0.24025873050893
-1.7934287506278	0.390727439150181
-0.613012730411062	0.148202450577793
2.76219840038386	0.780594539857824
0.169248055862235	0.0319917175833404
0.16619130625606	0.0315431724784316
2.76330811440907	0.780761067286217
1.59857754726196	0.804530569699723
0.687904703717867	0.219759625438134
-0.703651055748467	0.240588737528622
-1.79346061997896	0.390723019452767
-0.60895933746012	0.147406558741333
0.164778629348208	0.0313374327003096
0.183063896529214	0.0463401006276899
-3.07454565876188	0.948489134275984
1.96276901321247	0.454520391574277
1.96276901321247	0.454520391574277
2.76109157462938	0.779871501961836
0.964404580081594	0.255330782344719
2.76109157462938	0.779871501961836
0.964404580081594	0.255330782344719
0.688637326691298	0.220082192676685
1.96372117107544	0.45473924627511
0.963743115659934	0.255236344279286
-1.79785205353169	0.391773074809323
-0.613682540053849	0.148388769407339
0.963214248695465	0.255090594573707
0.165088029467664	0.0313824661178469
0.686721713829268	0.219371725498129
0.16619130625606	0.0315431724784316
0.967271104517323	0.256176548116206
0.179746106686676	0.0540237006551008
0.165088029467664	0.0313824661178469
1.47897546128728	0.493826410303162
1.46341520408474	0.487915667204292
1.96276901321247	0.454520391574277
0.182973217707566	0.0462917199497201
0.17863134392367	0.0537118645556901
-1.79346061997896	0.390723019452767
3.64618465324491	1.4458034047001
1.96684138854469	0.455504908505281
3.27032462336087	1.11801013776878
-0.32485451718176	0.0931499749349684
0.838480859620841	0.356210298702787
-0.749356140710198	0.324535436720139
0.160144755571284	0.0306956063740573
1.47032706033056	0.490703617760438
0.962025660417238	0.254682745005495
0.164778629348208	0.0313374327003096
0.16619130625606	0.0315431724784316
0.165088029467664	0.0313824661178469
-0.613158918177153	0.148231887572971
0.962025660417238	0.254682745005495
1.96276901321247	0.454520391574277
1.96372117107544	0.45473924627511
1.47086646676889	0.49088731436037
0.165088029467664	0.0313824661178469
-0.32685310795758	0.0937088146974829
0.165088029467664	0.0313824661178469
0.183063896529214	0.0463401006276899
-0.32485451718176	0.0931499749349684
0.164778629348208	0.0313374327003096
-0.614206104379299	0.148455859250315
3.27272750868887	1.11966450015405
-2.57554526884402	0.666976966437407
-3.07350260546998	0.94852963330217
0.182384642090162	0.0461735738884295
-2.57554526884402	0.666976966437407
0.967271104517323	0.256176548116206
3.6449477089076	1.4449787602644
-0.197681301235905	0.0636672013988199
0.181222403711057	0.0544586569816679
0.165088029467664	0.0313824661178469
-0.700673100063675	0.23947715305123
-0.195531539432362	0.0629840149892884
-0.627212947089414	0.366517210799848
0.958352222975233	0.253964848564806
-0.326043908260378	0.0934449166225896
0.16619130625606	0.0315431724784316
-1.79785205353169	0.391773074809323
0.628537765170301	0.331508795589345
0.173195095104282	0.0755037377897217
-0.122215445713398	0.0435046320299458
-1.12519556185123	0.339754109482426
0.550229507129372	0.199823293779666
0.849408948383461	0.361671672630261
0.185765213682728	0.0718523531921232
2.76219840038386	0.780594539857824
1.47086646676889	0.49088731436037
0.545282959725496	0.197930364047729
-0.324393158207149	0.0929933012825356
0.16619130625606	0.0315431724784316
1.84258516456861	0.727293955790375
-1.47824177938836	0.74626969153317
0.180845714650258	0.0543398759613664
0.182281708516407	0.0461365657769329
0.183610895194862	0.0464322674344966
1.47086646676889	0.49088731436037
-0.331432979676728	0.0949515324990773
0.161251150232847	0.0308565698216007
1.96276901321247	0.454520391574277
-1.79346061997896	0.390723019452767
-1.7934287506278	0.390727439150181
1.35564812089346	0.600770089805534
0.167301337112252	0.0647584008888962
1.05767758057376	0.404228581247508
1.96276901321247	0.454520391574277
3.94524209007654	1.74713132583643
-0.702142591343233	0.240009967793785
1.47032706033056	0.490703617760438
3.65499468921657	1.45049079500857
1.06486169296399	0.40740811103867
-0.325582325201124	0.0933470317045756
-1.00377782576872	0.397156038036369
1.84022304372881	0.72612017307568
0.165088029467664	0.0313824661178469
0.176139035531232	0.0447669868764769
3.94131434673369	1.74409517718346
1.96372117107544	0.45473924627511
2.76109157462938	0.779871501961836
0.693668977910988	0.221707820486434
-0.612487701707529	0.148134994320372
-1.00236193740671	0.396463059052617
0.692481142426252	0.221366284684109
1.96276901321247	0.454520391574277
0.182384642090162	0.0461735738884295
0.957162742729009	0.253557522610441
-3.07402416243152	0.948685276185543
0.183063896529214	0.0463401006276899
0.16619130625606	0.0315431724784316
-1.12019427196772	0.338020301365193
0.169566032486793	0.032038095111837
-1.00306966229617	0.39683135622738
0.688185381402826	0.219868290083128
-1.1152634133402	0.336439469187697
2.13239173303271	0.962976446468332
-0.612487701707529	0.148134994320372
2.76109157462938	0.779871501961836
3.64995436887393	1.44813448599007
-0.613682540053849	0.148388769407339
0.963743115659934	0.255236344279286
2.13386142848874	0.963951590957412
0.165880035481028	0.0314978449610492
0.165088029467664	0.0313824661178469
1.96276901321247	0.454520391574277
0.169566032486793	0.032038095111837
0.688637326691298	0.220082192676685
-1.79346061997896	0.390723019452767
3.94524209007654	1.74713132583643
3.6449477089076	1.4449787602644
-0.613012730411062	0.148202450577793
-1.7934287506278	0.390727439150181
1.96372117107544	0.45473924627511
0.957162742729009	0.253557522610441
-0.609489833121369	0.147475344257464
-0.613682540053849	0.148388769407339
0.160144755571284	0.0306956063740573
-0.613682540053849	0.148388769407339
1.96276901321247	0.454520391574277
2.76109157462938	0.779871501961836
-0.619069360213747	0.149654914653121
-1.7934287506278	0.390727439150181
1.96276901321247	0.454520391574277
-2.57067328278635	0.665094197548339
0.164778629348208	0.0313374327003096
1.96276901321247	0.454520391574277
1.96372117107544	0.45473924627511
1.35205380401403	0.598333159725176
0.176825054435177	0.0449204608148946
-2.57067328278635	0.665094197548339
1.96684138854469	0.455504908505281
2.76330811440907	0.780761067286217
2.76109157462938	0.779871501961836
0.165880035481028	0.0314978449610492
-1.79785205353169	0.391773074809323
0.963743115659934	0.255236344279286
1.96276901321247	0.454520391574277
-1.79346061997896	0.390723019452767
0.181159179759352	0.0458876218072277
0.165088029467664	0.0313824661178469
3.27272750868887	1.11966450015405
-2.57098043849301	0.664920470822356
1.96276901321247	0.454520391574277
1.05730971150351	0.403863337099285
1.96372117107544	0.45473924627511
-1.7934287506278	0.390727439150181
-0.7021816537733	0.239962359868483
3.27152519356808	1.11907150574555
-0.609489833121369	0.147475344257464
0.181837521716867	0.0460537144756759
1.96276901321247	0.454520391574277
0.165088029467664	0.0313824661178469
2.76559849788836	0.78194178274137
2.76109157462938	0.779871501961836
2.76109157462938	0.779871501961836
2.76559849788836	0.78194178274137
-0.613012730411062	0.148202450577793
0.84714118293522	0.36030412348005
1.84184770666887	0.726890218717793
2.76109157462938	0.779871501961836
-1.79346061997896	0.390723019452767
0.16619130625606	0.0315431724784316
0.181837521716867	0.0460537144756759
-2.57067328278635	0.665094197548339
-1.11951983581622	0.337809535545767
-3.0729809879685	0.948009080411761
-0.618535635333325	0.149538863092151
1.96276901321247	0.454520391574277
-2.57522664974505	0.666917731403372
2.76109157462938	0.779871501961836
-0.612487701707529	0.148134994320372
-0.618535635333325	0.149538863092151
2.76109157462938	0.779871501961836
-1.12464685880463	0.339484249108323
0.963214248695465	0.255090594573707
0.164625296117395	0.0313507498370328
-2.57067328278635	0.665094197548339
-1.79346061997896	0.390723019452767
0.964404580081594	0.255330782344719
3.64995436887393	1.44813448599007
0.16619130625606	0.0315431724784316
-1.7934287506278	0.390727439150181
1.96276901321247	0.454520391574277
0.165880035481028	0.0314978449610492
0.165088029467664	0.0313824661178469
-1.7934287506278	0.390727439150181
0.165088029467664	0.0313824661178469
0.169566032486793	0.032038095111837
0.16619130625606	0.0315431724784316
0.687453672774919	0.21969379736456
0.962025660417238	0.254682745005495
1.96276901321247	0.454520391574277
-0.329512287054466	0.094417417841927
1.96276901321247	0.454520391574277
0.165880035481028	0.0314978449610492
1.96276901321247	0.454520391574277
3.27152519356808	1.11907150574555
-1.7934287506278	0.390727439150181
-2.57067328278635	0.665094197548339
3.27631781619437	1.12171855032085
0.165088029467664	0.0313824661178469
0.688185381402826	0.219868290083128
-1.79346061997896	0.390723019452767
0.16619130625606	0.0315431724784316
0.183063896529214	0.0463401006276899
-0.960196414617702	0.472086487520094
-1.49753171438992	0.532305096548695
2.76219840038386	0.780594539857824
-0.613158918177153	0.148231887572971
0.165088029467664	0.0313824661178469
-0.702869188746056	0.240388371983744
-0.366795601394091	0.151414835159292
0.682339311812087	0.217953944354753
-0.707845094848957	0.242262716671496
-1.79346061997896	0.390723019452767
0.161251150232847	0.0308565698216007
1.46964366147565	0.490422889690681
0.181159179759352	0.0458876218072277
-1.79346061997896	0.390723019452767
0.843777178831012	0.35876995680636
-0.325582325201124	0.0933470317045756
0.548802214907851	0.199198529969934
-3.07350260546998	0.94852963330217
0.184971072095669	0.0467387603153735
-2.57522664974505	0.666917731403372
1.3495769767586	0.597194616535652
0.164778629348208	0.0313374327003096
-1.12019427196772	0.338020301365193
1.3509899510682	0.597807360301759
0.165088029467664	0.0313824661178469
-3.07454565876188	0.948489134275984
0.16619130625606	0.0315431724784316
-1.7934287506278	0.390727439150181
1.96372117107544	0.45473924627511
2.13662167910708	0.965753673826741
0.16619130625606	0.0315431724784316
-1.7934287506278	0.390727439150181
-0.613012730411062	0.148202450577793
-0.614206104379299	0.148455859250315
-1.80368192120879	0.733397419313707
-1.7934287506278	0.390727439150181
0.165880035481028	0.0314978449610492
0.165088029467664	0.0313824661178469
-1.79785205353169	0.391773074809323
1.96372117107544	0.45473924627511
1.8476275755017	0.729726391578086
-1.7934287506278	0.390727439150181
-1.7934287506278	0.390727439150181
0.165088029467664	0.0313824661178469
-2.57067328278635	0.665094197548339
0.962025660417238	0.254682745005495
0.16619130625606	0.0315431724784316
0.183063896529214	0.0463401006276899
-1.7934287506278	0.390727439150181
-1.79346061997896	0.390723019452767
-0.613012730411062	0.148202450577793
-0.196970790009868	0.0634432336968819
-0.328777361869378	0.0941964324844904
0.16619130625606	0.0315431724784316
0.164778629348208	0.0313374327003096
0.165088029467664	0.0313824661178469
0.16619130625606	0.0315431724784316
1.05878746464103	0.40482083139178
-1.79346061997896	0.390723019452767
0.164778629348208	0.0313374327003096
0.16619130625606	0.0315431724784316
0.165088029467664	0.0313824661178469
0.964934921520073	0.255476948633611
0.165088029467664	0.0313824661178469
0.964934921520073	0.255476948633611
2.76219840038386	0.780594539857824
-1.7934287506278	0.390727439150181
-0.612487701707529	0.148134994320372
0.686270437198953	0.219228628867356
0.179008086694114	0.0538125056714061
4.18536973210645	2.03283090231972
-1.11896025029368	0.337616084496264
-0.326771057218117	0.0936418390224184
-1.79346061997896	0.390723019452767
0.962025660417238	0.254682745005495
-1.79785205353169	0.391773074809323
0.16619130625606	0.0315431724784316
-0.612487701707529	0.148134994320372
-1.79839826083819	0.730397358466732
2.76109157462938	0.779871501961836
-2.57036588579023	0.664816582891659
-1.7934287506278	0.390727439150181
-1.7934287506278	0.390727439150181
-1.7934287506278	0.390727439150181
3.27631781619437	1.12171855032085
1.96372117107544	0.45473924627511
-1.79346061997896	0.390723019452767
0.181837521716867	0.0460537144756759
2.76219840038386	0.780594539857824
-1.7934287506278	0.390727439150181
0.165088029467664	0.0313824661178469
0.165880035481028	0.0314978449610492
0.164778629348208	0.0313374327003096
0.179746106686676	0.0540237006551008
0.963214248695465	0.255090594573707
1.96372117107544	0.45473924627511
0.16619130625606	0.0315431724784316
0.183063896529214	0.0463401006276899
-0.617339897765464	0.149284387408846
0.963214248695465	0.255090594573707
0.957162742729009	0.253557522610441
-0.325582325201124	0.0933470317045756
0.183063896529214	0.0463401006276899
-0.7085818841146	0.242531688950869
-0.613012730411062	0.148202450577793
1.47155078449581	0.491168545293048
0.964404580081594	0.255330782344719
-1.50142880975048	0.534054734577795
0.16619130625606	0.0315431724784316
0.165880035481028	0.0314978449610492
-1.79346061997896	0.390723019452767
-1.79346061997896	0.390723019452767
-1.7934287506278	0.390727439150181
1.96372117107544	0.45473924627511
0.964934921520073	0.255476948633611
0.165088029467664	0.0313824661178469
0.165088029467664	0.0313824661178469
0.165088029467664	0.0313824661178469
-0.611962616144159	0.147977912487881
0.165880035481028	0.0314978449610492
0.164778629348208	0.0313374327003096
-1.7934287506278	0.390727439150181
0.181837521716867	0.0460537144756759
2.76559849788836	0.78194178274137
1.96372117107544	0.45473924627511
0.181159179759352	0.0458876218072277
-0.332618072686463	0.0952457032075058
-2.57067328278635	0.665094197548339
-0.331884233338781	0.0950660268702792
2.76109157462938	0.779871501961836
0.179369859705814	0.0539368960907662
-1.11957460536364	0.337866341493547
-1.49778257857282	0.532153748454207
-2.57036588579023	0.664816582891659
-1.7934287506278	0.390727439150181
1.96276901321247	0.454520391574277
0.178049240810411	0.0452053813438565
0.165088029467664	0.0313824661178469
1.96372117107544	0.45473924627511
-1.79346061997896	0.390723019452767
0.962025660417238	0.254682745005495
1.96684138854469	0.455504908505281
0.169248055862235	0.0319917175833404
-0.613682540053849	0.148388769407339
1.96276901321247	0.454520391574277
-1.79346061997896	0.390723019452767
0.164778629348208	0.0313374327003096
-1.7934287506278	0.390727439150181
1.96276901321247	0.454520391574277
-2.57067328278635	0.665094197548339
0.169248055862235	0.0319917175833404
-1.79346061997896	0.390723019452767
-1.79346061997896	0.390723019452767
2.76109157462938	0.779871501961836
1.46964366147565	0.490422889690681
-0.617339897765464	0.149284387408846
-0.614206104379299	0.148455859250315
-1.79346061997896	0.390723019452767
-2.57522664974505	0.666917731403372
0.165088029467664	0.0313824661178469
0.183610895194862	0.0464322674344966
-0.322472516615752	0.0924590549090847
0.165880035481028	0.0314978449610492
-2.57098043849301	0.664920470822356
-0.196606144995592	0.0633346995977349
-1.7934287506278	0.390727439150181
-1.7934287506278	0.390727439150181
0.165880035481028	0.0314978449610492
-0.612487701707529	0.148134994320372
-1.50215938518201	0.53435945377886
0.164778629348208	0.0313374327003096
0.16619130625606	0.0315431724784316
0.963743115659934	0.255236344279286
-1.7934287506278	0.390727439150181
0.164778629348208	0.0313374327003096
-2.57067328278635	0.665094197548339
-1.7934287506278	0.390727439150181
1.96684138854469	0.455504908505281
-1.79785205353169	0.391773074809323
0.165880035481028	0.0314978449610492
-1.79346061997896	0.390723019452767
0.161251150232847	0.0308565698216007
0.165088029467664	0.0313824661178469
-0.613682540053849	0.148388769407339
-0.332618072686463	0.0952457032075058
-0.707845094848957	0.242262716671496
-1.7934287506278	0.390727439150181
-1.7934287506278	0.390727439150181
0.165880035481028	0.0314978449610492
2.76330811440907	0.780761067286217
0.16619130625606	0.0315431724784316
-1.7934287506278	0.390727439150181
-1.7934287506278	0.390727439150181
-1.7934287506278	0.390727439150181
-2.57098043849301	0.664920470822356
0.169566032486793	0.032038095111837
-3.44821343973509	1.22397568320365
-1.7934287506278	0.390727439150181
-1.79346061997896	0.390723019452767
0.16619130625606	0.0315431724784316
-0.611962616144159	0.147977912487881
-0.613682540053849	0.148388769407339
-0.330247461830149	0.0945973836552012
-0.617339897765464	0.149284387408846
-1.7934287506278	0.390727439150181
2.76671632811135	0.782410087450427
0.183063896529214	0.0463401006276899
0.17552413766954	0.0528075604100104
3.27272750868887	1.11966450015405
-2.58013588785136	0.668674470410509
0.164778629348208	0.0313374327003096
1.96276901321247	0.454520391574277
1.96372117107544	0.45473924627511
2.76219840038386	0.780594539857824
-1.79346061997896	0.390723019452767
1.96276901321247	0.454520391574277
0.160144755571284	0.0306956063740573
2.76219840038386	0.780594539857824
0.183063896529214	0.0463401006276899
0.165880035481028	0.0314978449610492
1.96276901321247	0.454520391574277
1.46964366147565	0.490422889690681
0.962025660417238	0.254682745005495
-1.7934287506278	0.390727439150181
-1.79346061997896	0.390723019452767
-1.79346061997896	0.390723019452767
-0.608428787479893	0.147248610626808
2.76330811440907	0.780761067286217
0.964934921520073	0.255476948633611
1.96372117107544	0.45473924627511
1.96372117107544	0.45473924627511
0.165880035481028	0.0314978449610492
0.169566032486793	0.032038095111837
-0.612487701707529	0.148134994320372
-2.57067328278635	0.665094197548339
-1.7934287506278	0.390727439150181
2.76219840038386	0.780594539857824
-0.619069360213747	0.149654914653121
0.183063896529214	0.0463401006276899
-0.707108693003757	0.241928926266029
0.184291063239428	0.0465991085839434
2.76219840038386	0.780594539857824
-1.1258777723839	0.339888304991231
-1.7934287506278	0.390727439150181
-0.325582325201124	0.0933470317045756
0.686721713829268	0.219371725498129
0.187984352048437	0.0474280610765032
0.16619130625606	0.0315431724784316
0.692481142426252	0.221366284684109
0.160144755571284	0.0306956063740573
1.96372117107544	0.45473924627511
1.96276901321247	0.454520391574277
0.165088029467664	0.0313824661178469
1.96684138854469	0.455504908505281
0.165088029467664	0.0313824661178469
-0.613158918177153	0.148231887572971
-0.613682540053849	0.148388769407339
3.27272750868887	1.11966450015405
0.181159179759352	0.0458876218072277
-2.57067328278635	0.665094197548339
-2.57067328278635	0.665094197548339
-3.45239496999294	1.22656388713544
0.692932973591989	0.221383018666362
0.687453672774919	0.21969379736456
-0.612487701707529	0.148134994320372
0.686721713829268	0.219371725498129
-0.613682540053849	0.148388769407339
-2.57036588579023	0.664816582891659
1.96276901321247	0.454520391574277
-1.79785205353169	0.391773074809323
-1.7934287506278	0.390727439150181
0.958352222975233	0.253964848564806
-3.45239496999294	1.22656388713544
-1.1182849071041	0.337405124817419
-0.613682540053849	0.148388769407339
0.165880035481028	0.0314978449610492
-2.57067328278635	0.665094197548339
-1.79346061997896	0.390723019452767
-1.79913083573714	0.730688065905454
-2.57067328278635	0.665094197548339
-2.57098043849301	0.664920470822356
0.847728504925438	0.36079146501607
-0.324126952894347	0.0929244396746841
0.183063896529214	0.0463401006276899
0.164625296117395	0.0313507498370328
-3.07454565876188	0.948489134275984
-1.7934287506278	0.390727439150181
-3.07402416243152	0.948685276185543
-0.704386334982379	0.240838421723177
-3.07454565876188	0.948489134275984
1.96276901321247	0.454520391574277
-1.7934287506278	0.390727439150181
0.962025660417238	0.254682745005495
-1.79346061997896	0.390723019452767
2.76330811440907	0.780761067286217
0.165088029467664	0.0313824661178469
-2.57098043849301	0.664920470822356
-3.44821343973509	1.22397568320365
-3.44754089021611	1.22379406077669
1.96276901321247	0.454520391574277
-1.79346061997896	0.390723019452767
1.96684138854469	0.455504908505281
0.962553055030982	0.254827961566665
-0.324393158207149	0.0929933012825356
-0.614206104379299	0.148455859250315
-1.12086886051128	0.33811902750598
-0.612487701707529	0.148134994320372
1.96276901321247	0.454520391574277
0.964934921520073	0.255476948633611
1.96372117107544	0.45473924627511
1.96276901321247	0.454520391574277
-0.613682540053849	0.148388769407339
0.967271104517323	0.256176548116206
0.164625296117395	0.0313507498370328
-2.57522664974505	0.666917731403372
0.165880035481028	0.0314978449610492
-1.7934287506278	0.390727439150181
0.186000407219271	0.0469461640510397
0.963214248695465	0.255090594573707
-0.617339897765464	0.149284387408846
0.694404728756287	0.221883604128058
-3.44888613612191	1.22380916720858
1.96276901321247	0.454520391574277
-3.07875719123617	0.951227905765892
-1.7934287506278	0.390727439150181
-0.614206104379299	0.148455859250315
-1.11951983581622	0.337809535545767
0.549873760152136	0.199559475860527
0.165880035481028	0.0314978449610492
-1.7934287506278	0.390727439150181
-0.496879333423488	0.187181684059415
-2.0602059242177	0.939970395250002
-1.00415219200353	0.397187604454455
-3.07875719123617	0.951227905765892
-0.504512185848928	0.190251785849138
0.165880035481028	0.0314978449610492
0.17899314570337	0.0538175920888867
-1.79346061997896	0.390723019452767
1.34534186074161	0.594787167003823
1.96276901321247	0.454520391574277
-2.05351794926878	0.93590991881049
-3.07875719123617	0.951227905765892
1.84140390214436	0.726768879551614
-0.613682540053849	0.148388769407339
-0.614206104379299	0.148455859250315
0.681600849226051	0.217707538421281
-0.613682540053849	0.148388769407339
0.179369859705814	0.0539368960907662
1.84022304372881	0.72612017307568
-3.7497373868844	1.4810753483985
2.76219840038386	0.780594539857824
2.76671632811135	0.782410087450427
-0.203686449811516	0.0655556144258791
3.27272750868887	1.11966450015405
-0.614206104379299	0.148455859250315
2.76219840038386	0.780594539857824
1.06100497274362	0.405629306325193
-1.49680843456756	0.531963842405938
0.164778629348208	0.0313374327003096
1.34640919655141	0.595042011255427
0.179008086694114	0.0538125056714061
-0.320548811537412	0.09196618419473
0.555949767102404	0.201992647886448
1.05235833798367	0.401844810202421
0.181222403711057	0.0544586569816679
0.968469219672053	0.25651021792255
0.185076110728506	0.0555416222332281
0.180484451327502	0.0542489043189748
0.968469219672053	0.25651021792255
0.964934921520073	0.255476948633611
0.843422236893639	0.358554124858322
0.987378985066214	0.675638675334566
-1.7934287506278	0.390727439150181
0.180484451327502	0.0542489043189748
1.96372117107544	0.45473924627511
1.05878746464103	0.40482083139178
1.96372117107544	0.45473924627511
1.96372117107544	0.45473924627511
0.693216225774344	0.221541872050593
1.59555833836223	0.802157652410673
1.47828388369667	0.493541574530428
-0.608428787479893	0.147248610626808
3.65119667594504	1.44884031306495
1.96372117107544	0.45473924627511
4.18934074145553	2.03655237370426
0.179479941018599	0.0614871969929957
-1.79346061997896	0.390723019452767
0.716988147742458	0.338713231526189
-0.613682540053849	0.148388769407339
0.186752657299631	0.0471525522204707
0.967271104517323	0.256176548116206
0.963214248695465	0.255090594573707
-0.613158918177153	0.148231887572971
-0.612487701707529	0.148134994320372
-1.11951983581622	0.337809535545767
0.962553055030982	0.254827961566665
1.46955857964488	0.49050725448157
0.185076110728506	0.0555416222332281
0.183222271364428	0.0550052131678393
-0.276118433633921	0.125095129620045
-1.79346061997896	0.390723019452767
1.34640064313769	0.595379308973642
-1.49633399610699	0.531774933095134
1.96684138854469	0.455504908505281
2.76109157462938	0.779871501961836
-0.704386334982379	0.240838421723177
-1.7934287506278	0.390727439150181
-2.57067328278635	0.665094197548339
-0.32485451718176	0.0931499749349684
2.76219840038386	0.780594539857824
1.96372117107544	0.45473924627511
0.16619130625606	0.0315431724784316
-2.57067328278635	0.665094197548339
-1.79346061997896	0.390723019452767
-1.79346061997896	0.390723019452767
-1.7934287506278	0.390727439150181
1.96372117107544	0.45473924627511
0.964934921520073	0.255476948633611
1.96372117107544	0.45473924627511
1.96684138854469	0.455504908505281
-2.57067328278635	0.665094197548339
-1.79346061997896	0.390723019452767
0.963743115659934	0.255236344279286
-1.1152634133402	0.336439469187697
0.164778629348208	0.0313374327003096
-0.613012730411062	0.148202450577793
1.96372117107544	0.45473924627511
1.06375255943934	0.407031400293661
-2.57098043849301	0.664920470822356
0.165880035481028	0.0314978449610492
0.963743115659934	0.255236344279286
0.165088029467664	0.0313824661178469
3.27393157336313	1.11982869858365
1.83948692258838	0.725717515665962
0.165088029467664	0.0313824661178469
0.176825054435177	0.0449204608148946
0.963214248695465	0.255090594573707
1.96684138854469	0.455504908505281
1.96372117107544	0.45473924627511
1.47078449590325	0.490854051681038
0.165088029467664	0.0313824661178469
-0.713927771586338	0.244486303883557
3.94011940400443	1.7432966017604
-1.50069847674699	0.53359178068112
-1.7934287506278	0.390727439150181
0.164778629348208	0.0313374327003096
-0.613682540053849	0.148388769407339
0.181159179759352	0.0458876218072277
0.183063896529214	0.0463401006276899
1.96276901321247	0.454520391574277
1.96372117107544	0.45473924627511
-1.79346061997896	0.390723019452767
0.165880035481028	0.0314978449610492
-1.79346061997896	0.390723019452767
-3.07454565876188	0.948489134275984
0.164778629348208	0.0313374327003096
0.186069807523728	0.046984734903896
-0.608428787479893	0.147248610626808
-1.7934287506278	0.390727439150181
1.96276901321247	0.454520391574277
1.96372117107544	0.45473924627511
0.165088029467664	0.0313824661178469
2.76671632811135	0.782410087450427
1.96372117107544	0.45473924627511
0.187984352048437	0.0474280610765032
0.181159179759352	0.0458876218072277
2.77014537202506	0.783552977740789
2.76109157462938	0.779871501961836
2.76219840038386	0.780594539857824
0.164778629348208	0.0313374327003096
-0.613682540053849	0.148388769407339
-2.57067328278635	0.665094197548339
-1.79785205353169	0.391773074809323
0.181159179759352	0.0458876218072277
-0.609489833121369	0.147475344257464
-0.613682540053849	0.148388769407339
-1.25320475905138	0.56253612866595
0.165088029467664	0.0313824661178469
0.962553055030982	0.254827961566665
-1.7934287506278	0.390727439150181
-1.79346061997896	0.390723019452767
0.165880035481028	0.0314978449610492
0.964404580081594	0.255330782344719
-2.57098043849301	0.664920470822356
0.161251150232847	0.0308565698216007
-1.49320671887845	0.530373211909872
0.16619130625606	0.0315431724784316
0.962553055030982	0.254827961566665
0.165880035481028	0.0314978449610492
0.963743115659934	0.255236344279286
1.96276901321247	0.454520391574277
1.96372117107544	0.45473924627511
1.96372117107544	0.45473924627511
1.47155078449581	0.491168545293048
0.18374299244507	0.0464795790495071
-1.79785205353169	0.391773074809323
0.963214248695465	0.255090594573707
1.96276901321247	0.454520391574277
0.164778629348208	0.0313374327003096
1.96684138854469	0.455504908505281
1.96372117107544	0.45473924627511
1.96372117107544	0.45473924627511
-0.612487701707529	0.148134994320372
1.96372117107544	0.45473924627511
-3.74624107806015	1.47909592511107
-1.1258777723839	0.339888304991231
-2.57067328278635	0.665094197548339
-1.79346061997896	0.390723019452767
-1.7934287506278	0.390727439150181
0.964404580081594	0.255330782344719
-2.58013588785136	0.668674470410509
-1.7934287506278	0.390727439150181
-0.614206104379299	0.148455859250315
-2.57098043849301	0.664920470822356
0.184971072095669	0.0467387603153735
0.182515705814395	0.0461929473161663
-3.07454565876188	0.948489134275984
-1.11951983581622	0.337809535545767
0.957162742729009	0.253557522610441
1.96372117107544	0.45473924627511
-3.07350260546998	0.94852963330217
0.964404580081594	0.255330782344719
-1.79346061997896	0.390723019452767
-1.79785205353169	0.391773074809323
0.164778629348208	0.0313374327003096
0.165088029467664	0.0313824661178469
0.552366600094505	0.200647521424049
-1.12519556185123	0.339754109482426
0.165088029467664	0.0313824661178469
-2.57067328278635	0.665094197548339
-1.7934287506278	0.390727439150181
-1.79346061997896	0.390723019452767
-1.79346061997896	0.390723019452767
-1.79785205353169	0.391773074809323
0.164778629348208	0.0313374327003096
-2.57036588579023	0.664816582891659
0.964934921520073	0.255476948633611
1.96276901321247	0.454520391574277
-1.7934287506278	0.390727439150181
0.957162742729009	0.253557522610441
2.76671632811135	0.782410087450427
-1.79785205353169	0.391773074809323
0.964934921520073	0.255476948633611
1.47155078449581	0.491168545293048
-1.7934287506278	0.390727439150181
-0.613158918177153	0.148231887572971
-2.57067328278635	0.665094197548339
0.165880035481028	0.0314978449610492
-1.7934287506278	0.390727439150181
2.76109157462938	0.779871501961836
1.96372117107544	0.45473924627511
0.169566032486793	0.032038095111837
1.96372117107544	0.45473924627511
-0.612487701707529	0.148134994320372
1.96276901321247	0.454520391574277
2.76671632811135	0.782410087450427
2.76671632811135	0.782410087450427
1.96276901321247	0.454520391574277
-1.79346061997896	0.390723019452767
-0.613158918177153	0.148231887572971
-2.57067328278635	0.665094197548339
0.165088029467664	0.0313824661178469
-0.613682540053849	0.148388769407339
-1.79785205353169	0.391773074809323
1.96372117107544	0.45473924627511
