x	y
-1.7934287506278	0.390727439150181
-1.7934287506278	0.390727439150181
-3.44754089021611	1.22379406077669
-2.57098043849301	0.664920470822356
-1.7934287506278	0.390727439150181
-1.79346061997896	0.390723019452767
-1.79346061997896	0.390723019452767
-1.79346061997896	0.390723019452767
-0.617339897765464	0.149284387408846
-1.79785205353169	0.391773074809323
-2.57036588579023	0.664816582891659
-1.7934287506278	0.390727439150181
-1.79346061997896	0.390723019452767
-1.79346061997896	0.390723019452767
-2.57036588579023	0.664816582891659
-1.79346061997896	0.390723019452767
-1.7934287506278	0.390727439150181
0.968469219672053	0.25651021792255
-2.57067328278635	0.665094197548339
-1.7934287506278	0.390727439150181
-0.612487701707529	0.148134994320372
0.16619130625606	0.0315431724784316
-3.07402416243152	0.948685276185543
-1.7934287506278	0.390727439150181
-1.79346061997896	0.390723019452767
0.165880035481028	0.0314978449610492
-2.57067328278635	0.665094197548339
-0.613158918177153	0.148231887572971
0.165880035481028	0.0314978449610492
-0.613012730411062	0.148202450577793
-2.57036588579023	0.664816582891659
-1.7934287506278	0.390727439150181
3.64618465324491	1.4458034047001
-1.7934287506278	0.390727439150181
-1.7934287506278	0.390727439150181
-2.57522664974505	0.666917731403372
-1.79346061997896	0.390723019452767
1.47032706033056	0.490703617760438
-0.613682540053849	0.148388769407339
-0.326310377140785	0.0935168437296262
-2.57067328278635	0.665094197548339
-3.07454565876188	0.948489134275984
-0.612487701707529	0.148134994320372
-2.57098043849301	0.664920470822356
-1.79346061997896	0.390723019452767
-0.608428787479893	0.147248610626808
-1.12019427196772	0.338020301365193
-2.57067328278635	0.665094197548339
0.18374299244507	0.0464795790495071
3.27152519356808	1.11907150574555
-0.612487701707529	0.148134994320372
-3.07822553691956	0.950796797182827
-3.07454565876188	0.948489134275984
-1.79346061997896	0.390723019452767
-3.0729809879685	0.948009080411761
-1.7934287506278	0.390727439150181
-2.57067328278635	0.665094197548339
0.16619130625606	0.0315431724784316
-1.79346061997896	0.390723019452767
-0.614206104379299	0.148455859250315
-0.612487701707529	0.148134994320372
0.16619130625606	0.0315431724784316
-3.07875719123617	0.951227905765892
-1.7934287506278	0.390727439150181
-1.79785205353169	0.391773074809323
-1.7934287506278	0.390727439150181
-1.79346061997896	0.390723019452767
-0.613158918177153	0.148231887572971
-1.00906318075178	0.399734482931109
-0.613012730411062	0.148202450577793
-2.57067328278635	0.665094197548339
-3.07350260546998	0.94852963330217
-1.79839826083819	0.730397358466732
0.181837521716867	0.0460537144756759
0.962553055030982	0.254827961566665
0.18374299244507	0.0464795790495071
1.96276901321247	0.454520391574277
-1.7934287506278	0.390727439150181
0.165880035481028	0.0314978449610492
-1.11896025029368	0.337616084496264
0.165880035481028	0.0314978449610492
-3.44821343973509	1.22397568320365
0.169566032486793	0.032038095111837
-1.79346061997896	0.390723019452767
-0.325582325201124	0.0933470317045756
-0.617339897765464	0.149284387408846
0.169248055862235	0.0319917175833404
-2.57098043849301	0.664920470822356
1.96276901321247	0.454520391574277
-0.608428787479893	0.147248610626808
-0.613012730411062	0.148202450577793
-2.57067328278635	0.665094197548339
-2.57067328278635	0.665094197548339
-0.320548811537412	0.09196618419473
0.165880035481028	0.0314978449610492
0.165088029467664	0.0313824661178469
-1.79346061997896	0.390723019452767
-3.07454565876188	0.948489134275984
0.16619130625606	0.0315431724784316
0.160144755571284	0.0306956063740573
-1.7934287506278	0.390727439150181
-1.11458449535005	0.336227635184335
-0.60895933746012	0.147406558741333
1.96684138854469	0.455504908505281
3.93892487279316	1.74225767116968
0.165088029467664	0.0313824661178469
0.165088029467664	0.0313824661178469
-1.1245135089551	0.339452387639693
-0.325582325201124	0.0933470317045756
1.96276901321247	0.454520391574277
1.96276901321247	0.454520391574277
0.963743115659934	0.255236344279286
-0.612487701707529	0.148134994320372
0.186752657299631	0.0471525522204707
-0.613158918177153	0.148231887572971
1.96276901321247	0.454520391574277
0.16619130625606	0.0315431724784316
-0.323664690407152	0.0927962418225715
-0.611962616144159	0.147977912487881
-1.11951983581622	0.337809535545767
-1.79346061997896	0.390723019452767
2.76109157462938	0.779871501961836
0.187984352048437	0.0474280610765032
-1.7934287506278	0.390727439150181
0.164625296117395	0.0313507498370328
0.963214248695465	0.255090594573707
-1.79346061997896	0.390723019452767
-1.12019427196772	0.338020301365193
-0.613682540053849	0.148388769407339
-0.613158918177153	0.148231887572971
-0.612487701707529	0.148134994320372
1.34992552348217	0.597211152410209
0.544218436165038	0.197506777270022
-1.7934287506278	0.390727439150181
-0.703999757003376	0.240702491325751
-0.617875104469477	0.149400727468359
-0.703999757003376	0.240702491325751
-1.50848113268972	0.537019591842101
0.963214248695465	0.255090594573707
-3.44754089021611	1.22379406077669
-0.617339897765464	0.149284387408846
0.688637326691298	0.220082192676685
0.966736740010186	0.256029100393941
0.959543454922691	0.254205280821647
1.47402323433779	0.492035659807906
0.183610895194862	0.0464322674344966
-1.7934287506278	0.390727439150181
-0.192319088112717	0.0619808040719022
-0.326310377140785	0.0935168437296262
-0.611962616144159	0.147977912487881
0.964934921520073	0.255476948633611
1.08551867511069	0.529742210824094
0.164778629348208	0.0313374327003096
-0.326043908260378	0.0934449166225896
-3.07350260546998	0.94852963330217
-0.614206104379299	0.148455859250315
1.96276901321247	0.454520391574277
0.183610895194862	0.0464322674344966
0.680421237638035	0.217245422782273
-1.11896025029368	0.337616084496264
-1.7934287506278	0.390727439150181
-1.12086886051128	0.33811902750598
-1.7934287506278	0.390727439150181
0.686721713829268	0.219371725498129
0.682339311812087	0.217953944354753
-1.49561006114969	0.531433597211914
-0.611962616144159	0.147977912487881
-2.04826273814137	0.932264876861533
-3.07350260546998	0.94852963330217
0.957162742729009	0.253557522610441
3.27272750868887	1.11966450015405
1.96276901321247	0.454520391574277
-1.12019427196772	0.338020301365193
0.164778629348208	0.0313374327003096
-2.57067328278635	0.665094197548339
0.169248055862235	0.0319917175833404
2.76330811440907	0.780761067286217
0.546346904865407	0.198325214127253
-0.322936466881447	0.0925708388690686
-0.613012730411062	0.148202450577793
0.182484105638909	0.0547795623460174
-0.608428787479893	0.147248610626808
0.165088029467664	0.0313824661178469
3.27152519356808	1.11907150574555
-1.79346061997896	0.390723019452767
0.689369698791533	0.22025689756634
0.17863134392367	0.0537118645556901
0.16619130625606	0.0315431724784316
-3.07350260546998	0.94852963330217
-0.613682540053849	0.148388769407339
-1.79346061997896	0.390723019452767
1.96276901321247	0.454520391574277
0.165088029467664	0.0313824661178469
-1.7934287506278	0.390727439150181
-1.11896025029368	0.337616084496264
0.962025660417238	0.254682745005495
-0.608428787479893	0.147248610626808
0.161251150232847	0.0308565698216007
-1.7934287506278	0.390727439150181
-2.57036588579023	0.664816582891659
1.4745635305468	0.492365493098567
-0.326771057218117	0.0936418390224184
-1.79346061997896	0.390723019452767
-0.614206104379299	0.148455859250315
-2.57067328278635	0.665094197548339
1.96372117107544	0.45473924627511
-3.44754089021611	1.22379406077669
0.164778629348208	0.0313374327003096
-0.614206104379299	0.148455859250315
-0.618535635333325	0.149538863092151
0.165088029467664	0.0313824661178469
-1.11963574652263	0.337715170908198
-0.612487701707529	0.148134994320372
2.76330811440907	0.780761067286217
-1.79346061997896	0.390723019452767
-1.49608539149807	0.531478987360942
-0.496219048461158	0.186898738117231
-1.79839826083819	0.730397358466732
1.84066711299049	0.726365639107333
0.169566032486793	0.032038095111837
0.181837521716867	0.0460537144756759
-3.07350260546998	0.94852963330217
-3.07402416243152	0.948685276185543
-1.79346061997896	0.390723019452767
0.164778629348208	0.0313374327003096
-2.57067328278635	0.665094197548339
0.16619130625606	0.0315431724784316
-1.79346061997896	0.390723019452767
0.165088029467664	0.0313824661178469
-2.57067328278635	0.665094197548339
-0.32485451718176	0.0931499749349684
-2.57554526884402	0.666976966437407
-2.57067328278635	0.665094197548339
-1.7934287506278	0.390727439150181
0.183063896529214	0.0463401006276899
-1.7934287506278	0.390727439150181
-2.57098043849301	0.664920470822356
-1.79785205353169	0.391773074809323
-0.618535635333325	0.149538863092151
-0.612487701707529	0.148134994320372
-0.612487701707529	0.148134994320372
-0.613012730411062	0.148202450577793
0.184971072095669	0.0467387603153735
0.963214248695465	0.255090594573707
1.96372117107544	0.45473924627511
1.96276901321247	0.454520391574277
0.686626809163374	0.219374653716057
-1.79346061997896	0.390723019452767
0.963214248695465	0.255090594573707
-3.07350260546998	0.94852963330217
-0.323664690407152	0.0927962418225715
0.963214248695465	0.255090594573707
2.76109157462938	0.779871501961836
-0.613682540053849	0.148388769407339
-0.331884233338781	0.0950660268702792
-1.7934287506278	0.390727439150181
-2.57067328278635	0.665094197548339
-1.12019427196772	0.338020301365193
-0.617875104469477	0.149400727468359
1.96276901321247	0.454520391574277
-1.11896025029368	0.337616084496264
-0.611962616144159	0.147977912487881
-0.704386334982379	0.240838421723177
0.181159179759352	0.0458876218072277
1.47333622017027	0.491753136545405
-2.57098043849301	0.664920470822356
-1.1182849071041	0.337405124817419
3.27032462336087	1.11801013776878
-2.57067328278635	0.665094197548339
-1.7934287506278	0.390727439150181
-2.57098043849301	0.664920470822356
0.963078860472085	0.255236868510046
-3.07350260546998	0.94852963330217
-2.57067328278635	0.665094197548339
-1.1245135089551	0.339452387639693
-3.44888613612191	1.22380916720858
-0.702529153090903	0.24025873050893
-0.608428787479893	0.147248610626808
0.165880035481028	0.0314978449610492
0.16619130625606	0.0315431724784316
0.963214248695465	0.255090594573707
-0.612487701707529	0.148134994320372
3.27152519356808	1.11907150574555
-3.44686848748983	1.22339694388155
-0.613682540053849	0.148388769407339
-1.11951983581622	0.337809535545767
-0.203686449811516	0.0655556144258791
0.164778629348208	0.0313374327003096
-0.613682540053849	0.148388769407339
-0.503193462020767	0.189721836298481
0.967933372585482	0.256362285789635
-0.71006845290112	0.243013667111858
2.38370926905572	1.2094584860624
-0.323664690407152	0.0927962418225715
2.76109157462938	0.779871501961836
-1.7934287506278	0.390727439150181
-3.07350260546998	0.94852963330217
0.165880035481028	0.0314978449610492
-3.07875719123617	0.951227905765892
-3.45307509546519	1.22686211973226
1.05878746464103	0.40482083139178
0.164778629348208	0.0313374327003096
-1.12019427196772	0.338020301365193
0.180484451327502	0.0542489043189748
1.47032706033056	0.490703617760438
0.165088029467664	0.0313824661178469
0.963214248695465	0.255090594573707
-3.44754089021611	1.22379406077669
0.181837521716867	0.0460537144756759
2.76330811440907	0.780761067286217
-1.79785205353169	0.391773074809323
0.164778629348208	0.0313374327003096
-0.612487701707529	0.148134994320372
-0.614206104379299	0.148455859250315
-1.79346061997896	0.390723019452767
-2.58013588785136	0.668674470410509
-1.5026235657887	0.534584753118728
0.962025660417238	0.254682745005495
0.164778629348208	0.0313374327003096
-0.326043908260378	0.0934449166225896
-1.11951983581622	0.337809535545767
-1.25216514834477	0.561725883236464
1.84333369293536	0.727520140615955
1.47086646676889	0.49088731436037
1.96372117107544	0.45473924627511
-3.07402416243152	0.948685276185543
-1.12396372987595	0.33934973605565
-0.197316433582098	0.063550392412948
-1.24884691269776	0.559902475988545
-1.11957460536364	0.337866341493547
1.84644215856505	0.729350990286639
0.16619130625606	0.0315431724784316
0.962025660417238	0.254682745005495
-2.57098043849301	0.664920470822356
2.76109157462938	0.779871501961836
1.47032706033056	0.490703617760438
0.164778629348208	0.0313374327003096
-1.79785205353169	0.391773074809323
0.164778629348208	0.0313374327003096
-1.79346061997896	0.390723019452767
-3.07402416243152	0.948685276185543
-0.613158918177153	0.148231887572971
-2.57036588579023	0.664816582891659
-0.32531700249348	0.0932194330065639
-0.331432979676728	0.0949515324990773
0.183222271364428	0.0550052131678393
-1.79785205353169	0.391773074809323
0.962025660417238	0.254682745005495
0.963214248695465	0.255090594573707
2.76330811440907	0.780761067286217
0.963214248695465	0.255090594573707
-0.618535635333325	0.149538863092151
-3.07402416243152	0.948685276185543
-0.32531700249348	0.0932194330065639
0.165880035481028	0.0314978449610492
-1.12086886051128	0.33811902750598
1.96276901321247	0.454520391574277
-1.00377782576872	0.397156038036369
-2.57522664974505	0.666917731403372
-1.49705816852235	0.532032217355669
-1.11458449535005	0.336227635184335
-0.619069360213747	0.149654914653121
0.179369859705814	0.0539368960907662
0.686721713829268	0.219371725498129
-1.7934287506278	0.390727439150181
-1.79785205353169	0.391773074809323
-1.12086886051128	0.33811902750598
-0.494158826533737	0.186015316820675
1.06799314564954	0.408526238942959
-3.07402416243152	0.948685276185543
2.76219840038386	0.780594539857824
-0.613682540053849	0.148388769407339
2.13275419746116	0.963270597877117
2.76219840038386	0.780594539857824
0.164778629348208	0.0313374327003096
-0.613158918177153	0.148231887572971
-0.326116124892219	0.0934876536925377
0.183063896529214	0.0463401006276899
-1.49753171438992	0.532305096548695
0.165880035481028	0.0314978449610492
1.96372117107544	0.45473924627511
-2.57522664974505	0.666917731403372
-1.7934287506278	0.390727439150181
-1.7934287506278	0.390727439150181
-1.79346061997896	0.390723019452767
-1.11884555197394	0.337481516657706
0.416994646186728	0.18967122277834
0.185454319096416	0.0556335769192585
-1.11951983581622	0.337809535545767
-1.7934287506278	0.390727439150181
-0.613682540053849	0.148388769407339
-0.613158918177153	0.148231887572971
0.964404580081594	0.255330782344719
-0.331432979676728	0.0949515324990773
-0.323664690407152	0.0927962418225715
0.174866744414616	0.0599504088128746
-3.0729809879685	0.948009080411761
1.47086646676889	0.49088731436037
-1.79346061997896	0.390723019452767
-2.57098043849301	0.664920470822356
0.164778629348208	0.0313374327003096
0.165088029467664	0.0313824661178469
-0.612487701707529	0.148134994320372
0.963743115659934	0.255236344279286
4.18424075214228	2.03204738042248
-1.49561006114969	0.531433597211914
0.180484451327502	0.0542489043189748
0.16619130625606	0.0315431724784316
-1.46515587047556	0.737457902476713
-1.11963574652263	0.337715170908198
0.961881298984383	0.254903830883264
1.05841937425473	0.404493015312573
3.64371154631014	1.44368517222673
1.59428060468996	0.801026192541377
-2.57067328278635	0.665094197548339
0.963743115659934	0.255236344279286
2.76109157462938	0.779871501961836
0.165880035481028	0.0314978449610492
0.181959964224185	0.0546519449572612
0.165088029467664	0.0313824661178469
0.686270437198953	0.219228628867356
0.169566032486793	0.032038095111837
-1.1182849071041	0.337405124817419
0.169566032486793	0.032038095111837
0.165088029467664	0.0313824661178469
1.96276901321247	0.454520391574277
-1.12019427196772	0.338020301365193
0.169248055862235	0.0319917175833404
0.165880035481028	0.0314978449610492
0.688185381402826	0.219868290083128
-0.613682540053849	0.148388769407339
-0.611962616144159	0.147977912487881
0.966736740010186	0.256029100393941
1.46910411205871	0.490049168285487
-2.57067328278635	0.665094197548339
0.181837521716867	0.0460537144756759
-4.20523570887073	1.97400017901136
0.963214248695465	0.255090594573707
-3.07822553691956	0.950796797182827
-1.12519556185123	0.339754109482426
0.687453672774919	0.21969379736456
2.76219840038386	0.780594539857824
2.37761737678735	1.20510731423188
-1.7934287506278	0.390727439150181
1.96276901321247	0.454520391574277
-1.79785205353169	0.391773074809323
-0.323664690407152	0.0927962418225715
0.169248055862235	0.0319917175833404
-3.74624107806015	1.47909592511107
0.169566032486793	0.032038095111837
-0.611962616144159	0.147977912487881
0.181837521716867	0.0460537144756759
0.963214248695465	0.255090594573707
0.183610895194862	0.0464322674344966
0.966736740010186	0.256029100393941
-3.07402416243152	0.948685276185543
0.172935900909832	0.0520977646892395
3.27631781619437	1.12171855032085
-1.7934287506278	0.390727439150181
-3.07402416243152	0.948685276185543
-2.57067328278635	0.665094197548339
0.183063896529214	0.0463401006276899
-2.57098043849301	0.664920470822356
0.687368688538373	0.21962274738387
0.183063896529214	0.0463401006276899
0.165088029467664	0.0313824661178469
0.686721713829268	0.219371725498129
-2.57067328278635	0.665094197548339
0.16619130625606	0.0315431724784316
0.169248055862235	0.0319917175833404
0.687001483078787	0.219402881860221
-1.79346061997896	0.390723019452767
-1.1182849071041	0.337405124817419
-1.7934287506278	0.390727439150181
-0.613682540053849	0.148388769407339
0.184291063239428	0.0465991085839434
0.164625296117395	0.0313507498370328
1.47086646676889	0.49088731436037
0.683520003518989	0.218340470189805
0.164778629348208	0.0313374327003096
0.164778629348208	0.0313374327003096
1.96276901321247	0.454520391574277
-1.79346061997896	0.390723019452767
3.27152519356808	1.11907150574555
0.165880035481028	0.0314978449610492
3.27152519356808	1.11907150574555
-3.74551962293396	1.47870416259712
0.165088029467664	0.0313824661178469
-3.07822553691956	0.950796797182827
0.962025660417238	0.254682745005495
-0.617339897765464	0.149284387408846
-2.57067328278635	0.665094197548339
0.692481142426252	0.221366284684109
0.172879456781673	0.0668664345803421
1.79340981755434	1.00949101609598
-1.79346061997896	0.390723019452767
0.165088029467664	0.0313824661178469
-2.57098043849301	0.664920470822356
-0.195896300806791	0.0631110974355499
-0.60895933746012	0.147406558741333
0.181837521716867	0.0460537144756759
0.178254851579563	0.0536080680261321
-0.495476598007788	0.186560284391804
-0.326771057218117	0.0936418390224184
0.165880035481028	0.0314978449610492
-0.19265924146981	0.0621226000055922
0.964934921520073	0.255476948633611
-0.709319061175721	0.242738363206193
-0.331432979676728	0.0949515324990773
-3.07402416243152	0.948685276185543
-0.703264262088321	0.240508331840629
1.96372117107544	0.45473924627511
1.47209004689925	0.491178510113126
-1.7934287506278	0.390727439150181
0.178820853869998	0.0612698080138397
1.47032706033056	0.490703617760438
-1.79346061997896	0.390723019452767
0.169566032486793	0.032038095111837
-0.700673100063675	0.23947715305123
0.183063896529214	0.0463401006276899
-1.7934287506278	0.390727439150181
-0.60895933746012	0.147406558741333
0.165088029467664	0.0313824661178469
-2.57067328278635	0.665094197548339
-2.57067328278635	0.665094197548339
0.165088029467664	0.0313824661178469
0.169566032486793	0.032038095111837
-1.7934287506278	0.390727439150181
0.165088029467664	0.0313824661178469
-0.323664690407152	0.0927962418225715
-1.79346061997896	0.390723019452767
0.165880035481028	0.0314978449610492
-1.7934287506278	0.390727439150181
-0.611962616144159	0.147977912487881
-3.07402416243152	0.948685276185543
-1.7934287506278	0.390727439150181
0.184291063239428	0.0465991085839434
-0.614206104379299	0.148455859250315
1.96276901321247	0.454520391574277
0.16619130625606	0.0315431724784316
0.161251150232847	0.0308565698216007
0.16619130625606	0.0315431724784316
0.165880035481028	0.0314978449610492
0.164778629348208	0.0313374327003096
2.76109157462938	0.779871501961836
0.18374299244507	0.0464795790495071
-0.612487701707529	0.148134994320372
-1.49753171438992	0.532305096548695
2.76330811440907	0.780761067286217
2.76109157462938	0.779871501961836
0.169248055862235	0.0319917175833404
-1.79346061997896	0.390723019452767
-1.7934287506278	0.390727439150181
-1.7934287506278	0.390727439150181
-0.612487701707529	0.148134994320372
0.184971072095669	0.0467387603153735
0.165880035481028	0.0314978449610492
-0.60895933746012	0.147406558741333
-2.57098043849301	0.664920470822356
-1.12396372987595	0.33934973605565
-1.7934287506278	0.390727439150181
-0.613012730411062	0.148202450577793
-2.57098043849301	0.664920470822356
0.165088029467664	0.0313824661178469
0.165880035481028	0.0314978449610492
-1.79346061997896	0.390723019452767
0.169248055862235	0.0319917175833404
0.164778629348208	0.0313374327003096
-0.613682540053849	0.148388769407339
-1.79785205353169	0.391773074809323
-2.57036588579023	0.664816582891659
0.165088029467664	0.0313824661178469
0.691745806165962	0.221041871886146
0.165088029467664	0.0313824661178469
-1.79346061997896	0.390723019452767
-1.79346061997896	0.390723019452767
-1.7934287506278	0.390727439150181
1.96372117107544	0.45473924627511
-0.614206104379299	0.148455859250315
-1.79346061997896	0.390723019452767
-0.612487701707529	0.148134994320372
-3.44686848748983	1.22339694388155
-0.60895933746012	0.147406558741333
-3.07822553691956	0.950796797182827
-1.79346061997896	0.390723019452767
-1.79346061997896	0.390723019452767
-1.7934287506278	0.390727439150181
-1.11896025029368	0.337616084496264
0.165880035481028	0.0314978449610492
-1.7934287506278	0.390727439150181
1.06264198810457	0.406540438452512
0.972026783845071	0.25740024127234
0.688185381402826	0.219868290083128
-1.49753171438992	0.532305096548695
-3.0729809879685	0.948009080411761
-3.07454565876188	0.948489134275984
-1.49633399610699	0.531774933095134
-1.79346061997896	0.390723019452767
-0.611962616144159	0.147977912487881
0.169248055862235	0.0319917175833404
-1.79346061997896	0.390723019452767
0.187300583927818	0.0472598613580206
1.96276901321247	0.454520391574277
0.164778629348208	0.0313374327003096
-0.613158918177153	0.148231887572971
-1.79346061997896	0.390723019452767
0.962553055030982	0.254827961566665
0.165880035481028	0.0314978449610492
-0.613158918177153	0.148231887572971
1.96372117107544	0.45473924627511
-2.57036588579023	0.664816582891659
-2.05879756743872	0.939093080908095
0.962553055030982	0.254827961566665
0.963743115659934	0.255236344279286
-0.617339897765464	0.149284387408846
-0.612487701707529	0.148134994320372
-2.57067328278635	0.665094197548339
-1.79785205353169	0.391773074809323
-1.79346061997896	0.390723019452767
-1.12396372987595	0.33934973605565
-1.11390573268458	0.335899190520225
-3.44754089021611	1.22379406077669
-2.57554526884402	0.666976966437407
1.96276901321247	0.454520391574277
1.96276901321247	0.454520391574277
-1.7934287506278	0.390727439150181
-1.49705816852235	0.532032217355669
-3.07402416243152	0.948685276185543
-1.7934287506278	0.390727439150181
0.16619130625606	0.0315431724784316
1.96276901321247	0.454520391574277
-3.44686848748983	1.22339694388155
-1.7934287506278	0.390727439150181
1.96372117107544	0.45473924627511
0.164778629348208	0.0313374327003096
-0.612487701707529	0.148134994320372
0.16619130625606	0.0315431724784316
-1.11896025029368	0.337616084496264
-1.7934287506278	0.390727439150181
0.164778629348208	0.0313374327003096
-2.57067328278635	0.665094197548339
-2.57098043849301	0.664920470822356
-1.49633399610699	0.531774933095134
-3.07875719123617	0.951227905765892
-2.57036588579023	0.664816582891659
1.96684138854469	0.455504908505281
0.181159179759352	0.0458876218072277
-1.79346061997896	0.390723019452767
-2.57036588579023	0.664816582891659
1.96372117107544	0.45473924627511
0.165088029467664	0.0313824661178469
-1.79346061997896	0.390723019452767
-1.79346061997896	0.390723019452767
-3.07454565876188	0.948489134275984
0.963743115659934	0.255236344279286
0.182515705814395	0.0461929473161663
-1.79346061997896	0.390723019452767
-1.7934287506278	0.390727439150181
-1.7934287506278	0.390727439150181
-1.79346061997896	0.390723019452767
-1.7934287506278	0.390727439150181
-0.613682540053849	0.148388769407339
-0.612487701707529	0.148134994320372
-1.7934287506278	0.390727439150181
-1.12086886051128	0.33811902750598
-1.7934287506278	0.390727439150181
-1.79346061997896	0.390723019452767
-1.79346061997896	0.390723019452767
-1.7934287506278	0.390727439150181
-1.7934287506278	0.390727439150181
-1.7934287506278	0.390727439150181
-3.07402416243152	0.948685276185543
-1.7934287506278	0.390727439150181
-1.7934287506278	0.390727439150181
-3.99207475411529	1.72599723147682
-3.74696276382151	1.47929664249189
-3.07402416243152	0.948685276185543
1.96372117107544	0.45473924627511
0.688637326691298	0.220082192676685
-1.7934287506278	0.390727439150181
0.179274213223518	0.0454636418217038
-0.332618072686463	0.0952457032075058
-1.79785205353169	0.391773074809323
-1.7934287506278	0.390727439150181
0.183610895194862	0.0464322674344966
-1.11884555197394	0.337481516657706
-0.60895933746012	0.147406558741333
-1.79913083573714	0.730688065905454
-1.7934287506278	0.390727439150181
-1.79346061997896	0.390723019452767
-0.613158918177153	0.148231887572971
-0.612487701707529	0.148134994320372
0.18011793418247	0.054112323705194
-0.623962156972292	0.150791561723962
-0.326043908260378	0.0934449166225896
-1.79346061997896	0.390723019452767
-1.79346061997896	0.390723019452767
-1.79346061997896	0.390723019452767
0.165088029467664	0.0313824661178469
-1.7934287506278	0.390727439150181
-2.57036588579023	0.664816582891659
-0.324393158207149	0.0929933012825356
-1.79346061997896	0.390723019452767
-1.7934287506278	0.390727439150181
-1.49633399610699	0.531774933095134
-0.608428787479893	0.147248610626808
-1.79346061997896	0.390723019452767
-2.57067328278635	0.665094197548339
0.962553055030982	0.254827961566665
-2.57036588579023	0.664816582891659
0.972026783845071	0.25740024127234
-1.50408363202708	0.535041876234331
0.186752657299631	0.0471525522204707
-0.613682540053849	0.148388769407339
-1.7934287506278	0.390727439150181
-1.79346061997896	0.390723019452767
-1.7934287506278	0.390727439150181
0.165088029467664	0.0313824661178469
-0.709698759851068	0.242860149943732
0.165088029467664	0.0313824661178469
0.164778629348208	0.0313374327003096
-3.44821343973509	1.22397568320365
0.181837521716867	0.0460537144756759
-2.57522664974505	0.666917731403372
-1.79346061997896	0.390723019452767
-1.7934287506278	0.390727439150181
-0.496879333423488	0.187181684059415
-3.07350260546998	0.94852963330217
0.166848452031992	0.0728069562699596
0.169248055862235	0.0319917175833404
-1.12519556185123	0.339754109482426
-2.57554526884402	0.666976966437407
-1.7934287506278	0.390727439150181
0.161251150232847	0.0308565698216007
-0.323664690407152	0.0927962418225715
0.165088029467664	0.0313824661178469
-2.57098043849301	0.664920470822356
-0.326771057218117	0.0936418390224184
-1.79346061997896	0.390723019452767
-0.613682540053849	0.148388769407339
-1.79346061997896	0.390723019452767
-0.701794429638729	0.239974906557054
-3.07350260546998	0.94852963330217
-0.611962616144159	0.147977912487881
-1.5026235657887	0.534584753118728
-2.57067328278635	0.665094197548339
-0.709319061175721	0.242738363206193
0.549160121479864	0.19934633555332
-2.57067328278635	0.665094197548339
-1.7934287506278	0.390727439150181
0.169566032486793	0.032038095111837
-1.49561006114969	0.531433597211914
0.968469219672053	0.25651021792255
0.176825054435177	0.0449204608148946
0.165088029467664	0.0313824661178469
0.183610895194862	0.0464322674344966
-1.79346061997896	0.390723019452767
0.16619130625606	0.0315431724784316
-0.702869188746056	0.240388371983744
-0.32485451718176	0.0931499749349684
0.172815300536377	0.059246231431734
-0.325582325201124	0.0933470317045756
1.46955857964488	0.49050725448157
-1.7934287506278	0.390727439150181
-0.618535635333325	0.149538863092151
-1.49825523114142	0.532562193916483
-1.7934287506278	0.390727439150181
-1.79346061997896	0.390723019452767
0.182515705814395	0.0461929473161663
-3.07350260546998	0.94852963330217
-0.325582325201124	0.0933470317045756
-0.613682540053849	0.148388769407339
-1.4910268757554	0.529288422761213
-2.57067328278635	0.665094197548339
-1.7934287506278	0.390727439150181
-0.611962616144159	0.147977912487881
-0.323664690407152	0.0927962418225715
-1.79346061997896	0.390723019452767
0.165880035481028	0.0314978449610492
0.164778629348208	0.0313374327003096
-1.12519556185123	0.339754109482426
0.165088029467664	0.0313824661178469
3.27631781619437	1.12171855032085
-0.701407652969022	0.239760620804689
0.192388128577069	0.048380175396211
-1.11896025029368	0.337616084496264
0.165880035481028	0.0314978449610492
-1.79346061997896	0.390723019452767
-1.7934287506278	0.390727439150181
0.169566032486793	0.032038095111837
-1.79785205353169	0.391773074809323
-1.7934287506278	0.390727439150181
-1.49561006114969	0.531433597211914
-0.7085818841146	0.242531688950869
1.96276901321247	0.454520391574277
-0.613682540053849	0.148388769407339
-1.1152634133402	0.336439469187697
2.76559849788836	0.78194178274137
0.958352222975233	0.253964848564806
-0.611962616144159	0.147977912487881
0.164778629348208	0.0313374327003096
-1.79346061997896	0.390723019452767
-0.617339897765464	0.149284387408846
1.96372117107544	0.45473924627511
-2.57067328278635	0.665094197548339
-1.12026119291491	0.338168680078347
-2.57098043849301	0.664920470822356
-1.11760971687047	0.337077079720442
-1.7934287506278	0.390727439150181
-0.614206104379299	0.148455859250315
-2.57098043849301	0.664920470822356
-0.618535635333325	0.149538863092151
0.165880035481028	0.0314978449610492
-0.325582325201124	0.0933470317045756
-0.326771057218117	0.0936418390224184
-1.7934287506278	0.390727439150181
0.160144755571284	0.0306956063740573
-1.49705816852235	0.532032217355669
1.96276901321247	0.454520391574277
1.05952860814689	0.405011691745652
-3.75264910584631	1.48269475206903
-0.201906699363454	0.0650030146049408
-0.702529153090903	0.24025873050893
0.16619130625606	0.0315431724784316
-4.00008448853862	1.73222233027689
0.169055769665861	0.0509845854978933
-2.57554526884402	0.666976966437407
-1.12019427196772	0.338020301365193
-3.44754089021611	1.22379406077669
-2.57554526884402	0.666976966437407
-1.79346061997896	0.390723019452767
-0.619069360213747	0.149654914653121
-0.612487701707529	0.148134994320372
-0.612487701707529	0.148134994320372
-2.57067328278635	0.665094197548339
-0.325582325201124	0.0933470317045756
0.187435346122179	0.047292837125537
0.165088029467664	0.0313824661178469
0.184971072095669	0.0467387603153735
-0.618535635333325	0.149538863092151
-0.32485451718176	0.0931499749349684
0.182384642090162	0.0461735738884295
-1.79346061997896	0.390723019452767
0.179369859705814	0.0539368960907662
1.96276901321247	0.454520391574277
-0.321741768636823	0.0922885496388945
0.961881298984383	0.254903830883264
-3.07402416243152	0.948685276185543
-0.326116124892219	0.0934876536925377
0.181837521716867	0.0460537144756759
1.96276901321247	0.454520391574277
-0.619069360213747	0.149654914653121
-3.07350260546998	0.94852963330217
1.34928261545842	0.597043496460796
-0.611962616144159	0.147977912487881
-1.7934287506278	0.390727439150181
-1.11896025029368	0.337616084496264
0.165088029467664	0.0313824661178469
-1.11951983581622	0.337809535545767
-3.07350260546998	0.94852963330217
-1.49247986516622	0.53011506511111
-1.7934287506278	0.390727439150181
-3.74624107806015	1.47909592511107
-0.612487701707529	0.148134994320372
0.175155035311403	0.0527334069281177
0.165088029467664	0.0313824661178469
-1.7934287506278	0.390727439150181
-2.57067328278635	0.665094197548339
-1.11390573268458	0.335899190520225
1.96276901321247	0.454520391574277
-1.7934287506278	0.390727439150181
0.686721713829268	0.219371725498129
-0.326771057218117	0.0936418390224184
-1.49778257857282	0.532153748454207
-2.57067328278635	0.665094197548339
0.686721713829268	0.219371725498129
-3.44754089021611	1.22379406077669
-0.32531700249348	0.0932194330065639
-1.7934287506278	0.390727439150181
1.96372117107544	0.45473924627511
0.183063896529214	0.0463401006276899
0.16619130625606	0.0315431724784316
0.164778629348208	0.0313374327003096
0.182515705814395	0.0461929473161663
-3.07350260546998	0.94852963330217
0.165088029467664	0.0313824661178469
-1.79346061997896	0.390723019452767
0.165088029467664	0.0313824661178469
-2.57067328278635	0.665094197548339
-0.613158918177153	0.148231887572971
0.188667958543402	0.04756856032199
-2.57036588579023	0.664816582891659
0.160144755571284	0.0306956063740573
-0.60895933746012	0.147406558741333
-1.7934287506278	0.390727439150181
0.181222403711057	0.0544586569816679
-0.613158918177153	0.148231887572971
0.187984352048437	0.0474280610765032
-0.329512287054466	0.094417417841927
1.96684138854469	0.455504908505281
1.84066711299049	0.726365639107333
-3.0729809879685	0.948009080411761
-1.49825523114142	0.532562193916483
2.76330811440907	0.780761067286217
-1.7934287506278	0.390727439150181
-1.12528909869008	0.339740126445227
-2.57036588579023	0.664816582891659
-0.703999757003376	0.240702491325751
0.164778629348208	0.0313374327003096
-1.7934287506278	0.390727439150181
-2.57067328278635	0.665094197548339
0.178049240810411	0.0452053813438565
1.05767805940452	0.40430204105456
-3.07402416243152	0.948685276185543
-1.79785205353169	0.391773074809323
-1.7934287506278	0.390727439150181
-2.57067328278635	0.665094197548339
-1.79785205353169	0.391773074809323
-2.57098043849301	0.664920470822356
-1.7934287506278	0.390727439150181
-2.04896945823684	0.93265893552962
-0.613158918177153	0.148231887572971
0.18374299244507	0.0464795790495071
-1.25188772636848	0.561803268010386
-3.44754089021611	1.22379406077669
-2.57067328278635	0.665094197548339
1.96276901321247	0.454520391574277
-1.79346061997896	0.390723019452767
1.96684138854469	0.455504908505281
0.165880035481028	0.0314978449610492
0.187435346122179	0.047292837125537
0.169566032486793	0.032038095111837
-1.79346061997896	0.390723019452767
-1.79346061997896	0.390723019452767
0.16619130625606	0.0315431724784316
-0.613158918177153	0.148231887572971
0.184338509014023	0.0553315106563962
-0.613682540053849	0.148388769407339
0.963214248695465	0.255090594573707
-1.79346061997896	0.390723019452767
0.183063896529214	0.0463401006276899
-1.11951983581622	0.337809535545767
0.169566032486793	0.032038095111837
0.181837521716867	0.0460537144756759
0.18374299244507	0.0464795790495071
-1.12019427196772	0.338020301365193
0.165088029467664	0.0313824661178469
0.164778629348208	0.0313374327003096
-3.07350260546998	0.94852963330217
-1.79346061997896	0.390723019452767
0.187984352048437	0.0474280610765032
1.96276901321247	0.454520391574277
-1.11896025029368	0.337616084496264
0.962553055030982	0.254827961566665
0.165088029467664	0.0313824661178469
-0.611962616144159	0.147977912487881
-2.57098043849301	0.664920470822356
0.964934921520073	0.255476948633611
-2.57036588579023	0.664816582891659
0.169248055862235	0.0319917175833404
-0.323664690407152	0.0927962418225715
-1.7934287506278	0.390727439150181
-0.69828209728105	0.238636183590358
-0.614206104379299	0.148455859250315
0.183610895194862	0.0464322674344966
-1.1245135089551	0.339452387639693
-2.57098043849301	0.664920470822356
-2.57067328278635	0.665094197548339
0.165880035481028	0.0314978449610492
-1.79346061997896	0.390723019452767
-0.619069360213747	0.149654914653121
0.164778629348208	0.0313374327003096
-2.57098043849301	0.664920470822356
0.16619130625606	0.0315431724784316
-0.32485451718176	0.0931499749349684
1.96372117107544	0.45473924627511
1.46964366147565	0.490422889690681
0.164778629348208	0.0313374327003096
-0.609489833121369	0.147475344257464
-1.12328075924743	0.339047939506251
-1.79346061997896	0.390723019452767
-2.57098043849301	0.664920470822356
0.962025660417238	0.254682745005495
1.96276901321247	0.454520391574277
-0.326043908260378	0.0934449166225896
1.96372117107544	0.45473924627511
-1.49680843456756	0.531963842405938
-0.703651055748467	0.240588737528622
-0.617339897765464	0.149284387408846
1.47155078449581	0.491168545293048
-2.57036588579023	0.664816582891659
-1.79346061997896	0.390723019452767
0.164778629348208	0.0313374327003096
0.165088029467664	0.0313824661178469
-3.44686848748983	1.22339694388155
-2.57098043849301	0.664920470822356
-1.7934287506278	0.390727439150181
-1.7934287506278	0.390727439150181
-1.79346061997896	0.390723019452767
-1.79785205353169	0.391773074809323
0.183222271364428	0.0550052131678393
-2.57036588579023	0.664816582891659
-1.11963574652263	0.337715170908198
0.962553055030982	0.254827961566665
-3.07350260546998	0.94852963330217
-2.57522664974505	0.666917731403372
0.181159179759352	0.0458876218072277
-1.11896025029368	0.337616084496264
-1.11963574652263	0.337715170908198
0.964934921520073	0.255476948633611
-1.79346061997896	0.390723019452767
1.96276901321247	0.454520391574277
0.687001483078787	0.219402881860221
-3.07822553691956	0.950796797182827
-3.07875719123617	0.951227905765892
1.96372117107544	0.45473924627511
-0.614206104379299	0.148455859250315
0.964934921520073	0.255476948633611
0.164778629348208	0.0313374327003096
-3.45307509546519	1.22686211973226
-1.79346061997896	0.390723019452767
-1.50142880975048	0.534054734577795
-1.79346061997896	0.390723019452767
-2.57036588579023	0.664816582891659
-2.57036588579023	0.664816582891659
-2.57067328278635	0.665094197548339
-1.7934287506278	0.390727439150181
-2.57554526884402	0.666976966437407
-1.12094794119803	0.338304428987289
0.178586346650125	0.0453095875153282
-2.57067328278635	0.665094197548339
-0.614206104379299	0.148455859250315
-2.57098043849301	0.664920470822356
2.76109157462938	0.779871501961836
-2.57067328278635	0.665094197548339
-0.612487701707529	0.148134994320372
-2.57036588579023	0.664816582891659
-1.7934287506278	0.390727439150181
-1.7934287506278	0.390727439150181
0.164778629348208	0.0313374327003096
0.165880035481028	0.0314978449610492
0.16619130625606	0.0315431724784316
-1.79346061997896	0.390723019452767
-3.07402416243152	0.948685276185543
-1.7934287506278	0.390727439150181
-1.7934287506278	0.390727439150181
-1.79346061997896	0.390723019452767
-2.57036588579023	0.664816582891659
-1.79346061997896	0.390723019452767
-3.07402416243152	0.948685276185543
-2.57067328278635	0.665094197548339
0.182384642090162	0.0461735738884295
0.176263706576241	0.0530277163300986
-0.611962616144159	0.147977912487881
0.180107983152346	0.0541465694868784
1.84258516456861	0.727293955790375
-1.79346061997896	0.390723019452767
-1.79346061997896	0.390723019452767
-0.614206104379299	0.148455859250315
-4.00081888775666	1.73209245867979
0.183063896529214	0.0463401006276899
-2.57067328278635	0.665094197548339
-1.79346061997896	0.390723019452767
-0.612487701707529	0.148134994320372
-0.326771057218117	0.0936418390224184
0.165880035481028	0.0314978449610492
0.18374299244507	0.0464795790495071
-1.7934287506278	0.390727439150181
-1.7934287506278	0.390727439150181
-2.57098043849301	0.664920470822356
-1.79799823071143	0.730058439715731
-2.57554526884402	0.666976966437407
-2.57036588579023	0.664816582891659
1.96684138854469	0.455504908505281
0.963214248695465	0.255090594573707
-1.79839826083819	0.730397358466732
-0.698670682702589	0.238794577468402
-1.79785205353169	0.391773074809323
-2.57098043849301	0.664920470822356
-3.07454565876188	0.948489134275984
-1.79346061997896	0.390723019452767
-3.44821343973509	1.22397568320365
-1.7934287506278	0.390727439150181
-1.7934287506278	0.390727439150181
-3.07350260546998	0.94852963330217
-0.497168322643533	0.187278575885264
0.180484451327502	0.0542489043189748
-3.07402416243152	0.948685276185543
0.165880035481028	0.0314978449610492
-1.79346061997896	0.390723019452767
-0.329964215322259	0.0945505800706473
0.165880035481028	0.0314978449610492
-1.7934287506278	0.390727439150181
-1.7934287506278	0.390727439150181
0.169566032486793	0.032038095111837
-1.7934287506278	0.390727439150181
-2.57522664974505	0.666917731403372
0.962553055030982	0.254827961566665
-1.7934287506278	0.390727439150181
-1.79785205353169	0.391773074809323
1.96276901321247	0.454520391574277
-1.7934287506278	0.390727439150181
-1.79346061997896	0.390723019452767
-1.7934287506278	0.390727439150181
-3.07875719123617	0.951227905765892
-1.7934287506278	0.390727439150181
-1.7934287506278	0.390727439150181
-1.7934287506278	0.390727439150181
-1.79346061997896	0.390723019452767
0.165088029467664	0.0313824661178469
-0.611962616144159	0.147977912487881
-1.79346061997896	0.390723019452767
-2.57554526884402	0.666976966437407
-1.79346061997896	0.390723019452767
-1.7934287506278	0.390727439150181
-3.44821343973509	1.22397568320365
-1.7934287506278	0.390727439150181
-3.07402416243152	0.948685276185543
-1.7934287506278	0.390727439150181
-1.79346061997896	0.390723019452767
0.180107983152346	0.0541465694868784
-0.0707897849382779	0.0278824452057237
0.17428253189649	0.067415215827049
-0.582165612248257	0.276540909734545
-1.12086886051128	0.33811902750598
-0.702529153090903	0.24025873050893
0.549516086641495	0.199542874934359
-2.57098043849301	0.664920470822356
-1.7934287506278	0.390727439150181
0.179369859705814	0.0539368960907662
-1.79785205353169	0.391773074809323
-1.50189389559208	0.534121741351592
-0.325582325201124	0.0933470317045756
0.164778629348208	0.0313374327003096
3.94131434673369	1.74409517718346
-0.612487701707529	0.148134994320372
1.96372117107544	0.45473924627511
-2.57036588579023	0.664816582891659
-1.79346061997896	0.390723019452767
0.165880035481028	0.0314978449610492
0.184291063239428	0.0465991085839434
0.179369859705814	0.0539368960907662
-0.613682540053849	0.148388769407339
-1.00448642825666	0.397437675069127
-0.326310377140785	0.0935168437296262
-2.57067328278635	0.665094197548339
-0.697547507150818	0.238387277313668
-0.613158918177153	0.148231887572971
-1.12094794119803	0.338304428987289
-0.744216121275988	0.321768796683503
-0.697547507150818	0.238387277313668
-2.57554526884402	0.666976966437407
-0.331884233338781	0.0950660268702792
0.183063896529214	0.0463401006276899
0.182973217707566	0.0462917199497201
-3.0729809879685	0.948009080411761
-1.79346061997896	0.390723019452767
0.184291063239428	0.0465991085839434
-2.57098043849301	0.664920470822356
-1.25490491501585	0.563182844715537
-1.00377782576872	0.397156038036369
-2.04787602398227	0.931932803365012
1.96372117107544	0.45473924627511
-0.124442240843376	0.0442663690892336
-0.283918615370173	0.128762696006963
0.179556964119904	0.0783594773541941
-0.701407652969022	0.239760620804689
-0.320281010212049	0.0918656344140368
0.165088029467664	0.0313824661178469
-0.613012730411062	0.148202450577793
-4.20523570887073	1.97400017901136
-1.49825523114142	0.532562193916483
0.548802214907851	0.199198529969934
-1.1152634133402	0.336439469187697
0.183610895194862	0.0464322674344966
-1.49608539149807	0.531478987360942
3.94404333145349	1.74617514669156
1.05804592236107	0.404331959594976
1.59361466522007	0.80088415110559
-3.75046496352693	1.48199107071708
0.178254851579563	0.0536080680261321
-1.79346061997896	0.390723019452767
-1.79785205353169	0.391773074809323
-1.7934287506278	0.390727439150181
1.96372117107544	0.45473924627511
-2.57067328278635	0.665094197548339
-1.12519556185123	0.339754109482426
-3.0729809879685	0.948009080411761
-3.07350260546998	0.94852963330217
-1.79785205353169	0.391773074809323
-0.330698472981565	0.0947716626031445
2.13958082308296	0.967639587738095
-0.614206104379299	0.148455859250315
0.687453672774919	0.21969379736456
0.184291063239428	0.0465991085839434
-3.07875719123617	0.951227905765892
-0.611962616144159	0.147977912487881
0.166867074881095	0.0572696115379919
-0.613158918177153	0.148231887572971
0.184291063239428	0.0465991085839434
0.181959964224185	0.0546519449572612
-0.707845094848957	0.242262716671496
-2.57067328278635	0.665094197548339
0.160144755571284	0.0306956063740573
1.84140390214436	0.726768879551614
-0.323664690407152	0.0927962418225715
-0.497540036768389	0.187445875024767
-3.44821343973509	1.22397568320365
1.96276901321247	0.454520391574277
0.165088029467664	0.0313824661178469
0.181159179759352	0.0458876218072277
2.13736636122811	0.966264970252144
-1.79785205353169	0.391773074809323
-1.7934287506278	0.390727439150181
1.84525714600486	0.728756039651982
0.179369859705814	0.0539368960907662
-0.697936306259444	0.23851153813937
3.27032462336087	1.11801013776878
-0.702916162136118	0.240304795913802
2.76109157462938	0.779871501961836
0.186752657299631	0.0471525522204707
0.179008086694114	0.0538125056714061
0.186069807523728	0.046984734903896
-2.57067328278635	0.665094197548339
0.181159179759352	0.0458876218072277
0.17863134392367	0.0537118645556901
-0.326771057218117	0.0936418390224184
1.83904259060411	0.725255788020061
-1.7934287506278	0.390727439150181
0.182281708516407	0.0461365657769329
3.94524209007654	1.74713132583643
-0.609489833121369	0.147475344257464
0.687453672774919	0.21969379736456
-1.30278821710344	0.805956315976613
-0.954638035747533	0.468306953228816
-0.613158918177153	0.148231887572971
-3.07402416243152	0.948685276185543
0.165088029467664	0.0313824661178469
-1.7934287506278	0.390727439150181
-0.703651055748467	0.240588737528622
-1.11951983581622	0.337809535545767
3.2811485523965	1.12364699463245
-1.11760971687047	0.337077079720442
-2.57036588579023	0.664816582891659
-1.79346061997896	0.390723019452767
-1.79785205353169	0.391773074809323
0.161251150232847	0.0308565698216007
0.174204355272961	0.0597247391277113
-1.11760971687047	0.337077079720442
-0.319817646410374	0.0917687104349087
-0.613682540053849	0.148388769407339
0.165088029467664	0.0313824661178469
2.76559849788836	0.78194178274137
-1.7934287506278	0.390727439150181
0.161251150232847	0.0308565698216007
-0.613158918177153	0.148231887572971
-2.57067328278635	0.665094197548339
-0.619069360213747	0.149654914653121
-1.79346061997896	0.390723019452767
1.84258516456861	0.727293955790375
-0.611962616144159	0.147977912487881
0.169566032486793	0.032038095111837
0.165880035481028	0.0314978449610492
3.27631781619437	1.12171855032085
0.165880035481028	0.0314978449610492
-1.79785205353169	0.391773074809323
0.957162742729009	0.253557522610441
0.165880035481028	0.0314978449610492
-1.79346061997896	0.390723019452767
0.16619130625606	0.0315431724784316
0.963214248695465	0.255090594573707
-1.7934287506278	0.390727439150181
-1.25216514834477	0.561725883236464
-0.701794429638729	0.239974906557054
0.182336403143595	0.0547549505032696
0.687904703717867	0.219759625438134
-0.196606144995592	0.0633346995977349
-0.613682540053849	0.148388769407339
0.174204355272961	0.0597247391277113
1.96372117107544	0.45473924627511
-3.07822553691956	0.950796797182827
0.182515705814395	0.0461929473161663
0.183063896529214	0.0463401006276899
0.182384642090162	0.0461735738884295
-1.79799823071143	0.730058439715731
0.180107983152346	0.0541465694868784
-1.7934287506278	0.390727439150181
0.174045724149933	0.0524237595938313
-3.75046496352693	1.48199107071708
-1.46515587047556	0.737457902476713
-0.608428787479893	0.147248610626808
-0.614206104379299	0.148455859250315
-0.196970790009868	0.0634432336968819
2.76109157462938	0.779871501961836
0.182384642090162	0.0461735738884295
0.16619130625606	0.0315431724784316
0.177362298643623	0.0450515694227369
-3.44821343973509	1.22397568320365
-0.617875104469477	0.149400727468359
-0.611962616144159	0.147977912487881
0.680421237638035	0.217245422782273
0.175891515215909	0.0602877256141385
-3.07875719123617	0.951227905765892
0.165880035481028	0.0314978449610492
1.47333622017027	0.491753136545405
-1.11951983581622	0.337809535545767
-1.79785205353169	0.391773074809323
-1.79346061997896	0.390723019452767
-1.00306966229617	0.39683135622738
0.687453672774919	0.21969379736456
0.184338509014023	0.0553315106563962
0.160144755571284	0.0306956063740573
-1.12019427196772	0.338020301365193
2.76330811440907	0.780761067286217
2.76219840038386	0.780594539857824
0.169248055862235	0.0319917175833404
1.06799314564954	0.408526238942959
-1.79346061997896	0.390723019452767
1.96372117107544	0.45473924627511
-0.32685310795758	0.0937088146974829
1.06375255943934	0.407031400293661
0.164778629348208	0.0313374327003096
0.962025660417238	0.254682745005495
-0.707465428768275	0.242033353320822
1.96372117107544	0.45473924627511
0.165880035481028	0.0314978449610492
0.164778629348208	0.0313374327003096
-2.57067328278635	0.665094197548339
0.181837521716867	0.0460537144756759
0.964404580081594	0.255330782344719
-0.614206104379299	0.148455859250315
0.966736740010186	0.256029100393941
0.164778629348208	0.0313374327003096
-0.612487701707529	0.148134994320372
0.169248055862235	0.0319917175833404
-0.618535635333325	0.149538863092151
-0.701407652969022	0.239760620804689
1.84451762847753	0.728350716630867
-2.04787602398227	0.931932803365012
-0.32485451718176	0.0931499749349684
0.175727878726939	0.0679905067665371
-0.496879333423488	0.187181684059415
0.165088029467664	0.0313824661178469
0.168550105131561	0.0578455983856731
-0.708225225424176	0.242257120133667
3.27272750868887	1.11966450015405
0.164778629348208	0.0313374327003096
-1.50408363202708	0.535041876234331
-1.7934287506278	0.390727439150181
-3.44754089021611	1.22379406077669
-1.12019427196772	0.338020301365193
-3.45307509546519	1.22686211973226
-1.1152634133402	0.336439469187697
-3.44686848748983	1.22339694388155
0.963743115659934	0.255236344279286
1.96372117107544	0.45473924627511
2.76330811440907	0.780761067286217
-0.123220651484122	0.0438507532384957
0.165088029467664	0.0313824661178469
-0.702142591343233	0.240009967793785
3.27272750868887	1.11966450015405
1.06227192186728	0.40611816355748
-1.11963574652263	0.337715170908198
1.83948692258838	0.725717515665962
1.35170505429441	0.598459395279544
-0.613012730411062	0.148202450577793
1.47402323433779	0.492035659807906
-1.79346061997896	0.390723019452767
-0.614206104379299	0.148455859250315
-0.617875104469477	0.149400727468359
0.164778629348208	0.0313374327003096
-1.79693424859175	0.729556600315067
-0.702916162136118	0.240304795913802
-1.80221458601455	0.732350899472888
-2.57067328278635	0.665094197548339
-1.00344380433825	0.396818957300656
0.967271104517323	0.256176548116206
-1.00198766685669	0.396175079052544
-0.325582325201124	0.0933470317045756
-0.612487701707529	0.148134994320372
0.165880035481028	0.0314978449610492
0.958352222975233	0.253964848564806
-0.613158918177153	0.148231887572971
1.47086646676889	0.49088731436037
0.164778629348208	0.0313374327003096
-1.79346061997896	0.390723019452767
0.164778629348208	0.0313374327003096
-2.57067328278635	0.665094197548339
-0.331884233338781	0.0950660268702792
-1.79785205353169	0.391773074809323
0.16619130625606	0.0315431724784316
0.967933372585482	0.256362285789635
0.165880035481028	0.0314978449610492
0.687453672774919	0.21969379736456
-1.7934287506278	0.390727439150181
-1.79346061997896	0.390723019452767
-1.79346061997896	0.390723019452767
-0.707845094848957	0.242262716671496
-0.120844504686832	0.0430331190822174
0.473198825825499	0.192238507652064
-1.00377782576872	0.397156038036369
0.181837521716867	0.0460537144756759
0.180107983152346	0.0541465694868784
-1.7934287506278	0.390727439150181
-2.57036588579023	0.664816582891659
-3.07350260546998	0.94852963330217
-3.44754089021611	1.22379406077669
0.186191748429242	0.055843722836046
-0.32685310795758	0.0937088146974829
-0.611962616144159	0.147977912487881
-0.704386334982379	0.240838421723177
-0.331884233338781	0.0950660268702792
-0.49613611015179	0.18680498850242
-2.45326337716869	1.36265853308329
-0.60895933746012	0.147406558741333
1.84302870233133	0.727219634707302
-1.00557028486789	0.397794564458927
-1.79346061997896	0.390723019452767
-3.07875719123617	0.951227905765892
-0.325582325201124	0.0933470317045756
-1.11951983581622	0.337809535545767
-0.614206104379299	0.148455859250315
1.05767805940452	0.40430204105456
-0.705458740480212	0.241268810410657
-1.7934287506278	0.390727439150181
-1.79346061997896	0.390723019452767
0.16619130625606	0.0315431724784316
-1.7934287506278	0.390727439150181
-1.49247986516622	0.53011506511111
-3.07350260546998	0.94852963330217
1.84140390214436	0.726768879551614
0.181837521716867	0.0460537144756759
-2.57036588579023	0.664816582891659
0.181159179759352	0.0458876218072277
2.76219840038386	0.780594539857824
0.173178140989587	0.0593793792188454
-3.75192082283692	1.48279230677585
1.47579162106182	0.492713238749138
0.168910828881268	0.0579679737759373
-0.611962616144159	0.147977912487881
1.96276901321247	0.454520391574277
2.76109157462938	0.779871501961836
1.96372117107544	0.45473924627511
1.47155078449581	0.491168545293048
0.16619130625606	0.0315431724784316
-3.44754089021611	1.22379406077669
0.16619130625606	0.0315431724784316
1.96372117107544	0.45473924627511
0.967933372585482	0.256362285789635
-0.612487701707529	0.148134994320372
-0.326771057218117	0.0936418390224184
-1.79346061997896	0.390723019452767
-1.79785205353169	0.391773074809323
-1.12519556185123	0.339754109482426
-2.57522664974505	0.666917731403372
-2.57067328278635	0.665094197548339
-0.617875104469477	0.149400727468359
-0.329512287054466	0.094417417841927
-1.11951983581622	0.337809535545767
-0.761835013100273	0.409542714061078
-0.368473515796966	0.152126402494495
-2.26242493878739	1.14013745163896
-0.611962616144159	0.147977912487881
-1.7934287506278	0.390727439150181
-0.612487701707529	0.148134994320372
-1.79346061997896	0.390723019452767
-1.79346061997896	0.390723019452767
0.165088029467664	0.0313824661178469
0.165088029467664	0.0313824661178469
1.35458372256336	0.600126054059965
0.964404580081594	0.255330782344719
-2.57036588579023	0.664816582891659
-0.614206104379299	0.148455859250315
0.160144755571284	0.0306956063740573
0.165088029467664	0.0313824661178469
-0.613012730411062	0.148202450577793
0.964934921520073	0.255476948633611
0.168550105131561	0.0578455983856731
0.167528719988263	0.0574898975108769
-0.703264262088321	0.240508331840629
0.963214248695465	0.255090594573707
-2.57036588579023	0.664816582891659
-0.316681892694892	0.0908861067323367
-0.321011266565823	0.0920911495247304
-0.612487701707529	0.148134994320372
-2.57067328278635	0.665094197548339
-1.7934287506278	0.390727439150181
-0.613682540053849	0.148388769407339
1.96276901321247	0.454520391574277
-0.613682540053849	0.148388769407339
1.96276901321247	0.454520391574277
1.96372117107544	0.45473924627511
-1.79346061997896	0.390723019452767
1.96372117107544	0.45473924627511
1.47032706033056	0.490703617760438
2.76330811440907	0.780761067286217
2.76109157462938	0.779871501961836
0.165088029467664	0.0313824661178469
0.165088029467664	0.0313824661178469
-1.7934287506278	0.390727439150181
-1.7934287506278	0.390727439150181
-2.57067328278635	0.665094197548339
-3.07875719123617	0.951227905765892
-1.12026119291491	0.338168680078347
-1.7934287506278	0.390727439150181
-1.7934287506278	0.390727439150181
-2.57067328278635	0.665094197548339
-1.79346061997896	0.390723019452767
-4.20735513934466	1.97508514789082
-0.365807385804441	0.151036991110362
0.183063896529214	0.0463401006276899
-4.21102384540373	1.97957765612264
-1.49753171438992	0.532305096548695
-1.1258777723839	0.339888304991231
-1.79580215183768	0.728927756357995
-0.698670682702589	0.238794577468402
1.84302870233133	0.727219634707302
0.182384642090162	0.0461735738884295
-3.07350260546998	0.94852963330217
-2.26465752747387	1.14231945914117
0.177362298643623	0.0450515694227369
-0.613682540053849	0.148388769407339
-2.57036588579023	0.664816582891659
0.165880035481028	0.0314978449610492
0.962553055030982	0.254827961566665
0.165088029467664	0.0313824661178469
-1.79346061997896	0.390723019452767
-4.20735513934466	1.97508514789082
-0.613012730411062	0.148202450577793
1.06486169296399	0.40740811103867
-0.326043908260378	0.0934449166225896
0.160144755571284	0.0306956063740573
-0.193735099625946	0.0624393983877589
-1.11951983581622	0.337809535545767
0.967933372585482	0.256362285789635
-0.60895933746012	0.147406558741333
-3.07402416243152	0.948685276185543
0.957162742729009	0.253557522610441
0.549580771497717	0.199544396425318
-0.321011266565823	0.0920911495247304
1.46842163094462	0.489769078028611
-0.19910365870945	0.0640861380590307
-0.702529153090903	0.24025873050893
1.96372117107544	0.45473924627511
-1.49705816852235	0.532032217355669
-0.617875104469477	0.149400727468359
-1.00236193740671	0.396463059052617
0.689369698791533	0.22025689756634
0.959543454922691	0.254205280821647
1.46842163094462	0.489769078028611
-0.124442240843376	0.0442663690892336
-0.703264262088321	0.240508331840629
-3.99500196333994	1.7279060597149
-1.7934287506278	0.390727439150181
1.46964366147565	0.490422889690681
-1.49756982395339	0.532388959419506
-1.79346061997896	0.390723019452767
-1.79346061997896	0.390723019452767
1.96372117107544	0.45473924627511
-1.11884555197394	0.337481516657706
-2.57067328278635	0.665094197548339
-1.00943392667062	0.399735935116325
1.59361466522007	0.80088415110559
-1.7934287506278	0.390727439150181
-0.13613419904386	0.0483273746012386
-3.07350260546998	0.94852963330217
-2.04249312224762	0.928496345266382
-1.12519556185123	0.339754109482426
0.963743115659934	0.255236344279286
-1.11951983581622	0.337809535545767
0.176552672502959	0.0605054209747227
-3.07350260546998	0.94852963330217
-0.331884233338781	0.0950660268702792
-0.326043908260378	0.0934449166225896
1.85076739399678	0.731080313771041
-1.79346061997896	0.390723019452767
0.169248055862235	0.0319917175833404
-0.612487701707529	0.148134994320372
-1.12519556185123	0.339754109482426
1.35599982772491	0.600674346947817
-0.617875104469477	0.149400727468359
-1.79346061997896	0.390723019452767
-1.7934287506278	0.390727439150181
1.47086646676889	0.49088731436037
-1.7934287506278	0.390727439150181
1.47032706033056	0.490703617760438
0.160144755571284	0.0306956063740573
-1.12019427196772	0.338020301365193
0.164778629348208	0.0313374327003096
0.161251150232847	0.0308565698216007
-1.7934287506278	0.390727439150181
0.165880035481028	0.0314978449610492
1.3509899510682	0.597807360301759
-1.79346061997896	0.390723019452767
-0.613682540053849	0.148388769407339
0.165880035481028	0.0314978449610492
0.16619130625606	0.0315431724784316
-1.79346061997896	0.390723019452767
2.76671632811135	0.782410087450427
-2.57067328278635	0.665094197548339
-2.57067328278635	0.665094197548339
0.968469219672053	0.25651021792255
1.96372117107544	0.45473924627511
0.164778629348208	0.0313374327003096
0.160144755571284	0.0306956063740573
-3.08351879397427	0.953227279124287
3.27272750868887	1.11966450015405
-0.966631855027734	0.476336609814369
-1.79839826083819	0.730397358466732
-0.326771057218117	0.0936418390224184
-0.703264262088321	0.240508331840629
0.16619130625606	0.0315431724784316
-3.07350260546998	0.94852963330217
-2.57036588579023	0.664816582891659
2.76109157462938	0.779871501961836
1.96276901321247	0.454520391574277
0.175528710194884	0.0601682623632123
-0.319817646410374	0.0917687104349087
0.187984352048437	0.0474280610765032
-0.613158918177153	0.148231887572971
0.181837521716867	0.0460537144756759
-1.79346061997896	0.390723019452767
-3.44754089021611	1.22379406077669
0.165880035481028	0.0314978449610492
-2.57067328278635	0.665094197548339
-0.322472516615752	0.0924590549090847
-1.49778257857282	0.532153748454207
3.27272750868887	1.11966450015405
2.13847384175308	0.967026817523456
-3.07454565876188	0.948489134275984
0.189682102272299	0.0567965132651261
0.169566032486793	0.032038095111837
0.963214248695465	0.255090594573707
-0.618535635333325	0.149538863092151
-3.08406063790942	0.953411710574981
-2.57067328278635	0.665094197548339
1.96372117107544	0.45473924627511
0.16619130625606	0.0315431724784316
-0.613682540053849	0.148388769407339
0.688185381402826	0.219868290083128
0.181222403711057	0.0544586569816679
1.96684138854469	0.455504908505281
1.96372117107544	0.45473924627511
-1.7934287506278	0.390727439150181
0.176825054435177	0.0449204608148946
1.96372117107544	0.45473924627511
-2.57036588579023	0.664816582891659
0.958352222975233	0.253964848564806
-1.7934287506278	0.390727439150181
-0.613682540053849	0.148388769407339
1.96372117107544	0.45473924627511
-0.619069360213747	0.149654914653121
-0.921962156895633	0.556547345767723
-0.613804976594409	0.148553206549543
-0.617875104469477	0.149400727468359
-1.49488636347355	0.53094883647402
-1.00236193740671	0.396463059052617
-0.32685310795758	0.0937088146974829
-0.19624115961797	0.0631993229606972
-2.57067328278635	0.665094197548339
-1.79346061997896	0.390723019452767
-3.07350260546998	0.94852963330217
-1.80328874130775	0.733096849202467
-1.11884555197394	0.337481516657706
-2.57067328278635	0.665094197548339
-0.611962616144159	0.147977912487881
0.963214248695465	0.255090594573707
1.96276901321247	0.454520391574277
0.169566032486793	0.032038095111837
-1.79346061997896	0.390723019452767
0.165088029467664	0.0313824661178469
2.76219840038386	0.780594539857824
-0.613682540053849	0.148388769407339
-0.617875104469477	0.149400727468359
1.96684138854469	0.455504908505281
1.96372117107544	0.45473924627511
-0.32485451718176	0.0931499749349684
0.181837521716867	0.0460537144756759
-1.7934287506278	0.390727439150181
-1.7934287506278	0.390727439150181
-3.99426960204548	1.72770098156261
-0.702142591343233	0.240009967793785
-3.07402416243152	0.948685276185543
-2.57067328278635	0.665094197548339
2.76219840038386	0.780594539857824
0.964934921520073	0.255476948633611
1.96276901321247	0.454520391574277
3.27631781619437	1.12171855032085
-3.99935046432113	1.73195235526657
-3.07402416243152	0.948685276185543
-2.57067328278635	0.665094197548339
0.165880035481028	0.0314978449610492
-1.7934287506278	0.390727439150181
3.6449477089076	1.4449787602644
-2.57098043849301	0.664920470822356
-0.612487701707529	0.148134994320372
1.96372117107544	0.45473924627511
0.16619130625606	0.0315431724784316
0.164778629348208	0.0313374327003096
-1.79346061997896	0.390723019452767
-1.80108767962844	0.731723738057602
-0.168765758942347	0.0893582894580228
-0.501797267692593	0.189241455696606
-1.12328075924743	0.339047939506251
-0.701060091359901	0.239632648032144
-0.617339897765464	0.149284387408846
-0.325582325201124	0.0933470317045756
-2.57067328278635	0.665094197548339
0.165880035481028	0.0314978449610492
0.174866744414616	0.0599504088128746
-0.20083710522649	0.0646522944494468
1.96372117107544	0.45473924627511
-2.04685059732929	0.931215390081504
-1.79785205353169	0.391773074809323
-1.79346061997896	0.390723019452767
0.958352222975233	0.253964848564806
1.96372117107544	0.45473924627511
1.05693634570001	0.403813519694082
0.165880035481028	0.0314978449610492
-0.614206104379299	0.148455859250315
0.174045724149933	0.0524237595938313
-0.614206104379299	0.148455859250315
2.13239173303271	0.962976446468332
-0.702529153090903	0.24025873050893
-1.00128060564233	0.395807493251949
-0.323664690407152	0.0927962418225715
-1.49680843456756	0.531963842405938
-1.7934287506278	0.390727439150181
-1.7934287506278	0.390727439150181
-0.617339897765464	0.149284387408846
-1.79346061997896	0.390723019452767
2.76559849788836	0.78194178274137
-0.11801743103402	0.042062090441254
0.185076110728506	0.0555416222332281
-0.502455215004387	0.189494091012893
-0.203686449811516	0.0655556144258791
-0.315948015834244	0.0906883316966812
0.189325373085195	0.0567092627793379
-1.30086027549371	0.804661691533756
-1.49320671887845	0.530373211909872
-1.66032031949617	0.934777351525694
-0.459789094063699	0.237563524064593
-0.701794429638729	0.239974906557054
1.81603290044776	1.02803860643181
-2.04826273814137	0.932264876861533
0.184373976212033	0.114142383253032
-0.97909520328622	0.866850664715642
-0.0413409435086134	0.0177284479216934
0.19006169952255	0.0569194977045989
-0.614206104379299	0.148455859250315
-1.79346061997896	0.390723019452767
-1.79346061997896	0.390723019452767
0.186752657299631	0.0471525522204707
0.165088029467664	0.0313824661178469
0.172543826884755	0.051947286242732
2.13275419746116	0.963270597877117
-3.7511927754544	1.4825089606666
0.160144755571284	0.0306956063740573
0.174866744414616	0.0599504088128746
-0.198757003958094	0.063979613393949
2.76109157462938	0.779871501961836
-1.00977041428962	0.400033925972951
3.64618465324491	1.4458034047001
-0.613682540053849	0.148388769407339
-1.79785205353169	0.391773074809323
1.96684138854469	0.455504908505281
0.967271104517323	0.256176548116206
-1.79785205353169	0.391773074809323
-2.57554526884402	0.666976966437407
-1.79346061997896	0.390723019452767
2.76559849788836	0.78194178274137
-1.79346061997896	0.390723019452767
-0.955073958947409	0.46872573592985
-0.4872662065665	0.183261853509611
-0.710436108685877	0.24306686379246
1.06651132055108	0.408020274883858
0.550229507129372	0.199823293779666
-0.326043908260378	0.0934449166225896
2.76219840038386	0.780594539857824
-0.189404792426016	0.0610922709447724
-3.07402416243152	0.948685276185543
-0.745021235798536	0.321975498336134
-0.289054418694824	0.131327364821658
-1.31999483842594	1.07595251696487
-1.81247492015555	1.63213130593725
0.820002994602906	0.495394094474202
-0.329964215322259	0.0945505800706473
-0.955073958947409	0.46872573592985
-0.702529153090903	0.24025873050893
-0.7085818841146	0.242531688950869
-1.49825523114142	0.532562193916483
-2.57067328278635	0.665094197548339
-1.7934287506278	0.390727439150181
-0.613682540053849	0.148388769407339
-2.05038419990307	0.933065480039291
-0.612487701707529	0.148134994320372
-1.12328075924743	0.339047939506251
0.16619130625606	0.0315431724784316
0.181837521716867	0.0460537144756759
-1.49633399610699	0.531774933095134
-2.57067328278635	0.665094197548339
3.27152519356808	1.11907150574555
1.47648048364922	0.492996794108507
0.181222403711057	0.0544586569816679
0.551298334729919	0.200249958464128
1.05952860814689	0.405011691745652
-0.613682540053849	0.148388769407339
-0.330698472981565	0.0947716626031445
0.962025660417238	0.254682745005495
-1.7934287506278	0.390727439150181
-2.57036588579023	0.664816582891659
-1.7934287506278	0.390727439150181
-1.79785205353169	0.391773074809323
-1.79346061997896	0.390723019452767
-1.7934287506278	0.390727439150181
0.165088029467664	0.0313824661178469
0.172543826884755	0.051947286242732
-4.2117291754871	1.98002115309067
1.14193865898068	1.03316324011457
-0.631655144470345	0.369185423066177
0.967933372585482	0.256362285789635
-0.205738891322525	0.101150552042406
-0.114836999915269	0.0409889290231566
-0.0698755855518956	0.0275162464102779
0.183939483894034	0.0896762612183119
-0.126365817839433	0.0449469739052816
0.814003994865767	0.774581380683638
-0.166772527854083	0.0881326688886203
-0.557236699280123	0.400680540725697
0.172671045244316	0.0668579744831706
-0.498493518746738	0.187923773703768
-1.20498344012148	0.89793871575551
-0.218956235381721	0.108028297721432
-0.708961798888886	0.242591076534355
-2.57036588579023	0.664816582891659
-2.57067328278635	0.665094197548339
-0.613682540053849	0.148388769407339
0.178049240810411	0.0452053813438565
-2.57036588579023	0.664816582891659
3.27032462336087	1.11801013776878
0.185454319096416	0.0556335769192585
-0.196970790009868	0.0634432336968819
-1.79346061997896	0.390723019452767
-0.326043908260378	0.0934449166225896
0.173541542363193	0.059486595858024
-0.490858121984585	0.184753547441339
-2.05313484261539	0.935622527916679
0.184971072095669	0.0467387603153735
0.182384642090162	0.0461735738884295
3.27993169130503	1.12298306623949
-1.79346061997896	0.390723019452767
0.164778629348208	0.0313374327003096
-2.57067328278635	0.665094197548339
-1.8170990084665	1.63887866568824
-1.43323623401899	1.26734742220353
0.571984295940748	0.334354128172462
-0.590949882015622	0.281350368578303
-0.0679155871698548	0.0267780364607804
-0.737996704231867	0.31861997633351
-1.0033267355319	0.396956727520374
0.630988355723501	0.332977787748114
0.471924706816573	0.343880672591229
-0.765458893353898	0.412358429252782
-0.254337854676745	0.157374729573277
-0.438726937470198	0.288277496896908
-0.0460301859401039	0.0196813957090121
-0.915736734176534	0.552216664937617
-0.931278044000853	0.564262861052432
-0.195896300806791	0.0631110974355499
-1.25847725986996	0.565797109462532
-0.375354820971522	0.155294211429995
-3.07350260546998	0.94852963330217
0.164778629348208	0.0313374327003096
0.164778629348208	0.0313374327003096
-0.69681330218041	0.238104465757831
0.554170265139292	0.201310818357217
-2.57036588579023	0.664816582891659
-2.57554526884402	0.666976966437407
-2.57036588579023	0.664816582891659
-0.496879333423488	0.187181684059415
0.475196904470731	0.193138494041749
-0.195896300806791	0.0631110974355499
-1.50729003919016	0.536490208929206
0.165880035481028	0.0314978449610492
-0.614206104379299	0.148455859250315
-1.1245135089551	0.339452387639693
0.164778629348208	0.0313374327003096
-0.612487701707529	0.148134994320372
-0.699938932255418	0.239135424844937
-1.7934287506278	0.390727439150181
-2.57554526884402	0.666976966437407
0.165880035481028	0.0314978449610492
-1.49608539149807	0.531478987360942
-1.7934287506278	0.390727439150181
-0.901411351345901	0.649320600109397
-1.9540464239809	1.34373203611508
-0.376342031194897	0.155706196017938
-1.26311633392967	0.568411691186277
-1.14475218348189	0.635473939771042
-1.31938660628148	1.07568229812333
0.719412338789723	0.340297154529456
-1.2538534316043	0.563072867564594
-0.381825206126098	0.213359406797206
0.767139453054559	0.754039858364811
-1.13244268574631	1.24564595220607
-0.0870797022519062	0.0505781023295021
0.166615863777868	0.0727386321214277
-0.363831939479336	0.150156336394098
0.719829584799651	0.340490873259159
-0.206045027524424	0.101314820688471
-0.959520198988893	0.471779233153376
-2.57554526884402	0.666976966437407
-1.00269516620368	0.396499158743995
-0.323664690407152	0.0927962418225715
-1.79346061997896	0.390723019452767
-2.57554526884402	0.666976966437407
-0.613158918177153	0.148231887572971
-0.613682540053849	0.148388769407339
-1.49778257857282	0.532153748454207
-1.66032031949617	0.934777351525694
-3.74479839827737	1.4781183796158
-1.50142880975048	0.534054734577795
-0.319817646410374	0.0917687104349087
-0.196970790009868	0.0634432336968819
0.712514372081836	0.336121352777663
-0.123831252718902	0.0440604843970144
0.176139035531232	0.0447669868764769
-0.613682540053849	0.148388769407339
-1.7934287506278	0.390727439150181
-1.79346061997896	0.390723019452767
-0.768707587723456	0.501283991749133
-0.652375779790134	0.450992313504418
-1.81308042392328	1.6320541672127
-0.41301555791401	0.350190694554681
-0.560283104295221	0.403811968544635
-1.59206621284315	1.87813581466407
-1.92022678855322	1.86623349633704
-0.682420333870967	0.639227302553514
-0.256465185456912	0.158916958205319
-0.245205228092231	0.180328160597699
-3.50099091966141	3.91688954361017
1.26215046666862	1.06793059703626
-0.200671258102488	0.149121038492167
-1.27428750972462	1.54840168792833
-0.776332042256288	0.77848356404496
-0.16087098509118	0.084948478696723
-0.172713900602822	0.0915095470186601
-0.766435126326701	0.412873353325887
-0.498210387847668	0.187759028626771
-1.06960814212686	0.721645965484894
1.69126027928926	1.60555222779959
0.0811064078916247	0.0504235921245235
-0.530198426933196	0.332473972241847
-1.79346061997896	0.390723019452767
-1.7934287506278	0.390727439150181
-0.702529153090903	0.24025873050893
-1.7934287506278	0.390727439150181
0.169566032486793	0.032038095111837
0.165088029467664	0.0313824661178469
0.169248055862235	0.0319917175833404
0.164778629348208	0.0313374327003096
-1.7934287506278	0.390727439150181
-1.24819142759629	0.559615168256462
-2.57067328278635	0.665094197548339
-0.745838143765145	0.322552749669043
-0.632078872288953	0.369517673400101
1.10481115734546	0.682867938483914
3.27152519356808	1.11907150574555
-1.7934287506278	0.390727439150181
-1.79785205353169	0.391773074809323
-2.57067328278635	0.665094197548339
-2.57067328278635	0.665094197548339
0.963743115659934	0.255236344279286
-0.202223438104586	0.0650949807576634
0.164778629348208	0.0313374327003096
-1.79785205353169	0.391773074809323
-1.7934287506278	0.390727439150181
1.96276901321247	0.454520391574277
1.96276901321247	0.454520391574277
-1.7934287506278	0.390727439150181
-1.79785205353169	0.391773074809323
-3.07875719123617	0.951227905765892
-0.590515700761019	0.476055951968391
-0.413290549065805	0.313161864231782
-0.909460903204698	0.658743679283282
-0.629971829229247	0.730883949805065
-0.226422941137699	0.185674813724411
-0.0849834299119706	0.0594138397981648
0.120105789092703	0.0941685073146734
-0.794627520299609	1.05528374861211
-1.05162978133529	1.29527222043929
-0.438391729409829	0.399148948604515
0.384239065443751	0.360510558607777
0.139039928116767	0.124077195783669
-0.156048911620967	0.156754689914525
0.00942319204264503	0.00499125085926576
-0.325582325201124	0.0933470317045756
-1.65533363919912	0.931355449946693
0.0112481627451419	0.00759779580039794
-0.368215468865724	0.285665793160105
-0.528257467611966	0.436555527350001
-0.00439578847279307	0.00278950330976221
-0.420703765824277	0.358198822824734
-2.57036588579023	0.664816582891659
-1.7934287506278	0.390727439150181
-0.364819497611518	0.150616499663731
0.16619130625606	0.0315431724784316
-1.7934287506278	0.390727439150181
1.96684138854469	0.455504908505281
1.96684138854469	0.455504908505281
-1.7934287506278	0.390727439150181
-0.369785540362907	0.152727540652227
-0.619069360213747	0.149654914653121
-1.00273585527417	0.396365142955426
1.09286125469016	0.53488830944908
-0.493870226068304	0.186000352373661
0.179369859705814	0.0539368960907662
-1.11957460536364	0.337866341493547
-1.7934287506278	0.390727439150181
-2.57067328278635	0.665094197548339
-1.79785205353169	0.391773074809323
-1.79346061997896	0.390723019452767
-3.07402416243152	0.948685276185543
1.4745635305468	0.492365493098567
-1.79346061997896	0.390723019452767
-2.57098043849301	0.664920470822356
-1.79346061997896	0.390723019452767
-2.57067328278635	0.665094197548339
-1.96771068962196	1.36076543733496
-0.708225225424176	0.242257120133667
-1.01075339282909	0.400288374772354
-1.13744471994463	0.629351779107247
-0.552487885387243	0.396586126487686
-1.73290784774118	1.88604527605067
-1.34726564932406	1.88173932516488
-0.400212383459191	0.424018666170461
-1.03040517009606	1.33632196496935
0.729561007302641	0.738587236403773
-1.19645013393856	1.86457046764837
-0.793128252418184	1.00591624221516
-0.148378588649326	0.12446145248249
-0.480927556667595	0.530862842289286
-0.357478581632428	0.384719483698247
-0.781671609932146	0.839465503852193
-0.128973975524164	0.128578326154393
-0.275586908609025	0.260468075038654
-0.992714169016781	0.885125707750656
-0.32485451718176	0.0931499749349684
1.4245775426494	1.10948855431859
-0.127702738508454	0.0884461109160942
-0.545145279722469	0.487380608700799
-0.200833495886003	0.149225002519387
-3.07822553691956	0.950796797182827
-1.79346061997896	0.390723019452767
-1.79785205353169	0.391773074809323
-1.7934287506278	0.390727439150181
0.187435346122179	0.047292837125537
-2.57067328278635	0.665094197548339
-1.79346061997896	0.390723019452767
0.16619130625606	0.0315431724784316
-1.7934287506278	0.390727439150181
-0.954549641875119	0.46884035950302
-1.47088609464501	0.741809353787203
0.027251994418817	0.0151415112661299
1.09347086227971	0.53527910188038
-0.322472516615752	0.0924590549090847
-2.57036588579023	0.664816582891659
-1.79346061997896	0.390723019452767
-2.58013588785136	0.668674470410509
-1.79785205353169	0.391773074809323
-0.494817503599559	0.186297123887455
-0.326043908260378	0.0934449166225896
0.723796162870462	0.342744040256638
0.166296718380713	0.080824132359532
0.191412950191592	0.118715834265837
0.173178140989587	0.0593793792188454
-1.57423440658191	2.34124710987297
-0.334709286831462	0.290608723281707
0.180837727410767	0.15079814020649
-0.0187683373747669	0.0141095568495728
-0.837551725821783	0.997218435096427
-0.0766058948654675	0.0613703125010232
-0.14350394639525	0.122601183585004
-0.42292600135333	0.443599010737369
-1.17304465925092	2.57443309237648
-0.529946042189314	0.611228936435324
-0.290499095886204	0.232742026161797
0.202017261350952	0.184092969575559
-0.751047238395433	1.23389977648124
0.343896588962761	0.209368604067001
-3.45171499640176	1.22586147893993
-0.205468555929269	0.0660730669719287
-0.218408229013042	0.107792436337547
-1.57749088101831	1.19208268334431
-2.57098043849301	0.664920470822356
-0.613158918177153	0.148231887572971
-0.319086727547559	0.0915432284448938
-0.321050931156565	0.09208056992044
-1.79785205353169	0.391773074809323
-0.954079142226954	0.467974388796456
0.18105633923802	0.0881983213337621
-1.11951983581622	0.337809535545767
-1.79785205353169	0.391773074809323
-1.79785205353169	0.391773074809323
-0.611962616144159	0.147977912487881
0.169248055862235	0.0319917175833404
1.96276901321247	0.454520391574277
-1.7934287506278	0.390727439150181
-0.761846301989447	0.49504738415158
-0.198392257320092	0.0638832149326698
0.843777178831012	0.35876995680636
0.178592900892251	0.103543178897076
-3.01858911641913	2.40693990257745
0.854145948720641	0.898582946123021
-0.165005662632285	0.0873111370006212
0.111398708264176	0.0793413163870497
-0.610254713512202	0.538842115691647
-0.779024036672747	0.725627267634168
-0.488116742936905	0.440740466102543
-1.08318406797496	1.26278490898845
-0.840429900905062	0.887245363970743
-0.443127182237712	0.291671843225643
-0.548739131655111	0.491701906955021
-0.544652811394621	0.486926233746627
-0.363162652348241	0.246014252637494
-0.379359767652911	0.211854201090199
0.0797473194011501	0.0496034530514366
0.135661876092193	0.107341466830657
-0.328694579100367	0.284180801904833
-0.268124659456747	0.191852709484491
-0.648120763296042	0.447116670933202
-0.314586044563798	0.186562999874155
0.572511251164025	0.334215822287706
0.0259600672758794	0.0131407567422054
-1.32023690792477	0.823394735587158
-0.613804976594409	0.148553206549543
-1.7934287506278	0.390727439150181
-0.708961798888886	0.242591076534355
-1.7934287506278	0.390727439150181
-1.7934287506278	0.390727439150181
-0.614206104379299	0.148455859250315
-1.14853611369893	0.638215459107464
0.172935900909832	0.0520977646892395
0.181743714491496	0.0460173511561772
0.183063896529214	0.0463401006276899
0.164778629348208	0.0313374327003096
-1.79346061997896	0.390723019452767
-1.7934287506278	0.390727439150181
-1.7934287506278	0.390727439150181
-1.01643380031043	0.800483574575676
-1.30543802949279	0.809367348295028
-0.463086830722935	0.239262260668148
-0.129979551481791	0.0462019065222805
-0.407300613595377	0.344269471948004
-0.585308736170437	0.470817154529021
-0.509792383933133	0.417186142113983
-0.768498080989225	0.650167649949663
-0.86542154532945	0.78709317100985
-1.0867478035334	1.03825898490262
-1.13647193547023	0.628835935094204
-1.49746233450142	1.66480254376344
-0.029863994993973	0.0185113451190513
-0.647962589206361	0.446558086632838
-0.433095489277284	0.283506415493451
-0.908286171588778	0.657109354244195
-1.01437551483403	0.799087421155901
-0.14999283620841	0.101655287301527
-0.770718002918785	0.583210244578236
0.81054851963882	0.487615015343109
0.190642160912469	0.131025591097103
-0.770010319055393	0.501468027369242
-1.46967631623163	0.741011018316937
-1.57763200662134	1.19334777271758
-1.7934287506278	0.390727439150181
-1.7934287506278	0.390727439150181
0.164778629348208	0.0313374327003096
0.182515705814395	0.0461929473161663
-1.7934287506278	0.390727439150181
-2.57036588579023	0.664816582891659
-1.79346061997896	0.390723019452767
-1.79346061997896	0.390723019452767
-2.57522664974505	0.666917731403372
-1.79346061997896	0.390723019452767
-1.12026119291491	0.338168680078347
-0.612487701707529	0.148134994320372
0.165880035481028	0.0314978449610492
-1.7934287506278	0.390727439150181
-1.79346061997896	0.390723019452767
1.96276901321247	0.454520391574277
-1.7934287506278	0.390727439150181
-2.4476083176584	1.35813129438788
-0.524046006785688	0.578947789400669
-0.646877046070846	0.698807152516524
-0.65991527148433	0.879913449889334
-0.36162559349752	0.35897609650479
-0.202302227692096	0.167746571443539
-0.764938777696133	0.908993050387915
-0.789064047107374	1.04427276511831
-0.677739049677546	0.533333604503606
-0.187335839411647	0.174491678801697
-0.58575687444635	0.709401326093215
0.167861245188392	0.0649578174448022
-0.74461910719638	0.321949104009387
-1.46687594226654	0.739029403250235
-2.57522664974505	0.666917731403372
-1.79940930936586	0.730994637784124
-1.79785205353169	0.391773074809323
0.165880035481028	0.0314978449610492
-0.60895933746012	0.147406558741333
-1.2591340394587	0.566104055667693
-1.1182849071041	0.337405124817419
-0.323664690407152	0.0927962418225715
-0.497555352228381	0.18744613056233
-0.201906699363454	0.0650030146049408
-2.05351794926878	0.93590991881049
-1.79346061997896	0.390723019452767
-0.614206104379299	0.148455859250315
-2.58013588785136	0.668674470410509
-1.79346061997896	0.390723019452767
-0.894558588434774	1.17283260298043
-0.498572689177519	0.187792372240162
-1.13733056641081	0.629999930512719
-0.464730057173954	0.487524485285873
-0.596180015795495	0.895562281658292
-0.222204754275884	0.181687948600503
0.0781863421693582	0.0625297919061264
-0.771771713145588	0.965239858693577
0.205542433833831	0.142268559142803
-0.276709158866847	0.219936305604569
-1.00587112748014	1.43384446061226
-0.919111370008557	0.554842486367351
-1.00906318075178	0.399734482931109
-0.96206239648365	0.473116546829078
0.160144755571284	0.0306956063740573
-0.20761732367169	0.102247272371071
0.691745806165962	0.221041871886146
-1.47141700932315	0.742268681612624
-0.370346829638476	0.152977788998958
0.378842765815337	0.192157696824091
-0.120446187706217	0.0429055937947684
2.76671632811135	0.782410087450427
2.76219840038386	0.780594539857824
-1.79346061997896	0.390723019452767
0.169566032486793	0.032038095111837
0.164778629348208	0.0313374327003096
-1.7934287506278	0.390727439150181
-1.79346061997896	0.390723019452767
-1.79346061997896	0.390723019452767
-1.79346061997896	0.390723019452767
-0.503193462020767	0.189721836298481
-0.770487993815783	0.502729432681334
-0.621905125653248	0.362433837503998
-0.263705458529058	0.231759185007804
-0.361763991957573	0.279661180126125
0.193947366250047	0.139224337576465
-0.283623950619662	0.226376127482022
0.192864432429052	0.132611973701226
-0.610682030570803	0.539150389811133
-0.61369237893331	0.580654774899624
-0.580759722965728	0.275386588210551
-1.79346061997896	0.390723019452767
-0.19866808684961	0.0640066499155127
-1.7934287506278	0.390727439150181
0.165088029467664	0.0313824661178469
-1.7934287506278	0.390727439150181
-1.79346061997896	0.390723019452767
-0.331884233338781	0.0950660268702792
1.47897546128728	0.493826410303162
0.686184239500337	0.219175673536007
-0.188699092948673	0.0608789019348854
-0.708961798888886	0.242591076534355
-0.7085818841146	0.242531688950869
-0.197316433582098	0.063550392412948
2.76109157462938	0.779871501961836
0.165880035481028	0.0314978449610492
1.96372117107544	0.45473924627511
-1.7934287506278	0.390727439150181
-2.57036588579023	0.664816582891659
-2.57098043849301	0.664920470822356
0.182515705814395	0.0461929473161663
1.96276901321247	0.454520391574277
0.16619130625606	0.0315431724784316
-1.79346061997896	0.390723019452767
-0.775553626999744	0.50653001715206
-0.035848342346873	0.0154433891172751
-0.749962038454575	0.324836661096217
-0.366874088862145	0.249057729370749
-0.481338634454576	0.433060087079523
-0.374177318921231	0.291122595418441
0.172490472756436	0.0998022205638802
-0.274797754548423	0.197340937613825
-0.202778175601173	0.150766416735704
0.106012053871102	0.0778402400319469
-0.638464440020126	0.612580648450743
-1.79346061997896	0.390723019452767
-2.57067328278635	0.665094197548339
1.96276901321247	0.454520391574277
0.16619130625606	0.0315431724784316
0.962553055030982	0.254827961566665
1.05767758057376	0.404228581247508
-1.7934287506278	0.390727439150181
1.96276901321247	0.454520391574277
0.839495833782448	0.356721288421175
-2.45614966283835	1.36558288305139
-2.57036588579023	0.664816582891659
-0.32485451718176	0.0931499749349684
0.187300583927818	0.0472598613580206
-2.57067328278635	0.665094197548339
0.16619130625606	0.0315431724784316
-3.0729809879685	0.948009080411761
0.966736740010186	0.256029100393941
-1.79346061997896	0.390723019452767
-1.79346061997896	0.390723019452767
-1.7934287506278	0.390727439150181
-0.324126952894347	0.0929244396746841
-0.758376325559213	0.40750326748295
0.81124809672461	0.489084180161339
-1.01544714696133	0.79936820456008
-1.01534614891699	0.80016678746257
-0.746851805387566	0.322923852499912
0.173999188501109	0.0845537584930452
0.17161036033359	0.0588451910444155
-0.217859141201426	0.107525970541003
-0.966194768966732	0.476098974247051
-0.956093906046376	0.469927680828151
0.194518020806985	0.127668843551086
-0.209340221902685	0.134261828745962
-0.491170705277783	0.366532933749435
-1.3276113371438	1.31111019764902
-1.7934287506278	0.390727439150181
-1.7934287506278	0.390727439150181
-1.7934287506278	0.390727439150181
-1.7934287506278	0.390727439150181
-0.326771057218117	0.0936418390224184
-1.79346061997896	0.390723019452767
0.164778629348208	0.0313374327003096
-0.32685310795758	0.0937088146974829
0.692028142380155	0.221092112401465
-0.503852614714804	0.189998350201095
-0.707845094848957	0.242262716671496
2.1357129064682	0.965022860050489
-1.11458449535005	0.336227635184335
-1.7934287506278	0.390727439150181
-1.79346061997896	0.390723019452767
0.169248055862235	0.0319917175833404
-0.60895933746012	0.147406558741333
-1.79785205353169	0.391773074809323
-1.79785205353169	0.391773074809323
-1.79785205353169	0.391773074809323
-1.79785205353169	0.391773074809323
-1.7934287506278	0.390727439150181
-3.0729809879685	0.948009080411761
-1.49561006114969	0.531433597211914
-0.779433749613615	0.592600441903076
-1.71608704981072	1.43292066850503
-0.320573864473137	0.224799060741834
-0.516264917555356	0.321839582908831
-1.01885645327771	0.804107269776649
-0.762819358423479	0.410190902168382
-0.444832796548114	0.292955701010599
-1.02183871760345	0.807797270937509
-0.363421205987805	0.281181611899098
-0.123151272765266	0.0687381907947462
1.12304609782653	0.856955421311388
-2.43021693607179	2.35317095417214
-0.461482616642341	0.23879114046506
-0.966512806040614	0.475846088956709
1.48645015556419	0.936066850648667
0.190143277349086	0.117778583364693
-0.136247025596854	0.0917566741030601
-0.785289134481359	0.790703447837933
-2.57036588579023	0.664816582891659
-0.331884233338781	0.0950660268702792
0.164778629348208	0.0313374327003096
-1.7934287506278	0.390727439150181
0.169566032486793	0.032038095111837
0.164486408814894	0.0637058644899783
0.173675896434513	0.0522954303204406
-3.07402416243152	0.948685276185543
1.96684138854469	0.455504908505281
-0.496529611776328	0.187086496901877
0.845815805906363	0.35975917327147
0.18374299244507	0.0464795790495071
-0.611962616144159	0.147977912487881
0.165880035481028	0.0314978449610492
0.169566032486793	0.032038095111837
0.963743115659934	0.255236344279286
0.165088029467664	0.0313824661178469
-1.79346061997896	0.390723019452767
0.164778629348208	0.0313374327003096
-1.7934287506278	0.390727439150181
-1.7934287506278	0.390727439150181
-1.7100781123317	1.84351863606618
0.85108667327523	0.36236861994358
-1.02662618933674	0.812594123564244
-0.764271133372728	0.411077987841827
-0.627620242246942	0.366134265376624
-0.766327307699287	0.648386932677991
-0.777033761878674	0.590215371756945
-0.76320574384227	0.411243822730367
-0.365812933049522	0.248150146429565
-0.00447620323328023	0.00283426179466811
-0.159619934125302	0.0843260494615738
-0.52340898033832	0.326945084526035
-0.46245216473613	0.239271303952314
-4.39094310117224	2.22542000451226
0.922949382351468	0.501209857976813
0.674515346821049	0.482838165498154
-0.210331738554294	0.134953793621042
0.178564875216849	0.0779351068292143
-0.212675199931394	0.104755164773103
-1.17414891987287	1.19367511898055
-0.511024668913484	0.418280672672234
-0.605610162949439	0.533651200525871
-0.628253051312283	0.599706880153441
-1.79346061997896	0.390723019452767
-1.79346061997896	0.390723019452767
0.187984352048437	0.0474280610765032
0.161251150232847	0.0308565698216007
-3.07402416243152	0.948685276185543
0.165880035481028	0.0314978449610492
-1.49561006114969	0.531433597211914
-1.50289020322423	0.534512321528133
0.963743115659934	0.255236344279286
2.76109157462938	0.779871501961836
0.958352222975233	0.253964848564806
0.818360606827231	0.494811798607327
-0.613682540053849	0.148388769407339
-1.49680843456756	0.531963842405938
-3.07350260546998	0.94852963330217
-0.618535635333325	0.149538863092151
-2.57036588579023	0.664816582891659
-1.79346061997896	0.390723019452767
0.164778629348208	0.0313374327003096
1.96276901321247	0.454520391574277
0.165088029467664	0.0313824661178469
-1.79346061997896	0.390723019452767
-1.7934287506278	0.390727439150181
-1.79785205353169	0.391773074809323
-1.7934287506278	0.390727439150181
-1.00934730575135	0.39973479081043
-1.46454824115948	0.737058651118592
-0.923383396569181	0.557860977279218
-2.26071768275616	1.13895890649434
-0.308745694120833	0.182827521611361
-0.623302981809105	0.363309678817587
0.383531279437888	0.194909665180666
-2.52521236057037	2.61348540519517
-0.773833814450168	0.505836414624172
1.10217882059891	0.680051928896139
-1.06570781477925	0.716709402068551
-0.762819358423479	0.410190902168382
-0.748750624071192	0.324201697189559
-0.331432979676728	0.0949515324990773
-1.64477870314877	0.921650512152202
-0.384593359296238	0.215191706677877
-0.326771057218117	0.0936418390224184
0.184291063239428	0.0465991085839434
-0.774591497283059	0.588245259114463
0.046102939420218	0.025295987956693
-2.76196219504033	1.84958738724339
-3.07402416243152	0.948685276185543
-1.7934287506278	0.390727439150181
-1.7934287506278	0.390727439150181
0.966736740010186	0.256029100393941
-1.7934287506278	0.390727439150181
2.76219840038386	0.780594539857824
-1.79346061997896	0.390723019452767
-1.7934287506278	0.390727439150181
2.76559849788836	0.78194178274137
0.686721713829268	0.219371725498129
1.84451762847753	0.728350716630867
-1.49753171438992	0.532305096548695
1.07261918508603	0.410540557568179
-3.07350260546998	0.94852963330217
1.96372117107544	0.45473924627511
-1.7934287506278	0.390727439150181
-1.79785205353169	0.391773074809323
0.692028142380155	0.221092112401465
0.551298334729919	0.200249958464128
-1.12019427196772	0.338020301365193
-1.7934287506278	0.390727439150181
-1.7934287506278	0.390727439150181
-1.79346061997896	0.390723019452767
-1.79346061997896	0.390723019452767
-1.7934287506278	0.390727439150181
-1.7934287506278	0.390727439150181
-1.7934287506278	0.390727439150181
-1.12019427196772	0.338020301365193
0.188667958543402	0.04756856032199
0.176466722368741	0.0858330561878281
-1.14625878245289	0.636222020457509
0.47429169844077	0.345746498434411
-0.684998605497269	0.64231502961877
-2.21451060678248	1.83165187524238
-1.14510364143759	0.636336947992443
-0.166863429480861	0.0882955062170036
-0.207232075857028	0.0666568135316666
-3.99207475411529	1.72599723147682
-0.744216121275988	0.321768796683503
-0.703651055748467	0.240588737528622
0.4678260652541	0.18990422172989
-0.19265924146981	0.0621226000055922
-1.1258777723839	0.339888304991231
-1.79346061997896	0.390723019452767
0.186752657299631	0.0471525522204707
-0.577347955612992	0.273669665114702
-0.467761491385415	0.433008784224836
0.689369698791533	0.22025689756634
-1.00306966229617	0.39683135622738
1.96276901321247	0.454520391574277
0.165088029467664	0.0313824661178469
-1.7934287506278	0.390727439150181
-1.7934287506278	0.390727439150181
-1.7934287506278	0.390727439150181
0.165088029467664	0.0313824661178469
-3.07402416243152	0.948685276185543
0.16619130625606	0.0315431724784316
-2.57554526884402	0.666976966437407
0.18011793418247	0.054112323705194
1.46964366147565	0.490422889690681
-2.57522664974505	0.666917731403372
2.76109157462938	0.779871501961836
-3.75192082283692	1.48279230677585
0.964934921520073	0.255476948633611
2.76219840038386	0.780594539857824
1.96372117107544	0.45473924627511
-0.612487701707529	0.148134994320372
-1.00977041428962	0.400033925972951
-1.79346061997896	0.390723019452767
-0.623962156972292	0.150791561723962
-3.07822553691956	0.950796797182827
-1.79346061997896	0.390723019452767
-1.79346061997896	0.390723019452767
-2.57067328278635	0.665094197548339
-1.79785205353169	0.391773074809323
-1.7934287506278	0.390727439150181
-1.79346061997896	0.390723019452767
0.169248055862235	0.0319917175833404
0.165880035481028	0.0314978449610492
-1.7934287506278	0.390727439150181
-0.443222278290408	0.291842755606218
-0.178651628725194	0.11811495881502
-1.19552737475167	0.887561296734716
-2.31546149546084	2.06921733295702
-0.631396381507624	0.369245544778608
-1.4483806708107	0.996621828033037
-1.32276865419252	1.07871365390309
-1.65488153249387	0.930549450829535
-0.644827336390258	0.443814723278699
-0.204757848785698	0.0658672528023289
-1.13243783510302	0.625906469449949
-1.1461207147484	0.636944243057563
2.3754440739013	1.20341517424864
1.58730623178499	0.796487225327764
-1.6503375931984	0.925527073933205
1.3509899510682	0.597807360301759
0.171248702019304	0.0747743941507856
0.566867417492752	0.329886082805912
-0.19987250386866	0.127617986263668
-0.515128260410441	0.499385714805618
-1.7934287506278	0.390727439150181
-3.07822553691956	0.950796797182827
0.967933372585482	0.256362285789635
0.164778629348208	0.0313374327003096
0.689369698791533	0.22025689756634
-0.614206104379299	0.148455859250315
0.169248055862235	0.0319917175833404
0.967271104517323	0.256176548116206
-2.57036588579023	0.664816582891659
-0.612487701707529	0.148134994320372
-1.50848113268972	0.537019591842101
0.174169512080858	0.0759395584973865
-0.198757003958094	0.063979613393949
-0.329512287054466	0.094417417841927
2.3754440739013	1.20341517424864
-1.00344380433825	0.396818957300656
-0.60895933746012	0.147406558741333
2.76219840038386	0.780594539857824
1.96276901321247	0.454520391574277
0.962553055030982	0.254827961566665
-1.79346061997896	0.390723019452767
-2.57036588579023	0.664816582891659
-3.74624107806015	1.47909592511107
-1.79346061997896	0.390723019452767
-2.57067328278635	0.665094197548339
-0.332575726057847	0.234512300471579
-2.04787602398227	0.931932803365012
-0.49151434881428	0.185015055029549
-0.702529153090903	0.24025873050893
-1.30081575397631	0.804450855065194
-0.382468664821329	0.158455918962651
-0.325582325201124	0.0933470317045756
-1.79726582531089	0.729767900198108
0.161163484333363	0.0624184275728961
0.463453634222606	0.187971647179528
-2.26701037646063	1.14427006201157
-0.957640508087623	0.470697050375352
0.685539141555545	0.218907224669263
0.963214248695465	0.255090594573707
0.464856280684563	0.188625286822257
1.1065512278899	0.684227024682977
-0.331277740889702	0.233507237203254
-0.631107159240083	0.369493031113235
-0.32485451718176	0.0931499749349684
-1.1182849071041	0.337405124817419
-1.7934287506278	0.390727439150181
-2.57554526884402	0.666976966437407
0.16619130625606	0.0315431724784316
-1.79346061997896	0.390723019452767
1.96276901321247	0.454520391574277
2.77014537202506	0.783552977740789
0.169566032486793	0.032038095111837
1.96276901321247	0.454520391574277
1.96276901321247	0.454520391574277
1.96372117107544	0.45473924627511
-1.79346061997896	0.390723019452767
-1.79785205353169	0.391773074809323
-0.330698472981565	0.0947716626031445
-0.611962616144159	0.147977912487881
-3.07454565876188	0.948489134275984
-1.79785205353169	0.391773074809323
0.716011633271524	0.338184526787078
-0.999116065979541	0.394904057507624
-0.617339897765464	0.149284387408846
0.161251150232847	0.0308565698216007
-0.99841061134366	0.394537718823851
0.164778629348208	0.0313374327003096
-2.57067328278635	0.665094197548339
-1.79346061997896	0.390723019452767
-2.57522664974505	0.666917731403372
-2.57067328278635	0.665094197548339
0.164778629348208	0.0313374327003096
-2.57098043849301	0.664920470822356
-1.7934287506278	0.390727439150181
-1.31928534910266	1.07305462044296
-0.654890468653616	0.453133422142015
-2.10544268718619	1.60166947357929
-2.42719529576665	2.34476963389585
-0.702916162136118	0.240304795913802
-1.24884691269776	0.559902475988545
-0.123383461810898	0.0439460364093289
1.35458372256336	0.600126054059965
1.09744946401659	0.537697676046118
0.708888348512713	0.334422800106925
-0.760878358296892	0.408813147898117
-0.74461910719638	0.321949104009387
-0.179230207071	0.118561192378963
-0.442768569428279	0.291106270683576
-0.486889285554207	0.183138334436036
-0.162035666518486	0.0855865330321099
-1.7934287506278	0.390727439150181
0.165880035481028	0.0314978449610492
2.76109157462938	0.779871501961836
1.4745635305468	0.492365493098567
0.186752657299631	0.0471525522204707
2.76330811440907	0.780761067286217
0.169566032486793	0.032038095111837
0.169566032486793	0.032038095111837
-1.7934287506278	0.390727439150181
-2.57067328278635	0.665094197548339
3.64871284900552	1.44691597652701
0.72184204619342	0.341585357501687
1.3496306262408	0.597279749994603
0.177112460767249	0.0772833039635307
0.182515705814395	0.0461929473161663
-4.20523570887073	1.97400017901136
-0.580759722965728	0.275386588210551
0.552010634561459	0.20046264360567
0.165880035481028	0.0314978449610492
-0.330698472981565	0.0947716626031445
0.165880035481028	0.0314978449610492
-2.57036588579023	0.664816582891659
-1.79346061997896	0.390723019452767
-3.07454565876188	0.948489134275984
-0.608428787479893	0.147248610626808
-2.57067328278635	0.665094197548339
-1.79785205353169	0.391773074809323
-1.79346061997896	0.390723019452767
0.16619130625606	0.0315431724784316
-0.0372584409226453	0.0160272565100311
-0.580628633601705	0.27567733151222
-0.762539282093664	0.410638496254678
-1.91626532205952	1.85857805035614
0.180503912336474	0.0618296034347483
-0.371935097142025	0.1538414278662
1.92157753227285	1.66242329848907
-0.0742377019042414	0.0291945890329474
-0.377669727842952	0.210983924858149
0.200058810786334	0.124624437733439
-0.775955093753127	0.419137132936684
-0.744824966604454	0.322057504500445
-0.0762467149984964	0.0299448921928083
-0.377889904977927	0.156323288174476
-0.46520639675376	0.24092911308554
-1.79346061997896	0.390723019452767
-2.57067328278635	0.665094197548339
-1.7934287506278	0.390727439150181
0.183063896529214	0.0463401006276899
0.188667958543402	0.04756856032199
-2.57036588579023	0.664816582891659
1.96276901321247	0.454520391574277
1.96276901321247	0.454520391574277
2.76219840038386	0.780594539857824
-0.612487701707529	0.148134994320372
-1.7934287506278	0.390727439150181
1.96684138854469	0.455504908505281
-0.613158918177153	0.148231887572971
3.27631781619437	1.12171855032085
-0.746370250650078	0.323005222200847
-2.20977243909236	1.82286675809849
-0.374367935902034	0.154859203967229
0.844102061792565	0.359001237920257
-0.320281010212049	0.0918656344140368
0.17231657402208	0.0666548669668037
1.06486169296399	0.40740811103867
0.165088029467664	0.0313824661178469
-1.1182849071041	0.337405124817419
-1.7934287506278	0.390727439150181
2.76671632811135	0.782410087450427
-1.11963574652263	0.337715170908198
-1.79346061997896	0.390723019452767
-0.326043908260378	0.0934449166225896
-2.57067328278635	0.665094197548339
-1.7934287506278	0.390727439150181
-1.33323107463034	1.32124492263648
-2.09449336877969	1.58638617318807
-0.881228208906351	0.725029600913348
-1.32694773079704	1.08422578206269
0.00224676496158562	0.000899023933464578
-0.0378798813182697	0.0162890539101566
0.177844378978441	0.103144350612835
-1.20602041764701	0.899744400343533
-0.118884261414016	0.0662671249757296
-0.444474096571475	0.292695595129544
-0.773769211104715	0.505185357438462
-0.900679306230623	0.649810775056302
-2.43021693607179	2.35317095417214
-1.79346061997896	0.390723019452767
-2.57067328278635	0.665094197548339
0.160144755571284	0.0306956063740573
-1.7934287506278	0.390727439150181
1.4795165223175	0.49403710049889
-0.49718383226073	0.187398915829379
2.76109157462938	0.779871501961836
-1.7934287506278	0.390727439150181
-1.79346061997896	0.390723019452767
-1.79785205353169	0.391773074809323
-2.57098043849301	0.664920470822356
-1.1258777723839	0.339888304991231
1.47086646676889	0.49088731436037
0.169566032486793	0.032038095111837
3.27631781619437	1.12171855032085
-0.612487701707529	0.148134994320372
-1.7934287506278	0.390727439150181
-3.07350260546998	0.94852963330217
1.84066711299049	0.726365639107333
-0.120844504686832	0.0430331190822174
-0.329512287054466	0.094417417841927
-0.193735099625946	0.0624393983877589
0.167528719988263	0.0574898975108769
0.48277703659755	0.196347806548098
1.85032180687312	0.731043526561718
-0.195186900570072	0.0628739701093823
0.165088029467664	0.0313824661178469
-1.79785205353169	0.391773074809323
-1.79346061997896	0.390723019452767
1.96372117107544	0.45473924627511
0.164778629348208	0.0313374327003096
-1.79346061997896	0.390723019452767
-1.79785205353169	0.391773074809323
-1.79346061997896	0.390723019452767
-1.79346061997896	0.390723019452767
-1.79346061997896	0.390723019452767
-1.79346061997896	0.390723019452767
0.167640002938166	0.0649317559340879
-1.91700072282205	1.86011994232879
0.387121074767437	0.196741209183481
-2.61594720388314	1.59521494874381
-0.379314543704966	0.258812538931258
-0.380657233302159	0.259977046417684
-0.444474096571475	0.292695595129544
-0.366365516770963	0.151285265364036
-1.7934287506278	0.390727439150181
0.165088029467664	0.0313824661178469
-0.932947920639463	0.566187096258991
0.165880035481028	0.0314978449610492
-1.79346061997896	0.390723019452767
-1.79785205353169	0.391773074809323
2.76671632811135	0.782410087450427
-3.44754089021611	1.22379406077669
-1.49825523114142	0.532562193916483
-1.79346061997896	0.390723019452767
0.551298334729919	0.200249958464128
-1.79346061997896	0.390723019452767
1.96372117107544	0.45473924627511
-1.79346061997896	0.390723019452767
1.96372117107544	0.45473924627511
-1.1152634133402	0.336439469187697
0.396228941048326	0.202013513590326
-0.743812277278672	0.321447711411031
-0.743752649052675	0.321703239010269
-0.123831252718902	0.0440604843970144
0.464672886133348	0.188460947532309
0.729754088367786	0.482286631509174
0.164778629348208	0.0313374327003096
1.96276901321247	0.454520391574277
-1.7934287506278	0.390727439150181
-0.612487701707529	0.148134994320372
0.553078229148553	0.200859942283057
0.0429188629353936	0.0235976977421532
0.68417989794101	0.49138304675862
0.675264757304708	0.483432436874998
-0.298458298065247	0.175920453417911
-0.0558769659064405	0.0335644252939584
-0.246631273699851	0.198896013949402
-0.927905358576961	0.562014061342222
-2.09649185251119	2.30454839772354
-1.79785205353169	0.391773074809323
-1.79346061997896	0.390723019452767
1.96372117107544	0.45473924627511
-0.502166281046843	0.189377225365948
0.196643850424453	0.105882187634795
-3.07350260546998	0.94852963330217
-2.57067328278635	0.665094197548339
-1.79785205353169	0.391773074809323
-0.498210387847668	0.187759028626771
-1.79785205353169	0.391773074809323
-1.11951983581622	0.337809535545767
0.169566032486793	0.032038095111837
-2.57036588579023	0.664816582891659
-0.612487701707529	0.148134994320372
1.05582634094888	0.403184301021208
1.96276901321247	0.454520391574277
-1.49825523114142	0.532562193916483
-0.442045795903264	0.290681086645931
-0.063954009862461	0.0252837414577822
-0.065912673429747	0.0260133053746285
-0.960196414617702	0.472086487520094
0.178615867569574	0.0955727513434665
-0.778492128138453	0.509373924781314
-1.79346061997896	0.390723019452767
-0.697202314681331	0.238170495213451
-1.79346061997896	0.390723019452767
-1.45993513622836	0.733838039041807
-1.7934287506278	0.390727439150181
-0.751578918535292	0.325601084499325
1.3495769767586	0.597194616535652
-1.1258777723839	0.339888304991231
-0.501508356762519	0.189062054512787
-0.0791811018205979	0.0310620640361985
0.180545772010778	0.0788112956516829
-3.44686848748983	1.22339694388155
-0.612487701707529	0.148134994320372
-1.79839826083819	0.730397358466732
-1.7934287506278	0.390727439150181
-0.326771057218117	0.0936418390224184
-0.654768340587007	0.452617053915151
0.165088029467664	0.0313824661178469
0.161251150232847	0.0308565698216007
-2.57067328278635	0.665094197548339
-1.7934287506278	0.390727439150181
-0.920975198878278	0.556255716134651
-1.45088939252645	0.999066624675767
1.96276901321247	0.454520391574277
0.16619130625606	0.0315431724784316
-1.79346061997896	0.390723019452767
0.165880035481028	0.0314978449610492
-1.7934287506278	0.390727439150181
1.96684138854469	0.455504908505281
0.183610895194862	0.0464322674344966
0.179731047800424	0.0540108619593111
-1.12396372987595	0.33934973605565
0.688637326691298	0.220082192676685
-0.0699279906334021	0.0275352416289361
0.85108667327523	0.36236861994358
-0.21909763393261	0.107972435289404
-2.57067328278635	0.665094197548339
-3.07350260546998	0.94852963330217
-1.79346061997896	0.390723019452767
-2.57036588579023	0.664816582891659
-0.614206104379299	0.148455859250315
0.16619130625606	0.0315431724784316
-1.01437319238718	0.402164777298478
0.164778629348208	0.0313374327003096
-3.44619623148129	1.2226326390086
-2.57522664974505	0.666917731403372
-0.612487701707529	0.148134994320372
-1.79346061997896	0.390723019452767
-1.12026119291491	0.338168680078347
-0.701794429638729	0.239974906557054
-3.07875719123617	0.951227905765892
-3.44686848748983	1.22339694388155
1.96372117107544	0.45473924627511
1.84570196896662	0.728945119955139
1.47032706033056	0.490703617760438
-0.496879333423488	0.187181684059415
1.80747692900024	1.02166878485333
0.689369698791533	0.22025689756634
-1.79726582531089	0.729767900198108
-0.497911182849863	0.187527814828396
-0.32485451718176	0.0931499749349684
-3.07402416243152	0.948685276185543
0.16619130625606	0.0315431724784316
0.838834077853983	0.356296065880104
0.17899314570337	0.0538175920888867
-0.321011266565823	0.0920911495247304
-0.700673100063675	0.23947715305123
0.16619130625606	0.0315431724784316
-1.12968819193386	0.341150094616032
-3.07350260546998	0.94852963330217
-3.45239496999294	1.22656388713544
-1.01014139129076	0.400088841211607
-3.07350260546998	0.94852963330217
-3.07350260546998	0.94852963330217
-3.07350260546998	0.94852963330217
0.165088029467664	0.0313824661178469
-2.57067328278635	0.665094197548339
-1.79346061997896	0.390723019452767
-3.08406063790942	0.953411710574981
0.184291063239428	0.0465991085839434
-0.618535635333325	0.149538863092151
-1.11963574652263	0.337715170908198
1.47086646676889	0.49088731436037
-1.00198766685669	0.396175079052544
0.183610895194862	0.0464322674344966
-1.01084929511225	0.400388606838382
-1.49680843456756	0.531963842405938
-1.7934287506278	0.390727439150181
-1.7934287506278	0.390727439150181
0.964404580081594	0.255330782344719
-1.11390573268458	0.335899190520225
-0.613158918177153	0.148231887572971
0.964404580081594	0.255330782344719
-2.57554526884402	0.666976966437407
-1.11896025029368	0.337616084496264
-3.07402416243152	0.948685276185543
-1.12019427196772	0.338020301365193
-1.79346061997896	0.390723019452767
-3.07350260546998	0.94852963330217
0.164778629348208	0.0313374327003096
-1.7934287506278	0.390727439150181
-1.79346061997896	0.390723019452767
-1.79346061997896	0.390723019452767
-1.7934287506278	0.390727439150181
-3.458653795075	1.22921792319031
-2.57067328278635	0.665094197548339
-1.79346061997896	0.390723019452767
-1.79346061997896	0.390723019452767
-0.325582325201124	0.0933470317045756
-1.25320475905138	0.56253612866595
-0.960633395585303	0.472527191542257
0.182384642090162	0.0461735738884295
0.175528710194884	0.0601682623632123
-1.79653379913892	0.729391431830202
-1.11896025029368	0.337616084496264
0.183610895194862	0.0464322674344966
-1.12328075924743	0.339047939506251
-0.374434071459333	0.154971937316392
-1.4641363511733	0.736484372081891
-1.26017040436087	0.566458132066858
0.16619130625606	0.0315431724784316
-0.499234614804066	0.188038340526972
0.18374299244507	0.0464795790495071
-1.11896025029368	0.337616084496264
0.185076110728506	0.0555416222332281
-1.49175325085157	0.529773188260123
-2.57036588579023	0.664816582891659
-1.79346061997896	0.390723019452767
-1.7934287506278	0.390727439150181
-1.11896025029368	0.337616084496264
-0.618535635333325	0.149538863092151
0.181837521716867	0.0460537144756759
-0.321011266565823	0.0920911495247304
-0.129188498527406	0.0459194992072674
0.169566032486793	0.032038095111837
0.690559056864311	0.220592978829305
-0.619069360213747	0.149654914653121
-1.79346061997896	0.390723019452767
-1.7934287506278	0.390727439150181
-1.49175325085157	0.529773188260123
-1.79346061997896	0.390723019452767
-3.07350260546998	0.94852963330217
1.96684138854469	0.455504908505281
-2.57098043849301	0.664920470822356
-2.57522664974505	0.666917731403372
-2.04845818889215	0.932612339044235
0.964934921520073	0.255476948633611
0.164778629348208	0.0313374327003096
-3.46358163097975	1.23139695004213
-0.324126952894347	0.0929244396746841
0.181837521716867	0.0460537144756759
0.182515705814395	0.0461929473161663
-0.611962616144159	0.147977912487881
-0.613012730411062	0.148202450577793
-1.11896025029368	0.337616084496264
-2.05351794926878	0.93590991881049
-3.44754089021611	1.22379406077669
-1.11884555197394	0.337481516657706
1.96684138854469	0.455504908505281
-0.701407652969022	0.239760620804689
1.47032706033056	0.490703617760438
0.963214248695465	0.255090594573707
-0.326771057218117	0.0936418390224184
-2.57067328278635	0.665094197548339
-2.57067328278635	0.665094197548339
-1.79346061997896	0.390723019452767
0.169566032486793	0.032038095111837
1.96276901321247	0.454520391574277
-1.79346061997896	0.390723019452767
-2.57098043849301	0.664920470822356
-0.325582325201124	0.0933470317045756
-1.11951983581622	0.337809535545767
-1.50215938518201	0.53435945377886
-0.702529153090903	0.24025873050893
-0.331432979676728	0.0949515324990773
0.16619130625606	0.0315431724784316
-0.32485451718176	0.0931499749349684
-2.57067328278635	0.665094197548339
0.165880035481028	0.0314978449610492
-1.79785205353169	0.391773074809323
-2.57036588579023	0.664816582891659
-1.7934287506278	0.390727439150181
-1.7934287506278	0.390727439150181
-1.79346061997896	0.390723019452767
-3.74696276382151	1.47929664249189
-2.57522664974505	0.666917731403372
0.182515705814395	0.0461929473161663
-3.45239496999294	1.22656388713544
-2.57067328278635	0.665094197548339
-3.44821343973509	1.22397568320365
-0.699405444382189	0.239043645886915
0.964404580081594	0.255330782344719
-3.07402416243152	0.948685276185543
-0.324393158207149	0.0929933012825356
0.165880035481028	0.0314978449610492
0.174045724149933	0.0524237595938313
-1.7934287506278	0.390727439150181
-1.79346061997896	0.390723019452767
-1.79346061997896	0.390723019452767
-0.32485451718176	0.0931499749349684
-0.611962616144159	0.147977912487881
-1.1245135089551	0.339452387639693
-3.44686848748983	1.22339694388155
-0.699405444382189	0.239043645886915
-1.79346061997896	0.390723019452767
1.96276901321247	0.454520391574277
-2.57554526884402	0.666976966437407
1.96372117107544	0.45473924627511
-3.07402416243152	0.948685276185543
-0.326043908260378	0.0934449166225896
0.178269357915488	0.0535920192892428
-2.57067328278635	0.665094197548339
0.967271104517323	0.256176548116206
-2.57067328278635	0.665094197548339
1.96276901321247	0.454520391574277
-0.612487701707529	0.148134994320372
0.179274213223518	0.0454636418217038
-1.79785205353169	0.391773074809323
1.96276901321247	0.454520391574277
-1.79346061997896	0.390723019452767
-1.79726582531089	0.729767900198108
-0.611962616144159	0.147977912487881
0.183063896529214	0.0463401006276899
-0.195896300806791	0.0631110974355499
-0.612487701707529	0.148134994320372
1.4795165223175	0.49403710049889
-1.11896025029368	0.337616084496264
1.09347086227971	0.53527910188038
0.68908810997088	0.220077042266344
0.181837521716867	0.0460537144756759
-0.613158918177153	0.148231887572971
-2.76147084561323	1.84911995319129
-3.99353761363935	1.72730759231309
-0.612487701707529	0.148134994320372
-1.79346061997896	0.390723019452767
-0.706728811590437	0.241764690191015
-1.79785205353169	0.391773074809323
-2.57067328278635	0.665094197548339
-2.57098043849301	0.664920470822356
-1.79785205353169	0.391773074809323
1.96372117107544	0.45473924627511
0.16619130625606	0.0315431724784316
0.165880035481028	0.0314978449610492
0.696800426249806	0.22261158669709
2.76330811440907	0.780761067286217
-1.11594248674068	0.336539906623349
1.96372117107544	0.45473924627511
2.76671632811135	0.782410087450427
2.76219840038386	0.780594539857824
-1.79346061997896	0.390723019452767
-2.57067328278635	0.665094197548339
-1.7934287506278	0.390727439150181
-1.7934287506278	0.390727439150181
-1.7934287506278	0.390727439150181
-0.612487701707529	0.148134994320372
0.179731047800424	0.0540108619593111
-0.195531539432362	0.0629840149892884
-2.05351794926878	0.93590991881049
-3.0729809879685	0.948009080411761
1.46842163094462	0.489769078028611
-0.704722398968598	0.241062538843187
-3.45239496999294	1.22656388713544
-0.501139737773695	0.18896582897013
-1.49825523114142	0.532562193916483
-1.7934287506278	0.390727439150181
0.181222403711057	0.0544586569816679
-1.12464685880463	0.339484249108323
-0.747577705121894	0.323572171236528
-1.50069847674699	0.53359178068112
-2.57098043849301	0.664920470822356
-1.79346061997896	0.390723019452767
-1.7934287506278	0.390727439150181
-1.79346061997896	0.390723019452767
2.76219840038386	0.780594539857824
0.963214248695465	0.255090594573707
-2.57067328278635	0.665094197548339
0.962553055030982	0.254827961566665
-0.325582325201124	0.0933470317045756
1.47078449590325	0.490854051681038
-0.199468626638543	0.0641958776339338
-1.79346061997896	0.390723019452767
-1.7934287506278	0.390727439150181
-0.612487701707529	0.148134994320372
-1.49561006114969	0.531433597211914
-1.79785205353169	0.391773074809323
1.96372117107544	0.45473924627511
-3.44821343973509	1.22397568320365
-1.7934287506278	0.390727439150181
-3.44686848748983	1.22339694388155
0.687904703717867	0.219759625438134
-1.25716493894818	0.565002810504402
-0.497250095425204	0.187244475756107
-0.493577885172321	0.185829897548729
-0.196606144995592	0.0633346995977349
0.170276384605163	0.0743327139170734
0.173841338161581	0.0596051278079202
2.3757874279804	1.20356238361039
-0.277573409906979	0.125804655612533
-1.25150722571847	0.561383579588263
-0.114233731509593	0.0407829355488277
0.856357010033151	0.364679012916552
-0.08008430298551	0.0314238234711094
-1.79346061997896	0.390723019452767
1.4745635305468	0.492365493098567
1.47451530684874	0.492178385686461
-4.20664863751479	1.97490790127896
-1.49705816852235	0.532032217355669
-1.12019427196772	0.338020301365193
-2.57522664974505	0.666917731403372
-2.57067328278635	0.665094197548339
-2.57067328278635	0.665094197548339
-1.79346061997896	0.390723019452767
-2.57554526884402	0.666976966437407
0.165880035481028	0.0314978449610492
-0.612487701707529	0.148134994320372
-1.7934287506278	0.390727439150181
0.964934921520073	0.255476948633611
1.08750815001851	0.531291979888112
-1.12019427196772	0.338020301365193
-1.49633399610699	0.531774933095134
0.180484451327502	0.0542489043189748
-0.613012730411062	0.148202450577793
-0.613012730411062	0.148202450577793
-1.4702810167601	0.74144128695738
0.467435422769942	0.189763860429757
0.178586346650125	0.0453095875153282
0.183063896529214	0.0463401006276899
0.174785547530182	0.0526214906817273
0.175229935098753	0.0600621684845024
-0.495848105642275	0.186769649159627
-0.329512287054466	0.094417417841927
0.691293725798235	0.220916760169014
-0.619069360213747	0.149654914653121
-1.80368192120879	0.733397419313707
-1.11760971687047	0.337077079720442
-1.7934287506278	0.390727439150181
-0.703999757003376	0.240702491325751
0.165088029467664	0.0313824661178469
-0.122215445713398	0.0435046320299458
-0.325582325201124	0.0933470317045756
-0.703264262088321	0.240508331840629
0.928388373312671	0.50540097797507
-1.79346061997896	0.390723019452767
-1.7934287506278	0.390727439150181
-1.79346061997896	0.390723019452767
1.96372117107544	0.45473924627511
-1.79785205353169	0.391773074809323
-0.614206104379299	0.148455859250315
-0.613158918177153	0.148231887572971
-0.703264262088321	0.240508331840629
-0.613682540053849	0.148388769407339
-0.203288600914133	0.0654386566853443
-1.79346061997896	0.390723019452767
-3.07454565876188	0.948489134275984
-3.0729809879685	0.948009080411761
0.169248055862235	0.0319917175833404
0.169248055862235	0.0319917175833404
0.16619130625606	0.0315431724784316
0.160144755571284	0.0306956063740573
0.169566032486793	0.032038095111837
1.96372117107544	0.45473924627511
-1.7934287506278	0.390727439150181
-1.7934287506278	0.390727439150181
-1.12519556185123	0.339754109482426
-1.12019427196772	0.338020301365193
-0.330698472981565	0.0947716626031445
-1.11951983581622	0.337809535545767
-1.00269516620368	0.396499158743995
-1.79839826083819	0.730397358466732
-2.57522664974505	0.666917731403372
0.168550105131561	0.0578455983856731
-0.197335094105888	0.0635174359839544
0.37929219041989	0.192413916943886
3.94131434673369	1.74409517718346
-0.273628127138711	0.123937036427636
1.05804592236107	0.404331959594976
0.470214630529904	0.190887743886364
-0.501139737773695	0.18896582897013
-0.498201158890918	0.187691502941451
-0.11544065073908	0.0411913626274659
0.181053134529505	0.0458624936397602
-3.07350260546998	0.94852963330217
-1.80368192120879	0.733397419313707
-0.613158918177153	0.148231887572971
0.688185381402826	0.219868290083128
0.165088029467664	0.0313824661178469
-0.613682540053849	0.148388769407339
-0.336585149330964	0.0963705778245514
0.181837521716867	0.0460537144756759
-1.7934287506278	0.390727439150181
-1.79346061997896	0.390723019452767
-0.611962616144159	0.147977912487881
-0.707845094848957	0.242262716671496
0.180484451327502	0.0542489043189748
-3.44686848748983	1.22339694388155
-1.79346061997896	0.390723019452767
-0.613682540053849	0.148388769407339
-1.12019427196772	0.338020301365193
-1.12019427196772	0.338020301365193
-0.69681330218041	0.238104465757831
-1.49633399610699	0.531774933095134
-3.07350260546998	0.94852963330217
-0.613158918177153	0.148231887572971
-2.57036588579023	0.664816582891659
-1.79346061997896	0.390723019452767
-1.79785205353169	0.391773074809323
-0.60895933746012	0.147406558741333
-0.613682540053849	0.148388769407339
-1.7934287506278	0.390727439150181
-1.7934287506278	0.390727439150181
-0.33115064247346	0.0948450204466267
-0.128976424631748	0.0458608977147569
3.27152519356808	1.11907150574555
-3.44619623148129	1.2226326390086
0.687453672774919	0.21969379736456
0.165880035481028	0.0314978449610492
0.554888698626794	0.201570551690915
-0.613158918177153	0.148231887572971
-1.49561006114969	0.531433597211914
1.05878746464103	0.40482083139178
-0.203337770567853	0.0654100202274196
-0.7085818841146	0.242531688950869
0.184291063239428	0.0465991085839434
-1.50335347787301	0.534889336029958
0.179369859705814	0.0539368960907662
1.5926000408058	0.800136466406671
-0.190110933282644	0.0612931637059442
1.05271914025947	0.402027196178193
-0.32485451718176	0.0931499749349684
0.842091127718652	0.357749831163131
0.191013517092109	0.0480694204657905
-3.0729809879685	0.948009080411761
0.17347888032167	0.0594642874337986
-0.198045826596271	0.0637553577032532
0.172151296326472	0.0590204617019928
0.164778629348208	0.0313374327003096
0.175894574529828	0.052931112244421
-1.00052828635423	0.395507231165513
-0.612487701707529	0.148134994320372
0.181222403711057	0.0544586569816679
-1.25678676903573	0.564620297932334
-1.79346061997896	0.390723019452767
-1.1182849071041	0.337405124817419
-1.49825523114142	0.532562193916483
-1.11458449535005	0.336227635184335
3.94131434673369	1.74409517718346
-0.193735099625946	0.0624393983877589
0.551298334729919	0.200249958464128
-0.618535635333325	0.149538863092151
-0.710436108685877	0.24306686379246
-0.326043908260378	0.0934449166225896
-0.320281010212049	0.0918656344140368
-2.0521085311822	0.934615117053039
-1.49561006114969	0.531433597211914
-1.79346061997896	0.390723019452767
-2.57067328278635	0.665094197548339
-3.44754089021611	1.22379406077669
-0.612487701707529	0.148134994320372
-1.7934287506278	0.390727439150181
-1.79785205353169	0.391773074809323
-3.45171499640176	1.22586147893993
-1.79346061997896	0.390723019452767
-1.79346061997896	0.390723019452767
-1.49753171438992	0.532305096548695
-1.79799823071143	0.730058439715731
3.27152519356808	1.11907150574555
1.3495769767586	0.597194616535652
-1.7934287506278	0.390727439150181
-0.324126952894347	0.0929244396746841
-0.326043908260378	0.0934449166225896
2.13349923295367	0.963781356442487
-3.44821343973509	1.22397568320365
-0.323664690407152	0.0927962418225715
0.181222403711057	0.0544586569816679
-0.364819497611518	0.150616499663731
-2.57067328278635	0.665094197548339
0.843777178831012	0.35876995680636
-0.617875104469477	0.149400727468359
-0.208647529308682	0.0670988682939245
0.165880035481028	0.0314978449610492
-0.612487701707529	0.148134994320372
-1.79766606524237	0.730020629935894
1.05546745281569	0.403133310523844
-1.00306966229617	0.39683135622738
1.46964366147565	0.490422889690681
-2.57067328278635	0.665094197548339
-0.324126952894347	0.0929244396746841
0.695609467079394	0.222209476353201
1.84066711299049	0.726365639107333
1.4745635305468	0.492365493098567
0.165088029467664	0.0313824661178469
-2.57098043849301	0.664920470822356
-1.49753171438992	0.532305096548695
-0.740016439542735	0.319589655632503
-1.51363844949671	0.538983877530966
-0.745631042634214	0.322319305626002
0.964404580081594	0.255330782344719
1.96276901321247	0.454520391574277
-0.613012730411062	0.148202450577793
-3.07350260546998	0.94852963330217
1.96372117107544	0.45473924627511
-0.709698759851068	0.242860149943732
-1.1245135089551	0.339452387639693
-0.617875104469477	0.149400727468359
0.164778629348208	0.0313374327003096
1.96276901321247	0.454520391574277
-3.07350260546998	0.94852963330217
-1.7934287506278	0.390727439150181
1.96276901321247	0.454520391574277
-1.79346061997896	0.390723019452767
-1.79785205353169	0.391773074809323
-1.79346061997896	0.390723019452767
-1.7934287506278	0.390727439150181
-1.7934287506278	0.390727439150181
-0.325582325201124	0.0933470317045756
-0.617339897765464	0.149284387408846
0.175658331461966	0.0680052602443423
0.418945635891476	0.190679326632952
0.549516086641495	0.199542874934359
0.687453672774919	0.21969379736456
-0.32485451718176	0.0931499749349684
-1.79346061997896	0.390723019452767
-1.11594248674068	0.336539906623349
0.185454319096416	0.0556335769192585
-0.586094131867088	0.278540640573356
-1.50335347787301	0.534889336029958
-0.702916162136118	0.240304795913802
2.76109157462938	0.779871501961836
0.554170265139292	0.201310818357217
0.165088029467664	0.0313824661178469
-1.00340310411483	0.396780300923095
-0.0854940177708687	0.0334797880647727
-2.25874924123896	1.13726495024389
0.177516165041885	0.0533832927158356
-1.00306966229617	0.39683135622738
1.29642726978515	0.721036633937648
0.68278086909504	0.218093717626154
1.35276823183269	0.59898514245525
-1.79346061997896	0.390723019452767
-3.07402416243152	0.948685276185543
-3.07402416243152	0.948685276185543
0.182515705814395	0.0461929473161663
-0.324126952894347	0.0929244396746841
-1.50189389559208	0.534121741351592
-0.617875104469477	0.149400727468359
-0.708961798888886	0.242591076534355
-0.324393158207149	0.0929933012825356
-3.45796583598768	1.22919156297893
-0.327498449554433	0.0938114370055266
-3.07454565876188	0.948489134275984
-0.619069360213747	0.149654914653121
0.165880035481028	0.0314978449610492
-1.11884555197394	0.337481516657706
-2.57067328278635	0.665094197548339
-1.79346061997896	0.390723019452767
-1.7934287506278	0.390727439150181
-1.7934287506278	0.390727439150181
-1.7934287506278	0.390727439150181
-0.7085818841146	0.242531688950869
1.96276901321247	0.454520391574277
-1.00977041428962	0.400033925972951
0.17863134392367	0.0537118645556901
-3.99426960204548	1.72770098156261
-0.707108693003757	0.241928926266029
-2.57067328278635	0.665094197548339
-0.614206104379299	0.148455859250315
0.688185381402826	0.219868290083128
0.165088029467664	0.0313824661178469
0.169272112881138	0.0580693332292454
-0.124442240843376	0.0442663690892336
-0.746851805387566	0.322923852499912
1.29836390697722	0.72249917683148
0.959543454922691	0.254205280821647
-0.32485451718176	0.0931499749349684
1.96276901321247	0.454520391574277
-0.611962616144159	0.147977912487881
-3.75192082283692	1.48279230677585
-0.324126952894347	0.0929244396746841
0.17863134392367	0.0537118645556901
0.18374299244507	0.0464795790495071
0.554170265139292	0.201310818357217
-1.11896025029368	0.337616084496264
-2.57098043849301	0.664920470822356
2.76330811440907	0.780761067286217
-1.79346061997896	0.390723019452767
0.183063896529214	0.0463401006276899
0.164778629348208	0.0313374327003096
-1.7934287506278	0.390727439150181
-0.707845094848957	0.242262716671496
-2.57067328278635	0.665094197548339
-3.07875719123617	0.951227905765892
1.84525714600486	0.728756039651982
3.27393157336313	1.11982869858365
-1.12464685880463	0.339484249108323
0.17899314570337	0.0538175920888867
-0.611962616144159	0.147977912487881
0.165088029467664	0.0313824661178469
-0.608428787479893	0.147248610626808
-2.57067328278635	0.665094197548339
-1.7934287506278	0.390727439150181
-1.79346061997896	0.390723019452767
-1.7934287506278	0.390727439150181
-1.7934287506278	0.390727439150181
-1.00340310411483	0.396780300923095
-0.586655946639658	0.278847109448402
-1.25358545594054	0.562549185434393
1.10683823261153	0.683216844174102
-0.495188624132318	0.186487217221814
0.544930490938392	0.197736218289966
-1.12519556185123	0.339754109482426
0.177135104292889	0.0606864572718404
0.63318029710856	0.334156962897562
0.845460532244873	0.359623499672993
-0.582835691200134	0.276461820340798
1.05952860814689	0.405011691745652
0.186191748429242	0.055843722836046
-1.79653379913892	0.729391431830202
0.560263982972252	0.203664261240574
-2.57554526884402	0.666976966437407
0.848390137942497	0.36112999220408
-0.495848105642275	0.186769649159627
-0.572739089924333	0.271314520748355
-1.11951983581622	0.337809535545767
1.59462863307605	0.801559751291256
0.176552672502959	0.0605054209747227
-1.50142880975048	0.534054734577795
0.179369859705814	0.0539368960907662
0.165088029467664	0.0313824661178469
-1.12094794119803	0.338304428987289
-1.79412017987748	0.727961900277034
-1.7934287506278	0.390727439150181
-1.50069847674699	0.53359178068112
-3.45307509546519	1.22686211973226
-0.614206104379299	0.148455859250315
0.164778629348208	0.0313374327003096
-2.57067328278635	0.665094197548339
-3.07454565876188	0.948489134275984
-0.612487701707529	0.148134994320372
-1.12019427196772	0.338020301365193
1.84184770666887	0.726890218717793
-0.709698759851068	0.242860149943732
-3.44754089021611	1.22379406077669
-2.57067328278635	0.665094197548339
-1.7934287506278	0.390727439150181
-1.7934287506278	0.390727439150181
-1.79346061997896	0.390723019452767
-1.7934287506278	0.390727439150181
-2.57067328278635	0.665094197548339
-1.79785205353169	0.391773074809323
-1.79785205353169	0.391773074809323
-0.741989481926024	0.32050473839187
1.3524197012094	0.598640284839141
1.47525146835293	0.492648627415429
-1.00557028486789	0.397794564458927
1.96276901321247	0.454520391574277
-1.11963574652263	0.337715170908198
-0.497540036768389	0.187445875024767
0.182515705814395	0.0461929473161663
-0.702529153090903	0.24025873050893
1.06338277916722	0.406730999521995
0.175658331461966	0.0680052602443423
0.181222403711057	0.0544586569816679
-0.612487701707529	0.148134994320372
1.96276901321247	0.454520391574277
-0.32485451718176	0.0931499749349684
0.18374299244507	0.0464795790495071
1.34857054726463	0.5966400161495
-0.702529153090903	0.24025873050893
0.165880035481028	0.0314978449610492
3.64618465324491	1.4458034047001
-0.0728037837440256	0.028611216226822
-1.00377782576872	0.397156038036369
-1.11458449535005	0.336227635184335
0.16619130625606	0.0315431724784316
-1.79346061997896	0.390723019452767
-1.7934287506278	0.390727439150181
-0.612487701707529	0.148134994320372
-2.57067328278635	0.665094197548339
-2.57067328278635	0.665094197548339
-0.321741768636823	0.0922885496388945
-1.7934287506278	0.390727439150181
-0.324126952894347	0.0929244396746841
-0.197316433582098	0.063550392412948
-0.613012730411062	0.148202450577793
-1.79346061997896	0.390723019452767
-1.79785205353169	0.391773074809323
-1.79346061997896	0.390723019452767
-2.57067328278635	0.665094197548339
-1.79346061997896	0.390723019452767
-0.373453263620952	0.154228924078983
-0.326043908260378	0.0934449166225896
1.4745635305468	0.492365493098567
-0.193026872526739	0.0622167584761554
0.686721713829268	0.219371725498129
-0.701794429638729	0.239974906557054
-0.612487701707529	0.148134994320372
-0.330698472981565	0.0947716626031445
0.183222271364428	0.0550052131678393
-0.326771057218117	0.0936418390224184
-0.32485451718176	0.0931499749349684
-0.613158918177153	0.148231887572971
0.688637326691298	0.220082192676685
-1.7934287506278	0.390727439150181
-0.32485451718176	0.0931499749349684
-0.613682540053849	0.148388769407339
0.178254851579563	0.0536080680261321
1.96684138854469	0.455504908505281
-1.49561006114969	0.531433597211914
-3.0729809879685	0.948009080411761
0.966736740010186	0.256029100393941
1.83948692258838	0.725717515665962
-0.611962616144159	0.147977912487881
0.551298334729919	0.200249958464128
-1.00306966229617	0.39683135622738
0.183063896529214	0.0463401006276899
-1.49825523114142	0.532562193916483
-2.57554526884402	0.666976966437407
-1.7934287506278	0.390727439150181
-2.57522664974505	0.666917731403372
-3.99500196333994	1.7279060597149
-2.57067328278635	0.665094197548339
-1.79346061997896	0.390723019452767
-2.57098043849301	0.664920470822356
-1.1182849071041	0.337405124817419
0.966736740010186	0.256029100393941
-0.612487701707529	0.148134994320372
-1.00123505295262	0.395706426511679
-2.05879756743872	0.939093080908095
-2.57036588579023	0.664816582891659
-0.764436910244081	0.411800547587799
-1.31470232899507	0.818307781526088
-0.50482795396871	0.190443221985326
-0.371935097142025	0.1538414278662
0.188209072837067	0.0563932249652722
2.13275419746116	0.963270597877117
1.06190079859119	0.406050412279014
-0.740216463882872	0.319842507301823
-2.57067328278635	0.665094197548339
0.184291063239428	0.0465991085839434
-3.07928878926676	0.951136693928373
2.04925815282334	1.94733266491633
0.627076442351466	0.330552291336488
-0.321741768636823	0.0922885496388945
0.962553055030982	0.254827961566665
-1.7934287506278	0.390727439150181
2.76330811440907	0.780761067286217
0.963214248695465	0.255090594573707
0.165088029467664	0.0313824661178469
-0.322936466881447	0.0925708388690686
-0.768915793330901	0.414564156634202
0.165880035481028	0.0314978449610492
-1.00269516620368	0.396499158743995
-0.126597297162789	0.0450360696799377
-0.611962616144159	0.147977912487881
-0.330247461830149	0.0945973836552012
0.714622084787927	0.337238843132313
-0.618535635333325	0.149538863092151
-0.701794429638729	0.239974906557054
-3.74479839827737	1.4781183796158
-1.79346061997896	0.390723019452767
-1.7934287506278	0.390727439150181
-0.618535635333325	0.149538863092151
-1.79346061997896	0.390723019452767
-2.57098043849301	0.664920470822356
-0.923199319592346	0.558525951975839
-0.278050958525051	0.126039508900805
-1.20556600784988	0.898475753003853
-0.497540036768389	0.187445875024767
-1.1988956549258	0.89172566316126
0.338488462639995	0.221701640211476
-0.254688502905439	0.157620264544889
0.33279843855126	0.217485234824101
-0.605510162816472	0.533168142824764
-1.20041963474694	0.892179513675805
-2.57067328278635	0.665094197548339
-1.7934287506278	0.390727439150181
-2.57098043849301	0.664920470822356
-3.44619623148129	1.2226326390086
-1.7934287506278	0.390727439150181
-0.613158918177153	0.148231887572971
0.555949767102404	0.201992647886448
-0.909905779619467	0.658787687842324
0.958352222975233	0.253964848564806
-1.79785205353169	0.391773074809323
0.963214248695465	0.255090594573707
0.165088029467664	0.0313824661178469
-2.57522664974505	0.666917731403372
-0.613158918177153	0.148231887572971
-0.497540036768389	0.187445875024767
-0.0791811018205979	0.0310620640361985
-2.57067328278635	0.665094197548339
0.963743115659934	0.255236344279286
-0.613682540053849	0.148388769407339
0.707817696374999	0.334101132365835
1.37011667492592	1.45731685494634
1.47173190216134	0.922340859368123
-0.0733230219453967	0.0288114204306004
-0.758104372470721	0.407679415536017
-0.761469624339546	0.642617349743095
-0.154724942097999	0.0815838022172772
-0.957064509760511	0.469669003101731
-1.79785205353169	0.391773074809323
-1.79346061997896	0.390723019452767
-2.57036588579023	0.664816582891659
-1.79346061997896	0.390723019452767
-1.79785205353169	0.391773074809323
-2.57067328278635	0.665094197548339
-1.25188772636848	0.561803268010386
-4.21031894246066	1.97894910451051
-0.740356836476915	0.320005536838426
-1.8018209860465	0.732336264923416
-1.43223586128115	1.26732680456204
-0.326771057218117	0.0936418390224184
0.177660860034287	0.086534664372374
-0.372326339235676	0.153761645573141
0.923440008479163	0.80160789206882
0.422446176317576	0.192528590584956
0.17863134392367	0.0537118645556901
-0.19689123280029	0.0634436268958657
0.164778629348208	0.0313374327003096
-1.79913083573714	0.730688065905454
-0.198392257320092	0.0638832149326698
0.964934921520073	0.255476948633611
-0.613804976594409	0.148553206549543
-0.613158918177153	0.148231887572971
-1.79867586482886	0.730667932620658
0.164778629348208	0.0313374327003096
0.966736740010186	0.256029100393941
-0.196970790009868	0.0634432336968819
-0.170045953657768	0.0900139712635785
-0.202976861420011	0.0653350306430413
1.47086646676889	0.49088731436037
2.76109157462938	0.779871501961836
1.96276901321247	0.454520391574277
-1.7934287506278	0.390727439150181
-1.1182849071041	0.337405124817419
0.186752657299631	0.0471525522204707
-0.200034689327681	0.0644165216372511
-1.11884555197394	0.337481516657706
-1.7934287506278	0.390727439150181
-1.7934287506278	0.390727439150181
0.16619130625606	0.0315431724784316
0.182515705814395	0.0461929473161663
0.962553055030982	0.254827961566665
-0.608428787479893	0.147248610626808
0.185454319096416	0.0556335769192585
0.178086308271372	0.0777237254815423
-0.325121870470423	0.0931632456849071
-1.49753171438992	0.532305096548695
-0.495848105642275	0.186769649159627
-0.526413903136549	0.329621168969942
-0.751578918535292	0.325601084499325
1.06375255943934	0.407031400293661
-0.329964215322259	0.0945505800706473
0.189682102272299	0.0567965132651261
-2.57098043849301	0.664920470822356
-2.57067328278635	0.665094197548339
-1.49633399610699	0.531774933095134
-1.7934287506278	0.390727439150181
-3.45307509546519	1.22686211973226
-0.613682540053849	0.148388769407339
-1.7934287506278	0.390727439150181
0.181959964224185	0.0546519449572612
-0.32485451718176	0.0931499749349684
0.17899314570337	0.0538175920888867
-0.0372584409226453	0.0160272565100311
-0.121599740390903	0.0433196463646935
1.46964366147565	0.490422889690681
0.962553055030982	0.254827961566665
2.14146222220675	1.4994801952995
-0.19866808684961	0.0640066499155127
-2.57554526884402	0.666976966437407
-0.613682540053849	0.148388769407339
-0.99841061134366	0.394537718823851
-1.79346061997896	0.390723019452767
-1.7934287506278	0.390727439150181
0.165088029467664	0.0313824661178469
1.96276901321247	0.454520391574277
-3.44754089021611	1.22379406077669
0.691683363979681	0.220942532657518
-1.79346061997896	0.390723019452767
-1.12396372987595	0.33934973605565
0.165880035481028	0.0314978449610492
-1.79346061997896	0.390723019452767
0.964404580081594	0.255330782344719
1.46964366147565	0.490422889690681
-1.24953593333579	0.559996002433029
1.83948692258838	0.725717515665962
-0.326310377140785	0.0935168437296262
-0.325582325201124	0.0933470317045756
0.964404580081594	0.255330782344719
-3.07402416243152	0.948685276185543
1.84644215856505	0.729350990286639
-1.79346061997896	0.390723019452767
0.165088029467664	0.0313824661178469
-3.07454565876188	0.948489134275984
0.551298334729919	0.200249958464128
0.678804937063726	0.216625076658012
-1.79785205353169	0.391773074809323
-0.202976861420011	0.0653350306430413
-0.325582325201124	0.0933470317045756
0.181159179759352	0.0458876218072277
-0.321011266565823	0.0920911495247304
0.165088029467664	0.0313824661178469
1.59193285113715	0.799327363673308
-0.321741768636823	0.0922885496388945
0.16619130625606	0.0315431724784316
-0.612487701707529	0.148134994320372
-1.12086886051128	0.33811902750598
-0.612487701707529	0.148134994320372
-1.79346061997896	0.390723019452767
-2.57067328278635	0.665094197548339
0.544218436165038	0.197506777270022
1.47959400854566	0.930508130792235
-0.502166281046843	0.189377225365948
-0.32485451718176	0.0931499749349684
0.179186941663505	0.0613870679805912
-0.999821957506565	0.395227039947302
-3.07454565876188	0.948489134275984
-2.57036588579023	0.664816582891659
0.164778629348208	0.0313374327003096
1.4646350690462	0.48856709745013
-2.57036588579023	0.664816582891659
-0.617339897765464	0.149284387408846
3.6449477089076	1.4449787602644
-1.11951983581622	0.337809535545767
-0.496879333423488	0.187181684059415
-0.0464769619022653	0.0198666938413737
0.687904703717867	0.219759625438134
0.176825054435177	0.0449204608148946
0.968469219672053	0.25651021792255
-1.79346061997896	0.390723019452767
-2.57067328278635	0.665094197548339
-0.622767009400713	0.150536739427417
-1.11951983581622	0.337809535545767
-3.99280599777723	1.72674829161483
0.165088029467664	0.0313824661178469
-0.618535635333325	0.149538863092151
-0.321050931156565	0.09208056992044
-2.57036588579023	0.664816582891659
0.968469219672053	0.25651021792255
0.165088029467664	0.0313824661178469
0.164778629348208	0.0313374327003096
-3.99788353949868	1.73077675021861
1.35205380401403	0.598333159725176
1.47086646676889	0.49088731436037
0.169272112881138	0.0580693332292454
0.18374299244507	0.0464795790495071
-2.57098043849301	0.664920470822356
-3.45171499640176	1.22586147893993
1.35135662214001	0.598044460885579
0.183809152406343	0.0629189729289287
-0.32759034209047	0.0938892839663892
-1.49753171438992	0.532305096548695
-0.706728811590437	0.241764690191015
-3.74624107806015	1.47909592511107
-0.613682540053849	0.148388769407339
0.164778629348208	0.0313374327003096
-0.618535635333325	0.149538863092151
-0.611962616144159	0.147977912487881
-2.57067328278635	0.665094197548339
-1.12019427196772	0.338020301365193
-2.57067328278635	0.665094197548339
-1.79766606524237	0.730020629935894
-0.562319716683151	0.405842464401323
0.0133333148141774	0.0069091324713772
-0.702529153090903	0.24025873050893
2.76219840038386	0.780594539857824
-0.702529153090903	0.24025873050893
-0.608428787479893	0.147248610626808
-1.7934287506278	0.390727439150181
-0.613158918177153	0.148231887572971
-1.7934287506278	0.390727439150181
0.16619130625606	0.0315431724784316
-1.79346061997896	0.390723019452767
-1.25188772636848	0.561803268010386
1.01383130647466	0.831613885811435
-0.614206104379299	0.148455859250315
0.963743115659934	0.255236344279286
-2.57036588579023	0.664816582891659
0.962553055030982	0.254827961566665
-1.7934287506278	0.390727439150181
-0.326043908260378	0.0934449166225896
-1.11896025029368	0.337616084496264
-0.0401663929224358	0.0172268980569656
-0.329964215322259	0.0945505800706473
-1.00306966229617	0.39683135622738
0.165880035481028	0.0314978449610492
1.96276901321247	0.454520391574277
1.96372117107544	0.45473924627511
0.967271104517323	0.256176548116206
-1.7934287506278	0.390727439150181
-1.12396372987595	0.33934973605565
-1.82116806989148	1.13996394801131
0.72086445071908	0.340909674067218
-0.744420639342269	0.321707232451102
0.675452504193889	0.483688292157762
0.976244668180868	0.664537220411688
-1.06821262161573	0.718585312032241
0.923919803756443	0.501926629303299
1.05878746464103	0.40482083139178
-2.57067328278635	0.665094197548339
-1.49753171438992	0.532305096548695
-0.611962616144159	0.147977912487881
0.166841048607063	0.0811153019297373
0.544218436165038	0.197506777270022
0.165880035481028	0.0314978449610492
-2.57067328278635	0.665094197548339
1.96684138854469	0.455504908505281
1.96276901321247	0.454520391574277
-2.57036588579023	0.664816582891659
-1.7934287506278	0.390727439150181
-0.920084687619294	0.555546439985027
-1.11760971687047	0.337077079720442
1.46910411205871	0.490049168285487
-1.79346061997896	0.390723019452767
-1.49608539149807	0.531478987360942
-2.57036588579023	0.664816582891659
2.76219840038386	0.780594539857824
-0.618535635333325	0.149538863092151
-1.7934287506278	0.390727439150181
0.165880035481028	0.0314978449610492
1.05952860814689	0.405011691745652
0.173676863179753	0.0757156141791281
1.05841937425473	0.404493015312573
0.160144755571284	0.0306956063740573
0.165088029467664	0.0313824661178469
-1.79346061997896	0.390723019452767
0.172309731920116	0.0439046529437047
-1.79839826083819	0.730397358466732
-0.499521706169529	0.188284678762176
-1.50335347787301	0.534889336029958
-1.50189389559208	0.534121741351592
2.76219840038386	0.780594539857824
-1.7934287506278	0.390727439150181
1.96372117107544	0.45473924627511
-1.49753171438992	0.532305096548695
-1.79192513114914	0.72683338787971
0.688637326691298	0.220082192676685
-0.720039304571019	0.246656057253225
-0.624281355902046	0.364410921979317
0.566969030594577	0.33010635611892
-0.326771057218117	0.0936418390224184
-2.61097585326862	1.58849848626557
-0.701407652969022	0.239760620804689
-0.580292405959418	0.275191572182977
-1.47261507046163	0.742981022380494
-0.193735099625946	0.0624393983877589
-1.50215938518201	0.53435945377886
-1.50215938518201	0.53435945377886
-1.50408363202708	0.535041876234331
-1.49633399610699	0.531774933095134
-0.32531700249348	0.0932194330065639
0.16619130625606	0.0315431724784316
-3.07875719123617	0.951227905765892
-1.1152634133402	0.336439469187697
-0.613682540053849	0.148388769407339
-1.79346061997896	0.390723019452767
-1.79785205353169	0.391773074809323
-1.80328874130775	0.733096849202467
0.469214796260205	0.190439621590192
0.416994646186728	0.18967122277834
-0.366418490284619	0.151428231798692
0.843112221571307	0.358304979544083
0.847728504925438	0.36079146501607
0.184971072095669	0.0467387603153735
-0.613158918177153	0.148231887572971
-0.196970790009868	0.0634432336968819
-1.50335347787301	0.534889336029958
-1.12019427196772	0.338020301365193
-1.79346061997896	0.390723019452767
-1.79346061997896	0.390723019452767
1.06264198810457	0.406540438452512
0.182384642090162	0.0461735738884295
0.16619130625606	0.0315431724784316
1.06486169296399	0.40740811103867
0.179369859705814	0.0539368960907662
0.549516086641495	0.199542874934359
-2.57067328278635	0.665094197548339
-1.12086886051128	0.33811902750598
-2.57036588579023	0.664816582891659
-2.57036588579023	0.664816582891659
-1.79799823071143	0.730058439715731
-0.331884233338781	0.0950660268702792
-0.493870226068304	0.186000352373661
-0.613158918177153	0.148231887572971
-0.703264262088321	0.240508331840629
0.551298334729919	0.200249958464128
-0.32685310795758	0.0937088146974829
0.181159179759352	0.0458876218072277
2.76219840038386	0.780594539857824
0.688185381402826	0.219868290083128
-3.07350260546998	0.94852963330217
1.47155078449581	0.491168545293048
-2.57067328278635	0.665094197548339
-2.57067328278635	0.665094197548339
0.165088029467664	0.0313824661178469
-1.8001431732573	0.731149994342298
-0.331884233338781	0.0950660268702792
-0.324126952894347	0.0929244396746841
0.963214248695465	0.255090594573707
0.164778629348208	0.0313374327003096
-1.79346061997896	0.390723019452767
-1.79346061997896	0.390723019452767
-2.57067328278635	0.665094197548339
-2.57067328278635	0.665094197548339
-1.50142880975048	0.534054734577795
-3.0729809879685	0.948009080411761
-1.11884555197394	0.337481516657706
-1.50069847674699	0.53359178068112
-0.324393158207149	0.0929933012825356
-0.323664690407152	0.0927962418225715
0.181159179759352	0.0458876218072277
0.181222403711057	0.0544586569816679
-1.50408363202708	0.535041876234331
-0.0728037837440256	0.028611216226822
0.469214796260205	0.190439621590192
-3.44821343973509	1.22397568320365
-0.702529153090903	0.24025873050893
0.182973217707566	0.0462917199497201
-1.1152634133402	0.336439469187697
0.963214248695465	0.255090594573707
-1.11951983581622	0.337809535545767
-1.79346061997896	0.390723019452767
-2.04755645131174	0.931787975309293
0.690559056864311	0.220592978829305
-0.323664690407152	0.0927962418225715
-0.619069360213747	0.149654914653121
-3.74768468038373	1.47913744090943
-0.613158918177153	0.148231887572971
-0.617339897765464	0.149284387408846
1.35135662214001	0.598044460885579
0.164778629348208	0.0313374327003096
0.687904703717867	0.219759625438134
-0.618535635333325	0.149538863092151
3.64742237939513	1.44635997008149
-3.07402416243152	0.948685276185543
-0.326771057218117	0.0936418390224184
-0.608428787479893	0.147248610626808
-1.7934287506278	0.390727439150181
0.183063896529214	0.0463401006276899
0.169566032486793	0.032038095111837
-0.326771057218117	0.0936418390224184
-3.07402416243152	0.948685276185543
-0.60895933746012	0.147406558741333
-3.07402416243152	0.948685276185543
-1.7934287506278	0.390727439150181
0.164778629348208	0.0313374327003096
-0.613682540053849	0.148388769407339
-0.321741768636823	0.0922885496388945
-1.80294806323006	0.732963939188901
-3.07402416243152	0.948685276185543
-0.613158918177153	0.148231887572971
-3.7511927754544	1.4825089606666
-0.509443015659445	0.192290924537246
-1.7934287506278	0.390727439150181
-0.330698472981565	0.0947716626031445
-0.95263717960783	0.467232251775563
-0.125232557551052	0.0445220317733553
0.549516086641495	0.199542874934359
-0.322472516615752	0.0924590549090847
-3.44686848748983	1.22339694388155
0.686721713829268	0.219371725498129
-0.704722398968598	0.241062538843187
0.968469219672053	0.25651021792255
-0.613012730411062	0.148202450577793
1.96372117107544	0.45473924627511
0.186752657299631	0.0471525522204707
-3.99500196333994	1.7279060597149
0.169248055862235	0.0319917175833404
-1.11896025029368	0.337616084496264
-1.12019427196772	0.338020301365193
-2.57067328278635	0.665094197548339
0.186191748429242	0.055843722836046
0.16619130625606	0.0315431724784316
-1.79346061997896	0.390723019452767
1.84140390214436	0.726768879551614
0.968469219672053	0.25651021792255
-1.1182849071041	0.337405124817419
-1.7934287506278	0.390727439150181
-3.0729809879685	0.948009080411761
-1.11896025029368	0.337616084496264
0.181837521716867	0.0460537144756759
-0.612487701707529	0.148134994320372
-0.19910365870945	0.0640861380590307
-0.323664690407152	0.0927962418225715
2.76219840038386	0.780594539857824
-0.32485451718176	0.0931499749349684
-0.326771057218117	0.0936418390224184
-2.57067328278635	0.665094197548339
0.16619130625606	0.0315431724784316
-1.12086886051128	0.33811902750598
1.96372117107544	0.45473924627511
-1.12519556185123	0.339754109482426
-2.57036588579023	0.664816582891659
-1.7934287506278	0.390727439150181
-1.80441616031176	0.733725050835279
-3.0729809879685	0.948009080411761
-2.57036588579023	0.664816582891659
-0.470778571510964	0.244355564519678
-0.7085818841146	0.242531688950869
-0.701794429638729	0.239974906557054
0.182515705814395	0.0461929473161663
-2.57522664974505	0.666917731403372
-0.202976861420011	0.0653350306430413
0.169248055862235	0.0319917175833404
0.169248055862235	0.0319917175833404
-0.326043908260378	0.0934449166225896
-1.11884555197394	0.337481516657706
1.96276901321247	0.454520391574277
2.76219840038386	0.780594539857824
-1.00198766685669	0.396175079052544
-0.592490198332496	0.47819685130508
-2.57036588579023	0.664816582891659
0.16619130625606	0.0315431724784316
1.84525714600486	0.728756039651982
-0.128368779999186	0.045648725082483
0.531559503900369	0.460916923192912
-0.7085818841146	0.242531688950869
-1.29690460977919	0.801877478182481
0.178689585202867	0.0957571669309373
-2.57554526884402	0.666976966437407
-0.612487701707529	0.148134994320372
-1.7934287506278	0.390727439150181
0.169248055862235	0.0319917175833404
-0.0261026190362632	0.0114108216354741
-1.30500244118491	0.809247845933853
0.963214248695465	0.255090594573707
-0.617339897765464	0.149284387408846
0.178049240810411	0.0452053813438565
-1.7934287506278	0.390727439150181
-2.57036588579023	0.664816582891659
-0.613158918177153	0.148231887572971
-1.7934287506278	0.390727439150181
-3.07402416243152	0.948685276185543
-0.503483382578555	0.189906433790702
0.555239766445707	0.201780832151434
-2.57522664974505	0.666917731403372
-0.618535635333325	0.149538863092151
2.76219840038386	0.780594539857824
0.165088029467664	0.0313824661178469
-1.1182849071041	0.337405124817419
-0.973185978616949	0.48020625542444
0.181837521716867	0.0460537144756759
-0.324126952894347	0.0929244396746841
-1.26377029644958	0.568815934452661
-1.49753171438992	0.532305096548695
0.962553055030982	0.254827961566665
-1.79346061997896	0.390723019452767
1.3549353352076	0.600117468724131
1.84525714600486	0.728756039651982
0.962025660417238	0.254682745005495
-0.32485451718176	0.0931499749349684
0.682339311812087	0.217953944354753
-1.1258777723839	0.339888304991231
-0.618535635333325	0.149538863092151
-2.57036588579023	0.664816582891659
-1.25678676903573	0.564620297932334
0.958352222975233	0.253964848564806
-1.0087269008198	0.399292934116808
1.96276901321247	0.454520391574277
-3.07402416243152	0.948685276185543
0.184971072095669	0.0467387603153735
-1.7934287506278	0.390727439150181
-2.57067328278635	0.665094197548339
-1.79785205353169	0.391773074809323
-1.12328075924743	0.339047939506251
-0.324126952894347	0.0929244396746841
-0.749962038454575	0.324836661096217
-0.588113324008147	0.27951214651156
-1.79346061997896	0.390723019452767
-0.612487701707529	0.148134994320372
0.165880035481028	0.0314978449610492
2.76330811440907	0.780761067286217
-1.49753171438992	0.532305096548695
-0.60895933746012	0.147406558741333
-0.507107257415835	0.191392547046605
3.6449477089076	1.4449787602644
1.84140390214436	0.726768879551614
-1.01539041542335	0.402452024116744
-1.79766606524237	0.730020629935894
-1.49561006114969	0.531433597211914
-1.0079855208987	0.399077505174083
-0.614206104379299	0.148455859250315
-1.12328075924743	0.339047939506251
2.76559849788836	0.78194178274137
3.27152519356808	1.11907150574555
-1.79346061997896	0.390723019452767
-1.79346061997896	0.390723019452767
-0.613012730411062	0.148202450577793
0.160144755571284	0.0306956063740573
1.47086646676889	0.49088731436037
-1.11951983581622	0.337809535545767
-1.79785205353169	0.391773074809323
0.180503912336474	0.0618296034347483
-2.57098043849301	0.664920470822356
-1.79346061997896	0.390723019452767
-0.752186453203904	0.325808838363529
-0.326771057218117	0.0936418390224184
-0.702529153090903	0.24025873050893
0.180484451327502	0.0542489043189748
-0.199739594795254	0.0643228222061803
-0.321741768636823	0.0922885496388945
-0.69681330218041	0.238104465757831
-0.703651055748467	0.240588737528622
3.6449477089076	1.4449787602644
-2.57098043849301	0.664920470822356
2.76219840038386	0.780594539857824
0.470602913949207	0.191029730454952
-1.1182849071041	0.337405124817419
-0.202976861420011	0.0653350306430413
-0.748952811021625	0.324225874035832
-0.702529153090903	0.24025873050893
-1.49753171438992	0.532305096548695
3.27152519356808	1.11907150574555
-0.325582325201124	0.0933470317045756
-1.79346061997896	0.390723019452767
3.27152519356808	1.11907150574555
0.160144755571284	0.0306956063740573
-1.7934287506278	0.390727439150181
-1.79785205353169	0.391773074809323
2.76671632811135	0.782410087450427
0.164778629348208	0.0313374327003096
-1.11963574652263	0.337715170908198
0.165088029467664	0.0313824661178469
-2.57067328278635	0.665094197548339
-1.49825523114142	0.532562193916483
-0.619069360213747	0.149654914653121
-1.49680843456756	0.531963842405938
-1.79346061997896	0.390723019452767
0.165088029467664	0.0313824661178469
0.174899169086388	0.0851670042735498
-1.64933544258927	0.925231514961399
-0.328777361869378	0.0941964324844904
-0.324126952894347	0.0929244396746841
-0.589963986166914	0.280808169672612
-0.701794429638729	0.239974906557054
1.96372117107544	0.45473924627511
-0.19626072319558	0.0632056639998214
-1.12019427196772	0.338020301365193
-0.12282517776863	0.0437139180795264
-0.609489833121369	0.147475344257464
-0.326043908260378	0.0934449166225896
-2.57067328278635	0.665094197548339
-0.613682540053849	0.148388769407339
-3.07402416243152	0.948685276185543
-3.45375537289784	1.2267719146559
1.96372117107544	0.45473924627511
-1.7934287506278	0.390727439150181
-0.613682540053849	0.148388769407339
-2.57067328278635	0.665094197548339
-1.7934287506278	0.390727439150181
-1.7934287506278	0.390727439150181
-2.57522664974505	0.666917731403372
-1.49633399610699	0.531774933095134
-3.08351879397427	0.953227279124287
-0.32531700249348	0.0932194330065639
0.550585584584045	0.199969616725774
-0.571361862357512	0.270456478929924
-0.743607658160876	0.32145501649726
-4.55969809812457	2.49622530000573
-0.613012730411062	0.148202450577793
0.184971072095669	0.0467387603153735
-0.752590015316571	0.325970993694924
-0.743607658160876	0.32145501649726
-1.1182849071041	0.337405124817419
-3.07402416243152	0.948685276185543
-1.12519556185123	0.339754109482426
-0.124442240843376	0.0442663690892336
-0.960512091527211	0.47234833068897
-1.11760971687047	0.337077079720442
2.76219840038386	0.780594539857824
-0.611962616144159	0.147977912487881
0.164778629348208	0.0313374327003096
-1.7934287506278	0.390727439150181
0.164778629348208	0.0313374327003096
-1.12019427196772	0.338020301365193
-3.44821343973509	1.22397568320365
-1.7934287506278	0.390727439150181
-0.496219048461158	0.186898738117231
-1.80255467315262	0.73276942485064
-1.01507902194208	0.402491912396081
0.16619130625606	0.0315431724784316
-0.327498449554433	0.0938114370055266
-0.326771057218117	0.0936418390224184
-1.5026235657887	0.534584753118728
-0.32485451718176	0.0931499749349684
1.84525714600486	0.728756039651982
-2.57098043849301	0.664920470822356
-1.7934287506278	0.390727439150181
-0.612487701707529	0.148134994320372
-1.12019427196772	0.338020301365193
0.164778629348208	0.0313374327003096
-2.57067328278635	0.665094197548339
-0.611962616144159	0.147977912487881
-1.12019427196772	0.338020301365193
-0.613682540053849	0.148388769407339
-1.8018209860465	0.732336264923416
-0.706728811590437	0.241764690191015
-0.367956401902274	0.152056441625699
-0.369785540362907	0.152727540652227
-2.57098043849301	0.664920470822356
-1.7934287506278	0.390727439150181
-0.704386334982379	0.240838421723177
-2.25874924123896	1.13726495024389
-1.79693424859175	0.729556600315067
3.27152519356808	1.11907150574555
-2.57036588579023	0.664816582891659
-1.79785205353169	0.391773074809323
-1.7934287506278	0.390727439150181
-2.57067328278635	0.665094197548339
-1.11896025029368	0.337616084496264
-1.7934287506278	0.390727439150181
-1.79785205353169	0.391773074809323
0.186752657299631	0.0471525522204707
-1.12086886051128	0.33811902750598
-3.07402416243152	0.948685276185543
-2.57098043849301	0.664920470822356
-0.703999757003376	0.240702491325751
-0.609489833121369	0.147475344257464
-0.124226356552131	0.0441913898094736
-1.25254603603633	0.562193102367071
-1.1182849071041	0.337405124817419
-2.05351794926878	0.93590991881049
-3.99935046432113	1.73195235526657
-1.00198766685669	0.396175079052544
0.554529317239519	0.201500781149606
0.478578710113304	0.194593314073469
-1.7934287506278	0.390727439150181
0.165880035481028	0.0314978449610492
-2.57036588579023	0.664816582891659
0.169566032486793	0.032038095111837
-2.57067328278635	0.665094197548339
-1.79839826083819	0.730397358466732
-2.57522664974505	0.666917731403372
-1.7934287506278	0.390727439150181
-2.57522664974505	0.666917731403372
-0.613682540053849	0.148388769407339
0.16619130625606	0.0315431724784316
0.968469219672053	0.25651021792255
-1.49825523114142	0.532562193916483
1.84059795026718	0.726378615413426
-1.47481692773479	0.744569276799966
-0.205468555929269	0.0660730669719287
-2.0602059242177	0.939970395250002
0.172864397881798	0.0592822657182494
2.59563474773792	1.4608693723318
-0.495476598007788	0.186560284391804
-0.701060091359901	0.239632648032144
-1.81767227320184	1.13717159317273
-3.07454565876188	0.948489134275984
-0.613158918177153	0.148231887572971
-1.80934200852636	0.736032223613132
-1.01047808700666	0.400246726724795
-1.7934287506278	0.390727439150181
-2.57522664974505	0.666917731403372
-1.49825523114142	0.532562193916483
-1.79785205353169	0.391773074809323
-1.79346061997896	0.390723019452767
0.165088029467664	0.0313824661178469
1.96276901321247	0.454520391574277
0.16619130625606	0.0315431724784316
-0.320281010212049	0.0918656344140368
3.64995436887393	1.44813448599007
-0.193367241020068	0.0623371853793179
-0.326310377140785	0.0935168437296262
0.716425822261068	0.338419602734398
1.29847901360506	0.721819868944662
-1.25254603603633	0.562193102367071
-0.195531539432362	0.0629840149892884
0.17435324685781	0.0932695371955647
-0.701407652969022	0.239760620804689
1.05989643717056	0.405275695027378
0.72184204619342	0.341585357501687
-1.00943392667062	0.399735935116325
0.180484451327502	0.0542489043189748
-3.07350260546998	0.94852963330217
-0.702529153090903	0.24025873050893
-1.64721819985336	0.923120875391115
-3.99207475411529	1.72599723147682
-1.00415219200353	0.397187604454455
-2.45223711328766	1.36180594401957
-1.79346061997896	0.390723019452767
-1.7934287506278	0.390727439150181
-1.7934287506278	0.390727439150181
-1.7934287506278	0.390727439150181
-2.57036588579023	0.664816582891659
-1.12396372987595	0.33934973605565
-1.7934287506278	0.390727439150181
-2.57098043849301	0.664920470822356
-1.7934287506278	0.390727439150181
0.164778629348208	0.0313374327003096
1.96276901321247	0.454520391574277
-2.57522664974505	0.666917731403372
0.18374299244507	0.0464795790495071
1.47525146835293	0.492648627415429
1.35671193477925	0.601326969297766
-2.57067328278635	0.665094197548339
-0.0393640080854874	0.016872485778806
-0.751578918535292	0.325601084499325
-1.25254603603633	0.562193102367071
-1.95793365489413	1.34696091856377
-2.26006112771225	1.13848806017935
1.34992552348217	0.597211152410209
-0.495848105642275	0.186769649159627
0.470602913949207	0.191029730454952
-1.25979123230903	0.566296954071485
-0.612487701707529	0.148134994320372
-2.26071768275616	1.13895890649434
-0.614206104379299	0.148455859250315
-2.57098043849301	0.664920470822356
-3.0729809879685	0.948009080411761
-1.79785205353169	0.391773074809323
-1.7934287506278	0.390727439150181
-1.79346061997896	0.390723019452767
0.164778629348208	0.0313374327003096
0.165088029467664	0.0313824661178469
-2.57067328278635	0.665094197548339
-0.613682540053849	0.148388769407339
1.46910411205871	0.490049168285487
0.174504111440695	0.0598231088959162
0.180503912336474	0.0618296034347483
3.64618465324491	1.4458034047001
1.96684138854469	0.455504908505281
1.96276901321247	0.454520391574277
0.968469219672053	0.25651021792255
2.76219840038386	0.780594539857824
1.79538261853859	1.01146940420808
3.27152519356808	1.11907150574555
0.968469219672053	0.25651021792255
1.96276901321247	0.454520391574277
-0.707845094848957	0.242262716671496
-1.80255467315262	0.73276942485064
-0.613682540053849	0.148388769407339
-0.703264262088321	0.240508331840629
-0.613804976594409	0.148553206549543
-1.7934287506278	0.390727439150181
0.183063896529214	0.0463401006276899
-1.79346061997896	0.390723019452767
-1.7934287506278	0.390727439150181
-1.7934287506278	0.390727439150181
-1.7934287506278	0.390727439150181
-1.79785205353169	0.391773074809323
0.165088029467664	0.0313824661178469
-0.703604701863641	0.240656194919364
-0.320548811537412	0.09196618419473
-1.25477852922928	0.563368000948273
-3.07928878926676	0.951136693928373
-0.701407652969022	0.239760620804689
0.16619130625606	0.0315431724784316
-1.00519547019286	0.397637840840267
0.181959964224185	0.0546519449572612
-2.04249312224762	0.928496345266382
1.29556313733115	0.719423738129819
-0.744216121275988	0.321768796683503
-1.25782089316011	0.565430196965056
2.3757874279804	1.20356238361039
0.182515705814395	0.0461929473161663
-1.0048610187024	0.397512616365048
-0.613682540053849	0.148388769407339
-1.7934287506278	0.390727439150181
-0.622767009400713	0.150536739427417
1.96372117107544	0.45473924627511
-2.57067328278635	0.665094197548339
-1.7934287506278	0.390727439150181
-1.7934287506278	0.390727439150181
-2.57067328278635	0.665094197548339
-2.57522664974505	0.666917731403372
-0.613158918177153	0.148231887572971
-1.79346061997896	0.390723019452767
0.165088029467664	0.0313824661178469
-1.7934287506278	0.390727439150181
-0.697547507150818	0.238387277313668
0.681159029124573	0.217491385122168
-0.703651055748467	0.240588737528622
-0.161453902920086	0.0852734304947839
-1.46687594226654	0.739029403250235
-1.79580215183768	0.728927756357995
0.963743115659934	0.255236344279286
3.27272750868887	1.11966450015405
0.712514372081836	0.336121352777663
-0.129371030234611	0.0459892945729162
0.171753346999323	0.0664367381108907
1.05656822569342	0.40367225045814
0.689369698791533	0.22025689756634
2.58532225023263	1.45264161088505
-0.614206104379299	0.148455859250315
0.962025660417238	0.254682745005495
-0.702142591343233	0.240009967793785
-3.07350260546998	0.94852963330217
-1.12396372987595	0.33934973605565
-0.613158918177153	0.148231887572971
-1.7934287506278	0.390727439150181
-2.57554526884402	0.666976966437407
-2.57036588579023	0.664816582891659
1.96372117107544	0.45473924627511
0.164778629348208	0.0313374327003096
1.96276901321247	0.454520391574277
-1.79346061997896	0.390723019452767
0.165088029467664	0.0313824661178469
-1.79785205353169	0.391773074809323
-1.79785205353169	0.391773074809323
-1.7934287506278	0.390727439150181
0.964934921520073	0.255476948633611
1.96372117107544	0.45473924627511
-3.07350260546998	0.94852963330217
0.183063896529214	0.0463401006276899
-0.375913484716817	0.155538822167635
-3.44754089021611	1.22379406077669
0.963214248695465	0.255090594573707
1.96372117107544	0.45473924627511
1.84376682971049	0.727623731102843
1.64365140225952	1.15823211079593
0.686270437198953	0.219228628867356
1.46842163094462	0.489769078028611
1.05878746464103	0.40482083139178
-1.49561006114969	0.531433597211914
0.164778629348208	0.0313374327003096
-2.57067328278635	0.665094197548339
1.96276901321247	0.454520391574277
0.184464531049921	0.0631356689023766
-1.49680843456756	0.531963842405938
-1.79346061997896	0.390723019452767
-2.57554526884402	0.666976966437407
-1.7934287506278	0.390727439150181
0.16619130625606	0.0315431724784316
0.164778629348208	0.0313374327003096
0.181837521716867	0.0460537144756759
0.16619130625606	0.0315431724784316
-1.7934287506278	0.390727439150181
0.165880035481028	0.0314978449610492
-1.7934287506278	0.390727439150181
-2.57098043849301	0.664920470822356
0.555598921920072	0.201915300938634
-2.57036588579023	0.664816582891659
-0.611962616144159	0.147977912487881
3.27272750868887	1.11966450015405
-0.197681301235905	0.0636672013988199
1.08949555622004	0.532578731259661
0.845152475793848	0.359294287590281
-2.57067328278635	0.665094197548339
1.96276901321247	0.454520391574277
-0.491888763967548	0.185206039733237
-0.580156207807597	0.275475106629914
0.688637326691298	0.220082192676685
1.08850211338313	0.531958239000341
-0.962184894506949	0.473412475835114
-2.05950152926289	0.939596591843532
0.180107983152346	0.0541465694868784
-1.79913083573714	0.730688065905454
-1.50774474493265	0.536593235425421
-1.00236193740671	0.396463059052617
-1.49633399610699	0.531774933095134
-0.999821957506565	0.395227039947302
-1.7934287506278	0.390727439150181
0.164778629348208	0.0313374327003096
-1.7934287506278	0.390727439150181
-2.57067328278635	0.665094197548339
-1.7934287506278	0.390727439150181
-1.7934287506278	0.390727439150181
0.169248055862235	0.0319917175833404
-1.7934287506278	0.390727439150181
0.16619130625606	0.0315431724784316
-1.11896025029368	0.337616084496264
-1.7934287506278	0.390727439150181
0.165880035481028	0.0314978449610492
-1.7934287506278	0.390727439150181
-1.7934287506278	0.390727439150181
-1.79346061997896	0.390723019452767
0.165088029467664	0.0313824661178469
-1.00906318075178	0.399734482931109
-1.7934287506278	0.390727439150181
-2.26110982960027	1.13928095186143
-1.65277107674755	0.928487832066535
0.173195095104282	0.0755037377897217
0.181222403711057	0.0544586569816679
0.181598622209813	0.0545451831920276
-0.700673100063675	0.23947715305123
-1.12019427196772	0.338020301365193
1.05767758057376	0.404228581247508
-0.326043908260378	0.0934449166225896
-0.701794429638729	0.239974906557054
-1.7934287506278	0.390727439150181
-2.4465295357363	1.35590911449002
-0.613682540053849	0.148388769407339
1.96372117107544	0.45473924627511
-1.11951983581622	0.337809535545767
-1.47129756633403	0.741779531267693
-0.957201422835055	0.470589070838634
-1.7934287506278	0.390727439150181
-1.7934287506278	0.390727439150181
-0.613682540053849	0.148388769407339
-1.79346061997896	0.390723019452767
-1.79346061997896	0.390723019452767
-2.57067328278635	0.665094197548339
3.27393157336313	1.11982869858365
-1.79346061997896	0.390723019452767
0.16619130625606	0.0315431724784316
2.76219840038386	0.780594539857824
-1.49680843456756	0.531963842405938
-0.199375130069166	0.0642110833299033
-2.57554526884402	0.666976966437407
0.923546559815548	0.502415925996933
0.178254851579563	0.0536080680261321
-0.129188498527406	0.0459194992072674
-0.613012730411062	0.148202450577793
3.27272750868887	1.11966450015405
0.165880035481028	0.0314978449610492
0.963214248695465	0.255090594573707
-1.00306966229617	0.39683135622738
1.05693634570001	0.403813519694082
-0.324126952894347	0.0929244396746841
-3.07350260546998	0.94852963330217
-0.501797267692593	0.189241455696606
-3.07402416243152	0.948685276185543
-1.79785205353169	0.391773074809323
-1.7934287506278	0.390727439150181
-1.7934287506278	0.390727439150181
0.165880035481028	0.0314978449610492
-0.617339897765464	0.149284387408846
-0.613158918177153	0.148231887572971
3.27032462336087	1.11801013776878
-1.79785205353169	0.391773074809323
-1.79346061997896	0.390723019452767
-1.7934287506278	0.390727439150181
2.76330811440907	0.780761067286217
-2.57036588579023	0.664816582891659
-3.07402416243152	0.948685276185543
0.179746106686676	0.0540237006551008
-0.702142591343233	0.240009967793785
-1.81046496062467	0.736658636197327
-0.701407652969022	0.239760620804689
0.551298334729919	0.200249958464128
0.183063896529214	0.0463401006276899
0.165880035481028	0.0314978449610492
1.8476275755017	0.729726391578086
1.60354892267195	0.807720556739198
0.963214248695465	0.255090594573707
-0.331432979676728	0.0949515324990773
-2.57522664974505	0.666917731403372
-0.7021816537733	0.239962359868483
-0.0748232390858092	0.0293773202669746
-0.202927918476475	0.0653254563320193
-0.612487701707529	0.148134994320372
-2.57554526884402	0.666976966437407
0.183063896529214	0.0463401006276899
0.16619130625606	0.0315431724784316
-1.7934287506278	0.390727439150181
0.165088029467664	0.0313824661178469
-1.7934287506278	0.390727439150181
-2.57098043849301	0.664920470822356
-3.07454565876188	0.948489134275984
0.187435346122179	0.047292837125537
1.46955857964488	0.49050725448157
1.96276901321247	0.454520391574277
-2.57067328278635	0.665094197548339
-1.7934287506278	0.390727439150181
1.96276901321247	0.454520391574277
-2.57067328278635	0.665094197548339
1.0821211482916	0.528086837919864
-0.32759034209047	0.0938892839663892
0.183960045070368	0.0552151922972765
0.468990411497241	0.190269968199871
-0.709698759851068	0.242860149943732
1.05656822569342	0.40367225045814
-0.32485451718176	0.0931499749349684
-3.75192082283692	1.48279230677585
0.182515705814395	0.0461929473161663
2.76219840038386	0.780594539857824
-0.69681330218041	0.238104465757831
0.179008086694114	0.0538125056714061
-1.5026235657887	0.534584753118728
-1.00123505295262	0.395706426511679
-1.02699619254511	0.813015554485592
-0.913267290144921	0.66212407879117
0.180107983152346	0.0541465694868784
3.65499468921657	1.45049079500857
-2.04575914205222	0.930491193037652
-1.7934287506278	0.390727439150181
-0.379386021759956	0.157118615661147
0.180107983152346	0.0541465694868784
0.172864397881798	0.0592822657182494
-1.79580215183768	0.728927756357995
-2.57036588579023	0.664816582891659
-1.25188772636848	0.561803268010386
0.718019519758237	0.339400982537212
0.543895799223616	0.197317175912332
1.60650324203052	0.809381179423122
0.177190383264668	0.0686000683843296
-0.702916162136118	0.240304795913802
-0.320281010212049	0.0918656344140368
-1.0048610187024	0.397512616365048
-0.280465746356809	0.127144967539086
0.63318029710856	0.334156962897562
-1.00006227930351	0.395284560474621
3.27152519356808	1.11907150574555
-0.0707475815024775	0.0278608299119169
0.181598622209813	0.0545451831920276
0.169570842988667	0.0581880998558025
-0.613012730411062	0.148202450577793
-3.75617280639968	1.48517393103445
1.8476275755017	0.729726391578086
-1.49175325085157	0.529773188260123
-1.79785205353169	0.391773074809323
-3.45171499640176	1.22586147893993
0.966736740010186	0.256029100393941
-3.07350260546998	0.94852963330217
-3.45239496999294	1.22656388713544
0.17388527997155	0.0596222487809083
-0.580810490545755	0.275470089991001
-0.0344395684402554	0.0148580102503372
0.183758313448113	0.0710960759480295
-0.332737745881753	0.0953042451637104
0.16619130625606	0.0315431724784316
-0.609489833121369	0.147475344257464
-0.320548811537412	0.09196618419473
1.96684138854469	0.455504908505281
-1.1245135089551	0.339452387639693
-3.45307509546519	1.22686211973226
-1.80402319087234	0.733252313453103
-3.44821343973509	1.22397568320365
-1.1182849071041	0.337405124817419
0.473589454725271	0.19241483097626
1.04736321842593	0.399492021922725
0.681159029124573	0.217491385122168
0.183063896529214	0.0463401006276899
-0.307833246284723	0.181983800683846
-1.65376970975213	0.929629151243819
-0.997328550332801	0.394043819742935
-1.79785205353169	0.391773074809323
-0.326043908260378	0.0934449166225896
0.165088029467664	0.0313824661178469
-1.12328075924743	0.339047939506251
-2.57554526884402	0.666976966437407
-1.25292634738104	0.562158900236561
-0.611962616144159	0.147977912487881
0.165088029467664	0.0313824661178469
-0.612487701707529	0.148134994320372
-1.79346061997896	0.390723019452767
-0.325582325201124	0.0933470317045756
-1.7934287506278	0.390727439150181
-1.7934287506278	0.390727439150181
-1.7934287506278	0.390727439150181
-1.11896025029368	0.337616084496264
-0.609489833121369	0.147475344257464
-0.325582325201124	0.0933470317045756
-0.613158918177153	0.148231887572971
0.161251150232847	0.0308565698216007
-3.07402416243152	0.948685276185543
0.853727719894795	0.3637264312541
-0.494236145197031	0.186073947761845
-0.609489833121369	0.147475344257464
-0.614206104379299	0.148455859250315
1.96276901321247	0.454520391574277
0.16619130625606	0.0315431724784316
0.16619130625606	0.0315431724784316
-0.608428787479893	0.147248610626808
0.16619130625606	0.0315431724784316
-2.57036588579023	0.664816582891659
-0.613804976594409	0.148553206549543
-0.611962616144159	0.147977912487881
-1.79346061997896	0.390723019452767
-1.7934287506278	0.390727439150181
-1.11896025029368	0.337616084496264
-3.74624107806015	1.47909592511107
-0.611962616144159	0.147977912487881
-1.25885564304551	0.565783370773101
-0.617875104469477	0.149400727468359
0.16619130625606	0.0315431724784316
-0.612487701707529	0.148134994320372
-3.74624107806015	1.47909592511107
1.96684138854469	0.455504908505281
-0.196970790009868	0.0634432336968819
-0.498210387847668	0.187759028626771
0.161251150232847	0.0308565698216007
1.05271914025947	0.402027196178193
-1.79346061997896	0.390723019452767
-3.07454565876188	0.948489134275984
-2.57522664974505	0.666917731403372
-1.7934287506278	0.390727439150181
-2.57522664974505	0.666917731403372
0.169566032486793	0.032038095111837
0.164778629348208	0.0313374327003096
-0.618535635333325	0.149538863092151
0.165088029467664	0.0313824661178469
0.181959964224185	0.0546519449572612
-1.79346061997896	0.390723019452767
-1.7934287506278	0.390727439150181
-0.622767009400713	0.150536739427417
-0.370346829638476	0.152977788998958
0.17899314570337	0.0538175920888867
3.64618465324491	1.4458034047001
-1.25320475905138	0.56253612866595
-0.503852614714804	0.189998350201095
-1.79265643537061	0.727296037347586
-0.613012730411062	0.148202450577793
-3.44754089021611	1.22379406077669
0.165880035481028	0.0314978449610492
-2.57036588579023	0.664816582891659
-1.7934287506278	0.390727439150181
-0.614206104379299	0.148455859250315
0.183063896529214	0.0463401006276899
-0.608428787479893	0.147248610626808
-1.7934287506278	0.390727439150181
0.165088029467664	0.0313824661178469
2.76219840038386	0.780594539857824
0.963214248695465	0.255090594573707
-1.7934287506278	0.390727439150181
0.165880035481028	0.0314978449610492
0.16619130625606	0.0315431724784316
-1.7934287506278	0.390727439150181
-1.11458449535005	0.336227635184335
-1.79785205353169	0.391773074809323
0.16619130625606	0.0315431724784316
-1.7934287506278	0.390727439150181
-1.49825523114142	0.532562193916483
-3.74624107806015	1.47909592511107
-1.01014139129076	0.400088841211607
-1.11884555197394	0.337481516657706
-0.326043908260378	0.0934449166225896
0.687453672774919	0.21969379736456
-0.612487701707529	0.148134994320372
-0.701794429638729	0.239974906557054
1.06762213189116	0.40860472471242
0.182281708516407	0.0461365657769329
-3.07928878926676	0.951136693928373
-2.57067328278635	0.665094197548339
0.164778629348208	0.0313374327003096
-1.7934287506278	0.390727439150181
-1.7934287506278	0.390727439150181
1.96276901321247	0.454520391574277
-1.79785205353169	0.391773074809323
-1.79785205353169	0.391773074809323
0.165880035481028	0.0314978449610492
-1.79346061997896	0.390723019452767
-1.7934287506278	0.390727439150181
-0.614206104379299	0.148455859250315
-1.7934287506278	0.390727439150181
1.96684138854469	0.455504908505281
-0.19265924146981	0.0621226000055922
-2.57522664974505	0.666917731403372
-1.7934287506278	0.390727439150181
-2.57036588579023	0.664816582891659
-2.57036588579023	0.664816582891659
0.17211535805776	0.0666386262137165
1.47032706033056	0.490703617760438
0.169248055862235	0.0319917175833404
-0.613682540053849	0.148388769407339
0.169570842988667	0.0581880998558025
-1.49897898499855	0.532683365671509
-3.07350260546998	0.94852963330217
-0.196606144995592	0.0633346995977349
-0.371898888707106	0.15362917728401
-1.25320475905138	0.56253612866595
0.172309731920116	0.0439046529437047
0.165088029467664	0.0313824661178469
0.160144755571284	0.0306956063740573
2.76109157462938	0.779871501961836
-1.7934287506278	0.390727439150181
-1.7934287506278	0.390727439150181
1.96276901321247	0.454520391574277
-2.57098043849301	0.664920470822356
-0.613682540053849	0.148388769407339
-1.7934287506278	0.390727439150181
-2.57554526884402	0.666976966437407
-1.01330057740261	0.401508143873863
-0.502455215004387	0.189494091012893
-0.744824966604454	0.322057504500445
0.180484451327502	0.0542489043189748
0.688637326691298	0.220082192676685
-0.371040962182341	0.153207774766693
-2.04319649221053	0.928970425477793
-1.00581385712089	0.398098538455273
-0.613682540053849	0.148388769407339
-0.32485451718176	0.0931499749349684
-3.0729809879685	0.948009080411761
-1.7934287506278	0.390727439150181
-1.7934287506278	0.390727439150181
-1.7934287506278	0.390727439150181
-1.79346061997896	0.390723019452767
-1.79785205353169	0.391773074809323
-0.618535635333325	0.149538863092151
-2.57522664974505	0.666917731403372
-1.79346061997896	0.390723019452767
-2.58013588785136	0.668674470410509
-0.199032317017901	0.0641034971037585
-0.332737745881753	0.0953042451637104
-0.324393158207149	0.0929933012825356
-1.49680843456756	0.531963842405938
-0.0743623979206745	0.0292058440796538
0.184291063239428	0.0465991085839434
-1.12396372987595	0.33934973605565
-2.57036588579023	0.664816582891659
-1.1152634133402	0.336439469187697
-1.11963574652263	0.337715170908198
-0.459789094063699	0.237563524064593
-1.12086886051128	0.33811902750598
-0.698670682702589	0.238794577468402
-1.79346061997896	0.390723019452767
0.963214248695465	0.255090594573707
1.96372117107544	0.45473924627511
-2.57067328278635	0.665094197548339
-1.79346061997896	0.390723019452767
-1.7934287506278	0.390727439150181
-0.614206104379299	0.148455859250315
1.96372117107544	0.45473924627511
-1.7934287506278	0.390727439150181
-1.7934287506278	0.390727439150181
0.164778629348208	0.0313374327003096
0.160144755571284	0.0306956063740573
-1.7934287506278	0.390727439150181
0.963214248695465	0.255090594573707
-1.7934287506278	0.390727439150181
-0.281017164554358	0.127369788464172
-1.8018209860465	0.732336264923416
-0.611962616144159	0.147977912487881
-0.491888763967548	0.185206039733237
-0.0791811018205979	0.0310620640361985
-0.751719639903214	0.325833607551306
0.165088029467664	0.0313824661178469
-1.79346061997896	0.390723019452767
-1.79785205353169	0.391773074809323
-3.74696276382151	1.47929664249189
-0.744216121275988	0.321768796683503
-0.323664690407152	0.0927962418225715
-0.197316433582098	0.063550392412948
-0.699938932255418	0.239135424844937
-1.12328075924743	0.339047939506251
-1.11458449535005	0.336227635184335
-2.57067328278635	0.665094197548339
1.47032706033056	0.490703617760438
-1.7934287506278	0.390727439150181
-1.7934287506278	0.390727439150181
-1.79346061997896	0.390723019452767
0.165088029467664	0.0313824661178469
0.164778629348208	0.0313374327003096
-1.79346061997896	0.390723019452767
0.185454319096416	0.0556335769192585
0.181241544424179	0.0701293933402343
-0.496219048461158	0.186898738117231
-3.07350260546998	0.94852963330217
-1.49753171438992	0.532305096548695
0.175155035311403	0.0527334069281177
-1.80255467315262	0.73276942485064
-1.49753171438992	0.532305096548695
-3.07928878926676	0.951136693928373
0.165088029467664	0.0313824661178469
-0.613158918177153	0.148231887572971
0.16619130625606	0.0315431724784316
-1.00835638596109	0.399381922624064
-0.33115064247346	0.0948450204466267
0.169210512219869	0.0580517383438211
0.471213953335543	0.191316020734622
-1.14475218348189	0.635473939771042
-0.196970790009868	0.0634432336968819
-0.763998428384847	0.411584090181485
-1.12019427196772	0.338020301365193
-1.12464685880463	0.339484249108323
-0.613682540053849	0.148388769407339
-1.49633399610699	0.531774933095134
0.963743115659934	0.255236344279286
-2.57554526884402	0.666976966437407
0.962025660417238	0.254682745005495
-1.79785205353169	0.391773074809323
1.96276901321247	0.454520391574277
1.96684138854469	0.455504908505281
-1.79785205353169	0.391773074809323
-1.7934287506278	0.390727439150181
-0.702529153090903	0.24025873050893
-0.320548811537412	0.09196618419473
-1.11951983581622	0.337809535545767
-3.45239496999294	1.22656388713544
-1.49897898499855	0.532683365671509
-1.11896025029368	0.337616084496264
-3.07350260546998	0.94852963330217
-0.614206104379299	0.148455859250315
-0.706728811590437	0.241764690191015
-2.57067328278635	0.665094197548339
0.181159179759352	0.0458876218072277
-1.50189389559208	0.534121741351592
1.98814074582381	1.25432054296536
-0.378450586741228	0.156554281867196
-0.745228434114775	0.322263483734654
-0.465441373111075	0.241248142329461
-0.324126952894347	0.0929244396746841
1.47032706033056	0.490703617760438
-1.79785205353169	0.391773074809323
0.164778629348208	0.0313374327003096
-1.7934287506278	0.390727439150181
-1.7934287506278	0.390727439150181
0.165088029467664	0.0313824661178469
-1.79346061997896	0.390723019452767
-1.7934287506278	0.390727439150181
0.966736740010186	0.256029100393941
-0.60895933746012	0.147406558741333
0.165088029467664	0.0313824661178469
-0.704722398968598	0.241062538843187
-3.07822553691956	0.950796797182827
-1.79346061997896	0.390723019452767
0.182384642090162	0.0461735738884295
-0.324126952894347	0.0929244396746841
-1.79485262087807	0.728090442299141
-1.25320035086261	0.562648115053013
0.686721713829268	0.219371725498129
-0.619069360213747	0.149654914653121
0.183903164551658	0.0986172612729053
0.180211889092706	0.0617151293575879
-0.701794429638729	0.239974906557054
-0.7021816537733	0.239962359868483
-0.746851805387566	0.322923852499912
-1.00198766685669	0.396175079052544
3.6449477089076	1.4449787602644
1.96372117107544	0.45473924627511
-1.79346061997896	0.390723019452767
-1.79785205353169	0.391773074809323
-1.49561006114969	0.531433597211914
0.164778629348208	0.0313374327003096
0.16619130625606	0.0315431724784316
-0.611962616144159	0.147977912487881
1.96276901321247	0.454520391574277
0.16619130625606	0.0315431724784316
0.165088029467664	0.0313824661178469
-0.496157928957114	0.186946493085891
0.38763002895181	0.197079987889104
1.30735766982202	0.729099104322102
-1.65432545491249	0.930124270808386
-2.26635536722332	1.14374757201226
-0.920975198878278	0.556255716134651
-1.80328874130775	0.733096849202467
-3.07928878926676	0.951136693928373
-1.7934287506278	0.390727439150181
-1.79346061997896	0.390723019452767
-2.57036588579023	0.664816582891659
-3.44686848748983	1.22339694388155
-2.57554526884402	0.666976966437407
-1.7934287506278	0.390727439150181
-1.49778257857282	0.532153748454207
0.178820853869998	0.0612698080138397
0.168562745306947	0.0578373517486114
-1.79766606524237	0.730020629935894
-1.49680843456756	0.531963842405938
-0.618535635333325	0.149538863092151
-0.618535635333325	0.149538863092151
-1.79346061997896	0.390723019452767
0.161251150232847	0.0308565698216007
-1.7934287506278	0.390727439150181
-1.12086886051128	0.33811902750598
-1.7934287506278	0.390727439150181
-1.7934287506278	0.390727439150181
-2.57522664974505	0.666917731403372
0.165088029467664	0.0313824661178469
-1.7934287506278	0.390727439150181
-0.611962616144159	0.147977912487881
-1.79346061997896	0.390723019452767
-1.7934287506278	0.390727439150181
-1.7934287506278	0.390727439150181
0.183960045070368	0.0552151922972765
-0.709692290055233	0.24283295045235
-0.123615274187178	0.0439773688403038
-2.60996594277726	1.58760819742805
-1.7934287506278	0.390727439150181
-1.79346061997896	0.390723019452767
-1.7934287506278	0.390727439150181
-1.79785205353169	0.391773074809323
-1.79785205353169	0.391773074809323
-1.7934287506278	0.390727439150181
-1.79346061997896	0.390723019452767
-1.79346061997896	0.390723019452767
-1.7934287506278	0.390727439150181
2.76671632811135	0.782410087450427
-1.79785205353169	0.391773074809323
-1.79346061997896	0.390723019452767
0.182515705814395	0.0461929473161663
-1.7934287506278	0.390727439150181
-1.79346061997896	0.390723019452767
-1.4910268757554	0.529288422761213
-1.79346061997896	0.390723019452767
-0.330698472981565	0.0947716626031445
0.177362298643623	0.0450515694227369
-0.121210742616539	0.043149778671526
-0.966749196535935	0.476382846961137
0.165088029467664	0.0313824661178469
-0.326310377140785	0.0935168437296262
-0.613682540053849	0.148388769407339
-1.79346061997896	0.390723019452767
-1.7934287506278	0.390727439150181
0.160144755571284	0.0306956063740573
0.16619130625606	0.0315431724784316
-1.79346061997896	0.390723019452767
-2.57036588579023	0.664816582891659
-1.7934287506278	0.390727439150181
-1.7934287506278	0.390727439150181
-1.79346061997896	0.390723019452767
-2.57036588579023	0.664816582891659
0.811189554841472	0.488966315269962
0.169566032486793	0.032038095111837
-0.0753438397379853	0.0295740127918997
-1.79346061997896	0.390723019452767
-2.57067328278635	0.665094197548339
0.164778629348208	0.0313374327003096
-2.57036588579023	0.664816582891659
-2.57554526884402	0.666976966437407
-1.79785205353169	0.391773074809323
-2.57067328278635	0.665094197548339
-1.7934287506278	0.390727439150181
-0.617339897765464	0.149284387408846
0.687453672774919	0.21969379736456
0.173841338161581	0.0596051278079202
-0.498210387847668	0.187759028626771
-0.0771681103711373	0.030293976902301
-0.613158918177153	0.148231887572971
-3.07454565876188	0.948489134275984
0.963214248695465	0.255090594573707
-1.11963574652263	0.337715170908198
-3.07350260546998	0.94852963330217
-1.79346061997896	0.390723019452767
-1.79346061997896	0.390723019452767
-1.7934287506278	0.390727439150181
-1.79346061997896	0.390723019452767
-1.79346061997896	0.390723019452767
0.165880035481028	0.0314978449610492
0.963743115659934	0.255236344279286
-1.79785205353169	0.391773074809323
-0.617339897765464	0.149284387408846
-0.612487701707529	0.148134994320372
-3.07402416243152	0.948685276185543
1.34886052544281	0.596542879120315
0.179479941018599	0.0614871969929957
-1.79346061997896	0.390723019452767
-1.95357204217268	1.34322098473969
-0.364388398858447	0.150403512490859
-0.202615613594689	0.0652232518828875
-0.376342031194897	0.155706196017938
-1.79346061997896	0.390723019452767
-0.613804976594409	0.148553206549543
-0.613682540053849	0.148388769407339
-1.7934287506278	0.390727439150181
0.165088029467664	0.0313824661178469
0.165880035481028	0.0314978449610492
-1.7934287506278	0.390727439150181
-1.79785205353169	0.391773074809323
-1.79346061997896	0.390723019452767
1.96276901321247	0.454520391574277
-1.7934287506278	0.390727439150181
-2.57554526884402	0.666976966437407
-1.7934287506278	0.390727439150181
-1.7934287506278	0.390727439150181
-1.7934287506278	0.390727439150181
-1.7934287506278	0.390727439150181
-3.44821343973509	1.22397568320365
-3.07822553691956	0.950796797182827
0.164778629348208	0.0313374327003096
-1.7934287506278	0.390727439150181
0.182515705814395	0.0461929473161663
-0.493218498944464	0.185728512139402
-0.326116124892219	0.0934876536925377
-0.755514208166508	0.327660281762724
-0.745434194480551	0.322317614109222
-2.04916059733046	0.933046655798162
-1.25678676903573	0.564620297932334
-1.79785205353169	0.391773074809323
-2.57067328278635	0.665094197548339
0.164778629348208	0.0313374327003096
0.164778629348208	0.0313374327003096
0.164778629348208	0.0313374327003096
0.169566032486793	0.032038095111837
-2.57067328278635	0.665094197548339
-0.60895933746012	0.147406558741333
-1.79785205353169	0.391773074809323
-1.7934287506278	0.390727439150181
1.96276901321247	0.454520391574277
1.96276901321247	0.454520391574277
0.160144755571284	0.0306956063740573
-1.7934287506278	0.390727439150181
-1.7934287506278	0.390727439150181
-1.7934287506278	0.390727439150181
1.96276901321247	0.454520391574277
-1.80328874130775	0.733096849202467
-0.613682540053849	0.148388769407339
-2.57036588579023	0.664816582891659
1.47209004689925	0.491178510113126
-1.1182849071041	0.337405124817419
0.168568076048135	0.0735111885080769
0.181222403711057	0.0544586569816679
-0.321011266565823	0.0920911495247304
-1.01014139129076	0.400088841211607
-0.201906699363454	0.0650030146049408
0.164635938649755	0.0637059446981229
-1.11951983581622	0.337809535545767
0.968469219672053	0.25651021792255
0.963743115659934	0.255236344279286
-1.7934287506278	0.390727439150181
-1.79346061997896	0.390723019452767
1.96276901321247	0.454520391574277
-1.79346061997896	0.390723019452767
1.96684138854469	0.455504908505281
-1.7934287506278	0.390727439150181
-1.7934287506278	0.390727439150181
-1.7934287506278	0.390727439150181
0.165880035481028	0.0314978449610492
-3.07402416243152	0.948685276185543
-1.7934287506278	0.390727439150181
-1.49633399610699	0.531774933095134
-0.613682540053849	0.148388769407339
0.182973217707566	0.0462917199497201
0.182384642090162	0.0461735738884295
0.964404580081594	0.255330782344719
0.924514661148252	0.503112238150732
2.14390684094334	1.5036228756093
-1.45993513622836	0.733838039041807
0.387608787227113	0.19692747423572
-2.26110982960027	1.13928095186143
0.175645746259807	0.0765858336249854
-0.124620608483822	0.0443076162752337
-1.79785205353169	0.391773074809323
0.16619130625606	0.0315431724784316
0.164778629348208	0.0313374327003096
0.963743115659934	0.255236344279286
-1.79346061997896	0.390723019452767
-1.7934287506278	0.390727439150181
-1.7934287506278	0.390727439150181
0.169566032486793	0.032038095111837
-2.57036588579023	0.664816582891659
-1.79785205353169	0.391773074809323
-1.7934287506278	0.390727439150181
-1.7934287506278	0.390727439150181
-1.7934287506278	0.390727439150181
-2.57067328278635	0.665094197548339
-2.57067328278635	0.665094197548339
-2.57036588579023	0.664816582891659
-1.7934287506278	0.390727439150181
-3.99788353949868	1.73077675021861
2.13241876013691	0.963156397926432
0.417609772196223	0.190227467919093
0.923999749604386	0.502748000369219
-1.12464685880463	0.339484249108323
1.08888268610096	0.532186917645821
-0.58712664962475	0.279098454320091
-0.321741768636823	0.0922885496388945
-0.739006320959883	0.319190691686413
-0.500770553366305	0.188768131506588
-0.58212517045488	0.276414785383592
-0.121606099675459	0.0432915369663538
-1.11760971687047	0.337077079720442
-2.57036588579023	0.664816582891659
-1.7934287506278	0.390727439150181
0.165088029467664	0.0313824661178469
-1.79346061997896	0.390723019452767
-1.7934287506278	0.390727439150181
-1.7934287506278	0.390727439150181
1.96372117107544	0.45473924627511
-2.57036588579023	0.664816582891659
-2.57036588579023	0.664816582891659
-0.129979551481791	0.0462019065222805
1.08850211338313	0.531958239000341
1.96276901321247	0.454520391574277
-0.575332215591588	0.272622944792389
-1.00057398212972	0.395354994834308
0.473198825825499	0.192238507652064
0.47680168241803	0.193793610458473
-0.584681240793414	0.277690896402517
-0.579823900842027	0.27493142082693
-0.931642760078648	0.564642153363312
0.168057187890037	0.0732756288917938
-0.118832847756901	0.0423587664894206
-0.497829058923719	0.187488525845502
-1.7934287506278	0.390727439150181
-1.79785205353169	0.391773074809323
-1.7934287506278	0.390727439150181
-1.7934287506278	0.390727439150181
-2.57522664974505	0.666917731403372
-1.11884555197394	0.337481516657706
-2.57067328278635	0.665094197548339
-1.12519556185123	0.339754109482426
-3.07350260546998	0.94852963330217
-0.575846548897215	0.27289872822856
-0.326116124892219	0.0934876536925377
0.4234202211193	0.193034609297238
-0.125386369862919	0.0446191813586004
-0.750568317636396	0.325105589639249
-1.44682216870794	0.993680034498627
-1.44825102938185	0.994831965905898
-0.213280860126576	0.105156001060104
-1.00906318075178	0.399734482931109
1.06873244405831	0.409017014923299
-1.45891776504636	0.733205072648082
-2.57098043849301	0.664920470822356
0.187984352048437	0.0474280610765032
-1.7934287506278	0.390727439150181
-1.7934287506278	0.390727439150181
-0.322936466881447	0.0925708388690686
1.96684138854469	0.455504908505281
-1.79346061997896	0.390723019452767
-1.7934287506278	0.390727439150181
-1.7934287506278	0.390727439150181
-2.57098043849301	0.664920470822356
-1.49705816852235	0.532032217355669
-0.321741768636823	0.0922885496388945
-0.032203594526383	0.0139243934644096
-0.999821957506565	0.395227039947302
0.688637326691298	0.220082192676685
-0.209714014270928	0.0674309334113614
-0.219788262174736	0.108464474498506
-0.325582325201124	0.0933470317045756
-0.0322716519749202	0.0139514444479637
0.814817560564649	0.491099001579578
2.76219840038386	0.780594539857824
-0.125449682850739	0.0446078069078871
0.840157162185809	0.356960591621439
1.29895588222441	0.722341043751336
-0.496219048461158	0.186898738117231
-0.613012730411062	0.148202450577793
-1.79346061997896	0.390723019452767
0.161251150232847	0.0308565698216007
-0.613682540053849	0.148388769407339
-1.11951983581622	0.337809535545767
0.165088029467664	0.0313824661178469
0.16619130625606	0.0315431724784316
0.16619130625606	0.0315431724784316
-1.25452344665688	0.563006007254993
2.76109157462938	0.779871501961836
-0.745228434114775	0.322263483734654
1.08689352395271	0.530899521060822
-0.197681301235905	0.0636672013988199
-0.326043908260378	0.0934449166225896
1.84066711299049	0.726365639107333
-0.775215384065424	0.50691665385012
-1.00403055985993	0.397306910648104
-0.613158918177153	0.148231887572971
-0.12261043679513	0.0436371800151759
0.183063896529214	0.0463401006276899
-1.11963574652263	0.337715170908198
-0.365807385804441	0.151036991110362
0.544247930068288	0.197453121514336
-1.25254603603633	0.562193102367071
-2.57067328278635	0.665094197548339
-0.613682540053849	0.148388769407339
1.47032706033056	0.490703617760438
-1.7934287506278	0.390727439150181
-0.613682540053849	0.148388769407339
0.165088029467664	0.0313824661178469
-0.701407652969022	0.239760620804689
-0.774014514069073	0.41814525900191
-0.507107257415835	0.191392547046605
1.08727422065021	0.530972419786571
0.183063896529214	0.0463401006276899
0.164778629348208	0.0313374327003096
0.183960045070368	0.0552151922972765
-0.581179614129009	0.276026330202578
-0.493203251300823	0.185711768971633
-4.39028559234924	2.22493356228516
2.13021281863573	0.961386928995266
0.17530504283203	0.0678054422581583
-0.612487701707529	0.148134994320372
-1.1182849071041	0.337405124817419
-0.321741768636823	0.0922885496388945
-0.19265924146981	0.0621226000055922
-1.7934287506278	0.390727439150181
0.164778629348208	0.0313374327003096
-0.960633395585303	0.472527191542257
-0.701794429638729	0.239974906557054
0.545994337450589	0.198159602216923
-3.07402416243152	0.948685276185543
-1.00835638596109	0.399381922624064
-0.32485451718176	0.0931499749349684
2.76559849788836	0.78194178274137
-3.07350260546998	0.94852963330217
1.84839075322272	0.729859263775591
-1.65443681680442	0.929760458709741
1.47579162106182	0.492713238749138
-0.707845094848957	0.242262716671496
-0.49650800501461	0.187033371669453
-3.07875719123617	0.951227905765892
-0.613158918177153	0.148231887572971
-0.325663137440616	0.0933864485177264
-0.701060091359901	0.239632648032144
-0.613682540053849	0.148388769407339
0.183073792285235	0.0549481693591362
-2.57554526884402	0.666976966437407
-3.08351879397427	0.953227279124287
-0.326310377140785	0.0935168437296262
-2.57098043849301	0.664920470822356
-0.33115064247346	0.0948450204466267
1.47032706033056	0.490703617760438
0.183063896529214	0.0463401006276899
0.169566032486793	0.032038095111837
0.964934921520073	0.255476948633611
-2.57522664974505	0.666917731403372
0.181159179759352	0.0458876218072277
-0.619069360213747	0.149654914653121
-0.202615613594689	0.0652232518828875
-0.326043908260378	0.0934449166225896
-1.30248444473914	0.807533597974078
-0.323664690407152	0.0927962418225715
-1.79346061997896	0.390723019452767
-0.495504524619628	0.186634765049712
-1.46576387823699	0.737803608644795
-1.79653379913892	0.729391431830202
-0.613682540053849	0.148388769407339
-2.57036588579023	0.664816582891659
-1.13091688302283	0.34155410743896
-1.49825523114142	0.532562193916483
1.96276901321247	0.454520391574277
-1.7934287506278	0.390727439150181
-1.7934287506278	0.390727439150181
3.94404333145349	1.74617514669156
-0.60895933746012	0.147406558741333
-0.368368584388627	0.15207318780677
-0.701794429638729	0.239974906557054
-0.0368124823398353	0.0158414603303477
-0.500482624855524	0.188651252858163
-0.703999757003376	0.240702491325751
-3.44888613612191	1.22380916720858
-1.50848113268972	0.537019591842101
-3.99788353949868	1.73077675021861
0.692028142380155	0.221092112401465
-0.324393158207149	0.0929933012825356
-1.11951983581622	0.337809535545767
-1.79346061997896	0.390723019452767
-3.07875719123617	0.951227905765892
-3.07875719123617	0.951227905765892
-0.329964215322259	0.0945505800706473
-0.329512287054466	0.094417417841927
-1.11896025029368	0.337616084496264
-3.07875719123617	0.951227905765892
-0.320548811537412	0.09196618419473
-1.25951281700706	0.566150737089227
1.96372117107544	0.45473924627511
-3.07350260546998	0.94852963330217
-3.44754089021611	1.22379406077669
-0.487919950472708	0.183540394719132
-1.49608539149807	0.531478987360942
-3.74479839827737	1.4781183796158
-0.611962616144159	0.147977912487881
-1.11390573268458	0.335899190520225
0.967271104517323	0.256176548116206
1.96372117107544	0.45473924627511
1.83948692258838	0.725717515665962
-2.57554526884402	0.666976966437407
-3.07402416243152	0.948685276185543
-3.07875719123617	0.951227905765892
-3.07822553691956	0.950796797182827
-1.79346061997896	0.390723019452767
-3.07350260546998	0.94852963330217
1.47155078449581	0.491168545293048
-1.00269516620368	0.396499158743995
0.174504111440695	0.0598231088959162
0.171189775428302	0.0662121976703994
0.17161036033359	0.0588451910444155
-0.702142591343233	0.240009967793785
1.05767805940452	0.40430204105456
0.180484451327502	0.0542489043189748
0.181959964224185	0.0546519449572612
-1.46174848051558	0.735027413479489
-2.57098043849301	0.664920470822356
-1.11458449535005	0.336227635184335
0.18374299244507	0.0464795790495071
-0.33115064247346	0.0948450204466267
1.84066711299049	0.726365639107333
-1.50289020322423	0.534512321528133
0.16619130625606	0.0315431724784316
0.165088029467664	0.0313824661178469
-2.57067328278635	0.665094197548339
-2.57067328278635	0.665094197548339
-1.11957460536364	0.337866341493547
3.27152519356808	1.11907150574555
-1.7934287506278	0.390727439150181
-1.11957460536364	0.337866341493547
-1.7934287506278	0.390727439150181
-2.57067328278635	0.665094197548339
-2.44755836384368	1.35676250239619
-1.00306966229617	0.39683135622738
-0.326310377140785	0.0935168437296262
-0.702529153090903	0.24025873050893
-0.493203251300823	0.185711768971633
-0.194443769853819	0.0626542518681332
-1.1152634133402	0.336439469187697
-0.32485451718176	0.0931499749349684
-0.321011266565823	0.0920911495247304
-2.05281302393613	0.935366141453254
-3.74624107806015	1.47909592511107
-0.326043908260378	0.0934449166225896
-1.79785205353169	0.391773074809323
0.182515705814395	0.0461929473161663
-2.57036588579023	0.664816582891659
-2.57036588579023	0.664816582891659
-1.79346061997896	0.390723019452767
-2.57036588579023	0.664816582891659
-3.07875719123617	0.951227905765892
-0.613158918177153	0.148231887572971
-1.11458449535005	0.336227635184335
-0.503151908052831	0.189821021366808
-0.502455215004387	0.189494091012893
-0.118624043511714	0.0422812637605863
-1.01400572904258	0.401834663934782
-0.618535635333325	0.149538863092151
-2.57036588579023	0.664816582891659
-1.7934287506278	0.390727439150181
-2.57036588579023	0.664816582891659
0.181837521716867	0.0460537144756759
-2.57067328278635	0.665094197548339
0.688637326691298	0.220082192676685
-1.79346061997896	0.390723019452767
0.17556095712477	0.0601675035655895
1.47032706033056	0.490703617760438
-1.13091688302283	0.34155410743896
0.165088029467664	0.0313824661178469
0.181159179759352	0.0458876218072277
-1.12396372987595	0.33934973605565
-1.7934287506278	0.390727439150181
-1.79346061997896	0.390723019452767
-2.57522664974505	0.666917731403372
-1.79785205353169	0.391773074809323
-1.7934287506278	0.390727439150181
-2.57067328278635	0.665094197548339
-3.07402416243152	0.948685276185543
-2.57522664974505	0.666917731403372
0.184291063239428	0.0465991085839434
2.76219840038386	0.780594539857824
0.166320253572048	0.0643709570145403
-1.7934287506278	0.390727439150181
-0.613682540053849	0.148388769407339
-1.7934287506278	0.390727439150181
-1.79346061997896	0.390723019452767
0.169566032486793	0.032038095111837
-2.57067328278635	0.665094197548339
-2.57067328278635	0.665094197548339
-1.7934287506278	0.390727439150181
-1.1182849071041	0.337405124817419
-2.57036588579023	0.664816582891659
-1.12968819193386	0.341150094616032
-0.614206104379299	0.148455859250315
-0.613682540053849	0.148388769407339
1.96684138854469	0.455504908505281
0.182515705814395	0.0461929473161663
0.164778629348208	0.0313374327003096
-1.7934287506278	0.390727439150181
-1.7934287506278	0.390727439150181
-2.57067328278635	0.665094197548339
-1.79346061997896	0.390723019452767
-0.955633680315855	0.469059081581706
-0.924969146869734	0.560040491631983
-1.64477870314877	0.921650512152202
0.963743115659934	0.255236344279286
0.469827192531849	0.190698541732883
-0.377889904977927	0.156323288174476
-0.284654737473927	0.129207000180164
-0.216542970509873	0.106657478691581
0.619026915021604	0.325440943499447
-1.46967631623163	0.741011018316937
0.169570842988667	0.0581880998558025
-1.20082119450536	0.892488681680308
-1.79794283923537	0.730235878539468
-0.496879333423488	0.187181684059415
1.48447931468018	0.935172549961378
-1.45285199301928	1.00030409419732
-0.196606144995592	0.0633346995977349
-3.07350260546998	0.94852963330217
-2.44695143181769	1.35630974489835
-1.49561006114969	0.531433597211914
-0.702134100644835	0.240056342034831
-2.57036588579023	0.664816582891659
-3.08406063790942	0.953411710574981
-1.12328075924743	0.339047939506251
-2.57067328278635	0.665094197548339
-2.04896945823684	0.93265893552962
0.550229507129372	0.199823293779666
-0.749758606946014	0.324695438112665
-0.32485451718176	0.0931499749349684
0.16619130625606	0.0315431724784316
1.84376682971049	0.727623731102843
-0.127367041397413	0.0453024177564538
0.712927543244119	0.336393003965956
-0.768407845300964	0.414298071680974
0.73230026471939	0.485072805799044
-0.612387547471848	0.355798696549067
0.68569872621874	0.629341702823569
-0.62692517661836	0.366124988480895
0.463453634222606	0.187971647179528
0.160741494041233	0.0622475839335988
-0.00183711185881766	0.000925212519337163
-0.0733230219453967	0.0288114204306004
-1.08099112699909	0.731921142132099
-0.954389458442655	0.468026272319964
-0.697547507150818	0.238387277313668
-0.469703901314471	0.243385812330088
-0.465101025147875	0.240537129548746
-1.46556737542942	0.737399568931953
-1.12026119291491	0.338168680078347
-2.57067328278635	0.665094197548339
-2.57522664974505	0.666917731403372
-1.12019427196772	0.338020301365193
-2.57098043849301	0.664920470822356
-1.11951983581622	0.337809535545767
0.164778629348208	0.0313374327003096
0.187435346122179	0.047292837125537
-1.7934287506278	0.390727439150181
2.13772964310007	0.966515557948451
0.931549680825046	0.810939643606905
-0.365893101564728	0.339496045036668
-1.03085650852108	0.817557336156624
-0.209670627488229	0.134498404643189
0.00026057840988563	0.00000811614225743122
-0.19626072319558	0.0632056639998214
-0.768915793330901	0.414564156634202
0.922061902815981	0.501312107166686
-0.281514968097261	0.127559245332205
0.166881004101407	0.0645706117059428
-1.25812282927788	0.565488332215852
0.984527233351497	0.673038471089809
-1.8109187829805	1.63175218809689
-0.284653669799497	0.129239420686653
-0.324393158207149	0.0929933012825356
-0.612487701707529	0.148134994320372
-0.32485451718176	0.0931499749349684
1.46842163094462	0.489769078028611
0.165880035481028	0.0314978449610492
0.179369859705814	0.0539368960907662
-0.215091472353267	0.106058027804593
-0.653614918677297	0.709231889995604
0.351962574918641	0.215379432858704
-0.492543030858929	0.446144160290235
-1.44616992755935	0.994883375620606
1.47209004689925	0.491178510113126
-3.74624107806015	1.47909592511107
-0.577685762289758	0.274035588638691
-0.745767093106099	0.322673348304655
0.360860977706165	0.202198948283648
2.77082200037812	1.71715502873756
-1.12519556185123	0.339754109482426
-0.493870226068304	0.186000352373661
-1.11896025029368	0.337616084496264
-0.326771057218117	0.0936418390224184
-1.12019427196772	0.338020301365193
-1.49175325085157	0.529773188260123
-1.95798954911529	1.34686789641552
-1.25254603603633	0.562193102367071
-0.495848105642275	0.186769649159627
0.0224938887098842	0.012614369300288
-1.11951983581622	0.337809535545767
-1.79766606524237	0.730020629935894
-0.702916162136118	0.240304795913802
-1.11951983581622	0.337809535545767
-0.501508356762519	0.189062054512787
-4.55289022203328	2.48686453790319
-0.926306712319901	0.559743668079021
-1.79346061997896	0.390723019452767
-3.44686848748983	1.22339694388155
-0.326771057218117	0.0936418390224184
-0.124837825991722	0.044401537177189
-0.576832563965895	0.273411525933658
-3.44821343973509	1.22397568320365
-0.0334757422550098	0.0144579192462586
-0.461281515676181	0.238408483138632
-1.53599215263957	1.46432893644749
