x	y
1.96372117107544	0.45473924627511
1.96372117107544	0.45473924627511
1.96372117107544	0.45473924627511
1.96684138854469	0.455504908505281
0.464856280684563	0.188625286822257
0.85042709926287	0.362163990330178
0.516992185622984	0.3285392368361
1.47032706033056	0.490703617760438
0.681600849226051	0.217707538421281
0.545994337450589	0.198159602216923
1.01942281913209	0.838829880896261
1.85151100608139	0.731488521526503
1.84022304372881	0.72612017307568
0.687453672774919	0.21969379736456
0.964934921520073	0.255476948633611
1.96372117107544	0.45473924627511
0.967271104517323	0.256176548116206
1.79732653100718	1.41332722876032
0.550229507129372	0.199823293779666
1.07953760411924	0.526554510384874
-1.49561006114969	0.531433597211914
0.187435346122179	0.047292837125537
0.713492738665586	0.336741710182099
1.05841937425473	0.404493015312573
-2.57067328278635	0.665094197548339
0.17251451951708	0.0591412358731675
0.175442686112456	0.0854469627997826
0.837818282577269	0.355785005700546
0.544218436165038	0.197506777270022
0.844796816473284	0.359284495888571
0.686721713829268	0.219371725498129
1.47897546128728	0.493826410303162
2.5803809958122	1.4485787246897
0.17740700463895	0.0686168120819228
0.417683586962176	0.190309832644909
0.411289221632577	0.187092169932754
0.543153338421797	0.197033542378853
0.165197721130374	0.063938289353662
0.169570842988667	0.0581880998558025
0.17600623109393	0.0447149636044298
0.171600829426643	0.0664555205936668
0.553180270735225	0.200879267818678
1.42673586647741	1.1134678563257
-0.496157928957114	0.186946493085891
-0.750364995739161	0.325029815455567
0.729141929060244	0.480919214729863
0.345022387925483	0.210499502069446
0.174455246181377	0.0933539466557477
0.973813791304225	0.963295609508059
0.625594413988585	0.329432683085039
1.92577929700685	1.66858994710079
0.602932656384586	0.582402935324295
0.703082953560861	0.876358944698128
0.41712639152371	0.330449056566189
0.575516868935808	0.662816821683753
1.07146320129354	2.07758461324517
-0.967650975114751	0.944799254940955
0.558684003304055	0.467059837026214
0.668513420056104	0.476960606416998
0.499717021028928	0.343694537605481
1.12153203483569	0.855658030932793
0.758314530951067	0.913917858139483
-0.376901534033101	0.155951289607161
-1.24557359646512	0.557894856862925
-0.747124147605381	0.32342420294968
0.183063896529214	0.0463401006276899
0.923471706807312	0.501624006630074
-1.0087269008198	0.399292934116808
-0.375913484716817	0.155538822167635
1.08251806119371	0.528673707417268
1.47715133578681	0.92833868214273
0.549516086641495	0.199542874934359
0.368993467859532	0.207854203743152
0.575066942310614	0.335994568609317
1.26007647710035	1.06567283974086
-0.704722398968598	0.241062538843187
-1.00236193740671	0.396463059052617
-0.624134573392688	0.364183059116425
1.27528027703054	0.889178662239975
0.18081614615194	0.0699376571989104
1.05456533880612	0.402811234670406
0.356577499856034	0.199872183022622
-0.498572689177519	0.187792372240162
0.181480198012407	0.0884006642968021
-0.124226356552131	0.0441913898094736
2.15367484433028	1.5165653954006
1.42509981920321	1.11044473603154
1.42002431580627	1.10382015103619
1.60724901116134	1.74834055152891
0.876896318287315	0.805203511187345
-1.30300152762688	0.807641668840389
-0.378248520483064	0.211305904739055
-1.5026235657887	0.534584753118728
-1.79839826083819	0.730397358466732
0.187468830792786	0.0639152469314597
-2.62037362851857	1.60032014981003
-0.502534727372921	0.189406224071046
-1.29713376153871	0.802658054525696
0.161721048489966	0.0626326526460122
0.977953520143964	0.667448856658196
1.10302407047968	0.540809735262313
0.329203375268982	0.228252517601167
0.74864047932679	0.62590140207714
1.26460307327873	0.878496074179102
0.362108281273301	0.203291402672138
1.9574214466176	2.70155795954796
-1.12026119291491	0.338168680078347
0.164625296117395	0.0313507498370328
-1.11896025029368	0.337616084496264
2.76559849788836	0.78194178274137
0.4636768650788	0.187995984707304
-1.11390573268458	0.335899190520225
0.182515705814395	0.0461929473161663
0.68908810997088	0.220077042266344
0.177897745896969	0.053489137684244
0.181837521716867	0.0460537144756759
0.551353578437213	0.200228094406705
2.5833378064905	1.45066704691079
-1.1245135089551	0.339452387639693
-0.133529709727971	0.0474373023739721
1.46964366147565	0.490422889690681
1.35564812089346	0.600770089805534
0.85108667327523	0.36236861994358
-2.57067328278635	0.665094197548339
-0.611962616144159	0.147977912487881
0.165088029467664	0.0313824661178469
1.35135662214001	0.598044460885579
0.688185381402826	0.219868290083128
-2.57067328278635	0.665094197548339
1.84140390214436	0.726768879551614
0.963743115659934	0.255236344279286
2.76109157462938	0.779871501961836
0.855041461721105	0.364266661354196
-0.0760867169443849	0.0298937004703269
-1.00943392667062	0.399735935116325
0.555949767102404	0.201992647886448
-1.11951983581622	0.337809535545767
0.963743115659934	0.255236344279286
0.963743115659934	0.255236344279286
1.84447991901338	0.728069173154699
-3.07454565876188	0.948489134275984
2.76671632811135	0.782410087450427
-0.74475961433516	0.322275217201583
0.958352222975233	0.253964848564806
3.65119667594504	1.44884031306495
-0.330698472981565	0.0947716626031445
0.169566032486793	0.032038095111837
-3.0729809879685	0.948009080411761
0.855041461721105	0.364266661354196
0.469214796260205	0.190439621590192
1.06338277916722	0.406730999521995
1.80947791246546	1.02330628168818
0.688637326691298	0.220082192676685
2.14161201065848	0.968534834276604
-2.05281302393613	0.935366141453254
1.47525146835293	0.492648627415429
1.27267165934154	1.0815678217293
0.571984295940748	0.334354128172462
0.540215824447758	0.543740423238881
1.47232530503293	1.68083530203773
-1.11458449535005	0.336227635184335
-0.990026186834813	0.88166483128314
-0.784865646950192	0.733180559956259
-2.04575914205222	0.930491193037652
-0.578739930959744	0.274206093018026
-1.1152634133402	0.336439469187697
0.16619130625606	0.0315431724784316
0.961881298984383	0.254903830883264
-1.1152634133402	0.336439469187697
-0.701794429638729	0.239974906557054
-0.330698472981565	0.0947716626031445
-0.326043908260378	0.0934449166225896
-1.7934287506278	0.390727439150181
-0.617339897765464	0.149284387408846
2.93173969886745	1.99913140118604
-0.744216121275988	0.321768796683503
3.27393157336313	1.11982869858365
0.545282959725496	0.197930364047729
0.687368688538373	0.21962274738387
0.16619130625606	0.0315431724784316
3.94524209007654	1.74713132583643
0.198398950271859	0.130456263281309
1.0145348477464	0.833923373423598
-0.375183854641348	0.255760373768139
-0.00199557154359993	0.00099591380373426
-0.277428645126667	0.199481620689353
-0.845986829312448	0.955457122483858
-0.319817646410374	0.0917687104349087
-0.114836999915269	0.0409889290231566
0.838128194049257	0.355898979512677
-0.32485451718176	0.0931499749349684
-1.7934287506278	0.390727439150181
2.76219840038386	0.780594539857824
0.164778629348208	0.0313374327003096
-1.7934287506278	0.390727439150181
1.35960435833631	0.602767583717152
3.27152519356808	1.11907150574555
0.683520003518989	0.218340470189805
0.164778629348208	0.0313374327003096
1.46910411205871	0.490049168285487
-0.324126952894347	0.0929244396746841
1.34534186074161	0.594787167003823
-0.75198199072439	0.32570109606454
-0.320281010212049	0.0918656344140368
-1.79653379913892	0.729391431830202
0.967271104517323	0.256176548116206
1.06264198810457	0.406540438452512
0.63318029710856	0.334156962897562
0.638875643978227	0.489087360768258
0.704916965932394	0.617165970155498
0.593549972146613	0.476148049406803
-0.498537914257244	0.187840980418556
-0.617339897765464	0.149284387408846
-1.07101739716775	0.722055850963609
-2.09408231584512	2.30023403154266
0.427584622538833	0.340666832214885
-0.443032304063742	0.291275632183852
-0.194113630428157	0.0625242468970416
-0.374866350980459	0.155154148817034
-0.19626072319558	0.0632056639998214
-0.329964215322259	0.0945505800706473
-1.15003711276349	0.639178649307294
-0.777289013135827	0.508023389924691
-0.754508822891655	0.32716641948946
-0.331993943722139	0.0950999538773194
0.160144755571284	0.0306956063740573
-1.79346061997896	0.390723019452767
0.160144755571284	0.0306956063740573
-1.4910268757554	0.529288422761213
3.64871284900552	1.44691597652701
-1.7934287506278	0.390727439150181
0.185076110728506	0.0555416222332281
1.3495769767586	0.597194616535652
-1.11884555197394	0.337481516657706
0.693216225774344	0.221541872050593
0.181161766815608	0.0620330398600783
-0.493218498944464	0.185728512139402
0.180845714650258	0.0543398759613664
0.180845714650258	0.0543398759613664
1.46955857964488	0.49050725448157
2.58831854927491	1.45456506484567
0.814109364364725	0.648095882979225
1.09432740283523	1.28199714949852
0.64307488334483	0.340719887561699
-0.0595044790107229	0.0357563895907714
-0.127826979426344	0.0714611246837754
-0.278050958525051	0.126039508900805
-0.702529153090903	0.24025873050893
-0.331551470888426	0.0949821219788605
-2.05374438218374	0.935794570904203
0.553434299021439	0.200998764869903
-1.25084971592941	0.560994572093117
-0.951641741608268	0.466811094507108
0.173670407257701	0.0758599785063536
0.687001483078787	0.219402881860221
-0.319086727547559	0.0915432284448938
-0.325582325201124	0.0933470317045756
-3.45171499640176	1.22586147893993
-2.57036588579023	0.664816582891659
0.164778629348208	0.0313374327003096
-0.32531700249348	0.0932194330065639
0.47280904202969	0.191992375334362
-0.330698472981565	0.0947716626031445
1.96684138854469	0.455504908505281
-0.709698759851068	0.242860149943732
1.96276901321247	0.454520391574277
0.181743714491496	0.0460173511561772
-0.195896300806791	0.0631110974355499
0.718019519758237	0.339400982537212
0.967271104517323	0.256176548116206
-0.696079481998497	0.237763762994826
1.05841887097501	0.404561121395212
2.76330811440907	0.780761067286217
0.817180107345111	0.494017344724205
0.0349332683593824	0.0176055099927372
-0.589647809571696	0.475428471488698
0.388662155677936	0.342646362900783
0.472895320971167	0.344704521568765
0.858285023194532	0.90499317802301
0.928691563425573	0.808413350619608
-0.0740225087256507	0.0429234322984684
-0.00412898606493666	0.00194451724205368
-0.709698759851068	0.242860149943732
-0.613158918177153	0.148231887572971
-0.116451907910495	0.0648813931963878
-0.39710148026052	0.157548197679035
-0.613012730411062	0.148202450577793
0.84874813165367	0.361333340145203
-0.503852614714804	0.189998350201095
-0.757124760178492	0.328349736715043
-1.1182849071041	0.337405124817419
0.691240034356655	0.220791555953193
-0.703651055748467	0.240588737528622
0.552010634561459	0.20046264360567
-1.13022694918455	0.341328905410415
-3.75543855798953	1.48432671105721
-3.44754089021611	1.22379406077669
-1.79346061997896	0.390723019452767
0.962553055030982	0.254827961566665
0.165088029467664	0.0313824661178469
1.96372117107544	0.45473924627511
0.169248055862235	0.0319917175833404
0.967271104517323	0.256176548116206
-1.49753171438992	0.532305096548695
1.47648048364922	0.492996794108507
-2.57067328278635	0.665094197548339
0.689821397698691	0.220399946218977
0.478790069642107	0.194683740260329
0.968469219672053	0.25651021792255
-0.707108693003757	0.241928926266029
-0.496219048461158	0.186898738117231
1.96276901321247	0.454520391574277
0.693668977910988	0.221707820486434
-0.613682540053849	0.148388769407339
1.96276901321247	0.454520391574277
3.27272750868887	1.11966450015405
0.16619130625606	0.0315431724784316
0.183063896529214	0.0463401006276899
0.688185381402826	0.219868290083128
0.52329689336218	0.333668408929749
0.329611482143365	0.228731524656677
0.348496989179536	0.212956870730281
0.370086223108554	0.333564235798041
0.722723066158065	0.729066569843667
0.464954461682371	0.337740921667591
-1.4193201287908	1.4946357572584
-0.279986818556589	0.126935323910922
-0.634439260604915	0.371639762836946
-1.30595387314765	0.81014450346237
-0.577302762796917	0.273561358867356
0.183063896529214	0.0463401006276899
0.849767099826588	0.36182590832994
-0.124226356552131	0.0441913898094736
-0.905072893844886	0.653464974186874
2.13460629217846	0.96446244584926
0.688185381402826	0.219868290083128
1.05841887097501	0.404561121395212
-0.202615613594689	0.0652232518828875
0.185076110728506	0.0555416222332281
-0.964533495822048	0.47490793571411
0.167546613983363	0.0575001557873236
0.177481523913508	0.0607912977498877
0.923546559815548	0.502415925996933
-0.713554043837545	0.244213514949445
-0.703651055748467	0.240588737528622
-1.11951983581622	0.337809535545767
-1.12019427196772	0.338020301365193
0.182515705814395	0.0461929473161663
-0.611962616144159	0.147977912487881
-2.57036588579023	0.664816582891659
-0.611962616144159	0.147977912487881
-1.7934287506278	0.390727439150181
0.967933372585482	0.256362285789635
-0.613158918177153	0.148231887572971
0.550585584584045	0.199969616725774
0.187984352048437	0.0474280610765032
-0.123220651484122	0.0438507532384957
-0.371336427701869	0.153389557765106
-1.00344380433825	0.396818957300656
3.94011940400443	1.7432966017604
-0.33115064247346	0.0948450204466267
0.16619130625606	0.0315431724784316
0.180107983152346	0.0541465694868784
1.80291064989097	1.01721376953353
2.76330811440907	0.780761067286217
0.545282959725496	0.197930364047729
0.849408948383461	0.361671672630261
0.464954461682371	0.337740921667591
1.37456986872253	1.26928905418618
1.15773788099384	1.19062739231261
-0.774609007216521	0.587493281149927
-0.578412718907015	0.463669710793049
-0.690321136728857	0.600883010900766
0.0520804146838883	0.028576469239204
-0.0419609454991934	0.0179745021681357
-0.0970454330834893	0.056501112071519
-0.0162061031807083	0.0102779194574847
-0.484520958708538	0.360367203276691
-0.466000047077284	0.241031185877312
-1.47069199859247	0.741348714485643
0.933813504884338	0.509237194762122
1.06190079859119	0.406050412279014
-0.225921711806882	0.111701508668294
0.722170237056366	0.341926124854136
0.176825054435177	0.0449204608148946
-0.19626072319558	0.0632056639998214
-0.0360798294056658	0.0155212792131445
-0.773503322493402	0.417859732629558
0.175363569616283	0.0765482344425181
1.35135662214001	0.598044460885579
-1.15007094980812	0.639644521123405
-0.035629368714613	0.0153336732024432
1.35387025916238	0.599473598026445
0.181837521716867	0.0460537144756759
0.473621000107254	0.192428280308282
-1.50342895272977	0.534820350018527
-1.11957460536364	0.337866341493547
1.96684138854469	0.455504908505281
0.962025660417238	0.254682745005495
0.161251150232847	0.0308565698216007
0.181959964224185	0.0546519449572612
-2.27292687697178	1.14865196782849
0.183063896529214	0.0463401006276899
0.693216225774344	0.221541872050593
2.76330811440907	0.780761067286217
-0.612487701707529	0.148134994320372
0.688553546984024	0.219962860223314
-0.0752100311069774	0.0295410021939235
-2.57036588579023	0.664816582891659
0.925996507151989	0.503957546920522
-1.00864491686085	0.399310786990097
-0.613158918177153	0.148231887572971
1.96684138854469	0.455504908505281
1.47086646676889	0.49088731436037
0.629275007554483	0.331472333529495
-0.118884261414016	0.0662671249757296
-0.446911848282295	0.294456381731005
0.550170440922328	0.481498403779718
1.04124073103633	0.986108081094494
0.674575628839902	0.482280332669074
0.0896217606276827	0.0585661607112697
0.209795216124391	0.178484788680597
0.300816025098688	0.236497466924783
0.384321431698107	0.195521452264667
-0.283437383972797	0.12854159422827
0.025375082422454	0.0128291369083985
-1.31042545198566	1.0636771009318
-1.08686069769728	1.2692638698801
-0.124171894762057	0.0442242317556852
-1.25188772636848	0.561803268010386
0.572523256485165	0.334775206199306
-3.07822553691956	0.950796797182827
4.18934074145553	2.03655237370426
-1.25019261859565	0.560551670487695
-2.06550734197244	0.943082541865178
2.76671632811135	0.782410087450427
1.47032706033056	0.490703617760438
-0.373117749880907	0.208026118910261
-1.66487771154287	0.939146495151279
1.35925000474365	0.602176929194198
0.693668977910988	0.221707820486434
-0.465171179125371	0.240505309472428
-1.11760971687047	0.337077079720442
-0.613012730411062	0.148202450577793
-2.57067328278635	0.665094197548339
-0.611962616144159	0.147977912487881
-1.47149155020984	0.742106412560748
0.164778629348208	0.0313374327003096
0.165088029467664	0.0313824661178469
0.16619130625606	0.0315431724784316
-3.07350260546998	0.94852963330217
-3.07402416243152	0.948685276185543
0.963214248695465	0.255090594573707
3.27510914666181	1.12076297640292
2.76330811440907	0.780761067286217
0.16619130625606	0.0315431724784316
0.963743115659934	0.255236344279286
1.96684138854469	0.455504908505281
-1.26311633392967	0.568411691186277
1.84688671309285	0.729320128563701
-1.11884555197394	0.337481516657706
0.552366600094505	0.200647521424049
-1.11896025029368	0.337616084496264
0.16619130625606	0.0315431724784316
1.46964366147565	0.490422889690681
0.181743714491496	0.0460173511561772
0.171690427224654	0.0664790795125569
1.80909918987904	1.02239066984836
-0.116961173466322	0.0652074405991376
-0.982416514307605	0.871639519930765
1.14481077137931	1.03592788436967
0.676878551410764	0.484553132144432
0.707911850880793	0.333837061941853
-1.12026119291491	0.338168680078347
0.849051344453761	0.361335510776158
-1.02435275170253	0.809880721218589
-0.378834801078164	0.258667666470771
-1.31491436768732	1.06883204383884
-1.45142572409281	0.999525585409184
0.0588054869553237	0.0345316609499766
-0.517936038347076	0.322713473349971
-0.496219048461158	0.186898738117231
-1.20297950807035	0.895757434311409
-0.0485733122549492	0.0207502012774998
1.34640064313769	0.595379308973642
1.05235833798367	0.401844810202421
0.169566032486793	0.032038095111837
-0.374796496741303	0.155035092886394
0.854745976083229	0.364157099703967
-1.79766606524237	0.730020629935894
4.18311134782598	2.03106090679659
0.171896822253868	0.066476773420953
-0.367354566826806	0.151663543087237
0.182336403143595	0.0547549505032696
-0.613682540053849	0.148388769407339
0.46843211581079	0.190223410571102
0.689369698791533	0.22025689756634
-0.196970790009868	0.0634432336968819
-1.11951983581622	0.337809535545767
0.165088029467664	0.0313824661178469
-0.611962616144159	0.147977912487881
-0.329964215322259	0.0945505800706473
-1.79785205353169	0.391773074809323
-0.614206104379299	0.148455859250315
-1.7934287506278	0.390727439150181
0.187435346122179	0.047292837125537
3.27631781619437	1.12171855032085
0.963743115659934	0.255236344279286
0.184971072095669	0.0467387603153735
0.165088029467664	0.0313824661178469
0.164778629348208	0.0313374327003096
-0.612487701707529	0.148134994320372
-0.327498449554433	0.0938114370055266
1.96276901321247	0.454520391574277
1.96276901321247	0.454520391574277
3.27631781619437	1.12171855032085
0.16619130625606	0.0315431724784316
2.76219840038386	0.780594539857824
0.183063896529214	0.0463401006276899
1.0538227967033	0.40247872570357
-1.1245135089551	0.339452387639693
0.552366600094505	0.200647521424049
-0.959520198988893	0.471779233153376
1.12764529538273	0.861099226081601
-0.49470243091293	0.369633033166124
0.588581291008989	0.470912842876758
0.0432239922495717	0.0237467196394144
1.87767895612944	2.45775704152204
0.416667324209931	0.189842796570479
-1.08608950338185	0.736906554272098
0.166416934324898	0.0809024387405559
-0.681371717609161	0.537159049618201
-0.305678688709274	0.180661218915993
-0.613682540053849	0.148388769407339
1.13138254494516	1.01827820623149
0.177747693079097	0.109723588994097
-0.470778571510964	0.244355564519678
-0.0732577462781416	0.0288222073792567
-1.49633399610699	0.531774933095134
1.83556105705841	0.723803926717143
0.569849237709753	0.332247916090717
0.552010634561459	0.20046264360567
0.180107983152346	0.0541465694868784
1.96372117107544	0.45473924627511
-1.00977041428962	0.400033925972951
-0.962651407275958	0.473933695158853
-0.702529153090903	0.24025873050893
-2.0521085311822	0.934615117053039
-1.79794283923537	0.730235878539468
-0.283893553552938	0.128994142604561
-0.499521706169529	0.188284678762176
0.179274213223518	0.0454636418217038
-0.613012730411062	0.148202450577793
-1.25450692292408	0.563437450230058
-1.79346061997896	0.390723019452767
-2.57554526884402	0.666976966437407
-1.79653379913892	0.729391431830202
1.05346208699469	0.402359762312703
0.967271104517323	0.256176548116206
0.165088029467664	0.0313824661178469
0.964404580081594	0.255330782344719
1.96684138854469	0.455504908505281
0.169566032486793	0.032038095111837
0.174504111440695	0.0598231088959162
-0.324126952894347	0.0929244396746841
1.46964366147565	0.490422889690681
-0.193026872526739	0.0622167584761554
0.191013517092109	0.0480694204657905
0.963743115659934	0.255236344279286
0.16619130625606	0.0315431724784316
-3.07350260546998	0.94852963330217
-0.745838143765145	0.322552749669043
0.981105746387943	0.670057068845216
0.31546430035497	0.229103341082849
0.577487571365608	0.338157068754491
0.0758220465181541	0.0471090884256864
0.195818273304172	0.134937965194337
1.28843902703839	0.714176661572594
0.312503062543508	0.226363582608286
-1.13393968100853	0.627233917746057
-0.377178956142016	0.210565197081683
-0.325702992776932	0.257015057960658
-0.287802884886021	0.130876324509093
-0.326116124892219	0.0934876536925377
0.346032971539482	0.211170610272118
-1.4329844443461	1.26733267658607
0.364942436578928	0.205170141950226
0.182184274537263	0.062360476929113
1.3549353352076	0.600117468724131
-1.11884555197394	0.337481516657706
-0.708220217877214	0.242291455152327
-0.375782868334702	0.155446556365043
-3.07350260546998	0.94852963330217
-1.11957460536364	0.337866341493547
-1.50142880975048	0.534054734577795
0.846045347999375	0.35970032424254
0.962553055030982	0.254827961566665
0.854024173951591	0.363747751789368
1.34928261545842	0.597043496460796
0.549160121479864	0.19934633555332
-0.207232075857028	0.0666568135316666
-0.613158918177153	0.148231887572971
1.47086646676889	0.49088731436037
-0.0363667531820338	0.0156545907426848
0.182515705814395	0.0461929473161663
-3.07822553691956	0.950796797182827
-2.57067328278635	0.665094197548339
1.84525714600486	0.728756039651982
-1.79346061997896	0.390723019452767
3.9377307543685	1.74074336125778
-3.44754089021611	1.22379406077669
-1.12328075924743	0.339047939506251
3.27510914666181	1.12076297640292
-0.202267717623406	0.0650989962325268
0.181837521716867	0.0460537144756759
-0.613682540053849	0.148388769407339
0.968469219672053	0.25651021792255
-2.57554526884402	0.666976966437407
-1.79867586482886	0.730667932620658
-0.325582325201124	0.0933470317045756
0.466986741337368	0.189353228234193
1.29612963015224	0.719560922219797
0.574113704735104	0.335473235810921
-0.987648294378209	1.16102194544402
-0.69005749095217	0.600272930781225
0.296362342125938	0.241223604411093
0.813411797203475	0.49001058244484
1.26349206483552	1.06947918811179
0.548802214907851	0.199198529969934
-1.11963574652263	0.337715170908198
-0.211691817831002	0.135893097556778
-1.01681832132115	0.801644600657689
0.0400005268855798	0.0219983590252683
1.27573043045596	0.889238844222333
0.185463081249978	0.107611613177879
-1.34018135337548	1.52959115221049
-0.470249411384024	0.244069626162621
0.179274213223518	0.0454636418217038
-0.628872321669145	0.367761346665438
0.187322684745621	0.100665621774084
1.26081493810626	1.06739283270574
-0.313114503492418	0.185727935258412
-0.120998237505809	0.0431156409405122
-0.289054418694824	0.131327364821658
1.11994480901802	0.695159776821188
0.6278228139793	0.330521761875909
0.182515705814395	0.0461929473161663
-3.45171499640176	1.22586147893993
0.470214630529904	0.190887743886364
1.83904259060411	0.725255788020061
0.551654521195964	0.200367304145546
0.963743115659934	0.255236344279286
-1.13547981742292	0.628382470514521
0.48299450302396	0.329831804719325
-0.0738425599286327	0.0290095423175695
1.47155078449581	0.491168545293048
2.13625724362141	0.965246201574124
-0.0751108686230038	0.0295359090585564
-0.32485451718176	0.0931499749349684
-1.11390573268458	0.335899190520225
-3.7511927754544	1.4825089606666
-0.611962616144159	0.147977912487881
-0.618535635333325	0.149538863092151
1.84059795026718	0.726378615413426
-0.69681330218041	0.238104465757831
0.176139035531232	0.0447669868764769
1.46955857964488	0.49050725448157
1.30049117008406	0.723689437242112
1.06449307015235	0.407221804443696
0.185813320888401	0.0557349268614171
0.550997960911466	0.200096486449454
3.27032462336087	1.11801013776878
-0.60895933746012	0.147406558741333
1.46964366147565	0.490422889690681
0.169566032486793	0.032038095111837
0.18374299244507	0.0464795790495071
0.684701102955821	0.218657021719675
-0.581797112652481	0.27596306596272
1.12669228429056	0.859934958057585
0.10951920796925	0.0751277910658373
-0.430634979930954	0.329276144529355
-0.0599665845110265	0.0360253257594334
0.0787748647442441	0.0489828035664695
0.192075325260092	0.143007960907693
1.56158904258939	1.89598074021222
2.30485237296214	1.80037603986313
-0.479547132239552	0.249686555133148
-0.16627746302294	0.0879707155301584
-1.00900500083133	1.11526793445909
-0.189690418700316	0.144476461704049
0.475304348776804	0.346553794050324
-0.00595289020547164	0.00274619905941364
-0.283331814163203	0.226136470763936
0.0684623147566112	0.0444525903874554
-0.2932861808728	0.235535256827892
-0.27492691557458	0.197398334952281
0.527926559962015	0.336886645389055
0.0494289286983537	0.0290108780941382
-2.26701037646063	1.14427006201157
0.168282085823286	0.0651395862135137
0.17863644710503	0.0536867113604282
0.850069339148531	0.361876749971404
0.174504111440695	0.0598231088959162
2.76219840038386	0.780594539857824
-0.198757003958094	0.063979613393949
-0.170629050191114	0.0903248291548381
-0.368797089997939	0.15229369927963
-0.697202314681331	0.238170495213451
-1.1182849071041	0.337405124817419
-0.625950057466608	0.365601779180712
0.163238068352511	0.0560606058231828
0.179746383607047	0.0540100642734575
0.967271104517323	0.256176548116206
-1.49753171438992	0.532305096548695
0.41803695702533	0.190178012059083
0.164778629348208	0.0313374327003096
-0.60895933746012	0.147406558741333
-3.08351879397427	0.953227279124287
-0.330698472981565	0.0947716626031445
-0.613012730411062	0.148202450577793
-0.613158918177153	0.148231887572971
0.182515705814395	0.0461929473161663
-0.618535635333325	0.149538863092151
-1.11951983581622	0.337809535545767
1.47155078449581	0.491168545293048
-1.7934287506278	0.390727439150181
-0.321011266565823	0.0920911495247304
-0.961069356393055	0.47274486368638
-0.197681301235905	0.0636672013988199
0.186752657299631	0.0471525522204707
-1.25188772636848	0.561803268010386
2.13662167910708	0.965753673826741
0.692028142380155	0.221092112401465
-2.57522664974505	0.666917731403372
0.165088029467664	0.0313824661178469
-3.07402416243152	0.948685276185543
1.47032706033056	0.490703617760438
0.185076110728506	0.0555416222332281
0.329535621905667	0.228487825892495
-0.066738182588474	0.0401346092341502
0.924890161697851	0.502606603990724
0.806375023098333	0.638708451087777
0.417033848491355	0.345640372241772
0.81624591352711	0.492517136377381
0.498993537758933	0.343080097006819
0.176841437313617	0.0772226954254543
0.801210590460474	0.634160351004342
-1.48692338019775	0.752692366926326
1.46964366147565	0.490422889690681
-0.618535635333325	0.149538863092151
-1.00128060564233	0.395807493251949
-2.27162122808899	1.14757793625026
-0.259200520711676	0.160797266744493
-2.32352285740369	2.0840487284238
-0.0382807786363563	0.0236740389344134
0.178963978001405	0.0959103527062394
-1.4832118838186	1.86306246220389
0.308808090870489	0.233992982394252
-0.58625519363978	0.471425680016501
-0.321218996425904	0.225319646761022
-0.773140472749281	0.504446550996382
0.998628178632096	1.09285278553021
0.180043123445404	0.0965252163589181
-0.490014452346407	0.365163733112371
-0.528791912859639	0.331156045682982
0.559902083374768	0.203417362657743
0.0312507143101775	0.0172768813437295
-0.259544076360605	0.161105701210277
-0.613682540053849	0.148388769407339
-0.114030748937892	0.0406889852726355
-0.118884261414016	0.0662671249757296
-1.11760971687047	0.337077079720442
0.554529317239519	0.201500781149606
0.174785547530182	0.0526214906817273
-1.31323947008611	0.816470870170545
-0.128326310963968	0.0716650402039849
-1.24355591656325	0.556790478869186
-1.7934287506278	0.390727439150181
-0.195186900570072	0.0628739701093823
-3.07875719123617	0.951227905765892
0.966736740010186	0.256029100393941
-3.07350260546998	0.94852963330217
-0.619069360213747	0.149654914653121
-0.714334917713677	0.244501342331832
-0.326043908260378	0.0934449166225896
0.681600849226051	0.217707538421281
-0.118624043511714	0.0422812637605863
-0.379940817920688	0.157371456640493
-1.46454824115948	0.737058651118592
-0.198045826596271	0.0637553577032532
0.475607969276292	0.193280765796676
3.27272750868887	1.11966450015405
0.967271104517323	0.256176548116206
1.83948692258838	0.725717515665962
0.165880035481028	0.0314978449610492
-0.702529153090903	0.24025873050893
-0.62150983239082	0.362576307486126
1.0178791411908	0.836995106096147
0.704364636380522	0.616370750335084
1.71137209428933	1.9979008710006
-0.092913372592089	0.0651862439893354
0.0337981219703634	0.0244400289681118
0.593919329451842	0.570934346518936
0.92883952826915	0.50568594575881
0.194451769126475	0.127555361897019
0.421016652154646	0.191681857776423
1.96276901321247	0.454520391574277
-0.326043908260378	0.0934449166225896
1.83673871021591	0.7243263845867
-0.365934427199443	0.151101090210561
-0.20993350621967	0.134607970202303
0.427271690558277	0.340349912360204
-0.200851475308083	0.12830769282024
-0.200133384943656	0.148623922570653
0.769034197695894	0.848710186726022
-0.593476260412175	0.479211351310623
-0.474811532272816	0.425407656662305
-1.6503375931984	0.925527073933205
-0.464131359208369	0.239986185831399
-0.586094131867088	0.278540640573356
-0.162809779588689	0.0860053421371543
-0.562878730321953	0.405943965883812
0.103337121279795	0.0757482397448952
-0.435174821251181	0.285143549834409
-0.683220650774636	0.592314126355747
-0.751719639903214	0.325833607551306
-0.77255236719228	0.417240735532564
0.0305831970804774	0.016931078501493
0.625951024850768	0.476346232125167
-0.580667763879253	0.275761333985373
-0.32485451718176	0.0931499749349684
0.849408948383461	0.361671672630261
-0.773769211104715	0.505185357438462
-0.958776362042486	0.471553776607146
1.59857754726196	0.804530569699723
1.36066880319129	0.603371789765829
-0.366123005455633	0.248386052673116
-2.57522664974505	0.666917731403372
4.1882111136414	2.03566038800704
-1.8018209860465	0.732336264923416
0.164778629348208	0.0313374327003096
-3.07350260546998	0.94852963330217
-1.79346061997896	0.390723019452767
-1.11760971687047	0.337077079720442
0.177501415059504	0.0608062606278489
-0.325582325201124	0.0933470317045756
-1.50774474493265	0.536593235425421
-0.737393070037659	0.318220468084377
0.426397409454567	0.19451490110927
0.691745806165962	0.221041871886146
0.467435422769942	0.189763860429757
-1.12396372987595	0.33934973605565
0.681600849226051	0.217707538421281
-0.324925483517562	0.093165291273504
1.4745635305468	0.492365493098567
0.926456656679287	0.504311653849671
-0.325582325201124	0.0933470317045756
-1.30133714603042	0.805154832130386
-0.454127869340504	0.378091096563006
-0.626530893142558	0.634134552786948
0.0194607659440998	0.0136352064093656
-0.205538088384415	0.153111810705492
0.475246440712315	0.451081433947241
-0.566103697416576	0.544599172875984
0.758198279538311	0.636684830993936
0.0447231782380863	0.024547423149575
0.713715095863842	0.627468201331794
1.84022304372881	0.72612017307568
-0.698670682702589	0.238794577468402
-0.320281010212049	0.0918656344140368
-0.204699374480524	0.0658782642626444
-0.084463586353819	0.0330850075245822
0.360392667586083	0.202045519752616
-0.0606860312486716	0.0364642680315778
-0.929667135843464	1.04474449808227
0.123687890637525	0.0944395599186348
1.24644471832923	1.74953870665399
-1.3403526143958	1.86718475472905
-1.49825523114142	0.532562193916483
-0.745434194480551	0.322317614109222
-0.259794452304704	0.21122231071574
-0.00401739499977998	0.00189541574056476
-0.327974190807188	0.230719942795005
-0.122052369508014	0.0843390134721061
-0.521126801974709	0.324894438206265
0.632262421317823	0.482564103040004
-0.375224045176799	0.155158649755534
-0.140813233305915	0.0950510900985107
-0.65963738260233	0.457088655954417
-0.377385641419251	0.15623373484692
-0.200129309738867	0.0644172032327784
-0.377657520695013	0.210540039651153
-0.213220559637286	0.10500959811652
-4.00445759317147	1.73529487098312
2.76188149904282	1.70685575318683
0.487041638743682	0.333087175660805
-0.962651407275958	0.473933695158853
-0.617339897765464	0.149284387408846
-1.26908403270058	0.571724725855923
-1.00835638596109	0.399381922624064
0.559902083374768	0.203417362657743
2.37438290611096	1.20256030194498
-1.7934287506278	0.390727439150181
0.169566032486793	0.032038095111837
-0.761861458131084	0.409459967654459
0.468648132091307	0.190251206068022
-0.69828209728105	0.238636183590358
0.186752657299631	0.0471525522204707
0.843087960632404	0.358463521060009
0.167823480766704	0.0732515966634573
0.176552672502959	0.0605054209747227
0.358965269433827	0.201278293525855
0.174504111440695	0.0598231088959162
0.17556095712477	0.0601675035655895
-1.79726582531089	0.729767900198108
0.165088029467664	0.0313824661178469
-1.11884555197394	0.337481516657706
1.96372117107544	0.45473924627511
1.05767805940452	0.40430204105456
0.479787385949075	0.195135116565142
0.387826729839858	0.197424466234607
-0.525362143641891	0.328450711004264
-0.190311073145268	0.140545451020241
0.511572079978824	0.458674640946948
0.294540007482745	0.247741986014676
-0.399833249223614	0.3677842368262
-0.435534332619405	0.285419213148214
0.515820208832814	0.463591494667596
0.418110624108824	0.34673083046764
0.745797681258879	0.49604389136761
-0.0662949648154875	0.0471055682250109
-3.0729809879685	0.948009080411761
-0.0772198396013518	0.0303150593259663
-0.00412898606493666	0.00194451724205368
0.193944910693455	0.139168689821609
-1.47401238197698	2.0469577471038
0.89277699744159	1.02779646561121
0.612615419391808	0.678617985415869
-0.17665963125283	0.13359790031147
0.507760052941047	0.550845629013814
-0.439467648175302	0.40031846350942
0.178026991072086	0.0777763180925443
-0.0613418223522022	0.036867315690325
-0.224445541294059	0.163193432316622
-0.0635855074799556	0.0514811493226269
-0.157655611968708	0.146493772780264
-0.409846332301104	0.409061839076572
-0.433744059500885	0.3938296825202
-0.0823317411117532	0.0574835744129363
-0.219976141647241	0.141723720702499
1.35636045207216	0.600949327384119
-0.766391092229123	0.579747758779518
-1.04065162841082	1.07624127511634
-1.00128060564233	0.395807493251949
-0.0391319527120753	0.0168004300816629
1.0842316016519	1.26365217088478
0.748474843296155	0.626144512989063
-0.470414162885576	0.244241876547194
-0.970655314532581	0.478904087275921
0.0451485070991824	0.024768451354663
-0.00320956243530364	0.0020417970792143
-0.0834843660145458	0.0327153039451464
-0.608428787479893	0.147248610626808
0.165088029467664	0.0313824661178469
-0.321741768636823	0.0922885496388945
0.182384642090162	0.0461735738884295
1.47032706033056	0.490703617760438
1.47155078449581	0.491168545293048
1.96684138854469	0.455504908505281
0.967271104517323	0.256176548116206
0.963214248695465	0.255090594573707
1.05767805940452	0.40430204105456
0.464672886133348	0.188460947532309
0.538895973456004	0.195376263391291
0.181222403711057	0.0544586569816679
0.565506317657747	0.329519456913651
0.820919825582127	0.49618616069923
-0.0148018308684859	0.00671659356388647
0.171842854941116	0.0589274232351615
0.93871405109643	0.512631122388476
0.165880035481028	0.0314978449610492
0.179746383607047	0.0540100642734575
0.555239766445707	0.201780832151434
0.472810322968623	0.19207386010312
0.717457864617758	0.339107473871754
-0.623382150799569	0.593509086197769
0.110346119135848	0.0860041726131387
0.348032342667732	0.372184380736843
-0.0758524703448623	0.054139358895834
-0.156366102086127	0.116802693979571
0.279361235067316	0.240202737624441
-0.768215470044164	0.650455163028946
0.0234378881061747	0.0163877373909944
0.420990048057687	0.334224106023647
-0.565672254174374	0.408661502842174
0.588842220489735	0.47165713157984
0.0269376237257217	0.0136297726804174
0.473589454725271	0.19241483097626
0.183809152406343	0.0629189729289287
-0.202976861420011	0.0653350306430413
0.517180066102708	0.328734496874979
1.32736041145706	1.83536870288536
-0.203988561852444	0.151836684204299
0.267111483953193	0.259566575770026
0.472660558616925	0.589099241174774
0.36690599291859	0.340734439545032
-0.478685344324513	0.506679407877052
-0.115195504792833	0.0906388389457547
-0.71801205662405	0.861158062834658
-0.565686381433003	0.622786822577411
-0.559921672822407	0.61418698413916
0.0493041225873811	0.0378910651715635
-0.60070107267271	0.653926687976582
-1.20890786087236	0.902574505277876
-0.380615983282392	0.212538495140107
-0.248051272480066	0.15315308443835
1.4091384824962	1.90410644444809
-0.132533372794524	0.114646715869839
-0.00621693414165082	0.00476203467093019
-0.49308519272851	0.446669305884937
0.950832704863324	1.07306806055984
-0.207546774391521	0.102125819325309
-0.456770079400996	0.380872114288119
0.304048222824683	0.239436975841244
0.59811732741683	0.481143453684255
0.100921273123111	0.068977631303278
0.0648649600445854	0.0402146809987084
0.621314777026474	0.471794581987189
-0.435922832926625	0.285972685321176
0.191505427642912	0.118889266750497
0.182497257982085	0.105914480828515
-0.662809183198367	0.517939111697747
-1.2391945467352	1.1474349292705
0.180429893159	0.0967291319205767
-0.951085162655015	0.466480187150023
-1.00415219200353	0.397187604454455
-0.479088920837344	0.249231249131054
-0.198968218173011	0.0640889176649534
0.84740079201131	0.360631206481512
0.966520335301373	0.95340906840272
1.06375255943934	0.407031400293661
0.477792218364005	0.194185516539515
1.35170505429441	0.598459395279544
0.17428253189649	0.067415215827049
-0.480061694914385	0.249758054938021
-1.25678676903573	0.564620297932334
0.470637438843558	0.191144870746378
1.06688242811148	0.408113977666791
-0.525428120066931	0.328772616492204
-0.120222561616599	0.0670322776351688
1.47863168960735	0.929546162922768
-0.76631341281151	0.579713978467303
0.969531432625579	0.957524372037149
1.25729697682585	1.0626732913819
-1.45952097351349	0.733654187413585
0.175834588738841	0.108442178908458
2.30094637271856	1.792787716842
-1.26177729309963	1.36315471778561
0.298888189259976	0.234670119319997
0.324917248865279	0.341863623699538
-0.331449231433425	0.309579337338846
-0.397452516404029	0.365039170373209
-0.0348171263537105	0.0215331338526227
-0.366549048712838	0.313914441022977
0.20176151715567	0.166171767665186
-0.447271606840407	0.294717626059455
-0.271616638505681	0.19466695400795
0.0315666122178506	0.0174629094020657
0.365377035115482	0.205557548372011
-0.308953788943521	0.18273161626527
0.469068510005464	0.443566399520241
-0.0742377019042414	0.0291945890329474
0.606601981201847	0.587369413375246
-0.221349297602677	0.180879135526085
0.168562745306947	0.0578373517486114
0.60827160641627	0.589359130005481
2.31101333784725	1.80624784564746
-0.0874520798245966	0.0611706445122563
0.201725819134053	0.15626465792612
-0.28306446235733	0.204131428344392
0.0766642575074182	0.047644112454474
-0.464076884904565	0.388534777636354
0.19745877957188	0.136095201868831
-0.269165441114736	0.25927872110279
-0.569618574025832	0.57917843491146
0.764217360044216	0.750369809253965
-0.566685083417547	0.545286727193269
-0.162930942832517	0.138094727875167
-0.115201306265212	0.0793386610059353
-0.160828759822823	0.105444331707602
0.0895093312764241	0.055817695811689
-0.12575500215664	0.0870428077862584
-0.361640608252579	0.308673039442147
0.196047526543047	0.135108557366527
0.00384750238618816	0.00241531304076815
-0.277991522684556	0.246608588090669
0.0242151289598609	0.0169280630188985
-0.0672573126218156	0.0404491511065587
0.113145028070303	0.0905921430651684
-0.326588214580306	0.257838621505133
-0.239157416365004	0.211956065755839
0.50754215986919	0.684073262482176
0.546618998082605	0.635515425020243
0.015963691241883	0.0123745320674943
-0.363724287857409	0.310836720393302
0.121498133110065	0.102601978918983
0.19087680766797	0.187372080128234
-0.67955195296659	0.5355624034021
-1.16759320759549	1.18352879849416
0.731505840740436	0.741516638048776
0.345019993989037	0.334023417969151
0.458431961251279	0.445287202002556
0.879111605924293	0.651990605854932
-0.608224753796694	0.536362616196479
0.464965454520485	0.53117487834116
-0.847130737547459	0.897483481436311
0.370537356813516	0.344865016541948
-0.312486366520011	0.185214951691898
-0.411624193519766	0.411188766684811
-0.651023168229316	0.449870485772023
0.555044265730224	0.70903165268863
0.28559881608064	0.246462682181047
0.437726949412442	0.350456205738039
0.153682547677225	0.138615796821155
0.552469501948733	0.460308890739829
0.0946250520810443	0.0645046549003024
0.217837323110284	0.164362771465543
1.15756883784569	1.19058212275953
-0.589672240874851	0.475392927318898
-0.843165725741159	0.890375126273103
0.0225098994670797	0.0157416499217989
0.0605313792349466	0.0355325835529852
0.447186444690898	0.445137047778287
-0.438490314094667	0.433165114183462
-0.284420910965495	0.128929635080103
-1.9586741483459	1.35034848093492
0.0641606142622471	0.0496612967973519
0.31749742754368	0.230686420442115
0.442080045938823	0.452093370779028
0.126343746650581	0.0966629872630196
0.130985250143383	0.11132846569627
0.0517249778503006	0.0472002292098243
1.03386885052777	1.61514027107199
0.0958233127654593	0.0950273757718242
-0.542394689281387	0.733559267552038
-0.34793563542478	0.350846610206878
0.717422248988909	0.902306963159695
-0.0399572167834112	0.0169272842420064
-0.0987405607883495	0.0694429617935609
0.943383315665717	1.06082289152811
0.48874163434922	0.334558992470107
1.13532088645806	1.02093952265133
-0.377752399153208	0.210908437834933
0.355367672237889	0.199102516311796
0.0215024732028178	0.0109561466293527
0.597802641374101	0.480417382673015
0.0860131792166492	0.0561330006675786
0.395111846768249	0.336868628740864
-0.0335953258357652	0.024605174048902
-1.27735557041348	1.70679401823155
0.470954859387066	0.343034137089578
0.184714520252153	0.114365997701842
-0.0451576027050413	0.0279207980954858
-0.225174358563121	0.184438416857903
-0.20995325393249	0.228725627827624
0.133611269046672	0.108379629538078
-0.310052491451472	0.351916771455094
0.0135697035256288	0.0119020546775093
-0.447810924740063	0.554593301301433
0.800468779860052	0.756394099113338
0.497936658973091	0.461385033095147
0.524648789230783	0.453114874810897
0.421103284862544	0.364007371599017
-0.189452243865125	0.144260474950076
-0.66198147809538	0.458987975933181
-0.214898141082478	0.138117076738797
0.18065580299317	0.104847691755119
-0.129518533437771	0.0723726221603618
-0.0415439911714095	0.0256863643507058
-0.130716778624657	0.0731330981250481
0.295132247188098	0.240066176703464
-0.702596488237636	0.711363515703257
0.134587788591526	0.126819458887041
-0.83078995408325	1.18712555945375
-0.0354927896782722	0.0219580607113588
0.195025946366853	0.121118968395344
-0.900295789883018	0.649467532395632
0.193517604605085	0.133198800443656
-0.201324953985729	0.149643140643443
-0.0102817692318914	0.00782746958721569
-0.229701516563926	0.167464404258837
-0.167645271449391	0.0886723401777483
-0.44927322801251	0.411731068984207
0.945369869095289	1.06441772590708
-0.319388020775956	0.303717718042589
-0.0872850752775293	0.0507133120323399
0.323114615325779	0.22332377027353
-0.021596979065128	0.0160511170254004
-0.429851485268408	0.328620500677636
-0.0677490101155414	0.0407449195017559
-0.203287172503218	0.1300089235381
1.2589915701424	1.39071438679057
-0.145304815723242	0.0982709463144284
-0.0923681390641155	0.0536948289897156
1.36934227102694	1.45450093899163
0.0708658164333478	0.0460516811373302
0.04106037606458	0.0287674822404231
-0.0083011309035065	0.00380217156041236
0.348866410906323	0.229410481011604
0.306948654925515	0.23238375144632
-0.0800418002597092	0.0314127299011551
-0.249557689086328	0.183868360896497
0.871273390561978	0.79808639071403
0.588742401826389	0.471448446547819
1.11335659692786	0.846629264194112
0.73728447600177	0.488206675508914
-1.00765002948625	0.39893930859467
-0.129170440725314	0.0722324923373322
0.633180711559575	0.483486797515846
0.176115549773853	0.0769395304917844
0.852651695558889	0.895452554472126
0.0235967504498723	0.0119660507905141
0.327229884051429	0.226855608417254
0.183473188078016	0.106532229510764
0.587567678406187	0.470349156960262
0.341539022188598	0.207961790780751
0.63497847723128	0.688977243318277
1.36212879949737	1.44393347861287
0.321932171846764	0.234577396528256
0.183578845372396	0.131053146796899
-0.581296255836841	0.674275710893401
0.649162448062373	0.771567417259715
-0.231089061667482	0.225741871264517
0.47424254948873	0.449765819429056
-0.198923002716924	0.168697227162136
-0.143004063953422	0.0966151874924838
0.861177774743981	0.785225083673661
0.195749090447545	0.140647908847794
0.727423538936667	0.480198665750789
-0.200999277606859	0.128425893449574
0.566043369478705	0.329888179533203
1.64640319225626	1.16051966733328
1.27764974313616	0.891728090026837
-0.791921707313729	0.605525402719803
0.172463093000529	0.0752804629540888
0.806002863415128	0.48458575527901
0.509298077737872	0.45622706182918
0.629275007554483	0.331472333529495
0.000423529387901905	0.000252580562677708
-0.453787124489321	0.377648859130891
-0.329964215322259	0.0945505800706473
0.105536049742236	0.0774581370529846
0.180152919935037	0.0964603915195486
0.177677058875626	0.086569864469717
0.31830776498285	0.231561094753308
0.0215547507910887	0.0109524935682644
-0.207249906945517	0.13270308217539
-0.607919030715556	0.536283133722335
-0.479075878146686	0.470283121982273
-0.328605208235472	0.259649390882921
0.755667262835059	0.738656845643066
-0.313188013035322	0.296663256156962
1.44814687912657	2.647050153285
-0.0214747165828293	0.013555544833687
-0.420222098884225	0.319474805238775
-0.848626811883647	0.899757148984887
0.419266109046083	0.434196971656901
-0.310857094770094	0.216895944656727
-0.223708262829494	0.162528789064741
-1.17486358610441	1.57966255822179
-1.43069096255894	1.2619611338869
-1.65488153249387	0.930549450829535
0.309665828491581	0.22421693342769
0.466604817486814	0.33920600243588
-0.624974610751248	0.364974044303962
-0.769465256067665	0.769127162430887
0.322910940008309	0.246515557781275
-0.232235741624901	0.169548676701387
-0.516465989436102	0.424281844380152
-0.376231208814748	0.351474078465554
-0.323870984509856	0.328642831060212
-0.626641222073277	0.597492652355197
0.280043729738271	0.254744335498217
0.196576632595771	0.14671747950729
0.739135374550573	0.751832961460088
-0.20230184989499	0.129289252767997
0.861755145974981	0.910030784825797
0.457842470897959	0.444652240832388
1.36004345233964	1.44027036860936
-0.603247643844834	0.530843958547552
0.0277053392514152	0.0193596045344125
0.628729263683293	0.589432026981773
0.633001674036254	0.483204387069835
0.808512330905785	0.76739630500732
1.16198119976316	1.32133134760563
-0.251786838235085	0.155768232331856
0.677696136581349	0.485731995324819
0.475304348776804	0.346553794050324
-0.476073126963903	0.352459127154209
-0.589885259981757	0.60750247599155
1.24222934022821	1.36181326398731
0.934854822159657	0.815816394158176
0.817606150745622	0.778888100296537
-0.773196967173715	0.418031390933076
-0.521126801974709	0.324894438206265
0.71410100995341	0.627736765852284
1.51101817200474	1.53283501729792
0.17393620354671	0.0759396258326321
-0.765239911831196	0.411510496024882
0.18322051481707	0.10634964270448
0.492865875104854	0.338111942725986
0.444708798010089	0.33888507261155
-0.0405457936026946	0.0173882594679995
-1.01008626018503	0.793665183165758
-0.587768530160009	0.473288129528521
0.418490707651304	0.190446434947592
0.179369859705814	0.0539368960907662
1.01336285046695	0.832268785544867
0.0716258111255832	0.0444376732026596
0.668141271069565	0.608023237418614
-0.582692077825504	0.468078253592139
0.12044747473205	0.0918258163045766
0.353113316851209	0.344016046051589
0.121685946554448	0.0954791434202741
-0.0364565157956546	0.0267103212309567
-0.984459151395948	1.45478669415472
0.449356756028895	0.361776436660342
0.629521086550895	0.7612915463023
-0.165120011012315	0.0873433441678624
0.181009956526407	0.0970752590511181
0.512856524332777	0.460242416179779
0.186665822254425	0.115661013707345
0.855924071865978	0.901568078971593
0.177270480424267	0.0685970337630016
-0.223551613223693	0.110387079857149
0.881208609328837	0.654101646025964
0.38787421233854	0.329240853701195
-0.764944621466959	0.497615284879797
-0.61806120208033	0.586154947771696
-0.828827599019522	1.13515594288997
0.199360695842769	0.137603709295074
-0.00618658635885728	0.00391942022837778
0.12125951648705	0.0896614127839264
-0.961660818594507	0.473515354679161
-0.296929371211557	0.259401298368393
-1.30863118888675	0.812443820247926
0.410184018363624	0.338398196927582
0.622640080080832	0.473059563582448
-0.626656944196673	0.3661447298346
0.138905124946666	0.113093371672771
0.0978351017640465	0.0692565814540326
-0.314214479404036	0.297607809666485
-0.943520767302906	1.06693661829895
-0.252800217892943	0.20464417811632
0.573679402268618	0.567909284531404
0.304075237985016	0.239422893292684
0.939494568802856	0.821284411534106
-0.207280318836327	0.132796475386469
0.309818672320329	0.224241940254323
0.676126428834442	0.483807335704746
-0.882320546596001	0.808321061362608
0.465797139212369	0.338241653882009
0.217903943812119	0.196161000078865
-0.863036030564486	0.783620770433513
-0.516557874795147	0.32171941402517
-0.777944434649808	0.591191902075925
-0.385973147237324	0.216075265823686
-0.0049791824736024	0.00231064544530809
0.927014543644543	0.80650196257077
0.187997746326145	0.134489273140832
0.416806354846182	0.430752723063884
0.920640424959121	0.500466942921914
0.613904746505653	0.680306109998293
-0.58385858343686	0.598966070459595
-0.211041448834273	0.187934539560964
-0.0858288141610251	0.0600258962041582
-0.772122842748929	0.502886959267103
-0.422441376645511	0.321577354543307
-0.173875595997106	0.114692999111869
0.195194988442477	0.134471948982331
-0.617913832218558	0.359857496238837
-0.740216463882872	0.319842507301823
1.04179334473136	0.986976789357547
0.339782048923153	0.222672546362446
-0.581140665396979	0.2759885702755
0.345552440832795	0.22690605147428
0.0177914306489828	0.00909000675680606
-0.292701041967278	0.133161391428329
1.05656822569342	0.40367225045814
0.171966479635534	0.0750398819882131
-0.530157064431078	0.332171592200621
-1.33650969934294	1.09632608278376
-0.774346325641923	0.505637661107763
-1.49633399610699	0.531774933095134
-0.110237717809492	0.0394053766317638
1.59555833836223	0.802157652410673
-0.738401819092151	0.318790285234499
-1.00306966229617	0.39683135622738
-0.129371030234611	0.0459892945729162
1.06227192186728	0.40611816355748
0.185813320888401	0.0557349268614171
-0.321741768636823	0.0922885496388945
0.169248055862235	0.0319917175833404
-0.201906699363454	0.0650030146049408
-1.49175325085157	0.529773188260123
-1.7934287506278	0.390727439150181
-1.79346061997896	0.390723019452767
-2.57036588579023	0.664816582891659
0.160183078440458	0.0620332280126363
-1.80933694810097	0.735804630514405
1.05841887097501	0.404561121395212
0.839143008593846	0.356449986263414
-0.769872262249119	0.41515498664509
2.92779374523134	1.99396907452812
0.165088029467664	0.0313824661178469
0.694404728756287	0.221883604128058
1.83948692258838	0.725717515665962
-1.11951983581622	0.337809535545767
-0.745838143765145	0.322552749669043
1.05656822569342	0.40367225045814
0.553078229148553	0.200859942283057
1.05125379584884	0.401219589028037
0.00600531135783333	0.00333767605659316
-0.316422115887972	0.221446676009763
0.20385688787262	0.147047704398896
0.451002358336816	0.345162170462166
0.471022901016943	0.445978002905992
-0.0850575677044664	0.0594376501198986
-0.460711369894047	0.384760676169689
-0.0102837680744216	0.00660821531387172
0.18403332015302	0.11391179100203
0.456755551716494	0.35029745756023
-0.500770553366305	0.188768131506588
0.124470148241241	0.0922430923339262
0.167587753759014	0.0505623239737036
-2.05172589182352	0.934643069348059
-3.74551962293396	1.47870416259712
-0.138566968741751	0.0933932883420644
0.342502887598302	0.208839421433687
0.314094733265398	0.238584307742758
1.06449307015235	0.407221804443696
0.725585299666703	0.733075413205089
0.527115817892797	0.336015130151815
-0.391286463353433	0.385606296880563
0.539547938785095	0.561810400727715
0.42662114976176	0.339726201356967
-0.0186478371548497	0.0117965231171342
0.197369564030998	0.129642547500607
0.181935616768423	0.105409863470135
0.488013836778619	0.333919701057507
0.182336403143595	0.0547549505032696
-1.11760971687047	0.337077079720442
1.06154825337765	0.40579861129214
0.179479941018599	0.0614871969929957
0.0248808897935812	0.0138814908792478
0.770441813327556	0.935541506705818
-1.11545890311898	1.217773690163
0.636006260280953	0.598240545183666
0.894183059088352	1.03029967490205
0.103689829023503	0.0735933758397823
0.93503439105087	0.816357913228236
-0.168580248759806	0.126875208824526
0.0293618736391746	0.0205134939884946
0.201943781888561	0.15112910287666
0.105950685997735	0.0725329324045533
-0.946809310182611	0.915594696855246
0.638219773873796	0.601017502295556
0.371824652415978	0.335649615636443
-0.777361530352403	0.723706106111408
-0.521308911269036	0.507398102213104
-0.138088469255146	0.0930958256920934
-1.41484711691019	1.48613936998388
-0.487147020602213	0.439530314409763
0.182175944851532	0.0976166250214178
-0.37601870949433	0.292876595114388
-0.626894456292766	0.365418042345159
-0.28393549604954	0.128757346512117
0.167861245188392	0.0649578174448022
-0.766594668936794	0.764812975596928
-1.14077208506667	0.632621898788153
-0.330698472981565	0.0947716626031445
-0.613682540053849	0.148388769407339
-1.31302778828523	0.816122046193117
-0.0812016633342381	0.0471282427117863
-0.367159499526134	0.249313243099469
-0.37478807657181	0.208817056142942
-0.084463586353819	0.0330850075245822
-0.950528918605305	0.46611675750405
0.353014633644363	0.215956047276443
0.720531928310637	0.34078972434755
-0.0418616578233875	0.0179350197166152
-0.13413434239341	0.0476566231180181
0.378393108314758	0.191880836389206
-0.125386369862919	0.0446191813586004
1.2772010837572	0.891171961543055
-1.25160937030043	0.561157254758703
0.346779386424373	0.211745933939055
-0.659445375413529	0.456272354681632
-0.509153195338149	0.192147030635065
3.6449477089076	1.4449787602644
0.181837521716867	0.0460537144756759
0.550229507129372	0.199823293779666
0.178049240810411	0.0452053813438565
-2.27227384894236	1.1481795786924
-1.79346061997896	0.390723019452767
3.94011940400443	1.7432966017604
1.46955857964488	0.49050725448157
0.169566032486793	0.032038095111837
0.964404580081594	0.255330782344719
0.18374299244507	0.0464795790495071
-0.324126952894347	0.0929244396746841
1.06873244405831	0.409017014923299
0.688637326691298	0.220082192676685
0.183960045070368	0.0552151922972765
0.164778629348208	0.0313374327003096
-0.703651055748467	0.240588737528622
0.168189941539652	0.057696188987049
-4.55410237432286	2.48817767262538
0.42628460002895	0.339346847251672
-0.0574023504250183	0.0344823370182171
-0.0607036203199694	0.0364745273989704
0.520090142020282	0.468472203549223
0.110161411543041	0.0784098745718726
0.0278064420665471	0.0194310988764788
0.762816446581056	0.74825407967094
0.32604193585128	0.212424813995112
0.314578782045488	0.228420507887289
-0.471221256308256	0.244605103774267
-0.00561192324326903	0.00260105421156636
-0.46918161652523	0.243162559141836
-1.12328075924743	0.339047939506251
-0.193026872526739	0.0622167584761554
2.16054954714649	1.52399635026285
-1.07989292572047	1.02803430763675
-0.585109023877585	0.278047246717244
1.46585570298693	0.489030037475911
0.172220859005393	0.0750626503511875
-0.162809779588689	0.0860053421371543
0.0644351390755317	0.0378439882173063
0.17733574693609	0.094975285306352
0.0861134827751822	0.0584918292757656
0.339774991495047	0.206923973778515
-1.19074727488581	2.05940334590709
-0.890818548498424	1.16535390035677
-2.57036588579023	0.664816582891659
0.187435346122179	0.047292837125537
-0.221607632456538	0.109411331801366
-0.479931106370846	0.356054557348976
-0.466070514922344	0.241057878147513
0.17015207774685	0.0658727473442405
0.180605441160346	0.0699103596442242
-3.07402416243152	0.948685276185543
0.179008086694114	0.0538125056714061
0.978927782660592	0.971203944474004
-0.178525998616958	0.118037758672623
0.308707020060494	0.243554484126764
-0.411136581339249	0.311191724710446
-0.00467477807408652	0.00297639092923257
0.533178366758664	0.462720445232455
-0.309409753567455	0.18297230848832
0.102187512486345	0.0698813544882626
0.19909522877222	0.137379299931052
0.0119808965944539	0.00624605890569966
-0.579624630790717	0.464929398987509
-0.0867948449679216	0.0699695430226992
0.0421599875777278	0.0232000317024746
0.194249162783377	0.139450349862501
-0.113390910757581	0.0780474241537738
-0.624940272437425	0.595412781787055
1.05730813449093	1.11697295774714
1.15497927452483	1.05022521460418
0.0472182541722522	0.0342726594452743
0.934417167696584	0.815666886130602
0.186292478395539	0.115411871126188
0.182784373310677	0.0625636986950216
0.169570842988667	0.0581880998558025
-1.25254768032111	0.562106619078831
-1.0690543796615	0.720695823639688
-0.769817890104739	0.583495680348075
-0.52594217414039	0.434158538910801
-1.79785205353169	0.391773074809323
-1.00835638596109	0.399381922624064
-0.32485451718176	0.0931499749349684
1.96276901321247	0.454520391574277
-1.7934287506278	0.390727439150181
0.968469219672053	0.25651021792255
1.83556105705841	0.723803926717143
1.47155078449581	0.491168545293048
0.169248055862235	0.0319917175833404
-2.04646433681651	0.931063046692899
0.168250391881484	0.0577343624104858
0.687368688538373	0.21962274738387
1.96372117107544	0.45473924627511
-1.7934287506278	0.390727439150181
0.963214248695465	0.255090594573707
-0.613804976594409	0.148553206549543
-0.613158918177153	0.148231887572971
2.76109157462938	0.779871501961836
0.693216225774344	0.221541872050593
2.13736636122811	0.966264970252144
-1.11951983581622	0.337809535545767
0.179369859705814	0.0539368960907662
1.10121764226874	0.539655893352423
0.191769012178244	0.103106623693502
-0.613988003553519	0.356725690275244
0.363608770555333	0.204390071167732
-0.752552963744027	0.403425953710642
0.363958698283082	0.204259370121033
-1.70274614006828	1.41200719695696
-1.65887810678647	0.933808422755839
-2.04896945823684	0.93265893552962
1.59462863307605	0.801559751291256
0.688637326691298	0.220082192676685
1.96276901321247	0.454520391574277
1.96372117107544	0.45473924627511
1.34640064313769	0.595379308973642
0.167722678334851	0.064927369580929
0.164778629348208	0.0313374327003096
1.08670587761131	0.531285464915701
0.169248055862235	0.0319917175833404
1.28341539483441	0.710739812805902
-1.80294806323006	0.732963939188901
-1.447888522544	0.994180952048236
0.182975392756619	0.0891708257005599
-1.4836134071744	1.86432842105669
-0.368853596389764	0.250497357663306
-0.16429748878737	0.107944836587054
-1.31872829278474	1.07273835592196
-0.579774617979949	0.274894701600542
0.677627518895627	0.216310008431179
0.181837521716867	0.0460537144756759
-0.957190516318411	0.469930782197292
2.38548305251225	1.21077048765084
1.96372117107544	0.45473924627511
1.4646350690462	0.48856709745013
0.161251150232847	0.0308565698216007
0.18374299244507	0.0464795790495071
0.457905798981295	0.185492120225478
0.931815547016561	0.507780294909812
-3.75543855798953	1.48432671105721
0.381913319246602	0.193645910810658
1.3495769767586	0.597194616535652
0.46306655364777	0.187776589424895
2.38370926905572	1.2094584860624
-0.621483042833472	0.362161668014398
-0.330698472981565	0.0947716626031445
-0.753498937764103	0.404254407936014
0.177158612557092	0.0532687900403008
-0.00143327682905816	0.000745659239546921
1.79224341103324	1.83816001125078
0.988344461312064	0.676401836149668
-0.0265467426073473	0.0115941838612109
-0.282938079048762	0.128302505025126
0.171753346999323	0.0664367381108907
0.808593417797292	0.487172598280867
0.18374299244507	0.0464795790495071
1.35064130120685	0.597863106700744
1.05767805940452	0.40430204105456
-1.49680843456756	0.531963842405938
3.65119667594504	1.44884031306495
-3.07350260546998	0.94852963330217
0.964934921520073	0.255476948633611
0.36415793261359	0.204270703939475
0.352641560000601	0.215685940322294
-3.45375537289784	1.2267719146559
0.176711268978432	0.0683795412521634
-0.493870226068304	0.186000352373661
0.813361569697439	0.489889532800726
-0.997705593170072	0.394086763646842
-0.329964215322259	0.0945505800706473
1.09227555082659	0.534570087714788
-3.07875719123617	0.951227905765892
-0.327498449554433	0.0938114370055266
0.694404728756287	0.221883604128058
3.94644126070058	1.74779877932007
0.390636370986514	0.198961207325846
-0.700673100063675	0.23947715305123
0.182515705814395	0.0461929473161663
-0.707845094848957	0.242262716671496
-2.26596553297499	1.14347844563336
-0.613158918177153	0.148231887572971
-2.57067328278635	0.665094197548339
-3.45239496999294	1.22656388713544
-3.07875719123617	0.951227905765892
1.96276901321247	0.454520391574277
0.698277641594483	0.22311476291791
0.692028142380155	0.221092112401465
3.64742237939513	1.44635997008149
0.957162742729009	0.253557522610441
1.35064130120685	0.597863106700744
1.41143409875013	1.09396857316013
-0.574818177078327	0.272328984058988
0.981656478678209	0.671131913448774
0.369685426163689	0.20797938181653
0.200228192464944	0.138207011802682
0.0102543618283819	0.00539999293168873
-0.196511321185241	0.145643812051395
0.634248150483295	0.484551992767884
0.980212880729949	0.973015134005054
-0.784436168029094	0.514710574913233
0.627076442351466	0.330552291336488
-0.462528553156217	0.386921175784138
1.05841937425473	0.404493015312573
0.182515705814395	0.0461929473161663
-2.04845818889215	0.932612339044235
0.458292449119864	0.185723324502123
0.0232825170363523	0.0117913684670417
0.635826289949205	0.33615084354105
-1.79346061997896	0.390723019452767
1.08987648449466	0.532755954625442
-0.377461377125371	0.156181896506325
-0.476532411243273	0.247480113803465
-1.81212313189211	1.63281952104848
0.575461653997418	0.570291517920777
0.192617820579829	0.12635026822059
-1.00198766685669	0.396175079052544
-0.0791619330194037	0.0634710918857665
0.681234227851571	0.702777204349081
0.0599392576093406	0.035185912683914
-0.117905886305277	0.0657049381369061
0.179008086694114	0.0538125056714061
-0.36649851786913	0.151465704463166
-0.76641072980916	0.412879399840193
-0.708961798888886	0.242591076534355
-0.0835325176661058	0.0327356044147549
0.172157742663018	0.0589920523078587
-0.613158918177153	0.148231887572971
2.76219840038386	0.780594539857824
0.84740079201131	0.360631206481512
0.843443663477006	0.35876328544495
0.817145119949678	0.493160564113895
-1.4290863532808	1.26080435567945
-1.29690460977919	0.801877478182481
0.184665333850445	0.107348041875913
-0.282695070299447	0.12836790241986
1.24124242238114	1.36012411280811
-0.891043916225162	0.736591517067021
0.625845802632026	0.32992687161189
0.801576234551116	0.634522974883507
1.5600630860333	1.34504445559609
-0.00784052552811214	0.00360114656859192
0.734205113983187	0.486371856901349
-0.281711054438524	0.224657353793459
-0.0583495764224456	0.0350542246393166
-0.0513845943969819	0.0317913443221353
-1.32861105969923	1.312858557486
-0.289554466138518	0.131510191979948
1.11510207441598	0.69094919291444
0.466438199138473	0.189262806780757
-0.625394911607526	0.365302627449566
-3.07402416243152	0.948685276185543
-0.617875104469477	0.149400727468359
-1.11896025029368	0.337616084496264
1.29653544264768	0.720276919184037
0.173096476064265	0.0670048173153678
-0.17225467082959	0.0912766177826562
-1.07436457439082	0.724964513312582
-0.45464839946214	0.23455578174601
-0.498572689177519	0.187792372240162
-1.79653379913892	0.729391431830202
0.15724910923793	0.0540631171640562
-0.612487701707529	0.148134994320372
0.686270437198953	0.219228628867356
0.187984352048437	0.0474280610765032
-1.47541864492646	0.745048164284577
0.624136485884647	0.328375224544341
-0.32485451718176	0.0931499749349684
-0.114836999915269	0.0409889290231566
-0.377385641419251	0.15623373484692
-1.12519556185123	0.339754109482426
-2.57554526884402	0.666976966437407
1.83948692258838	0.725717515665962
-0.492545799481847	0.185468080029724
0.687368688538373	0.21962274738387
2.76109157462938	0.779871501961836
1.84022304372881	0.72612017307568
2.76219840038386	0.780594539857824
1.96276901321247	0.454520391574277
-0.613682540053849	0.148388769407339
0.16619130625606	0.0315431724784316
0.457298110546107	0.185261060722658
-0.517550414811268	0.322383848050505
0.53012634792077	0.339049331286015
-0.131344373145195	0.0735059215469351
0.191577201678781	0.13176165934257
-0.651869804960869	0.45035088323566
0.888246244785105	1.02032940995265
0.713622640644873	0.626954379912268
0.74257599586479	0.493239790654505
-0.038237631457656	0.0164260636433287
0.634148600923121	0.334787507967656
0.92503309492807	0.503177539358462
-0.49718383226073	0.187398915829379
-0.613158918177153	0.148231887572971
-0.617339897765464	0.149284387408846
0.55743880377496	0.323869944702934
-0.370346829638476	0.152977788998958
0.163440350387908	0.0712828005374671
-1.79346061997896	0.390723019452767
1.3495769767586	0.597194616535652
-1.46687594226654	0.739029403250235
2.62907667874845	3.70751688905175
0.62802084805088	0.478306435875446
0.0518587336304888	0.0284867339485872
0.175131571337344	0.093713639661151
-0.0525040523557325	0.0379365076311782
-0.160484571443986	0.0847418866929902
-0.0980676000701158	0.0571109750427379
-0.749356140710198	0.324535436720139
-0.497540036768389	0.187445875024767
-1.95941935184096	1.34841300719623
-1.13899728313222	1.38462539001928
-0.218447621455314	0.178085183033739
-0.312176623201178	0.29547024507435
0.457357560240468	0.444057272524182
-0.475362889001236	0.351872652535075
-0.269180467553478	0.192684647354666
-0.557263346257214	0.401180805717284
-0.247370216106075	0.152705539805466
-0.781783675675648	0.595287762979752
-2.57067328278635	0.665094197548339
-0.618535635333325	0.149538863092151
-0.703264262088321	0.240508331840629
-0.0702792644732383	0.027691415436906
-0.496219048461158	0.186898738117231
1.05346208699469	0.402359762312703
0.182515705814395	0.0461929473161663
-3.07402416243152	0.948685276185543
3.64618465324491	1.4458034047001
0.164625296117395	0.0313507498370328
1.35564812089346	0.600770089805534
-0.126971706284115	0.0451581605509781
-1.15337442564015	0.64220096652588
-0.375849357194583	0.155575155032139
0.528642980402776	0.337357865059639
1.3924800518792	1.2955955989615
0.323856005720325	0.224025256031102
0.388019262298292	0.197161435603446
1.25851060011596	1.23640156987097
2.77044821901563	1.71665516054408
-1.00448642825666	0.397437675069127
0.0356369617753226	0.0196446542787963
1.73331708133436	2.36088360362912
0.623919177152299	0.473571141967968
0.59571524482784	0.478706369502599
-0.770165463709972	0.714422668223419
0.332218619443276	0.230750516372279
0.182223111579573	0.0705155629375673
-0.208283825883204	0.066983389358493
0.924441356513303	0.502340581007705
-1.14955904561953	0.639252576368689
0.968469219672053	0.25651021792255
-0.201906699363454	0.0650030146049408
1.05841937425473	0.404493015312573
-0.196970790009868	0.0634432336968819
0.166180490994207	0.0643259864206776
0.355718604093038	0.199123719258149
-1.13974960799707	0.631746713668792
-0.119231040222735	0.0424930904552538
0.164778629348208	0.0313374327003096
-0.0723431482158385	0.0284413766788247
0.174504111440695	0.0598231088959162
0.557018023353638	0.202406809251953
1.47579162106182	0.492713238749138
1.4646350690462	0.48856709745013
-1.46114365597842	0.734684321976156
-0.617339897765464	0.149284387408846
-0.128762894937662	0.0457682191199959
-0.69828209728105	0.238636183590358
-0.618535635333325	0.149538863092151
-3.07350260546998	0.94852963330217
-0.613158918177153	0.148231887572971
1.84525714600486	0.728756039651982
1.96372117107544	0.45473924627511
-1.4910268757554	0.529288422761213
0.176915646473074	0.0606122056573522
0.880988219471765	0.652926561805385
-0.460312571109298	0.237878148313337
1.15450932448072	1.18518975063492
-0.518600650750076	0.323545940397848
-0.134015923043549	0.0901644341178464
0.014559578775574	0.00979045629697176
-0.101180537122592	0.0589875824795066
1.06375255943934	0.407031400293661
0.694376915745784	0.604518207128994
0.543505930404764	0.197183116271349
-0.76320574384227	0.411243822730367
2.3757874279804	1.20356238361039
-3.07350260546998	0.94852963330217
0.718435275402613	0.339720316166281
0.365325732822483	0.205144306595388
-0.491232144366944	0.184925459956005
-0.613012730411062	0.148202450577793
-0.626236078220756	0.365888008680193
3.6449477089076	1.4449787602644
-1.31687883091374	1.07052941659328
0.983148583755346	0.671628777696895
0.309901345284676	0.224450657125909
1.59361466522007	0.80088415110559
-0.784244798867259	0.514784050935116
-0.988025982590853	0.878403249615279
0.356577499856034	0.199872183022622
-0.302925722129594	0.178847956273291
0.175727878726939	0.0679905067665371
0.179656198703765	0.0963130333800045
0.381212672838939	0.193519693460706
-1.7934287506278	0.390727439150181
-0.119838421507322	0.0427012024156546
-0.45464839946214	0.23455578174601
-0.76681415941363	0.499646055412596
-0.446229420297208	0.408287181650858
-0.83205450039395	0.98805302471982
-0.43086782889904	0.499682443978425
0.0297376078171471	0.0244014782432174
-0.832837603133348	0.934187518030577
-1.0376027298584	1.07053717560829
0.613473313982534	0.569699412402049
-0.0315343702819889	0.0136586197665475
-0.446803466240574	0.294061008131763
-0.574304433139484	0.272012598870886
-1.25254603603633	0.562193102367071
0.181959964224185	0.0546519449572612
3.27752825134246	1.12202020233476
-0.735009454890599	0.317077048134844
0.722957590668533	0.342224485810067
2.14294778260545	1.50229104124434
0.966736740010186	0.256029100393941
-1.25678676903573	0.564620297932334
-1.7934287506278	0.390727439150181
-0.195152883654476	0.0628562861100324
-0.324126952894347	0.0929244396746841
0.181159179759352	0.0458876218072277
0.551298334729919	0.200249958464128
-0.375354820971522	0.155294211429995
-0.00127345492591147	0.000674174562399842
-0.380927333941658	0.213007404475981
0.17389093822143	0.0844480206742296
-0.257829930690919	0.159944049712724
-0.259410904576951	0.160919200150523
1.42088137802523	1.10485509125818
0.173126068581955	0.0670207354196962
0.173178140989587	0.0593793792188454
-1.12893826256224	0.968002069402621
0.624706298111503	0.475035954404387
0.349909507369368	0.213732164046292
-0.555935452962505	0.399802897564073
0.811246382697121	0.645675704853515
-0.0843934524471025	0.0330863421038639
0.568888861100807	0.331554858551489
0.476195156427164	0.193536321673398
0.175727878726939	0.0679905067665371
1.84022304372881	0.72612017307568
1.11332344202354	0.690183043373224
0.165088029467664	0.0313824661178469
-0.319817646410374	0.0917687104349087
-1.50335347787301	0.534889336029958
-2.21424293251939	1.83017522364599
-0.784002213296446	0.514080335876429
-0.285659443371403	0.129673244991695
-0.743607658160876	0.32145501649726
0.632692763791964	0.333766596119835
1.84525714600486	0.728756039651982
0.848390137942497	0.36112999220408
-0.46918161652523	0.243162559141836
-0.745838143765145	0.322552749669043
-1.00727939684884	0.398725619716456
3.2811485523965	1.12364699463245
-0.0386846771440749	0.0166138140805509
1.96276901321247	0.454520391574277
0.183063896529214	0.0463401006276899
0.182484105638909	0.0547795623460174
-0.325663137440616	0.0933864485177264
0.037884289774313	0.0208661149767411
-0.00743896339967876	0.00486109037425303
-0.659763818421624	0.457091839707708
-0.946968211547001	0.916491068267624
0.435033606979321	0.347934706307829
-0.568710970726626	0.547853334715504
0.482429264208639	0.353050638799774
0.810683486054854	0.645287594965313
0.186030765662856	0.0998308773345999
0.407802166658216	0.185290831877169
-0.554516524162102	0.398490647160676
-1.47129756633403	0.741779531267693
-2.57522664974505	0.666917731403372
-1.79346061997896	0.390723019452767
0.917224750615719	0.498150708010336
-0.877545477662564	0.720517910041985
-0.635839313688395	0.372576725950541
-0.612487701707529	0.148134994320372
-1.06807813687019	0.718506108401465
-0.00167725265894501	0.000853603414034361
0.222240235452612	0.179866820650818
0.901134114056455	0.918537079580342
-0.453536469849063	0.377361255608725
0.0716930680985715	0.0421548920281865
0.18067053030969	0.111699808643958
-0.768705658875275	0.820301366631165
-0.929574683908363	0.563913813079752
-0.113157085708129	0.0629977344425669
0.584964832059739	0.467449826527194
0.00836592061309324	0.00362183641204813
-0.123220651484122	0.0438507532384957
-3.07350260546998	0.94852963330217
-0.199739594795254	0.0643228222061803
-0.527427026524464	0.33008230049451
-0.775215384065424	0.50691665385012
-0.292701041967278	0.133161391428329
-0.221203924976258	0.109313486613296
-0.584734542013952	0.470281002755771
-0.653216205974807	0.7084009891085
-1.80158531119254	2.76753647930202
-0.517764168871485	0.608301841100697
-0.165541930744233	0.140500332295672
0.0813509288218524	0.0681825065641859
0.0298125257253149	0.0215569122166346
-0.376092858464458	0.376987829982611
-0.5358510187436	0.444343676016145
-1.27022194629978	1.69136136179531
-0.586140009572339	0.278603992039962
-0.703604701863641	0.240656194919364
-1.11760971687047	0.337077079720442
-2.57554526884402	0.666976966437407
0.963743115659934	0.255236344279286
-0.0315343702819889	0.0136586197665475
-2.60930265249587	1.58665223268176
1.30090052760141	0.724081434804544
-0.746370250650078	0.323005222200847
-1.65588353921248	0.931817079028301
0.185454319096416	0.0556335769192585
-3.44754089021611	1.22379406077669
-1.79913083573714	0.730688065905454
1.46964366147565	0.490422889690681
0.577720752869364	0.338110587669755
-1.23615725595042	1.14310832108345
1.08769613908304	0.531928346400358
-0.624418663527228	0.364613675064482
-0.769105873458204	0.582438649545254
-0.460599859498033	0.238261561027658
1.0222988200136	0.842452733630832
0.051035982048153	0.028003763407941
0.422446176317576	0.192528590584956
-1.47250983574225	0.742445781400186
0.0319531263968635	0.0176544774815383
-0.0131788038138315	0.0083960850692022
0.761826366588647	0.746905963635288
0.174264521759678	0.0933098228916324
1.07606381775522	1.24919346453269
-0.592490198332496	0.47819685130508
0.0290249496756561	0.0146708221363028
0.807408698843856	0.485729130110353
0.627076442351466	0.330552291336488
2.58136682246645	1.44864412096296
-0.497540036768389	0.187445875024767
0.553886985294821	0.201106948910148
1.4745635305468	0.492365493098567
0.175155035311403	0.0527334069281177
-0.376777724539208	0.210308578576037
0.18374299244507	0.0464795790495071
0.843777178831012	0.35876995680636
-1.11951983581622	0.337809535545767
-0.701794429638729	0.239974906557054
-0.496529611776328	0.187086496901877
-0.618535635333325	0.149538863092151
0.174045724149933	0.0524237595938313
-1.79653379913892	0.729391431830202
-0.699405444382189	0.239043645886915
1.84525714600486	0.728756039651982
-2.32985014140744	2.09367885508964
2.77430548329156	3.05544908968748
0.716011633271524	0.338184526787078
-0.0628254436729068	0.037747571612038
-0.866061740572635	0.78796528498338
0.335654383484375	0.219219161648863
0.968009931684174	0.95551981743029
0.332281621486996	0.216893591988292
-0.315798073520748	0.22090972224197
1.30090052760141	0.724081434804544
-0.651255753501726	0.449845315495191
-0.764281318811462	0.410839842974048
-1.49830311184485	0.532694389774889
1.79935059541716	1.01517822435064
-1.14856862825937	0.638580352762944
0.465059836542953	0.188687227798385
0.183440567956279	0.0627804993608223
0.164778629348208	0.0313374327003096
-0.013659739907095	0.00630205430289284
-0.751119637592877	0.325554475995478
-0.00736519045354884	0.00481505813906821
-0.375239353060024	0.255686184893047
-0.517445009550704	0.425296911829747
1.50170863706884	1.97323553838656
-0.102831901685857	0.0704322413503423
0.975529512366991	0.966311298447213
0.124515853519441	0.095127407474095
-0.672855655428259	0.528734650578916
0.471979337595012	0.19162106268114
-0.31287354124743	0.185631777297277
0.628045869725827	0.331209298105594
-0.498210387847668	0.187759028626771
-0.461281515676181	0.238408483138632
0.164778629348208	0.0313374327003096
-2.05351794926878	0.93590991881049
-0.770087554518431	0.502432916831175
-0.703264262088321	0.240508331840629
-0.701794429638729	0.239974906557054
0.17863134392367	0.0537118645556901
-1.79766606524237	0.730020629935894
0.17388527997155	0.0596222487809083
-0.580292405959418	0.275191572182977
-0.119861836000135	0.0668247611374176
-1.62870844021161	1.65723536425027
-0.595106021369955	0.480802805766174
-0.828906071375693	1.08628873968489
-0.594713873945797	0.823728911201709
-0.0585615261698656	0.0415064977118626
-0.614910699240798	0.707127161394906
0.2093102020135	0.178086761549011
-0.524193079059409	0.510927633428682
-0.183247442958062	0.153845768276079
-0.437744758281968	0.432145043909382
-0.414232015780358	0.314075267836319
0.0328625284691303	0.0181440372206728
0.327386661574257	0.226941097392907
-2.57036588579023	0.664816582891659
0.958352222975233	0.253964848564806
-3.44686848748983	1.22339694388155
-0.326771057218117	0.0936418390224184
-2.04575914205222	0.930491193037652
0.551298334729919	0.200249958464128
0.849051344453761	0.361335510776158
0.687368688538373	0.21962274738387
-0.195531539432362	0.0629840149892884
-0.381421969195556	0.213100695407934
2.13131604551435	0.962399255685912
-1.00236193740671	0.396463059052617
-0.203324972402716	0.0654285949027121
1.47525146835293	0.492648627415429
0.182515705814395	0.0461929473161663
0.426929993613097	0.194936854108315
1.48055623820564	0.931397257646914
-0.175365813114526	0.115801860044852
-0.311133593327275	0.184303306232566
0.0410317038606257	0.0225278935703826
0.0386949267253477	0.0212755475153063
-1.44763204580421	0.99663968406031
-0.487194270627288	0.362882484090442
0.171246804731512	0.0746154826237013
1.1012159665162	0.678789772437955
0.18873833598834	0.117077614910351
0.180433605502896	0.0879731736127194
-0.744216121275988	0.321768796683503
-0.673404210801533	0.52885677366316
-0.21743715164521	0.107308366585201
-0.0327198043145118	0.0141367073513677
0.536284990431559	0.343387343100156
0.173226391620975	0.0670693928756387
0.688637326691298	0.220082192676685
-0.140903988104808	0.0500080493754044
0.637078219849197	0.336673323030678
-0.329964215322259	0.0945505800706473
0.180503912336474	0.0618296034347483
-0.202976861420011	0.0653350306430413
-0.768437931036981	0.414224502704598
0.178049240810411	0.0452053813438565
-0.611962616144159	0.147977912487881
-0.11801743103402	0.042062090441254
1.60025218356245	0.805291863633781
-0.196606144995592	0.0633346995977349
1.9812941879669	1.24628341230396
-1.19534603356367	0.887464788788426
-1.79726582531089	0.729767900198108
0.848390137942497	0.36112999220408
2.13847384175308	0.967026817523456
0.589673922220842	0.472465849470773
2.67388673645493	2.73184179650253
1.70441714239786	1.9857270806577
0.840913293025062	1.07960633714468
0.100238625047654	0.0684786960836426
-0.317419683789423	0.222271052415279
-0.530957458261277	0.43925456112134
-0.172511112053878	0.0913984881450792
0.327265186228367	0.226725951863603
0.870239179490117	0.796828888866158
-0.0365305210372118	0.0157081266220334
0.693216225774344	0.221541872050593
3.27510914666181	1.12076297640292
0.177795424572055	0.0609118795792828
-0.961309953466629	0.472537218154023
-0.922667178529123	0.558065406397623
1.96372117107544	0.45473924627511
-0.920000652217139	0.555550470292608
0.548802214907851	0.199198529969934
-0.0896746976704301	0.0628119385489412
1.1611779261892	1.32023026710847
-0.52202826744506	0.430074115556602
-0.616895746884628	0.546562166819181
-0.304379010224515	0.179910529065136
0.481369553380845	0.352257497482284
-0.107187899677662	0.0839565437018998
-0.216655879243586	0.139378641453301
0.390909206547315	0.198877507502069
0.807334513305788	0.640272325609674
-0.010574805439132	0.00481757419445436
-0.212675199931394	0.104755164773103
-2.61594720388314	1.59521494874381
-1.79346061997896	0.390723019452767
0.169248055862235	0.0319917175833404
1.08949555622004	0.532578731259661
-0.904654039924905	0.653196381492037
0.171488774809756	0.0748342853660748
-1.79726582531089	0.729767900198108
-0.317416018020803	0.0910574544988895
-0.554295721699474	0.398549619827344
-0.773503322493402	0.417859732629558
-0.158277422346857	0.0835346648677236
-0.917152756662144	0.55309842126339
-0.622988103255453	0.592997512685547
-0.325492641909927	0.228779685395073
-0.200362689485145	0.181102107510006
-0.656962704472371	0.714061459397163
-0.231662590466774	0.169119143952684
-0.15057203069545	0.129273662935486
0.0738383287583795	0.0616117110861655
0.836268898625016	1.15967764249908
-0.15148849349638	0.116068563340929
-0.164009296083342	0.163175501907724
-0.0967344885591513	0.075296196232336
-1.03201306238097	1.06199616830978
0.0510774678581757	0.0299985388934714
-1.00377782576872	0.397156038036369
-1.14856862825937	0.638580352762944
-0.326043908260378	0.0934449166225896
1.34992552348217	0.597211152410209
0.180845714650258	0.0543398759613664
-3.44686848748983	1.22339694388155
0.165759159342809	0.0641584131500615
1.1184672005251	0.693850599369204
0.739552703781513	0.4903154877534
0.177098196712698	0.0772522211179628
0.852347915817301	0.362931659457989
1.06688242811148	0.408113977666791
2.13958082308296	0.967639587738095
-3.07875719123617	0.951227905765892
0.181222403711057	0.0544586569816679
1.27859699408996	0.892842466696659
-1.03612030559313	1.06861579013426
-0.463161518049434	0.23940598015552
1.79269302406817	1.84035724948879
-0.309355180397339	0.183243078381439
0.325772348792886	0.225679370874338
-0.772159581473711	0.585405866348163
-0.0307917040714927	0.0133425140623438
0.173228577702703	0.0593887356245398
-0.465551300881523	0.389950836657979
0.17231657402208	0.0666548669668037
0.751885882445088	0.630003334410968
-0.166377684830113	0.109408009768053
-0.142362877677781	0.0961493532257581
0.0226841285421592	0.0114931631433941
0.17689298302135	0.0860487922400318
0.718996087124188	0.340013548677714
-0.272920339203991	0.123670785256837
-0.774790023530633	0.587659570969337
0.0388111095075382	0.0213186143388032
-1.49633399610699	0.531774933095134
-1.1182849071041	0.337405124817419
0.18374299244507	0.0464795790495071
-1.25951281700706	0.566150737089227
-1.45450671345333	1.00323826339346
-1.6963851720873	1.40283156768561
0.473807985851424	0.192496599135712
0.859005573507892	0.366086058393571
-0.491888763967548	0.185206039733237
0.179114799832285	0.061333195223855
-0.767930363582943	0.413988438398017
-1.00864491686085	0.399310786990097
-1.00906318075178	0.399734482931109
-0.366795601394091	0.151414835159292
-1.14423780041102	0.635061834809115
-0.622905231145839	0.363486889415248
0.71675869572264	0.721038976588664
0.375279597143601	0.190243382513167
-0.117905886305277	0.0657049381369061
-0.446700168985183	0.370291513768723
-0.317093688389203	0.248770844594719
0.425890216780142	0.354493536119207
-0.377178956142016	0.210565197081683
-0.49711344306059	0.371784795603495
0.843777178831012	0.35876995680636
-0.0904517878862139	0.0525974161464721
1.29951951746425	0.722783174003019
2.37833363806881	1.20570132413706
-1.12019427196772	0.338020301365193
-1.44075862481873	0.988146069615787
-0.482227175180281	0.358282975220541
0.400897741144932	0.204697505866418
-0.617875104469477	0.149400727468359
0.0267006699939087	0.0135095136841287
-1.14495849025027	0.636254408835807
-0.273632062619948	0.196362461077723
0.416239571860826	0.344735351084331
-0.129490502457677	0.100442079480995
-0.599259997413499	0.525881879646564
-0.173727020661213	0.114556596201976
-0.32005499011386	0.224404718754799
0.291147679511486	0.252175859507013
0.309339757242128	0.234523851964236
0.0444478167476117	0.0243938439836099
0.0329000001145955	0.0181799421539877
1.47618805816133	0.927212883605853
0.994767674531686	0.682806653855537
-0.631819924657964	0.36947253502143
-0.617875104469477	0.149400727468359
0.545994337450589	0.198159602216923
0.81624591352711	0.492517136377381
0.376516013746159	0.191016664759519
0.175528710194884	0.0601682623632123
-0.745361895750445	0.322606575863086
0.628306260516173	0.330830968972331
-0.21170603525201	0.104262957193002
-0.575846548897215	0.27289872822856
0.365479159800291	0.205267473043303
-0.325211153123144	0.25654996531373
-1.05815865687238	1.30740082186861
-0.676508006039949	0.853229966118314
-0.374111957680787	0.349187682180576
-0.348467888273311	0.372703012167789
0.0777329191254581	0.0650058866418705
0.150742603495716	0.141231542207468
-0.486028741095766	0.57282440364997
-0.289192609861998	0.258384043390178
-0.120624356142675	0.103481546345593
-0.438892190131595	0.512240556941241
-0.0844778478222335	0.0490498303547803
-0.132325257246136	0.0740225311422656
-0.740016439542735	0.319589655632503
-3.74551962293396	1.47870416259712
-0.330698472981565	0.0947716626031445
-0.612487701707529	0.148134994320372
1.47402323433779	0.492035659807906
-3.44754089021611	1.22379406077669
-0.496219048461158	0.186898738117231
-1.07282260260103	0.723670433824682
0.180516854136388	0.087902665823493
0.88006920796307	0.653030787942151
0.367757890669868	0.206719923386433
-1.7934287506278	0.390727439150181
-2.57067328278635	0.665094197548339
1.83948692258838	0.725717515665962
-1.49753171438992	0.532305096548695
1.10995644829615	0.687220429549501
0.192733470955443	0.103661840055282
0.324800660634158	0.224890140988273
1.42192441152424	1.10632772687849
-1.09294036079732	1.04666094707616
-0.223702622608463	0.110539982848825
0.169784416617883	0.0656441790925692
-0.0610267079753895	0.0366749590919084
-0.0688955593825769	0.0271486518108793
0.530173722047789	0.338576477948784
0.616054496387744	0.466334071214766
0.0576380579551041	0.0338238918377352
0.180134049675231	0.0966382784404048
0.12057159495783	0.0919161620673234
0.540252746991449	0.470450656959017
-0.170509475315032	0.0903335636352368
-0.0561036922506296	0.0336966724534006
0.984102668998774	0.672634207750791
0.974552634652846	0.66399827102266
-0.373010237665997	0.207755294373104
-0.00373513170680334	0.00176314465866295
2.76219840038386	0.780594539857824
0.692481142426252	0.221366284684109
-0.96111026853953	0.473136285240263
-0.76764042944143	0.414224389356034
-0.322472516615752	0.0924590549090847
0.180845714650258	0.0543398759613664
0.631725418884302	0.333077365004702
1.46707710595373	0.489320547895215
-0.11762021548737	0.0419397186313975
-0.325582325201124	0.0933470317045756
0.387826729839858	0.197424466234607
-0.129371030234611	0.0459892945729162
0.178254851579563	0.0536080680261321
-0.00127345492591147	0.000674174562399842
-0.690403373239325	0.648818756286149
-1.16782681396612	1.18329262901465
1.61466711575805	1.76165713808578
2.17350464415607	2.89397272176254
1.53240361438464	2.03736214342702
0.20385688787262	0.147047704398896
-0.234867618284769	0.171756147536524
-0.77255236719228	0.417240735532564
0.197213458761584	0.129605862706501
0.848056246017642	0.360867725419662
0.578150729423436	0.338800406107372
-0.0787170635373006	0.0308841121211473
-3.07875719123617	0.951227905765892
-0.319817646410374	0.0917687104349087
-0.585624368724838	0.278336336245358
-0.0796562557055961	0.0462255892385748
-0.373292972800897	0.208054326447088
-3.07402416243152	0.948685276185543
0.746666262236056	0.624252689474751
-0.280487342591891	0.127135696716412
0.859851679466878	0.907546823135684
0.377319435061309	0.34155139490909
0.615868116977739	0.466328760312401
-0.249780325487737	0.154429873946648
0.337227723179742	0.220575915887576
-0.10182429870907	0.0593729613575076
-0.160623639302335	0.12373173366951
0.448618299342402	0.3429594925761
-1.96409707333712	1.3551329194978
-0.378185512841284	0.258103680374989
-0.0968102498711536	0.0563787566145816
-0.384016855447722	0.214820782936175
1.11025022969174	0.68660314367414
-1.79785205353169	0.391773074809323
1.96276901321247	0.454520391574277
0.714470770965325	0.337329994111773
-0.268283155557515	0.167080114929141
0.176138785194489	0.076835812846744
1.35170505429441	0.598459395279544
0.853366694188432	0.363544292018452
-0.761446896700263	0.494710443185944
1.48785876365146	0.937695664352761
0.169570842988667	0.0581880998558025
1.08850211338313	0.531958239000341
-0.300599154385356	0.177363042281397
-0.542521883907967	0.484498204482652
0.127233827743021	0.105412636981161
0.429519128251002	0.448095358149944
0.773630817219522	0.941186173001525
-0.217076393103751	0.181714495512511
-0.1996968811921	0.219092358788487
-0.356749684163758	0.352839264424898
-0.336081973242323	0.314801874478371
-0.299986842603244	0.305873695213309
-0.57577028934337	0.587714930475686
0.0753422814363624	0.0489991825706836
0.423042711461252	0.351602787220804
-0.0117269682423311	0.00750741847533272
-1.12519556185123	0.339754109482426
0.184291063239428	0.0465991085839434
2.76219840038386	0.780594539857824
0.185813320888401	0.0557349268614171
0.550229507129372	0.199823293779666
0.816872791376835	0.493619660540223
-0.929326512707965	0.563142506430761
1.13181592144447	0.865995932701675
0.737982882434132	0.489170344704982
-2.04826273814137	0.932264876861533
0.958352222975233	0.253964848564806
1.47402323433779	0.492035659807906
-0.614345716129905	0.14867066764313
-0.758376325559213	0.40750326748295
0.59571524482784	0.478706369502599
-0.206864778548958	0.132518842053768
0.805081145160621	0.63849190358445
-0.172434894001008	0.113661915595257
2.38335999487297	1.20915415695094
0.57898804207168	0.339361508517658
1.07023841365756	1.13846963233762
-1.46567259490791	0.73823682262087
0.983148583755346	0.671628777696895
0.697935884243163	0.608540241442033
-0.662507205711447	0.51779481945165
1.08640474793252	1.16335223886651
0.666688935068817	0.606686132803235
0.683215731558248	0.490374760909323
0.185788279784628	0.107972130826505
0.192606004694043	0.13250951541599
0.527115817892797	0.336015130151815
0.385003501351266	0.195798611440731
-0.28997141099385	0.131902970634183
0.554170265139292	0.201310818357217
-0.496879333423488	0.187181684059415
-1.00835638596109	0.399381922624064
-1.49488636347355	0.53094883647402
1.3506901045517	0.597832924986741
0.551353578437213	0.200228094406705
-0.706728811590437	0.241764690191015
0.175528710194884	0.0601682623632123
-2.45614966283835	1.36558288305139
0.0518835516273859	0.0304384139301942
0.56400895671198	0.328376838989058
1.9912837481984	2.35224828555753
0.624057240865081	0.583298931800884
-0.766411365518092	0.709545302488282
0.18326148995238	0.113401165821828
0.566690696042646	0.475382830303318
0.678218473982034	0.48577730836116
1.47321804648243	0.924176230141796
0.496206036280868	0.340646780462743
-1.44902034750626	0.99679043961272
-1.11458449535005	0.336227635184335
0.180685528523274	0.0699125106463246
0.17628853425871	0.0858753483478682
0.17516528253672	0.0763742226857439
0.364378997890319	0.204781256203761
1.02605169900733	0.847448220812739
1.05346208699469	0.402359762312703
-0.16453350761608	0.0870218544747272
-0.0661239811353791	0.0397620877601868
-0.424706726295356	0.323728604245768
0.817175974854646	0.981924179666721
0.290739093292937	0.218075675352611
0.0273077028374867	0.013814605669792
-0.246643807329193	0.181471394712078
1.37399316209907	1.2683677821816
0.0412156207402011	0.0226768243685543
-0.932947920639463	0.566187096258991
-0.576701196419492	0.273588301350554
-0.509153195338149	0.192147030635065
1.80488982183167	1.01914911411703
2.76330811440907	0.780761067286217
0.165880035481028	0.0314978449610492
-0.288074031163663	0.130880260550639
-0.123831252718902	0.0440604843970144
1.09308809131309	0.534811978417923
0.186069807523728	0.046984734903896
-0.745838143765145	0.322552749669043
0.180558380914376	0.0880563760167763
-0.635704525793792	0.372525821783959
-0.281977120450776	0.127853103537229
0.549516086641495	0.199542874934359
0.592367581954161	0.475163501572863
-0.304507945793526	0.180064102215154
0.523863067731915	0.557360926605957
-1.11856590789751	1.22289878896531
0.0641884073067325	0.0496787087667932
-0.845239847935613	0.894068760206953
0.6867624463443	0.958539941659616
-0.206621095473059	0.132182335794037
-0.12107122598901	0.103840887320785
-0.00121092874208257	0.000778786652762219
-0.0463699671285688	0.0334439173470848
0.0454238635386683	0.024927780833578
0.191389795261378	0.093459645863124
0.913738269834977	0.937413960899463
-0.0119500695983913	0.00543493171849146
0.176633008472562	0.0770659834994321
-0.497911182849863	0.187527814828396
-0.503193462020767	0.189721836298481
0.691240034356655	0.220791555953193
0.183063896529214	0.0463401006276899
-0.0687905672431759	0.0271293223108896
1.08788836479962	0.53156608167024
0.627567532991904	0.330878791440902
0.808888916857841	0.486873705565738
1.1073129672945	0.683442040082374
0.427884150243101	0.195275315165572
0.165880035481028	0.0314978449610492
1.48020902950819	0.494322465499196
0.176139035531232	0.0447669868764769
-0.960076629494688	0.472175041863433
0.927938390515491	0.504984223310363
-1.45637329567415	1.00511146774742
0.41751595322331	0.18993514319526
1.5112544234146	1.53341628760488
-0.630549863512625	0.368703010366747
-0.370389605095355	0.251745199047881
0.867329534792491	0.79336922068529
0.885092553783253	0.657534854271016
1.80451326834185	1.01920977910889
-1.07141931958901	0.72213798043894
-0.138769175920574	0.0935713853868723
0.180931780027955	0.0968888855789017
0.910750626119181	0.932904849990696
-0.669207918865284	0.575701038814415
0.1064513976757	0.0729257309856399
0.187424834069334	0.139155962654549
0.91704255821067	0.941703740286555
-0.773649454762364	0.505662548029489
0.642409481399756	0.340047452932224
2.58136682246645	1.44864412096296
0.413143259890935	0.18790555165654
-0.613012730411062	0.148202450577793
-1.49175325085157	0.529773188260123
-0.635964058762985	0.372849733262141
-3.07350260546998	0.94852963330217
-0.0728619231799769	0.0286390622815502
-0.211110700139506	0.0678620984700243
0.469037778436906	0.190492761217088
-2.04319649221053	0.928970425477793
-1.7934287506278	0.390727439150181
-0.32685310795758	0.0937088146974829
-0.194822363184045	0.0627608493171706
0.473198825825499	0.192238507652064
0.172713073431482	0.0752861785253497
1.04841029932536	0.996262312416196
-0.166477249311961	0.0880858922604364
0.58994669852259	0.472678358976676
-0.533315618692566	0.473628115627689
0.930940796160948	0.810211960809123
-0.980098203822044	0.868685036266064
0.862757415894706	0.787549475431031
0.6278228139793	0.330521761875909
0.189774197041144	0.0927252328084722
-0.167249763218503	0.0884998446475453
0.167528719988263	0.0574898975108769
-3.99207475411529	1.72599723147682
-0.697547507150818	0.238387277313668
-0.465550421776633	0.240791613070569
1.4762284990314	0.927743236879625
-0.124226356552131	0.0441913898094736
-1.7934287506278	0.390727439150181
-1.65821775245885	0.933179951223819
1.79955013630579	1.01454475923101
-0.371635519400252	0.206885521006951
0.297230612990651	0.233186997731787
-1.91110368447701	1.85090709669809
0.0323364281633203	0.016304006074818
0.401700817355022	0.343796841611169
0.935918312231688	0.8175829707067
-0.296848955533362	0.259219881354433
-0.0605198190039078	0.0363613339971355
0.73646913456995	0.488468345188445
0.469638211469143	0.341843390004409
-0.956069082331503	0.469295459078014
0.0224292764527555	0.0114011155881719
-0.45464839946214	0.23455578174601
0.16619130625606	0.0315431724784316
0.550585584584045	0.199969616725774
-0.920710783622605	0.556717045196791
-0.951202701901616	0.46641436963398
1.0516149872675	0.401512248410012
-0.741364132593065	0.320482832022458
0.0160606121391854	0.00826679247023353
0.170005910111455	0.0741500671012003
1.29477368018067	0.720166302385303
-1.00977041428962	0.400033925972951
-0.761877352983217	0.574790576350567
-0.307021207612109	0.181681848671301
-0.269594196083832	0.259712015735906
0.821425144948875	0.496708856804278
-0.427907053741653	0.419754247521843
0.608119168911183	0.671992541205727
-1.11944263072603	1.64532569040186
-0.33347095011568	0.33285532038179
-0.0767167597007786	0.0614750639550556
-0.178151369424231	0.1649298987084
-0.066867036480567	0.0551902719373291
0.0210767012402285	0.0172435485255789
0.108261236667039	0.0795720665926021
0.200077332938391	0.154893344879464
-0.0545781286740594	0.0327858895641218
0.380764502985482	0.193263757533401
-0.0901720560346954	0.0524173885809375
0.174848174603325	0.0936439644829973
-0.367933146861389	0.249966229761142
0.16619130625606	0.0315431724784316
-0.613158918177153	0.148231887572971
0.962025660417238	0.254682745005495
3.94011940400443	1.7432966017604
-0.960512091527211	0.47234833068897
-0.0545615871716538	0.0217450185266545
1.64448830283096	1.15805220693692
0.418069084733492	0.190483937885522
3.27752825134246	1.12202020233476
-1.51363844949671	0.538983877530966
-0.706728811590437	0.241764690191015
-0.614206104379299	0.148455859250315
0.353306328988495	0.216305326080222
0.180426677809576	0.104597088099203
0.350702573836398	0.214292000685004
0.484734662863361	0.331001799501892
-0.759601524105454	0.408547259091922
0.193963507857662	0.127279737768315
-0.385946276390145	0.160055227107699
-0.256398451301643	0.158811076608051
1.64352010065315	1.15642081728062
-0.457589732314272	0.23642259855268
-0.129874393987828	0.0872051636655662
0.806507009828801	0.485023786411843
0.438946653656435	0.333920542452972
0.444512332633388	0.339091647865842
-0.76086930911263	0.494279843669628
1.03702595351123	0.979325670357658
-0.687255069168542	0.645192530378924
0.81027302899196	0.488023872940844
0.171184511014109	0.0586938996534978
-0.221624186906747	0.109526874564297
0.179060326718972	0.0781570704758649
0.176825054435177	0.0449204608148946
-0.0772697249889085	0.0303167438195664
-2.27820834764251	1.15236362231794
-0.612487701707529	0.148134994320372
-0.376342031194897	0.155706196017938
-0.609489833121369	0.147475344257464
1.96372117107544	0.45473924627511
0.17211535805776	0.0666386262137165
0.475007766960483	0.193065395352787
-0.672422327220368	0.52783347862102
-0.164746221666943	0.0870213693195071
0.195860214379895	0.121803141428385
-0.46690505966135	0.391434708707369
0.591065992557613	0.473850583586327
0.0430086666022552	0.0236278346570681
0.179952987888086	0.0965224206320396
-0.284627323960963	0.129273758704093
1.55518904397103	1.34004402658912
0.975933945646478	0.665161954543925
0.176638269372533	0.0683893603727975
-1.11458449535005	0.336227635184335
0.174866744414616	0.0599504088128746
-2.04755645131174	0.931787975309293
-0.118226339598863	0.0421510838894909
-0.768126829985218	0.500642734664919
-1.7934287506278	0.390727439150181
-0.656124407258869	0.453786992465011
-1.2591340394587	0.566104055667693
0.331259718644115	0.216245400279015
0.0547141106608887	0.0321006521498384
0.043688126645523	0.0239701993550668
0.674140433291232	0.482463932999937
0.172483971808894	0.0752871971282988
0.183473188078016	0.106532229510764
-0.587952790813409	0.604767444801874
-0.644888361841913	0.443748389287663
0.16612098296364	0.0724104580557702
0.366847164412723	0.206139781692614
-0.206045027524424	0.101314820688471
0.0108615732780282	0.00473719556126835
-0.0694116258185793	0.027342944103128
-1.79346061997896	0.390723019452767
1.2949962923304	0.718980378844915
0.623420493580601	0.328342976227693
1.06762213189116	0.40860472471242
0.963743115659934	0.255236344279286
1.35029297080259	0.597376447511037
0.175891515215909	0.0602877256141385
-1.82697960871162	1.14562634169378
0.963214248695465	0.255090594573707
-0.225499114526766	0.111477899224254
-0.256398451301643	0.158811076608051
-0.340736980046762	0.296804853998354
0.843006298294116	0.987333296952121
-0.676668089962346	0.585054798158357
-1.57607809876466	1.84796639801776
-0.732238664947165	0.926444141152074
-0.11563165605447	0.0929984783623147
0.0624113477179211	0.049475347476857
-0.378183277556514	0.294932816766266
0.0436706248300532	0.0306377359651236
-0.0942254048319819	0.0747978987831569
-0.235264775787106	0.208049890577239
0.301217189281889	0.245895322644333
-0.080210089061082	0.0644069713481972
0.0793230203360516	0.064998041649933
-1.01571399585005	0.800602434323069
-0.556274302044071	0.400230210612044
-0.173486725798465	0.0919427808439664
-0.0391319527120753	0.0168004300816629
1.42277954318438	1.10736189934316
-0.0161780003065777	0.00733649253092576
0.175727878726939	0.0679905067665371
-1.00236193740671	0.396463059052617
-2.57036588579023	0.664816582891659
0.181837521716867	0.0460537144756759
0.18374299244507	0.0464795790495071
-0.119231040222735	0.0424930904552538
0.688637326691298	0.220082192676685
0.169228513814045	0.0822406482889606
-0.465620732700254	0.240789043141382
0.177503434200818	0.102748597678564
0.691745806165962	0.221041871886146
-2.04826273814137	0.932264876861533
-1.1258777723839	0.339888304991231
1.09148459484778	0.5339278161794
0.525928228657682	0.335521616765575
1.30187231467358	0.724852192065806
-0.364457129544754	0.202518111892994
-0.293204777632285	0.133367922476668
0.170195050824796	0.0827439728021799
0.0375024296999569	0.0206729019748438
0.980700057685397	0.670233792551426
0.17126650450407	0.0663041273338479
-0.926920866220571	0.561245805438791
-0.559771154153027	0.402795882621107
0.374124315495421	0.210852432395671
-0.0890641033849973	0.0623733264993528
0.329144541642181	0.228253181861121
-0.965446357885267	0.942357591376109
-0.765666103114411	0.647647747172481
0.90749007638386	0.491058884434068
1.64204697529043	1.15426235935471
-0.368797089997939	0.15229369927963
-1.46465786576239	0.737604114579331
-0.382305469098673	0.213877367076413
0.180845714650258	0.0543398759613664
-1.11458449535005	0.336227635184335
-1.1182849071041	0.337405124817419
-0.0146374047509007	0.00664268727221895
-0.368797089997939	0.15229369927963
-0.135134010916441	0.0479974607496354
-0.371997374536261	0.153930951998906
-1.1538827322032	0.642634089961352
-0.930218644684769	0.563749236855989
-1.12026119291491	0.338168680078347
-0.613158918177153	0.148231887572971
1.84644215856505	0.729350990286639
-1.30133714603042	0.805154832130386
-0.482470674962158	0.358451654563085
-1.80424481820697	2.06866296872438
-0.122303826194605	0.0681916432630629
0.450638265136737	0.344653741538765
1.02919106783532	0.85056778926416
-1.1341479520875	0.975160707060263
0.530038840372988	0.338839672877685
0.170709462001122	0.0660923528424984
1.253982762079	1.23040317067499
0.464450897593892	0.188417201617607
0.687453672774919	0.21969379736456
-0.613682540053849	0.148388769407339
-0.32485451718176	0.0931499749349684
-0.571361862357512	0.270456478929924
0.176151715208171	0.0681554302009089
-1.79346061997896	0.390723019452767
0.492227721171584	0.337686710628794
1.10607147849098	0.683815054011977
0.888068234312312	0.661354361998305
0.494963382825786	0.458030673603311
0.886798470483002	0.660155374896575
-0.175286920977663	0.0929869065596196
-0.0952869760007083	0.0669193103885608
-0.169304163293119	0.111492543231186
0.187800582202263	0.134380102585943
0.187165090715182	0.108852913770595
-0.499521706169529	0.188284678762176
-0.470336113383746	0.244086757448538
-1.21284112542314	0.907368434179336
-1.14046147393925	0.63168801647303
0.364110839619014	0.204365919281669
1.46842163094462	0.489769078028611
-0.373982569496486	0.208351430553764
0.923471706807312	0.501624006630074
-1.12019427196772	0.338020301365193
-3.74624107806015	1.47909592511107
-2.2580347438117	1.13666977030914
0.174567931745634	0.0598240637323324
-0.954948996486196	0.468521671179496
-1.80368192120879	0.733397419313707
-1.410608925449	1.69034883267782
0.0193680471122191	0.0098719872883253
-0.703749043799299	0.756183171954204
-0.541345352178011	0.483026194916944
-0.144548828086185	0.123588333107552
-0.371595714599	0.319130260903953
0.958604287382833	1.35280888984136
0.923227639122586	1.14848302456133
1.03993745604369	1.33879038729263
-1.93269745370304	3.91792319808268
-0.326238912142236	0.303564539457544
0.529835217672132	0.548290512209173
-0.0151351059031777	0.0129753565246993
0.4995807340479	0.463456604102945
-0.545066888419631	0.487374204096271
-0.311677279521022	0.294948183109403
0.460446476660177	0.448134510585385
0.757920053563936	0.741677285307199
-0.230008806729998	0.167702222295323
0.55900771297515	0.467354717892337
0.548446558131749	0.455916075801432
-0.367798198913006	0.204449281221213
-1.25122982966508	0.561359418848618
-1.11390573268458	0.335899190520225
0.169566032486793	0.032038095111837
0.963743115659934	0.255236344279286
-1.00943392667062	0.399735935116325
1.47525146835293	0.492648627415429
-0.571834686058296	0.270610949502262
-1.1152634133402	0.336439469187697
0.706288009704077	0.333110616713874
0.179845637419764	0.0616123591521601
0.16619130625606	0.0315431724784316
-0.32531700249348	0.0932194330065639
-1.96723773328491	1.36024128476446
-0.750364995739161	0.325029815455567
0.179592237972852	0.0875598811658197
-0.0404946585648247	0.0250396352010324
0.0390220325720043	0.021464915643057
-0.0270646808823868	0.0118054220659544
1.64640319225626	1.16051966733328
0.924441356513303	0.502340581007705
1.80512563394182	1.01928780972392
-2.07083361215513	0.946045103831319
-0.17484700162376	0.115389242724505
0.370490741584297	0.20851362691701
-0.671106150018209	0.526826674088706
0.0151001298465852	0.00778080012595731
-0.592605071762959	0.478497117883029
0.634070839056941	0.484016949997316
1.09347086227971	0.53527910188038
0.876807586744937	0.649359874203206
-1.65643376925449	0.932198010335002
-0.74401016267534	0.321605771996981
0.0197409995098783	0.0100560085049773
-0.202615613594689	0.0652232518828875
0.963743115659934	0.255236344279286
-1.01084929511225	0.400388606838382
-1.65488153249387	0.930549450829535
-0.622035323133494	0.36249438874899
-0.314658689294733	0.219932553909104
-1.25254603603633	0.562193102367071
-0.361515408283573	0.149128592431132
0.555949767102404	0.201992647886448
-0.496879333423488	0.187181684059415
0.0230874626615062	0.0117145871860266
-0.653782020114323	0.452179791481403
-0.569028366249124	0.411712248671221
-0.273656893006223	0.123934962420683
-1.08430724815386	0.735311059706087
-0.744824966604454	0.322057504500445
-1.49753171438992	0.532305096548695
-0.69681330218041	0.238104465757831
-0.747743143432184	0.323592400924653
-0.329964215322259	0.0945505800706473
-0.168765758942347	0.0893582894580228
-0.254608322339194	0.206301010794117
0.300194675349332	0.244849689527556
0.692444785049571	0.602200513535688
-0.124655068607416	0.0696076666537849
0.0893174495936365	0.0583628164336622
-1.91522164651455	1.85444771514131
0.202358826800128	0.133217822723574
-0.742999576925343	0.321112332047333
0.183600515358582	0.055105623027285
0.957162742729009	0.253557522610441
-0.463348159250602	0.239837869844042
-0.928880785273068	0.562783349260017
-0.95207976996854	0.466900818209945
1.96372117107544	0.45473924627511
-1.13208346403877	0.972625253986187
0.736688245391095	0.488310875892244
-0.163437393870573	0.107305391738582
0.606334988196479	0.587022595955076
0.400424354776847	0.342434469983621
-1.414186057769	1.48477971503531
-0.421818169055187	0.359345671038156
0.300310720037918	0.253421657907276
-0.26819677231324	0.191866822767723
0.209438977578363	0.162990733726699
0.190779268121763	0.11826850584528
1.01740463615528	0.837397639351307
0.175229935098753	0.0600621684845024
1.55337457268299	1.33522194438718
-0.743204297243649	0.321159667249727
-1.79346061997896	0.390723019452767
-1.12019427196772	0.338020301365193
1.26487821949427	0.879832825888209
-4.39536672639618	2.23108126324712
-0.523794655251657	0.327230635834593
1.47086646676889	0.49088731436037
0.849767099826588	0.36182590832994
0.326194451069586	0.225798088140403
0.840510143880536	0.357192711931371
0.844796816473284	0.359284495888571
-0.376342031194897	0.155706196017938
0.310681299573353	0.23571869146005
-0.0538629645997444	0.0433704849463282
0.353622018736602	0.335274511868803
-0.632589759924857	0.76740194714545
-0.250581627631538	0.243331294545214
0.216098302140713	0.179350660434181
0.283838459925714	0.259112904721747
0.338194779869728	0.343195306842802
0.00339099133904685	0.00212741279874884
-0.343989214252381	0.366620364244862
-0.0758150632528517	0.0607161801142969
0.479386928646856	0.66983797791578
-0.236750180985618	0.255333690300235
-0.573321444872021	0.63396578491799
0.155421057666745	0.14612314206655
-0.0625902479753521	0.0454071569080033
0.0297439373570219	0.0215099456305387
0.0392792423243923	0.0292864499440522
0.188464643090021	0.134902832152917
-0.383155949157521	0.299434079431668
-0.0348079775787675	0.0150116836756704
0.498361748415608	0.342935604386765
-1.69826756105371	1.40771335532559
0.180107983152346	0.0541465694868784
0.683520003518989	0.218340470189805
1.47032706033056	0.490703617760438
-1.79693424859175	0.729556600315067
-0.60895933746012	0.147406558741333
-0.613682540053849	0.148388769407339
0.806454219724662	0.484899152689843
1.06153095853073	0.405927487776779
-0.625245167960616	0.364591881547135
-2.04646433681651	0.931063046692899
-1.06290756365162	0.714050187125114
0.0582333468230636	0.034170520794556
0.0628822124769939	0.0369260753051719
0.176127094732197	0.108650561310218
-0.339217018445228	0.269599728165731
0.320650614373881	0.221554496045134
1.26120018281264	1.06664404191643
0.566752311141888	0.475792583904654
0.845152475793848	0.359294287590281
0.35413303360603	0.216674865725147
0.193277372169902	0.120103410018766
1.00824215079902	1.10819263843549
-0.376407986611435	0.256760399549777
0.28856780682723	0.241865377465506
0.289036493565414	0.23421316917241
-1.11833882221215	1.22273682600321
0.202901661638024	0.146311111371273
1.10025253763213	0.677782191314245
0.80091994430255	0.634230646082004
-0.521192808612033	0.325516962592941
0.711535673817155	0.335433524525311
1.09385447088543	0.535476309306029
-1.00835638596109	0.399381922624064
-1.70141109296881	1.41200462081363
-0.778357852370053	0.509822543771608
-0.771556593164132	0.502655109370457
-1.81375084087022	1.63596057701546
-0.713190295142571	0.244167622817866
-0.281240711841977	0.127657778564757
-0.00715090638978617	0.00453365353665762
-0.210147853287233	0.15695515214199
-0.0804936572205071	0.0485415617695931
-0.00134074418725292	0.000687685133297152
-0.170045953657768	0.0900139712635785
-0.624418663527228	0.364613675064482
0.185840768043855	0.0997004219107189
-1.50342895272977	0.534820350018527
-0.321011266565823	0.0920911495247304
-0.201906699363454	0.0650030146049408
-2.04787602398227	0.931932803365012
-0.443128870878448	0.291376743069089
-0.00876781706050643	0.00557056787747844
1.26165145828691	1.24130814452365
1.50694588035316	1.52631988279438
0.0976225361233226	0.0665922248140871
0.332234481961044	0.216991384867928
1.1408355460587	1.02910921240477
-0.32485451718176	0.0931499749349684
1.46585570298693	0.489030037475911
0.16619130625606	0.0315431724784316
-0.0747621360252656	0.0293394287154718
0.180092520900824	0.0877002182918641
0.418425560868564	0.190394921638019
1.96372117107544	0.45473924627511
-1.58293773036272	1.20081090618897
1.08731334966669	0.531517192286789
-0.169150292580926	0.0895835127838225
-0.772074018901335	0.585323470064979
-0.233752384725993	0.170797054814665
0.99291619637861	1.08409867185364
0.414249057577777	0.342740762194542
-0.699386217354182	0.70672954850961
0.458947014796627	0.352428169099002
-0.670160363737404	0.525810945359758
-0.201906699363454	0.0650030146049408
1.93519327826732	1.68157622284219
-0.741364132593065	0.320482832022458
-3.1237919134211	2.69000047816137
1.99152797033803	1.25837436203212
0.16619130625606	0.0315431724784316
-1.79346061997896	0.390723019452767
-0.739205110261495	0.319270346381129
-0.38148214237599	0.158042902493283
-1.79726582531089	0.729767900198108
2.14068730085802	0.968013963390159
-0.324126952894347	0.0929244396746841
0.851444586445266	0.362576931736793
0.168551797974127	0.0735094148580177
-0.7085818841146	0.242531688950869
-0.956207897684886	0.469892440894444
-0.449953893529755	0.296959988369702
-1.4044402069857	1.86618436892245
-0.306753104735078	0.307482633332783
-0.102607233034595	0.0801492253135386
-0.0572522455382446	0.0469679287959851
1.79448830472158	2.85366989722545
0.264970808399579	0.262905216941136
-0.175322763871617	0.149814059429998
-0.549697203783704	0.642741743705041
-0.430999907808306	0.454471225517602
-0.725729661633759	0.832381229627137
0.00692665778788083	0.00557362484075429
-0.00988417812703266	0.00747777907123306
-0.373700011280945	0.290812284004433
-0.175042183916593	0.146107707271039
0.607120402430256	0.744303345243581
0.0462726153246157	0.0364029796142983
-0.378985509889477	0.295641650463017
-1.08452233444831	1.03520345562637
-0.088776301931801	0.0621608120835988
-0.131964146469448	0.0738203797678681
-0.171332974746083	0.11294019914029
0.166881004101407	0.0645706117059428
-0.576317467715243	0.273135189901008
-1.00269516620368	0.396499158743995
-1.49680843456756	0.531963842405938
1.05878746464103	0.40482083139178
0.164778629348208	0.0313374327003096
3.27272750868887	1.11966450015405
0.421928659406831	0.192265447618348
0.425423998836967	0.193954389951136
-0.123615274187178	0.0439773688403038
-1.25951281700706	0.566150737089227
-0.305678688709274	0.180661218915993
0.341966107162627	0.207941959010799
0.569654483006648	0.332635606620973
0.359426252792801	0.201456141800176
0.175162392442944	0.101486936602388
0.744532904211403	0.494498956687201
-0.366418490284619	0.151428231798692
-0.276118433633921	0.125095129620045
-0.0340188839290441	0.0210339684768999
0.446608855435754	0.341123928773887
1.00115330896235	1.09744219249751
0.804600652013682	0.638119217623599
-0.0921334537508945	0.0535960172909739
0.197845575244772	0.136418729299122
0.476290147960385	0.347522892201654
-1.79580215183768	0.728927756357995
-1.57608188285985	1.19329477812109
-0.368236972131336	0.152031255079609
-0.496879333423488	0.187181684059415
-1.00269516620368	0.396499158743995
-1.0033267355319	0.396956727520374
-1.13372733281103	0.973304848467114
-0.763298680625026	0.410512814307639
-0.497540036768389	0.187445875024767
0.172174590786425	0.0665958300972575
1.06825800346899	1.13469066206645
-0.0641752396174551	0.0385724980851908
0.558748998931379	0.467238859196902
-0.162422646267511	0.0857980496765256
-0.284873649473814	0.129420788313893
0.338768887004642	0.221870558231132
0.812575958370901	0.647030301908555
0.353090958308124	0.197576629927931
0.48138943447926	0.19573384108194
-0.330698472981565	0.0947716626031445
-0.618535635333325	0.149538863092151
-0.258673723529407	0.210170119088956
-0.315316495873999	0.220483629727713
0.057015363610127	0.0334628595897416
-0.285944600119521	0.206436308410636
-1.06877765302623	0.720268930916433
0.0034553168767948	0.00216180542278213
-2.20809092567446	1.82034724668798
0.839495833782448	0.356721288421175
3.27152519356808	1.11907150574555
-1.46747817944736	0.739324025366201
-0.439249080393715	0.288444788367932
0.914772338622063	0.496090813951715
0.183063896529214	0.0463401006276899
0.0465602773658361	0.0255717343811103
-0.578739930959744	0.274206093018026
0.181102638541402	0.11192519139769
0.0850512074612273	0.0577543942902149
0.55799342491945	0.567789334197052
-0.685258571166783	0.594867320556673
0.529076294331137	0.338074226094578
-0.177336481420302	0.134155124851374
0.771947874346382	0.760253053780259
-0.319549848220008	0.223981167556747
-0.462546459671446	0.239298632085565
0.486753156248016	0.333069658152118
0.633106926473576	0.334626642250421
-0.217393758803051	0.107122082088448
-0.74259669890376	0.320846616763926
-2.57036588579023	0.664816582891659
-0.52340898033832	0.326945084526035
-1.65432545491249	0.930124270808386
1.59690016581137	0.803005891193071
1.47086646676889	0.49088731436037
0.173199194608816	0.0756540747090118
-0.626370832184465	0.365930891117721
-0.968735246982764	0.477325802082969
0.716425822261068	0.338419602734398
-0.762792659115907	0.410160683865049
-0.290043457142238	0.209828704611939
-0.64611269868391	0.697745265579664
0.143723286516916	0.123214298844067
-0.0258280688339911	0.0191919039168298
-0.0481784866235585	0.0347577889222247
-0.370080688704106	0.251513881604097
-0.309987478685855	0.358643336825914
0.399863659634385	0.354772251809559
-0.61370726529546	0.70516574616259
-0.0682623336283967	0.0554136663648076
-0.16346012295299	0.138517611140355
-0.957774879885377	1.7661403368692
-0.150443637015402	0.141368994345816
0.340872047209794	0.337791236068376
-1.68868922870569	2.69626001622297
0.537381846872003	0.55878385909188
-0.547137733273774	0.56862917271866
0.0980020229455883	0.0668906207491925
-0.52340898033832	0.326945084526035
0.194539048658602	0.133980027089853
-1.20930809939811	0.903042430450837
-0.701794429638729	0.239974906557054
-0.19265924146981	0.0621226000055922
0.178049240810411	0.0452053813438565
1.96276901321247	0.454520391574277
2.76219840038386	0.780594539857824
0.172174590786425	0.0665958300972575
0.168703934281002	0.0653025262066088
-0.0752828972132502	0.0295404802745198
0.81624591352711	0.492517136377381
-1.45098088122752	0.999040070856556
-1.00306966229617	0.39683135622738
-0.0134259569989049	0.0060964670015877
-0.175309666596519	0.092999783158317
-0.0134709800566346	0.00858718831751168
0.855402236590801	0.364493995158352
0.179824310277504	0.111052922401089
-0.0155218953500109	0.00984324453016533
0.848390137942497	0.36112999220408
0.00539970270857423	0.00305420063739591
1.38442713947585	1.99582403806992
0.546478914662976	0.477412150321946
0.317170907024518	0.230542908029025
-0.363596877073063	0.310830067954293
-0.484856877362101	0.360545676706223
0.19472427907279	0.121024618100709
0.0226213403841636	0.0114798797535941
-0.366418490284619	0.151428231798692
-0.535613934421014	0.476415111533155
-0.374269486658032	0.291314254625705
1.4999991555151	1.51404069633461
1.93151969463753	1.67583049940688
-0.129170440725314	0.0722324923373322
1.42239401325185	1.10745251773471
1.09645720621756	0.537013029562423
0.183063896529214	0.0463401006276899
0.724352409163367	0.343090789836712
0.182515705814395	0.0461929473161663
-0.613158918177153	0.148231887572971
-3.44821343973509	1.22397568320365
-0.562242448514675	0.405450000656956
0.176263706576241	0.0530277163300986
0.470826153742671	0.191146424486493
-0.759046747810654	0.408257995924477
0.553459142396127	0.201030755019039
-0.614206104379299	0.148455859250315
-1.07338316723104	0.724208596664268
1.84333369293536	0.727520140615955
1.08888268610096	0.532186917645821
0.165880035481028	0.0314978449610492
-0.221624186906747	0.109526874564297
-0.713927771586338	0.244486303883557
-1.07060645651072	1.01483258535459
0.200898915901071	0.138738148941879
-0.0102616717564286	0.00659482927357808
-0.376376654957579	0.210038514938895
0.0724673983371778	0.04500431841726
-0.677128091715351	0.585288140686097
1.01111313759563	1.11304299110917
-0.755904295413052	0.405706359380574
-0.0357736856557767	0.0154130776884231
0.0242017946984713	0.0122688423126047
-0.078664013620457	0.0308649148267959
0.467988829489435	0.189821643305222
-0.745964556331622	0.322905623079582
1.96276901321247	0.454520391574277
1.96372117107544	0.45473924627511
-0.700673100063675	0.23947715305123
0.552366600094505	0.200647521424049
-0.196606144995592	0.0633346995977349
0.962025660417238	0.254682745005495
0.0141492409772405	0.0072957579381628
0.172246622113128	0.0666906896215397
1.29694224603895	0.720632879630045
0.176466722368741	0.0858330561878281
-0.517834529897994	0.322961905249043
-1.07141931958901	0.72213798043894
0.921174145346494	1.14474907022903
-0.203381668041415	0.168763060387602
0.301724955567292	0.237313401531633
-0.256785945084962	0.2083501184825
-0.143690220042239	0.0971097196670421
-0.296374326133646	0.284365328053324
-0.0450386920907077	0.0324695905499133
-0.0219109606043263	0.016695783914804
0.0492998783102188	0.0368904594928185
1.39816921033932	2.02960385557771
0.792322924850708	1.02334612465405
0.0972035792897108	0.0687707239260973
-0.0354176565515544	0.0259473631518396
-0.0265564789107645	0.0194560151783525
-0.199836561655425	0.165434985679593
0.913134768208551	0.936366935661578
-0.435922832926625	0.285972685321176
0.183473188078016	0.106532229510764
-0.123053955424211	0.068698125586013
-0.651255753501726	0.449845315495191
0.164778629348208	0.0313374327003096
1.46585570298693	0.489030037475911
3.65119667594504	1.44884031306495
0.696347531127603	0.222535473365176
-0.325121870470423	0.0931632456849071
-0.279986818556589	0.126935323910922
-1.00306966229617	0.39683135622738
-0.32531700249348	0.0932194330065639
0.687368688538373	0.21962274738387
-0.334660931066263	0.0958120714776199
-2.05172589182352	0.934643069348059
-3.0729809879685	0.948009080411761
-3.07822553691956	0.950796797182827
-0.926678618335314	0.56020644882702
0.928394348662812	0.505698277500433
-0.477671374986816	0.248385719203859
-0.0702792644732383	0.027691415436906
-0.000334967074942874	0.00023075693052538
-0.43690828166711	0.286689910320388
0.171508203531759	0.0748477571459084
0.319254702635983	0.220484756857152
-0.0861401681831147	0.0500283609450147
-0.443753084343705	0.291863431959274
-0.218408229013042	0.107792436337547
0.0526854051523971	0.0309338940877859
-0.747743143432184	0.323592400924653
-1.82418402219181	1.14242759381465
-1.00835638596109	0.399381922624064
0.184290995371237	0.0988464666159299
-0.507581967988751	0.414804259463305
-1.70037202712609	1.409946964364
2.04473115998171	1.9347275427551
0.167823480766704	0.0732515966634573
-0.216079805607871	0.106663443716603
0.422963391886386	0.192770332115027
1.05730971150351	0.403863337099285
-0.614206104379299	0.148455859250315
0.967933372585482	0.256362285789635
-0.618535635333325	0.149538863092151
0.959543454922691	0.254205280821647
1.47525146835293	0.492648627415429
-3.07350260546998	0.94852963330217
-0.635417272130695	0.372253413825023
0.423480306343721	0.19297046452746
2.15949594313596	2.2274754886682
-0.212681340974506	0.136617841200635
-0.613682540053849	0.148388769407339
-0.320281010212049	0.0918656344140368
-1.14526685959787	0.635839392484114
-0.169919819467355	0.0900136152327467
0.567228115754114	0.331148161563628
-1.7934287506278	0.390727439150181
0.0207169984715296	0.0105394431083723
-0.596743260748745	0.284541625649824
-0.253405777641717	0.156863706969614
-0.901416575235476	1.06397432759866
-0.0311962371953388	0.0193244897412236
0.0148988214322934	0.0076646598115313
0.314499160945275	0.228291582575261
-0.263141218820679	0.163506559198276
0.277871603057754	0.23136582858232
0.29212024653312	0.260686425235994
-1.12351031410728	0.960654893867869
0.801293694817052	0.757706298967225
0.0164753438426277	0.00844117713464411
0.205093627019259	0.127947394307911
0.56490205094607	0.329451563746155
-2.57098043849301	0.664920470822356
0.923030865031726	0.502051378289556
0.178868357214939	0.0612550226138081
-1.46333411656304	0.736086429582356
-1.50189389559208	0.534121741351592
-2.04575914205222	0.930491193037652
-0.123831252718902	0.0440604843970144
-0.126457618842804	0.0449391518405078
1.09805540245059	0.537873542527655
-1.57691728100042	1.19469620806378
-0.952228071217337	0.924281968899163
-1.02446845911685	1.32459960829091
1.11131494375961	1.50734372802898
-0.455319567514648	0.379410790161643
0.270801035458513	0.251499712285411
-0.0815197840387457	0.0654908809213265
-0.644166752606869	0.818753267734803
0.21459676654667	0.188045891451095
-0.879531219207542	1.19979205210667
0.816568392031699	1.06994227180998
0.586007334601173	0.584053226018955
-0.203121517520181	0.172576105938443
0.20192793645695	0.175485968700647
-0.0565727240804139	0.0409333459061772
0.19775155617136	0.175501961177642
0.561451115445908	0.658500857670943
-0.495192553300598	0.449170324135525
0.183218993993682	0.113389452867053
-0.443128870878448	0.291376743069089
-0.564005406212876	0.407284059224477
-0.160001995905643	0.104895697137749
-0.114591546937433	0.0638116543064516
0.165880035481028	0.0314978449610492
-0.613682540053849	0.148388769407339
0.165088029467664	0.0313824661178469
-3.44686848748983	1.22339694388155
-1.7934287506278	0.390727439150181
1.08911546676438	0.532139557345346
0.714057585749148	0.337036298070241
0.0182131720841938	0.00931520098396015
0.179845637419764	0.0616123591521601
0.173861764570753	0.067249626638132
-0.507107257415835	0.191392547046605
-0.562242448514675	0.405450000656956
0.0840582189676617	0.0548254328091235
0.324227068266749	0.224410423238075
0.191753535216351	0.118870315090304
-1.14959118987667	0.63930869596404
2.13994391182562	0.967503084900065
1.13528426890014	0.869659437531429
0.19639504445178	0.114513669050731
0.448824697123654	0.447566208564402
1.18456299001466	1.47680002356508
0.188988045845802	0.109858375600851
-0.460072046645022	0.237986725593809
-0.0405457936026946	0.0173882594679995
-0.134739359675737	0.0478662176045301
-1.50142880975048	0.534054734577795
-0.587492037390031	0.279534069118092
-1.79726582531089	0.729767900198108
-0.634860826601437	0.371962577076089
0.194022447195654	0.144588718858578
-1.13978151585776	0.632169863545236
-0.373715391404506	0.25427704620276
0.49619668748035	0.340397196368183
0.630280918808248	0.33215165734534
0.525540403866993	0.33527048446619
1.4800406515894	0.9312272515085
0.478185042803442	0.1944268337106
0.543153338421797	0.197033542378853
-0.7085818841146	0.242531688950869
1.06063740894654	0.405466440477548
-2.57067328278635	0.665094197548339
-0.611962616144159	0.147977912487881
-0.470691693644679	0.244296624380586
0.571767053463035	0.333729437176485
-0.763962133268548	0.411558959267011
-3.44821343973509	1.22397568320365
2.76330811440907	0.780761067286217
0.181222403711057	0.0544586569816679
-0.040097663842565	0.0172022502253036
0.718019519758237	0.339400982537212
-2.57554526884402	0.666976966437407
-0.159632011271454	0.0842534823119721
-0.0313083012657367	0.0135552996661402
-0.0878042463003148	0.0510250261336363
0.808371849090853	0.767128331258276
0.341163728716633	0.207715637354141
0.428050689475317	0.341046087595063
0.202178001467388	0.139715205440281
-0.201978250034575	0.129111102211754
-0.173341270502763	0.130811057019114
0.974656928805063	0.664213963016727
0.495226553807564	0.339620515143662
0.521693298447016	0.332416069745541
0.172581457651511	0.0923946248375787
-0.465101025147875	0.240537129548746
-1.14080362759425	0.632847516034372
1.96276901321247	0.454520391574277
1.96276901321247	0.454520391574277
0.468990411497241	0.190269968199871
-1.45088939252645	0.999066624675767
-0.116446566447459	0.0415251747431191
0.963743115659934	0.255236344279286
-0.755111718030903	0.327487465643262
0.432340533305188	0.197593273684103
0.179845637419764	0.0616123591521601
0.688185381402826	0.219868290083128
-0.370393338064475	0.153177348451851
-0.202878847869225	0.129732582630792
0.673337936627336	0.614420515535052
0.182511096858224	0.112789381425201
-0.692362530352253	0.652078880798917
0.608433221546004	0.589459548805305
0.300323121979145	0.253454927720372
0.499098974573319	0.553816682250865
0.087066188457351	0.0568491723243521
0.0072200380282076	0.00455264742290833
0.0243056460305839	0.0194285947355695
1.35804307071503	1.43717026777145
-0.721013892232907	0.824883355573419
0.844201995250185	0.98906738610622
0.421659906109438	0.350062804261544
-0.151857693670653	0.102999668598777
-0.769656042247905	0.917603500079188
1.01543204172337	1.20812686550011
0.0658061067235094	0.0386350355234256
0.0409102564610856	0.022490006901777
-0.00239960751835077	0.00117568222750449
0.179369859705814	0.0539368960907662
-1.49680843456756	0.531963842405938
-1.50335347787301	0.534889336029958
0.178049240810411	0.0452053813438565
0.692481142426252	0.221366284684109
0.18669557897159	0.0471023434054876
-0.613012730411062	0.148202450577793
-0.0754029748403541	0.0295895212621224
-0.331884233338781	0.0950660268702792
1.06836139957449	0.408794416634394
-0.999116065979541	0.394904057507624
-1.06486589710926	0.715966242656149
0.180429893159	0.0967291319205767
0.383597796348507	0.194988915534169
0.170514629320981	0.0743743929550718
-0.212729896423973	0.104891969746603
0.578256996902952	0.338517467059705
-1.00306966229617	0.39683135622738
0.183939530099312	0.126006282072346
-0.900892545448998	0.649934438993884
1.02823000753476	0.849226497330224
0.0655113477917561	0.0384608000344111
-0.0623267424094222	0.0374644289055682
-0.521192808612033	0.325516962592941
-0.307229964265234	0.181591080633056
-0.374551424016606	0.208672050132084
-0.28099764718841	0.127379840783372
-0.704386334982379	0.240838421723177
0.166372662527433	0.0726001291423051
1.46585570298693	0.489030037475911
0.0278155793236444	0.0154441211077506
0.384282893778579	0.195059244664136
-0.082505196570293	0.0323425077598634
-0.090111782335223	0.0523949551738366
0.180063926568659	0.10437602943135
1.48392465796541	0.933943462431263
-0.279255317676976	0.12672129528596
1.27954436537694	0.893884022867258
-0.326116124892219	0.0934876536925377
1.35135662214001	0.598044460885579
-0.617339897765464	0.149284387408846
0.968469219672053	0.25651021792255
1.96372117107544	0.45473924627511
-0.611962616144159	0.147977912487881
-0.769844417670279	0.651990955802988
0.0145240994180261	0.00748040840822905
-1.50215938518201	0.53435945377886
-1.11896025029368	0.337616084496264
1.6401323155243	1.15174938936689
0.0257865019193189	0.0130567924887107
0.192112723911986	0.132094596443104
1.96684138854469	0.455504908505281
0.180542427789079	0.0966776913546935
-0.288074031163663	0.130880260550639
0.884702543661069	0.657098772952364
0.178696580702047	0.103618549557856
0.353576870190202	0.198058487120778
0.703178125707381	0.614562451470929
2.93664538167715	2.00528458227528
0.0365514041870913	0.0201440220022166
-0.162035666518486	0.0855865330321099
-0.377178956142016	0.210565197081683
1.48734232969302	0.936790916566796
0.978056029377291	0.666499703007905
0.174504111440695	0.0598231088959162
-1.00657371066143	0.398283905973598
-0.0732114414412068	0.0288021008103871
-0.614206104379299	0.148455859250315
0.459286256109742	0.186165932161427
0.382704673444293	0.194395919902239
1.29653544264768	0.720276919184037
-2.2676657937273	1.14469199863824
1.83948692258838	0.725717515665962
0.497055481570355	0.341316680312768
1.47766928313667	0.928511236548347
-0.123615274187178	0.0439773688403038
-0.122428852247008	0.0435635905976045
-0.61216436448819	0.578949839228699
-0.445097643238365	0.292866872109985
-0.0434138241487999	0.0318770808610422
-0.774001707737701	0.877620940881918
0.291399984911632	0.23652542449609
-1.44549385598239	2.3367861518406
-0.358584434539559	0.305569898477964
-0.206454985749568	0.171647651082106
-1.01545991211877	0.800306735135145
0.0161085812183609	0.0108243283213459
-0.23732654007642	0.210190150730007
-0.698062409587175	0.705058086605476
-0.631000215720829	0.640301155297128
-0.0762733618653615	0.0442355976626474
-0.41491522418635	0.352056921999188
-0.48668279482512	0.479845845106411
-0.705042583573207	0.714289311495187
-0.125407806348088	0.0700594080161993
0.174475669439187	0.0849495131059441
0.0195647525352636	0.0099846179285598
-2.57522664974505	0.666917731403372
0.165880035481028	0.0314978449610492
1.47155078449581	0.491168545293048
-1.11884555197394	0.337481516657706
0.686184239500337	0.219175673536007
0.182384642090162	0.0461735738884295
-0.202434748216576	0.0994858056947327
-0.49718383226073	0.187398915829379
-1.80787161253581	0.735457279767657
-1.02262127781892	0.80747067282954
-0.906229983586578	0.654616236698486
-0.220759795509814	0.10896593580275
-0.371935097142025	0.1538414278662
1.59756362339209	0.803815611179192
-0.166289524185055	0.0879441286315865
-0.508786249084006	0.192068550469136
0.331819177497185	0.216740589774141
0.351220030443172	0.214872349678291
-0.219801928577377	0.10847185040056
0.869713036445526	0.796576991385212
0.196539337505225	0.135417953331041
-0.368772074797566	0.20510575317261
0.711457622396147	0.33583289986925
-1.46114365597842	0.734684321976156
0.462872226332155	0.187737106063827
-0.375913484716817	0.155538822167635
-0.759837831077119	0.408405559813846
-0.590949882015622	0.281350368578303
0.479577254545525	0.195000342217498
-1.43686385003541	1.27329040432222
-0.220363971471556	0.108861197069592
0.928961000450359	0.506116010125217
-0.576271932390242	0.27294881620414
-0.741963540046879	0.320779503745205
0.741212781939869	0.492042878167031
0.411750406988794	0.187355257598298
-0.526337815657892	0.329151538415684
-3.99861681475654	1.73147127002256
0.962025660417238	0.254682745005495
0.550229507129372	0.199823293779666
0.16619130625606	0.0315431724784316
-2.57067328278635	0.665094197548339
-1.25347193887989	0.562872615625383
-1.50142880975048	0.534054734577795
-0.249032710199516	0.153830953088062
0.713906415672812	0.33698145815023
-1.0165046704744	0.799834052311215
0.184971072095669	0.0467387603153735
-0.375204133098364	0.255780667750883
-0.955756832258899	0.468867056110054
0.694127138653474	0.721030551414231
-0.880930775911809	0.724873559912529
0.119983449578847	0.0887210334387688
0.307243552062401	0.242302406230773
-1.080685510085	1.45611427338116
-0.490513647760805	0.365890674330029
-0.629605815258904	0.601374700480958
-0.0443622969939241	0.0274246801487575
0.81669563394866	0.492872188070568
-0.672420697298411	0.579866230921811
-1.14102792543897	0.984527588115496
0.184714520252153	0.114365997701842
-0.210747543414475	0.10372542931154
1.96372117107544	0.45473924627511
-3.07350260546998	0.94852963330217
0.15516091355496	0.0601200044422273
-0.0100035710519822	0.00456082073658983
-0.900679306230623	0.649810775056302
0.92890657837814	0.50572492322209
-0.324393158207149	0.0929933012825356
0.92890657837814	0.50572492322209
-0.585487664762467	0.278494858012582
0.908458355466864	0.929362984949115
-0.703651055748467	0.240588737528622
0.534341596773401	0.484685811847585
0.441859494971081	0.336668153485787
-0.602041911947587	0.656237197369957
-0.685250421413042	0.903979167048696
-0.377812324173386	0.353356859432717
-0.484362289380575	0.436485439945987
-0.468091225809937	0.491970152646591
0.335865019072537	0.356058069206362
-0.0457753888289232	0.0329969472139556
0.146419479053871	0.134065312128865
0.375756827588176	0.339841932506853
-0.109620635773877	0.104675480858511
-0.0609597363334553	0.0492620838733014
-0.253210645608724	0.204884725468915
-0.264065040048367	0.215207964703682
0.00356732398848581	0.00294331500481927
-0.163320927138141	0.107256171212491
0.101183596683084	0.071738429295036
-0.51918264658985	0.323481102528656
-0.375753822326697	0.256209133778409
-0.866688283141443	0.788707991823904
-2.57067328278635	0.665094197548339
-1.11896025029368	0.337616084496264
1.47525146835293	0.492648627415429
-1.01544637554403	0.402516794371791
-0.613158918177153	0.148231887572971
-0.493203251300823	0.185711768971633
-1.14904743365384	0.638798530652907
-0.435565323797263	0.285690729193595
0.0467506623470856	0.0256496315654566
0.9372098860333	0.818444120388616
-1.23575535445182	1.14111525067189
-1.96219578081803	1.35264900980432
-0.281977120450776	0.127853103537229
-0.0190192062780159	0.0120309030966757
0.851154353906491	0.893984329538512
0.426308070188543	0.33940946429783
-0.186402583423959	0.123626637323875
0.106722798958383	0.078358888188083
-0.00869406577289687	0.00552268325986188
-0.014309585445253	0.00649074708858201
-0.0748825361487501	0.0294000047981335
-0.770605502368404	0.50226100453596
-1.95798954911529	1.34686789641552
-0.462265869516057	0.238856690416724
0.177516165041885	0.0533832927158356
-1.00262334736301	0.396517154133063
-1.01396821699273	0.797960021878646
-1.65433711981201	0.930668648412464
-0.282695070299447	0.12836790241986
0.557377051584084	0.202557437641114
0.493363788377755	0.338588116908552
1.26149799807726	1.3938552262103
0.636281310900484	0.486032252307166
-0.519536184099465	0.42731945270785
0.0486181335816539	0.0267039133039806
1.91614894282796	1.65552947225892
1.29082828610392	0.717135554332799
1.79148443836636	1.83681718118653
-0.623442088433799	0.363827800104201
-0.129979551481791	0.0462019065222805
-1.7934287506278	0.390727439150181
0.169566032486793	0.032038095111837
1.35029297080259	0.597376447511037
-0.331432979676728	0.0949515324990773
-3.75192082283692	1.48279230677585
-0.197681301235905	0.0636672013988199
-0.703264262088321	0.240508331840629
-1.50774474493265	0.536593235425421
0.342706161431136	0.208857509434687
0.00547954327838655	0.0023400882134438
-0.646790001239599	0.446052064695069
1.96372117107544	0.45473924627511
0.575914974220074	0.336779757725461
1.11073141055571	0.6870550730658
-0.529593488373095	0.331630783535956
-0.697497961635624	0.65855290117744
-0.0338993022372212	0.0209812224806574
-0.666130526736933	0.521557042355195
0.423976423922295	0.415673379945595
0.925505238216964	1.15224937883012
-0.531266213209298	0.439553895020029
0.753918118491405	0.631790540686464
-0.00587533967387186	0.00270298492296695
0.196049857380294	0.140883380705289
1.63402150292217	1.14609864401099
0.333835672673505	0.218191579762511
-0.704340640423283	0.240862302027744
-3.07350260546998	0.94852963330217
-1.06544187162622	0.717048252111849
0.672268844666341	0.479861877517099
0.177694321152834	0.0687605170376194
-0.497540036768389	0.187445875024767
-0.957064509760511	0.469669003101731
-0.0738425599286327	0.0290095423175695
0.17273732603019	0.0668202643468802
-1.0079855208987	0.399077505174083
-0.0882955586130767	0.0513097405870172
-1.25892706743931	1.51902466524219
-0.251843560224997	0.203749898289305
0.188824567536726	0.162558544682159
-0.0593245831531469	0.035641097086244
-0.00493089006504511	0.00381166806725552
0.281595760865587	0.242475054929612
-0.436923104242762	0.397209278016313
-0.0912779102994287	0.0639955890388826
-0.330397988367977	0.308297349685643
-0.00101901315295521	0.000712679902795439
0.00587982206789221	0.00475380443207704
-0.37143856376444	0.394883390748187
0.0733274558355419	0.0598666458059707
-0.853723600327444	0.967496067530456
-0.613425829140051	0.672869198853659
-0.0384992960636736	0.028223816787204
-0.25139049052988	0.224814382542037
0.00818298942830923	0.00556588337406423
-0.221607632456538	0.109411331801366
0.918246792348515	0.795406893479315
-0.129880723918104	0.0725679270085216
-1.49756982395339	0.532388959419506
0.963214248695465	0.255090594573707
-0.702529153090903	0.24025873050893
-3.75192082283692	1.48279230677585
-0.449955805093803	0.296884601614328
-0.921949569355645	0.556751349337233
-0.467687490402926	0.242303913145004
-0.322936466881447	0.0925708388690686
-0.161359596438511	0.0852838342077872
-1.14526685959787	0.635839392484114
-1.12342989052437	0.960191556912686
-0.31309253516598	0.185600922639504
-0.477907951266218	0.354149557172817
1.25079238227568	1.22528632851998
0.934267189154712	0.509582316706714
1.10828095571575	0.684620600985581
-0.0504422296250348	0.0303035475134288
1.00278674527749	1.09920548030895
0.925607584065139	0.804011702702246
0.187473114739204	0.144068987540444
0.498024120062616	0.342213681680238
0.559964583944508	0.468392401447076
-0.664121806222584	0.461048035129736
-0.250764842984879	0.155092778457343
-0.780833010205694	0.511258696066858
-0.585962635472919	0.278706522412514
-0.377329563932727	0.156077780751978
-0.529214209557772	0.437407598153337
-0.884649258623942	0.729291371276365
1.80131995043412	1.01690823966158
-0.0177926495318427	0.0080607833520307
-0.129754712881549	0.0461567505765982
-0.0748825361487501	0.0294000047981335
0.0688382561803049	0.0404623224900387
-0.264533769214015	0.164454722550031
1.4047911421949	1.89498940114447
0.519183492105908	0.330397288857521
-0.625529471092419	0.365241148984203
-0.463145494831925	0.239367933001573
-0.316746165362089	0.188109294027092
0.358936300777862	0.20092780202408
1.08850211338313	0.531958239000341
-0.12498904527434	0.0444985404997069
0.181837521716867	0.0460537144756759
0.169248055862235	0.0319917175833404
-1.79346061997896	0.390723019452767
0.473418688632244	0.192202977849358
-0.576317467715243	0.273135189901008
-0.469628623217768	0.243440588223195
0.977530632761877	0.665752506908713
-3.07402416243152	0.948685276185543
-1.06012758598569	0.71168633541836
-1.25320035086261	0.562648115053013
-0.559989552072772	0.403655612993598
-0.480138268832728	0.35633720798707
-0.379408330188853	0.259135855476796
1.3940207518908	1.29782252356187
0.473709138610794	0.345161698981411
1.00131236096086	1.09738569774561
-0.679100383814594	0.587771764060539
-0.316986416098184	0.221870991434714
-0.206333260319135	0.132115335100703
1.38627483021899	1.28749248467047
0.18687308327199	0.108652177846909
-1.0243488982882	0.809410312374231
-0.49650800501461	0.187033371669453
0.183063896529214	0.0463401006276899
0.179746106686676	0.0540237006551008
1.35671193477925	0.601326969297766
-0.323664690407152	0.0927962418225715
-1.79580215183768	0.728927756357995
-1.12019427196772	0.338020301365193
-0.123220651484122	0.0438507532384957
-0.495848105642275	0.186769649159627
0.963743115659934	0.255236344279286
0.396600575685973	0.202230910093261
0.1205724229609	0.0891167286164229
0.195184101208741	0.121340128354005
-0.846277441752914	0.89542452094979
-0.0982736311917986	0.0782258128834732
0.121632905056812	0.0900286069228998
-0.385236960069436	0.388624380638134
-0.307730151378236	0.308717881909887
0.183780571602144	0.113662586127523
0.807126780107334	0.870294470232551
-0.206878881649546	0.187828879034279
0.396838637724826	0.35145451460247
-0.878525287146194	1.14181026902993
-0.161484322758313	0.120974907490298
0.205989275136321	0.170088173236815
0.608943862755705	0.673057958274126
0.137773082361836	0.114921329056931
0.403674676572937	0.34579824726302
-0.584696868791641	0.600257394154323
0.530173722047789	0.338576477948784
0.0541344709997028	0.0317622456803345
-0.768879121042118	0.651221408034378
-2.57522664974505	0.666917731403372
0.165088029467664	0.0313824661178469
-0.966631855027734	0.476336609814369
0.550229507129372	0.199823293779666
-0.650640437634138	0.449252495745861
-0.553183261289256	0.397276393934622
0.85042709926287	0.362163990330178
0.0498289847647855	0.029256562861974
-0.0379466160280447	0.0162919906541534
-0.0063128052761315	0.00291849398752676
0.0189949588542435	0.00968744368187784
0.634148600923121	0.334787507967656
1.64156129720894	1.15428604292494
0.489312146993162	0.33535895763185
-1.72573502635764	2.22807578154947
0.472943713325873	0.344675875788149
-0.0350390978086348	0.0151111196107118
1.88617962336616	2.47703683121167
-0.304194041435356	0.266996475124952
1.48348075868313	0.933470039535856
1.10217882059891	0.680051928896139
0.0406298132849011	0.0223412984495407
-0.769738568209905	0.58310482449677
-0.464058078545007	0.239898065214379
-0.74461910719638	0.321949104009387
-0.124384654386373	0.0442880812812879
-1.57691728100042	1.19469620806378
-0.208647529308682	0.0670988682939245
0.185101550610752	0.114545004762483
-1.06586455368178	0.717811872345768
-0.772452519400708	0.504629301332956
0.335739624423927	0.204238225965575
0.921026735133811	0.500311998380433
-0.953955525691479	0.467953360562584
-0.213700623825553	0.105378626018473
-0.0369174055834398	0.0158620926860838
0.170302931949026	0.0743303914244055
-3.0729809879685	0.948009080411761
0.181222403711057	0.0544586569816679
0.687368688538373	0.21962274738387
-0.120844504686832	0.0430331190822174
-0.013908551692983	0.00630835526646646
-0.212667052416984	0.104637252475911
1.28632322189388	0.713291730916115
-0.451936980656164	0.29839303982275
0.772882481605904	0.855539423891601
-0.774685370653677	0.72012363881599
1.4596586349145	1.65847952886637
0.0892280666536154	0.0583001789763574
-0.981407314709769	0.870132030130695
-0.560052428539372	0.536745498779599
0.0571661318334586	0.0335199456318869
1.63933546086123	1.15364843827773
0.399695624720546	0.354549444029864
0.496504698522117	0.341341433673977
0.0148988214322934	0.0076646598115313
-3.99353761363935	1.72730759231309
-1.1182849071041	0.337405124817419
-0.750713548226986	0.325259289141959
-1.4327095145111	1.26842952166512
-3.74551962293396	1.47870416259712
1.96276901321247	0.454520391574277
0.549516086641495	0.199542874934359
1.11217654935007	0.68841911733725
-0.376901534033101	0.155951289607161
0.731729088309288	0.347052750144418
0.169031458921113	0.0737154132744265
-0.766320080242587	0.648354643149219
-0.071360015025007	0.0508230707208769
0.0416106314693912	0.0301251317557904
-1.2481126019727	1.89146689990583
0.057884349419942	0.0446552671777431
-0.51160167530861	0.536979977991788
0.136868464025218	0.116796384206945
-0.243855026583919	0.235668560607391
-0.557238465356299	0.610072592690821
-0.0470105616018677	0.0345602386715291
-0.0339725393349519	0.0252861271512825
0.0309666987650095	0.0216388705026647
0.344422522990395	0.342522463226021
-0.145389042474797	0.0983399264159205
0.099254978466565	0.0677794911867282
-0.128920414996553	0.123167047657389
-0.376933316826381	0.293778620166825
0.383333140617985	0.336869054312081
0.347380407824189	0.211895646375051
-0.678787171329769	0.587427779539788
-3.07875719123617	0.951227905765892
-0.326043908260378	0.0934449166225896
-0.282475674436709	0.128075248154545
-1.25782089316011	0.565430196965056
-2.57036588579023	0.664816582891659
-1.7934287506278	0.390727439150181
-1.79785205353169	0.391773074809323
-3.07875719123617	0.951227905765892
-0.0791263862561241	0.0310335977163937
-0.750767088646402	0.325063979727935
0.350996504275821	0.196180162567236
-0.175286920977663	0.0929869065596196
0.040867360735013	0.0224867601906149
0.451703052893243	0.345601401655624
-0.621649277782516	0.362651023521628
0.363976615792133	0.204532096903869
0.6095169787305	0.590889372605796
0.628670617948535	0.588785849758534
0.186114342215274	0.127597658614531
0.535489696010418	0.465268624379929
-0.831853526147626	0.932180177189436
1.40670160682645	1.89798609866057
-0.210912218590918	0.135311865056652
0.717707488123442	0.6317411666833
-0.215879308330144	0.106355468835711
0.176138785194489	0.076835812846744
-0.152921699734547	0.0806533553454362
-0.317419683789423	0.222271052415279
-0.292196089379769	0.132926442308598
0.0230794570220996	0.0116842689085916
-0.749356140710198	0.324535436720139
0.1723432709713	0.0839514266815102
0.17388527997155	0.0596222487809083
0.176866746819975	0.0772510357409847
-0.0767042932684281	0.0301187844629719
-0.925332459107451	0.559281591797879
-0.459866546491049	0.237612413140275
0.0591086580188548	0.0346633608999424
-0.365739185782057	0.283320235854761
-0.460312571109298	0.237878148313337
0.0045555246859645	0.00191851773730277
-0.22245623455201	0.109826975946593
-0.321011266565823	0.0920911495247304
-1.79839826083819	0.730397358466732
-0.613682540053849	0.148388769407339
0.186752657299631	0.0471525522204707
0.17863134392367	0.0537118645556901
-0.469365526351298	0.243552277354139
-0.950646619796505	0.46611658941666
1.96684138854469	0.455504908505281
-0.171599207850927	0.0908435912728291
0.562620730587178	0.32737874736759
-0.316325512758341	0.221334706335786
0.0355067393452299	0.0248313138845427
-1.40340581081068	1.86287329479159
-0.493573631926233	0.447153066552913
-0.380007544639682	0.259501937419835
-0.229904294857906	0.18891424979487
-0.175880802867512	0.146914008724458
0.454339487783612	0.348202378454726
-0.122505101709565	0.0846670217688335
0.192445397990636	0.126196348278361
-0.0413409435086134	0.0177284479216934
-0.082505196570293	0.0323425077598634
-1.25716493894818	0.565002810504402
0.961881298984383	0.254903830883264
1.1083206785272	0.68442440785004
-0.124442240843376	0.0442663690892336
-0.0372584409226453	0.0160272565100311
2.76219840038386	0.780594539857824
0.718996087124188	0.340013548677714
-0.496219048461158	0.186898738117231
-0.28709345230687	0.130418378623754
-1.25019261859565	0.560551670487695
-1.46617586367611	0.737799364206718
-1.47869698778168	1.85525797578049
0.512559556536119	0.459769710034882
0.273812542021866	0.248307637251851
0.863431038071944	0.788311286496929
-0.675438995861656	0.779225942646412
-0.371412919418351	0.371201562901688
-0.892030389065626	1.167993881836
-0.181329345690129	0.17691528389439
1.00392996309345	1.32367193483328
-1.58628304186764	2.81442378085197
0.268225083537759	0.260866261488117
-0.586720236347647	0.63303944961017
0.206505245080584	0.192983493405315
0.113524993228996	0.0886279821191751
0.200721220691083	0.160368986804479
0.452812123304223	0.537467204421954
-0.0717516485201246	0.0511190631852808
-0.501432918125841	0.45631348437686
-0.247580936308719	0.199789749728373
0.182559546673191	0.09794396530163
-0.318273981359358	0.222947049179918
-2.57067328278635	0.665094197548339
1.80611317780083	1.02020199862134
-0.900295789883018	0.649467532395632
0.183326277441054	0.0982962784528176
0.201261705445592	0.139044159307485
-0.041407091930914	0.0255957457261947
-0.572346484793284	0.27090294615078
0.74495251159262	0.62220512967399
0.754601827489299	0.736808954117694
-0.6150796539855	0.357569272959347
-0.469893881783346	0.243795872835817
-0.206686097106346	0.154052691238466
-0.375883260085804	0.323644530458868
0.0614543237607676	0.0380796480690538
-0.893743067138741	0.739210627257854
-0.375551274947067	0.292482289008096
1.96299586443604	2.71697221546834
-0.92124469835044	0.556910991239358
0.170273699586312	0.0743158708555196
-0.579171799424685	0.274880131171674
-0.492920041972495	0.185567465410241
0.0598762163412055	0.0351579003380881
0.471029426995403	0.342780981272913
-0.0420285843925956	0.0180023478597064
1.36031436257139	0.602945216507901
1.27072076061939	0.885193975403501
1.98197989825538	1.24949047519161
-0.089536241703662	0.0520570498263398
0.639965574992077	0.338381799801945
-0.381984972522689	0.261048841059402
0.71803041265816	0.722678466170251
0.068419138650844	0.0401850610309186
-0.888355693024233	0.733113324942868
0.531134603720964	0.339304561435811
-0.165388475707807	0.0875212611723155
-0.967623355013688	0.476706950621898
-1.23441688069477	1.13965613198485
-0.069821361733054	0.027482712334092
-0.0743029388377007	0.0291787825838512
0.0230578638588474	0.0116778087562589
-0.219662340472774	0.10839656186376
1.47333622017027	0.491753136545405
-0.528615622850364	0.330926826733569
0.172129083543733	0.0837333165976041
-0.172538298707353	0.130140617315097
0.089570162297804	0.0631526436702595
0.120283409176155	0.0916526734989606
0.194850795622704	0.134209854895685
0.0750828850078213	0.0466470675542999
1.10227035996135	1.39563907035084
-0.0431023347513515	0.0310559411604108
0.626092600267031	0.585866115991632
0.97472774182418	0.96484346148746
-0.120721126539128	0.0673545586209357
-0.322993075056739	0.25448611117918
-1.34083717843018	1.10176863483399
-0.765219923994248	0.498284662746278
-1.79346061997896	0.390723019452767
-0.956193738536992	0.469359818837149
-1.64933544258927	0.925231514961399
0.851444586445266	0.362576931736793
-0.325663137440616	0.0933864485177264
0.551654521195964	0.200367304145546
1.30541759867277	0.727570138048897
-1.00977041428962	0.400033925972951
-0.633882000304543	0.371296749012659
0.175074408529006	0.0851187866071082
-0.41656741032116	0.316347181410479
-0.698973085440313	0.748658688978966
-0.67088121557684	0.808488938887496
1.29948080034803	2.13675486372424
-0.309333959558865	0.292132964164126
-0.0652880730307212	0.0529196794635639
-0.252523386020969	0.258735061040756
0.0273945244160821	0.0229459474835859
-0.947280481827649	1.29347603028951
0.207261308295165	0.193890140252341
-0.0643251506385717	0.0521097839751176
0.330437920638991	0.349283278616714
0.0746921561990791	0.0716870180426426
-0.106202569241318	0.0831127798744215
-0.161801753881587	0.136840784868988
0.389531049601019	0.487686625897766
-1.21844097189628	1.56224515541711
-0.0701495898566119	0.0499378049538112
-0.510556190321756	0.417904963905909
-0.461966192896443	0.386156622765187
-0.878946125948016	0.722540528518398
-0.203783715613016	0.130317919240327
-0.0732114414412068	0.0288021008103871
-0.621061148603356	0.361869327943132
-0.769107501356136	0.501610163191645
0.193093783812407	0.126633321755279
-2.21451060678248	1.83165187524238
0.192835952008176	0.126384009196117
0.592308249563545	0.474792822549859
0.496325387652191	0.340778434911496
-0.16844421616341	0.110842183972937
-1.06905813020364	0.719412858081852
-0.491025382227313	0.485402420383009
1.25617204531602	1.06103023770175
-0.199799010636399	0.148387510474038
0.310018273028761	0.235138789196255
-0.0677366043060104	0.0481441989081301
-0.583330057170677	0.468729213203711
-0.0953972417520169	0.0555101602192279
0.754786590055569	0.633357102979022
-0.629572895583758	0.368040380173418
-0.507473967831097	0.191495154180724
0.0779516814668893	0.0484575756907883
-0.21884894485034	0.178545844564965
-0.446890175875356	0.408966225576411
-0.380926159480231	0.15780746477946
1.04241249654794	0.987952312354745
1.84644215856505	0.729350990286639
0.171729830848205	0.0748275273235346
1.12764529538273	0.861099226081601
-0.929326512707965	0.563142506430761
-0.68748652950451	0.597607466439391
0.581516993447586	0.464015690391738
-0.061807076290369	0.0371472074424807
-0.869921314080217	0.79204412461387
0.49020036832306	0.452455799273181
0.361349081536526	0.202977979113034
1.68277466608462	1.59188994468652
0.3336251735599	0.217792373670931
-0.470075857935412	0.243702004865756
-0.243045870467435	0.178497563397422
0.0393724214786541	0.0216539247476669
0.380494969364514	0.193311081895797
-0.0733230219453967	0.0288114204306004
-0.623599791848386	0.630026834007383
0.718996087124188	0.340013548677714
0.179479941018599	0.0614871969929957
-0.708961798888886	0.242591076534355
-0.0096016260977134	0.00438062406632708
-0.0340604525276961	0.0147019275281302
-0.771825068920435	0.584658767978981
0.184291063239428	0.0465991085839434
-0.30298163108561	0.178867994204273
-0.00565658202201613	0.00262591712059892
-0.339681124598813	0.318980512641876
1.38363189107615	2.13407997643716
0.301893188226916	0.237425033980228
0.415161764722066	0.343750677570496
0.912446409212088	0.935221328603076
0.805631325738386	0.763557370177338
0.273442384296669	0.254390796575152
-1.24460994622171	1.33412436768238
0.343302541516042	0.209300488024879
0.498909367791329	0.3433455962994
-0.0156103679387812	0.00708104397947323
0.324116295073431	0.210869742319962
-0.761877843860546	0.330877084339695
1.96276901321247	0.454520391574277
2.76219840038386	0.780594539857824
0.543505930404764	0.197183116271349
0.433447209800903	0.346206949690319
-0.28266581965304	0.128352925875781
-0.60895933746012	0.147406558741333
0.182336403143595	0.0547549505032696
1.10876456166741	0.684971969845701
-1.24857524999993	0.559840475336595
0.479787385949075	0.195135116565142
-0.779701392592488	0.663567800094116
-0.40629559286607	0.404456228849744
-0.780900227178334	0.784909831271194
-0.229070545305426	0.206572647231284
-0.383566200439608	0.401466964321687
-0.331419318619783	0.393751174879209
0.0280658196843961	0.0239871159451706
-0.504463659304852	0.677768924987861
-0.386339783306683	0.405239274063792
-0.879420853144948	1.19969256975952
0.339510268488038	0.327772767251363
-0.331340950912001	0.375760487043499
-0.510060500790875	0.653503813566896
-0.294727747061323	0.315267920927482
0.466768412793655	0.440544861301036
-0.605442912603697	0.720936772640611
0.0327507656140486	0.0263237282618179
-0.635157035894757	0.771843347905796
-0.841500281363162	0.888567501103399
-0.619655147448704	0.588197099341126
-0.154274203306451	0.0813831793664305
-0.163688378096056	0.0865385069810753
-1.01042058888125	0.400227150588572
0.169262497062843	0.0655145453884588
-0.585399290067499	0.470978182381593
0.193601764634445	0.120285870065384
0.199697474148352	0.154585765187215
-0.440950857839509	0.28977064184624
0.0683206230273012	0.0423807750629301
-0.178051902424766	0.11771323188784
-0.257539944271845	0.159752503080718
0.381212672838939	0.193519693460706
-0.49450908191931	0.44831614423054
0.491602222665416	0.543060374746013
-0.358318771752553	0.330945582831055
0.899697091465581	1.10386740571426
0.0962233086697192	0.0680649380632381
-1.50749768435468	1.6825324062919
-0.373010237665997	0.207755294373104
-0.744157711757237	0.321881160634821
-3.0729809879685	0.948009080411761
-1.02077623116349	0.404834143687548
0.341956719432671	0.208317975476444
-0.764242841467278	0.577306378747337
-0.180949095896107	0.119793540062673
0.937366886816087	0.819274165638284
1.24778915789154	1.22061802631263
0.545388476078607	0.476189256664073
0.822377495089117	0.497475081781684
-0.214120577292907	0.105594512656124
0.375088071892375	0.21146344636401
0.172483971808894	0.0752871971282988
1.64221189573221	1.15722500876
1.49713082636164	1.50910032874303
0.434072386594541	0.346770467198592
-0.40706034165835	0.376137668834411
0.887531849192966	1.12702548306736
-0.225921711806882	0.111701508668294
0.315762690546318	0.217682451415942
0.192642294886025	0.11216131785418
1.27485495798462	0.890596836581986
0.0888545132666018	0.0604302450394746
-0.211227977037342	0.135525835973974
-2.04685059732929	0.931215390081504
1.37858176527434	1.27472648404705
0.0400005268855798	0.0219983590252683
-0.0386846771440749	0.0166138140805509
1.34779496112241	0.59573287040833
1.12936271196535	0.86279724346798
-0.115651713519897	0.0796570997028411
-0.00412898606493666	0.00194451724205368
-0.442496027556192	0.291173402114685
0.0573261328966716	0.0336471711088355
0.45489502852847	0.455174901570178
-0.16835920160523	0.110818491454689
0.452447124222045	0.437878470783042
0.763484473670743	0.643100249272499
0.189524891784642	0.12409563387759
0.679574960072563	0.796833033160897
0.639060163610553	0.602171735245062
-0.742999576925343	0.321112332047333
0.318962839562928	0.232084561263955
-0.953520584838084	0.467609220754721
1.80947791246546	1.02330628168818
0.370432282632423	0.208335014526367
0.963743115659934	0.255236344279286
-0.920529830726021	0.555917054379722
-0.773649454762364	0.505662548029489
1.29712073671045	0.721834866312241
0.957162742729009	0.253557522610441
0.473198825825499	0.192238507652064
0.17050215168051	0.0743730541830416
-0.273656893006223	0.123934962420683
0.174866744414616	0.0599504088128746
1.35636045207216	0.600949327384119
-0.204366224045246	0.152084770615448
-0.225780407002122	0.164215862047238
0.831500681245776	1.0621468051166
-0.179318287262861	0.150165459122793
-0.624705784782641	0.805370747801589
-0.258086392832929	0.231816689928408
-0.326225803667367	0.331548022090354
-0.740871124065062	0.941749736371989
0.350361567132214	0.349795015346444
-0.775624431128981	1.06236885837069
0.267791467912883	0.266259645233756
0.162960788476456	0.154080155337034
0.515506415615292	0.684907426179802
-0.197188647064302	0.162930247829704
-0.270267891398321	0.238449917935607
-0.454960737728355	0.506448258038683
-0.726378882940278	0.875467454306592
1.04397275278838	1.34689013001744
0.448945390833949	0.343222835162219
0.971982079998129	0.960599410611066
-0.0168921514201981	0.0107115686343661
-0.889695904362832	0.735003278982316
-0.562377100181708	0.40589808763283
-0.193635710912812	0.0624291791544377
1.26366214597828	1.06980459832065
0.017976172431636	0.00919689260149217
0.44866536913038	0.323195705737886
0.338201880018758	0.205729644819993
-0.464401472136153	0.240500816152329
-0.559629578002833	0.403010684790945
0.185438024065784	0.114769393119983
-0.305248176177	0.180538557792042
-0.428598514821591	0.327069509390886
-0.383005821359424	0.331104128319828
0.279011418798894	0.246874805617771
0.675178497187803	0.616536420276026
0.905794013985798	0.925777982246592
0.322591031999438	0.223121716131145
-0.7021816537733	0.239962359868483
-1.11951983581622	0.337809535545767
-0.326043908260378	0.0934449166225896
-1.00236193740671	0.396463059052617
0.525540403866993	0.33527048446619
-0.473611421393325	0.350194299047039
0.631092983474345	0.592012627989541
-0.238182374208409	0.174453217482911
0.970120147951875	0.957393645515669
0.321444259346045	0.221953507451074
1.08888268610096	0.532186917645821
0.817648749388514	0.493657204181521
0.474198126463934	0.19270082318148
3.93892487279316	1.74225767116968
1.80538966068699	1.86184237495809
0.299815775992581	0.226042778455334
-0.319606883223728	0.223939377893814
0.64327592583716	0.607559075359779
-0.481366934423735	0.357462388271466
-1.12830336670022	0.966018195691061
-0.218362867842251	0.107601202967816
0.815942981491786	0.650756793824198
0.17231657402208	0.0666548669668037
-0.693103175211466	0.603723661241475
-0.28195735154087	0.127828336574542
-0.288574901852764	0.131092892896147
-0.366418490284619	0.151428231798692
-0.0673491481035971	0.0265526422039089
-0.438264922263945	0.28770492149384
-0.644827336390258	0.443814723278699
0.345465168591108	0.226954507126105
-1.79785205353169	0.391773074809323
-0.684162965096508	0.593429313422858
-0.28709345230687	0.130418378623754
0.1293897741387	0.101999923234887
0.289857830879396	0.243058282547748
-0.633502071960606	0.643865712285787
-0.174593187623769	0.131841539829678
0.00301925534624602	0.00190085206281197
0.42444534336099	0.428870759349686
-1.08309486388866	1.46120137428096
-0.00170856791913034	0.00145039704074112
-0.458194205673881	0.382318603206381
0.204522456208785	0.147570389494027
-0.495188624132318	0.186487217221814
0.343520240465333	0.209126819686987
0.98917725540183	0.677529959462715
-0.613012730411062	0.148202450577793
-0.21170603525201	0.104262957193002
0.181222403711057	0.0544586569816679
0.836450863441204	0.355149677404318
-0.701794429638729	0.239974906557054
-0.495848105642275	0.186769649159627
0.723517175746622	0.476891668830247
1.42425233399822	1.10917800991298
0.845460532244873	0.359623499672993
-0.207822082779519	0.154959776732139
-0.574983163767393	0.66442121846992
-0.768504753297299	0.650365499571273
-0.152439487251754	0.140981195605345
0.124236992851008	0.10510724181148
-0.312139170271488	0.338389528179959
0.404127445098164	0.492653723478033
0.464451514871957	0.453061015890032
-0.776067243066066	0.97497288487116
0.285556256073631	0.253871589682828
-0.691949763295763	0.916496989712445
-0.12787827742292	0.11022494000337
-0.365380491407353	0.386625070684995
-0.311964112904029	0.295192168018379
0.0812889467078451	0.069545887922483
0.206437223748515	0.184347349571437
-0.650606942280218	0.739735020469575
0.20944801583419	0.187473255445279
-0.132036726734673	0.102569778496976
-0.459023722802756	0.383283105917751
0.472053413696732	0.343698254221484
-0.0809399162948588	0.0564816554153284
-0.769462693963124	0.583130697785154
-0.765482928181684	0.41222731795341
0.308744164372256	0.233991067135881
0.318623948627508	0.231830074502086
-0.657644244531938	0.512744313764499
0.211539497515779	0.170183969041423
0.329528427649636	0.214872918370873
-0.327818492754337	0.230665309852285
0.382853779187994	0.347948216132357
0.919107406001612	1.25077367204773
0.116889124548917	0.0889602685417622
-0.0600012629769697	0.0434686622852906
-0.760603224087762	0.70181202128741
-0.960925709414947	0.936712674460356
-0.382965649813585	0.213987417103788
-1.64866008310311	0.923952473539436
-1.65432545491249	0.930124270808386
1.05456533880612	0.402811234670406
-1.49247986516622	0.53011506511111
-0.366236974962823	0.151153477385737
-1.02699619254511	0.813015554485592
-0.00408539986359445	0.00191090194448539
0.0631674172730704	0.0391709312956411
0.190824007541337	0.125021967845467
0.473186394761986	0.432193517464854
-0.210648154176125	0.13517174843138
-0.0369954170727909	0.0159227055474102
-0.372058233226058	0.153848068389851
2.15271754551677	1.51531929203695
0.540304651106913	0.195915676773764
-0.485880765295861	0.361655607725288
1.68021474731614	1.58746257544479
0.0501395446161437	0.029436638687198
0.998123685105272	1.09237169562434
-0.568289211513202	0.410889342170811
1.35825909495924	1.4373193684126
-4.70347294432576	2.77899114745888
0.577720752869364	0.338110587669755
0.319415687633315	0.220621540915921
-0.755514208166508	0.327660281762724
-0.765577831014464	0.578423289807465
1.14712047998788	1.17371957440294
-0.520342657046705	0.324416385398644
-2.57036588579023	0.664816582891659
0.576762228931417	0.337387455192392
-0.0585102001082187	0.023229694503121
0.890308603056622	1.02379670789594
0.502706068144243	0.543717917155366
0.337500329762508	0.205095438264806
-0.17789600666289	0.134522124974326
0.813906458505355	0.773821922454907
-0.0633028241903046	0.038053195018271
-0.162275057708326	0.125060629831473
0.409905260464286	0.352336866272184
-0.436156276148241	0.285879037619061
0.321635587342475	0.234318026643104
0.721789109873448	0.475968558671492
0.0158448678390677	0.00814670343794354
-1.44946396246461	0.997274045373009
-1.79346061997896	0.390723019452767
-0.197316433582098	0.063550392412948
0.888801871104771	0.661286055590904
0.819520831091953	0.495039908053714
0.165088029467664	0.0313824661178469
0.184833271134995	0.0632518781741915
0.179746106686676	0.0540237006551008
2.38548305251225	1.21077048765084
0.713267688677129	0.336964607913212
0.176711268978432	0.0683795412521634
-0.090746626474691	0.052727468702198
-0.323425720093373	0.254748951485085
-0.487910497172866	0.561714205880624
-0.611952808853669	0.782877561177623
-0.424081083730681	0.445033662756853
-0.764183465969682	1.15986148516154
0.30764025766396	0.359334418540024
-0.253950601964448	0.247229831153682
-0.816213606646187	1.06110163626137
-1.06602346483869	1.67950607431862
-0.94523129520053	1.3518293558072
0.285606671325123	0.260985861844486
0.191932422779108	0.177436154128997
-0.2070578411334	0.154370989142269
0.620254240485376	0.819081647516826
-0.920128983386083	1.35647761786962
0.526762230639735	0.636582774399683
0.179667994956428	0.0874904709866229
-0.0216861536500608	0.013694237164164
-0.379932848924293	0.212216318412016
-0.0174934797164613	0.0110845145310114
-3.44686848748983	1.22339694388155
-1.59102491348269	1.21288372088051
-0.305446773152254	0.180520655047236
-0.253358977866733	0.156712105357674
0.198425914340914	0.158346399970781
1.4609638149859	2.05353340461882
0.632834361056824	0.594327179423697
0.0145634941307101	0.00978416643474948
0.542828914463412	0.566259609377759
-0.682257602401545	0.591484963918319
-0.322101534845642	0.253409571058146
1.47811452839385	0.929374471175482
0.187944484111533	0.116527175842686
-0.467864424748449	0.242617669434042
1.06264198810457	0.406540438452512
2.13460629217846	0.96446244584926
1.46341520408474	0.487915667204292
-0.0353287509407519	0.0152289879718829
0.817145119949678	0.493160564113895
0.180418946094398	0.111457230271967
0.412029071303671	0.354568497146296
1.07129094194853	1.13940637603088
-0.122537284843066	0.0683381076479575
-0.768501951872116	0.65048924545777
-1.30500244118491	0.809247845933853
0.18102264093481	0.0790282469082326
-0.197316433582098	0.063550392412948
1.09546440535605	0.536206422765552
-0.371487586941162	0.252816074239002
0.481121020808594	0.351868103171319
1.46021744940491	1.65871441136558
-0.25150988115714	0.155596085687403
0.51452430497378	0.461942959531614
-1.02798730607812	0.814067792305761
0.343896588962761	0.209368604067001
0.184088658762766	0.106916669080287
0.555949767102404	0.201992647886448
1.84525714600486	0.728756039651982
-0.178073519535023	0.117671351377292
-0.761835013100273	0.409542714061078
-0.449955805093803	0.296884601614328
-0.00143327682905816	0.000745659239546921
0.297199654094638	0.23289793248998
-0.231174090105578	0.168732529565855
0.164778629348208	0.0313374327003096
0.310855062873192	0.225254858767919
1.09844117530303	0.538310390343076
1.58653631517124	2.61547001246666
-0.323459409264078	0.254887624332221
0.757964796863205	0.831797214819744
0.821348792164806	0.656083184235881
-0.0970812044812761	0.0565211519195127
-0.124900772126401	0.0966149932468705
-0.258898128515052	0.226754008457372
0.435654024102144	0.348480300626517
0.467062980751558	0.339512067220594
-0.204194584157408	0.130656696637803
-0.158277422346857	0.0835346648677236
-0.2790297134685	0.126488485691436
0.559556523494549	0.203384722969785
-1.79346061997896	0.390723019452767
0.967933372585482	0.256362285789635
-4.20594195948479	1.97453398830492
-4.20382448826947	1.97241277960165
0.185076110728506	0.0555416222332281
0.182384642090162	0.0461735738884295
0.161251150232847	0.0308565698216007
-0.630128925978177	0.368861465147641
-0.371470430065564	0.153443401188983
-0.624821279108643	0.364297588477326
-0.766944733379398	0.413336843595179
-0.0169603759931336	0.0107534074867228
0.435248479645511	0.443174411733097
-0.496812510997991	0.516617019797792
-0.15479944630248	0.130467334988563
-0.782533647387037	0.986785562346994
-0.846082634512338	1.37567539018022
-0.0161450188114229	0.012042200789906
-0.354489976321787	0.380737247849741
-0.254780725608145	0.20641049487084
-0.0608382277977095	0.0491887585867504
-0.299334216681151	0.305101671744985
-0.153979049661159	0.129686091808109
-0.14350394639525	0.122601183585004
-0.082374722554697	0.0724703868604346
0.827606273091317	1.14287753015196
-0.30759546321772	0.332431356790432
-0.785340994607284	0.89595356784849
-0.285288325468083	0.271626464027367
-0.766205516290559	0.648020418642952
0.541523403892164	0.471680091711677
0.719053891702474	0.723716196713605
-0.646610662864548	0.445389904866064
-0.699405444382189	0.239043645886915
-0.613682540053849	0.148388769407339
-0.613012730411062	0.148202450577793
-2.57036588579023	0.664816582891659
0.165880035481028	0.0314978449610492
-1.46907199273655	0.740509202720264
-1.7950708830499	0.728293940093954
-0.74401016267534	0.321605771996981
-0.178311941031246	0.117870848651982
-0.440813509747719	0.28989979170853
-0.0730246330650931	0.0439678781931188
-0.302304515656514	0.26504636739055
-0.265706879571783	0.2337683606922
0.485473126105075	0.463266914771132
-0.0036485500339285	0.00215452771030403
-0.613293174882725	0.704618435602467
0.652137766167628	0.688980087655336
0.395065484907247	0.336479634334652
1.12251690105191	0.854529506299678
0.529291063395195	0.458296884424199
-0.460685050204448	0.238110173907364
1.5495378753214	1.33205938197709
1.84644215856505	0.729350990286639
0.681600849226051	0.217707538421281
0.471437286557169	0.191357677073301
-0.170629050191114	0.0903248291548381
0.495531500691531	0.340497829148571
0.193656530046788	0.120213087335716
0.806295382722549	0.63993448625708
0.0447231782380863	0.024547423149575
-0.664508497248172	0.520015531417094
0.839495833782448	0.356721288421175
-1.13084560700072	0.625253845361047
0.163420628539532	0.0712448437603082
0.184178291181978	0.0630270993949123
1.59361466522007	0.80088415110559
-0.0821482056900886	0.0476691065810597
-0.125129882624915	0.0698493372757542
-0.0856445454285533	0.0598811270605887
-0.323255526484812	0.254516070126355
0.597196639501835	0.480034239396851
0.045073579063902	0.0247381754297226
0.516034509147436	0.463710525809879
-0.162150529484614	0.0856967951234295
-0.0055818673762343	0.00354449923037132
0.290338729077108	0.251352542569506
0.434683770174518	0.347533812327488
-1.12328075924743	0.339047939506251
-0.703651055748467	0.240588737528622
-0.371233899119116	0.206625258179592
-1.03736677991477	1.0710724294725
-1.91773663778373	1.86122499334815
1.08788554036053	1.26952285438852
0.0886178945942445	0.0578876561060305
-0.0321234139923256	0.0238973226774068
-0.24100583851669	0.176845120957543
1.0071747797243	1.10710524053346
0.898064811574811	1.03675144361954
0.420178887941761	0.497482035691258
1.03018610027459	1.2348691103036
1.55924979193566	1.3447627605661
-0.439584604603455	0.288387042577399
1.08046883431025	1.2570776059861
0.176287929781929	0.0682081341245489
0.355718604093038	0.199123719258149
0.964934921520073	0.255476948633611
0.189579542508801	0.101862528543011
0.492389601080806	0.337778841178305
1.30202405601974	0.724655242344649
1.06486169296399	0.40740811103867
-0.0703924188547003	0.0277109365072036
1.83320693416336	0.722298459501847
1.84525714600486	0.728756039651982
0.469224207794511	0.190525088663227
-0.374383201777415	0.254930879822039
0.308575950961091	0.252914666486533
0.0977351632137601	0.0691733443563453
-1.10171491697456	1.68781799833868
-0.231007399013599	0.189940957431404
-0.0363736742891963	0.0299722568643754
0.0704542737405082	0.0573715954879176
-0.602286271110532	0.656689352597436
-0.0394771395617169	0.0289449758879171
0.265435683753304	0.245522008714593
-0.366231780511818	0.340035986955515
0.0643892459643804	0.0522882928396278
0.80900522274814	1.26332605535352
-0.0451507184352487	0.0373579506180523
0.696073676432432	0.95342622190646
0.288784636175285	0.249849335777228
0.272291421153721	0.253105747909587
-0.143059470599075	0.0966573463532815
-0.210614877586639	0.175575961459852
-0.00936501509282151	0.00603428993946919
0.561138402861881	0.326894324715974
0.60136702860952	0.580402640565052
-0.663822672656452	0.518954413551782
0.189849817659641	0.124336637207474
-0.744824966604454	0.322057504500445
-0.375913484716817	0.155538822167635
-0.326043908260378	0.0934449166225896
0.464672886133348	0.188460947532309
0.165088029467664	0.0313824661178469
0.550229507129372	0.199823293779666
-0.497838467787884	0.18767273749484
-0.215290188719478	0.138412512362978
-0.0203145194255054	0.0129799718561909
0.0746317575060125	0.0463212453654146
-1.32452143747396	1.08065240484305
-0.0320002925016816	0.0238028971451455
-0.642982902556196	0.65708140794012
-0.173780126007876	0.1449526555201
-0.64847304949469	0.664708744726043
0.132768573751136	0.110323677041787
0.667381981765337	0.475831661973372
0.0793115808033681	0.0492888819283724
0.859995762092792	0.906979058680309
0.696319890447489	0.607007352885069
-0.283170741917805	0.128599642897359
0.181995861815111	0.0794749231067184
-0.582316253207926	0.276223744731606
-0.497911182849863	0.187527814828396
1.38654712368135	1.28650776250926
-0.475970404181216	0.4008685808463
0.71705990849985	0.6311009124235
0.368531397691022	0.34255502248435
0.0109318034601891	0.0069165665788614
0.360712117683923	0.202073497461922
-0.134739359675737	0.0478662176045301
-0.287571955733784	0.130642489782235
1.84957887095899	0.730635761791688
0.85042709926287	0.362163990330178
-0.494043299525104	0.369029216386872
0.724661193596715	0.732114664052052
-0.0182486862890662	0.0115526944914435
0.313387070348361	0.215717086965228
0.384699429952197	0.338279750091959
-0.142302145905694	0.0961187210545942
1.2509005729452	1.37702493826074
0.0667176886404661	0.0413753989244246
-0.459866546491049	0.237612413140275
0.184291063239428	0.0465991085839434
3.27993169130503	1.12298306623949
-0.233193844836202	0.223510778732741
0.0908692271657468	0.0618149813828777
0.17530504283203	0.0678054422581583
-0.2834541412807	0.128519712527707
-0.623422984386725	0.363276223954141
-1.49608539149807	0.531478987360942
0.180845714650258	0.0543398759613664
0.176825054435177	0.0449204608148946
-0.326265723526346	0.257452222420214
-0.0801618026797435	0.0314312822044557
-0.493198041674346	0.446876281680732
-1.0077605658778	1.11405367035786
-0.0464850554317913	0.0335269380309372
-0.613804976594409	0.148553206549543
-0.472143590729552	0.461579996302543
-0.651626174956075	0.450150588040038
0.0668815236735737	0.0578141769989745
0.215283806804018	0.202542537720612
1.02052016294553	1.51010088011014
-0.129193439061921	0.100123585535451
0.113219605675362	0.0807317301858678
-0.446251482135894	0.523461754326921
-0.0594810847453572	0.0538178357547122
-0.0895746586424162	0.079220123740082
0.509923929735551	0.456786223879924
-0.0982466510718567	0.0781769387601082
0.48507936827671	0.446251658817605
0.0209489161371554	0.0106542976275282
0.751068655568948	0.628057808064281
0.165088029467664	0.0313824661178469
0.183063896529214	0.0463401006276899
-1.1182849071041	0.337405124817419
-0.373010237665997	0.207755294373104
-0.174661861169092	0.0925769861199482
-0.115842037990721	0.0413223821877149
2.59130867018283	1.45777478304179
0.163596511212999	0.0561917237218299
1.38213229069291	1.27930739414533
-0.0132602214637299	0.00602252977791203
-0.778710360124646	0.662268799876534
-0.319935229441716	0.275131340051262
-0.135006232104082	0.102325294127321
-0.255298797064647	0.24344105899951
-0.0926449384214434	0.0734761343559361
-0.0171541473147335	0.0144347944745795
-0.0644682441988137	0.0522308214682123
-1.07192008380095	1.69442768624388
0.895127347892995	1.03189829421612
0.00949834297374855	0.00644252802205685
-0.382902165860259	0.385605180578916
-0.207375708402917	0.188294950610344
-0.640166138656113	0.811643089295522
-1.40584810360262	2.36917639204321
0.627797424048883	0.588154674568477
0.396782906918016	0.42586729176148
-0.181338745433196	0.15206944045998
0.358728800712237	0.369157907275758
-0.131244790209788	0.113436129789958
-0.0964447627735543	0.0856950581799012
0.999267867640003	1.58099846550977
-0.19371616730074	0.174230026858611
-0.519763089190821	0.572709206741863
0.296301020298652	0.257521312856184
-0.422781618443379	0.322119670224264
0.170951981253254	0.058625393056541
-0.28099764718841	0.127379840783372
-0.701794429638729	0.239974906557054
-1.50848113268972	0.537019591842101
-0.201198229263593	0.0647674111943437
-2.58013588785136	0.668674470410509
-0.57994751552617	0.593218821234893
-0.589168665223522	0.605615710254058
-0.468600451807653	0.456844893902875
0.377090300075044	0.427301897703002
-0.470480178803245	0.5614458208839
-1.06323906246766	1.50144437358339
-0.904654701487713	1.1319183321255
0.415958940230005	0.34438958204592
-0.483657023735295	0.47613434776724
0.490806493635473	0.336436242026236
0.503138580599589	0.449041906602962
0.720389052120582	0.340838408288853
0.184833271134995	0.0632518781741915
-0.370312181182135	0.202458704765152
-0.483809337314014	0.435874342317748
0.871573577965281	1.09713805346888
-1.6404065134545	2.53889752632203
0.525360358797314	0.634374520896086
0.0496615054897665	0.0391150836263191
-0.0671999215392524	0.0477941085953798
0.340148566879652	0.207154610072188
0.367655124358455	0.206608711945032
0.178221581180654	0.0868510244223706
1.12805256625056	0.861419034968814
0.429513748847702	0.342505009185327
-0.531303214975848	0.589455784398103
0.353230635359749	0.344243975074898
0.61531902580176	0.757983597422788
-0.157003053870151	0.135382843853637
0.181962188902395	0.118768947145704
0.306319987346368	0.23185419528858
1.08155275415044	1.25946258224967
-0.019138099269047	0.0121007793212291
-0.381355343156915	0.157966110904451
2.37939544032746	1.20665053912734
-0.121092403161775	0.0674985377256748
-0.555580146966604	0.399552956467601
-0.313461674254013	0.218896520604873
-0.170509475315032	0.0903335636352368
0.176780954606847	0.0859689229911303
0.178820853869998	0.0612698080138397
-0.0328044692940254	0.014159683034817
-0.391941595471855	0.328050606808734
-0.0791244926054967	0.0705330018448982
-0.37821492548616	0.294952452014085
-0.381980058035841	0.158353454227963
-0.369515393398683	0.205548843961812
0.0297339585917343	0.020773535894561
0.383341754171841	0.348443633185308
-0.226319509701314	0.185480048095621
0.686721713829268	0.219371725498129
-0.436679372141916	0.430757231480298
0.342928040113522	0.209022801496973
0.612087268076382	0.753195171095168
-0.441136811516214	0.402360598704535
1.15958066648825	1.19308769850578
-0.361087967132944	0.334187651020081
-0.324034402033612	0.255416304894702
0.114133209385163	0.0891545617339241
0.193393955808355	0.186594132418661
0.812270296093202	1.14532026021837
-0.446533495945958	0.443301703827245
-0.211441742731661	0.230779914602692
0.18791481814763	0.161719472219505
-0.200356724941695	0.148846953458284
-0.562667047900362	0.40614065105538
-2.57067328278635	0.665094197548339
-0.283918615370173	0.128762696006963
-0.135578967650225	0.0912755967074598
-0.217844216479843	0.107420890059125
-1.00377782576872	0.397156038036369
1.10635335363475	0.68286476480187
0.0476576515326782	0.0261456593536213
0.329035094320256	0.214284082580943
-0.440685331194008	0.289616210899448
-0.952511560555684	0.923722185778812
-0.072274470745816	0.05776084849325
-0.128565402035591	0.0996618972828705
0.202982037852839	0.162477110474881
0.33258562174162	0.217233824811491
-0.71367288960692	0.726608800041584
-0.0851580588830998	0.0494477171055559
0.458298208417685	0.35185840897374
-0.412423000258823	0.382297756000985
0.737027302951153	0.488978007861001
-0.251564332300752	0.203493496242466
0.292891763427304	0.229149613048142
-1.25330408026701	1.34842635901186
0.0768823135180563	0.0477491896203258
-0.12498203249711	0.0697253738749365
1.12475498163898	0.858645496025318
0.406926118819675	0.335389331010839
-0.60449683026409	0.53228819953702
-0.0705410815083785	0.0573566073725708
-0.0266926158964308	0.0224936760885848
-0.649847527811917	0.703160093101201
-0.267996002154377	0.291551965527887
0.00734809324471352	0.00569156745626338
-0.834992331418645	0.992453374287065
-0.350391335023938	0.321759618949366
-0.214819262732633	0.138047716199457
-0.223972672099168	0.110680649131937
-0.366236974962823	0.151153477385737
0.178498707305614	0.0956102587354368
-0.365249593379889	0.150776093416907
-0.28083526884255	0.249538580965701
0.707754225810419	0.740072784772281
0.124197379629163	0.0948761036231433
-0.308141687014199	0.2710331165901
-0.55475626786479	0.675729736210895
0.522913285255791	0.538750418092412
0.373213433779224	0.347803450970167
0.480892867896034	0.45777567549865
0.119473801460396	0.0910549439380721
-0.754910812394689	0.327271494921484
-0.127973808429625	0.0455141210732245
0.187053004404368	0.115883191314464
0.837735590544011	0.978214304067863
0.4330643137588	0.452765117403144
0.199390216566322	0.181417517511361
0.414675954751135	0.428288590870026
0.383397423073237	0.348354128363636
-0.449962813470209	0.467352567161226
0.693328668260533	0.719836256790319
0.775791090248923	0.765709961095367
0.297695122614866	0.233525265859646
-0.553568893582515	0.397867528744717
-0.495792816873443	0.552831608718471
-1.10608264352127	1.69869473256006
-0.409110965807935	0.477532358145722
0.5375903450214	0.694587261532993
0.742901548323301	0.99113630043006
0.424612132709187	0.353222643396148
-0.00610608608751765	0.00460685730744897
0.282096593322585	0.235394337755408
0.513824948850299	0.559803975995349
0.182471325106915	0.0977625200745798
0.919087579338948	0.499000192618097
-0.172834855043874	0.195903369482325
0.0124457285777173	0.0117456680585368
0.292355343900107	0.237383577281682
0.178689585202867	0.0957571669309373
0.189689680170112	0.154974361208951
0.195452843817615	0.145745392799585
-0.209294154807713	0.134212801550785
0.886724603060715	0.65989599679124
0.857333795352182	0.365294303787137
0.717920790387475	0.339541190341719
0.175645746259807	0.0765858336249854
-0.221306896286952	0.109223082129882
-0.398708658620182	0.36650063406624
-0.201325230791778	0.128666632392115
0.847152344689129	1.09165917249344
0.053451761210857	0.0411383652541587
-0.150844978799385	0.126787651829591
-0.41415157466165	0.351422083201558
-0.214838851790758	0.138054443994726
-0.301948193539829	0.178234415970997
0.194964349919137	0.150440928271199
-0.245136023402285	0.218314173060356
0.403041409950484	0.34507887960499
2.76219840038386	0.780594539857824
0.203849996089762	0.152761417810182
0.0403506785771798	0.022187451322555
0.65800905899261	0.697493559079287
-0.49926366945049	0.453718826305383
-0.173471033686695	0.114359751486653
0.427826932242262	0.340754697448869
-0.28649797783743	0.229180867996852
0.513846297550608	0.559391536865576
-0.0928382415628083	0.0735780117876298
0.550168314748005	0.575969645294049
-0.230510111580898	0.168108225697494
0.403513797022416	0.445887313652207
-0.719231455257133	0.863176501031752
0.0357994737539923	0.0197452527778583
-0.181600348166481	0.152316890857378
-1.79346061997896	0.390723019452767
1.47032706033056	0.490703617760438
0.170195050824796	0.0827439728021799
-0.279006804703586	0.126485526249689
-1.44342254791676	0.99066357955872
0.692481142426252	0.221366284684109
1.03013567314397	1.2340196157552
0.310775395394021	0.245619994882406
-0.303862245438283	0.179443143296173
0.637269450757897	0.599885206265889
-0.138200586194662	0.0931631190435074
-0.44085846871158	0.40205488759773
-0.128575318591668	0.0719066391489419
0.665727450189463	0.605514712726824
0.33950110870912	0.222490468847802
0.186074224157458	0.115216304979628
-0.769998602780406	0.582449920498146
1.26136772999745	1.06674473590875
0.182175944851532	0.0976166250214178
-0.00086982135232304	0.000494831601262003
-0.123085386378909	0.0687324880137152
0.387180977982477	0.196813840770161
-0.555927167764042	0.39990237269923
0.633189163096659	0.334130106903438
1.38318660634462	1.28285443583331
-0.758407481924224	0.407444931329795
-0.125129832820846	0.0865826832297127
-0.409881999678693	0.346946972816791
0.206165537817259	0.21251624026195
-0.952188910027198	1.23816601234779
-0.0959228599180586	0.0838332987643883
-0.672415613769247	0.774892883796213
-1.09407114658381	1.66829293532374
-0.585191053156699	0.708541694543017
0.205938907091274	0.154489150879621
-0.089536241703662	0.0520570498263398
-0.602735145342961	0.657052428341524
-0.574912990663968	0.735815671106786
-0.141087154961615	0.110188639235505
0.0291301254850637	0.0203587333657971
-0.468378017160465	0.45682268824628
-0.30586230062626	0.268696005399422
0.387059085477098	0.34083038150705
-0.304080041898036	0.266787469114045
-0.306238369762762	0.269084534913341
-0.132795528259345	0.103164811436538
-0.137480182781858	0.0926502528805699
0.312497223032049	0.23730176309468
0.105624648779697	0.0820866582195377
0.802361059769451	0.636133891779055
-0.313232553280756	0.185695920725957
0.498304754295375	0.461922436908574
0.19840655655366	0.158347875853151
0.196013472740375	0.165280299595811
0.208422526405033	0.190744220972609
-0.210597497051456	0.157350083445866
0.204214169098077	0.153019190659451
0.211085663526389	0.184552824527511
0.532922041541823	0.46230353799521
-0.146521838779378	0.0991406148483759
0.0644237149567396	0.0378328922214258
0.310193919821133	0.235171003962743
0.0848963413327223	0.0553738112421831
1.23420875472565	1.48165513757874
-0.103284446467791	0.0824164927591839
-0.0257057916233752	0.0190980089059288
0.0341804436640475	0.028718517000759
0.708884535030046	0.621480814381792
-0.541468298170633	0.483232959443458
-0.348017113443905	0.350987146000689
0.700511015897481	0.730233666746261
0.585667966447498	0.468350492687404
-0.0692663925181948	0.0691978333798632
0.0413869400644033	0.0381427488738699
0.900807286956453	1.71217312151504
0.0591640459715551	0.0569354947182793
0.297326027681603	0.332059893616895
0.451804015709902	0.511115497780821
-0.108480074491442	0.0868758675925468
0.277784938082704	0.327249732396874
0.132868925771987	0.110434523276904
1.12797501573981	1.6352342111215
0.501837829306066	0.610433204564559
0.395615219498731	0.337239802639191
-0.0234830804764071	0.0174289609338755
-0.64585068943337	0.660830522971095
0.0224292764527555	0.0114011155881719
-0.221337318661483	0.214534382515668
-0.0150075793698439	0.00952903770341269
-0.172076306369559	0.113459151175534
-0.257643430740658	0.264862216921472
0.146982439885919	0.144708496280309
-0.274547608830913	0.354712859785643
0.256379096796005	0.273753722526402
-0.131383074587504	0.123771423519714
-0.090700615924125	0.052705474081938
-0.202089709379498	0.150284991079268
-0.770584028904415	0.501957287293088
-1.90091068350889	1.83160408932293
0.491598062201605	0.542845014997854
0.169993601789558	0.170669232772222
-0.655884010874704	0.453456378754712
0.272596900902	0.23322072312274
-0.245079739370801	0.218230557496544
-1.00052828635423	0.395507231165513
-0.0389319787965677	0.0240638212649828
-0.754882174410644	0.40500547354552
0.583158875466195	0.46563029932506
0.0571380822234923	0.0334948919606311
-1.42186434044734	1.50000300119478
-0.146907398079168	0.132791057857182
-0.561972499231046	0.405521851132747
-1.53183462372229	1.45677058186584
-0.327359708335292	0.258356573908144
-0.443757077015303	0.292123632831386
-0.0825903149940492	0.0793261142423659
-0.369815050390616	0.251451315546389
-0.182784382396699	0.181614144172784
-0.569175563957961	0.654965095515675
-1.05338531964712	1.72227089500573
0.183063896529214	0.0463401006276899
0.975508470280899	0.665017483370092
-0.377981905765437	0.211039808283136
0.735399914238221	0.746684224717158
-0.25508610316933	0.158030915124422
-0.428034833996589	0.479093747256789
-1.34550017602091	2.18173304537791
0.864587141238269	1.18174037769238
-0.524153583748451	0.511016189176437
-2.21034070519238	1.82250323527816
-1.17859828827865	1.20014117147972
-0.479681848156729	0.355949883919142
0.81124809672461	0.489084180161339
-1.5026235657887	0.534584753118728
-1.64877676094374	0.924776485622219
0.674515346821049	0.482838165498154
-0.217859141201426	0.107525970541003
-0.160098311097711	0.0845311265430079
0.814366519761308	0.490743671798899
-0.0678643207492206	0.0267547480221599
-1.33093719368007	1.08945357087721
-0.0727452422026444	0.0286275886540948
1.27577819118395	0.889813707468719
0.459286256109742	0.186165932161427
0.00836592061309324	0.00362183641204813
0.0119684882371635	0.00625317064510009
1.16343979143449	1.19964531634279
-0.546673832856879	0.567996434371133
-0.913705509556053	1.14853057386149
-0.282986961946356	0.305787061705412
-0.259279434982576	0.21064986509566
-1.25787631786427	1.35703874578539
0.0958456486772206	0.067788570486955
-0.600658409063683	0.76237891741294
-0.531104110510396	0.546448706958859
-1.8109187829805	1.63175218809689
-0.516444071606227	0.628209911980374
-0.681205878809982	0.589712565908192
0.0409798440308899	0.022531584660246
-0.250453773328264	0.154814173501646
0.885872098292613	0.65817867256085
-0.21923927601547	0.108178211858645
0.284013335235989	0.25225211823377
-0.520376623684265	0.428388034926761
-0.497398160491354	0.451700484903516
-0.0671314343315421	0.0477174076792585
-0.29107991764476	0.316601074363286
-0.48105334062001	0.432749373917968
-0.190969375847536	0.187731278962265
-0.287978029536704	0.27474422084814
-0.777790219873077	1.02309292639942
0.380061519213521	0.344811319627566
0.00289689783610426	0.00183780866556794
0.541876368533627	0.472375300005823
-0.378224723187554	0.210875980777945
-1.33324968393691	1.32031699899538
0.2046046485415	0.153350852379491
0.201639630308147	0.156248452978329
-0.285077652200014	0.227860231190935
-0.107980666231507	0.0741141374929655
0.205212703072191	0.211367672241038
0.380577668510827	0.356111510008409
-0.858003747536434	0.777026522276413
-0.686299271319715	0.644212622072628
-0.17004201169891	0.112009317038601
-0.181305654336578	0.137446864358342
-0.0624662860186566	0.0375476577761899
0.363402580265161	0.20384544743461
-0.591181821573591	0.47680383502156
0.106054328105291	0.0753669622187728
0.188986277882503	0.211490316241021
0.0621652357165421	0.0616652556641909
0.179620555412559	0.213471823905333
0.386441265076873	0.508865157886559
0.338996751571695	0.335835059869958
0.625864199379427	0.829712754099122
-0.18575724384429	0.16957281655393
0.145371856309037	0.130319762299124
0.203854201998268	0.152772667192344
-0.173910507120556	0.148403821943854
0.129101385531521	0.114404842776496
0.250479928704766	0.256061934551275
0.19535097262312	0.168931931716224
-0.304702268342063	0.180034035927667
0.399308482586898	0.341247852215606
-0.194148016946781	0.143699975709639
-0.167472462883219	0.110153746076865
-0.831246747355413	1.14075272897568
-0.328704751997918	0.259749407526815
0.0403247676847197	0.0340129954380139
1.16856160632529	2.0945634425202
-0.823215929068682	1.21856441732778
-0.386490175797951	0.452837859101053
-0.144115014552784	0.12310347294212
-0.366634499052279	0.313920115192776
-0.838912414512057	0.943802010634932
-0.433372865190723	0.426668792291227
-0.687255069168542	0.645192530378924
-0.675684829520768	0.583885893978091
-0.385455313385555	0.215936007426102
0.536799642851848	0.466755456873368
0.358495535386603	0.350332748687078
0.203659349782384	0.167883173087635
-0.341908822333862	0.343051558055776
-0.686665434244535	0.688487896394179
-1.0079855208987	0.399077505174083
0.632397542662682	0.482252438386005
-1.14173765414243	0.985164138073877
-1.05271475406885	1.29569150277394
0.632692888166013	0.482549071406487
0.0798261383337743	0.0519973811999635
-0.491104730201875	0.566812347208004
0.191299129551058	0.118738167942268
0.320579524301825	0.244389267641575
-0.125472994228895	0.0970835355989242
-0.0386874879462663	0.0239102229636197
-0.675097039376142	0.815189904592009
0.0857705359759764	0.0582548568935028
0.0651345753873644	0.0551665430820701
0.196179952786231	0.165481292787249
-0.0877374325113169	0.0613912505232297
1.96372117107544	0.45473924627511
-0.325663137440616	0.0933864485177264
-0.378629217328329	0.211128084360064
-1.02872827380915	0.814763451513066
-0.142508976702599	0.0962387119928124
0.694907047678055	0.722377151239974
0.606991853727857	0.587937320404699
-0.837442314352248	0.882544918946241
1.14386817383884	1.03570274568871
0.730680890447771	0.739820018003094
0.661155221696442	0.599735867811019
0.0473858255645067	0.0278433258273877
0.359369854416674	0.201545052880123
-0.775477975363022	0.418883187646552
-0.123615274187178	0.0439773688403038
-1.95673546223086	1.3482581872478
0.182938084747033	0.0980671462076098
0.821871416817317	0.49699538876552
-2.90343083636702	2.13126545734197
1.83904259060411	0.725255788020061
-0.078664013620457	0.0308649148267959
1.08750815001851	0.531291979888112
-0.477711204806588	0.354069786886545
0.171488774809756	0.0748342853660748
-2.05950152926289	0.939596591843532
1.64496234817558	1.15878809051923
-0.151637912266402	0.079913664418887
0.173295202091226	0.0927474729554745
-0.70861540486834	0.719746097613721
0.420144056993542	0.333230510578755
-2.1156155081028	3.91234563957229
-0.770009209686625	0.714227097745197
0.671593000094179	0.612364156669857
-0.60907862652417	0.537634239102144
0.62910039199964	0.906059763030957
0.0447972453576655	0.0324906533010064
-0.964177797825521	0.941327443194302
-0.596432320247319	0.482221542470164
-0.298017451042398	0.260550057339006
-1.14063579434859	0.982980585755743
-0.234095106963071	0.17100435548024
0.00308846827408547	0.00193104947999863
0.68024874282415	0.488129263978588
-0.77179302438442	0.716471588535694
-0.962020937729796	0.937846935399566
-0.68012303569758	0.588996082854977
-0.355666924033073	0.302514757783584
0.376200734904314	0.340184921992668
-0.27658003496392	0.198724571709192
0.901935208554927	1.21607585631408
0.3603506090601	0.342779115636016
0.581707155098036	0.671902411366516
-1.79323222780041	3.34885025866076
-1.05603500937116	1.56286248480504
-0.444070092305568	0.405713282882954
-0.385528597848401	0.301750840430568
0.207108681502858	0.155484679555776
1.12442179999779	0.856836566496117
0.46255117274159	0.335638247449597
-0.604758105251699	0.532465141236504
-0.351793869734258	0.346698338135404
-0.62905396529921	0.871957406844898
0.189376827595052	0.13009887233369
0.3479322886394	0.355468890742861
-0.376445558033664	0.324253863019552
0.461449986830652	0.334265052277506
0.119178813053071	0.0820788499542457
-0.521974197021856	0.429989930959352
0.407574870201237	0.336043762294246
-1.12621816166727	0.964414522661802
-1.17596647821985	1.19614906709402
-0.77031574420403	0.714565509398877
0.285464733880137	0.2537578740678
-0.307014512787383	0.519367319275267
0.365043118060926	0.511275974732133
0.153924751248292	0.181445776424584
0.50231637467235	0.77959981258857
0.222913942331455	0.260892033887596
0.663797717076943	1.11533472172384
0.5089395338247	0.780847676298974
0.616911908028088	0.851827250603954
0.881858828300566	1.27271287916624
0.474783846264951	0.532664813448248
0.395132103924807	0.444000506378547
0.294209922814459	0.239131035920825
1.35135784013489	1.5939333835289
0.198553296604742	0.163174714523625
0.185172036742944	0.10757957672022
0.171729830848205	0.0748275273235346
-0.148995943771406	0.113989816139357
0.185850926269075	0.115151590290343
-0.0163170666683474	0.0139932191857026
0.0395398034063519	0.0286150699522767
0.42253923771938	0.426434158331186
-0.0014939842549244	0.00121825847203884
0.0464975191532998	0.035679259182267
0.202365518948806	0.145871042616419
0.00419774266832767	0.00366741984024986
0.524707378435194	0.633032665990087
-0.375150693496728	0.422750580502107
0.201423208655496	0.165842744552298
-0.885886636655437	1.21258531306999
0.0657893112191868	0.0534513451526934
-2.31565611267987	2.06947674781174
-0.294852186460329	0.257047933353946
-0.769687275604676	0.502106233875864
1.78864488547398	2.53775183984996
-0.335960108292778	0.314719529336256
0.113026575798254	0.0832600376899048
-0.573027649338368	0.583894090926664
-0.518374255553733	0.570561595714547
-0.762655329638182	0.331262796544898
-0.640651117257573	0.812488634581314
-2.43717442652279	2.36561472632637
-0.870899121647982	1.18204592537232
0.122810469738463	0.0964435820874396
-0.279740927570867	0.222740856956644
-0.222570339117815	0.230982567032742
-0.19935306843003	0.165005144441577
-0.434794743107215	0.284657214592941
-0.510907547870889	0.494113180679527
-0.99037836148932	1.16582290246991
-0.31492872049356	0.335321974469718
0.480835029684171	0.527363904522462
-0.143773595161156	0.145183012860275
-0.0135925331434836	0.0102316973131652
0.115605984678632	0.0878796622661822
-1.1152634133402	0.336439469187697
-0.464580140891958	0.240240173573524
-0.175479834360458	0.115839097809663
0.109851440296034	0.0807608758817367
-0.12469155978081	0.0696295628104619
0.309481338287614	0.224081536203421
0.0393363670471697	0.0293217729371961
-0.226435941539326	0.164798840368379
-0.551945867230397	0.495219641285983
-0.0440705990118934	0.0272401108280701
-0.511696145251701	0.419023753688216
-0.171994013543327	0.113397782037223
-0.990020910655369	0.880914193770028
1.92620446814591	1.6698763499317
-0.0914724690280249	0.0531903277307103
-0.386436041728649	0.216543811166265
-1.54526089587107	1.48038626831213
-1.54930002844202	1.48663061869256
0.545994337450589	0.198159602216923
0.622925292995788	0.328105786760682
-0.307781195951324	0.182267155440832
0.169769039591311	0.0825264243109056
-0.269850552818854	0.193272335477549
-0.580292405959418	0.275191572182977
-0.654637047691154	0.452402215353868
-0.371379626022628	0.153598746677341
0.0477784043151104	0.0262147298416924
-1.0193228871332	1.3901563689874
-0.387300677871092	0.380511211767797
0.0290529576100354	0.0253099538803662
0.434549065183648	0.509180415543387
0.0315180306685143	0.0220315107426779
0.419672403455922	0.434875254888415
-0.778369615368577	1.19251675723215
-0.061021261524304	0.0442410250653556
-1.33594467407679	1.69624071277217
-1.08674119789851	1.26942371390057
0.0846197385787254	0.0551966458008999
0.14807447248117	0.130243237800724
-0.932855892109223	1.32566779260124
-1.32595844853484	1.0825430544913
-0.231450431102024	0.190403693953828
-0.0496156179939476	0.0364930547996944
-0.719067186468311	0.86277588758469
-1.17924410820832	1.58857819561243
-0.0972713322352065	0.0773513329760885
0.55850103096348	0.466889550735888
-1.48573221874814	1.86937837799326
0.281693959390279	0.249705781978584
-0.833527955163886	0.990608600025862
-0.293932908739818	0.236081736814157
-1.04735319898648	1.28719948899228
1.12184675328309	1.62138806306571
0.112927734530713	0.0832030242285019
-0.134203734884622	0.104389263538297
-0.204422991638612	0.152095243451864
-0.381217115609072	0.297794760531972
0.0773472757886171	0.052380419937091
-0.0470784165575589	0.0282750545775039
-0.28337400641427	0.204376633356331
-0.277146160019854	0.283690957747707
-0.245593155854444	0.218727719372227
-0.780434206947078	0.727371274510395
-0.549526448587063	0.492329341435673
-0.544779483342882	0.634889116678865
0.190961957045393	0.151684160821698
-0.13130072612607	0.101958462938019
0.288507934368134	0.264073335821443
-0.488810977075783	0.542664863212346
0.429662927151335	0.4360163644501
0.36610110265499	0.349956441530414
-0.314607880541177	0.317230587511554
0.866276753716949	0.791517892891337
0.316356357287828	0.240697925072363
0.0594651572366109	0.0349192850127772
-0.45484366822674	0.418078548841789
0.273588784033479	0.260882721773795
0.0227207901461032	0.0158915425481533
0.689360901657675	0.71449169706349
-0.917328925893221	3.64654818963352
-0.118709929249656	0.232389532557796
-0.245077659497623	0.547790653051996
-0.0218117951995326	0.0221000482100975
-0.307569329313791	0.554225258136115
-0.792458290718515	1.9355898282401
0.465463086390394	0.588961188218077
-0.0594238996687277	0.0430437968258344
0.528927483052593	0.694595661897622
-0.260696147203657	0.383786037300153
0.307825236082018	0.40608683179671
0.134062584091412	0.111538055863429
-0.628121759579126	0.841399726571751
0.220441208592887	0.289455846005975
-0.203234164618241	0.201763729736579
-0.225323517623902	0.230166844222098
-0.52578033819937	0.806572494543362
0.450766355114542	0.575902813816373
-0.513329647209545	0.747798886373004
0.0544830690270471	0.0490404155856222
0.354024917157249	0.418311622093567
0.758691181995309	1.02152084213455
-0.842919531467786	1.11249979844316
-0.533863342734939	0.617213296086894
-0.734686654439423	1.01001830933708
-1.45020632490666	2.34997698987714
-0.253682230790819	0.241533630630515
0.0592081494502924	0.0347509525776216
-0.485468565552711	0.437759148428647
0.0905881777844709	0.0825277963077686
-0.988969721248892	1.39669900365004
-0.048494997714898	0.0470879993196282
0.134105853062442	0.137179078311949
0.0319045711182897	0.0273146098911164
0.163664976007467	0.199679944739155
-0.276845220012836	0.358496097367941
-0.34894814514547	0.493003678165319
-0.489453975164241	0.6816321494704
1.05523055108475	1.53247545343665
-0.536233924523935	0.553660673666461
0.177270480424267	0.0685970337630016
0.170151785066213	0.082818838503316
-0.389626700983532	0.2672133888348
-0.92256728060554	0.557861350837106
0.1735715113843	0.0843379917904306
0.730507582565183	0.482248784202164
0.623663183925326	0.328202687019957
0.546960789492722	0.695028251618471
0.450705189796537	0.587181209929673
0.183400010993085	0.0984374757542008
0.278386724342217	0.231847842338239
0.00836975571658058	0.0052892596898272
0.178086308271372	0.0777237254815423
-0.254965138735158	0.157772917452848
-1.25716493894818	0.565002810504402
1.08830272008167	0.532159510230079
1.80512563394182	1.01928780972392
-1.80328874130775	0.733096849202467
0.303976150128717	0.229817098698566
0.188773640951867	0.116913791181627
-0.221607632456538	0.109411331801366
0.811964126538633	0.490045929593954
0.164663734113966	0.0717317265643993
-0.158562836413836	0.12198405401392
0.394932449286311	0.349225503094029
-0.503367689724032	0.620992257159424
-1.48882638723466	2.65663179367462
-0.495423982208292	0.449404540336387
0.549580771497717	0.199544396425318
-0.0298343365730662	0.0184919549028649
-0.125634307366832	0.0701586851601403
0.207603388967174	0.218029207289117
-0.0813329615696338	0.0665753250820802
0.158343790534113	0.168001176379354
-0.441358220438602	0.570956720281654
-0.056272268459433	0.0407122947336259
0.349234074218983	0.339309678953786
-0.373692600386936	0.208339982945634
-0.00967535136386641	0.00441832528801887
-0.123004578552603	0.0437556903075886
-0.341767141629951	0.0977714223958257
0.962553055030982	0.254827961566665
1.05878746464103	0.40482083139178
-0.492920041972495	0.185567465410241
0.555239766445707	0.201780832151434
-0.709698759851068	0.242860149943732
-0.608428787479893	0.147248610626808
0.169796077823795	0.051192394243904
0.962553055030982	0.254827961566665
-1.49705816852235	0.532032217355669
0.557018023353638	0.202406809251953
0.166867074881095	0.0572696115379919
0.173841338161581	0.0596051278079202
0.0929414812214676	0.0656417467768487
-0.773241119750076	0.718073389819737
0.0331214741202328	0.0231567058804989
0.976487905337617	0.967673889350874
-0.973185978616949	0.48020625542444
-0.377253388199345	0.210288324210148
-0.264187679274552	0.253539014989976
-0.170305118806114	0.167468152742613
-0.675317001761266	0.531114208229328
0.160524623754044	0.0621937860042536
-1.06528676264522	0.716357222150367
-0.326777673129655	0.257978569372575
0.179451466164643	0.103986650185019
-1.50774474493265	0.536593235425421
0.690554433996612	0.2205748378538
-0.0909898498963847	0.0637843498583912
-0.126675034506551	0.0980208052054294
-0.933834765949728	0.567007768002078
-1.6508974305693	0.92592384309797
-0.744955836293314	0.322332237893757
-0.0266201620828223	0.0116209723606658
-0.329964215322259	0.0945505800706473
-0.199739594795254	0.0643228222061803
0.201056342617756	0.13228469451806
1.64251949454243	1.15543213430714
-1.41426292738536	1.48708678426966
-0.384293796428282	0.300341087108343
1.80403898765521	2.24285998255332
0.110814788170213	0.122548736879616
-0.423436239294768	0.472576492821408
-0.208677405114063	0.189654983259973
1.1539809637133	1.18527961814293
0.641443220946296	0.339376354633404
-0.909302163754853	0.658588152994726
-0.212675199931394	0.104755164773103
1.78771096680088	1.39807497189427
0.0248080890565474	0.0125708648026435
0.465515547316425	0.544804233270113
-0.841780439453552	1.0585153242136
0.429479223744163	0.435664324923226
-0.458716080709714	0.479094283973627
0.633974277292114	0.484223136691319
0.185366161685029	0.0809381830073418
0.879546521330324	0.652772145801043
0.354238718833075	0.198340077377363
-0.378957681971173	0.211640819022103
0.988646489888484	0.676847740840162
1.29556313733115	0.719423738129819
-0.215623300292631	0.106356244611593
-0.0124052609242419	0.00792142694244368
1.17526753021534	1.56850164977707
0.381207604762763	0.357086004848485
0.273378753434265	0.260709413500137
-0.288043270131854	0.57875162248046
-0.122364156110089	0.213113250048128
-0.237689632716461	0.464009717503931
-1.45191065616202	2.86813001724823
0.457900505299044	0.520143555470112
-0.420974429456009	0.679385544522097
-0.203524122130158	0.295465888853341
0.156050560781511	0.137949417158842
0.591298683961481	0.737496081979508
0.154826886157023	0.153583099007586
0.426769686811924	0.58645745977131
-0.320487334258965	0.367148322994586
-0.615728791641963	0.676604061780871
0.711590298037219	0.983858444464681
0.253759758741978	0.289908220949551
0.738080326285693	0.833777641648233
-0.204528999570472	0.199474685585686
-0.495541071310649	0.608375554843162
0.212245303327949	0.180840167037373
0.553128719073261	0.722261233546271
0.434100648742858	0.519709140973165
0.750917388109547	1.23796885653414
0.393461936895616	0.431607024172889
-0.555827763136708	0.701781675237554
-0.331800291384899	0.309865101190214
-0.00894335342152352	0.00766673070893081
-0.47711616702317	0.46777867681716
0.201697729372201	0.145346997435117
-0.282219647758777	0.128125462361752
0.179675862711909	0.104235945671916
-0.128561354997247	0.0996395995201825
-0.111436702055465	0.089366527863142
0.0977524552439551	0.0927093998511421
0.216070071470242	0.198864569683507
0.706377079238322	1.03572847914867
-0.136611159349818	0.127089950544547
-0.0472822909914661	0.0429663806294421
-0.175981646530917	0.184562167634758
0.424044266739106	0.428657813839274
0.0458391723447976	0.0269434804741709
0.316645180410619	0.218389082805299
-2.76095926642088	1.84858359227621
-0.163003462796575	0.0861026159355151
0.193501061753004	0.104088829298229
-0.614206104379299	0.148455859250315
-1.50729003919016	0.536490208929206
-1.44322609710384	0.991618910840469
1.35960435833631	0.602767583717152
0.637551767546646	0.487768680655728
0.550585584584045	0.199969616725774
-0.476312495687813	0.557120220520212
0.261143669730728	0.263732729044095
0.172460195069145	0.066675790636707
-0.865608172145872	0.787268875964501
-0.379562962265315	0.296185084777027
-1.06905813020364	0.719412858081852
0.337093724158446	0.220714174874756
1.84022304372881	0.72612017307568
-0.924435419953295	0.559413608940338
0.468602008697511	0.190152966892753
-0.289512191462029	0.131509318254107
0.198850341148667	0.153831208068935
1.30541759867277	0.727570138048897
0.168826092012761	0.0736993088177806
-0.316746165362089	0.188109294027092
-1.25850159401349	0.565525754179079
-0.381686472123828	0.298076900255218
0.169557186745674	0.0739416080589369
0.108724140449733	0.0773533595366618
-0.360608679310014	0.278530641017598
0.565721342889133	0.474422317848515
2.13239173303271	0.962976446468332
-0.771358006937622	0.584526070198027
0.941092159314677	0.823189544101008
0.000441444211071532	0.000510012346198643
-0.0448714240993829	0.0371352130416377
-0.0915666217419885	0.0874577126314162
-0.0874775711572937	0.0844238530762881
-0.905433090496679	1.06907748176697
-0.260372368809953	0.273418490245805
-2.57036588579023	0.664816582891659
2.1412463011659	0.968070819974927
0.183063896529214	0.0463401006276899
0.165880035481028	0.0314978449610492
3.27152519356808	1.11907150574555
0.179008086694114	0.0538125056714061
-0.709319061175721	0.242738363206193
0.161251150232847	0.0308565698216007
0.183063896529214	0.0463401006276899
-0.498572689177519	0.187792372240162
-0.32531700249348	0.0932194330065639
0.183063896529214	0.0463401006276899
-0.0367392364849872	0.0158132655188675
4.18424075214228	2.03204738042248
1.47451530684874	0.492178385686461
1.3885417875712	1.29099847357731
0.174888032169256	0.0763573772607863
0.130429126547899	0.102882915736983
0.81124809672461	0.489084180161339
-1.20890786087236	0.902574505277876
-0.582638265906335	0.276702064574554
1.10442640120882	0.680907234631422
-0.240183073043313	0.176038530751884
-1.47541864492646	0.745048164284577
0.926969563402915	0.504836368038228
1.29336759948686	0.718445026885287
0.389868616546395	0.331325539976374
0.277188924926109	0.244981505236356
-1.2964294605136	0.801439896903069
0.176153303514499	0.0768420887607494
2.37684810566725	1.20417632731638
-0.13373932752609	0.047518908347534
-1.25254603603633	0.562193102367071
-0.0511037329637732	0.0218169936545832
0.353899943819681	0.198068260570923
-0.00902941369085412	0.0041233248525971
-0.481901582630144	0.357944325051674
0.19324780247666	0.126646608594399
-0.00271291150262623	0.00129916506089305
-1.21976904994967	2.25578533461394
-0.159252749128431	0.150746761096954
0.203984867743917	0.181928292877041
-0.780643942064758	0.593763104728229
-0.371810273970554	0.153719153369864
-0.507107257415835	0.191392547046605
1.10082822781739	0.539597666003634
0.419556314448033	0.191127871376664
-0.194822363184045	0.0627608493171706
0.493237040826926	0.530366183167362
-0.625011948690911	0.834320483982551
0.321981952420414	0.222532658738811
-0.376999417191925	0.425330521880935
-1.41227108995533	1.48212296187717
1.12723785462602	0.860643950921545
-0.2834541412807	0.128519712527707
1.05546745281569	0.403133310523844
-0.624838678169346	0.364917234816013
0.470033050353673	0.190927765296622
0.691293725798235	0.220916760169014
0.171690427224654	0.0664790795125569
-0.399051670159543	0.985732629482764
0.104326314212399	0.151369934950785
0.191997085542809	0.165714624371822
0.0345586706908764	0.0296062148191003
0.894283298179866	1.71577976816321
-0.694404569338356	1.41923491907153
0.034221625555426	0.023931718204866
0.856883549350963	0.902939343930293
-0.0585239194214612	0.0521808616132788
0.228964245477683	0.275912262318047
0.404341923139061	0.502747948700051
-0.0967367302879085	0.0679792874594038
0.146103194073634	0.150997338590885
0.0729746717880909	0.0620937042580919
-0.607267608225367	0.53550394743364
0.412061935670297	0.435759747502236
-0.419808288092311	0.493866809119816
0.845477137843837	1.08811227377395
0.323817968114006	0.347911615882699
0.0774113923744476	0.0661055311886595
-0.321616145220298	0.361888774173855
-0.319968848177002	0.323922561985934
-0.0192021373760024	0.0142880936812807
-0.716752265588143	0.775499459267249
-0.658356552177099	0.716170033340916
-0.108743984199161	0.0746645480384322
-0.726658872922861	0.916439972949493
-0.493645110250852	0.447141801115394
0.674785725202881	0.482417436806715
0.707911850880793	0.333837061941853
-1.08364948101642	1.72368412331059
0.021027529515729	0.0147121261494973
0.144162575387273	0.12636909816041
0.500417749888917	0.621921104561571
0.250213579063417	0.279955778635873
-0.179433121072448	0.191588793013356
-0.144967834550363	0.123995629723737
0.336519013210821	0.441858166370866
-0.249080785702483	0.254545189358448
0.199538472574926	0.131210519073004
0.0910368052325198	0.0619697016568924
-0.169150292580926	0.0895835127838225
1.27248178041856	0.88604616513774
0.17273732603019	0.0668202643468802
-3.7511927754544	1.4825089606666
-0.114233731509593	0.0407829355488277
0.468827722244206	0.190230448930594
-0.130881585720725	0.0731878317391779
-0.12261043679513	0.0436371800151759
0.12099639162936	0.106555657120331
0.14643201619476	0.160299449729434
-0.0340358919202832	0.0210456815086881
0.0193800340483482	0.0130087723443132
-0.0663302963331955	0.0471490120074353
-0.625679272113731	0.365454286293094
-0.663193057861809	0.51860736432155
0.835439157005248	0.354532667148529
-0.158277422346857	0.0835346648677236
-1.00415219200353	0.397187604454455
-0.491888763967548	0.185206039733237
-0.279586196616548	0.265065472482146
0.191916367815249	0.093724687079035
1.47373908013659	0.924352153857805
0.75612936316282	0.504736560283549
-1.07309931967767	0.723540218347621
0.369716467342101	0.333200390329953
-0.206333260319135	0.132115335100703
-0.705855811628342	0.800357384934557
0.30137867424786	0.236889358403766
-1.41593207773113	1.48964553834929
0.184338509014023	0.0553315106563962
0.0439623978345412	0.0241574463616139
0.0232252889272463	0.0117827063758022
0.618196817763327	0.83518368844024
0.264522233639222	0.256568508932691
-0.850414627890544	1.88633414747315
-0.145392583065072	0.149127639301559
-0.00405383458618815	0.00308980320554206
-0.0478265573628107	0.0396467954968443
0.16619130625606	0.0315431724784316
0.185076110728506	0.0555416222332281
-1.1245135089551	0.339452387639693
-1.11390573268458	0.335899190520225
-1.12519556185123	0.339754109482426
2.76559849788836	0.78194178274137
1.48020902950819	0.494322465499196
3.6449477089076	1.4449787602644
-0.698670682702589	0.238794577468402
-0.70398648315954	0.24079443492873
0.169248055862235	0.0319917175833404
0.107662114858415	0.0790970487710303
0.165880035481028	0.0314978449610492
1.35458372256336	0.600126054059965
0.886437913415545	0.658854937444407
0.190575083412309	0.110845850804962
0.70960962117452	0.818273712254696
-0.197961486462631	0.0637876154388623
-1.13726634830479	0.979538024084273
-0.359854565989595	0.148427058403438
-1.20498344012148	0.89793871575551
-0.136923649103867	0.0486287151966679
-0.380850179052134	0.212747449525609
0.190091165622492	0.110688421648809
1.30228315345444	0.724813107318139
-1.14026070081767	0.632212892231527
0.0241030857410812	0.017456508233777
-0.721961415307062	0.867179875374024
0.713407955282736	0.337122359406939
-1.01014139129076	0.400088841211607
0.183939483894034	0.0896762612183119
-1.11951983581622	0.337809535545767
-0.498865839031448	0.188033265127179
0.172815300536377	0.059246231431734
-0.185101064453367	0.136237538349628
-0.374358756887785	0.254798509765219
-0.175420349161524	0.132572038413462
-0.524515927011896	0.432640416783854
-0.536096721580909	0.799987127193754
0.263803093630461	0.267117547246168
-0.0340055460019607	0.0283746422075664
-0.218443727989725	0.10787594402362
-0.461041125172787	0.238534480811755
0.178564875216849	0.0779351068292143
-0.198757003958094	0.063979613393949
2.05358038673213	1.95388655643003
0.49063653459962	0.336457459684883
0.193601764634445	0.120285870065384
-0.115342935719321	0.0985665709207583
-0.333085867206702	0.319487444006336
0.0324501672766267	0.027245645170309
-1.03963835701598	1.07356144609617
0.175037304777334	0.0937287450129776
0.966736740010186	0.256029100393941
-0.517834529897994	0.322961905249043
-0.762819358423479	0.410190902168382
0.182877036044145	0.0548713515215598
-0.518866698616649	1.61068098434999
-0.111402920316866	0.246989828412887
0.191287334185999	0.328923690149435
0.37979459176633	0.983802749815431
0.374463732650645	0.504753239421143
-0.207389276608051	0.268140868813203
-0.0949043741193788	0.129851195590057
-0.31571733271432	0.552373879446185
-0.061047986865216	0.0598939635525816
0.256816714077452	0.258661228801837
0.403681951347155	0.501781112385351
0.424968920012916	0.822953324170279
0.524946641240133	0.829441597813839
0.0992006534978325	0.0841884498582581
0.206094722460653	0.219880763152445
0.36844017177224	0.478086344058242
0.376301796324244	0.425960440611607
0.170649828106451	0.174322592242557
0.517126093746933	0.962596179252731
0.435089842637484	0.58136069812188
-1.04330533896109	2.26576905354751
0.16023526320029	0.180288615371117
0.32063736547464	0.408808020920309
-0.361604114409931	0.451911440936925
0.0653699881221415	0.0650103725329124
-0.0894703164939393	0.0791105200048794
0.408585962171514	0.4898514525065
-0.0122224475029337	0.0105488284065062
0.979539605207569	1.53200479718648
0.100067800509302	0.0885193856170792
0.715389562847896	1.08948527799866
0.757571054824065	0.635806938079835
-0.592812009738643	0.478516320697484
0.0576035957953332	0.0465861855688877
-0.321842201296063	0.344673296344398
-0.190551859626332	0.202274086823928
-0.355252859013431	0.493945551240178
0.156346433534588	0.163000154933383
0.166357357345099	0.211541327425059
0.149093604562377	0.179860854381698
0.133428592271742	0.165177880077196
0.0223508985871359	0.0227133430579992
0.0466958089357712	0.0327913770482051
-0.409852071654403	0.379209983587796
-0.767930363582943	0.413988438398017
-0.526738411364858	0.434864849795509
0.330075197297064	0.229107051822969
-0.496219048461158	0.186898738117231
-0.380799190882971	0.157681929416881
-0.455091034926938	0.234833250765906
0.280071574763664	0.330439997767739
-0.0712971816368843	0.0697059275264248
0.203270291806246	0.152231196700546
-0.223899887795407	0.2011700256672
1.64931885579566	1.16338091776733
-0.670769724907365	0.526043964914279
-0.586981942886118	0.279285750334352
-0.623432005659032	0.36330933191965
-0.228386124446392	0.205884645723066
-0.258236908341216	0.160200697375633
-1.59143908990043	1.21333399600309
0.0244028708917732	0.0123453806142049
-0.089536241703662	0.0520570498263398
-0.0660837656356436	0.0480131499979521
-0.694921778391078	0.655367742087227
-0.633164104006377	0.798981393776336
-0.205552527470485	0.186494557907837
-0.680666613462073	0.636732027284335
1.96684138854469	0.455504908505281
0.17863134392367	0.0537118645556901
0.924995726881192	0.803895219831204
-0.556484820464217	0.400156040862476
0.486225751855786	0.624893324216822
-0.675154911934111	1.02777436632785
-0.111722073801976	0.114464884597237
0.13945422669983	0.155869634478467
-0.167099199576203	0.141995248044116
-0.905401718733894	1.37880242425763
-0.746370250650078	0.323005222200847
-3.07875719123617	0.951227905765892
0.553459142396127	0.201030755019039
0.16619130625606	0.0315431724784316
0.175894574529828	0.052931112244421
-3.45239496999294	1.22656388713544
0.16619130625606	0.0315431724784316
0.187984352048437	0.0474280610765032
1.47032706033056	0.490703617760438
-3.45307509546519	1.22686211973226
-0.699405444382189	0.239043645886915
0.964404580081594	0.255330782344719
-0.664212074297126	0.461561326929758
-1.64933544258927	0.925231514961399
0.2809756360343	0.275590460756451
1.46841840639278	1.67362329295025
-0.208647529308682	0.0670988682939245
-0.591077617507283	0.476826342207363
-0.439344131336428	0.660682295598797
-0.492088047300513	0.635904589445915
-0.483909089555642	0.359738357234963
-0.309182471729505	0.182878786537311
-0.140506908952904	0.0947222535281297
-0.777637104847955	0.420746091619903
-0.769572010083868	0.415450325974716
0.982620310188249	0.670961306375363
-0.521706211540635	0.507913755139696
-0.0600974240814325	0.0493423509658934
-0.379195450084896	0.211440699364398
-1.46926495359775	0.740466286977461
-0.746973787878746	0.323304757458081
0.811228100117411	0.488713210842938
-0.581224030990866	0.466557825558113
-0.587900690279827	0.473340761468683
-0.588242539201463	0.713350609340532
0.61845297158405	0.602437989721031
0.594943069869114	0.933486173052922
0.332792181441594	0.35984101647507
0.370681410105772	0.344967030869155
-1.23921818341932	1.14804793485613
0.181241544424179	0.0701293933402343
0.445163636745992	0.339724940330342
-0.128368779999186	0.045648725082483
-2.26071768275616	1.13895890649434
-0.203865500780794	0.130434346570792
0.117475418129469	0.0867599327477243
-0.72130575991107	1.01931686583047
0.0939333111305932	0.0663756537065172
-0.681682895146822	1.05163848081021
0.121365484238063	0.0868756473469769
-0.512709143811411	0.319141845192681
0.812650380846629	0.490260386628139
0.173861764570753	0.067249626638132
1.38330094426065	1.2816592570773
-0.999321988715336	8.98990875323758
-0.407517777251184	1.86815004030066
-0.195260581649431	0.558442864887901
-0.0915643450313526	0.175338120794638
0.0738342050294548	0.12737909896863
-0.0721365296835624	0.135081757864406
-0.137220122783155	0.17773256455706
-0.466965152464432	0.910089267788355
0.0496514354203834	0.071238755938377
0.0000188189337303789	0.00000855576268300349
-0.0808464759201939	0.0911846958227529
-0.647260358867615	0.996148510244769
-0.0224063230796668	0.0265543128586688
0.268620488085248	0.509664784124251
0.268955104238449	0.371150886630365
0.235594760628481	0.27355508360887
0.129676208536855	0.166065890893181
-0.0293909709135235	0.0345988241312525
-0.834614366806579	1.38265223638829
0.117659651518733	0.120785890968733
-0.249693123102397	0.387441411029581
0.137811467635362	0.147745144275655
0.382496383191418	0.609342131898793
-0.315323175520595	0.464559508905061
0.0454549725626167	0.0473379553912863
0.226564552767769	0.256916879354644
0.134941476603185	0.14053282733156
0.0490957543785967	0.0424649725583073
-0.13019594917042	0.131881534643405
-0.218961780570246	0.230542573688929
0.0466669469793132	0.0437741093379825
-0.371472932824228	0.468266110066234
-0.0381755825862239	0.0344962433581626
0.0573469542441095	0.0336557460652501
0.200127388553413	0.144028454998558
-0.0486990749603486	0.0500845665197706
0.0975207214042632	0.0892946513648592
-0.114277074695295	0.123127659892516
-0.983635571314224	1.65923289446136
-0.325539290534486	0.493536968950597
-0.438536165779079	0.704540956848143
-0.00664013843700248	0.00701468282893226
-0.248597208191887	0.313743158964642
-0.323654800171195	0.39511343599021
-0.240479457965404	0.198882595281194
-0.15692312666563	0.0828030657097748
1.12669228429056	0.859934958057585
-0.378058478154441	0.257823760399199
-0.560311174339912	0.403953058523494
-0.220061233468993	0.197142782066481
-0.33512920424128	0.313756309215707
-0.934001806453182	0.978357978309047
-0.875755631008393	0.800160389925545
-2.25541901951319	1.1349892430548
-0.580667763879253	0.275761333985373
0.17410886569501	0.0846208794792374
0.317617282424597	0.219176558383717
-0.0249404358106283	0.0157477772896084
0.871336713800004	1.19530269054609
0.110299738759398	0.0836291430971006
-0.0576909600045609	0.0417697853352903
2.76219840038386	0.780594539857824
-1.11760971687047	0.337077079720442
0.814961415212799	0.491948392918177
2.66569208091426	2.71877117227841
0.801118878810433	0.860365854719125
-0.0671551015969149	0.0488050471337894
-0.242682674810342	0.246622045416827
0.0936040900517521	0.0824025186891788
-0.195252957403738	0.144577527580638
0.161251150232847	0.0308565698216007
-0.32485451718176	0.0931499749349684
-1.00006227930351	0.395284560474621
-0.612487701707529	0.148134994320372
0.169248055862235	0.0319917175833404
-0.608428787479893	0.147248610626808
0.687453672774919	0.21969379736456
-0.613682540053849	0.148388769407339
0.681600849226051	0.217707538421281
1.47333622017027	0.491753136545405
-1.50142880975048	0.534054734577795
1.35564812089346	0.600770089805534
0.474198126463934	0.19270082318148
1.79836508982771	1.01416278341983
-0.198832773761427	0.147589729719068
0.00810761904675496	0.00436300956960241
0.892971398777144	1.02725612509731
0.00802961250021668	0.00346795111483723
0.0200082409697892	0.0101648276107782
0.0583206169968697	0.0342308227435937
-0.668079283824368	1.07205807411219
-0.323739183423866	0.462091086939504
-0.173264939399754	0.181152651249065
-0.787960474012618	1.33831176017084
-1.5592532207425	2.51073187636964
-0.382529488600171	0.213977013333865
-0.122215445713398	0.0435046320299458
-0.748750624071192	0.324201697189559
-0.073724423019638	0.0289995321134745
-0.423535521258662	0.322727814817695
0.141916968762397	0.129481192484364
-1.13927089698645	0.631761428017479
-0.174267713980283	0.114997709675599
0.441932137209735	0.336612542459305
-0.305345160227957	0.329472980753573
-0.0817398500684	0.0718037315100246
0.471591241876323	0.44671546789379
-0.98749827487812	1.16059213732491
0.671397152229368	0.479720121582636
0.627550839739254	0.478031713335149
0.819520831091953	0.495039908053714
0.464450897593892	0.188417201617607
2.43270793258957	2.08563988196293
-0.244959509087934	0.179941950243897
0.105486219123491	0.0797365147797741
0.192120782966613	0.125937541899987
0.0559118159104142	0.0512134870750531
0.450130114356568	0.344328361053547
-0.303895621491941	0.179645350678509
-1.2591340394587	0.566104055667693
0.168071883948661	0.0732963178096792
1.11702728198572	0.692719097117969
-0.56585057150629	3.31642230681685
-0.168800750274605	0.522861543192434
-0.0430655621715184	0.0889328469802512
0.0114737347705405	0.0140613359638051
-0.310664929832339	0.6165435284569
0.264154491292834	0.550053842055425
0.178597293549433	0.348945819047689
0.218512079890109	0.345969601196926
0.242735529981117	0.355901339034854
0.0272324927318457	0.0348123632502503
0.207205474910315	0.347566803393627
-0.1926717486244	0.245335927508373
0.463808729584614	0.714325350076892
0.407021631054149	0.619424240191326
0.418400444230765	0.795843078948752
-0.297614006969257	0.395869567956613
-0.0769722073832495	0.0963514588985919
-0.0725201965937861	0.0802984101242661
-0.0931157981713105	0.10068443920092
0.120284750959357	0.129084647529116
-0.0808855202306034	0.0884347704782059
0.0259216913070896	0.0248734455491627
0.206551292188674	0.220236366321915
-0.10231974641823	0.0898424044430752
-0.243516173496632	0.268653559126095
0.084103667007884	0.072112317355635
0.22098734342839	0.241427325953834
-0.339947390210681	0.424679422235148
0.653650846279442	0.914795380638707
0.210808725138823	0.169425612165501
-0.305593166010943	0.26839034744856
-0.147740306847614	0.155593326163046
-0.0746691246254289	0.0732253969421302
-0.177972118292376	0.212447830768304
-0.165958780255515	0.195793397857815
0.569426790039498	0.96385844673871
-0.43653509973071	0.728470809408596
-0.0516978519555475	0.0544311402366497
-0.0879189831305391	0.101772947807699
-0.505436285568398	0.678912063461274
-0.310857061296409	0.293912772276215
0.95351941777717	1.07697992095784
-0.765119751331246	0.497780410208903
-0.28709345230687	0.130418378623754
0.932078166288317	0.812605246618127
-0.162809779588689	0.0860053421371543
-0.125232557551052	0.0445220317733553
-0.59240739549944	0.281980102564621
0.428292588920616	0.195442781844332
-0.251808594642066	0.155789268698861
-0.0119322537791013	0.00762938304457121
0.379072111444536	0.332264400796373
-0.320634295591597	0.305091535709698
0.165880035481028	0.0314978449610492
0.925409951993453	0.502897741976918
0.632497763437009	0.593791756154166
1.11986224236838	1.61721320836623
0.865587218930445	0.791291112094914
-0.197965433533448	0.167771928085534
-1.21914207121979	1.56369360379924
-0.278168797763549	0.200116094820597
0.00989837880834062	0.0062605531341924
-2.57067328278635	0.665094197548339
-0.618535635333325	0.149538863092151
1.83556105705841	0.723803926717143
0.964404580081594	0.255330782344719
-0.330698472981565	0.0947716626031445
0.17863644710503	0.0536867113604282
0.164778629348208	0.0313374327003096
0.16619130625606	0.0315431724784316
-0.37541758135948	0.155434739168085
-0.168989090658107	0.111272273919273
-0.0189777927362957	0.00848692835465426
0.406922179984404	0.349203931308635
0.590795167087695	0.473316563490319
0.385263087779584	0.19559944548584
0.0273077028374867	0.013814605669792
-0.152290592986252	0.1611486212224
-0.20436470040635	0.212537884069572
-0.234071136217988	0.22449945410825
-0.40961378047925	0.462314962016423
0.668170570818755	0.608369552703126
-0.610940706255615	0.577379431601112
-0.129290809734953	0.072314646696387
-0.757455150426696	0.406608679464479
-0.275535396684241	0.197936717254721
-0.52228894658027	0.325830834087805
-2.31974408393058	2.07566192731347
-0.264243040813863	0.164293702182303
-0.324638626226115	0.256000777617486
-0.581251772751978	0.466690571934456
0.194368004194726	0.194906701694201
-0.708432119593871	0.984049009979869
0.362114228104737	0.345198921617029
-0.00682118442359209	0.00314147367446692
0.756067097773064	0.634791196963336
-0.0858631282773462	0.049849507333246
-0.581612369738029	0.276103047641556
0.735659607953793	0.487083979874952
1.93321397263549	1.67715070722168
0.203845520210171	0.152698522771753
0.554747510063478	0.563107017893826
0.193884053132051	0.133477010784582
0.803818085078614	0.865237820720111
0.193572159529065	0.133247310670453
0.528253673297968	0.337052936967613
1.11121331330028	0.687537619360445
2.14783579858402	1.50919916892721
0.364407979809797	0.204924921796147
0.808298960041368	0.641336674236822
-0.166841544128057	0.369885184454633
-0.533724891960876	2.89270708557785
-0.275683173984431	1.12614403450468
-0.426669540539029	1.95882646691937
-0.0668687625830469	0.130577926900372
0.0979042961394156	0.150891333623377
-0.0281021148896655	0.0462390591089958
-0.0198738154156321	0.0319750644916999
0.424095665491159	0.721346401341048
0.33448378876455	0.455941398241419
0.255945365567047	0.409068316842539
0.00352505450941971	0.00511206710732182
0.280726921555114	0.431202262492031
-0.0212831193651354	0.0219412714709405
0.0331692861307529	0.0387012676589523
0.386941739601893	0.794442730700461
0.555999214219701	1.0785940591372
0.281938668429712	0.433764348360376
0.293905415443951	0.480847282502126
0.0763649073597931	0.094139170919491
0.112432992453514	0.126032767483812
0.131424993351946	0.165109793400201
-0.161062810675678	0.191276830081004
0.365576259483507	0.481048197586501
-0.403104192481902	0.548263830108237
0.309411275711234	0.435904249126605
-0.30157084135426	0.367626698726695
-0.700411123760329	1.16070285883262
-0.238361301505979	0.246007724832359
-0.76360067654352	0.760787597357271
0.0110204552184081	0.00822711783753307
0.354989917464514	0.540294829247571
0.131957228872449	0.154644789125032
-0.155343175211058	0.19354694995078
-0.176877089667444	0.198399972493271
-0.652259004084807	1.36999546149013
-0.320983334550784	0.511277570442411
-0.239204151635469	0.37183819999238
-0.0601364800332143	0.0677657548445724
-0.166383963531499	0.184808441579246
0.204181001137436	0.177641589988856
0.20409346955944	0.158388336895647
-0.630549863512625	0.368703010366747
0.920459812956322	0.947122187794096
0.587164543288072	0.469694961390714
0.037342757984057	0.0205500705447219
0.410265378902304	0.186519356607219
0.184833271134995	0.0632518781741915
-0.282695070299447	0.12836790241986
-0.911926229710119	0.548969113885838
0.663772813964932	0.602580186141105
0.120751880654511	0.094706791816123
-0.334478100527676	0.290239081200485
-0.613804976594409	0.148553206549543
0.0443112927715787	0.0243478771013385
0.193313315515676	0.126805286827462
0.457548002327956	0.444428347302314
-0.426464419890868	0.417981166651092
-0.435159069953049	0.50627031165712
-0.282764810591131	0.296384634514913
-0.0551000065271239	0.0398537443616407
-0.205115828895655	0.170421558970537
-1.79867586482886	0.730667932620658
3.27152519356808	1.11907150574555
1.84451762847753	0.728350716630867
0.187984352048437	0.0474280610765032
-1.80294806323006	0.732963939188901
-0.619231127581823	0.149804143358141
1.3549353352076	0.600117468724131
0.173299717196841	0.0670382465534782
-0.307781195951324	0.182267155440832
0.374925645697198	0.211319323622743
0.599351217633684	0.578022671942751
-0.370824492697174	0.153341721991098
-0.582033784036358	0.27659159653623
-0.43058848460541	0.281863769624317
-0.135173347103181	0.135452588420656
-0.601612848077996	0.908238361588279
-0.0857527252363727	0.0868586584122942
-0.438263953772763	0.565863338323513
0.0834491548344616	0.0544216987972388
-0.0688428143651668	0.0271214677787771
-0.11639207759555	0.0648894345917514
-0.215030016699474	0.105906787487506
-0.369839048039385	0.152920865999092
-0.774866683587231	0.829599648576716
-0.170894681435804	0.0905460475174428
-0.652258713803634	0.450845547542546
0.853529913052956	0.897209447549737
1.08880428409826	1.27183209838164
0.196558631288932	0.204532398647193
0.20201946861317	0.196091722345569
0.504330535909189	0.614522831541538
-0.30827382487907	0.182481544939884
0.575811767607898	0.336509199701792
0.81553609614544	0.492393415043805
-1.32255127057347	1.07840504793787
1.84022304372881	0.72612017307568
0.527294505625911	0.336257694796071
0.573833107718018	0.660110908816049
0.626768392847408	0.778019300913638
0.881954239944533	1.00909111181384
0.756779619913588	0.942181411241483
0.191468113828718	0.118883612691713
0.0039899306727013	0.00166558315370994
1.69031101798122	1.60406915131799
1.3147138639318	0.734449671089573
0.175987280932207	0.0857134403374777
0.169216564211053	0.0580449552268489
-0.0408190370886215	0.0175148900396277
0.670662299827017	0.47895453950037
-0.392675451657353	1.70915068155629
-1.26709890545904	20.5487204395295
-0.659069783606247	6.22984471270394
-0.368865036096261	2.14826701122304
-0.252040733416244	0.837535101636457
0.214075837824338	0.718533357617889
-0.00397044976437418	0.00470826372150779
0.328397735082294	0.691556186410794
0.0798717543277902	0.142191458445479
-0.386203236545889	1.23397781127335
0.000267442582041504	0.000238903675821984
0.18864077404346	0.268577266095345
0.349353743622338	0.79318706243999
0.261907699032555	0.614136651037837
0.0669693611936623	0.0745747348662687
0.0150446259939986	0.0210195378401907
-0.0223145205986728	0.0260617764290402
-0.138709296276923	0.185231157118356
0.564582430612604	1.4208086335752
0.130454233743222	0.173925140568398
0.0540811127031975	0.0638624736054926
-0.20732328508915	0.288422569832178
0.199877364046112	0.219043753295875
0.652217305971075	0.98546102541887
-0.640034238344622	1.08369866771566
0.365861309720188	0.481584878622179
-0.333584250959211	0.42133935337277
0.0577747212306856	0.0563008819472369
0.116105192480257	0.0881945413489802
-0.772484286257535	0.922715897744964
0.156992879318437	0.180963853288296
0.305711105219899	0.42606572019107
0.277558763451751	0.424786956311691
0.388570142171344	0.622780258171762
0.00790187311447074	0.00940548254663286
0.521963680149559	1.12186669548742
0.326462342728341	0.604771040915388
0.0415544633490132	0.0540312527965752
0.18777110992091	0.236689414571974
-0.729164825081652	0.837793102137517
0.201589335291483	0.156181347214306
0.363553366436443	0.203999895551891
3.33572606113402	2.99510692143168
-0.782421859524189	0.595946609471964
-0.575288160528537	0.272523624552398
-0.465815035231061	0.241308658320707
-0.924805902196419	0.558968000675209
0.179171266566538	0.0873425686276843
-0.961069356393055	0.47274486368638
-0.783058767039721	0.596496086945965
-0.196606144995592	0.0633346995977349
-1.30401239207528	0.808107099537538
0.786347332508247	0.963235190985918
-0.337190481317124	0.337114445107916
-0.33375162125343	0.235535567111218
-0.379815209685465	0.157270477339121
-0.00561192324326903	0.00260105421156636
0.467560343697836	0.339890966168943
-0.542857655609492	0.56259297405187
0.50814560990064	0.606053838222983
0.0865409390499329	0.077261210538182
0.260017261110238	0.251413190864173
-0.152371051690127	0.130984974830713
-0.324126952894347	0.0929244396746841
0.173305506499925	0.0522037309364545
-0.32485451718176	0.0931499749349684
-0.32485451718176	0.0931499749349684
1.05341521754225	0.402056252876621
-3.74551962293396	1.47870416259712
3.65374776280759	1.44939212067817
-1.7934287506278	0.390727439150181
-1.80294806323006	0.732963939188901
1.96276901321247	0.454520391574277
0.967933372585482	0.256362285789635
0.0498289847647855	0.029256562861974
1.35510261690821	1.4317004584523
0.71911627408407	0.724342954407682
0.622686163312133	0.327511518374809
0.0270707687961498	0.0136927361794878
-0.253754479216059	0.157122173195259
-0.229141409604346	0.243215429910015
-0.220112092984019	0.268359821306131
0.0707121098338477	0.0686603610571103
-0.204619461105056	0.240802996149858
-0.209942558904516	0.244688370909876
-0.0203491596233437	0.0202301718164144
-0.203050358530304	0.168466996486564
0.0332940745167104	0.0311768906767546
-0.071286468973153	0.0688056897514708
0.199423035255318	0.244881080418328
-0.215635979646992	0.208026829305954
-0.444999413137413	0.406812331877523
-0.212551695677615	0.104696607539573
-0.956093906046376	0.469927680828151
2.03537686088992	1.92190932652034
0.0407744526799014	0.0224427404528132
-0.774346325641923	0.505637661107763
-0.237631011223656	0.196145160046332
-0.745838143765145	0.322552749669043
-0.501797267692593	0.189241455696606
-0.501797267692593	0.189241455696606
-0.745228434114775	0.322263483734654
-0.515582621509868	0.320890381171701
0.420440053336061	0.191422412441429
-0.737731160998193	0.936641294297636
0.313941484315765	0.238604578343792
0.32266138225494	0.398922832727128
0.125170898226344	0.103508672329478
0.722135399466477	0.91087347369749
0.337984940095035	0.221161979341166
0.175865706444362	0.0856644525448849
1.80385683760202	1.85814194021338
0.168550105131561	0.0578455983856731
0.178161345351442	0.0610444196674466
1.12537057806562	0.860122620996916
-0.186251426779223	0.152812580799556
0.0860664081734128	0.0753952008409385
-0.111274052831246	0.0765041914119895
-0.229519725714675	0.188566246291161
-0.251163733524889	0.155352471755024
0.713825310959767	0.337379497947728
1.06449307015235	0.407221804443696
-1.30158051655476	0.806201995957332
1.26367902940418	1.07094985956515
0.539955477531587	0.195796460371251
0.923993724928956	0.501949623164673
0.128177324737445	0.731675579045705
-0.0163305767887415	0.0564210759666041
-0.290952907980344	1.83755787022334
-0.776453984827535	10.2805713166677
-0.122901922669522	0.409368178881407
-0.0849174168512489	0.231455201673114
-0.166450700869342	0.678740342540684
0.137231569056794	0.330248964407551
-0.0404369834138905	0.0810129246571038
0.135576074660452	0.27069016288263
0.277621783772531	0.646290482942837
-0.224260104889995	0.477234023176044
0.19279399600844	0.450022160441558
0.359314287925936	1.04488540478229
0.10563657412181	0.198791004280821
0.0622203962293306	0.068978926789905
0.0902347841927125	0.093001647152307
0.196162457894206	0.193284723126024
0.19009552155006	0.117821728236477
-0.876289762429715	1.30016693492878
0.120771460942787	0.0972207849014673
0.128449904629707	0.0983649911461291
-0.0937793580533149	0.0744237208303322
0.728450091694841	0.921912621794707
0.525227181115417	0.63356254379565
-0.327619391405329	0.460307245381769
-0.00864134429080239	0.00814731259354248
0.270871045074591	0.281433027807103
-0.259877898959298	0.315095714806117
0.381101766615465	0.433230792614696
1.25414747105452	1.22992479998265
1.08042611311551	1.67249252105599
0.547538255989467	0.455049379867446
0.0565338703117811	0.0457076288594104
0.39932235236085	0.439682023878745
0.0887202186381696	0.0848717146712876
0.208345358746242	0.199256206130777
0.478277242500183	0.61132494652604
0.123678529925453	0.0997457691068559
0.440231614637815	0.436546242539663
-0.578352175719329	0.696750297359254
-0.769324610439099	0.821288359572854
-0.481898241030153	0.357959593861803
-0.123449842210615	0.0976513972116579
0.533563245722632	0.34159940341599
0.324631513366306	0.224574675968028
1.3245255210388	1.82919564363817
-1.22372922990766	1.12520036154296
-0.252741932363045	0.156300261337147
-0.205343495175717	0.152941407594893
-0.423071240327757	0.3221972782926
-0.189358133244667	0.144182475287757
-0.0226002635990175	0.0142782718979411
1.03269189974841	1.32426385028918
-0.899653790209639	1.06095915060374
1.96372117107544	0.45473924627511
-1.11896025029368	0.337616084496264
-0.365376793227214	0.150864261510649
-0.125116034422319	0.0698699377144743
0.324077441416746	0.210968041306045
0.150555460315936	0.0583666032603346
-0.172707927040942	0.11389749234639
-0.520729631291876	0.324693664476144
-0.310531578996367	0.183750964657866
-1.58154828235449	1.857560558505
0.389036768707454	0.197899736551828
-0.601071231249719	0.286976663620031
-0.955073958947409	0.46872573592985
0.821931621416422	0.49712144977657
-1.25150722571847	0.561383579588263
-0.371200780677022	0.153246492880897
-1.14427496162184	0.635167290809265
2.92819134924774	1.99449517301129
-0.0787170635373006	0.0308841121211473
0.170709462001122	0.0660923528424984
-1.25847725986996	0.565797109462532
-0.470497491472158	0.395195571928149
0.32453450038688	0.224646679944729
-0.0987117608740007	0.0785730041889153
-0.663348320782371	0.723614786176094
-0.234378019888732	0.193087719830944
-0.54708742448959	0.56809514905951
-0.0389021744245484	0.0240589579212574
-0.374925759667409	0.155103292255137
1.69463887256736	1.96609763949247
-0.440418375506076	0.28936268325407
-0.333758269470855	0.26455773470493
-0.326544669454924	0.303920156728728
-0.367449531035344	0.341361837590477
0.662705547072409	0.932844012051988
0.0875587550911272	0.0571512475416163
0.0824760444140185	0.0537678050769783
0.306995910062087	0.232486420093867
-1.1341479520875	0.975160707060263
0.432923314471938	0.440114155811043
-0.259450930857869	0.210733701522813
0.447204460814251	0.445536533318302
-0.454565994957399	0.473719254864898
0.348195970236781	0.337980965851814
-0.120084388699138	0.0925994097485539
-0.285865005311032	0.272193421301383
0.807371878552448	0.765376241625869
-0.255917136899911	0.207583792106428
-0.957257555929788	0.931520989363806
-0.764582280570337	0.908755136608913
0.0830056233359174	0.0540899774227088
-0.314701842784929	0.34197363483858
-0.0710452278233305	0.042754258676118
0.594598956141798	0.477264869181917
-0.0306751060435324	0.0189850219113475
0.202759316227135	0.18068268105511
-0.839737804674219	0.886025597447133
0.610074906251313	0.591554936189642
-0.322080513532854	0.225896004659984
-0.773763269840284	0.719105086896905
-0.516207390234587	0.500824276566766
-0.0465060468486169	0.0287575866258789
-1.03985543401698	1.07482475609999
-1.33876455972181	1.70131956895001
1.4238251753779	1.77301197266253
-0.247717884713769	0.199872705280059
1.06322267479824	1.12713586394461
0.57014083498407	0.47940922326397
0.404338934083857	0.34652409229008
0.476879840601478	0.348314785496475
0.457855195342844	0.458941894941423
-0.00905598101417374	0.0330124085249782
-0.0392328354578749	0.144436561987723
-0.313171488139849	2.01432329677865
-0.07248913528506	0.135836251526073
0.00173384536413963	0.00248645747415248
0.0610826048589776	0.114446835172697
0.424999452605116	0.718829588800168
0.244855847055814	0.28662672519094
0.28783307166691	0.33072402992744
-0.00790361907779004	0.00599007973238859
-0.376872629723701	0.210437787984275
0.563292481126779	0.47174267041358
1.12357169474835	1.62474361349269
-0.271685245219565	0.256100191030464
-0.375018251615147	0.506321078982536
-0.437227205238714	0.691372658737933
0.988238494633431	1.79310516534083
-0.104629392015245	0.101020229803514
0.492578155109284	0.54426093501033
0.911288564783805	0.932869760209257
1.05804333961278	1.11872482545111
0.994335417357206	1.08634862837687
0.930619024467159	1.3377177206988
-0.125786312414685	0.0870133538348483
0.323612498331907	0.332592799292272
-0.226296749529746	0.203698284740615
0.3056681934464	0.356271360780904
-0.332013161608733	0.358198653639546
0.656995746641351	0.784724149430555
-0.526513813509588	0.606281839983027
0.205293728132144	0.164511220360263
0.287300229456717	0.248337689403566
1.16210600478046	1.32102384528901
0.883207824696954	0.656326801705058
-0.290113975533301	0.232567029157216
-0.157956925064928	0.121380470465411
-2.77883742734026	4.57992814218137
-0.615491621846631	0.582901577419198
-0.11533867482586	0.0794310694144887
-0.560896353234145	0.711034226413748
-0.0380765259266274	0.0283800874996871
-0.701235146911707	0.663269936251715
0.363983443296403	0.337220187489361
-0.669021361520406	0.769180911243152
0.979178608686282	0.97103487238625
0.0685631066121724	0.0425107068668033
1.96276901321247	0.454520391574277
-0.76522930804869	0.411645171995329
0.629275007554483	0.331472333529495
-0.907328807601412	0.65674796308296
0.688185381402826	0.219868290083128
-0.782009570570757	0.666318183622753
-0.59240739549944	0.281980102564621
-0.0760883963924995	0.0441331804880601
-0.162616277414794	0.085886531134691
-0.90584413633498	0.6542699487299
0.181995861815111	0.0794749231067184
-0.223976766863912	0.110599956071707
1.09247799441691	0.534633070236409
-0.121819604516068	0.0433585739871293
0.388270116059712	0.197657871222203
0.178779714919055	0.0958690984261712
-1.81253150684977	1.12988124302043
-0.117545848358608	0.065495221009177
-0.76256666003403	0.495960149772898
-0.0417059127662268	0.0178832638693912
0.0884053858670285	0.0601152217090913
0.201972967571144	0.145571208482216
0.552356072829165	0.560207987745595
-0.225432748900052	0.20276384174078
-0.68022860986468	0.588600936400424
-0.205752709991622	0.131714918297511
-0.12498904527434	0.0444985404997069
-0.701060091359901	0.239632648032144
-0.554168433118062	0.398173690447531
-0.156248420909539	0.120055972209843
-0.479581550595485	0.581610197474017
-1.24279615853756	1.74807439801913
-0.161915571171186	0.160888881954898
-0.470075857935412	0.243702004865756
0.187678586129188	0.122763117645397
0.195953243853713	0.121784177697421
-0.125899174129021	0.0703441662935817
-0.430068312566648	0.422422456889625
-0.0798723308696366	0.064113619503372
-0.145883120241673	0.127363401176647
-0.097736357722291	0.093829488122681
0.0161285649398437	0.0128673354371666
0.0735142922878387	0.0626107873594458
-0.185362912725501	0.169222861745058
-0.0257177044083841	0.0193706211277749
0.524915606114101	0.334166235390344
-0.63445947486217	0.645194614327895
-1.33624713973632	1.85798008405209
-0.321080318019847	0.225021416023936
-0.178250663137671	0.117854388409309
-0.401446617755043	0.398574626457717
0.334928439762227	0.218825274214039
-1.5387715404956	1.46963962499808
-0.238182374208409	0.174453217482911
0.195319571959102	0.140298395890472
-1.17813152209322	1.5862712501963
-0.405564493338444	0.374376468442391
0.392950967120207	0.347225665644313
-0.538234054795947	0.479512153812676
0.0328906358526656	0.0237875874775055
0.624353327890665	0.474646226001341
1.26965090273176	0.882744313580551
0.46895587568071	0.34112339382043
0.321770592138434	0.222500561746469
-0.445610875564447	0.442144066758962
0.29955355468495	0.235327126525017
-0.0781971957730537	0.360067520456987
-0.0530946885981649	0.207021396881835
-0.149612187150601	0.352877565086924
-0.224777459672429	0.526934018493387
-0.258458208468218	0.283930528025842
-0.420224460155585	0.569616584210788
-0.115627971096177	0.107578904360343
-0.556718160262947	0.581724958216935
-0.135414865340724	0.117331209485826
-0.146899978556439	0.112232271604801
0.0583750636835928	0.0461719571947763
0.755231386946484	0.633298345376436
-0.877613653735968	1.13953964726402
-0.624212396112085	1.06382192536161
0.421640115003868	0.650079565911698
-0.55228699797219	0.526893583508595
-0.0743301013889276	0.0660390404340447
-0.394915285989944	0.362002949827417
0.325298107731449	0.225160944559344
0.874164321418355	1.1011562834972
-0.266279663400009	0.165686250688255
0.771279166559144	0.853038929551485
0.970165863513399	0.958641073214148
0.203345708323118	0.146677859660365
-0.193744324939741	0.163722373827458
-0.615257334027864	0.737865159152609
-0.0515654299131607	0.0372467694058707
0.566149142970885	0.578655676048239
0.213875329309127	0.182383654696795
0.283936989870864	0.244855152161528
0.811796074843686	0.77113235753919
0.0934413703382774	0.0611224151148018
0.465325917318101	0.337994559769233
-0.60895882950476	0.537331511415407
-0.209423977043022	0.13423082709424
-1.41723292810155	1.49203203231164
-1.06430729504036	0.715534873071945
-0.240723220782359	0.213714920380763
-0.205827140762868	0.131814416980248
-0.249142302872231	0.153992425200963
-0.713881894071906	0.77127425775507
1.17841395329729	1.67782443308255
-0.483538978376432	0.359493952761457
0.0617211203165046	0.0382663102836213
-1.79346061997896	0.390723019452767
-0.461482616642341	0.23879114046506
1.41567008787673	1.09888583949073
-0.196606144995592	0.0633346995977349
-0.697936306259444	0.23851153813937
0.841735975212034	0.357579650332891
-0.174848743624523	0.0926885155212581
-0.125595365267627	0.070071989575142
0.173688120627949	0.075722075568917
-0.669333748637959	0.465628669183791
0.174888032169256	0.0763573772607863
-0.881344820387572	0.7253264941831
-0.378629217328329	0.211128084360064
0.174554672390753	0.0933713657983643
-0.528021916798121	0.330538773356097
0.479394710097568	0.194892222455567
-0.591935818173405	0.281845633059644
0.0191634829916106	0.00979829019934265
0.720389052120582	0.340838408288853
-0.00407423746048075	0.00191400671489372
0.807866982293613	0.641867147418159
0.174415063218798	0.0525132560977555
-0.122000608308469	0.0434160109793542
-1.2999073259007	0.803372468591689
0.572193011734265	0.334085110764027
0.491416203049128	0.336950335434905
0.0699670773227915	0.043411938312581
0.579199828137034	0.575043460481971
-0.32190657271378	0.253449015818242
-1.07853035786099	0.729357580625169
-0.369357547659888	0.152543412743622
1.34822262370512	0.596255354083427
-0.196970790009868	0.0634432336968819
-0.833890930916749	1.04444511545324
0.294991116811434	0.256123829981526
1.47766928313667	0.928511236548347
0.178501542383482	0.0611435078509636
-0.0830187080501491	0.0325407183783623
-1.20168981425188	0.894789587788091
-0.0178764168744977	0.0113184691626889
-0.959800847995797	1.46172434146574
0.0666004645847545	0.0529215187087224
0.506653044891024	0.618562962730529
0.369361242767443	0.343425153692792
-0.221839246552988	0.215085739968912
-0.0753828707073714	0.0603425329687949
-0.444583286765039	0.491450415132782
-0.31407077475911	0.186227731108392
-0.696817886869841	0.703116999657074
-1.44924641656919	2.17260165825626
-0.205635057706571	0.15318296940131
-0.176050957415625	0.147121828219327
-0.217730864253269	0.10744209227669
-0.465566087785866	0.389915780908554
1.41266852745876	1.91141022286414
-0.197657187199427	0.126082332182688
-0.617310654205332	0.359223650483792
0.642902405294478	0.340410383081362
-0.555597541806572	0.399668301038221
0.301439962175571	0.227558869306957
-0.76400976410419	0.761117032400143
-0.359084334152389	0.33168533349986
0.0814406382449262	0.0668267136294226
0.0943286002430973	0.0642981038207282
-0.045432601721723	0.0327547435289945
0.120767959234539	0.086414794934112
1.02051484512202	0.840930007737365
0.761547541649778	0.640985561989461
0.352526747550888	0.197215321612879
-0.27021091049117	0.193587135513074
0.321925541573529	0.222546840623415
-0.0615140711353896	0.290225982272617
0.139156858011987	0.765363737658819
-0.257673301233209	1.57838423225774
0.0732009236260848	0.285338183814743
-0.00576355853106123	0.0109908539905844
0.134025739007148	0.301023418473599
-0.239925615459566	0.667289007204707
-0.0376604109016822	0.078158172775013
0.135631906060282	0.295484650079923
0.159522232482106	0.363939368548672
-0.0749016344298594	0.100949810054637
-0.159761186990547	0.233128041469745
0.0221227461234224	0.0199077934605601
0.368096667504056	0.43160240672361
-0.0546744234069935	0.0447749855092988
0.332520887302652	0.407654349116064
0.0746071872569881	0.0798476931384065
-0.323329841487651	0.39816324325272
0.936404788021143	1.41317095138003
-0.00339232787256051	0.00296537749125908
-0.344297710483474	0.367099437303266
1.19011632296729	1.90246755317003
-0.0267991317634544	0.0223099309410065
-0.311218748760312	0.294299430892386
0.781531580880757	1.03602042750067
0.0596942550538046	0.0520212373247182
-0.0248633508534581	0.0233247687659599
0.557561690099215	0.714077093197516
0.249322714358922	0.274433986372347
-0.194172662642268	0.16018266171918
0.851318700601971	1.09923164669121
0.219946307992539	0.193369606781403
-0.0347634667926536	0.0215040915024691
-0.0560771904139687	0.0336809058654408
0.336067290110115	0.219627984865367
-0.765552361272431	0.578058222774431
-0.775239226278221	0.588205121057541
-0.0537324261641256	0.033264201207888
-1.43434564370431	1.26887584701037
-0.375343546283678	0.350637764380371
0.722371993004048	0.728474214642833
-1.02433089870072	1.56320824599292
0.419075606518799	0.347724940382283
0.62892889898831	0.68001321194967
0.109949464062568	0.0833240909416084
-0.0348727362762155	0.0215791375558548
-3.7511927754544	1.4825089606666
0.168692165501054	0.0508852701391204
-0.52799976319217	0.330667183518666
-0.366365516770963	0.151285265364036
-0.933300980113163	0.566574882344749
-0.424673881057525	0.323816338904078
0.0525219217455831	0.0308160453659071
-0.216887267614585	0.107029937446909
0.063458039834445	0.0372678452921353
-0.0377046290784263	0.0162121036294832
1.10441798721025	0.680738834887825
-0.0354032390789549	0.0152569481094107
0.183714314852199	0.0985192707616615
0.523044389256328	0.333129059291401
0.173178140989587	0.0593793792188454
0.556308696676708	0.202195250417483
-1.46907199273655	0.740509202720264
-0.749962038454575	0.324836661096217
0.179731047800424	0.0540108619593111
0.172437351316937	0.0838444159104253
0.0116024956803167	0.00507274654769167
2.38370926905572	1.2094584860624
0.845815805906363	0.35975917327147
1.30049117008406	0.723689437242112
0.173861764570753	0.067249626638132
-0.109542829358016	0.0752501064268867
-0.327623244662278	0.283139837863703
-0.37656470627286	0.32430012049712
0.285875819109377	0.231206064901873
-0.777137737269087	0.882699396740261
-0.36736872091049	0.284873090663138
-1.53292808756082	1.45997675441595
-0.491684290968279	0.44507875942526
-0.259115877287151	0.210572856271435
-1.33956217653757	2.01921859850519
-0.982882852503298	1.57948390567994
1.26459148203374	1.39915808671724
-0.249186468903442	0.154025479263269
-0.286392202691984	0.228994176188777
0.0912667014593009	0.0621067262836212
0.643581742064218	0.840798802059235
0.452364525533781	0.452086411154799
0.119998194541439	0.0940721273216833
0.327830996827388	0.353339297714116
0.731898521013697	0.928021999216894
-0.128901122819651	0.111212274449251
0.19364682295594	0.144258205589668
-0.413962651571046	0.351161675916413
-0.586705614989893	0.472289789351536
-0.207919535645208	0.155079081280614
-1.16592520171803	1.18109029131084
-0.0625432326574289	0.0443867821797365
-0.373937790452031	0.290884492727649
-0.0421650780401421	0.0260698296714805
-0.407715123229217	0.344664742909416
-0.214972147548024	0.138210975613267
-0.910192432323575	1.07945747641792
-0.929535882950476	0.97132139179449
-0.714623829022042	0.855038154533196
0.280791490200351	0.241499618820177
-0.10141838625683	0.0693952527226519
-1.05882081461975	1.30827779773203
-0.374913418993534	0.322680950762967
0.0239951943680928	0.0161005768732789
1.28538786462648	2.09851439556832
-0.0308342438155265	0.0225803672377967
0.193260181453481	0.133011556127778
0.0293032285210225	0.0204797665879568
0.614224684636689	0.59710977281658
0.285651473018339	0.261115294992023
0.183425962248327	0.106557983619625
-0.453744016512332	0.377737716739563
-0.480823256492709	0.432431476245085
0.475099039007225	0.450576136314243
1.6710145240672	2.69756782484926
-0.0114470526316855	0.0455727076234499
-0.221387689141235	1.60822142990024
-0.000230691145240982	0.000677852378529693
0.0628069767759341	0.132639661338336
0.00849599013083287	0.0150119278238063
-0.279491024232195	0.850491696968997
-0.585005458529951	3.08139554198777
0.00668989897719758	0.0097757191260137
0.137571645681944	0.231050544702181
-0.180002160509114	0.28763948742409
-0.0471268120303928	0.0518752899554449
0.0105881181490494	0.0105309966934325
0.272383567368891	0.339849421213127
0.608479500849202	0.816773373905151
0.0941276415511388	0.0875213328790596
0.491669436517754	0.793587982932088
-0.109971650453598	0.12375472314887
-0.151693253600895	0.180782286619605
0.0844991407877315	0.0946122909483129
0.14989995998563	0.173842183850628
0.250659058615513	0.334730127394351
-0.136434819950421	0.167382123466658
-0.0362154960426592	0.0367394694235153
0.485681957651938	0.737340849854945
0.962185075469837	1.47206210471129
0.604041390573446	0.73969995430362
0.30477365924943	0.230315229359303
-0.172837488935102	0.11390637079039
-1.0854415002591	1.03646830305319
0.672231331182875	0.479746163437936
-0.13613419904386	0.0483273746012386
-0.952755905292972	0.467368143944547
-0.770727670628593	0.584066582379154
0.418613676006639	0.190790466827292
-0.258429830459429	0.16026276024554
-0.464202917321403	0.239985572843547
-0.571323180860702	0.270296699149915
-0.571065130127198	0.413544255381561
0.081980673368564	0.0534338762507348
-0.482191728181459	0.433953007419574
0.450726351101046	0.449939967836547
0.290085600627598	0.258623256454483
-0.175989882474506	0.133045261568434
0.16619130625606	0.0315431724784316
-0.613682540053849	0.148388769407339
-0.0805091278789587	0.0315791187192657
0.711948337415143	0.335772521089498
-0.212037293422465	0.176942562907372
-0.647966761462159	0.663688026243428
-0.0877108103809858	0.0707310769954734
0.154224082761213	0.136178039513995
0.302424578342632	0.237775870321927
0.117821922146601	0.0922206478521268
0.419465408252761	0.190942893827129
0.171753346999323	0.0664367381108907
-0.502166281046843	0.189377225365948
-4.21542532535441	1.9827113282752
-0.613158918177153	0.148231887572971
0.175891515215909	0.0602877256141385
2.76671632811135	0.782410087450427
0.17388527997155	0.0596222487809083
1.84022304372881	0.72612017307568
-0.692203172273827	0.23625033788281
0.964934921520073	0.255476948633611
2.37833363806881	1.20570132413706
2.38370926905572	1.2094584860624
1.60152187977859	0.806283581542972
0.939494568802856	0.821284411534106
0.810383481201417	0.875646162872587
0.302500089853593	0.237897395848588
0.989447536084085	0.678503950932972
-0.0820889516570025	0.0573123913108795
-0.203453681164327	0.13008661254897
-0.121860050217784	0.113911521390516
-0.157704475501072	0.167633252298275
-0.941064398145854	0.989220423466138
-0.0381319527699838	0.0235766361041906
-0.252110948508654	0.22552487393667
0.1965686686406	0.182438579754091
0.674400592898799	0.787924115694248
0.128377258104146	0.115931242718696
-0.249191374482	0.241750076249035
1.23717765677084	1.61156408938573
-0.363869908032558	0.311095094010817
0.52978498546941	0.338243953701207
1.36404338240635	1.44740014190818
0.445482663247997	0.339993600522403
0.626108194828864	0.47587585921028
-0.777677294796102	0.420531961784124
-1.13651810727949	0.977438131224922
-0.644614894980188	0.659338693383248
-0.928435283352053	0.562385264682059
-0.375782868334702	0.155446556365043
0.633669009419571	0.334479170998834
0.848390137942497	0.36112999220408
1.02767330958264	0.848906753317371
0.586503469888465	0.468965766152119
0.356530583888532	0.199603287324175
0.0611757028275355	0.0359189944283858
-0.257187569131798	0.208726566785169
0.0307306538979062	0.0222189929448446
0.0512003657755232	0.0467292500943042
0.182194892162426	0.167093229926162
-0.117411103705627	0.102396592518079
-0.869984950653795	0.793089443438399
0.184783723281102	0.0901009199056187
-0.488178320562061	0.363760410801847
-0.968218308934412	0.477429877834218
0.550942476833057	0.200036223470925
0.97232454634661	0.661702688795704
-0.45626642912964	0.380312122351898
0.212428994323161	0.207880790887473
-1.05687728585761	1.30425609417607
0.133587672521226	0.116259361108067
0.667109366988173	0.475960377486114
0.57186145525517	0.481005191315466
0.045073579063902	0.0247381754297226
-0.0721733825072613	0.0284016753248795
-0.101621474022938	0.561370587681626
0.134991952400262	0.666177530324439
0.146683199311864	0.573525733251933
-0.0184196513990983	0.0464162053158801
-0.0165533636007145	0.0287276081526742
-0.220220188168373	0.56343830252378
-0.106457242515385	0.245909280179872
-0.404440010013496	1.56643534878952
0.0572146255194358	0.0880907336705689
-0.0614998880673457	0.0738637247905373
-0.0726179187942132	0.0771491697354083
-0.59198206466551	0.911827428956814
-1.09333529962771	2.17540030576673
-0.262711291235284	0.306849654257416
0.624473321140037	0.584106050390342
-0.295359495103183	0.257679045260072
-0.161277728969386	0.180782101994378
0.0368609613756717	0.0338850882455218
-0.182689440032372	0.218954426182471
0.21778845913329	0.26349832352212
0.432566873212734	0.576648926809748
0.602767751030108	1.01298824241561
-0.0747182710574513	0.0803032969606965
0.0804026962978434	0.0926566968085485
0.369835553232123	0.496324842191507
0.318207748870609	0.23139007470781
0.277998344962743	0.259477335709955
0.853727719894795	0.3637264312541
-0.760850468544159	0.408775799089169
-1.00727939684884	0.398725619716456
2.58035484326338	1.44759868550187
0.165088029467664	0.0313824661178469
1.46910411205871	0.490049168285487
-0.374092389535063	0.208608510916117
0.381149250833789	0.193402952261437
-0.0896757265406477	0.0520854967787086
-0.5196200348197	0.427553453931739
-0.227339401485601	0.204777160487873
-0.757900168661223	0.407184230399488
-1.30611117265904	0.810964663968012
1.0920955726605	0.53410737727116
0.384044010342967	0.195244512436863
-0.217859141201426	0.107525970541003
1.00255915134911	1.09978707463579
-0.767401602791118	0.580960275031986
-0.304501408954491	0.267293099554584
0.204605981831855	0.168785997746039
-0.110186033079441	0.0757055035816834
-1.13022694918455	0.341328905410415
-0.579774617979949	0.274894701600542
0.468041971492069	0.190033400267489
0.116395745893785	0.091000662151677
-0.228897602384125	0.187938896447965
-0.712653674664732	0.769465921669826
-0.292711852426039	0.23497836604467
0.0210151332256617	0.0141023215482574
0.380529132422999	0.345186816894792
0.839143008593846	0.356449986263414
-1.46926495359775	0.740466286977461
-1.0016546506687	0.39600963496329
-0.702916162136118	0.240304795913802
0.181837521716867	0.0460537144756759
-0.74401016267534	0.321605771996981
0.165880035481028	0.0314978449610492
0.164778629348208	0.0313374327003096
-0.124837825991722	0.044401537177189
-0.325582325201124	0.0933470317045756
1.59756362339209	0.803815611179192
0.967271104517323	0.256176548116206
0.165088029467664	0.0313824661178469
1.05235833798367	0.401844810202421
0.181837521716867	0.0460537144756759
0.169566032486793	0.032038095111837
-0.768437931036981	0.414224502704598
0.176976241302978	0.0948336696580911
0.218871628949973	0.176722814789319
0.470214630529904	0.190887743886364
0.393268593247205	0.200315999378522
-0.126483404635216	0.0706811939645528
-0.226379910753133	0.185599627259234
-0.495617559878839	0.587518283394316
-0.246955076898452	0.268736427007593
-0.12108391702633	0.113077995309836
-0.466062848942672	0.619718688593431
-0.89684474287465	0.645433442858728
0.191147472013305	0.125271986442802
-0.252321823603559	0.156035693584146
0.343437645320461	0.332395741161713
-0.193636798127765	0.190755623439318
-0.163761837533114	0.168112649254564
-0.107567774789961	0.0842625051690996
0.590066086122901	0.665227102623254
0.192922723742206	0.119822069463369
0.508771477097306	0.351373129102844
2.13349923295367	0.963781356442487
0.523742171833144	0.333339310174921
-0.0100035710519822	0.00456082073658983
0.687904703717867	0.219759625438134
-0.74461910719638	0.321949104009387
1.05656822569342	0.40367225045814
-0.276538372604824	0.125242695056621
-0.369916109746739	0.205808128361644
-0.513367867476696	0.319322695871802
0.419401743303408	0.190874816267281
-0.523145256926275	0.326905534938699
0.471737886989393	0.446632728105557
0.66057052793929	0.598867240811498
-0.139440027397761	0.118744810145808
0.130921088239541	0.111284747906674
0.502253503104289	0.624749743140786
-0.769719455308419	0.582679979058835
0.53218285689087	0.34015173704014
0.812650380846629	0.490260386628139
2.58633351266151	1.45364169633544
-1.25479656076871	0.563392057932099
0.185239384864902	0.0904351000965867
-0.724910640398804	0.787144552965923
-0.211665545352098	0.15812194684553
0.065016485445392	0.0381990713744083
-0.536201467755867	0.553328614475594
-0.0037240491515606	0.0017640249078047
0.473019015559315	0.192212164079927
0.369374149317779	0.207967665310792
1.26866194822812	0.881438604276576
0.936856812850513	0.817922613988517
-0.0646007015511305	0.309764184409142
0.0979326337957167	0.472390532328176
0.152178115893724	0.667576841260575
-0.325484205364113	1.80002707234126
-0.43874408384846	3.1397627191107
-0.491003049728598	2.88922523952407
-0.579547952842267	3.16177433413261
-0.86327630542345	6.57312833918684
-0.35669760097984	1.67283380066581
-0.164130541144772	0.508490952498543
0.070600072924114	0.172076166997109
0.0241204109360356	0.0354027118401998
-0.131461663014602	0.199736718393388
-0.0397712714623059	0.0245898161110887
-0.0760309982886148	0.0620120143394822
-0.669766244601875	0.930948049016332
-0.56864805259512	1.07476833733718
-0.315593044478804	0.465354337152863
-0.329667487721321	0.421676531905656
1.06452257609772	2.52199357281722
0.14819381778506	0.135921448028618
0.652335920650601	0.857585754935897
0.870313413910596	1.33869980509147
-0.17067096432765	0.112469708894649
0.679855227845403	0.945049190974446
-0.143579772918867	0.122693947158559
0.0433536592736083	0.0387258986106044
-0.0178827532788337	0.0151930007336303
0.671069261213821	1.00589174936131
0.774398382372378	1.02235987299736
-0.49562599923721	0.4495642132888
-0.617385576321552	0.547238604836517
0.817922083702159	0.886866077362172
-0.246394784192949	0.181219629510807
-0.67143132780954	0.526822836273563
-0.474588966170922	0.246491631170814
-0.0950936960059784	0.0553538071042991
-0.124257250268169	0.0693097858052694
-0.254801274232882	0.157846661434614
-0.773899550707644	0.505952849965
-0.896090166781906	0.742055485716218
-0.875435446795058	0.799735937824015
-0.775967571271883	0.831226856883905
-0.609938702417893	0.538487653444012
0.361919089011418	0.344975752769709
-0.125208991393203	0.086610659838163
0.123339624093877	0.0941467777926481
-0.0936586684768556	0.0657237539354511
-0.251687192992713	0.225042633059427
0.112345563835734	0.0800511852010124
1.14769753109146	1.03983293361989
-1.7934287506278	0.390727439150181
1.96372117107544	0.45473924627511
-2.04826273814137	0.932264876861533
-0.377253388199345	0.210288324210148
-0.125386369862919	0.0446191813586004
-1.47008680839403	0.740846365603413
-0.253405777641717	0.156863706969614
0.0456031729366612	0.0250344004927086
-0.0304139266728848	0.0131834573401993
-0.166499956087966	0.109459475924704
-0.881921823300038	0.725872139790511
-0.310905790262774	0.183992110091172
-0.764473344229221	0.411891470010967
-1.25282348419083	0.562015024066232
0.172012396637245	0.083656064751043
-0.325663137440616	0.0933864485177264
1.10828095571575	0.684620600985581
0.983998480726028	0.672338848920872
-0.985732802096346	0.876066261689138
0.324427805373552	0.211220787004875
-0.495848105642275	0.186769649159627
-0.191951684587849	0.0619002672361887
-0.768112553621067	0.414548070529554
1.42689934984058	1.1120733510266
-0.479157905526593	0.355394979480024
0.323894777451612	0.2241566892794
-0.245958327731672	0.204015842946902
-0.197690071935164	0.178259184575518
0.211821392646685	0.189885359739818
-0.011495354156363	0.00736214954205746
-0.231934936445399	0.226452610128947
-0.292819623637482	0.234985282916715
-0.312175316316824	0.217919702851947
0.815920307676634	0.649926512647404
-1.0690543796615	0.720695823639688
-0.874872530184514	0.717467530020233
-0.77902494248834	0.662816649902915
-0.692957380970342	0.652805807763134
-0.776742911162777	1.10700238820745
0.0323474016382131	0.0276903863968058
-0.040531326290568	0.0250617496054081
-0.8809098080767	0.723943667258008
0.065335602726836	0.0383828189858312
0.193639708152135	0.127038177984911
-0.129564359082323	0.100503315942187
-0.563683370198298	0.646481832446362
0.135214928072974	0.117866881944947
0.0684794893584805	0.0544749664049776
0.279036298606879	0.253875346635504
-0.311722302530764	0.294867592030692
-1.03723296816123	1.07004908049161
-0.361810664649257	0.308866119291628
-0.304032879584276	0.211345780137908
-0.416813965458475	0.354163442447635
1.13638403113957	0.871198409765497
0.0744068322707333	0.0462106051896479
-0.428191394219316	0.420125844156665
-0.329875258959637	0.260932792602119
-0.560949705847326	0.53800694737807
-0.373445099367736	0.290447644703251
-0.0919519886228557	0.0644739047809632
-0.185054007703055	0.140582912940052
0.635709844461773	0.485480191007383
0.302839630923717	0.247442342170687
-0.0364572760412485	0.0267099789692088
-1.24261921912605	1.33091237997879
0.352822288426968	0.343669102594465
0.0702611829336229	0.0436011846496487
-0.212979948320998	0.15928930834318
-0.494314908161148	0.447880283020106
0.335906797807439	0.219748865543217
-0.434663765671221	0.284948344199627
-0.368487402209692	0.250401017099712
0.342928040113522	0.209022801496973
-0.617142501682148	0.585306979086363
0.187967836702006	0.128976851746097
0.0445291787315473	0.0332548690133678
-0.0427446931911455	0.18750071548436
-0.51773938094104	6.16160254893844
-1.03017066496185	16.6225168581522
-0.702819020741332	7.84924103769462
-0.693321173640323	5.96134605869761
-0.720519652419105	5.59773732392737
-1.06847768309708	11.8486364598907
-0.356463070895311	1.88217391765403
-0.384323439275172	1.72616606025219
-0.0882321954004011	0.230042987060978
0.162408309488994	0.366960003206899
0.210905199413091	0.197835259937281
-0.548695404580726	0.665518687124275
0.0383272991418789	0.0395230329146091
0.121464872847429	0.13224975106345
-0.0174047025498814	0.0129647468852768
0.195128109607076	0.188461038445611
0.0111495030511081	0.00997515542772348
-0.784685580964811	1.36807789356318
0.0286544483893172	0.0326019319726739
-0.941448443138807	2.11295633846823
0.241648048200043	0.268676997315349
0.436190312586058	0.696445102515327
-0.0555380639243939	0.0455037827222709
0.250410261623007	0.261056765103518
0.132998917526494	0.120558629666888
-0.137947390699426	0.122055869638771
-0.0191933785209367	0.0179365293655235
-0.162279985098818	0.137480275871075
0.00897762761707155	0.0069473559147831
0.585175559636901	0.744462600363311
0.0898061240970392	0.0860016872436869
0.443162145886208	0.453508805649388
0.376105751251889	0.340224399474855
0.337579109960045	0.220854945617994
-0.363697219018699	0.31077368397289
-0.773595466153327	0.58746860692839
0.587609052674998	0.470255451276328
-0.704717332540357	0.66780231586163
0.176866746819975	0.0772510357409847
1.17709322171563	1.46256013612273
0.389484731544153	0.198129554650035
-0.130152438617657	0.0462916762399095
-0.613804976594409	0.148553206549543
-0.671121420065335	0.52689004739283
0.192517550135026	0.126126472558486
0.312719926125195	0.226844046955478
0.0626340053086048	0.0367581718308732
-0.152268734009642	0.116632176819639
-0.143690220042239	0.0971097196670421
-0.611767459602703	0.540771499779277
-0.235050305900793	0.193677052129843
-0.37485608421135	0.350036089163868
0.202795833665926	0.146232112172346
-0.98108408058199	0.869937620510028
0.16619130625606	0.0315431724784316
-2.57067328278635	0.665094197548339
0.181995861815111	0.0794749231067184
-0.981200735631473	0.870120058274527
0.186303975177098	0.108104135233404
-0.00143327682905816	0.000745659239546921
0.0195985947434863	0.00998557169867027
0.718435275402613	0.339720316166281
0.179479941018599	0.0614871969929957
-0.443128870878448	0.291376743069089
0.394669705253238	0.201067945148917
-0.207546774391521	0.102125819325309
-1.00377782576872	0.397156038036369
-0.0289175656070631	0.0125655092808503
1.43749251428279	1.12518142677845
0.963214248695465	0.255090594573707
-1.12396372987595	0.33934973605565
1.08613465634549	0.529925478553593
2.13053841868997	0.961417195686424
2.14347311299317	1.50217633871168
0.182515705814395	0.0461929473161663
-0.0756829580614419	0.0297309451121038
-0.202615613594689	0.0652232518828875
0.179369859705814	0.0539368960907662
0.945344968957575	0.828404158932596
1.25697177864641	1.23530891554389
-0.0898667200876705	0.0629621205450155
0.978714816226482	1.27430235476847
0.902289052952122	0.920475067736007
-1.16461161200513	1.17894028517673
-0.501678447963701	0.583154817961916
0.0969457278232429	0.066136842824643
0.0416795562855946	0.0229086200063904
-0.315438356740825	0.220649451285519
-0.562651822494511	0.40576474870365
-0.0655392052361263	0.0465795647838208
-0.00368178357126702	0.00281274553349185
-0.840507441081421	1.1593831435544
0.0602007232507354	0.0353396273832809
1.14317945746393	0.878521509826246
0.588245911882223	0.470534284614939
-0.846549263809679	0.832810529468092
0.672219282462392	0.613061855774689
0.0784870708682791	0.0670805093044522
0.489008232075232	0.523909494825471
-0.0268967126526606	0.0205663617081012
-0.282081524287268	0.225001657694389
-0.717203968406326	0.776064846330399
0.880206306606086	1.11365432459993
-0.268095499334855	0.218851990013621
-0.408788523469391	0.34570930793005
-0.690990167487095	0.650013423245529
-0.265798629239647	0.189869058922923
-0.991033208628217	0.882237868557269
-0.316373778458361	0.187857286715917
-0.786050271505942	0.670985564351914
-0.698509181576764	0.65996841349268
0.00670826595173757	0.00422229820204625
-0.882677471690831	0.726649598164657
-0.0914447691748402	0.0640969527663705
0.293389512040126	0.238411667610418
-0.217274939490432	0.107070162577954
-0.0145215062383385	0.00923175053340634
0.279756150539282	0.247753131185857
-0.00744119165495222	0.00472421737691434
0.706410296007481	0.882478159142951
-0.250764842984879	0.155092778457343
0.18618895066322	0.115369067601593
-0.379736652705012	0.355674443162059
0.402924512185218	0.345065424055206
-0.149609412895108	0.101393508420312
-0.67320968365362	0.469459051937331
-0.381656410380477	0.213224969187089
0.32510874127544	0.225103683168197
0.970392763945052	1.1849526948218
0.0394295391074846	0.172267479607654
-0.240860710369347	1.74667441678387
-0.182319125401436	0.77248644528658
-0.252515698033394	1.06479953674835
-0.546463480735113	3.78705362584725
-0.447468884298878	2.96525579985893
0.140246619374707	0.405421405946395
0.0857579083131532	0.189719305565236
0.0575679023083695	0.127768377782384
0.132050210571722	0.161989978250794
0.0548049924899192	0.0561896550640882
0.345768328376625	0.413401004930295
-0.074098981687126	0.0726100014044733
0.201033290938938	0.209923561737504
0.356649424307431	0.480467824074901
-0.537383598934559	0.708258150652168
0.0890959840018348	0.0767041248593049
0.789595599536789	1.48792961916043
0.37038079879955	0.575673731946025
-0.232938493192163	0.258741107121578
0.268607249464153	0.324034264006424
0.0360314939945136	0.0405542304726032
-0.433702114649381	0.683988431976647
-0.210729028456348	0.264880922227098
0.0532366800419064	0.0544610733539663
-0.0601138824566834	0.0657982464102594
-0.0311962371953388	0.0193244897412236
0.0807955918574592	0.0662728208147224
0.97712215232295	0.968603442453965
0.534526055347659	0.342353090062418
-0.517337015171585	0.322665344945518
0.425368153095976	0.193968882132969
0.169047606961274	0.073731210741751
0.687001483078787	0.219402881860221
0.680421237638035	0.217245422782273
0.84874813165367	0.361333340145203
-0.0308609992100941	0.0133697753501909
-0.0748825361487501	0.0294000047981335
0.486836763338811	0.333364792997795
0.117417618746241	0.0838741601070929
-0.195896300806791	0.0631110974355499
-0.321018311982738	0.225181894077402
0.172553947921364	0.0839444384047018
-0.0801618026797435	0.0314312822044557
-0.666106377713951	0.520999227397737
0.417095052321074	0.189979485780762
-0.906823471215187	0.654872834274625
0.188501317096431	0.123414392978724
-0.77831245626923	0.509246712656602
-0.310202321400978	0.293215022048255
-0.767930363582943	0.413988438398017
-0.842410723321026	0.949653434858316
1.06460159682609	1.12904642030187
0.448797118714862	0.34294208441787
1.96684138854469	0.455504908505281
0.692481142426252	0.221366284684109
-1.31203555219089	0.815747566489897
0.718019519758237	0.339400982537212
0.367371666654227	0.206608221762552
0.0443112927715787	0.0243478771013385
0.0896371456718496	0.0609498019244602
-0.145717198832573	0.111211457178071
0.174650990846849	0.0935235582991548
0.575581194275002	0.485007408736088
-0.120236251257486	0.0428246322371381
-1.01544637554403	0.402516794371791
-0.613682540053849	0.148388769407339
-1.79346061997896	0.390723019452767
0.182515705814395	0.0461929473161663
0.176139035531232	0.0447669868764769
0.187435346122179	0.047292837125537
3.27510914666181	1.12076297640292
-1.25915224071317	0.566050922622751
0.692481142426252	0.221366284684109
-2.57067328278635	0.665094197548339
-0.997328550332801	0.394043819742935
-3.07822553691956	0.950796797182827
-0.222730021968971	0.11007694650581
-1.43305134681218	1.26912691207063
-0.454365773189075	0.300223837224833
-0.37976982344433	0.212217754571038
0.356640248007935	0.200026291099928
-0.0331870178601894	0.0143236457867375
-0.093898318467448	0.0658135035938047
0.203748523032403	0.158043042524699
-0.454303252652585	0.378279800567737
-0.423446453894946	0.322673061543104
0.198915327719696	0.12376799246725
-0.0887884771069787	0.0516090298182436
-0.608730068906321	0.665574272801515
-0.355933609085624	0.360851978959717
0.0634392232762553	0.0502933219243402
0.19102312147729	0.156093230837124
0.0518241626642148	0.039868777251562
0.83593048297885	0.975011724738236
-0.900295789883018	0.649467532395632
-0.315350225954434	0.187276824893149
0.406935967590171	0.349284641847173
-0.162791024668249	0.0860466878463586
0.327573377063262	0.226979359228144
0.177112460767249	0.0772833039635307
-0.773190907863701	0.504627802945901
0.0859807661371345	0.05611545727708
-0.855474659592874	0.909872997094221
-0.370947965422515	0.153419528411156
-0.559877348864268	0.40343092335304
-0.365807385804441	0.151036991110362
-0.377176909107355	0.257406113802946
0.31885711082689	0.231976005351615
-0.11718593827176	0.0652820872940297
0.129278130384481	0.101891999440239
0.86672481985087	0.917215667176264
0.280338633077887	0.241167572127244
1.08155275415044	1.25946258224967
0.418069084733492	0.190483937885522
0.462069135122874	0.187272191439331
-1.96215073201715	1.35387277328776
-0.921949569355645	0.556751349337233
0.385979536301253	0.196309273822158
-0.923479358346511	1.03471446279397
0.202111574768817	0.156599644188114
0.682709207106788	0.490527583953941
-0.370058538779674	0.28739681298302
0.805951640431081	0.484207115987728
-0.767930363582943	0.413988438398017
1.59226168506556	0.800152454510579
1.12936271196535	0.86279724346798
0.0346245556067511	0.153943543843903
-0.0276979332033364	0.100148871323129
-0.0957549465691277	0.362881938712261
-0.424888488771614	3.17401132737449
-0.689244238783324	8.08130807306082
0.127084362570112	0.461246754126999
-0.132578947943599	0.192611267404325
0.186350438194398	0.267226616981952
-0.252590935584589	0.387195142498341
-0.118654848866204	0.152600631475943
-0.0541705506485785	0.0645683836011444
0.361145669267447	0.538266139444156
0.407809628551037	0.734530171889166
-0.00583053350700383	0.00639484644128792
0.196456369690761	0.224576917534079
0.00542995421757632	0.00521001179954568
-0.0261484871310753	0.0305189454451257
0.0136595652549135	0.0153421717197608
0.592687559666446	1.28884574915244
0.322687816659034	0.535795751318022
0.200733324655268	0.280864781035044
0.345539572321283	0.641550705921269
-0.0829583483902092	0.106320280993685
0.0330017475257174	0.0350900235383861
0.59554569977932	1.08770637039599
-0.336309299539061	0.314973275958931
0.136374757589155	0.12392315923572
1.45946562578924	1.65611057362395
-0.305446773152254	0.180520655047236
-1.14270574071931	0.985392298554611
1.27433273343758	0.888110419723343
-0.0419609454991934	0.0179745021681357
0.629015458921408	0.331839180630873
1.80451326834185	1.01920977910889
1.64060325188258	1.15306846142272
0.493668380723557	0.339084674038624
1.59721287836547	0.803147695445306
0.111387900178931	0.0820012087989138
-0.0787451161433908	0.0631753295010993
-1.14080362759425	0.632847516034372
-0.238291200393877	0.174590833865299
0.165088029467664	0.0313824661178469
0.182971297255766	0.12528508437974
0.551298334729919	0.200249958464128
0.628306260516173	0.330830968972331
0.329280879156519	0.228477952394461
0.116703511006603	0.0861679739804029
-0.776133459904469	0.419617502238495
-0.169534979395617	0.0898015067206133
0.20453841374597	0.147637296912459
-0.470075857935412	0.243702004865756
0.768153195062563	0.755349404353916
-0.672420697298411	0.579866230921811
-0.1087723364329	0.0942698337886358
0.119987725487332	0.101169785888004
-0.278168797763549	0.200116094820597
0.182515705814395	0.0461929473161663
1.0920955726605	0.53410737727116
-0.298326963372257	0.175764641749142
0.299310029734896	0.243962555721997
0.39732779355618	0.352056643002176
-0.949650626725195	1.00183662691932
-0.202571635904959	0.167929087535406
0.0935780792230231	0.063726443824698
0.469729802125066	0.444405024447651
-0.709698759851068	0.242860149943732
-0.619069360213747	0.149654914653121
-0.319086727547559	0.0915432284448938
1.83556105705841	0.723803926717143
0.16619130625606	0.0315431724784316
0.177213407365222	0.0607096221135792
-1.24557359646512	0.557894856862925
-1.00198766685669	0.396175079052544
0.165088029467664	0.0313824661178469
1.47032706033056	0.490703617760438
1.46910411205871	0.490049168285487
1.05235833798367	0.401844810202421
-0.129371030234611	0.0459892945729162
1.47566532636078	0.926268944973106
2.0602282453465	1.96295196374831
0.0524915153055362	0.0393284737826336
0.562970331050649	0.471361677109325
-0.640974492748714	0.376348143750237
0.687360694449044	0.494768721454723
0.329435618729311	0.362797450809856
0.566893082155077	0.713129363369742
-0.490846262587077	0.633666674875517
-0.251920159844118	0.291836662469992
-0.376342936852549	0.496692378673093
-0.252096568014596	0.155980001464255
0.0137015687338464	0.00707283442917178
-0.503810288484187	0.410758220680421
-0.379047645108248	0.380718927335324
0.0130546546709614	0.0121086456223887
0.185520861217671	0.209887293628693
-0.312089305343625	0.37755806834807
-0.181907596896682	0.165615122507169
-0.39738475279938	0.419535809192422
0.624297425011908	0.474449055308566
0.0183925714495205	0.00938891182774541
-0.93030237145439	0.56380014908685
0.550366707974517	0.458013400393521
-0.11485394086611	0.0639748710614535
1.55740281906318	1.34104959816789
0.307377933771146	0.222251360065864
-0.344574137579308	0.300903920784935
1.05926413267273	1.54141091948028
0.816358938062499	0.492981014876922
-0.369467691982412	0.205704428841511
0.0922587041527258	0.0603478895960347
1.42277954318438	1.10736189934316
0.0443467692157178	0.0331123792521779
0.52171647236371	0.470339039921256
0.406770438043088	0.515795979793198
-0.414094798903536	0.458592847037894
-0.0739133991517504	0.052701167053678
-0.306281680238537	0.181011961199747
-0.0963343864985521	0.0560574845005229
0.602304197698927	0.485269314893208
-0.752590015316571	0.325970993694924
1.30541759867277	0.727570138048897
-0.551792963238168	0.395792614378096
0.278421912945915	0.253262276391864
-0.0977963959383322	0.0761267113585909
-0.542801693671521	0.48464083168977
-0.782160951625234	0.78682215059258
-0.657345461604373	0.454714974240704
0.0419599850894318	0.023064596015117
0.344925286797494	0.226432638853727
0.33027238271793	0.22918782477069
0.465745078184612	0.33833917837201
0.323219645763899	0.21017968626083
0.0501480834374762	0.224161203266616
0.00933455914782871	0.0319887357398134
-0.190451501787528	0.95077940172814
-0.544382813524266	5.18537332737353
0.267228979000471	0.265596834082135
0.538427405228503	0.779827950935385
0.148026737477397	0.148486440144873
-0.238672944447478	0.302449194743858
-0.392238069304685	0.760794811133773
-0.404048188043494	0.741967778918023
0.421330893310522	0.649174218194059
0.504275829331037	0.934941642377006
-0.607014191208913	0.773826571642136
0.659657484157416	0.69996829540886
-0.159211649780745	0.134589905673484
0.911210892169242	0.933526886639935
-0.109413404566764	0.0858260334448162
-0.0460965146206669	0.0332422153550709
-0.519040234425646	0.594433186398449
-0.385833090369555	0.428409772343571
0.702471000397425	1.02713609479528
0.123563974311638	0.0996038582515119
0.216391142184066	0.199246816391067
-0.506289299319494	0.590505485530968
0.296859581700755	0.241741291870481
-0.827768341856917	0.980505615924264
-0.583089554931359	0.468328613498879
1.98901912962785	2.34827391225431
-0.166963151651811	0.08824284384007
-0.277797290080198	0.246420453096942
-1.13843583247211	0.63028693934371
0.16293849871021	0.0559638959423466
-1.64933544258927	0.925231514961399
-0.518557928426807	0.426259458594236
0.0372110344493473	0.0205102411701514
-1.79913083573714	0.730688065905454
-0.0881436739454019	0.0512290321671138
-0.516376439656383	0.321645790872482
-0.763653053365879	0.644947946781852
0.0822191973282031	0.0511424921045036
0.189653503069073	0.117615925821065
-0.931584744930292	0.974631215325932
-0.113686905251734	0.0782656765415547
0.713939067579646	0.627466616517677
0.71319292676943	0.626720050112463
-1.80307476251632	1.61791685254353
-0.247845214129356	0.182471556596678
-0.342767569397407	0.36503767591496
-0.585399290067499	0.470978182381593
0.297680770532228	0.266631838850449
-0.143841909467934	0.0972068883491603
0.962553055030982	0.254827961566665
0.962553055030982	0.254827961566665
1.4902992464567	0.939939092495449
0.182817882978819	0.0981069218427716
0.627567532991904	0.330878791440902
0.178254851579563	0.0536080680261321
0.179369859705814	0.0539368960907662
-0.88058414578617	0.724471423172536
0.167528719988263	0.0574898975108769
-1.1399005607857	0.630911571385364
-0.168686942782701	0.0892645994358249
0.0104811414591978	0.00552487622632731
-0.919111370008557	0.554842486367351
-1.47541864492646	0.745048164284577
0.177340813939346	0.0774632739071795
-1.07661398328355	0.726436308224446
0.422446176317576	0.192528590584956
1.09505118507128	0.536094229299985
-0.754508822891655	0.32716641948946
0.634148600923121	0.334787507967656
0.544218436165038	0.197506777270022
0.470214630529904	0.190887743886364
0.176618617260405	0.077047383860408
-1.58494056853392	1.20496677026025
0.751885882445088	0.630003334410968
0.0734832571913499	0.0455838132532221
-0.540639564824398	0.559437039564519
-0.229740406552538	0.224081447128576
0.394100922039537	0.348430540676308
0.203775882485523	0.172763584061542
-0.328130927825911	0.283729488673379
-0.252042053672648	0.155863229938156
0.359526584277966	0.201632385197288
-0.25420045766124	0.157472242788287
-0.461482616642341	0.23879114046506
-0.19866808684961	0.0640066499155127
-0.153457189912165	0.104150641283596
-1.26486625964029	2.18787904396403
-0.360958870743397	0.334019739349909
-0.270953722953362	0.26126651968242
0.27644471787737	0.251044189970801
0.0132120600273882	0.0108256713466097
0.0781667140179587	0.0485589842580662
-0.522519355510845	0.430413882745656
0.499882009564947	0.344207309509573
-0.767930363582943	0.413988438398017
0.00472412841081006	0.00296759922110307
0.45341035409429	0.513846420774301
0.0766284601247708	0.0666953476137474
0.0641258697836784	0.0542801713601489
0.269716115429302	0.262644182502453
-0.559137610508606	0.707726147933351
-0.222799331745835	0.20008054468659
-0.247772651220913	0.199883408642097
0.474974151274239	0.346383067854869
0.303595620462406	0.256764709210882
0.326556789173181	0.336566370932243
-0.161192781424677	0.124073501399294
-0.0349404166529555	0.0216173749769428
-0.274436756205411	0.197044590930365
-0.11313424928656	0.0889424426841996
-0.534328063502023	0.550803724787825
-0.183516842307031	0.139321758507827
-1.12086745971179	1.64868838028873
-0.263398257990231	0.214573852629618
-0.413430277486986	0.313408080876553
0.578455528230622	0.460833877820329
0.572523256485165	0.334775206199306
0.464427391612948	0.337125097497075
-0.065763036424931	0.0395409712904035
0.406926118819675	0.335389331010839
-0.579598435480218	0.561525878460742
-1.32421952354625	1.67144683444186
-0.0621756331664754	0.0373570700645097
-0.268206141485616	0.236385930999834
0.188703823030751	0.129570576450725
0.0703147419804871	0.0413235688222703
0.328905857096035	0.214404868428255
-1.30757494605456	0.812323680027306
0.190986822549052	0.125176631371597
-0.332686964833042	0.310973061893755
-0.0894515225106703	0.0626519076354387
0.280734835454608	0.226378104002438
-0.115626096936463	0.0796675265828268
-0.290625813929987	0.233023744265258
-0.0572349885671232	0.260065854612776
-0.288588275102819	2.26469603467515
-0.18701900836561	1.02653922890687
0.0393400322754457	0.0422071980740479
0.162555749366622	0.153633203134068
-0.276868532830189	0.317129829652091
0.347075050773846	0.530882878781728
-0.156486334092515	0.166169830793002
-0.0279885325314554	0.0299892399744542
0.121425270780766	0.147323275002264
-0.0837745562760329	0.0868837065978597
-0.0457177821579013	0.0530684113712808
-0.0600695562895949	0.0595765764676705
0.500775710927945	0.685079902124477
0.663157106031806	1.08348152549858
0.549550789173085	0.771660932314846
0.489052999532366	0.675812902201181
0.892533595837503	1.58769097392017
0.406203870066735	0.496224478036335
0.210423071722468	0.201279657085244
-0.706166906521864	1.0151839360559
0.518116434144211	0.466335338423032
-0.20589530016959	0.153387928103612
-0.528873629518843	0.437222143203335
-0.150690409350278	0.102153848277904
-0.928557746274509	0.969624896647219
0.195420325330012	0.113893734603633
0.818809202075336	0.653260533399945
-1.13891015649489	0.630528953547089
-0.687411556776722	0.596934176052292
0.194240606652522	0.127479802340523
0.00699763838527048	0.00300916510195801
0.364781214595279	0.205010091420741
-0.374742183807728	0.291526941931914
-0.274436756205411	0.197044590930365
0.446289254749437	0.340733752282039
1.35636045207216	0.600949327384119
1.07275424815098	1.14192467617701
-1.26339363610792	0.568335202679857
-0.653201520661347	0.450772232263243
0.344827392942411	0.210501142800026
0.175442686112456	0.0854469627997826
1.37194107787078	1.45948065699423
0.734891465026808	0.486125639815271
0.496931904368022	0.341310833825335
1.06698980318682	1.1333251705178
0.682060218279145	0.489358699269456
0.0515173900230803	0.0385594672115126
-0.232216102179524	0.169489240728856
-0.245228715866193	0.203354836612847
0.111681654942416	0.0795671354268842
0.334931444714855	0.218989812016878
-0.494817503599559	0.186297123887455
-0.703651055748467	0.240588737528622
1.56914592113361	1.35796630662825
1.79224341103324	1.83816001125078
0.571891981741611	0.334500521950834
0.0814680541717208	0.0506610923799645
-0.270519670439019	0.193838035381933
-0.307078522180463	0.181647248544272
1.47032706033056	0.490703617760438
-1.80368192120879	0.733397419313707
2.13736636122811	0.966264970252144
0.962553055030982	0.254827961566665
0.547731489910715	0.198721788016129
3.27152519356808	1.11907150574555
0.962553055030982	0.254827961566665
-0.324126952894347	0.0929244396746841
-0.613682540053849	0.148388769407339
0.867982160465181	0.793782844392508
-0.491710078833126	0.366882185405644
0.511304659049452	0.458485791164518
-0.433858580788693	0.332294311581775
-0.453118397950606	0.376789537237283
-0.0924170848219155	0.0537502621474665
-0.180147854621868	0.136448432427247
1.41687502318309	1.92049816447537
0.31125063468972	0.225597415959875
-0.207308944181468	0.132784824598787
-0.00320956243530364	0.0020417970792143
0.491124252758424	0.470263268232593
0.0354522813681249	0.0264157623613758
0.484256879430887	0.461881051541637
-0.404053229181887	0.340786816544415
-0.614135373168827	0.705650627909531
0.911209049036673	1.05797829275862
0.483373324775286	0.460798675946401
-0.214311374783677	0.137747444126376
0.895942192992884	1.03270960335127
0.427630977597063	0.433280675955406
0.303411896043593	0.238849695046075
-0.772618915617746	0.717504983965624
0.478471822883018	0.455063990667585
0.688412790657914	0.71311471328681
-0.19483329258565	0.144272045109208
0.20145700506187	0.125422463831384
0.198721422914159	0.130685230550598
-1.07781486974052	1.02582722370611
0.69814397582906	0.726977787425648
0.312889274204788	0.226889304229394
-0.464580140891958	0.240240173573524
-0.880990542050479	0.725057711021617
0.343106473143517	0.209252157957776
1.2590314823969	1.06489932697632
0.0574109528276321	0.0336770892582528
-0.0570306247199141	0.0412809591259
-0.0315933890873925	0.0195591437463826
0.32604193585128	0.212424813995112
0.178076073445791	0.109937628518524
-0.695774791262292	0.656174146470248
-0.57306705264644	0.55350645657931
1.03673663520339	1.33250668870588
-0.255434394145212	0.207017219379273
-0.235167170170187	0.172018544694043
-0.464580140891958	0.240240173573524
-0.178627903302146	0.11810165654782
0.35241825533345	0.215523025331422
0.183138781563801	0.0981802907414266
0.761690518774425	0.837496376881612
0.36672801536156	0.340431764615528
0.300651458164501	0.226820408199535
0.679972492691959	0.487512329498151
-0.770451746808725	0.582865526899468
-0.0450631193400724	0.0192783362098936
-0.663338962195955	0.459918178941961
-0.0396653538727825	0.0245139266943962
-0.207193282917917	0.132757547044315
0.20289295656268	0.140300881537691
-0.0283667135822868	0.11920518274761
0.0745410220836141	0.341284384332496
-0.0817667807376518	0.0933160179516434
0.446427766270676	0.814973450474596
0.294632129721772	0.352284805490258
0.502223583966096	0.916919717927495
-0.168429304420307	0.223549283601187
0.121280590186331	0.138912400200592
-0.141513289597663	0.174556360632454
0.0480111420336135	0.0475926055538876
-0.0564085675610351	0.0621219619630457
-0.0884538062188155	0.114126800073074
0.358712233827687	0.521827569664493
-0.655870068282719	1.15246293756095
0.496575657297604	0.835708191063416
-0.224303348745329	0.274641169746039
-0.261875379191086	0.39700556748992
-0.10596686652305	0.12240059073204
-0.0292659798477014	0.0275232980175969
-0.214923578894288	0.196189220565601
0.475803212859159	0.534086396825358
-1.06939898900116	1.01347572535895
-0.453842856715923	0.416799121568937
0.468709346488043	0.340913372832909
-1.31207758435968	0.815270980814116
0.527012161269901	0.335919404833186
-0.0441715159357501	0.0189038221283094
-0.00550138069125434	0.00255673793773898
-0.0775736606010374	0.0304730734956713
-0.165239911754609	0.108613768215567
-0.125375880619607	0.0700252802613939
-0.46950395041865	0.394143545025635
-0.839460417991684	1.00068800442017
0.497402516552217	0.342198267420599
1.37246841713487	2.10650832997446
0.899893493052263	1.21201122734534
3.27752825134246	1.12202020233476
-0.171868945342988	0.091069776537514
0.810342284409672	0.644803931898323
-0.374367935902034	0.154859203967229
0.563264385945839	0.327766138614148
-0.0432055406795058	0.0185003868224182
-0.317736055276176	0.249568408861677
1.01883901040173	0.838185968687037
-0.283198403536057	0.128575825228733
0.41751595322331	0.18993514319526
0.188096599554117	0.116648425194826
-0.430599196964628	0.329201953604825
2.00412345101077	2.37939798351084
0.416159437477189	0.430140472445602
-0.952171435496429	0.923828428948821
0.193040232453412	0.126645709093941
-2.57036588579023	0.664816582891659
1.59923975249082	0.804669261280403
0.412168483354373	0.187395907646168
0.688635522767663	0.71299398233204
-0.165239911754609	0.108613768215567
0.557628806695657	0.567361769574694
-0.374184708979614	0.321876363080347
0.20063827498899	0.155394235531888
-0.457842207599695	0.38192001230723
-3.74551962293396	1.47870416259712
-0.463754205831739	0.239683216169918
0.184291063239428	0.0465991085839434
0.554170265139292	0.201310818357217
1.83941655550072	0.725786652717124
1.4646350690462	0.48856709745013
0.165088029467664	0.0313824661178469
1.84451762847753	0.728350716630867
1.81008609684881	1.02337979056573
3.27631781619437	1.12171855032085
1.84451762847753	0.728350716630867
-0.439341078816689	0.288605606066329
-1.45539102493439	1.00422715477358
-0.773417711052958	0.826997993234748
-0.596087107142396	0.481945164529994
0.210559676845074	0.131610856642882
1.13050773894479	0.864253798396816
-0.356850847906491	0.36186507916978
1.1286350787501	1.89848751661589
-0.124939133087356	0.107490533933476
-0.377632599769344	0.353230089893508
-0.374742183807728	0.291526941931914
0.0159131501303451	0.013013318630416
-0.14986883492007	0.138399694700581
1.02505401840549	1.2257541534007
-0.324343715481014	0.255736112120777
-0.28957666228493	0.232031402561938
-0.278769907404829	0.200517398293031
-0.297896628496802	0.260417100305598
0.350711898431176	0.350128054867094
-0.260305191614929	0.254263734178143
0.882851530984039	1.11720606208321
0.571486486140548	0.656614055800176
0.280947708529772	0.2692826871746
-0.782669653864782	0.667032705006773
0.369285840586814	0.343413071073897
-0.0554372806351847	0.033289903275448
-0.516939551600176	0.424718045719863
0.184339869820814	0.126326148456058
0.0432081290896886	0.0237588744593281
0.318405575242079	0.206703637411724
0.0985789016656805	0.0673092417478427
0.593684544968509	0.671106235236102
-0.430323627548911	0.281272223279031
-1.2069357639118	0.900630661983695
0.0763483104563789	0.0474433393408727
0.0432903902239173	0.0237864810952703
0.928054449691066	0.807014208279218
0.173914010876616	0.0759251117962961
-0.668451787653203	0.523366461549487
-0.994051774696147	0.886542143963728
0.188988045845802	0.109858375600851
-0.0768474245909282	0.0548682167004145
0.533111523035599	0.552816254318274
0.212260731348973	0.199254309206948
-0.0637477843969546	0.0452546857036836
-0.0358788493287851	0.0267274959937553
0.491357849641147	0.337134165343432
0.202592752071188	0.151640128256538
-1.30979838323967	1.06237840522769
0.412168483354373	0.187395907646168
-2.75719478407068	1.84179790878649
-0.319915682826189	0.224289491270363
-0.56597648218276	0.544354625520551
-0.0563698867072375	0.0407707659356181
-0.55445646073401	0.398337471615129
-0.230767701428349	0.168367150854803
0.187291142528368	0.108801259642318
0.184234613458718	0.114066135464616
0.0195639774716463	0.00994498169367417
-0.775324727650886	0.506342459409171
0.182549736686287	0.0978301883194066
0.0197868553083147	0.0810011617276101
0.12472786666804	0.608986320528251
0.149133511915276	0.566643718993055
-0.0910070681640274	0.316149994499359
0.162645924330558	0.606742688191987
-0.381437953178882	0.640659711509023
-0.417668665415567	0.768983580311792
0.19188298530477	0.281147389524843
0.657125433299015	1.30843853927658
0.255247426395406	0.362480475102903
0.167741460053125	0.229537785294489
-0.598945265052183	1.01946746960231
0.256793336465332	0.334305087741317
0.060080863359019	0.0626465730264004
0.470595693001252	0.937761671855795
-0.0771930904651622	0.094997357612379
0.0449690624003118	0.0520890345279278
0.524220057071619	0.909677990286681
0.381373615349079	0.598881822582069
-0.000148827687041165	0.000187484924236408
0.229615133927235	0.315427037621065
-0.827487195887798	1.75371053688186
0.143183266428286	0.179674944360009
-0.857954515190432	0.974685116929156
1.17850760538289	1.87436434496573
0.174899169086388	0.0851670042735498
-0.253987321814953	0.15712177684429
-1.32118188267248	1.07629125899859
-0.310942505914502	0.184244127145548
0.182471843526849	0.0796858034516034
-0.28393549604954	0.128757346512117
0.918188499904846	0.498102003628762
-1.83426869202162	1.15227025474747
0.515503056996403	0.326005710037074
0.637568863223421	0.337012569037705
-0.28247876861927	0.225364630217567
-0.16816293953075	0.126543560027131
0.0309734847644969	0.017125645910039
0.656208207232695	0.694873068104448
-0.237783759178511	0.174134405556447
-1.25782089316011	0.565430196965056
-0.359221961999008	0.277197076032961
-1.50335347787301	0.534889336029958
-0.656973124448656	0.454356213234269
-0.122459462104697	0.0683773719752291
-0.762245867136818	0.495358222427481
0.201277985060013	0.174837661422072
1.48593246211952	0.935576806442289
1.47333622017027	0.491753136545405
1.08969250037679	0.532857398847186
-0.77052863655064	0.584122765213214
-0.0757520059581967	0.0540553228235268
0.0820963909043224	0.0535131443794113
0.805291298773435	1.13050047906987
-0.181329345690129	0.17691528389439
-0.679679815257354	0.63555035634866
1.96372117107544	0.45473924627511
0.0592459259227167	0.0347446683644034
0.174264521759678	0.0933098228916324
-0.170472250797902	0.112310773158635
-0.599459610528776	0.485440870922056
-0.472954295324966	0.397772786904908
-0.167879170148159	0.126312090301437
-0.283170741917805	0.128599642897359
-0.69681330218041	0.238104465757831
-1.1245135089551	0.339452387639693
-0.32485451718176	0.0931499749349684
-0.327498449554433	0.0938114370055266
-0.697936306259444	0.23851153813937
0.182515705814395	0.0461929473161663
-3.44686848748983	1.22339694388155
-0.326043908260378	0.0934449166225896
0.554880938863188	0.20152285461421
-0.191244569931459	0.0616646869685805
1.83438379793333	0.723158469152769
1.96372117107544	0.45473924627511
2.76109157462938	0.779871501961836
-0.493870226068304	0.186000352373661
0.393042459333693	0.200398689359678
0.0125798122404172	0.00655440148797202
-0.534178180785091	0.474564096276028
-0.465370579277353	0.241032836868039
0.335632279179315	0.219397158096285
-0.486161681629334	0.36176739061531
-0.32188769385396	0.369088419851575
0.146243043792628	0.141571959449325
-0.227114705690935	0.232326660426012
0.396073655164436	0.435401411583104
-0.364883125941911	0.338574604366876
-0.780955406736331	0.937135317109616
0.39820736035982	0.438435208312351
0.261021663883655	0.28477636150879
0.76168651063959	0.920337110819384
-0.863071403911835	0.921431035166375
-0.967186790694279	0.476670002118071
-0.517887573859419	0.425431846393388
0.0728047626209387	0.0473366009017761
-1.18084807053685	1.80937083739939
-0.299754140053302	0.262374966911704
-0.13402183473567	0.11811101926194
-0.476551528091099	0.467151449368969
-0.334918350899246	0.313546067648635
1.00083714238163	1.0968898776002
0.526703669318469	0.525182643806089
-0.766319212533574	0.709069628141755
0.186377540827605	0.115377466208971
-1.33623300757615	1.32592336674517
-0.516172717758175	0.321461397957703
1.79493723803571	2.55480797779982
0.666097362083644	0.605963714252869
-0.904109517508893	1.13088836365194
-0.375723388549766	0.256086546382359
-0.625950057466608	0.365601779180712
0.341725485776404	0.208294540157903
-0.475168535070515	0.351774465409118
0.613924257667063	0.322249882579093
-0.319892346338461	0.22425366617072
-1.23450910053934	1.14049365730718
0.731464597700595	0.483159529717796
0.458651496530831	0.33214547015611
-0.416214929173966	0.316002267653062
1.25574563176684	1.38420475855459
-0.11090642978992	0.0962582144042803
0.285380914759036	0.280936855162333
0.260259807986652	0.262676144164825
0.761654454533685	0.746678744739802
0.0976567240381963	0.0691163257237058
0.188037492268431	0.100967668322176
-0.590949882015622	0.281350368578303
0.528642980402776	0.337357865059639
0.17628853425871	0.0858753483478682
-0.252122848521727	0.203999638668081
0.402630898260071	0.344771596531429
-0.375574692736634	0.255967231999954
0.449979592369655	0.448919003071692
-0.0596747732277957	0.0358508186347885
1.59555833836223	0.802157652410673
-0.563690083655572	0.40701228065901
0.384044010342967	0.195244512436863
-0.169731287328518	0.111743691719871
0.0250879540696852	0.102265740279118
-0.0438774846917371	0.172023334207722
0.0934680944185975	0.395401579708647
0.260599606205252	1.23908983813926
0.16003556790955	0.164809654528229
-0.0230303836143576	0.0254050364385075
0.422223182088342	0.819547121218773
0.979242574365266	1.39654662379992
0.465443412175531	0.58887364591717
0.495986542004416	0.778455974730315
0.424091568948419	0.688690245119113
-0.488538090960901	1.305089614105
-0.325163510999754	0.591319569537201
0.191259055654511	0.247826640528035
-0.228702279703124	0.329339720993747
0.206210514839497	0.248128057053909
-0.240284494208936	0.231571603663905
0.15591048179718	0.162597291589382
-0.124007239718652	0.0958493919324981
-0.197089262845076	0.181480781198602
0.643698506820628	0.785265620414067
-0.219631435550879	0.254636014369254
-0.255054014488791	0.312325681685219
0.737505413026487	1.35294650424953
0.551816909628404	0.643916854541572
-0.562654851645808	0.689008990451822
-0.331586488236463	0.287247840137185
0.631106315826105	0.481020952945618
0.187204516143009	0.122446033140817
-0.000458750697856236	0.000308615758979473
1.93519327826732	1.68157622284219
0.626839540431651	0.58637149679562
-0.418817682697187	0.318106498989044
0.0834591805597855	0.0519617127643787
-0.0741899069918027	0.0291703427470554
0.0379168537259645	0.020879171556562
-0.683405289806139	0.640463673371005
-0.640932718217991	0.654404158802505
-0.600318021155272	0.486312110545418
-3.07350260546998	0.94852963330217
-0.07668108162561	0.0602355054578482
-0.557935490672294	0.401794350785846
0.809250191733181	0.767683755173803
-0.238684013902482	0.174925299220981
0.0603334083070417	0.0353879934724737
-0.368371766635607	0.204869045947991
-0.115272931286529	0.0793863571613814
1.35920248544941	1.4389604556367
0.082022702237289	0.0534528898518773
0.0669643381351986	0.0415374319145932
0.910420468765137	1.23350680376972
-0.0423289511668012	0.0310615481862887
-0.904687341442488	1.00234167595841
0.301402390489687	0.2369774641456
0.618956670473147	0.688223419864371
1.47155078449581	0.491168545293048
-1.6503375931984	0.925527073933205
0.516714699538711	0.328612361588466
-0.376685215277109	0.209932408977135
0.180558380914376	0.0880563760167763
-0.760878358296892	0.408813147898117
-1.81549699023978	1.63761102073285
-0.464202917321403	0.239985572843547
-0.74122831740074	0.320242482806758
-0.0394107840924818	0.0169272738734662
-1.00377782576872	0.397156038036369
-0.508786249084006	0.192068550469136
1.48444386383094	0.93443444823315
0.175624616624756	0.0765808855672503
-0.113028340606283	0.0403568153869018
0.622692488238304	0.327561992900102
0.480784163820623	0.19554158587468
-1.49633399610699	0.531774933095134
-0.375913484716817	0.155538822167635
0.549934062313663	0.199685220416624
0.177207107568398	0.0861562943136944
0.935634273792741	0.816277335936323
-0.429594655010184	0.328293742791706
1.15927648772575	1.31580342269561
-0.136321590383883	0.106167783723564
-0.508779864609872	0.491172486177554
0.489935663863464	0.468750875445299
0.33158504640671	0.33502535726189
-0.0332348123067064	0.0205717622840304
-0.202306592667775	0.129344150734801
-0.17473481772414	0.115358356423018
-0.216044432531742	0.106588697949566
-0.515048056781224	0.422692147146137
1.6723462627126	1.57563830760639
0.0612871069245378	0.0379788292015516
-0.272227192394294	0.240618584377363
-0.54962210529619	0.598834838832132
-0.411479936616917	0.439240897805102
-0.361392541000624	0.411373134757205
-0.561773394589302	0.687356559838523
-0.29817329727754	0.240087547821983
0.442906730576387	0.355513583480373
0.499882009564947	0.344207309509573
0.752515096096685	0.630773499273941
-0.0925057895898827	0.0748412798549486
0.375976430527858	0.425694414915251
-0.297510324217723	0.296064585742718
-0.643191744914253	0.817265951012864
-0.235404094204883	0.230669087100822
-0.488661677781984	0.505462782089604
-1.19627218272042	1.38016498669225
-0.989704295448914	1.16462496136186
-0.693939931227938	0.6541125206451
-0.298811994774993	0.287137563412342
-0.208215888608988	0.155366582707994
-0.994400990655187	1.24716098680692
-0.868993287810798	0.791858701840088
0.390966687192046	0.345062537236987
-0.620807191733841	0.590164970368402
-1.25785241500494	1.35649514557826
-0.228697371198664	0.187777572366074
0.0210151332256617	0.0141023215482574
-0.336526699381959	0.315316590366033
-0.435254709278309	0.395544803629066
-1.00945319534795	1.36976859134571
0.331651557622549	0.201015467083194
-0.210014158232874	0.134698901465322
0.296085237510408	0.249236034886794
-0.277624424839119	0.199594913487345
0.110677117993913	0.0839349432327321
-0.400058428164045	0.396686625669477
0.828542681804858	1.05543715574692
0.330254215511809	0.229266267769573
0.429435332648067	0.342182696444688
0.86123614170208	0.785697044676883
1.35184563055401	1.59416163348196
-0.325481418529923	0.22882128972289
-0.692858839663176	0.697752552963449
0.803362230756202	0.760105106301438
-0.409555434808802	0.346614058783207
-0.840390500818904	1.0023825814621
0.213439408819461	0.160728961791852
0.0479008154756985	0.208057300117951
-0.0969727439123288	0.459771407341876
0.176035992406979	0.742119732547003
-0.237799808774798	0.245415746206779
-0.420783457758969	0.688314748379224
0.152949763689709	0.180187957599838
-0.305546083807278	0.28783943116198
0.288970594653601	0.349420648619175
0.157761737636401	0.181977601379561
-0.0483948963617587	0.0469657464884094
-0.289217893707395	0.500933051106024
-0.0778265431037365	0.105777529656304
-0.048724098661332	0.0522155475917219
-0.100395589358775	0.0800010624267697
0.322745321509093	0.22327663254198
0.380628256372125	0.345302786059469
0.485449435191472	0.446545399450584
-0.0545069824372441	0.0460428539982681
0.720534073945387	1.04048551095184
-0.218790251848297	0.247735709833902
-0.659797254882821	0.754179225023614
0.0935313252677684	0.0823228770180243
-0.409267694617675	0.378647279193401
0.190447158831649	0.136450583477435
-0.336597060785931	0.292559239294622
0.314499160945275	0.228291582575261
-0.143080965671055	0.0966790256839112
-1.63172710620779	1.6633779354278
0.207523245554503	0.189907074252789
0.565506317657747	0.329519456913651
0.553459142396127	0.201030755019039
-0.76862623935477	0.414835875147762
-0.0991815019146918	0.0697570177172145
0.192377420138094	0.137989564227809
0.473243240422436	0.448636634380399
1.96684138854469	0.455504908505281
-0.78256095175283	0.730254883403187
-1.46967631623163	0.741011018316937
0.30789825589876	0.233259619274446
0.581558373989554	0.463967590965145
0.106349022593344	0.0755840549530246
-0.0628482921830155	0.0377640595860793
-2.21419343858796	1.83294159666965
0.179991419055051	0.111241034377857
0.0554406922230567	0.0325284984423033
-0.483994703892042	0.359926318749644
0.207314262018947	0.176098006740913
-0.207182090832012	0.188180618089893
0.746534797028074	0.847327844111292
1.04212985945942	1.34322819245665
-0.87284336393552	0.71469978618805
-1.79785205353169	0.391773074809323
-0.328777361869378	0.0941964324844904
-1.00557028486789	0.397794564458927
0.177607489139513	0.0775064744500753
-0.0782004468952671	0.0306899272143896
-0.196970790009868	0.0634432336968819
-4.39733349974346	2.23218906068274
-0.6602523081736	0.45755782695431
0.819718088930695	0.495744872105683
-0.0790625292918921	0.0310426513056719
-0.282695070299447	0.12836790241986
0.168550105131561	0.0578455983856731
-0.0781472245863618	0.0306652259451465
1.83904259060411	0.725255788020061
0.544218436165038	0.197506777270022
-0.738600717529989	0.318959488343669
0.687001483078787	0.219402881860221
-1.45285199301928	1.00030409419732
0.479787385949075	0.195135116565142
0.879079592456745	0.650865646052285
0.494050551265943	0.4567337296357
1.24799165513944	1.37049002206241
-1.21984244132303	1.56491219849541
-0.0937319650402744	0.0545269647986218
-0.489659405050805	0.442652425963969
-0.780371185048648	0.593543312146606
-1.12558002532078	0.964082910060203
0.0543077059955936	0.0318842320982162
0.572101262310604	0.334433340442976
0.178564875216849	0.0779351068292143
0.820919825582127	0.49618616069923
0.0116070987480183	0.00606299756475787
-0.115621956474734	0.0644486346195324
0.121325149624023	0.0925570375192905
0.207653199889929	0.185527865845507
-0.160972784381873	0.136235991154684
-0.0122245832147393	0.00917661005778162
-0.501017039059797	0.522348914079344
1.41579466993181	1.09799061307699
1.26405269797177	1.07030897551669
-1.30715147310378	0.811624784191431
-1.80229075671085	2.06372574572379
0.600898391155489	0.579972883167839
-0.349225517163299	0.352545422425443
0.147488443693565	0.132408447970729
-1.06302444599306	1.67175516720607
-0.579562493581045	0.671835810982286
-0.125061912559525	0.109611510492921
-0.478588175003412	0.469771088090199
0.445491778313552	0.443276494398488
0.294602086735938	0.239562365439037
0.057499100015844	0.0337158943805484
-0.93605316544387	0.981368368144881
-0.229479129178785	0.188513451844918
0.336589871093862	0.23425029354962
-0.690409545084643	0.648828113251007
-0.690858598939479	0.694907558637983
-0.133151204860068	0.0895401134881481
-1.954550200096	2.46801063459034
-0.920999040010675	1.03048469812747
-0.322002903348435	0.277268873593904
0.125361609977914	0.0929595560893058
0.00574556666201679	0.00361012289077877
-0.951641741608268	0.466811094507108
1.27267165934154	1.0815678217293
0.524701519636384	0.334116348804269
-0.0259419842024941	0.0161275940993616
0.543964298856316	0.548863879435504
0.416491842073087	0.345025889375523
-1.62832565153024	1.65692418886316
-0.0719208621135386	0.0512276496119751
-0.256523068061578	0.159020550195624
0.183879250217368	0.106635906066435
-0.036155555090563	0.0223663802729979
-0.512217262744515	0.318556537822694
-1.46454824115948	0.737058651118592
-0.693208717418561	0.698058369777123
-0.0941626526371463	0.0660949919299535
-0.281154292157664	0.266929841000541
-0.269450000024265	0.237707835898757
-0.0987006363449422	0.53957183359692
0.0971565964621591	0.463810199382977
0.197953587773916	0.264152580846915
0.659497701490408	1.54472631742641
0.264173193884816	0.449619262590079
0.0690798210928533	0.0698806123755676
0.284989051744399	0.354212525298487
0.167358424955608	0.214792457301696
-0.119078415729693	0.156928286723968
-0.127493699903813	0.181608876519901
-0.0692257228377771	0.0948516918917828
0.787504126544573	1.65774461014841
-0.522127571810974	1.03799865460927
-0.780165732057348	1.15602165916637
0.0594978214362248	0.0564031304784477
0.594525722753478	0.808685570952477
0.0751698089344353	0.0733098832613292
-0.136973948730016	0.106711508896166
0.484902379277242	0.596514657951818
0.285979211053453	0.239341680083101
-0.915187463345664	1.02089894078949
1.07677339100752	1.14819976649972
1.26935089601642	1.07730743397205
-0.9906956687462	0.881843168897981
0.546346904865407	0.198325214127253
-0.00601484612082935	0.00278122183569166
0.87852145698075	0.651622454333879
-0.629155396463608	0.63789638921483
-1.31589690610954	1.06993777400006
0.468648132091307	0.190251206068022
-0.236262229102424	0.172907689439861
-0.545920823660843	0.488304058916164
0.759168660545789	0.63777225788824
-0.161114020465477	0.124079911226919
1.35599982772491	0.600674346947817
-0.329285323089122	0.260361530018703
-0.58330366443147	0.276637536267328
0.976487905337617	0.967673889350874
0.178818364475998	0.0870534082003433
-1.45133406821936	0.999426352901855
-0.170267235255335	0.112070013903247
-1.24795043279816	1.15954380420649
-1.43007442731298	1.26189867509022
-0.668174469959466	0.52386611106073
-0.487394040872411	0.362871318033637
-0.116973360246453	0.0921723444637564
0.816778182587232	0.777669474967506
0.270583139859529	0.238159780894136
-0.864070506045518	0.922839675080685
-0.439931103435168	0.400952230117727
-0.3358441065628	0.0961666214694948
-0.209904020971156	0.103293720712109
-1.80328874130775	0.733096849202467
0.0119808965944539	0.00624605890569966
0.19006169952255	0.0569194977045989
0.10054366864328	0.0686972439004898
0.0631419320637974	0.0370698248112402
0.811955712042735	0.488802237280373
-0.317930299818256	0.222660338587178
-0.321011266565823	0.0920911495247304
0.462872226332155	0.187737106063827
0.165088029467664	0.0313824661178469
-2.05383996725686	0.935953279687901
0.177795424572055	0.0609118795792828
-0.60895933746012	0.147406558741333
0.552061266868988	0.200456124723519
-0.329964215322259	0.0945505800706473
-2.25940498066347	1.13793022239324
0.849767099826588	0.36182590832994
-0.939307528039389	0.57140581132052
-0.212234393077058	0.158695500377818
-0.181675868458539	0.137679834031681
-0.954827505126916	0.928144141745278
-0.264365317958135	0.23241952077274
-0.448260032478832	0.295480862376026
-0.283222442401647	0.226102047789589
-0.118162839972908	0.0815123092923212
0.193941117804863	0.120507851883126
-0.976790212206091	0.864413858536376
0.0619705947605877	0.0363637423771766
0.173391292437061	0.0843541253309815
0.437614712788025	0.350351911990731
0.103475564356531	0.0781591360098908
-0.609043395120803	0.666540357909304
0.150418556326947	0.129513865011077
-0.596959658699266	0.64853288447538
-0.566404136019812	0.54492093955365
-1.33178136221086	1.99949034674779
0.0252108434252603	0.0176209953869161
0.205542433833831	0.142268559142803
-0.598238615222007	0.524983763746828
-0.84558895797436	0.895057741156012
-0.177025471740773	0.147900629049753
0.135068593376752	0.109620653881198
-0.0407166210767253	0.0298611676358581
0.378173718910061	0.342510411117568
-0.369715176172077	0.344101427421356
-0.935751368223188	0.980673158462589
0.48489741122817	0.446153937586949
-1.04307017310872	1.07976466476188
0.31346397228671	0.238142455786213
-1.25892706743931	1.51902466524219
-0.37993526457524	0.296580799198524
-0.309963410288874	0.18363129262938
0.175442686112456	0.0854469627997826
-0.0615262102973467	0.0369613864177253
-0.511961847708745	0.419513135697571
0.191981569076653	0.132064904627592
-0.0040852740336472	0.00260107144812218
1.38596851456555	1.28548499198857
-0.517753609525377	0.425607180047989
-1.0150080102318	1.12609843800823
-0.338978663595958	0.294983694428878
0.411854056186457	0.340394884798223
-0.911315637720037	1.01457380565754
1.02954904881109	1.31805935759641
-1.3396009166442	1.52761519557516
-0.514164237084637	0.319970470808958
-0.250848321376403	0.202765717593112
-0.677337840931855	0.585792623368695
-0.0402604443492045	0.0248898501915695
0.561434803275917	0.470068102690751
-0.674091045016905	0.529427271047248
0.708012498552154	0.620351961935359
0.180152919935037	0.0964603915195486
-0.222177651587396	0.109812316285756
-0.221415854624322	0.160695375541907
-0.850981677916341	0.903164068498308
1.04597143905594	0.991369350735549
-0.496127389746832	0.371038786366402
-0.526724568283429	0.329438534720941
0.015702086473279	0.0649893219634
-0.164727013036151	1.07202831282786
0.0807797941544046	0.320497130746635
-0.479141403448878	4.7717095156886
-0.621499183958686	6.98162541740219
-0.0393001370468447	0.108540372189876
-0.108128754676982	0.325057139731217
0.0378732100181064	0.0908917601652524
0.194368912560775	0.48365794968963
0.270378827643701	0.576730740229771
0.222619975912166	0.424501140959127
0.286106300373989	0.548742917573934
0.103478640466541	0.156900547730932
-0.141083830693773	0.208907857486189
0.104539861432269	0.159374483488561
-0.424204880528054	0.586672464583086
-0.297903458639673	0.384899584699244
0.672762876005345	1.70887265781332
0.242707488389376	0.378749856441681
-0.262809459503031	0.490561568321678
-0.21744607309272	0.341256725755521
0.155024463909816	0.231891902782087
0.0578815826209012	0.063174188451345
-0.128514474334683	0.168036508166782
-0.265720973671311	0.364052053790143
-0.847819300615017	0.898426759189388
-0.617119384760495	0.546866741877729
-1.19494632124971	0.887060413444606
0.497902224697367	0.342119227751892
-0.123315093970217	0.068836461612879
1.55008079318919	1.33301123505205
-0.0728619231799769	0.0286390622815502
1.47032706033056	0.490703617760438
0.846123820020908	0.359830157453413
-0.123383461810898	0.0439460364093289
1.9964421984344	1.26319236118395
1.59721287836547	0.803147695445306
-0.724304696552473	0.829850190782702
0.208250671258736	0.19061496757603
0.175520499901646	0.0939260219531222
0.343676905356732	0.209562328034455
-0.133706780587676	0.0898824871751427
-1.49561006114969	0.531433597211914
0.806957972023293	0.48541599658367
-1.11390573268458	0.335899190520225
0.681813975441539	0.48974385322353
0.187435346122179	0.047292837125537
1.35170505429441	0.598459395279544
0.536914313505311	0.575768902376077
0.549225010517651	0.199456707208777
-0.274634430844339	0.124358300691603
-0.576317467715243	0.273135189901008
0.922949382351468	0.501209857976813
0.0949260405164539	0.0621408568773821
0.896987785580609	0.669793077501077
-0.505954759810253	0.5897138317616
-0.953781153211304	1.30535264440369
-0.726716578280616	0.790318517054234
1.96372117107544	0.45473924627511
-1.50189389559208	0.534121741351592
0.692481142426252	0.221366284684109
-0.31698387508205	0.188240285656951
0.188847014188543	0.149814448957196
-0.0756734170245889	0.054014102083943
-0.0874649594807194	0.0612087311517736
-0.00801440094480573	0.0052096565027825
-0.0336816261033877	0.0212753532891735
-0.17012442258902	0.0901151573025218
-0.32759034209047	0.0938892839663892
-1.49633399610699	0.531774933095134
0.179746106686676	0.0540237006551008
-3.44686848748983	1.22339694388155
0.164625296117395	0.0313507498370328
0.692481142426252	0.221366284684109
-0.619069360213747	0.149654914653121
0.165880035481028	0.0314978449610492
-0.324126952894347	0.0929244396746841
0.330095816997335	0.215080517564932
-0.0614420512020777	0.0243238595968468
0.526967908201531	0.455702901433758
-0.924172787578902	0.559231889716552
0.176138785194489	0.076835812846744
-1.31302778828523	0.816122046193117
-0.0246651715937987	0.0183251756955439
-0.835294540071377	0.993592865686923
-0.258756281508148	0.266325909333647
-0.327212981640118	0.369875381471168
-0.994199961848856	1.6876139365308
0.290469975552638	0.340258229828721
0.667456631613248	0.862886917135519
-0.0822846690235179	0.0723857712067558
-0.489631642253582	0.365042388329967
0.179482273335078	0.110836848441561
0.629255314823748	0.479555527135968
1.01712416501875	0.835888060766257
-0.635085273894495	0.645902959569361
0.223277465487113	0.237389517795839
-0.116029061767678	0.113071515361882
0.150101913489439	0.132163375967993
0.364467608494814	0.40000994353371
0.52423217848054	0.557974727927
0.65015868453903	0.344729188268336
0.348811695534528	0.19475389364126
0.468602008697511	0.190152966892753
0.189700519533126	0.117494021528313
1.10462391745767	0.682294980917413
-0.374866350980459	0.155154148817034
-0.119396505036939	0.0425742797620838
-0.212681340974506	0.136617841200635
-0.175796379396688	0.116057000634407
-1.49633399610699	0.531774933095134
3.94131434673369	1.74409517718346
-0.371336427701869	0.153389557765106
1.05731446601517	0.404073999886943
-0.705122000210367	0.24103260832319
-0.372461690984847	0.15385606291698
-1.64989445763606	0.925627695155045
-0.465881822851189	0.241473658350038
0.383324334440934	0.19448585974956
-0.288694674683975	0.231250028621058
1.14803737120832	1.17605103466937
0.568489016822568	0.669836942090336
0.00135131144684527	0.000949650471156912
-0.828808785767432	1.13556086028223
-0.555501090766089	0.399347323145649
-0.899146140327565	0.64820711508633
-1.29986090818791	0.803713481713555
-0.222730021968971	0.11007694650581
0.471437286557169	0.191357677073301
-1.30611117265904	0.810964663968012
0.319363700765402	0.232381744767244
-0.177439979687942	0.11721005626021
-0.169534979395617	0.0898015067206133
0.0295235862970358	0.0213479256497213
-0.171868945342988	0.091069776537514
0.473807985851424	0.192496599135712
-0.302372746258304	0.178620329862875
-0.703651055748467	0.240588737528622
0.0844894186524662	0.451311730940138
-0.0826854748658181	0.385994966067122
-0.623301095245869	8.51455834410452
-0.764925950262551	11.0556910989118
-0.21385478959919	0.97081215369311
0.203011876501688	0.78419263009346
0.119393494010245	0.355977363847995
0.22950042800428	0.395928062728437
0.197716441996577	0.34660370736543
0.206471431789059	0.308821587221408
0.217594733090022	0.342153594948531
0.0380578382551355	0.0477816416332688
-0.561204846536552	1.09590008218492
-0.487937720662176	0.804407458821622
0.205567114356261	0.292210641131575
-0.0857639849549348	0.109999757172861
-0.583685094139422	1.02192482895953
0.284082934234118	0.353039417911728
-0.564636167756653	0.929130222691566
-0.0567472808308255	0.055469289413308
-0.0747849542269616	0.0609479921789712
-0.130289140445933	0.103443426433521
1.66628064281758	1.5661959948383
0.187265152404012	0.100540000185645
0.931109631261069	0.811453331989119
-0.082505196570293	0.0323425077598634
0.177213407365222	0.0607096221135792
-0.0748232390858092	0.0293773202669746
0.410315793762944	0.186533873695475
1.80512563394182	1.01928780972392
1.63917521514656	1.15034643002915
0.483773733595523	0.196835446977148
0.562949382212228	0.553637629687924
1.05075876267137	1.3587832233668
-0.116451907910495	0.0648813931963878
0.066960965293539	0.0415014701438641
-0.417607563527283	0.354935427165104
-0.614206104379299	0.148455859250315
-0.00789709349754927	0.00362085258399071
2.76671632811135	0.782410087450427
0.411289221632577	0.187092169932754
2.13386142848874	0.963951590957412
1.29847901360506	0.721819868944662
1.01924117667925	1.21441869342155
-0.745228434114775	0.322263483734654
-0.756916129118786	0.406445424997159
0.977102175596123	0.665444368930642
1.3495769767586	0.597194616535652
0.468026739798479	0.340351117239
0.0306218497406979	0.0154459042513616
0.193514189417382	0.153988537251089
0.105038485039498	0.0770414588098991
0.182111425167581	0.11258128489728
1.96276901321247	0.454520391574277
1.06228828603256	0.406131001097981
-0.379128430852176	0.21174030729475
-0.288729779386623	0.13070340183127
0.523742171833144	0.333339310174921
0.446038127833225	0.340350392661574
0.426934143783817	0.340024068375474
0.631639608351797	0.481938164374838
0.597128161884563	0.574829024930669
-0.582373229093078	0.467718474170067
-0.619069360213747	0.149654914653121
-1.11760971687047	0.337077079720442
-0.608428787479893	0.147248610626808
1.06078959666294	0.405437996491229
-0.788165036840608	0.601665778641726
0.175393306536693	0.0765574950148324
1.25368013681789	1.23039724488921
-1.08296184338004	0.733602263398321
-0.356863287811938	0.14708284195187
-0.0877610819638033	0.0509819819003489
0.857002607000779	0.903073310564755
0.127310914367282	0.107909213209733
0.205273815140678	0.178733234079216
0.833766393498192	1.06614400529711
0.100804959326632	0.0714494174024694
0.32123483510276	0.358720688655962
0.296136832684164	0.232154149526365
0.419414155571926	0.457396888566226
1.44770138895352	1.63548237326926
-0.130027809607573	0.0726538298909816
0.393780404504587	0.200651929274297
-0.459205002743579	0.38347274493469
0.448618299342402	0.3429594925761
0.262266269273465	0.254009274275568
-0.702496355730113	0.7951351624596
0.286326400218791	0.24730091736207
-0.0989066213117174	0.0770674736673797
-0.0995120055001002	0.0700189084632302
-0.0365305210372118	0.0157081266220334
0.738742842490582	0.489720465505795
1.11121331330028	0.687537619360445
-0.769607353615958	0.501180971298657
0.339659080677019	0.222440257854394
0.847066444986921	0.360326317513944
0.702225685796444	0.330977366323799
0.536284990431559	0.343387343100156
0.187215830087099	0.12844174807996
-1.81101986319166	1.12901374496393
1.3052911858303	0.727785158396084
0.474198126463934	0.19270082318148
1.10003650019229	0.53898080670693
-1.25254603603633	0.562193102367071
-1.26274007831871	0.568005385179457
0.719412338789723	0.340297154529456
-0.777033761878674	0.590215371756945
0.894052233365436	0.6668279319894
-0.195272564630784	0.144570474334662
1.09133380450044	1.27677044088599
1.04997460419696	1.44015569371301
0.102182838694282	0.0698566165825165
-0.490035556068987	0.484149734342062
-0.764543793907744	0.49730286945905
-0.586981942886118	0.279285750334352
-0.476809061867702	0.353231595346493
-1.57777312173769	1.19351333428839
-1.0697575794662	0.720800546820247
-1.20436256581623	0.89717076324748
-0.771506063677736	0.654245066101469
-0.773010966082492	0.774048675803923
-0.372083569563432	0.253247423781184
-2.09370585086562	1.58669841413742
-0.0836037328908814	0.0485449993493387
-1.79839826083819	0.730397358466732
0.17231657402208	0.0666548669668037
-0.77601529611533	0.507501110726502
-0.057431507929913	0.268522287047772
-0.179595731988499	1.15783907085985
-0.335974029677783	2.53627194458257
0.0970241314100658	0.347575660516937
0.223445234916934	0.92184107389638
0.232284910507917	0.749348137417063
0.176629336412349	0.215538901220483
0.271099480796139	0.492319751449324
0.184653147690393	0.292599480528933
0.00239617179661184	0.00288687000825717
-0.396075683163581	0.819388750011055
0.0268689706532927	0.0371984380959367
0.149990921494731	0.164948435931617
0.314573063213858	0.492304077109244
0.00738529020210419	0.00848675944171697
0.0525804277918914	0.0480498402824201
-0.259140466834278	0.284785947911605
-0.359734878917982	0.456795762448733
0.340555126500907	0.328993893625681
0.0709920639778098	0.0440478468673118
0.112016139811031	0.0824470410980358
-0.134577736117596	0.104674250062583
-0.368759163501656	0.250477684110721
-1.00906318075178	0.399734482931109
1.09645720621756	0.537013029562423
-0.227445875014784	0.11245797479469
0.426397409454567	0.19451490110927
0.576227811198532	0.336883069987897
-0.779790836197201	0.663905436467087
-0.417546101137253	0.31725142779898
-0.313291442231981	0.218875325406096
0.185536277171621	0.107797148585819
-0.335402649805435	0.0960160240054412
-0.0662585295663932	0.0398485864006222
-0.584593974811294	0.277733537849142
-0.250013318912336	0.154497242502379
-0.129979551481791	0.0462019065222805
1.65027922594135	1.1650129895515
1.14264523409416	1.03375685420757
0.493476195182268	0.33869676069324
-0.956069082331503	0.469295459078014
-0.516465989436102	0.424281844380152
0.17133310499009	0.0662650406914928
0.191963348798988	0.12587824683463
-0.373117079905619	0.254075651702594
0.33997027801261	0.207152796238778
-0.535844396349039	0.55298192125777
1.67899626824551	1.58482381237642
-1.79346061997896	0.390723019452767
0.463453634222606	0.187971647179528
0.750213131489978	0.499863762825675
0.165328789378709	0.0803220577180452
-0.0761264665855521	0.0299139766048307
0.173199780333018	0.0925977160346127
-0.300653446334393	0.177504188371437
-0.954514574162285	0.468359712013935
-1.19841443841348	0.889892524120151
-1.79839826083819	0.730397358466732
-0.899982206271164	0.649286136555617
0.179088432672746	0.103765652296718
0.743971407530305	0.843256078654279
-1.59635967457443	1.21730716812727
0.536273116997282	0.466035854686542
0.172978619178198	0.0841481140405126
0.183151679068568	0.140358212040559
-0.290386632031444	0.232804839123038
-1.33289657849478	1.32079080631399
-0.378299435559262	0.258230452917646
-0.325613761683219	0.256926397285554
0.0849255368162474	0.0554033582357532
-1.5383686835465	1.47046160533993
0.975529512366991	0.966311298447213
0.0844229449240916	0.0550739797753707
-0.135299777932459	0.105265109536243
0.428236991726585	0.341078944623463
-0.250893610256788	0.202844634193707
-0.910252804674292	1.39105158289881
0.397400375016686	0.339221346832
0.491880771787941	0.471118443208517
-1.21969239476104	1.56434044114427
-0.556274302044071	0.400230210612044
1.161635847557	1.4331456178357
-0.286124506570603	0.206606835510897
0.581006522542186	0.340467702312737
-0.02877633893506	0.018160318008954
0.391931722371658	0.199573117482782
-0.0380607712882706	0.0278982429841752
-0.199944070871812	0.127640633084543
0.812063725217648	0.877448366579465
-0.0547075401746462	0.0328556625760803
-0.237991872262549	0.174337204486759
0.464427391612948	0.337125097497075
-0.0644205635617909	0.0254571501544209
-0.772387654955872	0.504001929034057
-1.32156525168201	1.07673298925428
0.359343636379601	0.201187272175155
-0.251061571038653	0.15520767511117
0.627000861051296	0.477351118888638
1.37936300043301	1.27722308285831
0.195908583684696	0.128668840959872
-0.0643093746300747	0.0386649498815699
0.857957184813492	0.781156289730411
0.754786590055569	0.633357102979022
0.0756358267784311	0.0469704998213015
-0.368665431221211	0.286015561283165
0.205891701970722	0.14253130185739
-0.00967535136386641	0.00441832528801887
-0.373677528014281	0.254259763321709
-0.874840900184755	0.799052293695096
0.17540461106838	0.0678246045165576
-0.0343636704342692	0.0148279990278093
-0.621905125653248	0.362433837503998
-0.778661447096224	0.591968642042537
0.104806214907052	0.593359622754274
-0.183690719246131	1.18718456893561
0.125952884002664	0.503047972607734
0.378619645013199	2.26711718225583
0.384935367493679	2.02404840957454
0.0744128750040198	0.115091555773966
-0.410659396851262	0.729825499652268
0.169436293971672	0.234661777995393
-0.002249903601141	0.00232864879624651
0.190725434242624	0.30103980747431
-0.0333414672323115	0.0385065152194094
0.0269396735102319	0.0276527840850093
0.0508655652835867	0.0581508849994332
0.0275864788284399	0.0257647977348319
0.331611097056514	0.216487832905138
-0.7749222531421	0.505982593508612
-0.763314027196348	0.410408341179151
0.576338698666115	0.337099471253924
-0.217859141201426	0.107525970541003
0.297179572329024	0.233073051325532
-0.383922417394178	0.300208036283425
-0.255666785082243	0.158272215163862
0.0409486338493086	0.0296639298666636
0.826029361162746	0.6610096415462
1.47032706033056	0.490703617760438
-0.307976564186464	0.182079852351946
0.177135608349328	0.0685365301350542
0.701464577516199	0.613039423521203
-0.222730021968971	0.11007694650581
0.179538260200118	0.0783683233965964
0.318108056333091	0.219582120493965
0.495235932957231	0.339819154376271
0.183440567956279	0.0627804993608223
0.179849811668124	0.0964187182492402
-0.749152599446099	0.324297859639446
-0.0341514539287802	0.014723804246443
0.421158835718328	0.334185523412264
0.203986630669208	0.158255106651252
-0.701097431366176	0.663036154716184
-0.288687366931434	0.208692465132514
-1.79346061997896	0.390723019452767
-1.1182849071041	0.337405124817419
0.631447390838361	0.333317916604404
-0.463432199532043	0.239932470986758
-0.249664131585259	0.154246371810271
0.849703919989068	0.892060594355944
-0.270519670439019	0.193838035381933
0.196888254324805	0.141536960020874
-1.02309943748292	0.809238948929259
-0.120236251257486	0.0428246322371381
-1.80294806323006	0.732963939188901
-0.0830187080501491	0.0325407183783623
-0.372326339235676	0.153761645573141
-1.69758542951094	1.40462489040436
1.29694224603895	0.720632879630045
0.814961415212799	0.491948392918177
0.186492065689366	0.0910321414074152
-0.151318385811409	0.102579582903006
-0.206085831587686	0.171288377157054
0.0530211023242774	0.0397377291785915
0.487056496801829	0.521318941495482
-0.802109561042921	1.06958595965735
-0.838483030560943	1.10490111118921
-0.263684182548276	0.214768556448568
-0.210690138802094	0.191800960106485
0.189994211153851	0.11785088278476
0.308067709012984	0.233357260496141
0.00037738542259473	0.0000678103333597457
-0.272223920929769	0.195190556620684
-0.283974326970996	0.226690362035846
0.905637152830677	1.28337714787086
-0.161442167830258	0.147621856777336
0.499705351488609	0.554608266174835
-0.0028488999927522	0.00180935316481195
0.607681389480976	0.588648403784176
1.08826942096698	0.531593308943842
1.26120373917321	1.06800050003332
0.706295005300514	0.618631426840201
-0.374018087596597	0.254534572533517
1.41799207073444	1.10293806009923
-0.956193738536992	0.469359818837149
2.5833378064905	1.45066704691079
0.0144937999563048	0.00748147685046284
0.188119877765996	0.144509846145516
-0.522873300317166	0.326186306601501
0.926969563402915	0.504836368038228
1.59822664938579	0.803955017549079
1.29653544264768	0.720276919184037
-0.125593819942236	0.0447042122693073
-0.283437383972797	0.12854159422827
-0.0317558329882926	0.0137401825492043
-0.905635318404053	0.654112743714921
0.642978640354614	0.492780864398583
0.199323432941854	0.137532649320568
1.66899213890958	1.57047722694066
0.202964367531315	0.171938236424398
0.558625747684622	0.466296956130351
1.05770902058042	1.45744330160631
1.47066594383697	1.67766288993274
0.489661999268751	0.335592862154828
-0.769393903679286	0.414874318760327
0.0467298687623742	0.0256425098344024
-0.0957734675854977	0.0557556516493548
-0.370346829638476	0.152977788998958
-0.463234480469488	0.239435722923906
0.0139334827051603	0.0573894306755269
-0.0416363161799404	0.164425052726891
0.375372013720167	2.86656272308281
0.217786332457113	1.08586348978245
0.292887646655524	0.733735630620997
-0.0312429432085225	0.0473381161841195
0.0481288127429031	0.0788904770436554
-0.104638852975095	0.147868068185781
0.0985410533891072	0.139468127601262
-0.0173302307395433	0.0231935548930513
-0.110634533915838	0.152687819158822
0.314436483610885	0.555980261881901
0.113665183140163	0.135208202241784
-0.361935535764271	0.382172906011464
-0.269902232647598	0.193328659550467
0.602542684191282	0.485377934953175
0.327170360301467	0.213242683676438
-0.444115523413915	0.292418220089787
1.47418199091731	0.925166154320204
0.546148472489453	0.570729667741313
0.665459852150554	0.859013032612764
0.0369010513770582	0.020333787786775
-0.202089709379498	0.150284991079268
0.478188228749706	0.454715235933635
0.850069339148531	0.361876749971404
0.0195639774716463	0.00994498169367417
0.184338509014023	0.0553315106563962
1.0153704102951	0.833579313442755
0.815795958528302	0.492096273878672
-0.580241473392003	0.275066476869592
-0.64170135344718	0.616740725083094
-0.163303686409241	0.0863355883497502
1.10703071990196	0.684394091522234
-0.566604330912	0.409361387586223
0.38070091809469	0.193208419531427
-0.2070578411334	0.154370989142269
0.855909914513207	0.778419823282318
-1.06303547377035	1.5003217545947
0.839491084795402	0.981060297955507
-0.632317980023922	0.60470283614695
-1.14372371017172	0.63459227562771
-0.125232557551052	0.0445220317733553
1.80751286409348	1.42530623167985
0.200077332938391	0.154893344879464
-0.374221441960085	0.374650369045362
0.496434228983795	0.53489114936323
0.417738909102442	0.407969251192503
-0.579254460077666	0.59225193945053
0.0204864969985554	0.0104220632292995
-0.49718383226073	0.187398915829379
0.549225010517651	0.199456707208777
-2.04108767416015	0.927158301073677
-1.11951983581622	0.337809535545767
-0.259513040002437	0.161093863225164
1.11121331330028	0.687537619360445
0.493757857596196	0.339077742135461
0.181480198012407	0.0884006642968021
-0.118832847756901	0.0423587664894206
-0.389306533289996	0.218018764956627
0.150214494525462	0.137906167860325
-0.152711287434321	0.117074977329835
-0.120140195601159	0.131780135622588
-0.377600816586807	0.469361628418746
1.1420672469609	2.10459213398435
-0.0545722681089258	0.0485242964817207
-0.190845753396454	0.199412183863499
0.143318838035596	0.156611360183564
0.190397271881792	0.146450085152064
-0.199440936917868	0.197324330074135
-0.677924107856812	1.04330869461008
-0.0349789293276664	0.0315513075092732
0.724603964038335	0.731986342769378
0.208562693709315	0.18203463741661
1.12764529538273	0.861099226081601
-0.574347008149364	0.272030292098789
0.417095052321074	0.189979485780762
-0.372116220620079	0.289315071131193
1.14504447425437	1.03602759873874
0.472199005963952	0.191734119717762
0.184449914372055	0.107144260151076
0.482733607982037	0.460107895006445
-0.096168111193233	0.0559947214246814
0.423936665900175	0.193276103723713
0.00283361758026861	0.00182945498458384
0.40636922774147	0.184517959271917
1.59822664938579	0.803955017549079
-1.26017040436087	0.566458132066858
0.922578380067924	0.501676926030707
0.0631279778602983	0.0370746555527068
-0.421080551163349	0.320237483469281
-0.438862775496788	0.287789866176792
-0.668450530400633	0.804338873324625
0.196227134703134	0.135184113038076
0.206292198627668	0.196884545223784
0.341619995546974	0.355662000345126
-0.30076757363624	0.306849926466999
-0.331915435359977	0.233989675497995
-2.26832161939425	1.14499926386278
-0.629569127424063	0.368460797826823
-1.00377782576872	0.397156038036369
-1.46576387823699	0.737803608644795
-1.80860659991793	0.735840712092833
-0.366236974962823	0.151153477385737
-0.379033874435501	0.211368962064543
-1.53254601593042	1.46068594625784
0.624136485884647	0.328375224544341
-0.246070831333869	0.198219507248366
-0.440343945036469	0.289462387586785
0.016915986595844	0.0663870615553537
-0.0685192635970402	0.291985618157987
-0.245846887992536	1.37689208020783
0.212239711950973	0.471032724742287
0.0433767407715227	0.0691793489619944
0.127798708887236	0.21484164885712
0.23848823596114	0.553130453858513
0.0700340227491928	0.116376387793842
0.0432026184218261	0.0603009074727645
-0.121228093111702	0.183577306216495
-0.33442760093548	0.608266141396944
-0.249294693691155	0.400014804681593
0.113498766286318	0.125847941621445
-0.099958554119852	0.115945061431616
-0.0718368099803013	0.0786323711569002
-0.410917181107335	0.348056005787411
-0.312818602426663	0.218460837162161
-0.773401239099918	0.656215110798352
1.41386163505428	1.09719775477193
-0.748750624071192	0.324201697189559
-0.125232557551052	0.0445220317733553
0.0795676429087445	0.0518041325910767
0.101762207761535	0.0721665168620618
-0.0815061072207087	0.0473016597724592
0.362205374312324	0.203322045333562
-0.0228261326699755	0.0144142843227918
0.188209072837067	0.0563932249652722
0.573044343305182	0.334693760013411
-0.0432055406795058	0.0185003868224182
-0.013829608270861	0.00627887143013585
0.170769042992324	0.0660467894405734
-1.46454824115948	0.737058651118592
-0.773944213852702	0.505278259887398
-0.0341514539287802	0.014723804246443
1.08433305868194	0.529468868573675
-0.956069082331503	0.469295459078014
-0.482551590996588	0.358520600166426
-0.145195613729547	0.0981577388566635
-0.963047770201923	0.938821145141778
-0.458164877518159	0.382127961666364
0.352935552854313	0.216080403421284
-0.102999964695876	0.0600567474303645
2.76109157462938	0.779871501961836
0.469440599120323	0.190442420020923
0.734952359263702	0.48691238465979
0.368967834610969	0.207497824006672
0.981002961852576	0.973511739075991
0.86655078418987	0.79255741248344
0.860598858340861	0.90819498536639
0.0721878987193322	0.0447577364254907
0.0721878987193322	0.0447577364254907
-0.1961857526532	0.0632100190710931
0.543866069327593	0.197263140253266
-1.50408363202708	0.535041876234331
0.627337932709308	0.329931695615226
0.801755532421706	0.635404008282559
0.0478813036293368	0.0281166832172094
0.170995711182797	0.0832360645477586
1.41799207073444	1.10293806009923
0.631940029540625	0.333718812774719
-0.537545518896505	0.478633647696307
-0.586055359040817	0.602156454693355
-0.0413806200757676	0.0308818176065197
0.35872693790163	0.360118452282342
-0.695092218110556	0.655281200291439
-0.103055524907127	0.0805223893716376
-0.364260320921926	0.311452643276853
-0.0205975437156306	0.0151467353122662
-0.273894573546133	0.196584529031515
-0.471645586151666	0.348469374872282
-0.852183223273322	0.905150949939312
-0.402477689898177	0.370639841450523
-0.33336907395997	0.289143133061416
0.503960631871735	0.347189335937208
0.413066584593672	0.341596943596445
0.448293632259187	0.342607690691327
0.807133065974688	0.764465817194108
0.761063002635071	0.745878296389076
1.04667234290352	0.992689997211699
1.13362806652642	1.02083470788541
1.12278506204823	0.854631480659186
0.173688120627949	0.075722075568917
-0.375913484716817	0.155538822167635
-1.30599228124743	0.810019443251717
0.171985774335464	0.075067693019864
-1.82367247234776	1.14206513550844
-0.130588459022303	0.0464095375974323
0.719412338789723	0.340297154529456
1.42837183986325	1.114373731991
0.550229507129372	0.199823293779666
-0.169461691417245	0.089690934160543
-0.376390257138643	0.256553499426322
-0.0318237295746024	0.013765516574243
0.166372662527433	0.0726001291423051
-0.0524556326915007	0.0386581227800197
-0.42820821055408	0.327163671801997
0.366305336984413	0.349738150787952
0.976358549420401	0.967086605964204
-0.422591094923364	0.321860253103074
0.444520150304105	0.33909178237223
-0.919111370008557	0.554842486367351
0.184358671082729	0.0989259957232736
-0.586472142319065	0.279009923568439
-0.00183711185881766	0.000925212519337163
-0.937792863941991	0.570333800284516
-0.0293633941444242	0.0127484814747762
-0.218408229013042	0.107792436337547
0.0137742460408298	0.00711062424794459
-0.162716262319902	0.0860168527574359
-0.163474154785903	0.0863190066865268
-0.559205274629182	0.402475163961836
-0.0687418049698732	0.335690183976627
-0.224099743241547	1.62722364945963
0.0101577897239911	0.0197718220961307
0.0529996901760523	0.0998154499235709
0.428238563303456	1.40025920860172
0.155086544948589	0.346032650228396
-0.637344876641817	1.67072649043391
0.0366829220106287	0.0567692948862519
-0.212549926092905	0.395778342074865
-0.0757024279937561	0.095157697828037
-0.100053554743385	0.121679132273926
0.0739499838274468	0.091896639686006
-0.177461185683365	0.209020876671088
0.0814108157576427	0.0697056566795166
-0.767906755846246	0.580638948537497
0.334537114411099	0.218691790124103
-0.905249677449454	0.653805554271491
0.545994337450589	0.198159602216923
-0.322936466881447	0.0925708388690686
-0.0741899069918027	0.0291703427470554
-0.648513494329338	0.447545050953528
0.38922808510939	0.198221544825556
0.197745910578472	0.12997337201954
0.812408392146907	0.489092314535301
0.183960045070368	0.0552151922972765
0.00642988176348452	0.00275471684400466
-0.614206104379299	0.148455859250315
-1.30715147310378	0.811624784191431
0.176832554543049	0.0861558843262976
0.471213953335543	0.191316020734622
0.179129010219219	0.0871949531889897
1.05915506670076	0.404786600540214
0.179479941018599	0.0614871969929957
-0.608176114977647	0.536548868515454
-0.0688428143651668	0.0271214677787771
0.0319625323957247	0.0223371420576609
-0.258815583792672	0.160607773779134
0.596804646066653	0.479375126105729
-2.57036588579023	0.664816582891659
-0.697936306259444	0.23851153813937
0.183960045070368	0.0552151922972765
0.871479027896031	0.798194775717083
0.0666423539339146	0.039157306503026
0.852701680768778	0.896565670766225
0.0877668212147523	0.0596479921003513
-1.02041251088938	0.404886219696399
0.338872625917427	0.221989940213449
0.181743714491496	0.0460173511561772
1.05841937425473	0.404493015312573
-3.07350260546998	0.94852963330217
-0.613158918177153	0.148231887572971
-0.325582325201124	0.0933470317045756
1.80451326834185	1.01920977910889
-0.701794429638729	0.239974906557054
0.328065941544584	0.21351023899677
-0.900508970249407	0.64951569370751
-0.585109023877585	0.278047246717244
-0.960946536022262	0.472231353658055
-0.670361282854285	0.524847152883469
-0.542752723707103	0.562339681427792
0.0614679910160179	0.0498020637596999
-0.776518798555753	0.77884548879363
-0.185997867365462	0.152552151386788
-0.204191765076711	0.185017586217592
-1.19178075613214	1.73660735752844
0.350491099349746	0.375620633164865
0.0982144316513678	0.0695390702133725
0.357595043395161	0.200334376695229
-0.204034729622375	0.130497387627023
0.559676527888686	0.656082457265268
-0.843578758498918	1.06170199496176
-0.0425549073815621	0.0351723499306277
0.853219874963395	1.00369266185957
-0.081450420381081	0.0472792466078997
-1.30278821710344	0.805956315976613
-0.629281505626585	0.367701909860495
0.0113766195210369	0.00594891882723621
0.185215380655183	0.107467116389499
-0.380349175846924	0.212644025550226
-1.46333411656304	0.736086429582356
0.417554842974859	0.190210651649704
0.434255589986499	0.347067523773331
0.378332185913566	0.191841571405118
-1.00306966229617	0.39683135622738
-0.195896300806791	0.0631110974355499
1.59654903261596	0.803007544231757
0.813900661207856	0.491548187717823
-0.0743623979206745	0.0292058440796538
0.414630211473424	0.188621209929698
-0.755111718030903	0.327487465643262
0.573578494073406	0.335111346346908
-1.79766606524237	0.730020629935894
1.15805358855096	1.18990781787801
-0.589993136454522	0.475757616074074
-0.0583932469247984	0.0413785061698534
1.46190638795901	1.66262303130845
1.55062485856446	1.33330842508563
-0.0313083012657367	0.0135552996661402
0.171488774809756	0.0748342853660748
-0.765239911831196	0.411510496024882
-0.502166281046843	0.189377225365948
-0.19866808684961	0.0640066499155127
-0.631107159240083	0.369493031113235
-0.375039881023148	0.350049394218117
-0.702916162136118	0.240304795913802
-4.20664863751479	1.97490790127896
-0.469893881783346	0.243795872835817
0.0187576718682479	0.079219522507915
0.152682878697171	0.919286242752302
0.0803168426150355	0.336058232084141
0.0645396375150412	0.22291374769465
0.00556065759710043	0.0137339338382251
-0.0461823910794708	0.117194075079294
-0.128911855962675	0.362127898080838
-0.10989929262008	0.259308676781001
0.0287513185859986	0.0530513467577585
-0.0907187822712435	0.191912857285758
0.0548090213148812	0.103166565063516
0.121531055753614	0.225949697472641
0.195525924055728	0.299799202466577
-0.0391932144144591	0.0582463477300135
-0.149156536378744	0.264302067462609
-0.301057370562216	0.616641016828609
-0.185564863010005	0.206994597275536
-0.0320556954064673	0.0138723453095663
0.629492898390825	0.33212014604363
0.177677058875626	0.086569864469717
0.665619263493416	0.474006892296671
0.180845714650258	0.0543398759613664
0.175917860236395	0.0767978345275389
-0.998738562366113	0.394732167512429
-0.618535635333325	0.149538863092151
-0.366418490284619	0.151428231798692
-0.32485451718176	0.0931499749349684
0.884166088543529	0.65735305261507
0.849408948383461	0.361671672630261
-0.552352744777617	0.526933459478886
0.209399597697782	0.157338130596208
0.448945390833949	0.343222835162219
1.47828388369667	0.493541574530428
2.13847384175308	0.967026817523456
0.411712972650259	0.18711853352773
0.310259348811267	0.235341245745067
-0.418525800963263	0.389324471490063
-1.04082338167199	1.07597870688692
0.105147466048438	0.077135498768319
0.0552266729755305	0.0323746186075575
-0.344063320477956	0.274051334428109
0.850069339148531	0.361876749971404
-0.329964215322259	0.0945505800706473
-1.7934287506278	0.390727439150181
-0.613682540053849	0.148388769407339
-1.7934287506278	0.390727439150181
-1.7934287506278	0.390727439150181
-0.613682540053849	0.148388769407339
2.13551238915278	0.964735227310144
-0.60895933746012	0.147406558741333
1.64448830283096	1.15805220693692
-0.960076629494688	0.472175041863433
-0.178466563629884	0.0947168633919236
-0.46869371891088	0.607445422533005
-0.308677382976473	0.316768003967639
-0.452174991776463	0.50249895700372
0.133140562261537	0.141918795041115
-0.00910510165473022	0.00780371809430863
-0.0704446540518745	0.0277231978844294
0.197937139643436	0.136545933695333
0.523149442907558	0.614861545459766
-0.927716212293981	1.55609604560571
-0.787424028172778	1.12967790754297
-0.329861261618232	0.285350766779908
0.498748171606234	0.342827962211699
1.78175287354383	1.39178162970656
-1.48132681995846	0.748878857552376
1.79992365131976	1.01451500838487
0.726966841123599	0.480056161925146
-0.708961798888886	0.242591076534355
0.713492738665586	0.336741710182099
0.686721713829268	0.219371725498129
0.0639576909997372	0.0396361067841464
-0.532416959075825	0.334030850522223
0.166741085808389	0.0645460091824029
1.05271914025947	0.402027196178193
-0.370393338064475	0.153177348451851
0.191700904879431	0.0482388847519191
1.96276901321247	0.454520391574277
0.718996087124188	0.340013548677714
-0.956069082331503	0.469295459078014
-3.99426960204548	1.72770098156261
-1.47201585256133	0.742664548988016
-0.00512678971056746	0.00325013016592076
1.66595780286619	1.56671375290387
0.377621871233411	0.4370087809324
0.283838459925714	0.259112904721747
0.495867899188486	0.440671602367303
-0.11762021548737	0.0419397186313975
-0.19626072319558	0.0632056639998214
0.18374299244507	0.0464795790495071
1.85422431418521	0.73245200851049
-0.330698472981565	0.0947716626031445
-2.44695143181769	1.35630974489835
-0.326771057218117	0.0936418390224184
-0.707108693003757	0.241928926266029
-1.11896025029368	0.337616084496264
-0.119884326479885	0.712738177051164
-0.360278814606664	3.55116506906732
-0.513950440758698	5.00714455134097
-0.405611040071224	2.39786715480454
-0.613731652649745	4.00071751905271
-0.802022759636485	5.6007132508885
-0.22775895021091	0.73066383457091
0.0494964471407409	0.0955799918325584
-0.0207715526606922	0.0353926437541748
-0.0343369218009945	0.0576819170384785
-0.113780493345913	0.222294869094326
0.046355499143269	0.0716777292660596
0.033115124628103	0.0504646085063795
-0.293801020555641	0.485377129133614
-0.295872983653763	0.461913922170868
-0.102128864784904	0.0595379909628894
0.198758443972561	0.142948919577677
0.185076110728506	0.0555416222332281
-0.464318844843735	0.240465507302889
0.174390187359423	0.0761162133819035
0.689369698791533	0.22025689756634
0.179667994956428	0.0874904709866229
1.78409496302109	1.39462816369615
0.311747127405282	0.214447922223909
-0.212351400013468	0.136383496826275
0.170763524412467	0.0743978302839251
1.46910411205871	0.490049168285487
1.05235833798367	0.401844810202421
0.179114799832285	0.061333195223855
0.014634078451812	0.00754465883646986
1.1385703577567	1.02834977510825
1.79241855455615	1.40525481759784
0.394170489792437	0.348528238559139
0.329108758146421	0.228296219217173
0.019193839741597	0.00980065876675817
0.185076110728506	0.0555416222332281
0.165088029467664	0.0313824661178469
-0.326043908260378	0.0934449166225896
-1.79785205353169	0.391773074809323
-1.7934287506278	0.390727439150181
-2.57036588579023	0.664816582891659
-1.7934287506278	0.390727439150181
-0.613158918177153	0.148231887572971
0.963214248695465	0.255090594573707
-0.498210387847668	0.187759028626771
-0.750364995739161	0.325029815455567
-0.0083011309035065	0.00380217156041236
-3.08351879397427	0.953227279124287
-1.65987602053016	0.934953860814601
-0.836442064733514	1.04924582405531
-0.117699299983421	0.0927589361453162
-1.11951983581622	0.337809535545767
-0.220759795509814	0.10896593580275
0.356124677301712	0.199373345866188
0.465156828062288	0.4538623464902
-0.71772961763438	0.9001766271912
0.63426614795087	0.596385512467537
0.0366180654475784	0.0201772989926544
-0.521577368778102	0.325782437278479
1.64543756217457	1.15888768310141
-0.365433190446418	0.150980282928413
1.48837489165499	0.938185007954384
1.84059795026718	0.726378615413426
1.05656822569342	0.40367225045814
1.35960435833631	0.602767583717152
-0.713190295142571	0.244167622817866
0.811908430924823	0.488424375844795
-1.14892312296546	0.639140245079621
-1.79346061997896	0.390723019452767
-0.501508356762519	0.189062054512787
0.17273732603019	0.0668202643468802
0.18374299244507	0.0464795790495071
0.182515705814395	0.0461929473161663
-0.197681301235905	0.0636672013988199
-1.13580602327118	0.629071829260464
0.469214796260205	0.190439621590192
0.423878226708119	0.193258644019575
0.173520965461693	0.084431566569049
1.25420624390096	1.05908495890886
0.979252174217234	0.971677417005443
0.645541531383562	0.679120824608552
0.0409281846599191	0.022517407247266
-0.601040549773049	0.286854186282579
0.179369859705814	0.0539368960907662
-0.284176978189455	0.128996082130335
-0.740016439542735	0.319589655632503
-0.124226356552131	0.0441913898094736
0.549516086641495	0.199542874934359
0.187984352048437	0.0474280610765032
-0.613012730411062	0.148202450577793
0.0093522222986002	0.0376916946669753
-0.273731456567594	2.37595664671594
-0.201394118570185	1.03076492207242
-0.29232290231258	1.63547353736115
-0.25660485094937	1.14536939196738
-0.163860895562985	0.548220939805946
0.0235536900550533	0.0426646268969872
-0.0509656213817788	0.062914692146158
0.0330285592656767	0.042788719338201
-0.0821482056900886	0.0476691065810597
-0.129188498527406	0.0459194992072674
0.184811040344194	0.107365404547828
-0.376901534033101	0.155951289607161
-1.12328075924743	0.339047939506251
0.551298334729919	0.200249958464128
0.177158612557092	0.0532687900403008
0.176650893002626	0.0861142932424728
-0.281240711841977	0.127657778564757
-0.712262987143427	0.724577402803257
-0.509035724748261	0.41647980561067
0.180623396573426	0.0968631018909776
-0.320548811537412	0.09196618419473
0.482571612364675	0.196295416337089
1.97964690874382	1.2465530315171
-0.0107103298880523	0.00680659635264864
0.703083776297669	0.614953702879534
-1.21497086339368	1.55411238030179
0.187098496594614	0.115880828454165
0.00729402072282668	0.00459682024152231
0.688222841693426	0.495210514193105
-0.323664690407152	0.0927962418225715
2.38442182597743	1.2100507092039
0.188667958543402	0.04756856032199
-1.13022694918455	0.341328905410415
-1.7934287506278	0.390727439150181
-1.11760971687047	0.337077079720442
-0.326771057218117	0.0936418390224184
-0.195896300806791	0.0631110974355499
-1.96771068962196	1.36076543733496
-0.611962616144159	0.147977912487881
1.79818773737969	1.01232898047783
-0.749758606946014	0.324695438112665
-0.0320556954064673	0.0138723453095663
0.81290951376168	0.489599793757216
0.445624290792644	0.456618685611271
-0.00877871754333248	0.00823328895343926
0.726339400437517	1.0783729359553
0.192355950909201	0.148233381848183
0.183973705803198	0.0987409878909412
0.479787385949075	0.195135116565142
-0.202267717623406	0.0650989962325268
-1.11458449535005	0.336227635184335
0.553078229148553	0.200859942283057
0.843777178831012	0.35876995680636
-1.49633399610699	0.531774933095134
-0.612487701707529	0.148134994320372
0.188624350296117	0.0920663292759046
0.323096430299132	0.210223266525547
-3.74551962293396	1.47870416259712
0.16619130625606	0.0315431724784316
-0.613158918177153	0.148231887572971
0.959543454922691	0.254205280821647
1.47086646676889	0.49088731436037
2.1405029458279	0.967560073912581
-0.585624368724838	0.278336336245358
0.841413141993505	0.357603400869263
-0.951085162655015	0.466480187150023
0.387383113206452	0.197169514550084
0.167348335607796	0.073044869268985
0.995279717783919	1.50203384526409
-0.364876103806562	0.282541918991189
0.479115182357587	0.45568506580819
0.171753346999323	0.0664367381108907
0.178254851579563	0.0536080680261321
-0.703250992626958	0.24046200124408
-0.320548811537412	0.09196618419473
-1.49903664433168	0.532848557178048
-0.562353629037437	0.539319964277825
-0.665206222689741	0.462351517364756
-1.12464685880463	0.339484249108323
-0.337026866011333	0.0964604004609729
0.687001483078787	0.219402881860221
0.18374299244507	0.0464795790495071
0.165880035481028	0.0314978449610492
-0.0764769609611703	0.416899641681342
-0.213106594090967	1.57578454536519
-0.610694507754048	8.09178439883538
-0.419063816267757	3.49197085357277
-0.353610912815243	2.55217616687236
0.0295283642885387	0.0394637170630205
0.31643017629142	0.229905452201493
-0.740822105599132	0.320129139804216
-0.60895933746012	0.147406558741333
-1.11951983581622	0.337809535545767
-0.157047080197272	0.082917165172054
0.671853697054245	0.479488792087672
-0.252321823603559	0.156035693584146
-0.0859983484853473	0.067895616554211
-0.379046686150025	0.211819739731392
1.96684138854469	0.455504908505281
1.06836139957449	0.408794416634394
1.81107244925592	1.02425137803948
0.758540410182164	0.636930555995815
0.0592095343609203	0.0367087972118897
1.25143204866922	1.51513948535781
0.315610582486181	0.250047813845277
0.333804843054856	0.218191256275875
0.320046161214482	0.220912183610063
-3.07875719123617	0.951227905765892
-0.612487701707529	0.148134994320372
0.179379610621789	0.053891810235195
-1.79785205353169	0.391773074809323
-3.08351879397427	0.953227279124287
-1.7934287506278	0.390727439150181
0.170230434608558	0.0583940430699947
-0.456270956404078	0.235710829252787
-0.194822363184045	0.0627608493171706
-1.49488636347355	0.53094883647402
-0.287571955733784	0.130642489782235
-0.528992092329399	0.649141995953238
0.422287935664321	0.511795960571854
0.384118901100158	0.504598036960771
-0.0612778139818657	0.0495328406231253
0.631731290215496	0.33319039619242
-0.287768441880675	0.130846600842669
-1.24688169093376	0.558888115507585
-0.196970790009868	0.0634432336968819
0.839849210078399	0.35676763159817
-1.11884555197394	0.337481516657706
-2.57554526884402	0.666976966437407
1.47897546128728	0.493826410303162
-0.282475674436709	0.128075248154545
0.57654328277917	0.337811558628623
-1.49825523114142	0.532562193916483
-0.611962616144159	0.147977912487881
0.686270437198953	0.219228628867356
0.177795424572055	0.0609118795792828
1.05693634570001	0.403813519694082
0.85108667327523	0.36236861994358
1.26757048516233	1.07509962304963
1.34534186074161	0.594787167003823
0.736066076945038	0.487460884894739
0.935667063944265	1.04852245743328
1.48400043644249	0.933532764215707
-0.0268404142274766	0.0202186144099953
0.0721986577071556	0.0469327474224312
0.644487676152002	0.608868221175646
-0.58165299154008	0.27627537598198
-1.2538534316043	0.563072867564594
1.84451762847753	0.728350716630867
-0.191244569931459	0.0616646869685805
-0.707845094848957	0.242262716671496
-0.295329747422321	0.257668409632744
-0.0461029653702638	0.0197067322376449
-0.775043530865159	0.658133086890096
-1.00971751926785	0.399802542029015
0.964404580081594	0.255330782344719
0.555239766445707	0.201780832151434
-0.188328130762521	0.060763465615787
2.13164652612125	0.962465868289965
2.13239173303271	0.962976446468332
0.00150213735531708	0.00592434472284552
0.0800515341096604	0.393410923094228
0.329408632532487	2.61184781821632
0.0707669641660089	0.268771617347108
-0.140644823330732	0.222485011525061
0.055962352557803	0.0328465104132087
-0.216195723833884	0.139030950611227
0.0154725667709191	0.0079640055024284
0.693216225774344	0.221541872050593
-0.248351347945524	0.153348614718628
0.303927988156368	0.239055671527027
0.492924418380109	0.337737601187194
-1.7934287506278	0.390727439150181
0.688637326691298	0.220082192676685
1.46833343766606	0.489897083934438
-0.125672176839184	0.0701692914026498
0.30240645459838	0.228423920521929
-0.0280304971851281	0.0176749843803705
-0.00658095966073383	0.00303408767654966
0.444520150304105	0.33909178237223
0.179418478534416	0.104040673546276
-0.69681330218041	0.238104465757831
0.164778629348208	0.0313374327003096
0.165088029467664	0.0313824661178469
-0.619069360213747	0.149654914653121
-1.7934287506278	0.390727439150181
-1.7934287506278	0.390727439150181
-1.7934287506278	0.390727439150181
-2.57067328278635	0.665094197548339
-1.1182849071041	0.337405124817419
-0.630128925978177	0.368861465147641
-0.321741768636823	0.0922885496388945
0.0499513347651986	0.0373783295324524
0.396064549493053	0.498536891024905
0.623472693185147	0.893982309979907
0.632990069178221	0.594669858928606
0.388270116059712	0.197657871222203
2.75954122106112	1.70362769058432
0.843087960632404	0.358463521060009
0.174045724149933	0.0524237595938313
1.35454412576798	0.599559395242541
0.963743115659934	0.255236344279286
0.165880035481028	0.0314978449610492
3.64371154631014	1.44368517222673
0.190019907089235	0.117841153094945
0.662670546388145	0.471564789186776
0.964934921520073	0.255476948633611
-1.7934287506278	0.390727439150181
0.169248055862235	0.0319917175833404
1.96276901321247	0.454520391574277
-1.50069847674699	0.53359178068112
-4.20594195948479	1.97453398830492
1.47402323433779	0.492035659807906
1.3509899510682	0.597807360301759
-2.05771478972783	0.93837160940533
0.808835887071476	0.642920003700353
0.00577137507414645	0.00323471869755753
0.595425967169815	0.673408556007623
-0.699101792976309	0.706447149756577
0.0954996658614295	0.0675004095073887
-0.395141886603492	0.123448464003261
0.688185381402826	0.219868290083128
0.472589276523701	0.191952372408541
-1.05042898193755	1.09118598838889
-1.00236193740671	0.396463059052617
-1.12519556185123	0.339754109482426
0.693216225774344	0.221541872050593
0.164778629348208	0.0313374327003096
0.188667958543402	0.04756856032199
0.181959964224185	0.0546519449572612
0.0412361716478411	0.188549086775969
-0.136704929753093	0.832489611669464
-0.412480208547079	3.92829225220434
-0.123443084067481	0.0689439719308387
0.0370149852911019	0.0203715629540441
-0.126597297162789	0.0450360696799377
-0.880930775911809	0.724873559912529
0.570909577925885	0.333221217976493
-0.442522643792175	0.290437376726047
-1.79346061997896	0.390723019452767
1.05952860814689	0.405011691745652
1.47032706033056	0.490703617760438
-3.44686848748983	1.22339694388155
0.174312142835994	0.100864475198909
-0.0302867061444024	0.0187722767649166
0.440576398644314	0.437025766214005
0.333606425712997	0.217970450557313
-0.760807985123052	0.573621838836259
0.00358842942801032	0.00148698285695119
-1.01047808700666	0.400246726724795
-3.0729809879685	0.948009080411761
-2.57522664974505	0.666917731403372
-1.4702810167601	0.74144128695738
-0.325582325201124	0.0933470317045756
-0.708225225424176	0.242257120133667
-0.201198229263593	0.0647674111943437
-0.520911395566763	0.428921216255915
0.426567456045636	0.507515420187309
0.141315075725183	0.123712005463409
0.528849697284177	0.564539531262334
0.684663084870308	0.492256975430178
0.379966500012769	0.192949228392677
0.178254851579563	0.0536080680261321
-2.57098043849301	0.664920470822356
-1.00306966229617	0.39683135622738
1.08750815001851	0.531291979888112
1.46955857964488	0.49050725448157
1.4646350690462	0.48856709745013
-1.069616402597	0.721151099523018
-0.0324984470214214	0.0140560171553855
-3.76118140940063	1.48729286698074
3.27032462336087	1.11801013776878
-1.79346061997896	0.390723019452767
-0.611962616144159	0.147977912487881
0.963214248695465	0.255090594573707
-0.32485451718176	0.0931499749349684
3.27272750868887	1.11966450015405
-0.38289783995174	0.158591419639989
2.92683176689992	1.99254328876593
0.571023829087349	0.333598736047305
0.820472923274779	0.495899281763096
1.23141814676553	2.13520663669992
-0.119324701628196	0.0941384674622642
-0.38248078543425	0.213903555009943
0.687810991670165	0.219714479243284
-0.43045891818795	0.329008955731889
-0.496879333423488	0.187181684059415
-0.621741804359958	0.362000804962285
-0.503852614714804	0.189998350201095
-1.12519556185123	0.339754109482426
0.687453672774919	0.21969379736456
-0.194707300419976	0.0627574468129208
1.47525146835293	0.492648627415429
0.962025660417238	0.254682745005495
0.165088029467664	0.0313824661178469
-0.00201060753802242	0.00785000420600706
-0.354476590845877	3.38653305575982
-0.29538795876602	0.625546727984487
-0.030241741086383	0.0405476424479859
0.0519105042852672	0.0556509564699143
0.383663913650731	0.337032315162483
-0.375044656579801	0.292007452071235
0.365746289568198	0.205648024759612
-1.13942696859827	0.63095643497674
0.191408095924118	0.131613252289236
0.714038269437429	0.627879354419728
0.342930950617555	0.208663423068765
1.06651132055108	0.408020274883858
0.721423242797838	0.341256882514063
0.464672886133348	0.188460947532309
0.605288982166954	0.585738333423078
-0.687995285668115	0.598286593635252
-0.290038996699413	0.232437946390013
1.14708303696297	1.0396113437573
0.906261317705779	0.926213719402701
-0.128487321697833	0.0718057169763537
0.181837521716867	0.0460537144756759
-2.57036588579023	0.664816582891659
-2.57067328278635	0.665094197548339
-1.79785205353169	0.391773074809323
0.161251150232847	0.0308565698216007
-1.49683678047233	0.53192588850646
-2.57067328278635	0.665094197548339
0.160144755571284	0.0306956063740573
-2.57522664974505	0.666917731403372
2.76219840038386	0.780594539857824
0.687001483078787	0.219402881860221
-3.07350260546998	0.94852963330217
-0.613682540053849	0.148388769407339
-0.58212517045488	0.276414785383592
-1.26414637790551	0.568761921398651
-0.497250095425204	0.187244475756107
-0.0435923875210528	0.0320072106007708
-0.328540737125469	0.353413094982649
0.746257004886254	0.998005891176153
0.691113946952035	0.716910837633966
-0.701701533495675	0.709889543064156
-0.0776307344929067	0.0304605187073196
-0.701060091359901	0.239632648032144
0.184291063239428	0.0465991085839434
-0.379033874435501	0.211368962064543
0.355160276386681	0.198731715751832
0.164778629348208	0.0313374327003096
-0.715039483836906	0.244812936335783
0.314540176394621	0.216584171396281
0.336293419038167	0.204409156143926
-0.49650800501461	0.187033371669453
0.842784839680697	0.358338111013329
-2.05771478972783	0.93837160940533
0.68908810997088	0.220077042266344
0.164778629348208	0.0313374327003096
-0.12498904527434	0.0444985404997069
-0.252543454990106	0.15623199817661
-2.04716996398721	0.931539307482038
-0.288074031163663	0.130880260550639
0.00358842942801032	0.00148698285695119
-0.0315343702819889	0.0136586197665475
0.471190869589066	0.526985809741504
-0.162384812962302	0.125176891719957
-0.229999427201965	0.167721140957191
0.394225170062457	0.200880528100154
0.184697427143245	0.0554084744862393
0.692932973591989	0.221383018666362
-0.770265862523889	0.502480593264538
0.0931922335554525	0.0658149279108117
0.545994337450589	0.198159602216923
0.167301337112252	0.0647584008888962
-0.700140591670167	0.2392376775151
0.957162742729009	0.253557522610441
0.962025660417238	0.254682745005495
1.06762213189116	0.40860472471242
0.457298110546107	0.185261060722658
0.40636922774147	0.184517959271917
-0.00154817473982596	0.00595091960013833
0.0938596817679027	0.478601921966097
0.124810294576533	0.584536124900805
-0.0395169860863849	0.139088958471628
-0.35463818733917	2.93656598757585
-0.231296621836961	1.34694723677526
-0.145907076348691	0.619519665218558
-0.244294381287343	1.23586198465934
0.0999421912552594	0.312319186987568
-0.0239221110703513	0.0329130683833765
0.00134156527224612	0.00200583210879942
0.162129317717318	0.19511728394186
-0.223823229106577	0.144388990782644
-1.54210640404446	1.4745435869546
-0.066774661415801	0.0401566958736697
0.710307610876595	0.889459519840543
-1.06882530497575	1.23640340003665
0.164778629348208	0.0313374327003096
0.378332185913566	0.191841571405118
0.174785547530182	0.0526214906817273
1.01266411888075	0.832046000017185
1.27404979327738	0.889122503823796
0.667574097654206	0.60728246421432
-0.883957109729637	0.728397862732395
0.411649632723481	0.187121886244502
-0.315210725651287	0.187138903345293
-0.363705920355462	0.150069376462193
-0.12776152078622	0.045428153999693
0.161251150232847	0.0308565698216007
-1.79346061997896	0.390723019452767
0.16619130625606	0.0315431724784316
0.183063896529214	0.0463401006276899
-0.60895933746012	0.147406558741333
1.46910411205871	0.490049168285487
-2.57522664974505	0.666917731403372
0.169566032486793	0.032038095111837
-0.611962616144159	0.147977912487881
0.181837521716867	0.0460537144756759
-3.07350260546998	0.94852963330217
-0.323664690407152	0.0927962418225715
-1.01112409524141	0.400552541255573
-0.375969148034233	0.155685554872445
-1.30521924758778	0.8099236088991
0.179845637419764	0.0616123591521601
0.318470103875281	0.231511683137371
0.0310046712699168	0.0216672656089882
-0.181184482135585	0.137340284329635
-0.406436752190177	0.375292576722006
-0.0983711457714396	0.0572934495100787
0.97232454634661	0.661702688795704
-1.65877017722715	0.933930959347672
0.0144937999563048	0.00748147685046284
0.432289213466169	0.197502648883389
0.353387570413101	0.216212190284463
0.360454206520588	0.201924414264939
-0.11762021548737	0.0419397186313975
-0.0791263862561241	0.0310335977163937
0.812419274157886	0.645994317641661
-0.766095854793142	0.647914435865085
0.673109886713824	0.481806446824787
-0.370774307691174	0.153138816357845
-0.115237892478501	0.0411160002983332
1.34779496112241	0.59573287040833
-0.123220651484122	0.0438507532384957
-0.122215445713398	0.0435046320299458
-1.30300152762688	0.807641668840389
-1.14376104780613	0.63480253551799
-0.118226339598863	0.0421510838894909
0.412709034056139	0.341000641733318
-0.870733968402536	0.793911888854342
0.203240204160182	0.13391806678514
-0.41362089141235	0.350761230353555
-1.27556910602019	1.55083578688217
0.0288484213208758	0.0160138366014428
0.417095052321074	0.189979485780762
-0.967067912786135	0.476323944019636
-0.620639442853096	0.361556852257864
-0.585109023877585	0.278047246717244
0.759787919484132	0.638553199734758
-0.467229904043502	0.242038098184098
0.711873983426973	0.336195040660752
0.422988921278993	0.192971758264161
-0.202976861420011	0.0653350306430413
0.186752657299631	0.0471525522204707
0.85438480250648	0.364063650514856
0.983573630422655	0.672033146463958
-0.0791255447763982	0.427991189713432
0.178145905855954	1.17457022035028
-0.173656914859728	1.01298807435242
-0.441959445547115	4.61553771064644
-0.387252371506556	3.24163407454845
-0.123356921672988	0.460234918382252
-0.221420326168068	0.655891799401113
-0.101203999240406	0.174365573884059
0.124520072477376	0.203815820100626
-0.0862838015444228	0.134464781558846
0.372354970405607	0.564391819300682
0.190822839325552	0.12503717485702
-0.765022118476498	0.762696792644626
0.183008039124154	0.0981767967846997
-0.609489833121369	0.147475344257464
3.94404333145349	1.74617514669156
0.418124191593371	0.190432403941076
-0.00561192324326903	0.00260105421156636
-0.446271498468653	0.294201086800461
-0.487125168526383	0.439476609988019
0.0306220990627215	0.0169374248601558
0.189974312147195	0.136033467121873
0.319437732903282	0.220490626074033
2.3826467534681	1.20856168009655
2.92586941628941	1.99096702979871
0.686626809163374	0.219374653716057
-1.00943392667062	0.399735935116325
-0.326043908260378	0.0934449166225896
-0.320281010212049	0.0918656344140368
-0.701794429638729	0.239974906557054
-0.199739594795254	0.0643228222061803
0.184291063239428	0.0465991085839434
0.554170265139292	0.201310818357217
-1.12968819193386	0.341150094616032
0.184697427143245	0.0554084744862393
0.16619130625606	0.0315431724784316
-0.612487701707529	0.148134994320372
-0.860011962004691	0.851582748562417
0.103834433070345	0.0710538756971494
-0.0614851173663472	0.0369531739448515
-0.096897964821581	0.077053444787388
0.270898966887406	0.264037423824535
-0.233142559615414	0.170302540379154
0.293217775395591	0.229453508841257
0.106927056305856	0.0760067071481204
-1.26078805541165	1.36157884658551
0.0176704964823452	0.00904661979604843
0.726870222923218	0.479731514118854
0.0923518092976537	0.0604097961200183
-0.897698756639352	0.64660846545069
-0.20083710522649	0.0646522944494468
-0.167200238843551	0.0884974106610842
1.55005311090705	1.87279140954537
-0.160386669260756	0.0847446578697903
-0.192291270763335	0.06199269927475
-3.99788353949868	1.73077675021861
0.175865589627973	0.0680164736696072
0.167591716668548	0.0730762440049811
-0.193367241020068	0.0623371853793179
0.177481523913508	0.0607912977498877
-0.561315015445707	0.404574856022003
-0.648120763296042	0.447116670933202
0.570700235557089	0.332913965742637
-0.770749228256312	0.653307612603198
0.031852224621816	0.01761972249751
0.37433079367835	0.338411948224863
0.212369336477959	0.165549390524762
-0.95451609842579	0.927695346130754
0.63612583342555	0.486282728209141
-0.589963986166914	0.280808169672612
-0.455695329623468	0.234940484786888
-0.366365516770963	0.151285265364036
-1.58392440707451	1.20115273534419
-0.264474578782107	0.16440200735169
0.820741854730953	0.655416565634882
0.179379610621789	0.053891810235195
-0.702916162136118	0.240304795913802
1.47373908013659	0.924352153857805
-0.0455836401831186	0.0194945000709103
-0.702529153090903	0.24025873050893
1.48300464947212	0.934081791589259
0.167823480766704	0.0732515966634573
0.055543845547433	0.272592196914277
-0.409568814875528	4.566522760341
-0.391291674340746	3.72372990847467
-0.211783106045947	1.17798592537126
-0.251910465192034	0.71936005175858
0.0974679690403838	0.183555560238996
0.146063950644624	0.279331308377568
-0.786650015458288	2.77659479555309
-0.0444242811347163	0.0540504652437546
-2.43006949835405	2.35124901287781
-1.20909222877477	0.901924799413686
-0.0770689634929148	0.0447099605309213
1.24765714749456	1.3685999488734
-1.11458449535005	0.336227635184335
1.30638782039642	0.728375001997889
0.739521328284798	0.491232532844503
0.174716199386277	0.0851153710135238
0.196588993741269	0.14128444747296
-0.586700251013349	0.472074811344229
0.926396928703985	0.80574270070877
0.595199122007738	0.478083703398555
1.46833343766606	0.489897083934438
1.47333622017027	0.491753136545405
1.34922875137301	0.596566456321976
-0.708225225424176	0.242257120133667
0.169566032486793	0.032038095111837
1.84570196896662	0.728945119955139
2.76109157462938	0.779871501961836
0.160144755571284	0.0306956063740573
0.963078860472085	0.255236868510046
-1.7934287506278	0.390727439150181
-3.46288588780041	1.23106570343256
-1.79346061997896	0.390723019452767
-0.7729007351254	0.585808603070335
-0.658635712872808	0.456556578487228
1.47954443514528	0.929251990384716
1.60689381918763	1.74802404441759
0.635793284777377	0.48552041688516
-0.0938660332974656	0.0760140766993887
-0.334294445163495	0.379246978725778
0.211352791290881	0.184697125268177
-0.269583069853477	0.237830263656109
-0.254059924007069	0.157195480717487
2.76946419408792	1.71526806506365
2.37833363806881	1.20570132413706
-0.193367241020068	0.0623371853793179
0.978911376771793	0.667406685421339
0.180107983152346	0.0541465694868784
2.76671632811135	0.782410087450427
0.832503518696952	0.353141949264662
-0.464845305097164	0.240776107501828
1.2691793491246	1.07830141418601
1.05915506670076	0.404786600540214
-1.49680843456756	0.531963842405938
-1.79346061997896	0.390723019452767
-1.49561006114969	0.531433597211914
0.165088029467664	0.0313824661178469
0.179845637419764	0.0616123591521601
-0.119231040222735	0.0424930904552538
2.14235496013146	0.969045712278659
-1.00377782576872	0.397156038036369
1.01445675588512	0.834187895104845
0.176143279605469	0.102096261705569
0.343059602465994	0.357665122134979
0.701383825863345	0.731505006655911
0.76246814855658	0.641928431974758
0.889010598353001	0.661625231148616
-0.701794429638729	0.239974906557054
-0.32531700249348	0.0932194330065639
-0.0697690400770668	0.0274981144162944
0.0257983383218365	0.0130394513834905
-1.24480066713131	1.3347189384824
-0.282956403719102	0.128312440108498
0.298935443671151	0.251990646428006
1.35064130120685	0.597863106700744
0.178254851579563	0.0536080680261321
1.80866118750644	1.02260876184888
0.958352222975233	0.253964848564806
0.180845714650258	0.0543398759613664
0.184971072095669	0.0467387603153735
0.169210512219869	0.0580517383438211
0.858062133573562	0.365541271518822
0.931878700148554	0.507737731196825
1.35247771472329	1.59544467623776
0.0244093109633424	0.101928908540663
0.0468680973192403	0.193531903178691
0.162500347368288	0.753494228643842
0.0331818298539609	0.049624015378604
-0.442036040501771	0.976757584253616
-0.0617561376292172	0.0893342471443441
-0.164441412450943	0.0868393223308877
-1.13744471994463	0.629351779107247
-0.0428669611402453	0.0265023932858735
0.911488259802338	0.93375774717411
-0.374148712924924	0.208410485690882
-1.7934287506278	0.390727439150181
0.165088029467664	0.0313824661178469
0.811695831256675	0.489475855759712
-1.57775341573412	1.19574144052044
-0.635282581627261	0.37225794374793
-0.00847539079469307	0.0053834088611283
-0.270832051806282	0.19391018646959
0.0673908667277614	0.039570954171535
-0.702916162136118	0.240304795913802
0.687453672774919	0.21969379736456
-0.611962616144159	0.147977912487881
-0.613158918177153	0.148231887572971
0.967271104517323	0.256176548116206
2.76109157462938	0.779871501961836
0.963743115659934	0.255236344279286
-1.50142880975048	0.534054734577795
0.17899314570337	0.0538175920888867
-0.613158918177153	0.148231887572971
-1.00971751926785	0.399802542029015
-0.307392320863443	0.181925169581096
-0.961660818594507	0.473515354679161
0.31125063468972	0.225597415959875
0.432641712805635	0.345446236287113
-0.77627213927601	0.929146023123354
-1.03010343360614	1.57636531656561
0.107884878928922	0.0792771144407532
-0.278835356492602	0.200654663172621
0.706534909703943	0.619004183718395
2.29464166604601	1.78344666378088
-0.130373788703804	0.0463194287168068
0.520251072458294	0.330964301441627
0.66889600693139	0.477747190810736
-0.0388771433339674	0.0167055012426746
-1.49680843456756	0.531963842405938
1.8055016985299	1.02012496110933
1.65123613589827	1.16616735462337
0.19495169506474	0.145368420418134
0.621234480747579	0.326536476040847
-0.501139737773695	0.18896582897013
0.717786143364852	0.339609322909307
-0.612487701707529	0.148134994320372
1.96684138854469	0.455504908505281
0.812959895481002	0.489589656524418
0.81027302899196	0.488023872940844
0.176711268978432	0.0683795412521634
1.68077011932449	1.58837960151779
-0.434551790331112	0.284655511722267
0.16930019764186	0.0739144038507212
0.190092527380314	0.117790605241274
-0.0369994360172734	0.0228822249808601
0.181401899952944	0.112106474730037
-0.123831252718902	0.0440604843970144
1.4799860034999	0.929689677882191
0.427370746255475	0.195034845485121
-0.122215445713398	0.0435046320299458
0.178820853869998	0.0612698080138397
-0.465370579277353	0.241032836868039
0.32510874127544	0.225103683168197
-0.210016077013091	0.15681328341788
0.880883213700559	0.652830717492569
1.0224658371907	0.841967249848619
0.741062546818977	0.491887628159839
-2.25940498066347	1.13793022239324
-0.491232144366944	0.184925459956005
-1.46031968672964	1.00958386073363
-4.21102384540373	1.97957765612264
1.59125177600826	0.799349633908444
0.877099594933764	0.649645377793102
0.334944526435234	0.203465795818507
0.383977660097754	0.195103157889073
-0.0207040428446814	0.0870400419491051
-0.179905561954666	1.20295198324207
0.107038210926588	0.268512909984485
-0.0303161706030316	0.0513015429384378
-0.292243713105681	0.66207571670286
-0.219015563844769	0.45029553117435
-0.207455882225386	0.132923624304703
-0.00685154458126066	0.00314671372584385
-0.0213302090385036	0.0134795372425336
-0.166631134469668	0.125275224865847
0.331730708191968	0.24274421724138
0.101543976376289	0.0743673557513263
0.66508023372102	0.604699038841854
0.18938648848503	0.101726295572536
0.451748930655975	0.345872722688566
0.16820126184648	0.0577079510764977
-0.613158918177153	0.148231887572971
-1.79785205353169	0.391773074809323
-1.12519556185123	0.339754109482426
-0.322936466881447	0.0925708388690686
0.177362298643623	0.0450515694227369
-0.618535635333325	0.149538863092151
2.76109157462938	0.779871501961836
0.685443035318802	0.218928003643606
1.47402323433779	0.492035659807906
1.96276901321247	0.454520391574277
-0.608428787479893	0.147248610626808
-1.12528909869008	0.339740126445227
0.183440567956279	0.0627804993608223
-0.502455215004387	0.189494091012893
-0.21549403937334	0.106305924493612
-0.758617628600871	0.408046713248302
0.085588817445028	0.055844339719024
0.668513420056104	0.476960606416998
-0.854735194388957	1.19884101733924
0.506889901302394	0.565221178578543
-0.537644818045791	0.478591315924628
0.339059152341664	0.352604104108853
-0.458992717140618	0.383192772673673
-0.374385241833281	0.20859048052861
0.391999035588932	0.199529008478284
-0.130588459022303	0.0464095375974323
0.0355292619728644	0.0196030150263635
0.805763664910241	0.484998065202206
-0.498493518746738	0.187923773703768
-0.361395628003614	0.149119233170346
0.19080512221913	0.102541710550365
-0.377344494030042	0.257319976880159
-1.11458449535005	0.336227635184335
1.79992365131976	1.01451500838487
-1.49680843456756	0.531963842405938
-1.96262555471757	1.35443500575615
-0.125449682850739	0.0446078069078871
0.172220859005393	0.0750626503511875
-2.76247452837762	1.85012473232342
1.42045294665151	1.10446025029824
-0.749356140710198	0.324535436720139
0.0323041570178956	0.0178417379231072
1.05177328755129	0.9995583384732
-0.0717443577430662	0.0511074753198481
0.191168476825443	0.137020331083213
0.192620009893215	0.119629299611778
-1.44878438018804	0.994916924472881
-1.24688169093376	0.558888115507585
-0.374925759667409	0.155103292255137
0.417554842974859	0.190210651649704
1.81024485416394	1.02391001432319
0.180092520900824	0.0877002182918641
-0.519831634744525	0.324475911946592
0.520069386817928	0.330793839947477
0.935798507492748	0.510863959854489
0.412687031377042	0.187644901882888
0.550997960911466	0.200096486449454
0.849408948383461	0.361671672630261
-0.0758039589727982	0.0297393931166451
1.80528971221959	1.02012985915355
0.558486255845266	0.202926921804785
0.843777178831012	0.35876995680636
0.355771114127587	0.199380882387326
0.172940159701571	0.0754859435944859
0.057203036005496	0.278546146503343
-0.197611225302546	1.22703749211945
-0.428414173124463	3.66892150232685
-0.0164436346527311	0.0465227849145669
0.0243756283785692	0.0602941662325353
0.0243736062086949	0.0560267930710446
-0.0844799270208031	0.169484681071749
-0.338121476136038	0.833211351139783
-0.482014765850272	1.39787553679371
-0.46366914183768	0.388008475767277
-0.697299488510824	0.746298084901295
-0.5320257888033	0.614510672063509
0.0928953640835786	0.0632693401108089
0.18374299244507	0.0464795790495071
-0.74401016267534	0.321605771996981
-0.76620519667729	0.578954359832376
-0.773811857034204	0.774488437930571
0.037342757984057	0.0205500705447219
-0.037309863113012	0.0230755375855259
-0.0344395684402554	0.0148580102503372
1.5926000408058	0.800136466406671
-0.617339897765464	0.149284387408846
-0.614345716129905	0.14867066764313
0.16619130625606	0.0315431724784316
-0.613682540053849	0.148388769407339
-0.326043908260378	0.0934449166225896
2.76219840038386	0.780594539857824
-0.32485451718176	0.0931499749349684
1.06947130664082	0.409206481730878
1.84957887095899	0.730635761791688
-1.7934287506278	0.390727439150181
0.549516086641495	0.199542874934359
0.18374299244507	0.0464795790495071
-3.08351879397427	0.953227279124287
-1.43859711122883	1.27527493630925
-0.373071512733761	0.254033052786428
-0.0644205635617909	0.0254571501544209
-0.2856350627595	0.129709151828122
-0.263042611307508	0.187531947464737
-0.000022976902217947	0.000110042551966004
-0.424992865267222	0.323952761234652
0.120601887357469	0.0919795675255817
0.13603372084149	0.11332524503484
-0.457496838497135	0.510073391998559
-0.450162527435262	0.499565517983102
0.579826123077729	0.669209879313304
0.724493360244878	0.73162028878864
-0.229725914236504	0.167540514704156
0.344223020526192	0.210063572982148
-0.169919819467355	0.0900136152327467
0.350070866082121	0.214073905570227
-0.566411897270559	0.267690094860787
-0.967669667384736	0.477069630068895
-0.956629630672282	0.469629445084352
-0.660171995459756	0.515234544795934
-0.308766862869466	0.182932934423851
-1.01259586376996	0.401082062560286
0.355160276386681	0.198731715751832
0.365908843519161	0.205791910448167
0.543153338421797	0.197033542378853
0.182515705814395	0.0461929473161663
-1.45440855988088	1.00284978065349
-1.1385860436078	0.9799192712541
-0.314599516857535	0.186759880340603
-4.55470900541619	2.48860125509673
-0.237412044423856	0.173871512800436
1.37602862826265	1.27272579506172
-0.603195424017695	0.625774324924879
-0.178162438502033	0.117752090936592
-0.487750745952797	0.440504639644005
0.328878120229425	0.214365211451005
-0.071891161942633	0.028266323883038
-0.579306575761286	0.274653482578505
0.927419410674345	0.504659925072578
-1.80108767962844	0.731723738057602
0.304292295581517	0.229996947948181
0.0213214301032586	0.0108389878502549
0.192775402170002	0.132653790835785
1.47470224197434	0.925341233119314
0.718760551200569	0.340164195180902
0.00529927960155472	0.0196304679672379
-0.0420984726698269	0.167017294660677
-0.171034615382351	0.490035580810992
-0.438877106787943	0.945038951001392
0.0144885841958401	0.0112285157998484
0.0268580589682431	0.0194297954829488
-0.518217514727783	0.323263227916771
-0.613682540053849	0.148388769407339
-0.955978221227981	0.469469105492944
-1.13179781030124	0.972362258577179
0.170736372916729	0.0830235618116871
-0.118523943592413	0.0660569913536313
-1.00448642825666	0.397437675069127
-0.0791811018205979	0.0310620640361985
-0.501139737773695	0.18896582897013
0.186193628132217	0.0720425013680895
1.35529673097699	0.600305768997688
-0.374796496741303	0.155035092886394
0.425368112655579	0.193971462874269
0.178269357915488	0.0535920192892428
0.175155035311403	0.0527334069281177
-0.199375130069166	0.0642110833299033
1.96276901321247	0.454520391574277
-0.118832847756901	0.0423587664894206
0.553459142396127	0.201030755019039
2.37974175152964	1.20685990890827
-0.040097663842565	0.0172022502253036
-1.00415219200353	0.397187604454455
-1.41426292738536	1.48708678426966
0.951175787354405	1.07377580524581
-0.717025553001332	0.731304908154242
-0.143175414152944	0.0967265287139501
-0.67208344133569	0.527478818901657
-0.41899814942	0.318538538872852
-0.505964631164858	0.413187757889043
-0.236666031732859	0.173234074292222
-0.0567511804542057	0.0410597043924138
-0.0329210029468314	0.0244963220467992
0.947984054885054	1.43972326494539
-0.261871792141075	0.162662041055032
1.24324703592074	1.21388545929676
0.498297458867844	0.342728718847022
-0.581251772751978	0.466690571934456
-0.0422704382789297	0.0261344673730253
0.206574017488656	0.205313609423404
-0.482535031620464	0.434314129895093
0.210595258383939	0.188650520614487
0.497786992602959	0.461219367844524
-0.325433414700869	0.280842370741991
-0.245405468381722	0.151375018971929
-0.977764726266451	0.865217607436027
0.200675951091878	0.160413361843554
0.811764084930844	0.646463092880125
-0.452120059166627	0.375959303203284
-0.241430272653053	0.148650713352691
0.300707405560477	0.226903316405651
-0.845751448082133	0.895256548454578
-0.31847658475416	0.222950291418608
0.806592878489025	0.764641281250542
-0.613404851082767	0.542709687774909
-0.87887745993911	0.721638619853987
0.31098705158328	0.235997047205942
0.0172235094392076	0.00880956262859118
-0.999435507323759	1.0997792162946
-0.0372584409226453	0.0160272565100311
-0.0372584409226453	0.0160272565100311
0.668513420056104	0.476960606416998
-0.900346043453435	1.12394610927929
0.313544967073951	0.227465391729221
-0.0687934922164002	0.0548693363999684
0.0407594588996055	0.0223796282106714
0.185587608572803	0.099641840242585
0.80260202117139	0.863174743523206
-0.767847047227211	0.649804086733594
0.184417057714511	0.114082451854783
-0.210140194706344	0.134824732006298
0.178283807478074	0.0867463288402993
0.455515002559428	0.349341945442293
0.134463610135789	0.790896884273232
-0.051071828464858	0.124926658665515
-0.523190870970921	3.15926686033407
-0.498566315782776	1.4474465426247
-0.623502928877212	1.74261487771533
-0.925406715220819	3.41832797422477
-0.230141940564164	0.391028702790987
-0.178659996257154	0.258432860323551
-0.32045647601963	0.304951016935423
0.0846475338509633	0.0552249342936805
0.203855783429417	0.177370882571501
-1.0932966906285	1.48150731163377
-0.32485451718176	0.0931499749349684
-0.161563740263048	0.0853940671998734
-1.25782089316011	0.565430196965056
0.462455851529771	0.187506184046943
0.177362298643623	0.0450515694227369
0.478790069642107	0.194683740260329
0.838480859620841	0.356210298702787
-1.25281925956016	0.562508639119867
1.05841887097501	0.404561121395212
-1.13777156908511	0.630442235410494
-0.124384654386373	0.0442880812812879
0.474416756952015	0.192706870598628
-0.707465428768275	0.242033353320822
-1.25587613456915	1.35317168312269
-0.428484835147555	0.327361958136281
-1.05125233380979	1.09199949822329
-1.32266254716806	1.66809594103966
-0.0928118109651506	0.0539958221962562
-1.04153297265894	1.53019104957103
-0.299484591282577	0.262098424769214
-1.05808247817023	1.48937439947798
-0.0925282686321651	0.0649076895386565
-0.247808790478554	0.153061857423123
0.679773987155489	0.48720766513757
-0.00983505899995938	0.00448906905731765
-0.522939327856122	0.326743205878303
-0.253770947527175	0.205497824489086
-0.221810723252616	0.199060966539604
-0.589623406215076	0.606905324405635
-0.44037333954282	0.401432502852058
-0.375205716999601	0.322932881797461
0.0812718308836292	0.0505460232714256
-0.00504484169949091	0.00234765059784
-0.719008276286923	0.821898581931798
-0.60334669105636	0.530894556400095
0.0629655590454465	0.0369531292146068
-0.0000349309272811317	0.0000403640499497829
0.183727273452493	0.106682213473944
0.347152388086708	0.212007723924068
0.0807205237399845	0.0502223993578209
1.38559053043967	1.28515524775985
0.207252638138259	0.149796576618226
1.26099789637889	1.23957023203006
0.0744497627448831	0.0461927068447504
0.102144131764683	0.0698277324886466
0.199529022975677	0.137754556503865
-0.365178870080612	0.28284951367628
-0.0688428143651668	0.0271214677787771
-1.25782089316011	0.565430196965056
-0.381825206126098	0.213359406797206
0.18838346626708	0.116702103160955
0.0735812337646841	0.0456868980872237
-1.52507375705676	2.19362502293722
-0.446222091836178	0.408222175725344
1.26566885727217	1.07265497343219
0.290079573136971	0.243404972734288
-0.279589520679909	0.201183867661238
0.185709261387539	0.107782957881993
0.574538512098039	0.335793161705647
-0.288074031163663	0.130880260550639
1.60822732197472	1.75066125832414
-0.584954032020927	8.61587922430126
-0.803980592218816	13.091439090334
-0.714620678080816	8.19847767987563
-0.880533117630523	10.8046097372801
-1.04857474872898	9.53098792248448
-0.340039225480977	1.20070164534622
-0.508803241598743	2.11551603073531
-0.10712655309272	0.199097583961108
-0.164782509506797	0.139803844685043
-0.164681682984372	0.153832228373587
-0.32759034209047	0.0938892839663892
-0.768112553621067	0.414548070529554
-0.739006320959883	0.319190691686413
-1.49175325085157	0.529773188260123
-2.57036588579023	0.664816582891659
-0.612487701707529	0.148134994320372
0.425938950638532	0.194195279167109
-0.128368779999186	0.045648725082483
0.182384642090162	0.0461735738884295
1.06153095853073	0.405927487776779
1.4745635305468	0.492365493098567
1.46910411205871	0.490049168285487
0.417095052321074	0.189979485780762
3.27032462336087	1.11801013776878
3.27510914666181	1.12076297640292
0.693216225774344	0.221541872050593
-0.191951684587849	0.0619002672361887
0.0234801157711095	0.0131409826890485
0.0615140540579485	0.03613257726033
-0.516737716348376	0.322265951837429
-0.361398148229961	0.308441741615296
-0.49136998548583	0.444635523283632
-0.332080688944654	0.358362688220252
0.108792693617295	0.0846947519243851
0.512856524332777	0.460242416179779
0.128213211746779	0.0981957350474697
0.412763552716393	0.341287369124705
-0.204783600072297	0.130991002673954
-1.70354664643193	1.41290205600003
-0.0633147893196383	0.038049568305233
1.14086439957731	1.03116825917647
0.178677032585286	0.069128229764175
0.849069590656502	0.36138327814824
0.875267750063109	1.10390399622648
0.202512820088423	0.151649409452045
0.564544144830809	0.328826508920072
0.174158377834769	0.0759208855899525
0.713906415672812	0.33698145815023
-0.125232557551052	0.0445220317733553
-0.51378028512674	0.319680194360114
0.339931817487911	0.222666392826303
-0.0683989222125476	0.0411409885081508
0.365344445695552	0.205419283308237
0.316236848063579	0.218075905673416
-0.0549008650534638	0.0329801242116526
0.959802886443806	1.08750779321467
0.095770090711434	0.0677006901529668
1.28463619353586	2.20818773772763
0.638248980429857	0.488421991265521
0.197020483478923	0.141653409312693
1.79147596969528	1.40384251339959
-0.366923986553794	0.151522574693312
1.58831621198651	0.797230014484821
0.741616849218227	0.492419717438225
-0.165319629404733	0.0874253209183076
-0.323666329071216	0.227319924971078
0.275323587743982	0.256455898881769
-0.686961755093614	0.596856733203941
0.388133067248017	0.353701495191172
1.11805089912607	0.850716959131616
1.41717499881587	1.09969796258072
-0.0955543542526676	0.539461643072338
-0.144632562917882	0.859423413295716
-0.0796366319731184	0.294760204816114
-0.381244696719129	2.63030506714685
-0.39147089212747	1.69998738758551
-0.182413223893082	0.465879769511156
-0.3275899647943	1.08141144910303
-0.150597544519205	0.115257218842472
-0.234551864573368	0.241441930401993
-0.197530928751442	0.178157974754467
-0.378831563618811	0.156835669409836
-0.766435126326701	0.412873353325887
0.549934062313663	0.199685220416624
0.693216225774344	0.221541872050593
0.629492898390825	0.33212014604363
1.43163170295145	1.11858978096395
2.13352095810155	0.963765167217963
-2.05281302393613	0.935366141453254
-0.0377908155039309	0.0162358238344714
-0.501139737773695	0.18896582897013
-0.0451373244826576	0.0193060485397216
1.60152187977859	0.806283581542972
0.18374299244507	0.0464795790495071
2.58963605620229	1.4561869238651
0.718996087124188	0.340013548677714
-0.99803333812908	0.39440964118414
-0.209482544915867	0.103069109369314
-0.560037669931501	0.614024878029366
-0.228905725978485	0.223097792119165
-0.532443120019478	0.591246988741743
0.0259887334573919	0.0174473418059863
0.767605876793746	0.847030863999847
0.108445468362675	0.0796753736834995
0.665031215722621	0.604281338374769
-0.277737029062102	0.199743765755326
-0.0220997471526506	0.0139543740101481
0.670273226638258	0.610758859505177
-0.167714992339694	0.0887250239976798
0.0526711128217078	0.0288907219081693
0.143884672023615	0.120478695371825
-0.421080551163349	0.320237483469281
0.535711779708333	0.342874166213741
0.602747188228497	0.485706328349068
0.624032854092776	0.474175146413955
-0.435651404740777	0.285737508241535
0.383831520508066	0.194809237508958
0.734367121041218	0.827652537699774
-0.0935773638001828	0.0544538559077601
0.79805529292418	0.631186381055793
0.00567355683940583	0.00356961951560046
1.1692950371434	1.44778579370984
-0.441211175567642	0.436492684724632
0.398720254271282	0.340679937874101
-0.303805502490984	0.266585828459999
1.51292412912314	1.99792529396884
0.80609569406954	0.640290219677212
-0.43625373551394	0.285929086712132
-0.127814392943966	0.0714047696651426
-0.0384594619067613	0.0165001281416062
0.820762661587058	0.496700575615661
0.307910204801176	0.252330152492626
-0.772524030897518	0.967962624452836
-0.324707596202915	0.228063174547686
0.689652976324834	0.714890778810675
0.430558972211032	0.343423314430008
0.176691641798894	0.0944298434343357
0.202952683904313	0.133678867009506
0.666793179339288	0.475310033217626
-0.00199536754620828	0.00781795415430636
-0.173734051752594	1.12131490469892
-0.382843646898201	3.25608609356097
-0.357289587595673	2.14963059407167
-0.452610132218093	2.19852839010572
-0.609778982181422	3.93169177356076
-0.257829930690919	0.159944049712724
-0.360962037341903	0.500235342906852
-0.669774465730762	0.525351331426737
0.165088029467664	0.0313824661178469
0.174504111440695	0.0598231088959162
4.57774949131761	2.61291002651926
0.715727732140496	0.338380323817594
1.06375255943934	0.407031400293661
0.18374299244507	0.0464795790495071
0.687453672774919	0.21969379736456
1.06725099268012	0.408210190702023
-3.07454565876188	0.948489134275984
-0.329964215322259	0.0945505800706473
0.964404580081594	0.255330782344719
0.165088029467664	0.0313824661178469
-0.370824492697174	0.153341721991098
-0.911897252758085	0.660809916194156
-0.883350575015292	0.727671664612826
-0.446111748293795	0.590243915046946
0.434665289135989	0.558887395382935
0.05246239802972	0.0403666167195031
-0.856027400130902	0.774627762302866
0.0457005150832778	0.0250808771050782
-0.20935303956064	0.134270606893333
-1.02274569911395	0.807898942495447
-1.66587357052182	0.939432167658216
0.812650380846629	0.490260386628139
-0.956207897684886	0.469892440894444
-0.207232075857028	0.0666568135316666
1.5550975825696	1.33839842587636
0.435397293369997	0.443393660218328
0.707262304076605	0.333717427524185
1.80115533203013	1.01557173999807
1.10093436851377	0.679526476917681
0.977940275632924	0.667161956945877
-1.25782089316011	0.565430196965056
1.4755906567423	0.92617783834819
1.03869622984141	0.981990033486058
-0.55997794618543	0.403320086144616
0.41955621038951	0.191216920870613
-0.485474759686757	0.437581714138176
0.561498327617827	0.572453751835085
-0.50929030457542	0.616613473995892
-0.292419822925105	0.234637541712262
0.903615870934341	1.21869952440663
-0.252135182559653	0.156016645493871
0.341256607290895	0.223664513579145
0.00224676496158562	0.000899023933464578
0.172543826884755	0.051947286242732
0.697085340206751	0.222711908279372
0.499162784759047	0.343567504049344
-0.089502490077011	0.0520217662357966
-0.093200073169331	0.0739385219255773
0.591880840954128	0.474777338418296
-0.233216721216295	0.170359373214364
0.172463093000529	0.0752804629540888
0.688637326691298	0.220082192676685
0.808868638288101	0.486978977055121
-0.366923986553794	0.151522574693312
1.06449307015235	0.407221804443696
0.00237295913148802	0.00919830990059907
-0.206882044446645	1.45432487406313
-0.313513594429903	2.03813873786117
-0.329213600906697	1.5732338940802
-0.363372995033996	1.91650615115752
-0.225810449750657	0.269034083433735
-0.433161040587681	0.622935539256459
-0.321011266565823	0.0920911495247304
-0.611962616144159	0.147977912487881
-0.326043908260378	0.0934449166225896
0.686270437198953	0.219228628867356
-2.57036588579023	0.664816582891659
0.963743115659934	0.255236344279286
0.962553055030982	0.254827961566665
0.16619130625606	0.0315431724784316
0.18374299244507	0.0464795790495071
0.165088029467664	0.0313824661178469
0.168562745306947	0.0578373517486114
-1.00306966229617	0.39683135622738
-1.65265921565312	0.928278791166953
-0.236459056653716	0.2436233507863
0.1419293457644	0.129541876606481
0.00477780430758412	0.00370950992586165
0.309050163288621	0.234268992490755
0.183820586245961	0.0895955406690953
1.48147203256071	0.931045857289998
0.187651399644449	0.100757030909432
-0.274607101712225	0.124392898693099
-0.585487664762467	0.278494858012582
-0.324393158207149	0.0929933012825356
-0.935255886470932	0.568008437310973
0.0355687547645271	0.0196117250515259
-0.279945789329995	0.201500882357465
-0.614345716129905	0.14867066764313
-0.497911182849863	0.187527814828396
1.84140390214436	0.726768879551614
2.76219840038386	0.780594539857824
-0.330247461830149	0.0945973836552012
-0.199739594795254	0.0643228222061803
0.181893440567547	0.105598126273318
1.06100497274362	0.405629306325193
0.184691948748721	0.0901518916729921
-0.377253388199345	0.210288324210148
1.3794745494627	1.27798973725519
0.293679036743484	0.246788985364722
0.355776857415299	0.337779077707523
-0.444999413137413	0.406812331877523
0.420953780464801	0.191739880368985
-1.49633399610699	0.531774933095134
1.05767805940452	0.40430204105456
1.30146246649907	0.724522922364383
1.47525146835293	0.492648627415429
-0.118226339598863	0.0421510838894909
-0.264446779446343	0.188786122271434
0.0311814171866434	0.0217940224573494
0.559887252095175	0.468420820245327
-0.178555870163121	0.117989704693259
0.801755532421706	0.635404008282559
0.549516086641495	0.199542874934359
-2.44592345858684	1.35545722168708
0.177270480424267	0.0685970337630016
1.34779496112241	0.59573287040833
0.966736740010186	0.256029100393941
-0.0441458506738708	0.208420887513274
-0.14167630190274	0.858486499922449
0.0137781126639633	0.0412862602766151
-0.640006556433699	7.06223731254118
-0.241271324826408	0.320341827272337
0.00280785109925178	0.00290564848446985
-0.612487701707529	0.148134994320372
1.0516149872675	0.401512248410012
2.13736636122811	0.966264970252144
3.6449477089076	1.4449787602644
0.963214248695465	0.255090594573707
-1.11896025029368	0.337616084496264
-1.11390573268458	0.335899190520225
2.76109157462938	0.779871501961836
0.186191748429242	0.055843722836046
-1.8061691493056	1.62415058070811
0.251896583778125	0.287215633471212
-0.24158478302963	0.266001981778658
0.806472955184074	1.55075998671259
-0.0622677295285355	0.0556566573523143
0.376410885029386	0.351447588359355
-0.0742377019042414	0.0291945890329474
1.11365775609229	0.689178121815414
0.193722427344545	0.112819071395523
-0.0386129564860022	0.0165826698557702
0.923999749604386	0.502748000369219
1.5926000408058	0.800136466406671
1.64736085042417	1.16162956725224
-0.235663925254781	0.172436811207524
0.809064170886813	0.968046708128082
-0.746448236482561	0.322813370370425
0.688637326691298	0.220082192676685
-0.0406146852722957	0.0174155448498505
-0.120397116424527	0.0429070100847804
0.177694321152834	0.0687605170376194
0.556308696676708	0.202195250417483
1.42097422233514	1.10510985786195
0.81624591352711	0.492517136377381
1.27360281940631	0.888663630922024
-0.555250834724303	0.399381497834721
0.810127114067722	0.643518794031792
0.024917994995903	0.0204066622902473
0.000726208277251466	0.000613206972316946
-0.498182846072554	0.45237801487689
-0.196024421646801	0.124925813809366
1.43896654279263	1.12740538772037
-1.14427496162184	0.635167290809265
0.176711268978432	0.0683795412521634
-0.502824622854512	0.189653352789705
0.382637823275585	0.194419420293791
0.752971701201428	1.08187027130412
0.131942393680809	0.112252018847301
0.94415880713995	0.826907952896177
-0.367305756305161	0.284694268402961
-0.123280939178647	0.0687527433518797
3.27631781619437	1.12171855032085
-0.0360174194947712	0.0155177402158861
-0.956069082331503	0.469295459078014
2.04571668321823	1.93728982579507
0.538895973456004	0.195376263391291
0.379076466365705	0.192509187313611
-0.00623300984504732	0.0250738712074626
0.167248281690074	1.03744279910085
-0.132660834503586	0.705047571972794
0.562071516203655	0.470729153158809
-0.00286817412029573	0.00137567539277342
0.548825765766107	1.23704542743345
-0.0120091447168627	0.0166105241175126
-0.365337703044975	0.477695427060818
-0.187289016370774	0.0604240643063412
0.169566032486793	0.032038095111837
-1.11951983581622	0.337809535545767
0.169248055862235	0.0319917175833404
2.37939544032746	1.20665053912734
-3.45239496999294	1.22656388713544
-1.79346061997896	0.390723019452767
-1.7934287506278	0.390727439150181
-0.204047587147551	0.0656463968045093
-0.327630170089849	0.405045651308472
-0.471774494595191	0.821634370980199
0.388821493097241	0.598589139206207
-0.0981488110091422	0.0955665041639055
0.478191572985704	0.349484525030566
1.35140080275467	0.598236003347431
0.478595224026701	0.19457029330596
1.11913532012282	0.69499957805301
1.05878746464103	0.40482083139178
0.842071790887261	0.357870121172129
-0.205468555929269	0.0660730669719287
1.41333769777802	1.09652639486879
0.114088983145246	0.0813654086935166
-0.373808978489008	0.398039580505159
1.29951951746425	0.722783174003019
0.167162927808571	0.0647074729110319
-0.614206104379299	0.148455859250315
0.964404580081594	0.255330782344719
0.181222403711057	0.0544586569816679
0.964404580081594	0.255330782344719
-0.744216121275988	0.321768796683503
-0.078664013620457	0.0308649148267959
-0.0386846771440749	0.0166138140805509
0.199847890839517	0.143857794962168
0.866589057662074	0.791969548031407
0.0605649293625416	0.0556849174866471
0.54642781700028	0.709932531247489
-0.791922847701471	1.05014624502825
0.398071484053475	0.203117293484375
2.93608794822136	2.00453061191026
-0.713927771586338	0.244486303883557
0.186928786286018	0.0560369733702841
-0.324126952894347	0.0929244396746841
0.1851194912401	0.0633382572548649
0.497542258614661	0.631084185244113
0.283462937260942	0.272221225746415
-0.0643093746300747	0.0386649498815699
0.12025537096805	0.0967598239583615
0.853032985148259	0.363198585731274
2.38229756347508	1.20795700256551
0.0463785084068628	0.218465865366893
-0.142004600026849	0.889262742657344
0.151017511739937	0.138751108513723
0.45163675618261	0.451072379752796
-0.139260416159986	0.215977040266042
-0.482863486271306	1.24375616044095
-0.367383483584601	0.531052600931406
-0.706332155042645	1.27359046969837
-0.623962156972292	0.150791561723962
-3.07350260546998	0.94852963330217
0.687453672774919	0.21969379736456
0.160144755571284	0.0306956063740573
-3.458653795075	1.22921792319031
1.96276901321247	0.454520391574277
0.164778629348208	0.0313374327003096
0.16619130625606	0.0315431724784316
-0.613158918177153	0.148231887572971
0.686626809163374	0.219374653716057
-0.33115064247346	0.0948450204466267
-1.90432382373369	1.83783617936679
-0.299884340783727	0.241702670989062
0.0330433568506069	0.0309825973551242
-0.188611220554794	0.237686931892444
0.6392937434596	1.09375203666021
-0.0698812867179092	0.0654956736492786
-1.51780180072113	2.17661611396734
0.677387793887447	0.485590707582359
1.49975353442234	1.51585274767521
1.10414287777861	0.681882634792945
0.331400271792843	0.216393890057543
0.0452922871937336	0.0248841601653261
-0.372461690984847	0.15385606291698
0.492503653814268	0.337868128666714
0.855531369503405	0.900512761182485
0.017885923565224	0.0120062836869708
-1.26671120249465	0.539483570127938
0.379803555534362	0.192717207415569
1.05693634570001	0.403813519694082
-0.496157928957114	0.186946493085891
0.844796816473284	0.359284495888571
0.81124809672461	0.489084180161339
0.677467204799358	0.48511677667852
2.67220015091559	2.72872367106241
-1.41616957079749	1.24323155817001
0.296420792007374	0.223147987117733
0.324800660634158	0.224890140988273
-0.34624644749791	0.469913724586025
0.152399840672029	0.142958540283947
-0.39463261135363	0.361574493457402
-0.777992145960496	0.781020970058471
-1.29734009334784	0.801877785799315
0.180503912336474	0.0618296034347483
2.58136682246645	1.44864412096296
0.174744153055098	0.0675877292008797
0.380939389328707	0.193509554691918
0.390476233597652	0.34456392658295
0.464011666326507	0.437416987156729
0.0871406580401212	0.0592289096640585
-0.840857685500983	1.10952031771244
0.368573650741074	0.207490731899309
1.80152871952696	1.01635598151886
0.0578906007748907	0.286342207795058
0.159982218261545	0.886871237143803
0.338778923670826	0.344042028752798
0.0392187304344574	0.0292421668501741
0.586645172385135	0.660418104532001
-0.445457989938799	1.16234737627232
-0.625138220495735	2.11525035954802
-0.201222893147755	0.166751006670901
-0.197962277619961	0.146833809750165
-1.7934287506278	0.390727439150181
-0.562526830413862	0.96196083839204
0.512044547144652	0.741014406099134
-0.249359360799082	0.241813324408373
-0.325582325201124	0.0933470317045756
0.182973217707566	0.0462917199497201
3.27152519356808	1.11907150574555
0.856678818796023	0.364957901128296
1.28049185596889	0.894852664568229
0.184291063239428	0.0465991085839434
0.188667958543402	0.04756856032199
0.176825054435177	0.0449204608148946
-3.0729809879685	0.948009080411761
0.0765082422056739	0.0652965016362509
-0.18820608792302	0.207469166602542
-0.271299339624262	0.344846486559471
0.0985758151216693	0.10240636020164
0.24964433285168	0.255053081406175
0.495196560270088	0.532975383512001
-0.76681415941363	0.499646055412596
0.191955697638301	0.111816233475434
1.37031758935715	1.45640595717092
0.331083804480937	0.22982183852722
-1.07419808612106	0.725757829033665
0.573469716843994	0.334946071432621
1.83948692258838	0.725717515665962
0.517208506004624	0.464992302101005
0.278772935089289	0.253487728575641
0.41758438245317	0.189852071649777
1.3495769767586	0.597194616535652
-1.96314594163193	1.35409297170588
0.178820853869998	0.0612698080138397
1.65171528548352	1.16613204901653
0.176392428976643	0.0770314035092657
0.190639446842569	0.111011020835037
-0.0142334241577176	0.00646093643866919
0.199962905945836	0.143992289111624
-0.0484945762464157	0.0349882353835457
-0.249419055300365	0.183730001476232
0.190159668329602	0.203443966732936
0.734633178115026	0.97550911858761
0.389776159501408	0.426015707673338
0.00396349180341705	0.00248508680795476
-0.295316738834099	0.13441820266301
0.182573508689363	0.106059320852805
0.813605069210167	0.491007927058019
-1.48277857183608	0.749615137665594
0.170279989713206	0.0741738598132014
-0.491727842512862	0.546891507172797
0.325470783696037	0.350086849923082
-1.11718429926364	1.22071181683455
0.63238203900464	0.841383639798196
0.344274374702756	0.20999171201586
1.26074200979853	1.23995972332155
0.126428552972106	0.775895065740316
0.157689742510085	0.860774683069226
-0.16715091735466	0.769382753210411
-0.0549538012007818	0.131909714538972
-0.989960552738849	9.27443036050708
-0.666714088351911	3.4188058648137
-0.839742247088106	3.66955397103918
-0.188039866553052	0.366229848805118
-0.634847537670024	1.92359777237083
-0.191097441875534	0.324103785825757
-0.417145432493315	0.87440969552402
-0.780954014228872	3.13625567194763
-0.56435700768672	1.47996049157923
-1.26501509729759	9.66662568898714
-1.73925505660718	20.108328804652
-0.838857734237198	4.0989547400371
-0.923108507943522	4.7914938167128
-1.14589130621375	8.01091191034124
-0.629647805890287	1.1570361323876
-0.470693499110987	1.1873835241067
-0.72508726370726	1.39351348733717
-0.471958909090739	1.02006375158524
-0.254954702012108	0.345565123437388
-0.52312827415867	0.94571497786476
-0.450531751773232	0.981051258352464
-0.493798675841299	0.88203271015105
0.214048652132238	0.282640688268061
-0.346484314612192	0.505239291985449
-0.440185683724681	0.687755894493517
-0.287929700583524	0.55774234910395
-0.24184691310829	0.408134307248279
-0.444632051326439	1.08359476086455
-0.359843517411368	0.775637875377832
-0.845471892323676	2.34772099706044
-0.192852994721376	0.142612050842649
-0.410924330262791	0.409816504712489
-0.127547663090004	0.153354783314662
-0.467921890069978	0.652965629588755
-0.679656718046677	0.892628799769407
-0.367306374133753	0.519945020512559
-0.950387023781736	0.9213316286962
0.304302262591793	0.239638609104749
0.191978891949187	0.1191884768429
-0.227869428686243	0.112682393577409
-0.00457945021226883	0.00213205284953204
-0.378153997810122	0.211165479472245
0.0483798885188843	0.0284244801572991
0.416667324209931	0.189842796570479
0.725463872034601	0.34357933222934
0.979440645381351	0.667514738288124
0.0267006699939087	0.0135095136841287
-0.15712244388387	0.0829059857265191
1.47078449590325	0.490854051681038
-0.172713900602822	0.0915095470186601
-0.370263698161982	0.206198018021923
-0.507900876967864	0.683406972927649
0.042134996134155	0.0405366595508995
0.0639342476878692	0.0579507244850217
-0.0969038965437842	0.0786263571712958
1.17172204113138	1.66330556288445
-0.380299142312375	0.381982275601551
0.510813001480741	0.53934322796411
-0.699792469423902	0.707362180865179
-0.10467884881056	0.0717505673945512
-0.328221316585823	0.259336356070939
-0.170455059099394	0.170536079017772
0.158040871856291	0.174875430340645
0.645624000921783	0.610247448939971
0.0655350482267934	0.0406527726078061
-1.32630665174582	1.30977170145812
0.381677999637873	0.193832362012244
0.623590520598859	0.473619000398792
-0.457315258150466	0.381294010848546
-0.0888226201174678	0.0621798251008706
0.205938907091274	0.154489150879621
-0.327049410193843	0.282568912923008
-0.188526453840567	0.172518058351187
-0.0172756094098825	0.0131272260077647
-0.421230632685316	0.52181042183266
-0.493778763817883	0.604958786881799
0.329263408587951	0.347434655300333
0.508079814389319	0.535363890164205
-1.17609363869874	1.58218350303825
0.330140918334438	0.215472055267049
0.0858089566831314	0.0559918249255879
-0.112632732011759	0.0774887201109414
0.0873761822099308	0.0593775241033985
0.890381534657106	1.53011114609147
-0.0158307578549111	0.013331495206586
-0.524272988773283	0.511051464442571
-0.603248298955643	0.657774083748687
0.526318247453369	0.455071628463867
0.407801315189058	0.35014086588793
0.0923032825449676	0.457840178574385
0.0918583480903121	0.396316522908208
0.0622057944637299	0.181242713439427
-0.443002078602519	2.45492125435661
-0.0788381778035131	0.195080587425454
0.0092743690089704	0.0173712431740215
-0.320650890718941	0.845831725418965
-0.403095533787656	1.05244509557049
-0.346719576530872	0.876212175117424
-1.21823905583088	5.25253499861931
-0.384682492431013	1.12847708899531
-0.50377464077792	1.35432060611861
-0.53126136841921	1.33076382110957
-1.03814093313508	4.77689408292477
-0.790036358672779	3.7120218205139
-0.34713259168762	0.952845031629697
-0.861028981585455	4.03169911630372
-0.301657567581297	0.290448730838059
-0.455490994066361	1.24560663418801
-0.155526047502037	0.195994077551604
-0.00937924391680536	0.0134865402312843
-0.338016375313976	0.62589100512842
-0.240714908863575	0.341443041845331
0.314835690559764	0.546157848988654
-0.200677167832133	0.296232481545687
-0.529728839043636	1.16531866626857
-0.0815315725231232	0.112679698223814
-0.208883534514452	0.314113500143452
-0.329641208429362	0.638150386261477
-0.341060495787273	0.677079462810901
-0.61753445630603	1.64579819576264
-0.211000365277812	0.318106855356344
-0.316462872427087	0.498954546597071
-1.79346061997896	0.390723019452767
-0.19689123280029	0.0634436268958657
-0.682869417134927	0.591918833867096
-0.264281238313691	0.215409345400655
-0.303061168698413	0.265710164960063
-0.363540321137894	0.281230685171647
-0.0585172912373249	0.0423848565422874
0.269103338740912	0.273470405356424
-0.616978788774512	0.710237946517189
-0.490604408022393	0.44380979492523
-0.368864583725699	0.413683736382244
0.298900435589173	0.252084787025144
-0.279828970379504	0.222864185493834
0.354357679952615	0.216885513643021
0.194110056439895	0.154478378458682
0.705491010103709	0.736945998674006
0.50286797610363	0.466616855376785
2.14879401458209	1.51049395430231
0.0763252255890621	0.0474233459938594
0.3146037260051	0.239192508231937
0.105214995604611	0.0747250192264193
0.475315208421309	0.346668764576016
-0.521316102547523	0.32514240489673
-0.0718137490545665	0.0511314847327801
-0.363197239031781	0.310438484238691
-1.57987853952636	1.85463594141213
-0.774222207880011	0.719321867900496
0.464453475808767	0.530376651466472
-0.600770182581203	0.762494194946214
0.0943969338894506	0.0847911663997789
0.144485290184286	0.134731549533169
-0.311228882540305	0.31295935400075
-0.215191216992759	0.207535953465694
0.396101816512782	0.337785814923284
0.275555739793671	0.263199325086508
-0.0340658855516065	0.0249499899315927
0.21135368994025	0.184751322122072
-0.704142059038337	0.939928495025521
0.575494958229426	0.643270511209618
0.191109692943561	0.136977369495058
-0.684685562807647	0.594416433218682
0.327252973170108	0.329555691488669
-0.707171143786041	0.76122487930742
0.467374754884613	0.456648092264609
0.490783819364635	0.453107402302865
-0.135293596786797	0.114904282335713
-0.0339684738780774	0.0210090505915031
0.748428136041833	0.927898285150836
-0.320560619967353	0.224789790122896
-0.26601964118986	0.234096817810855
0.293343391345154	0.238327006992033
-0.186561361620233	0.156948745387216
-0.365073753789313	0.363298373589929
0.210788492319539	0.184229802546173
-0.0138375167963711	0.0104932031624548
-0.173851934127488	0.114656829358829
1.02812881206999	1.60074641166848
-0.0289184684329422	0.0214933060053073
0.51279937203484	0.460089125713014
-0.112073013666135	0.0623902355052049
1.0811058805319	1.15523360760096
0.462341816662104	0.45043610078526
0.102264902105301	0.072522236376056
0.804118416119722	1.04618797345675
-0.0294041021784936	0.0215293247851307
0.115718549712842	0.656338334334583
-0.0566325304732435	0.215971716225537
-0.537595592037553	4.55560829048421
-0.0221167768821959	0.0579794944495077
-0.248761226320279	0.878221170077325
-0.372139049574955	1.35098648793383
-0.274359737830087	0.821490548042723
-0.468313290930131	1.75829364623638
-0.0859981256991276	0.162840253894314
-0.785356023702466	4.20697659939161
-0.670839503558816	2.53252994656319
-1.67932020301855	10.3528697106399
-1.70325412953441	14.3229406908295
-1.10769124366965	8.018432654547
-0.602704199508357	2.56326938745865
-0.804174861833941	4.67695595960298
-1.16247649816302	1.76523581273602
-0.424791045921903	1.23435619237613
-0.0618764542483834	0.0862557038481326
-0.0713791654290996	0.129698489145871
-0.175109378538808	0.31710587937369
0.0676922170792986	0.0909134373814199
0.0260591307746018	0.0364765031788243
-0.202239491295515	0.372464894474965
0.304555632639645	0.601686651184541
0.100268090379266	0.177422235993649
0.285979262236575	0.573930902405486
-0.441774322546662	1.10195241985281
-0.501290622682559	1.34307310210966
-0.203800672243603	0.344744086723721
-0.653857517381218	1.58715534291979
-0.17407878416202	0.233730369398964
-0.490575940289642	0.184608662402185
0.303720155089461	0.248116628598714
0.62700283260576	0.757328715735823
-0.176050957415625	0.147121828219327
-0.284111334619727	0.226957756246075
-0.0422276259968972	0.0309923645426613
0.862243740006414	0.910864942245854
0.758500684065628	1.22987621055861
-0.501988146389208	0.639355584632262
-0.475802761672855	0.607101623941125
-0.152230275470873	0.140834611864167
0.116762533992593	0.0937431123999554
0.220798835255304	0.194216110223973
0.0835667059210655	0.0744580653284101
0.722677105468354	0.838712031165755
0.777112723814891	1.10385938693557
0.747877919981358	1.00101240344335
0.80892944114997	0.767254441697701
-0.402119697728268	0.370458019921453
0.767265089864164	0.754299573177642
0.274230161478507	0.242002450960945
0.123987259480201	0.0946888039517334
-0.578622369900502	0.463753700229886
-0.91529473466002	0.551849628946334
-0.28642292646935	0.228970048765389
0.142530261576152	0.139948332957281
0.078324176640993	0.0798851030156793
-0.0895848216039871	0.0854058057223069
-0.244745001428748	0.265805355561336
0.524712385704317	0.787494194880289
0.672242486069756	0.985405017413162
-0.869304567882069	1.17882231490225
0.338333560599724	0.409727791363772
-0.132840009692308	0.112595003981605
0.193796800484773	0.19772409377598
-0.0555380639243939	0.0455037827222709
0.144967549257222	0.12989828211203
0.638750903526347	0.753728992674909
-0.184325619455983	0.154873274776809
-0.182370700256372	0.152943696351692
-0.138657493645454	0.129161049986908
0.547485261135284	0.636685318887059
0.581388183514908	0.652261582329755
0.00161925804381168	0.00129862946628612
-0.247536451107506	0.220737269732418
-0.196805471195331	0.162619558372995
-0.889581167669694	1.10451175536329
0.736065632355435	0.488118614223059
0.375913647262971	0.340177041747112
-0.0449793276175708	0.0366555362704486
-0.58444491219156	0.70724714291551
0.253664182729563	0.260133004869291
0.0354714533359191	0.0298367088189877
-0.247303813783541	0.239527263265067
0.155025224794101	0.145638897991447
0.273132019211598	0.27843332688969
0.670360878184438	0.781605928732061
0.625358249455186	0.674727224566806
0.0592265142761071	0.0347587059736473
0.51370702869918	0.55951315620652
0.144444592161503	0.134661598321196
0.948715651643757	1.66431278090528
0.0441333727608356	0.0387603504010046
0.0732987822470769	0.0702733006413679
0.0361778617026195	0.142092943864252
-0.0643796811838301	0.233980252278031
-0.0461072757650549	0.126368272245431
-0.176030532412752	0.539745920674123
-0.0379958062756943	0.0739673737843542
-0.305944469191408	0.869967589092622
-0.22608645022991	0.56736490786237
-0.575304370410929	1.77084582920276
-0.139530762350801	0.291720106492717
-0.537947345947196	1.60343625940738
-0.667321813899216	1.53741686581532
-0.925781440775104	2.8420818130148
-1.0026869475754	5.08651033050803
-0.912941974224069	4.05754604766315
-0.675214320956744	2.51564295012372
-1.49731849090645	1.66457235850491
-0.165150466467681	0.292295258893114
-0.0945890911372801	0.118716388853926
-0.0222351923976016	0.0342254938437398
0.142281779070957	0.251341698249962
0.232330598221063	0.395860040616992
0.177380783648323	0.245322056296797
0.0440575695385171	0.0543411195045377
0.135153117656338	0.197826896356356
0.258864003292791	0.507186014896052
0.2812446873022	0.469807156740224
0.100003980357515	0.125424809671249
-0.459764595754918	0.894096666374027
-0.0617376997703062	0.0683888968263161
-0.109153383993233	0.11703292768009
-0.529296752931333	0.61039661992497
0.165088029467664	0.0313824661178469
1.08174090283251	0.527955113199031
0.318876694475889	0.242872778469831
-0.00829774226355455	0.00629918463109877
-0.282635830334	0.203751878961625
-0.763659001884447	0.496968326382385
0.175813043839835	0.0856980374352137
0.419977070999029	0.348520979524637
0.0294622838619666	0.0148690608830546
-0.68543253705401	0.687096512443397
-0.614386092233316	0.543851858644823
-0.0314934465115189	0.026259343244502
-0.674863300565598	0.582768861289609
-0.0666650413118572	0.0540801805435948
-0.329676506309544	0.260656159249732
0.338602604141036	0.335293470513396
0.637506806136545	0.775156618733795
-0.277568312011277	0.246186462073919
-0.249199587680008	0.20128221173605
0.94315291876568	1.25315496659134
0.631288745990958	0.481631929911814
-0.0476706648157678	0.0294731590729352
-0.116200656931755	0.0893923712371177
-0.631103048597107	0.369007412405944
-0.326043908260378	0.0934449166225896
-0.902256141943227	0.650946459955808
0.807145921567091	0.870570910241132
0.391419056672381	0.438545382476052
0.365152944358968	0.410078246865286
0.89226160328713	1.29621848761199
0.079088185349275	0.0662176558286868
-0.137644724349602	0.117112737260327
0.280590219757549	0.275323870133576
-0.0244325835737251	0.018155347223045
-0.263057189982213	0.21426446080654
-0.241552197874854	0.219650556680166
-0.322955737646946	0.32763500165036
0.0186390339215609	0.0130650475238634
-0.203569387954575	0.151416412205536
-0.405291135128532	0.374092033522115
0.505943419765036	0.452287657384091
-0.0392040683755904	0.0287367773646823
-0.46338239222619	0.450559385770205
-0.365739185782057	0.283320235854761
0.37800824068809	0.342352623865595
-0.376777724539208	0.210308578576037
0.477101926730409	0.453273775549247
-1.06541125447178	0.715508366096461
0.813623459927443	0.647456963058613
1.00288840326638	1.10011756271638
0.492847916112648	0.455604758500326
0.0950825365363166	0.0648150534642968
-0.00450915455928433	0.00343244850203997
0.207130098679471	0.2019996727415
-0.201553767725031	0.167008397221204
0.282823567640624	0.23615590141781
-1.39800321019011	1.66499131541965
0.550747384773475	0.458598267207253
1.14304891921904	1.03491530197368
0.985481118442046	0.673989796513263
0.633131297056284	0.686048324124962
-0.364222438625012	0.337777353297098
0.567683435611136	0.748790818900655
0.2822044450407	0.257226117195683
0.970898455032611	0.959456221995268
0.0290512828850272	0.110453027359113
0.0170440859679093	0.0555981181940658
0.243591247746347	1.01999249884957
0.0729437389197434	0.181199818788971
-0.232773629056438	0.64579500606833
-0.34861120727886	1.10293974131334
-0.420646601053824	1.23479122949948
-0.272915306670404	0.780792831305034
-0.633260433301205	2.19647464940615
-0.516084440165935	1.17914110014784
-0.988374192811307	3.83739891384876
-0.542378311651266	2.04055310581253
-0.234828969394766	0.546155040949727
-0.582529165563142	2.33764861776633
-0.446449062215004	0.369994537879074
0.129675383105671	0.235297879965089
-0.333648632503885	0.534551895391819
0.294605255731191	0.735813142652381
-0.0199286707641611	0.0286578657880536
0.338908506801525	0.663275368596497
0.444510225195927	0.848946601871668
-0.460867468604112	1.00903490887884
-0.0645843052584493	0.0846738081945431
0.217326644572623	0.443892468679789
0.151468310742477	0.241121192685239
0.0266780547171804	0.0335707269179411
0.344274334036904	0.656557561515464
0.0912438072046231	0.107497927612634
0.374940863654095	0.550210850846796
-0.0971377733821902	0.0931852572503715
0.16619130625606	0.0315431724784316
0.165088029467664	0.0313824661178469
0.68908810997088	0.220077042266344
-0.281727074920817	0.202995507840179
0.107018247666431	0.0760855775015385
0.712075971694961	0.822474812918624
0.933345760419186	0.509306816524077
-0.164073222940277	0.086734732785784
-0.614554458559283	0.543724640449389
-0.439686504948805	0.288426026987224
0.955616351371492	1.34630563668163
0.337219174389011	0.341986276455486
-0.148608560071009	0.145881527545077
0.59835477079621	0.749650080959933
0.215212225999433	0.193365044847623
0.465169756878712	0.531176474926242
0.526318161243042	0.635839141347324
-0.819923307806823	1.16513312963359
1.23558207776189	2.53357894953091
-0.155868064780511	0.119731430862779
0.775819303402664	0.859792840596745
0.801956255609358	1.04127342291864
-0.0651339102043515	0.0472972482512255
0.135784222189556	0.118414910617628
0.198616693369331	0.142852670300178
-0.148617912836802	0.100632716322269
-1.30181428063126	0.805594908420106
0.165873595965012	0.0723490022537618
-0.0776841292482497	0.0304932053455497
0.356278098641964	0.199486429324889
-1.13184123659039	1.24453818895824
0.142020355871209	0.127045448208636
-0.12304247901802	0.0950336621674157
0.388568758073697	0.414818179549343
0.0381400729291433	0.0314590085189783
-0.0158521176158163	0.0119252708863035
0.374138848392721	0.423121926662811
0.264937876449659	0.262842379073851
0.201356879555684	0.150638952674323
-0.035638456728556	0.0261125457300427
0.0722433524322613	0.0626617971712924
-0.0857291957996502	0.0599542778173755
0.139561738588785	0.116512528574316
0.00694408770059241	0.00438209040350538
0.378265219145835	0.353504869398951
0.706043533588754	0.881519423423611
-1.12565378285538	0.9643232337724
0.408887620001707	0.337273519202555
-1.17567053718315	1.58119299766134
-0.521981885752811	0.508281499071187
0.485264516781684	0.446595137945292
0.0378500473674066	0.0208598752009862
0.567732756331836	0.331199818734752
1.42589295139276	1.11291207262337
0.145773891980641	0.122216460251689
-0.240927738625446	0.176702923737737
-0.895289148931509	1.173806621197
-0.154748674848011	0.143460960002211
0.536606588540758	0.46618156335203
-0.141422769019975	0.0954923379596812
0.930333060013149	0.80936557230646
0.197019197082632	0.174843178565565
0.0371034110801098	0.0276595360120403
0.268758604837639	0.249267467996714
0.0705159856347213	0.324576378402886
0.0404824902486496	0.14068784177746
-0.101086055245971	0.303563762900135
-0.21224253902376	0.673065013802298
-0.120335691171883	0.292472658548586
-0.389966197425212	1.17605365438919
-0.317462933715568	1.02349878459053
-0.920823995936365	3.96296573009499
-0.792400907961242	2.56834617395933
-0.905423021464056	3.66641241788918
-0.383512374002055	1.16705982535529
-0.386326623409697	1.17336446597001
-0.108475600374553	0.211416698006384
-0.618865636353256	0.587148082048739
0.143605528892576	0.270389768077684
0.131742983017761	0.185176042331381
0.0751957656013665	0.137968108203504
0.0000302640117860858	0.0000476392371928027
0.4117642070898	0.91600119773072
0.43343116635795	0.930575587221855
0.201657620948857	0.370380491707272
0.105658672223191	0.161061074179566
-0.153223990496106	0.270646480313361
-0.118954909152566	0.183490606738137
-0.0870432066773268	0.114609803078091
-0.37250820079459	0.69441372149966
0.245910674747464	0.357847945565351
0.132874285427735	0.148141835822785
-0.283561607076565	0.340434137089888
0.963078860472085	0.255236868510046
-1.00519547019286	0.397637840840267
-0.18732406951507	0.124314774037452
-0.117002923290853	0.108936908210225
0.105307786137444	0.0748043071110268
-1.08520655271204	0.735214558836007
-0.216142522612587	0.161907699930341
0.132342170104208	0.107319610010982
0.00711909902990026	0.00551093966734283
-0.451696518559219	0.375581215823013
-0.575664331634728	0.556497155079417
-0.102808300622084	0.112194580858965
-0.217423446515005	0.224695018109755
0.905621913091858	1.53219843134402
-0.369654688270604	0.414609520576298
0.408903851840484	0.490368652383378
0.120558222667765	0.122075681527775
-0.31453010500272	0.365111641346332
1.06465746071899	1.84140109301894
0.115282581700238	0.0876074973741732
1.73017345567497	3.81813179233888
0.101472935086263	0.0719537862036981
-0.20660876200602	0.187555219533765
-0.291379647041864	0.233697787904002
-0.0761150697297724	0.0609562183363695
0.717874117611946	0.339372346040594
0.632908922451858	0.334364877438906
0.176618617260405	0.077047383860408
1.12224065716945	0.854342756468737
0.0992802137166708	0.0677783944036691
1.04359963401239	1.83333705632021
0.277471909256023	0.258745178993726
-0.780662522313773	1.23872796544231
0.588533910414916	0.662972799129334
0.325695198537816	0.357739639297782
-0.0860583829082214	0.0759199779589488
-0.138515687563228	0.117924584374601
-1.65404886085604	2.04073025110549
0.25961595822618	0.239211056798629
-0.0483357038359324	0.0362178390447645
0.941252453442221	1.25049578091932
0.272476012075214	0.271810507927625
-0.116535767896521	0.0803139305533126
-0.602710826417138	0.737512121226138
0.412669912467914	0.436874963930253
-0.00359605865984128	0.00283301313806967
0.401406642613762	0.343493102954112
-0.146323824913759	0.0989930136244191
0.120371770288954	0.0890351691392345
0.898978646005888	1.03759278574973
0.495599215755426	0.340163754870829
0.348954061701269	0.213235765957309
0.332449073199047	0.21723841224471
0.0487691343178332	0.0364827857710515
0.210356573628543	0.183577909520327
0.685424087809155	0.870737084760338
0.515767044924416	0.546194271239451
0.869231864044264	1.09255110825571
0.518141690262724	0.622674197754182
0.535232212049555	0.46501093446452
0.330034829231461	0.340944631259119
0.0380395418720759	0.150360728432915
-0.00795067173722824	0.0232991102348506
-0.274891785039454	1.04277837067311
0.0782440614309987	0.179586374022069
-0.200581758776943	0.485386273159395
-0.64671561523162	2.84287294146439
-0.681820667176727	2.44031406960271
-0.955517734057828	2.61248276539431
-0.939514547335936	2.80689870855779
-0.384679469641698	1.15119830149435
-0.411261991299649	1.12994815603086
-0.22169510686724	0.473757199535022
0.387691488716873	0.197099337744439
0.157651830647423	0.278034491291899
-0.0517281926963716	0.0644771149170065
0.223262067914022	0.501334739082131
-0.0396643945010977	0.060645413809887
0.317790775392319	0.622307284530013
0.413892922763464	0.822166634590053
-0.12765745175629	0.190188606404366
0.226748883665523	0.406698825421388
-0.122833475817034	0.195627404104018
0.235336293081752	0.381989675402329
-0.0938969256893506	0.108265660578851
-0.444832041354031	0.882211238381446
0.199073742138817	0.224717999593798
-0.621394479011163	0.931735749201807
0.199921977988544	0.185977098172076
-2.57554526884402	0.666976966437407
0.383084667214441	0.194675140022767
-0.590272693789887	0.475933475917746
0.773975979311298	0.8569631203908
0.302547454355767	0.25571174718574
0.167889275021725	0.0576253650682983
-0.377089148500412	0.21017255314211
0.400818087350097	0.342837626872437
0.110107454485082	0.0810204979696407
0.191796443792308	0.125722851420778
-0.127199476543673	0.109608650354155
-0.492419125152397	0.718339783349623
0.0867331548319093	0.0729944544288881
0.407956057415005	0.488862916536585
0.283334345063869	0.291011387994092
-0.200412846155731	0.194852969277049
0.128732074143403	0.131036430513134
0.14958335057171	0.147698117110124
0.327177099885041	0.337308749617365
0.365885232814089	0.34958098508836
-0.0740808589411204	0.065784639152458
0.526474336330742	0.636029479092503
0.0884114831670362	0.08455829827381
-0.443958969575274	0.439959781418275
-0.581826086053479	0.59639560900736
-0.284351001588377	0.205164751814433
-0.0447702823028891	0.0276849575017918
0.202012404359802	0.125926575425686
0.134907216131413	0.106691861733989
0.641195926802776	0.491284017174908
1.47076702797822	0.921200171903375
0.469827192531849	0.190698541732883
-0.0649333096273064	0.0256513420755379
0.171161907553934	0.0832411183002654
0.281530451107613	0.234942691350876
0.380669886801117	0.432561342517694
-0.319462340017382	0.323148215826918
-0.264734211458173	0.287085272234631
0.710034607660485	0.981132259288677
0.399851893237769	0.341613578750794
-0.234752453513613	0.193462427888412
0.0589276233474339	0.0477016345649548
-0.657855908167357	0.455667955666665
0.175492961372618	0.108224483638936
-0.200696674153498	0.149103762711971
-0.282904374844806	0.251791012215109
-0.440360851622486	0.401301429849093
0.301424011774019	0.246105444531914
0.279754190378329	0.254650404213264
0.1153984126616	0.0877364710783081
0.0421451345344526	0.03144945406791
0.811196963016068	0.644317437610347
0.072928471978554	0.0452737780938378
0.673778489318172	0.481361757083102
-0.28393549604954	0.128757346512117
0.715448466370102	0.337890549600564
-0.470336113383746	0.244086757448538
0.18105633923802	0.0881983213337621
0.308624657065892	0.233894112949151
0.0392477537286645	0.149402061824353
-0.0500954802044074	0.158837230098782
0.0223474458865523	0.0509932354394478
-0.0928119111145294	0.194474859242494
-0.213224514032445	0.615697669365778
-0.468410239204765	1.34657803031204
-0.542914663608457	1.19570529130178
-0.513492781289969	1.18639092449194
-0.441773034546483	1.4022406428133
0.152381691369892	0.28929655783055
-0.357051259341975	0.931445142025385
0.312168976401084	0.226235613177425
0.31623188388861	0.692336136823419
0.32058056425955	0.528037717280369
0.284401836214163	0.646425686103787
0.515288392501564	1.42059984095836
0.162139203033882	0.256468335757436
0.182177051676367	0.260018487716362
0.0912547334601353	0.128676151878095
0.243787760484489	0.458376115992748
0.0346870095674523	0.0485256137786937
0.215348717599923	0.314643496613776
-0.118025015430065	0.143500877478454
0.533166092815497	1.05431887471258
0.194970036699097	0.225760916320938
0.251012610829006	0.271813739083746
0.35153907111615	0.351264393523097
0.164778629348208	0.0313374327003096
-0.326310377140785	0.0935168437296262
-0.426662051424922	0.325490189408565
-0.276155121310761	0.198418991848033
0.939494568802856	0.821284411534106
-0.0354032390789549	0.0152569481094107
0.96703502608901	0.657012081296648
0.896724616833734	1.03449770261436
1.26099789637889	1.23957023203006
0.663708742124453	0.603021551995287
0.783528976402459	1.11659152212617
-0.839247516169938	1.39453885977637
0.145704582140286	0.141013602155731
1.19672984328031	2.01656911920392
0.313687776946294	0.348261671884916
1.07231237647096	1.57217369457125
0.281554743784041	0.276425654844615
-0.0748664247574205	0.0610183275496569
0.163968483355577	0.152046942201447
1.08881496606601	1.27238149757898
-0.0768880521920707	0.0616096459553242
-0.0976799883972648	0.0839822431992294
-0.328058751767174	0.283520328588117
1.02765280429523	1.22983814580192
-0.208514813504256	0.102608843858751
-2.2613746461666	1.1393430930319
-0.254083673787765	0.187641113923483
0.0112331645839783	0.00587957552428426
-0.0727452422026444	0.0286275886540948
0.35419647047758	0.198074173650314
0.836448935576852	0.355028318228606
0.174426671683725	0.0847638691176825
-0.097486691780352	0.0567823582480534
0.768015286827809	0.931471231239552
0.52016331189696	0.568792548633242
-0.102399320623749	0.079977186862028
0.131949989920319	0.112243334923521
-0.463980570836633	0.486629066622469
-0.316881495756758	0.300924305963234
0.374904809626025	0.349848428530238
-0.00682118442359209	0.00314147367446692
-0.125857677396236	0.0703229494979654
0.126343746650581	0.0966629872630196
0.508028043523645	0.606089950223987
-0.627133482871284	0.598127070187031
0.880458461703687	0.653336401489654
0.195257730247506	0.128180279740565
0.445655624678253	0.443427743001246
-0.78531944122643	0.991187780409733
0.541147028016018	0.34719586473477
0.588706797695087	0.471476647947622
-0.88058414578617	0.724471423172536
0.192342339088869	0.11933638223975
-0.32485451718176	0.0931499749349684
-1.25320475905138	0.56253612866595
0.563229905161695	0.327903195006533
-0.0872531064996651	0.368031277455265
0.215992784709121	1.09646553650155
-0.172356479743233	0.463548173715889
0.045288471657147	0.0986976828472783
-0.271496539490347	0.596984968451553
-0.135297991314382	0.193252742397376
-0.602617944056072	1.64145329867925
-0.412097547197363	1.18751126799584
-0.10669053264053	0.190294004745704
0.182318440338804	0.36678429034302
0.571295471869067	0.480576264267025
0.502487869074551	1.39204735550153
0.0425109875734336	0.0505291720074204
0.140734767268893	0.241271934381146
0.160759867962749	0.243354440228419
-0.0111633343494883	0.0142180460102113
0.323821408799836	0.532393950663415
-0.0766190843046244	0.0995906253732083
-0.103319301285221	0.149643782814774
0.058836631448515	0.0804434590392496
0.409001902308244	0.754060786630372
-0.0187994959439808	0.0200213311002224
0.283581144372344	0.456187844594322
0.928857835356741	1.80029675741221
-0.604823077519196	0.769263575245597
0.553195310453811	0.646137615589379
-1.79785205353169	0.391773074809323
-0.325663137440616	0.0933864485177264
1.30146246649907	0.724522922364383
-0.373445099367736	0.290447644703251
-0.0360161032375173	0.0154951457652387
2.93270052864339	2.00049145388803
-0.982416514307605	0.871639519930765
0.63204628243806	0.482395289223932
0.0271822420231472	0.0151063088290378
0.964700699491667	0.950598989055712
-0.29459464701149	0.236717430489915
0.156090104877305	0.149613922889204
0.360417071705773	0.352757262716891
0.130464135839301	0.110837855547848
0.653860851742421	0.779275116143081
-0.49941707218512	0.520182834242357
0.637647133275774	0.851279750120672
0.109071258098102	0.080210405582407
-0.334197710026156	0.290022903803314
0.201611620501357	0.139333745625792
0.124322225199384	0.102801634300773
-0.163320927138141	0.107256171212491
0.115333969697792	0.0850566569570191
-0.00103528872789917	0.000831210384586384
0.399635261207671	0.341489344541254
1.49780872740749	1.50942064635492
1.26007903803677	1.23909319758452
1.34851208512378	0.596384123896258
-1.49753171438992	0.532305096548695
-0.316628479683188	0.22152669535372
-0.435796613363899	0.285589514153857
1.05767805940452	0.40430204105456
-1.49705816852235	0.532032217355669
0.386221957766395	0.196225475175775
1.47155078449581	0.491168545293048
-0.623302981809105	0.363309678817587
-0.218627258500741	0.140780977389831
-0.0150457686330884	0.0113217894537576
-0.0457783241661959	0.0283068957279552
0.666415604860015	0.474881452698733
0.591215491912974	0.59093652831142
-0.296929371211557	0.259401298368393
-0.627980341545587	0.599319980991851
0.980700057685397	0.670233792551426
0.597094778161259	0.575044350408272
-0.209432632070074	0.174475752338553
0.0536617341719021	0.0315072990633262
0.626507635769646	0.586582644902361
-0.0356334312969709	0.0220369119087124
-0.853331658244065	0.842559311686986
0.667173471134914	0.710146079558149
-0.856331747045665	0.845070261935893
-0.648120763296042	0.447116670933202
-0.0612017317779893	0.0367674797277898
0.807913230631584	0.486212971980523
-0.585609982981132	0.470766089853553
0.462872226332155	0.187737106063827
0.17273732603019	0.0668202643468802
0.821366494664951	0.496342706271632
0.0439205221011124	0.160757272693607
0.155625512466076	0.619074459137223
-0.0855088954648106	0.239527262294981
-0.245746160866157	0.649451925378289
-0.141884703998067	0.24090182818505
-0.193007302844879	0.355852786338084
-0.230146643701454	0.611440235613572
-0.0210185792508914	0.0351597554096245
0.300899324782528	0.79192613412673
-0.485923233211451	0.438398685561746
0.692940668742621	2.4060882210147
0.161049719988078	0.235760586975484
0.581503278816118	1.92356621183235
0.416912702494129	0.948746531773105
0.432915132590174	1.03122538692212
0.0866539079873051	0.109833814642678
0.150079743377421	0.221232170727768
-0.359785351159697	0.716620778569493
0.274985275757181	0.518194991069702
0.795126710161449	2.27755505030135
0.201220632459208	0.26960767908444
0.753417779328607	1.84283618597664
-0.141035983039662	0.163091516958261
0.932137073845827	1.66004038739897
0.582810476388213	0.741127575200835
1.96276901321247	0.454520391574277
-3.44821343973509	1.22397568320365
0.733178514902545	0.743709280523577
-0.437996699915317	0.287552716814637
0.625943391813486	0.476171554802099
2.37939544032746	1.20665053912734
0.387180977982477	0.196813840770161
0.562332085523434	0.470723950322109
1.87389376513262	2.80147326437669
-0.277358908341351	0.220588512401049
0.317596645034953	0.339650595389696
-0.644474647200546	0.990630159353692
0.207148226685326	0.185126238127275
-0.426180713923187	0.416966926595096
-0.724692749226495	0.872109115074619
0.0329911036360627	0.0238516304582824
0.0643561240786465	0.0510509307748263
0.395731661604207	0.33750295255171
0.383980838602223	0.349148157037914
0.201611620501357	0.139333745625792
-0.245131077614508	0.180236259014607
-0.130999006530957	0.101683350233613
0.063214630640951	0.0476031427946759
-0.651385118144461	0.668738661360999
-0.0688955593825769	0.0271486518108793
0.167576891785975	0.0730695048139849
0.183063896529214	0.0463401006276899
-0.0702792644732383	0.027691415436906
-0.0808628385677146	0.0469279002785648
0.177270480424267	0.0685970337630016
0.175658331461966	0.0680052602443423
-3.07350260546998	0.94852963330217
0.71997230620103	0.340590077078722
-0.474708673577782	0.351254335675201
1.17613752021959	1.5701284075163
-0.341300110644808	0.320891288271603
-0.123485895726383	0.0953895267880653
0.811526421932456	0.771330883527412
0.427829539018547	0.420635473240649
0.105401120517907	0.0748547871692103
-0.279716860927265	0.248416056047644
1.09326607327687	1.27949126768647
0.0862857142280166	0.0563208754375658
-0.13589922427685	0.0914953702782049
0.0716430400877961	0.0444630098852014
0.849407741331381	0.891765968320863
-0.0220086206681689	0.013909422239421
-0.0885151827162444	0.0714352517960574
0.0162027259348934	0.0108876068800282
-1.20429094265286	0.89846687973258
-0.369059788987182	0.250475105878763
1.09524238383133	0.536029515579283
0.75654361050192	0.634877885208954
-1.43007442731298	1.26189867509022
-0.198392257320092	0.0638832149326698
1.29586837621044	0.720826497078155
0.243749161169566	1.49466677733201
0.0939623014301839	0.341747400482175
0.124427204620795	0.297212284749471
0.0153891780052925	0.0245105578687368
0.217339875193342	0.471644291832787
-0.0807092530425187	0.168021188563052
0.287636212964541	0.755769303608013
0.47494684428211	1.73759237713842
0.472091497078492	0.447055967036267
0.207159970210435	0.405386555885159
0.0847550682171598	0.105490937973456
0.26984825143822	0.573232868463481
0.698248124907078	2.2488360579235
0.308362540797837	0.579554211869938
0.587230127340417	1.25498018784779
0.376485304251083	0.79192464087177
-0.304901037740984	0.557500798186309
-0.289474604191421	0.531090927916397
0.271187490178478	0.405209118088851
-0.414830355129837	0.702934202564359
0.14075303671226	0.180071923013425
0.0574017095904174	0.0626106054865059
0.656080870874341	0.941226569422495
0.0474065907937373	0.0424323440151693
2.76109157462938	0.779871501961836
0.680421237638035	0.217245422782273
0.53218285689087	0.34015173704014
-0.0775955927157752	0.0467712629164247
-0.67473648739432	0.530322657543174
-1.79338811816094	0.727671784024384
0.39182668389421	0.333417213865167
1.49280550143626	1.50100381563319
-0.135578967650225	0.0912755967074598
-0.321900947889667	0.225894024587136
-0.0860170725174061	0.0601608804141828
-0.178555685200455	0.162190111454429
0.047942620358705	0.0358519950305394
0.195905628018295	0.160752088232748
-0.00350179546133769	0.00222697771704058
-0.0762853291674846	0.0544489659432837
0.362192396476501	0.335317539427334
-0.250764842984879	0.155092778457343
-0.385161048581658	0.301315938252616
1.13218948969186	0.867502928769054
-0.314276953987158	0.219717046840893
-0.403909773192351	0.372178114447715
-1.96276550388998	1.35579570587929
-0.198968218173011	0.0640889176649534
1.84570196896662	0.728945119955139
-0.329964215322259	0.0945505800706473
0.806509506485166	0.639014680840795
-0.51075681659009	0.418183530441147
0.447646921160792	0.342044279429007
-0.0558769659064405	0.0335644252939584
0.332300388100061	0.216800819540271
-0.27825463851467	0.246876610995343
0.323720818060831	0.22404080255018
-0.154826347624219	0.11882198172093
0.637926224004211	0.775234305953638
-0.908885467903894	0.657665867097088
-0.0501346636923608	0.0301212854851862
-0.111869309951342	0.076937726285272
0.531552110293089	0.460893601346917
-0.551861261320923	0.39606512031663
0.668766768668441	0.609179746104275
0.0859782260049905	0.0560792462063217
0.566364723906597	0.475123539035048
-0.170509475315032	0.0903335636352368
0.720948174329145	0.341130987722089
1.41799207073444	1.10293806009923
0.577297702432653	0.337822714640498
-2.41609986435329	2.32582147810955
1.2938071426351	0.719287605729969
0.688185381402826	0.219868290083128
0.24647354288954	1.78404084979688
0.213963152825058	1.05906876676853
0.256127386920863	0.862100083398639
0.428028702901029	1.78997391331416
0.617195108475798	4.0049660251811
0.596299019487377	3.33521741944407
0.33983830994935	1.3071157388334
0.884853325412919	1.42643475047971
0.498311838252333	1.83799036091683
0.0738053036532089	0.110009353481619
0.293609973113558	0.81792869892352
0.137650578702656	0.269764036908091
0.553459755259699	1.67638733520707
0.411398868275544	0.91477260768992
0.198649502908659	0.384227070316652
0.173078765840038	0.336458060359725
0.170172328094638	0.303947317069023
-0.0108249846424046	0.0142777732614245
-0.336556449370347	0.648390602484074
-0.320183146132152	0.700873303112133
0.333426278261082	0.619118543068508
0.234985234626782	0.320699527438548
-0.224876494172015	0.279228312228579
-0.613158918177153	0.148231887572971
1.06264198810457	0.406540438452512
0.978216749595047	0.969610134537595
0.0628123775796552	0.0509487192276077
0.283513909763732	0.244450892458778
0.577189706467305	0.338125440029393
0.308177964217577	0.222998320222019
-0.0527454620986398	0.0431557993177501
0.557228993452132	0.652065524764962
0.39467535978129	0.422910273941149
0.339679062221356	0.34500983094588
0.464432548975211	0.599384328029945
0.478482579431939	0.537910460962274
0.143565223019368	0.141052990164587
0.960400369044139	1.59243945720777
0.621371015232229	0.820911507736659
-0.202470953414435	0.167936578056273
0.00987652004236203	0.00624055637891797
0.943118745200471	1.25412332254093
0.94518688723435	1.25818446656205
-0.106183103595442	0.0830665569947825
-0.360296086435519	0.307307938695481
-0.228450301851886	0.166495220067808
0.0824018283523516	0.0537178765183095
-0.100057914963572	0.0704253609623679
0.356043636022937	0.338086269268347
-0.9906956687462	0.881843168897981
-0.933744342398633	0.566871697318895
-0.773542262917349	0.504884895709389
-0.407362848219968	0.344282533994901
0.360956997668829	0.221736739508554
-0.755111718030903	0.327487465643262
-0.770843263763794	0.502664492436543
0.0152734070891289	0.00784851037686309
0.605713527411804	0.667959421171831
-0.297137946498334	0.302386061482137
0.346122065752973	0.353260616332673
-0.299830978836325	0.281195010893089
-0.109197939032326	0.0856396657046279
-0.653750303210509	0.709436610679276
-0.0569673644591722	0.0412269554128976
-0.150979997911447	0.126898764045462
0.0821349265546206	0.0557159573803662
0.508771170376927	0.474321442481383
-0.463913702938555	0.451125896852229
-0.0689580666097758	0.049065779772034
-0.682769061757798	0.639482916030781
0.205791463606165	0.14858297019165
-0.485917216872525	0.501729343992997
-0.934152533955386	0.978594127758965
-0.403356531268243	0.371880639869035
-0.469521108466565	0.394164314948291
0.499603123849304	0.463518467783569
0.499118965449099	0.462834625118546
0.313825475119376	0.238318714666765
0.921610123647187	0.500888721602771
0.525339887998747	0.335060701222185
0.184306253999222	0.107117247537621
0.308222070921304	2.11448148352023
0.492028395299704	3.2252948996683
0.640994574615366	3.97812735985858
0.0666540200862867	0.16039037407198
0.00246715122801318	0.00460475265030162
0.420159076248152	1.68999394622028
-0.260403726295564	0.249284095095726
0.371033625987356	1.00205372301542
0.568642320208435	1.38230895525203
0.0360030060509034	0.0608105317335014
0.171663903992879	0.285815773981042
0.228035848838489	0.384607176108809
0.428228248862745	0.850036973310558
0.428552253205947	0.91186604308529
0.111072802166141	0.14746292057773
0.270949654505889	0.491863737643454
-0.739301779176897	1.74896591117349
0.336588640217876	0.642179542381365
0.0899515678143143	0.126916508546866
0.412781621277167	0.690187208212324
0.351887175135556	0.464841115183684
-0.0217219804016276	0.0207389410688154
0.962025660417238	0.254682745005495
-0.508129899938489	0.191803653008602
0.441628407898706	0.354272023294266
1.34506939605438	2.28803351783483
1.55891883219763	1.88923853864111
-0.032203594526383	0.0139243934644096
1.43573332997795	1.79700878002813
-1.2048728929981	1.39530316762432
1.32762934254795	1.83607078564633
0.839472083893284	1.07702633807312
0.202494911004394	0.156992026253865
1.0418405774434	1.42394766400178
0.194946604202141	0.164301516596904
0.0903026489742174	0.0614260276046271
0.186375429967564	0.121910618118306
1.90016923522214	2.10637156281131
0.18402813972541	0.120177757327752
-0.171236135812745	0.112755495102531
1.24831867045017	1.63384030564217
1.78902988449753	2.21165540829772
1.00318221141567	1.1003361682403
0.469788479540364	0.444388551135465
-0.167636250606281	0.088697326954257
0.104445635890155	0.0766211695042389
-0.043117223813024	0.0184650952238071
0.591943731715568	0.474736029489878
0.423334855823939	0.336519413867581
-0.904317464293617	0.653667352002772
-0.435796613363899	0.285589514153857
-0.109920605372957	0.0755286775573814
1.39172916608264	1.29426231569965
-0.31033537989328	0.183875713916493
-0.178682380698579	0.118175219751524
0.0372909843360916	0.0205223296699064
0.945224884378133	1.06364978643009
-0.313611921042727	0.219136686636427
-0.435559210830003	0.285140919489356
0.0290907465753233	0.0146842710000232
0.329476548845736	0.228502800535177
0.816872791376835	0.493619660540223
-0.631526495011178	0.369314551639938
-0.25690032532862	0.159292247038336
-0.628731784685698	0.367848928307782
1.12169739479542	0.853752105707268
0.189524891784642	0.12409563387759
0.0597018567924685	0.0350543988573566
0.0493841048591811	0.0270995873032226
0.335416312452781	0.219461953371477
-0.310531578996367	0.183750964657866
-0.552487885387243	0.396586126487686
1.47402323433779	0.492035659807906
-0.119396505036939	0.0425742797620838
1.11043355790468	0.687631279721819
0.0553016504875	0.22937279063439
-0.00723022380129152	0.0241452028452948
0.24357985771935	0.915299731085209
0.417272499335415	1.97979732054606
-0.198935137203439	0.659882644814531
0.182226406863909	0.338121138569869
0.456140839670917	1.54457229259753
0.636381443965873	1.19985529534376
-0.310220812266134	0.690897234092558
-0.0827907608781102	0.102531307382347
0.335323237152118	0.54862146732055
0.154366869793	0.288737172812921
-0.0676816756457947	0.0818262171651086
0.462311597629198	0.820189646416578
0.220013143268284	0.286424616792799
0.365465278938311	0.480912647799304
-0.173019961811168	0.303763331346782
-0.84006982437096	2.15673781856913
-0.188173461887015	0.336011848394987
0.155410082272149	0.255438612539626
-0.0544859798611157	0.0701262552822433
-0.613682540053849	0.148388769407339
1.96276901321247	0.454520391574277
-0.479088920837344	0.249231249131054
-0.308373441388311	0.271293526454198
0.333353610127869	0.360620039938563
0.906012273910035	2.351442052036
1.0605201926655	2.50609176505924
0.857245497356586	2.01308658300724
0.809454877482978	1.48728511957731
0.422034545683127	0.500640420210995
0.00376072412356739	0.00389695391722938
0.556074830827059	0.565035993032841
0.415765413732387	0.344329689883819
1.05315145895578	1.00177427623745
0.932330997482774	0.508192794905565
1.59125177600826	0.799349633908444
-0.32485451718176	0.0931499749349684
1.9254298384908	1.66605010646467
1.50036502377142	1.51383326359588
0.812937446204866	0.647144417471074
-0.919555898720653	0.555212434215482
0.177795424572055	0.0609118795792828
1.63593848018565	1.1487971296808
0.193977612941962	0.112992599583149
1.97610151354708	1.24265183073348
1.84333369293536	0.727520140615955
0.167722678334851	0.064927369580929
0.332560440330762	0.359328325765877
0.144907058018409	0.132548075822113
-0.0151006497247654	0.0130661700697166
-1.50454355786717	1.67821474970232
-1.4641363511733	0.736484372081891
-0.375483922760006	0.155332975861935
-0.283437383972797	0.12854159422827
0.36647440969361	0.206128013570743
-1.46053920799008	0.73428791747872
1.27764974313616	0.891728090026837
2.297569589936	1.78736838844061
-0.264571847593295	0.188932663328076
0.45348462321847	0.439438372483902
-0.0303447935297755	0.0131580291104604
-1.12519556185123	0.339754109482426
-0.611962616144159	0.147977912487881
0.843422236893639	0.358554124858322
0.712849824955165	0.336805116882141
0.5422429700825	0.472703884493545
1.36500178106662	1.44899860615535
0.516940041602073	0.635444212669724
0.446966758885741	0.359404885762627
0.183366149051281	1.21095586788935
0.423409855318134	3.27014635881799
0.408177711943034	2.44147242990076
-0.236138651689272	1.06898847181175
-0.424631859758451	1.10559903066476
0.413619941474813	1.40640321200753
0.555044624372342	0.97352118055078
0.259018325726931	0.567231666911275
0.341564451506139	0.533243491909058
0.131035215414909	0.169265042897292
0.129154157233307	0.266042532327456
0.1316398524778	0.171835550343274
-0.0647632801953327	0.0726273197082039
0.24864737823047	0.346624562255401
-0.232820596307897	0.273317974632568
0.0450092066875404	0.0657795922581586
-0.73566757072344	1.84960246332802
0.0601288401359823	0.0907988227672214
0.593934226538987	1.5880634444462
0.0244868986178938	0.0298104990093887
1.11187291553674	0.688709744713939
0.266080627071061	0.246267884777601
-0.18580472819863	0.172867970163733
0.405474543407992	0.664626603566504
0.36285876198959	0.570836817171493
0.582232798723553	1.25381367973069
0.97039295777819	2.41518557675621
-0.099614381418615	0.094376396006661
0.262544073469845	0.366474402454186
-0.430896686303531	0.28205028791309
-0.199464758343401	0.148051484360008
1.12251690105191	0.854529506299678
0.565843817049004	0.330070089885461
0.180503912336474	0.0618296034347483
0.179479941018599	0.0614871969929957
1.80947791246546	1.02330628168818
1.63641339249522	1.14989177084039
1.63837693717167	1.15226107285419
-0.196606144995592	0.0633346995977349
-0.115237892478501	0.0411160002983332
1.09805540245059	0.537873542527655
0.37698133283036	0.190992534516531
-0.965522989308937	0.475476767576612
0.177795424572055	0.0609118795792828
-0.585624368724838	0.278336336245358
-0.269275631218161	0.121790591906173
0.0313480211352368	0.0219117773803104
-0.419151884460458	0.318717201679387
-0.393338324241935	0.486334982295715
-1.79846963175793	2.4267739671766
-0.174116892605294	0.114892239601539
-0.157709751434664	0.156152458864973
0.0949827106872773	0.0853015637257513
0.0838001126917673	0.0858844627248538
-0.0801082283992844	0.0572486398387523
-0.0455836401831186	0.0194945000709103
1.48199680592229	0.931940622928033
-0.264591980325222	0.164538703135276
0.180978678659038	0.0882668783158446
-0.0136638313745806	0.00620396693676572
0.420440053336061	0.191422412441429
0.173178140989587	0.0593793792188454
-1.23216293786294	1.13770750481942
-0.408107459472197	0.345043288405953
0.979743921640188	0.669281846080589
0.555949767102404	0.201992647886448
1.05989643717056	0.405275695027378
0.478790069642107	0.194683740260329
0.0703452977735778	0.06095746523085
0.0475809467038789	0.0426059092859548
0.32695518294185	2.83044716291084
0.144777775916215	0.690465541362766
-0.0586876131002094	0.195082355333716
0.459390829571811	1.00412374439505
0.60464435881966	4.03476218005405
0.252424415272356	0.64783507000827
0.215513492544625	0.674598857073661
0.00285185313046392	0.00465070354010612
0.00525744765828963	0.00769837014346788
0.502830982321264	1.55007212455337
-0.054846020818303	0.092319476716523
0.0152472956178497	0.0220601922794125
0.0443269149974823	0.0720152618995159
-0.176960807520284	0.289397287406838
-0.0544600055073748	0.0868168271476485
-0.530815662334183	1.45617787441802
-0.185709828780858	0.303658643659076
-0.356355924850041	0.643818121226305
0.24614345435263	0.33153782901137
-2.57067328278635	0.665094197548339
-1.1182849071041	0.337405124817419
0.758031291217847	0.741825664813176
0.252792644336098	0.269217519108856
0.748342855221367	1.07227665785872
1.25062369477971	1.63889830904818
1.11058335739071	1.50583724724784
0.519493327482599	0.692177567348417
0.970326925340552	1.61950039875156
0.846995978866204	1.4031486530042
0.314949842722863	0.33618347373947
0.00895811496601427	0.00783760244075282
-0.247959416400188	0.240264631684222
0.403976823671811	0.446525007218085
0.0585077226420241	0.0473568792902619
0.206195448683143	0.160169173492504
-0.250041889317862	0.201959912935042
0.189343321768721	0.154681273129318
0.737713490494266	0.833359025898403
-0.123800902690014	0.0691513352523014
0.186502582417993	0.121963267186336
1.2416310756343	1.49678769749139
1.59683933329303	2.22511854016491
0.211453779863341	0.153115021716161
0.350070866082121	0.214073905570227
-0.273511029221217	0.196276340506146
-0.776737809883227	0.779139688415215
0.0894774732544531	0.0584399659536121
-0.474087412884846	0.55404726300361
0.642530107602834	0.933855968467319
-0.0683951191934909	0.0622660548634184
0.0650633515104233	0.0528405374086301
-0.114387806862371	0.101301950053723
-0.0558976167020238	0.0458106640019296
-0.66019178930005	0.515315661666803
0.344536399266462	0.209818386853808
-0.979445080604032	0.867261624230348
-0.843896003229239	1.00857994642279
-0.166844879580334	0.125408146822605
0.0325508581880262	0.0179945757991825
-0.946695179796561	0.99731443975514
-0.248135865597118	0.182753651660687
-0.175326279719576	0.132431573783439
-0.35975563219968	0.27769550579454
-0.324469621042306	0.227858604817561
0.711042430651264	0.623885921106842
0.972934902887256	1.18921462152658
0.632928548491569	0.594492896152013
1.59823396692702	0.804041108576349
0.175346545964527	1.12314473370597
0.155004842500686	0.821734899606437
0.366887437044686	0.949321070494162
0.480733017758458	3.0780910192541
0.412507225112624	1.41857668387976
0.145845335245051	0.428702424720559
0.36600715597382	1.17970382809126
0.192506886821187	0.424361152620011
0.269222231573605	0.7174839005981
0.00503544928587963	0.00764604165124041
-0.188995856806814	0.395952596018783
-0.058966246035043	0.102932651608148
-0.000374827501162123	0.000480190080143427
0.268752912974597	0.655773149330516
-0.239811751575755	0.516717340495372
0.0905583744670324	0.149760526030042
-0.0991739737074927	0.150924874396611
-0.0523489818991922	0.0712708674824495
0.161251150232847	0.0308565698216007
1.96276901321247	0.454520391574277
0.712927543244119	0.336393003965956
0.271163061174607	0.258161836682863
0.24782555235257	0.272198150518744
0.112027571738381	0.109247882126291
0.521378499667792	0.553833079597205
0.148005688574488	0.148460136683066
0.581399102413441	0.8618520675426
-0.100762595735837	0.0883461745376438
-0.308460984272967	0.33369816970062
0.96396840584488	1.5406664522523
0.320545347441656	0.35064875450792
0.0684098098746893	0.0556830103729025
0.520551336888982	0.535531516070713
0.341659598096009	0.339147740246967
-0.508500202261886	0.556088323432163
0.507854693669891	0.454427463957301
-0.492287319583006	0.445679772355346
0.0603179451807659	0.037374348208645
0.100439443898021	0.0711858461901262
0.576084265031805	0.570398552257383
0.0783722104034311	0.048731475282741
0.9450187234312	1.53545646210263
-0.0587007235605952	0.0352659109234791
-0.777819834408644	0.724017180155853
-0.767691134662873	0.765849848658093
-0.526406492459211	0.513711721623501
0.282731797067344	0.334530294068542
-0.302041435891488	0.356369840453687
-0.585995130257126	0.781425422710043
-0.185573798006412	0.169399641408328
0.116111861387884	0.0907813231415724
0.335519774595495	0.204022598567612
0.191189725072909	0.102758496253272
-1.25027519143383	1.3443901871028
0.126168008777807	0.0965099011301154
0.0549156596027758	0.0411898011005026
-0.769478616949111	0.821180544940625
0.201407100006825	0.174960097948484
0.0363496196473849	0.0263007078353084
-0.0351028130196731	0.0257177613504766
-0.0214804288791611	0.0135672975538994
0.310237229133247	0.245095093094717
1.69182737032291	1.60608341246565
0.159034254498111	0.977516375412289
-0.0410132757003909	0.110165000844182
0.237454094855547	1.29133106858465
0.222121499671246	0.717299893753207
-0.215808161124098	0.873665347328144
0.0210196094642801	0.0429012594858936
-0.218298768262727	0.569791146810882
-0.271426112788382	0.838727042367578
-0.481955552774175	1.80832582439404
-0.608880887602218	2.44219522468264
-0.0785272734167714	0.157781260410886
-0.382694833194491	1.04198210758806
0.0213373478427714	0.0377243635481043
-0.200453250276079	0.446907838766835
-0.032506121709262	0.0572398910626975
0.118209906884132	0.207454035034582
0.226879198995192	0.399047696658042
-1.79346061997896	0.390723019452767
2.05198180292919	1.94959029208334
0.718926013827229	0.972543834758789
1.17793259766111	2.32030405384131
0.0713851864162893	0.0607111187316144
0.527123978858306	0.5619888081791
0.678402125190632	0.965019791591299
1.23464860370095	2.73796694617497
0.38618100930049	0.500058175824272
0.347246947433799	0.493021678968325
-0.129967861901769	0.127714501070496
-0.387608217454488	0.46369068684075
-0.0423310069783277	0.0349814312605725
-0.264880298428913	0.215959009419378
-0.718399508773852	0.778087395040449
0.399823080501047	0.341606924569596
0.272560693332096	0.265823229333788
1.08364387898589	1.67995219626776
0.016601816321945	0.0111537744131095
0.450130114356568	0.344328361053547
-0.593594182041752	0.479489780300121
0.586968272566221	0.469543891154852
0.275732447435692	0.275603739976265
0.2016503645499	0.150886705333511
-0.412702853568027	0.349797937417973
-0.0834676289379908	0.0484433315616324
0.155604373938461	0.157015340436212
-0.363445083728214	0.466688435963138
0.0307983117966868	0.0215276092651997
-0.517649781201042	0.425357065225291
-0.0861145684444581	0.0680427106091474
-0.129986481290308	0.100834818886094
0.84180389237336	1.08038632795059
0.135033442544564	0.109662748949116
-0.688644243567324	0.647238246467487
-0.275338497279373	0.243868175074205
-0.155035940261141	0.119022095712961
-1.1666001505991	1.1822000900351
0.202240650287643	0.166639676500795
-0.00985434202166026	0.0229089530688801
0.19281839049336	0.699571563589927
0.125412396863975	0.129484636576818
-0.192177146859358	0.250351094470037
-0.644970270577051	0.911371753888826
-0.466254413639486	0.523042535974875
-0.218738824198163	0.311489152174452
0.470376067118232	0.445211637682051
-0.429458594464202	0.452354302512275
0.117887690947661	0.0897605417156229
-0.49173673409457	0.509652479640062
-0.326605127999186	0.409999411223052
-0.427727057019845	0.478559701677688
0.35556230687825	0.428789871374809
0.138162676883787	0.125747923799662
-0.706914111130166	0.760751798086579
-0.614206104379299	0.148455859250315
0.820161637627719	0.495918186052752
0.717920790387475	0.339541190341719
0.531910878518811	0.33988633174638
0.0400005268855798	0.0219983590252683
0.209598045245716	0.168427334272804
-0.209230022539385	0.10298631602156
-0.926537084035911	0.561438183311503
-0.127814392943966	0.0714047696651426
-1.80294806323006	0.732963939188901
-0.325582325201124	0.0933470317045756
0.172864397881798	0.0592822657182494
2.76219840038386	0.780594539857824
-0.623962156972292	0.150791561723962
-1.79785205353169	0.391773074809323
0.169566032486793	0.032038095111837
-3.07350260546998	0.94852963330217
-1.79346061997896	0.390723019452767
-0.325582325201124	0.0933470317045756
-1.79785205353169	0.391773074809323
-0.514376257161974	0.422071846653221
-1.49561006114969	0.531433597211914
-0.495848105642275	0.186769649159627
0.172864397881798	0.0592822657182494
0.467600793707699	0.189684539353419
-0.129979551481791	0.0462019065222805
-0.578334775457241	0.274096729756105
-0.119439740301372	0.0425627602260846
-0.323664690407152	0.0927962418225715
-1.5026235657887	0.534584753118728
-1.79346061997896	0.390723019452767
-0.693669831673973	0.236871417760034
0.689369698791533	0.22025689756634
0.967271104517323	0.256176548116206
-0.707845094848957	0.242262716671496
-0.119231040222735	0.0424930904552538
0.0446600715842695	0.0245370911337549
0.16619130625606	0.0315431724784316
0.196901460036592	1.27113714456805
0.207682736232331	1.01708761926358
-0.361541054890579	2.17529597506615
0.127794358153986	0.329895185862282
-0.198097363798463	0.546946504365158
0.0751056803483564	0.166761171128178
-0.420809143815378	1.72608172397718
-0.497714807962972	1.99692007611762
-0.00336585230291298	0.00629956885933891
0.0673356056806677	0.122230353389835
0.0539644141947854	0.0982719177931444
-0.366612550007545	1.06939855960789
-0.0583985098308802	0.0930189932837778
0.211970275361648	0.370477184800424
0.186656962518439	0.290682215913282
0.165088029467664	0.0313824661178469
2.13164652612125	0.962465868289965
0.370653314962865	0.354963572899349
0.246758793952936	0.251457837303862
-0.0609662601537105	0.0501340463784961
0.82368699037223	0.993035948259364
-0.152320559320356	0.130902723166859
-0.488265794837928	0.596076054481038
0.146653678223622	0.136939228684075
0.251049713570372	0.27664549013979
0.539425159132974	0.698185376079505
-0.0559678489808786	0.0627940219608959
0.00467238399199984	0.00343840115493436
0.209045308840446	0.208047021888208
0.373903880942703	0.337723952234102
0.275819204277012	0.293357743338501
0.113717923886035	0.0974951107570598
-0.448277404017983	0.371957644969141
-1.05712038099584	1.48792781561581
-0.505178090424952	0.528179521108795
0.109444175736838	0.0804934049948844
0.723090194413525	0.980685662953488
0.0417063655832948	0.0302143830584257
0.47220422776624	0.462560699175762
-1.17820439990244	1.58651410875935
0.446933580901748	0.445153343182619
0.778252384810442	0.863433772157035
1.11690345902178	1.51919552646664
0.32550738110762	0.225390671938932
0.903675409663906	0.922178363934805
0.0964481509409009	0.3886151010053
0.0237452583611593	0.0656973457521099
0.183706025629878	0.485017892769916
0.115710351109374	0.226692110266549
-0.121979707609212	0.22491049199955
-0.487130172288398	1.4587402107026
-0.133623179886483	0.265750826461831
0.00295573959148222	0.00454607729823687
-0.130446998442371	0.224429165983729
0.201102252575871	0.307427729452796
-0.0769403115338857	0.114114934011791
0.283586054469886	0.394208660491675
0.275268944059678	0.334055534304937
-0.153843796027768	0.160629331914155
0.164778629348208	0.0313374327003096
0.964404580081594	0.255330782344719
0.741610738897146	0.492973809897615
0.310918557130985	0.23594079386885
0.200587524748624	0.138492142644424
1.10587531032344	0.682269234652023
0.166741085808389	0.0645460091824029
0.739295462037348	0.490287713267673
0.0406298132849011	0.0223412984495407
0.6590574696585	0.597395599940208
0.866678250327218	1.02721364886121
-0.447744731472034	0.554698726689938
0.6885680208657	0.811345687214463
-0.150914058844042	0.126842749055695
0.108069703925545	0.0768503659915176
0.29408226969366	0.23905067720774
-0.021350844465838	0.0160638786348586
-0.307027046491352	0.181517718557653
-0.325663137440616	0.0933864485177264
-0.466000047077284	0.241031185877312
-0.551246437355499	0.494612622791071
0.0154993153249026	0.00796053319426625
0.0406298132849011	0.0223412984495407
0.344138576313005	0.225976235786305
1.25240467115313	1.22638899581633
0.183515715398923	0.106404868584333
0.0670533234669984	0.041584421538393
-0.594263531756612	0.283208029961272
0.873660145723648	0.64590889018455
0.179656198703765	0.0963130333800045
0.46873905410258	0.340689079864801
1.12530499605808	0.859410822099618
0.369370818399006	0.207722348750168
0.0693393472250608	0.0407411572859792
0.0575601699333987	0.246429460956993
-0.0261238139151328	0.0841613545989741
-0.0325476456317414	0.0834102484811969
0.180770516158335	0.585016161214545
-0.400561484370735	2.11326291574594
-0.192673219853136	0.65640552728553
-0.0243957925119841	0.0562603710291094
-0.0381120306404493	0.0778699034183662
-0.0788228448992258	0.161692472062934
-0.296158795498996	0.875237516711483
-0.0389298282697783	0.0603124302661947
0.334711347944813	0.693900045002758
0.344788052865634	0.673148681013878
-0.611962616144159	0.147977912487881
-0.00271291150262623	0.00129916506089305
0.582987381856983	0.654504139444552
0.138595489630668	0.121071061010446
0.423917977816307	0.44061416900783
-0.218408229013042	0.107792436337547
1.74074552597561	2.93261005189847
0.265637450751969	0.263711582184499
0.575516868935808	0.662816821683753
1.13861190819696	2.09418582513944
-0.648050823724005	0.888100764822559
0.317887421742031	0.429492247492075
0.460964531886747	0.757816884795015
0.0441849661053523	0.0436540033490116
-0.013266090794712	0.0113599855842643
0.0455296720620291	0.0479988152314494
0.0628833489863322	0.0615634134897429
-0.29613072805088	0.174418754861064
0.18333105103274	0.0983596582593947
-0.000708635088608882	0.000422675541701832
-0.573519299090782	0.458369281184384
-0.582420790002986	0.676118475284089
-0.0853322256712464	0.0740127666283434
-0.535669537401541	0.552597947257783
0.0259202577562205	0.0187556482190372
0.343881697921481	0.341764902716473
0.00108062028252831	0.000665996366827182
0.534397815970208	0.463982062233107
0.205577098336599	0.148435461318274
0.396001097334367	0.425105190063874
0.288850528316689	0.242139796202863
0.359736945369859	0.352055885289439
0.0937354779985689	0.0638773099705308
0.119191166183106	0.0933974019963004
0.185361607242264	0.155198319140575
0.0599392576093406	0.035185912683914
0.38913972409875	0.34312675916944
0.0804045003517709	0.365394063379029
0.155797156562908	0.725695000096259
-0.317243122299967	1.60953963246752
-0.189670664865043	0.756538273072308
-0.171588934216483	0.613489802766545
-0.230316782511511	0.887730653668439
0.108418542089157	0.254965339313697
0.0739182904599861	0.140097351187417
-0.235838072478544	0.58623251608856
0.45454912470082	1.09955493555373
0.0848484784569608	0.115352072949826
0.075318489183072	0.0901159056667446
3.27272750868887	1.11966450015405
0.165759159342809	0.0641584131500615
0.501924994203289	0.542317042816257
0.281580697346448	0.263482713547028
0.383241943040266	0.336736189250997
0.0191389137741868	0.00975625156301837
0.639614735659674	0.602867277774434
0.584145121431832	0.724591415554639
0.129850856340188	0.11275844240395
0.428022847913404	0.509947973753047
0.0674426310451012	0.0643647593934612
0.14206768580875	0.196779109217307
0.146948344420397	0.174807562845456
0.64201963681196	1.18723882665294
0.37275195134829	0.493732401498328
0.330710331954267	0.462398557468708
-0.396689741751542	0.468524476098528
0.0279521181161068	0.0228975501233643
-0.282588166554046	0.251366695777134
-0.20823152367618	0.155349263218289
0.0171960370027803	0.00881177155643773
0.362381980278945	0.203147608811037
-0.170327578722	0.0901698709921282
-0.128762894937662	0.0457682191199959
-0.950528918605305	0.46611675750405
-1.15007094980812	0.639644521123405
-1.25809829831892	0.565292725953774
-0.837571071305119	0.996506624465781
-0.221269694778213	0.18079268087433
0.269443043569392	0.249972613880655
-0.0158099082921923	0.0117955363470636
0.720885960042415	1.0412685223911
0.519546903597865	0.551448388670585
-0.0787325303377786	0.0619151775896805
0.189849817659641	0.124336637207474
0.871830536961092	0.79876339105417
-0.36868794691546	0.36778953366359
0.610534969828484	0.592245436491163
-0.0274854656577365	0.0204269084941541
0.726300636215105	0.734253392660469
0.294140778471925	0.23903424689948
0.311616001027765	0.225813818559618
0.0310904953847291	0.119039696092299
-0.158479828983052	0.795231549846825
0.0497320393285954	0.160877344349332
-0.0769650789485399	0.223144878787598
-0.0252815733782083	0.0603779944339973
0.242851630910237	0.714727077464942
0.088905598444722	0.169067179400112
-0.251887267117972	0.652364149769968
0.0883830387800113	0.14412943576218
0.116419139969523	0.180856425654971
0.00303636653135441	0.00384897524998891
0.164625296117395	0.0313507498370328
0.42290347539764	0.19277164653448
0.628580444460381	0.760158737385483
0.287563988136084	0.276827522865064
-0.221189119868724	0.180744650111181
-0.127077572553874	0.0709807475029047
1.31556617163854	1.93749349146981
0.399626335708298	0.4300745981143
0.190387692244705	0.164123497228717
-0.102370183146713	0.0972080878781161
-0.0921783216426248	0.0928058505183439
-0.17705079670914	0.232190149169105
0.435106361379065	0.591824849454002
0.597661412936633	0.860252660689375
0.129692392178359	0.147886792751256
0.0802243816055424	0.0785714001862288
0.0537092655285246	0.0413428815921088
-0.112334179631577	0.0881804200876498
-0.766921727964411	0.57977002693133
0.715300130314125	0.337635453075724
-0.0791811018205979	0.0310620640361985
0.180138607200089	0.0616908585757617
-0.0293811297536895	0.012759770525036
0.418557657826042	0.19037994693221
-0.0900282717561027	0.0727112164759622
0.114386425464213	0.0843564740149543
-0.453127486849835	0.503666539954073
0.415948021297756	0.501363675228243
0.743958401480324	0.758457969306763
0.103967355745545	0.0738057066657634
-0.423095502260058	0.322400639093553
-0.00648090806984222	0.00495250531583857
-0.0536004526674707	0.0387486344242239
0.0785539310211864	0.0657282457245493
-0.180281472906972	0.136623445969553
0.600100646558729	0.579093238059146
0.001209034653047	0.0043888429978825
0.121732015985236	0.565978869219556
0.192239765118265	0.787100418151318
-0.163089446297935	0.518317812212749
0.10054863832171	0.233300895553755
0.191519050080511	0.54894000684463
-0.14808503234169	0.342817997892796
0.372627421399585	1.1184075705385
0.0461920414131331	0.0746083750985861
0.0790195705769723	0.123181011267613
-1.79346061997896	0.390723019452767
1.96372117107544	0.45473924627511
0.0757640982492548	0.0470739827687467
-0.0809830450422961	0.0723110617589352
-0.0260166935405365	0.0264389954243352
0.341779031126044	0.489613551819312
0.0590703338410299	0.058430352890516
0.142319623865818	0.17443775456073
0.317172436416347	0.51488654621761
-0.215611724589883	0.252822024821956
0.0457721797748832	0.0488285244440471
0.192268302706375	0.234407621194288
0.262687772308914	0.348606477202141
0.0516310775669298	0.0486581490272286
-0.0423217763513553	0.0418252263390604
0.272353254366888	0.288849438848908
0.107295497710292	0.109101214105083
0.269278040032634	0.324956572442745
-0.0588222127461636	0.0474760952211906
0.89607215085358	1.03345330038122
-0.408676723669017	0.377998623148501
0.0157717531537356	0.010601091971902
0.0416101919648949	0.0228742221509339
-0.459819668453408	0.513586693940016
0.268765745235555	0.255448339271187
0.768881586287756	0.932795456492502
1.34237081573562	1.5764049883634
-0.268398281880933	0.236604484138628
0.0955971863872477	0.0651861270328823
-0.664014438036818	0.724715727337355
0.205145405448026	0.17863650226455
-0.302770740268654	0.265405541932473
0.625764492064531	0.475946554806176
0.376261153598138	0.329172694431497
-0.601187460356329	0.528090199377078
1.07036917587071	1.13888414421434
0.0709060096955911	0.313792856483642
0.101191283267546	0.412845820808638
0.156837816025181	0.577961375730405
0.176245803367158	0.50063020207962
-0.0235329469399164	0.0440273315837844
-0.118631791409729	0.255885415379799
0.69542046921159	2.73173557501394
0.296079638985109	0.642663427764722
0.0330089209575752	0.0405390847489742
0.165088029467664	0.0313824661178469
-1.79346061997896	0.390723019452767
-0.376472488252563	0.155768984112451
0.961981900461425	1.53583135666528
0.439581945160106	0.589204313756549
0.427532864574713	0.509124520845038
1.2487480707794	1.37312366307168
1.67513832162771	2.9437584078967
0.614221771665266	0.75691979826107
0.211736122158474	0.203008731706567
0.586033032704095	0.913501682222594
-0.166793245003065	0.194450484974375
0.047160595574453	0.0503400435334382
0.37144573281658	0.491324121205536
-0.152915999691688	0.166279724754286
0.288201415734117	0.378700922672876
0.12975226385331	0.142388699485346
-0.521391451712169	0.614158347557746
0.213458459248813	0.204895414580264
0.135828881559917	0.118439560576746
0.428808140295141	0.341548732512749
-0.926229672089653	0.559932978906869
0.0236561040881776	0.0119766510754279
0.180503912336474	0.0618296034347483
-0.270333607531905	0.193623953988127
-0.0426163350031153	0.026348819410718
-0.993323808365658	0.88537911187599
0.335984022045368	0.219663137972329
-0.525362143641891	0.328450711004264
-1.79412017987748	0.727961900277034
-0.0995639972592918	0.0700447189119612
-0.331449231433425	0.309579337338846
-0.0230941760432664	0.017158227325071
-0.538572764400776	0.556419110126098
-0.204553882338319	0.169878202322609
-0.903874657237527	1.06796602862506
0.389526408936266	0.343569661941647
0.0320743882781584	0.0231924818237062
-0.522375148312226	0.326316409928413
0.0866239253736828	0.0565400604456272
0.00183376249477876	0.00113721261385273
-0.580044676930155	0.593801068431689
0.675573266782361	0.617064844945892
0.447997284954195	0.446446419581941
-0.324738745146443	0.280157558787073
0.546014208505575	0.198082687756606
0.0206389398258466	0.0761179881565122
0.023677006128576	0.0781216413508671
0.261662351792236	1.08548315624415
0.231122575760593	0.702679005773099
-0.417142208463687	1.75397242229843
0.175469419370754	0.3901570028709
0.498316610374689	1.4047812149931
0.214376604586414	0.378670052671346
1.05989643717056	0.405275695027378
-1.7934287506278	0.390727439150181
0.173841338161581	0.0596051278079202
0.084510954279763	0.0694733446269565
0.896511888831197	1.5984956386829
0.0101220691207985	0.00755091171180695
1.25476446077087	1.5217141723853
1.01552099745412	1.2085481261419
0.697245720363928	0.892514523472622
-0.237077161588398	0.24455096132455
0.145810828506269	0.143600718660964
-0.494909338446918	0.692252380431504
0.0199961427038281	0.0234346039628305
0.0760560883199935	0.0845301630055241
-0.0704784460965934	0.0739203088474559
0.134897071657209	0.156618927362875
-0.289439870206988	0.320220142367191
0.797196459472307	1.11419734141017
0.2986565223724	0.275183232167674
-0.523395097809057	0.327217369503501
-0.21203701332775	0.136077967277542
-1.11884555197394	0.337481516657706
-1.13843583247211	0.63028693934371
0.186752657299631	0.0471525522204707
0.197545864435671	0.122819804837239
-0.024559830790743	0.0182502893211738
-0.182538503788598	0.153170991614489
0.656831357586488	0.784330621834455
-0.635676538459439	0.372861182788991
-0.590908864087757	0.281260626215082
-0.0136666580530024	0.0102272757306106
0.26180926626536	0.247592282861135
0.642402615355738	0.759786248922235
0.435090562206037	0.443053384657282
0.411244367517928	0.353685486989389
0.273115015086302	0.260097320789141
-0.274628370066262	0.243054010622474
-0.773074231432084	0.655911284623144
-0.705423595305749	0.668558283937535
-0.0746285570724265	0.053233895729996
-0.66305405527635	0.759969051208706
0.709316664071337	0.887600315966769
0.391915454093312	0.346083118645281
0.124633518365988	0.097974998884777
0.926450375599449	0.503869391096998
0.465447638247041	0.188843175028969
0.737833389618359	0.489613035056722
0.0766804184736284	0.364094791837871
-0.0782326629806097	0.300680486592142
-0.111526658079879	0.36734812236257
-0.213036374164973	0.849400956334029
0.335591225729666	1.31540725586403
0.396043101871392	1.27957288706957
0.0745237312696909	0.129718234100118
0.828174136619134	0.350872936775364
1.96372117107544	0.45473924627511
0.347940969201171	0.212492681480071
-0.158110642639714	0.156554236485032
0.798982573098385	1.59742854036356
1.04134751163565	1.9678037243667
1.1643101460782	1.54560677629096
0.224659253538215	0.203132209116732
0.447687073093639	0.593251179773723
1.35063357627574	2.90994064546785
-0.136768257606099	0.17072774761907
-0.24023336122346	0.381511175047069
0.248660586868863	0.504147248919256
-0.246165408090007	0.380433428532286
0.0294381449533932	0.0360111015818759
-0.214636360625333	0.321942687497155
0.0668312360831878	0.071876568964067
0.162114417723027	0.202200073539215
0.188273124730058	0.213608609431281
0.102798903661193	0.12128882670949
-0.326915258069847	0.369488761385069
0.8737592521738	1.10051518855431
0.176040268255826	0.0856116190799247
0.120498057095326	0.0918603503242303
0.143314098424495	0.135985288855998
0.190730178053697	0.155932972925238
0.392890181685234	0.200138147031393
-0.420821749681313	0.32032705955944
-0.646212827345146	0.697770147321252
0.340851562494071	0.413454022599093
-0.101109174430407	0.0959249663728851
0.00169635826641882	0.00140851190330188
0.404057184039741	0.545111885042988
0.146706730638852	0.15407585570738
0.702099400792142	0.965200591751122
-0.161468061214718	0.147681353149385
0.11787015306255	0.0922798756719595
-0.593352677626259	0.749443588555231
-0.222450129893837	0.215752602175554
0.253017779778913	0.259297942032745
0.307858041652057	0.340281543357084
0.252110173640261	0.25813182934329
0.287835913549975	0.347864871678827
0.544618131302016	0.76234623272803
0.186803442600058	0.138666670265574
0.553640392069164	0.580895133989718
0.974441452791439	1.19189476701796
0.609455244537007	0.673762529290779
1.47155078449581	0.491168545293048
-1.96310062001914	1.35491169976897
0.757999253693171	0.637035733893247
0.0805615591554448	0.365867988389168
-0.15691359686582	0.718952052665136
-0.128093375312276	0.468194384193922
-0.0337546683772293	0.0793200409832369
0.190336753455808	0.521263333041889
0.110953532233513	0.219702059657462
-0.366365516770963	0.151285265364036
-0.070058498237481	0.0421417237326055
-0.234002917877513	0.240759738205342
0.431025967954373	0.766067037405361
1.09433666202631	2.01953655281597
1.43062858739085	1.78535777169922
0.0179637365576243	0.0139465358003235
0.307610338882937	0.387712104105465
0.0561424868513905	0.0514555583137587
0.014823148130462	0.0164856597796054
-0.103994507042499	0.13822249967542
0.000830233084934652	0.00102247970991607
0.0253116156728836	0.0228326148873725
0.437134711172724	0.833637063704546
0.181360710694628	0.246797686576903
0.119594737136124	0.129958355316383
0.558644868783592	0.983036641238835
-0.0208437569984998	0.0209172019015177
0.137411100580708	0.127378098926471
0.682863272377998	0.802221184739995
-0.223148635597277	0.182583679135652
-0.140096824146444	0.106612595446513
0.981449123923131	1.28018141242974
0.696243571581526	0.724261046729815
1.54726168468352	1.33011953794451
0.176138785194489	0.076835812846744
-0.743204297243649	0.321159667249727
-1.1378774123482	0.629443400124651
0.376824102311463	0.341210003994029
0.275056581840594	0.262634816051441
0.00629862798934479	0.00525975194704014
-0.614101677487167	0.814799913385793
0.0728853722031751	0.0608050251041523
0.134665447448185	0.114775724841509
-0.154726620192397	0.133224387419703
0.807290625428684	1.36562846568876
0.590007618661391	0.472829835976219
0.277655685359483	0.245524693719904
-0.241312641293291	0.245020557962652
0.01380548908805	0.0110070665777724
0.70716872604159	0.619683426192465
0.457208407134414	0.444100050260199
0.12637271120149	0.099431534985161
0.197527965246135	0.179494605648382
0.288415442572985	0.225065072019661
-0.180506628123964	0.151207240157574
0.0887127719906091	0.0603113382083434
-0.471079611357092	0.395868820781991
0.933801106648752	0.814835119427133
-0.125232557551052	0.0445220317733553
0.817704840459622	0.493629734994936
1.68104730136796	1.58906760331128
-0.0212701027095475	0.0836288962097515
-0.0462853471736401	0.17739483916579
0.260469186630913	1.54953045577373
0.0795275972811886	0.265990907268706
-0.276018200465329	1.27114483407686
-0.131151535363617	0.0466226303180062
1.96372117107544	0.45473924627511
0.273945318042282	0.26137503180366
0.138086178706225	0.186934616029224
0.21971398302018	0.354588285759741
-0.0698145942945018	0.0966155302058187
0.459418558331079	0.823324164786775
0.551216013316952	1.29191784171544
0.254924162499705	0.500720408217121
0.666314200100221	1.77557429042243
-0.0177983156903911	0.0288408727329389
-0.117342649082695	0.183023082535242
0.162427494414623	0.27058122567587
-0.00121217962784982	0.001218677002162
0.089721389389443	0.137867158689943
0.20996678831933	0.32023858640815
0.566875222717234	1.44368918051834
0.374662998308457	0.692679902735424
0.313388815967135	0.415643871010585
0.58705114758324	0.990993120604005
-0.104165226968486	0.134157626085185
-0.0285146809361762	0.0259444499954047
0.138737949183766	0.131109137113205
-0.0996830719361245	0.079410935298881
-0.492715509744002	0.510884970965721
0.0330000734420711	0.0238436965489
0.0359720319172176	0.0260261920656938
0.21765760791479	0.195866934646443
-0.342701647709657	0.364920203989607
-0.116764404946611	0.0919824216520209
0.146926084622323	0.126262414300802
0.36726934484075	0.34115787332844
0.259039301497358	0.25585149774699
-0.497455803207028	0.517554330100265
-0.263510665698215	0.237485326303738
-0.832434151731836	1.1912776654108
0.30657212386049	0.338532056005918
-0.224628207703797	0.201984413914052
-0.651105621120558	0.83159040430972
0.204559662680711	0.191015549815287
-0.158361021811796	0.161898123811313
0.742982223300217	1.08835788413441
0.455082897011131	0.441441742400709
0.556044495005781	0.711021843377664
-0.125499828084431	0.108012530369178
0.598054677955708	0.815302184437262
0.282527850938202	0.25069079156708
0.0946299455008814	0.0645026779863748
0.195620075284096	0.15100109843437
1.06595278468764	1.01951211963235
-0.33194584682632	0.28763593606051
0.196962454771692	0.15221487494843
0.21006829737674	0.192577581234914
0.205376110441825	0.178664738055926
0.331528807833755	0.342854613285871
-0.246646135926942	0.219887543439851
0.392319829719736	0.439877252766271
0.315800676971656	0.240175292499735
0.0988367524953534	0.513468689865692
-0.0374387101116618	0.140490729904296
0.0745975599847008	0.262094731611391
-0.650882570082109	5.72008934427148
2.13883702891477	0.967128437748762
-0.612487701707529	0.148134994320372
1.80445782992801	2.8804184313147
-0.443549764912053	0.905080048040761
0.0158386721747022	0.0214953259694881
-0.132569121743246	0.19425800170923
0.25163902196563	0.272570131194076
0.31451426313204	0.51482846911547
0.130321125456695	0.194535374214752
0.401579801829578	0.826631301504913
-0.290858536003819	0.661816793282438
-0.359422451626194	0.832329908170203
-0.0446615864506428	0.0750187219585286
-0.145494627304553	0.124412703799702
0.0984027105407747	0.09491522438268
0.735206091392612	1.13588413127911
0.370362680642312	0.497475007759115
0.145626235360407	0.242068233714242
0.297747624121673	0.55775527289846
0.365674957710623	0.683626790372891
-0.192626069013017	0.284329159392629
0.950945542836748	2.57694089518879
0.0996849186477763	0.118471948660404
0.664239162512413	1.42725817247876
-0.140294756995021	0.130841519354622
1.03771541589209	1.33427493770352
0.533653543435391	0.463202917818043
0.43992138058445	0.334794068027373
1.33746142242767	1.56783425809714
1.01846188206826	0.837687800290062
0.354513573488643	0.217181692825857
0.364197328714516	0.34768498197965
0.138441505612528	0.13772701107196
0.163919413959297	0.155080849232126
0.205112532300784	0.203626505818182
0.051066914632923	0.046576950041104
-0.315161200384058	0.317838577576375
-0.209683548890015	0.134488575346944
0.355718604093038	0.199123719258149
-1.14359023740319	1.8094889937698
-0.0574466407394138	0.047142216047213
-0.0390741907713936	0.0357630104736805
0.0309716369071127	0.0264982266351288
0.152994141602591	0.163999518997747
0.132827285031939	0.110451429737875
0.153424947884001	0.152046100286427
-0.0834626104766568	0.0671370099100539
0.404057026724445	0.425322002251635
1.01578140818764	1.75849462917075
0.20458975990184	0.186750475419174
0.413575412076781	0.48755742257111
0.494038658499966	0.546609616512741
-0.075206049818876	0.060213231708073
-0.783360997547667	1.07725131454696
-0.181680501240966	0.152329649699325
0.883588525564691	1.11928952420608
0.122082541670802	0.0983510286664279
0.116593305188744	0.0887020019161497
-0.129434213108907	0.111732396591915
1.12824884571877	1.63572494469936
-0.0316761629450687	0.133966820520535
-0.192166195911009	1.19991760528511
-0.504898894931226	4.71312877028471
-0.961747935591229	0.473112121221655
0.165880035481028	0.0314978449610492
-0.0978786990809173	0.0926024062006745
-0.272971253411797	0.496024705021642
0.347097081191687	0.850617935647324
0.43864049516522	1.31595196823035
0.651483767324382	1.7492423086053
0.614675337905045	2.05460430227337
0.14982718116581	0.305310182680111
0.148152887810783	0.275660903505617
0.00438764847210959	0.00820079870015309
-0.248255345274112	0.517301297709681
0.129723957738607	0.23165183316566
-0.570549833589247	0.881010541952646
0.482345359278231	1.4267365233386
0.108217459254478	0.168762969990363
0.32543645183853	0.650949360848991
0.108300408683942	0.126759645024943
0.906535530195638	1.99587022935294
0.332279244622	0.491426695616435
-0.134358379764647	0.212329644130944
0.0857891739038492	0.0879359104936875
0.510858503298552	0.751987108335924
-0.0679898845556238	0.0711419971494837
-0.307858068925243	0.31559137055496
0.0448418436354976	0.0343999734590975
0.320230157627009	0.328411078148404
0.158390060714479	0.162873267825547
0.951289282564994	1.50923075618847
0.320783262766171	0.321509210662886
1.86814369762711	3.10404127959191
-0.753739726304493	1.20406780664621
0.0771859417588212	0.0671947745457905
0.76082190742307	1.20706200725588
0.00949930338395349	0.00734787562454392
0.580699076964281	0.737368231244643
-0.02176786500129	0.0216524758391049
0.2939596263698	0.357060285188962
-0.394463718029835	0.464897829949104
0.149385941281774	0.142420987475805
0.109034805106043	0.100820261261954
-0.111071798806443	0.0981334987351046
0.583863181818636	0.724568359314749
-0.0608064379492418	0.0499840208611373
0.129005680961433	0.106967275855597
-0.198673315103069	0.192961727410506
0.0084009106446569	0.00782940088878331
0.206734233509906	0.189085962084041
-0.400924004497909	0.397892876723987
-0.319710143888872	0.251360162698392
0.35352324527828	0.344465910792088
-0.256242365716318	0.207861613329503
0.185825767841255	0.132760258041177
0.687548974303054	0.711279435813949
0.125943222328756	0.0990331793059798
0.394471484145342	0.43303659456414
0.262407620899762	0.24824233692937
-0.0461188386409451	0.207265264545106
-0.370702020878406	3.47923172290752
-0.676722905798726	0.532304338166275
-1.50215938518201	0.53435945377886
-0.0156328606540645	0.0149840675077778
0.409773937707949	1.22246895261788
0.786263975080143	3.74290638643083
0.722698197102422	3.37467799315797
0.874467631176466	4.23747923372302
0.600867729478082	2.61455215937861
0.568081814443852	2.28663781397739
0.152120300551366	0.337125840435263
-0.140713760252966	0.392595744199472
-0.106146644009276	0.203966436980751
0.13819590211654	0.141857570475528
0.178471868925625	0.334130539550662
-0.00923806465899981	0.0109289190145441
0.0969814198867167	0.136735495912303
0.171243545955177	0.249238786203731
0.351621342556888	0.55413359036825
1.08794969808663	3.22211925529891
-0.0789675308822062	0.123818790159204
-0.0971237509496839	0.109030303276697
-0.515018540649034	0.900425982744895
-0.391935555813015	0.460940940928104
0.16395909887098	0.174749524651819
0.410080420574242	0.546339136743463
0.72300546931038	1.04567636286399
0.323298960195744	0.413167890302337
0.333844103732429	0.337804081767472
0.37762825808458	0.428086094834216
0.135634840075721	0.115621643072255
0.0462997949163187	0.0345822374085875
-0.493649358631537	0.604891290921873
0.241593790191694	0.28185275659045
0.447805371936653	0.505385580781676
-0.0655662712737763	0.0645635620660951
0.0764052936302362	0.0767358275704091
0.311287364492192	0.338124160451276
0.666239844868309	0.860361313306455
0.207724210461998	0.166747185523881
-0.235946997078999	0.262998246322411
0.664402188173718	0.6035091042314
-0.224265299158258	0.163023746093897
-0.0259419842024941	0.0161275940993616
-0.23169314670265	0.169123566243976
0.18904854351709	0.129749518220749
0.40392863451376	0.332270537303767
-0.0530828851847001	0.031885700961736
0.443326253173214	0.510854887112064
0.653555900626346	0.690511808122778
-0.088049705878167	0.458534906712255
-0.0220013241701803	0.0161555644600671
0.692481142426252	0.221366284684109
0.966978557292832	2.86883427188039
0.855552723277175	5.38000181346675
0.88180588927871	6.14718140505506
0.458120360026232	2.34395113825529
0.609083713467251	2.643624448506
1.12583401811878	8.51178575844183
0.436603101359776	1.89024310572316
0.217574775453257	0.609470578657024
-0.217664599431532	0.810341112081979
0.163726110120812	0.349999476172482
-0.0306620880328335	0.041107827227413
-0.0661703792688125	0.09532560266277
-0.318755123195584	0.491970047092703
-0.0216382395385678	0.0204525718491109
0.0830930789082476	0.0862761825180967
0.276453792489247	0.477086260395338
-0.756197117911061	1.35825871087467
0.073160226599786	0.0722247855518213
-0.147177477036546	0.137986305650357
-0.16415663360923	0.13923361259178
0.701628512434728	1.08457150896695
-0.0951772540158388	0.0960940882990442
0.487477473699511	0.61411433887689
0.196156275532556	0.169746578213585
-0.1955066224585	0.165349224766757
0.0007100496336613	0.000428397342303668
-0.0178107385728117	0.0133935349545741
1.28753339816796	2.32452878957972
0.287079931734064	0.262618528951772
0.0753042221591394	0.0615552833804779
0.539864469560742	0.469994526675265
0.553666254999966	0.561850224946203
0.310133458211592	0.213170085806248
-0.9576695932119	0.931818377961032
-1.14034991937362	0.982768649462033
0.770852637802172	0.759058826669743
0.478998648584929	0.350168760526124
0.199467447574288	0.137626985449892
0.314742598246848	0.228263153138776
-0.697547507150818	0.238387277313668
2.58532225023263	1.45264161088505
-0.115931205872889	0.0645730847409385
0.562128671952769	0.327416687383788
0.000579351434157292	0.000344965434866112
-0.774749417731519	0.776410158319149
0.176040268255826	0.0856116190799247
-0.434306568640904	0.284697481212811
-2.18604536896716	2.54561478377677
-1.14886101268799	1.40401036676474
0.200187961698336	0.131681424248237
-2.20415586961272	1.8156253930984
-0.701407652969022	0.239760620804689
2.13239173303271	0.962976446468332
-1.7934287506278	0.390727439150181
-3.7511927754544	1.4825089606666
-3.99353761363935	1.72730759231309
-0.612487701707529	0.148134994320372
-0.60895933746012	0.147406558741333
0.169248055862235	0.0319917175833404
0.161251150232847	0.0308565698216007
0.169566032486793	0.032038095111837
1.96276901321247	0.454520391574277
0.16619130625606	0.0315431724784316
0.963214248695465	0.255090594573707
0.164625296117395	0.0313507498370328
0.810551673762704	0.488879146101174
-1.7934287506278	0.390727439150181
-1.12086886051128	0.33811902750598
0.847043866558965	0.36019263417603
-0.60895933746012	0.147406558741333
-1.79785205353169	0.391773074809323
-2.57522664974505	0.666917731403372
-1.7934287506278	0.390727439150181
-1.7934287506278	0.390727439150181
-1.7934287506278	0.390727439150181
-1.7934287506278	0.390727439150181
1.96276901321247	0.454520391574277
1.96684138854469	0.455504908505281
0.0862697760344334	0.20841785589956
-0.0486161567626348	0.118378623133978
-0.0856693773434647	0.159649320459704
-0.112482407867719	0.203672550447933
0.0864151601233043	0.11380034808002
0.105209189393101	0.153158947683588
-0.447282850733257	1.15531317162764
-0.285274905204835	0.516709072868587
-0.718610993630576	2.52480089564673
-0.474698936416912	0.635751746335363
-0.11544065073908	0.0411913626274659
-0.0360490330416362	0.0222928755317513
-0.849296354197522	0.836297061011635
-1.23787412132515	1.14558794439942
-0.374925759667409	0.155103292255137
0.468602008697511	0.190152966892753
-0.109234668391247	0.0390670609675347
0.383597796348507	0.194988915534169
1.27228538863277	1.0810657650689
-1.46567259490791	0.73823682262087
0.166180490994207	0.0643259864206776
-0.577572673915048	0.274040409238549
-0.190877057046861	0.0615565600580822
0.165880035481028	0.0314978449610492
-1.1258777723839	0.339888304991231
-0.331884233338781	0.0950660268702792
0.173305506499925	0.0522037309364545
-2.57067328278635	0.665094197548339
0.550289590334163	0.199868191494828
-1.7934287506278	0.390727439150181
1.35029297080259	0.597376447511037
0.968469219672053	0.25651021792255
1.06338277916722	0.406730999521995
1.47402323433779	0.492035659807906
0.169566032486793	0.032038095111837
2.76559849788836	0.78194178274137
0.165088029467664	0.0313824661178469
0.165088029467664	0.0313824661178469
1.96684138854469	0.455504908505281
0.186971930710937	1.0392801070681
0.0920169510964065	0.361975153864083
0.00850069647592856	0.0221993163940518
0.26068244371969	0.911734366816462
0.53782592129795	3.09129917286071
-0.075232225833187	0.202575928761697
-0.0923218624377745	0.22575668598676
-0.271687328099156	1.00526384772516
-0.264813937698388	0.606664551255374
0.27294495236554	0.266307587270831
0.115859136016996	0.0854868353174996
-0.141560155457539	0.120792400765413
-0.14877052436101	0.137258853287088
0.274574320183559	0.274333438584576
0.186765487254771	0.214648573937888
-0.618627433988213	0.712733958245964
0.069346124888643	0.0710830927481911
0.420852034002039	0.436342740954163
0.68737018665068	0.711653326739192
0.0276468394173786	0.0193197501096993
0.0220406012693575	0.0180383811656852
0.0674882329883759	0.0438206169784416
0.38869988232633	0.342560252250747
0.33603765758067	0.23383585426702
0.207314985699623	0.166221302725037
0.194625369297331	0.113433620135255
0.364110839619014	0.204365919281669
-0.31539031568714	0.187194807882799
0.00810761904675496	0.00436300956960241
1.10341280807782	0.541157433124881
0.0770042865678437	0.0478548648306161
0.962553055030982	0.254827961566665
-0.0203933169330545	0.00906685019000837
-0.102500616021558	0.05977463002426
0.176631122307448	0.102305361320107
-0.281977120450776	0.127853103537229
0.41955621038951	0.191216920870613
0.0832618563878104	0.385722032307139
0.0279547697357708	0.0939192357115986
0.411864395007068	2.22699947530551
0.568433426869296	4.04631928989964
-0.279665902066223	1.36143190468544
-0.442981514573047	2.37182512081058
-0.456765594447469	2.54843194922922
-0.076744262503662	0.158391703083189
0.391287749706767	0.565332315596979
0.160809953817292	0.188436993072432
0.363120709464521	0.534608867763275
1.32581062977365	3.34324011524502
0.0864815856190404	0.0742599234200436
0.06227033195895	0.0600717770221226
0.0476705427740518	0.0433977127765327
0.348274385457803	0.432684834207054
0.314967871935109	0.512968496096087
-0.193570019797405	0.228514638090181
0.349266094367772	0.448895710960571
0.522833221564606	0.630162855049468
0.551228119998876	0.642732048156662
0.614051820343886	0.827455824305026
0.214063182841141	0.201208468077471
1.185183715399	1.79311386084423
-0.159223113923196	0.122537234313354
0.182086709112972	0.0977382355167568
-0.269242489848966	0.121831046086627
0.0838459334632976	0.052171682542486
-0.000990797193917192	0.000906053945483517
-0.647829237518888	0.446230127184493
0.821871416817317	0.49699538876552
0.375173077438288	0.190348320174568
0.0573261328966716	0.0336471711088355
0.630768794898314	0.332415540569757
0.000210748583093889	0.00000340233335995044
-0.144633998819756	0.0977925815999513
1.01048293957505	0.828639311697278
0.142920501634722	0.856730650419172
0.0589404727719879	0.243318442893842
0.0831952146861539	0.331176715242457
-0.413577779375359	3.35102360666384
-0.316301217591941	1.78614919327587
-0.47875499418473	3.79644516511011
0.388800009927985	1.22780524763617
0.379917257045738	0.480551902573485
0.313359414333563	0.333961812098328
-0.235220473916286	0.225745447554538
0.208648938913698	0.156605793569584
-0.0692201062945878	0.0416518224402136
0.0520856085946367	0.0400721673458938
-0.307947890077511	0.315886992620383
-0.0804891967960137	0.0942933202208013
-0.177869100673484	0.176069855542421
0.178443083388326	0.215532476367778
0.283241008759062	0.265245644585246
-0.369253968453721	0.286473766629471
0.200769255760806	0.160478288143522
-0.0210474265749812	0.0200800315207128
0.372009473943508	0.467468535303655
0.57337827040434	0.802798901230818
0.278982106427766	0.388899094018565
0.194122105373565	0.234037983868086
-0.0621756331664754	0.0373570700645097
0.191671011595028	0.131830660039473
0.171010817716971	0.074621448175335
-0.0688975080103331	0.0414526388274808
-0.379043663632746	0.258709612692681
0.391542445923162	0.345692701385925
0.447883808096416	0.582203121305174
0.27705858623902	0.2710389466074
0.565080366389856	0.709798987790111
0.32604193585128	0.212424813995112
0.347222781499095	0.211833421977114
0.178820853869998	0.0612698080138397
0.367811158882911	0.206735061863416
1.06731110554243	1.13384162940346
0.772437714575221	0.854772074863668
0.0808705398733821	0.398863246467157
-0.163188584591479	0.88871070558672
-0.637290566988456	7.30709018148768
-0.358668495742584	2.06059412128713
-0.354611953247556	2.14051221837192
0.180015941970702	0.0785727156788391
-0.315576203553456	0.220775949616872
0.865063124038324	0.790530413805649
0.681455874228276	1.08393789650063
-0.779629492999906	0.934604988683936
0.0153716022044324	0.0140223337340303
0.452581498224072	0.346480612156025
0.566772346237257	0.330439975624848
2.27224449012568	2.53163695290838
0.844759522175341	1.26475829609035
0.930902843680455	1.8056055401834
-0.321453673699842	0.43983598437859
0.107775493187372	0.122083949931452
-0.159768128835755	0.17644481408447
0.425585970741823	0.594030672142999
-0.435912430326038	0.587621775876882
0.400590476541555	0.431405928404489
0.200167195886151	0.178031700689164
0.520535809215235	0.331454134338938
1.08689352395271	0.530899521060822
1.06836139957449	0.408794416634394
0.165088029467664	0.0313824661178469
0.11410475293704	0.084138251869878
0.910546916534404	0.932740668229662
-0.0518125111146983	0.243993421029394
-0.162903224037661	0.997911027070958
0.240175595568106	1.3728522328757
0.229133877035976	1.25846367516114
0.199653416746057	0.168786927187194
0.208117017611916	0.167043949540025
0.283137274845044	0.38798050090346
0.0463215408322524	0.0414444347259064
0.537613836666031	0.814324888638136
0.647190969673298	0.706809772260802
1.12174068624383	1.70993702084825
0.340263273300297	0.337415902075347
0.877580058973386	1.4965291422089
0.392153399981584	0.509786513298213
0.0475361011626066	0.051328537102564
-0.400619681045855	0.642767063160349
0.183457057931362	0.225498290063259
-0.454674385790627	0.733441424824521
0.195961885415294	0.227004941049305
-0.405216441335191	0.532881054384327
0.130598563459307	0.100144338285449
0.181499258477061	0.0792392225641378
0.334591344197942	0.346496585702518
0.194337374139021	0.113212125119449
0.468026739798479	0.340351117239
0.0531919322939298	0.250650603919869
0.053947781633877	0.221004332742568
-0.172007020089147	0.889502052629204
-0.102035369429302	0.0910142549259215
0.247317566174041	0.280950936127697
0.0895354432808406	0.0815621022293274
-0.155464691485998	0.218728872536313
0.177824766675656	0.194796466707317
0.189038594893406	0.23268728456318
0.25123156048241	0.262063894222037
0.914206552506237	1.30212164287205
-0.0853566926533174	0.0687317072173854
0.106452597383541	0.108203360703516
-0.422287346591826	0.635597194562197
0.363548009812948	0.508357812928086
0.139427035014959	0.164620954226608
-0.185779030825287	0.214736344658311
-0.264947567524195	0.305320201123884
0.0053944201773227	0.00518826446399799
0.327718015367819	0.227221780045841
0.137995041877397	0.80913360535595
0.21784142782053	1.37350108569324
0.024623539185087	0.0286178013757462
0.467875017052287	0.647752522922221
0.602967094572427	0.915960457183346
0.241806671438357	0.282345153436426
-0.140541841366541	0.149174843878238
0.366514958246675	0.429122333879639
0.127536775127916	0.119495033628494
0.210022266070189	0.201026932773601
-0.0387388054010546	0.0442620613345257
-0.384183753078574	0.522689112610322
0.0746864180306909	0.0759203094471993
-0.0617560411272751	0.0438217473946051
0.141253903478863	0.136221206813802
0.269748802495405	0.256604997471682
-0.108463248255172	0.119028766718523
0.645518455087997	0.866141883988034
0.364412690067078	0.434302491731502
0.517964673736792	0.688905799727434
-0.110847504488805	0.097848971755335
1.64558051396875	3.43177480543978
0.51020054664806	0.554162742572169
-0.24872496094157	0.222030830846663
1.40899933213614	1.09161041140546
0.129888391919388	0.745866127605903
0.538776614608396	1.46276278113685
0.322497033086721	0.600478687902616
0.000485154765017572	0.000413866691533721
0.764017707936727	1.50624906122344
0.408837932092419	0.604791508102725
0.438134109221413	0.514386843954986
1.24780478646286	2.78371476667535
0.594426999665756	0.91510841049024
0.878791543442031	1.4484353090075
0.201833817299986	0.187937314915104
0.079034303792194	0.0675519096453526
0.445026597734834	0.513486165253756
-0.70976949747988	2.16273132244955
-0.460187037221033	0.777742656079733
0.529690376202517	1.01127392920557
-0.00905722625426825	0.0085278211625953
-0.106395194451352	0.0833032852860514
-0.900181227817474	1.12402962493078
1.07221051601448	2.15227102905914
0.151253632279171	0.159471688678545
1.2261070545305	2.68611297206279
0.651939065314356	1.0550874572531
1.07074913851928	2.00396878614196
-0.0341544925107002	0.02889161824041
-0.224897489811664	0.206646717404503
1.64694878310451	2.11995285961432
0.232514810410502	1.43945608563682
0.329154952582464	2.14341564692927
0.359058294787375	1.33158569861444
0.233085355525348	0.602791804119222
0.0101625960301426	0.0159734614904703
0.0222207762405161	0.0323389437207447
0.281793363128524	0.57882134837104
0.0275286637196018	0.0371859032314919
0.00573904514252148	0.0063022092289257
0.296846997743061	0.415664890164776
0.687095450339274	1.2607386492803
-0.309342899352898	0.46737406367217
-0.426715379819276	0.678181929180681
0.0608717346385144	0.0666197514269436
0.320025743399839	0.342859266002403
-0.475498392274516	0.71317602908701
-0.322745779989627	0.387543224216017
-0.405132484527123	0.653097085332198
-0.745667566831729	1.80708969100091
-1.02985178194048	2.76932157660172
-0.210617523290991	0.277992209635782
0.332793896491589	0.421981360215919
0.282117163669527	0.339303926580877
-0.0985802965211513	0.0984650707956773
0.125964496652426	0.111338289959264
0.808843667800227	0.873149191848912
0.71029946439879	0.623504244428056
-0.750364995739161	0.325029815455567
-0.221306896286952	0.109223082129882
0.154759568017076	0.890445607050586
0.0959865001743727	0.366909187107064
0.332714713632087	1.65637753505548
0.37495078932449	1.74426046524915
-0.0982689758525156	0.239995513262807
0.194055990800301	0.542090617004841
-0.0867158693856681	0.186499626449702
0.185783828331146	0.404366590763968
-0.0321637707014668	0.045940981102106
-0.0560620995244021	0.0859311094650825
-0.178604329529635	0.306661151589333
-0.163754505287117	0.271876206708915
-0.522703341762136	1.23136550171108
-0.22082329486399	0.341575174396723
-0.217562623583243	0.324122426248411
-0.357400831398725	0.735514476344453
-0.859887733944294	2.64447949259415
-0.359871964604033	0.932273669313322
-1.05468126750765	4.24130680249164
-0.366557929573195	0.607154393894552
0.11264485518097	0.152928059870166
-0.361109254801574	0.597561462419299
0.0615221993875089	0.064240817169554
-0.124349357293962	0.116459276817041
-0.053049920584819	0.0383419154138758
0.10195928530226	0.072304222581054
0.195184101208741	0.121340128354005
0.181605602484327	0.112294182396161
0.0874481345227635	0.39276099158502
0.0493019209420055	0.169913750562189
0.0517584960902117	0.137498180453643
0.0818839929130358	0.204307278135467
0.198903777617577	0.615708879611854
0.170593670986976	0.458896940074334
0.255485441946908	0.63728170004275
0.258597725661969	0.572188387923452
0.281588670196787	0.628340600806028
0.0877829324215544	0.137782384559871
0.146940474129524	0.266089263080153
0.110092291122365	0.16768640323626
-0.274125410581642	0.451634721505369
-0.0313249315050092	0.0407954220258005
-0.172006363923321	0.284618216883262
-0.262500765280763	0.484490197731529
-0.242646363344495	0.460004303777153
0.0509310543379033	0.063873779434931
0.309437967839415	0.414973846749258
-0.0151054342781261	0.0144753466861034
-0.118625229896333	0.126692039134896
0.243092443073351	0.288402878994435
-0.391564767883517	0.38614339913681
0.697281987898059	0.608193549638036
-0.167039158679389	0.109890139027424
-0.58226416414173	0.276096945473389
-0.0190463780147967	0.0715140507033465
0.206255990891193	1.17725818463322
0.165114114352453	0.659714898889011
0.151076288404175	0.526310781000334
0.0673491969054858	0.167881330047631
0.297411689286143	1.03292055838534
0.101134332533963	0.208041639185958
0.292965358508579	0.899240063351916
-0.28476436436556	0.747477093012474
0.330097347495046	0.937696980562234
0.170057085057243	0.360254249380672
0.0723749694477733	0.112983857073607
-0.209569127410454	0.418108425526098
-0.402703966345578	1.20045113632023
-0.408458252466621	0.996267403936973
-0.327740475359452	0.662865571428604
-0.14203451799475	0.221235102242824
0.356767042571536	0.518159122435044
-0.374468085138063	0.572278470190638
0.0426892059788783	0.0427025565154715
0.300809665342667	0.367517199790288
0.701639372346227	0.731652044357569
0.46240047214485	0.355671811839144
0.631722832157363	0.481632600544172
-0.0296873902735463	0.0128933117976587
-1.64877676094374	0.924776485622219
-1.49830311184485	0.532694389774889
0.0561490196295513	0.240711523377634
0.108995226623209	0.466120089676611
0.0093113641737482	0.0246635565947524
0.248352173302448	0.960295796191928
0.0748179597567515	0.181111418793735
0.337719929595924	1.06197588669525
0.0128779798863997	0.0231176209620198
0.15078844639788	0.329639625773475
0.0582983083522134	0.103802255126649
0.0131291148465646	0.0218211388727701
0.35059507817982	0.795035365540604
0.0253789839188418	0.037084360840433
-0.152941970820384	0.275510112625361
0.192975632671723	0.378621775703271
0.068516680067229	0.103075302471025
-0.355858601843076	0.667910253599341
0.776897277970207	1.54580264585352
0.0364961496444475	0.0377300595205847
0.214099833685964	0.270128098486496
-0.212176063585974	0.231664969615806
1.10355133127672	1.39627211846397
1.095432318177	1.28330266594417
0.807334513305788	0.640272325609674
-0.372326339235676	0.153761645573141
0.028267922582066	0.109846778370399
0.237586123976254	1.46560871680063
-0.0181517934093549	0.0494960490812523
0.19557561115971	0.67423320205956
0.433501014547866	1.6521572324213
0.331406011881132	1.20901669257808
-0.0177871362121095	0.0323556461146038
0.0415205771609711	0.0819040184555521
-0.0208198240815343	0.0365445987842306
0.0616620056571839	0.101125516385185
-0.412212270715315	1.13388832913824
0.0589751414636437	0.106414752642967
-0.247328201680252	0.526584516502924
0.121008893889594	0.222483764378586
-0.361925386297682	0.694524904194704
0.0249231407606144	0.0273921782114182
0.462056716195685	0.781894002896221
0.308221099378351	0.424701280294654
0.650368881197434	1.10257693930339
0.366695198323679	0.340412012037663
1.04746703201572	0.994485201528516
0.187265152404012	0.100540000185645
0.0299752446992593	0.120785995109229
0.160397031561458	0.831284279962561
0.108496068018229	0.377017595985086
0.126906441047847	0.378409305884123
0.0749975226342569	0.187171598864274
0.0697690614120667	0.154199506371509
0.0909919100521035	0.211298172829429
-0.13804448688737	0.331677810228885
-0.0315742274924395	0.0540782580766505
-0.0832715743254735	0.159314349024071
-0.0909053299613242	0.184262870731166
-0.0076106295956516	0.0121495800163175
-0.546780834943918	1.84055364814299
-0.225641552589445	0.425979872744133
0.344224619173106	0.486793454313347
-0.365970313195131	0.573074197619907
-0.0150511260882215	0.0166066139485683
-0.205633193662441	0.25398575784543
0.399657268157976	0.440400602582566
0.489925563563922	0.335878207147032
0.0863985264966518	0.0563979230937251
0.179369859705814	0.0539368960907662
0.173667290199791	0.0756717291743653
0.174866744414616	0.0599504088128746
0.0698291526387069	0.322952449845718
0.0974281188027035	0.401047590996325
0.138059747656877	0.476082752201246
0.0241098636915084	0.056778141689737
0.0440824165471003	0.095681119587014
-0.221692747084667	0.677836067416487
-0.24117661195572	0.721842736038451
-0.257087427740028	0.669040045672252
0.0244274495955166	0.0443767676104484
-0.361507003297135	1.13920122120971
0.163700112316162	0.347336163931695
-0.283232810950153	0.715552724055013
-0.65963119478036	1.71348513659862
0.136698181205414	0.172280507549893
0.431068243829413	0.780352623751666
0.127999178834376	0.154621323604199
-0.00861631328408192	0.00942052830177847
0.0486514087301086	0.0363949301251558
0.495599215755426	0.340163754870829
0.47124483485099	0.34321975205041
0.168057187890037	0.0732756288917938
0.544571131487334	0.197606668979847
-0.58894012635672	0.280225527780854
-0.0651857306359725	0.297646506893923
-0.0538126418819288	0.194849898506559
-0.056504021669958	0.164691685655274
-0.305401775747453	1.26892288539092
0.121491151601386	0.350720812376759
-0.0358241693802583	0.075291295402137
-0.024296848007681	0.0456346840236142
-0.0400452371618605	0.074474801147755
-0.244579775884318	0.674804237931034
-0.00996393966949199	0.0166342629246267
-0.165279045034226	0.335769141645214
-0.28097908076054	0.536418683376277
0.369993902851553	0.619802890130211
0.410886632976474	0.636671175931138
-0.0330412955849802	0.0337853902239601
-0.160159469064795	0.179388159534584
0.170207217650427	0.0910096668534333
-0.46387540893492	0.240207182570739
-0.0447096182655436	0.178165641143794
-0.0532034801286371	0.185390797431097
-0.156448149207037	0.541887678887625
0.0344157500676245	0.0802686709653561
-0.13457152403373	0.355317555219989
-0.112697179115716	0.237291945141969
-0.128881469043448	0.285306968619787
-0.236132833683005	0.603876251793945
-0.235297188119628	0.505366855507408
-0.569744249977921	1.69516675654087
0.0984122710288796	0.136844424783669
0.153705999237934	0.176659003254826
0.736065632355435	0.488118614223059
-0.465001126443168	0.241000830188982
0.556308696676708	0.202195250417483
-1.7934287506278	0.390727439150181
0.0808311826379179	0.384963981440932
0.046443077864071	0.166086132864275
-0.00954745702609964	0.0253211702728419
-0.0000443366875307076	0.000124593991626126
-0.209754604596546	0.615057837604809
-0.427923082507362	1.88156486211324
-0.084507116144458	0.192942091480517
-0.193617711320371	0.475375732186563
-0.577695855643193	2.18682215231666
0.319079679147952	0.581045588937883
0.228545929152912	0.317218391724992
0.218180541123346	0.309828256732362
-0.22789269232115	0.306308456805567
0.557119413608169	0.566381767992127
-0.081450420381081	0.0472792466078997
0.708888348512713	0.334422800106925
0.629492898390825	0.33212014604363
0.01722231374985	0.063428741909798
-0.145080051332405	0.714854738103042
-0.0643660437948453	0.191838602347045
-0.0684719418155836	0.170770670280015
-0.0674448678306561	0.161402312844302
-0.1661207097644	0.452612659236683
0.221904683554701	0.569313410062882
0.12088389521231	0.248490461951377
-0.302158131479882	0.607115183032716
0.0627668800294204	0.069619060938691
0.259399278800772	0.402357447250353
0.20368414131558	0.276639052991749
0.264042280281939	0.322230838636178
0.0416568758755429	0.0228653041774258
1.7910234041082	1.40325126845714
1.59923975249082	0.804669261280403
0.419010944897155	0.190689071081355
0.0641430021434539	0.294739981475997
0.116164386574389	0.553457006136293
0.101284754088863	0.333853184972696
0.0993355149147768	0.301037399810443
-0.0391311771711859	0.0992639317166493
-0.274154313087527	0.875561196893844
-0.133504947458622	0.318111872605823
-0.0453428712762089	0.0696064480594759
0.285334508976366	0.420493569250458
-0.523757666392437	0.510485506976717
-0.328645847340452	0.231299794437379
0.37335637206444	0.189114220957995
0.00353739098718834	0.0127384506223763
-0.084843954277681	0.341439708860593
0.124593220586781	0.436101199272256
-0.0895320234440685	0.265163684514016
-0.0569627597838964	0.131770471096733
-0.563504486340197	2.64561263964941
0.247012740924935	0.569602503352523
0.360342147101263	0.699589084182761
0.619412537949843	0.68855933170236
0.315794730719456	0.229366401036939
0.175166461234022	0.0600277554082778
0.00356762200945017	0.012295707874829
-0.137943305056961	0.617958913259081
-0.0561586925472833	0.159880620970888
0.129941806554012	0.347966786837465
0.0640145177538636	0.131470937312623
0.111760632395502	0.191337851164093
0.146294870162489	0.216502114578592
-0.308686030391511	0.215123187656283
0.0106057010719313	0.0382285451275625
-0.0864334074382705	0.357629140527072
0.0207622430219816	0.0521877659807632
0.140998163716541	0.394969265881198
-0.209631224192489	0.437712055385635
0.10967878054391	0.579968723913279
-0.0604265574630339	0.221857091142244
-0.0396021354887285	0.105723107218053
0.0146109004027355	0.0283541999963434
0.0354489543282861	0.13761163796649
-0.286863980141624	1.91446692126397
-0.279162751310061	1.16192983332551
0.0312481845786957	0.127672573328878
0.0485688656584871	0.179450840704861
-0.109729258744539	0.590429250752033
