x	y
0.16619130625606	0.0315431724784316
0.165088029467664	0.0313824661178469
0.165088029467664	0.0313824661178469
1.96276901321247	0.454520391574277
0.164778629348208	0.0313374327003096
0.164778629348208	0.0313374327003096
0.165088029467664	0.0313824661178469
0.165880035481028	0.0314978449610492
0.958352222975233	0.253964848564806
1.96372117107544	0.45473924627511
-1.79785205353169	0.391773074809323
0.169248055862235	0.0319917175833404
-2.57098043849301	0.664920470822356
-1.7934287506278	0.390727439150181
0.958352222975233	0.253964848564806
1.96276901321247	0.454520391574277
-2.58013588785136	0.668674470410509
1.96276901321247	0.454520391574277
-0.613682540053849	0.148388769407339
-0.60895933746012	0.147406558741333
-1.79346061997896	0.390723019452767
-3.07402416243152	0.948685276185543
0.164778629348208	0.0313374327003096
0.16619130625606	0.0315431724784316
0.16619130625606	0.0315431724784316
0.165880035481028	0.0314978449610492
0.165880035481028	0.0314978449610492
-0.614206104379299	0.148455859250315
0.165880035481028	0.0314978449610492
0.182515705814395	0.0461929473161663
-1.79346061997896	0.390723019452767
0.16619130625606	0.0315431724784316
-1.7934287506278	0.390727439150181
-1.79346061997896	0.390723019452767
-1.7934287506278	0.390727439150181
0.178049240810411	0.0452053813438565
-0.613682540053849	0.148388769407339
-2.57098043849301	0.664920470822356
2.76109157462938	0.779871501961836
-1.79346061997896	0.390723019452767
0.165880035481028	0.0314978449610492
-0.612487701707529	0.148134994320372
-0.617339897765464	0.149284387408846
-1.50655298027038	0.53606385526815
-1.79346061997896	0.390723019452767
-1.7934287506278	0.390727439150181
-0.191951684587849	0.0619002672361887
-1.49247986516622	0.53011506511111
0.963214248695465	0.255090594573707
0.169248055862235	0.0319917175833404
-1.79346061997896	0.390723019452767
0.16619130625606	0.0315431724784316
-1.11760971687047	0.337077079720442
0.171842854941116	0.0589274232351615
-1.49753171438992	0.532305096548695
0.164778629348208	0.0313374327003096
0.187984352048437	0.0474280610765032
0.16619130625606	0.0315431724784316
-1.79346061997896	0.390723019452767
-0.197335094105888	0.0635174359839544
-1.49830311184485	0.532694389774889
0.169248055862235	0.0319917175833404
-1.7934287506278	0.390727439150181
-2.57067328278635	0.665094197548339
0.712432965713939	0.336512499450233
-1.7934287506278	0.390727439150181
-1.79785205353169	0.391773074809323
-1.79346061997896	0.390723019452767
1.96276901321247	0.454520391574277
1.29596944158472	0.719833885534944
0.466438199138473	0.189262806780757
0.181222403711057	0.0544586569816679
-1.24290411431059	0.556406222310856
-0.492920041972495	0.185567465410241
0.16619130625606	0.0315431724784316
-0.585109023877585	0.278047246717244
-1.01047808700666	0.400246726724795
0.16619130625606	0.0315431724784316
2.76219840038386	0.780594539857824
0.169566032486793	0.032038095111837
0.554529317239519	0.201500781149606
-0.998738562366113	0.394732167512429
-0.613682540053849	0.148388769407339
-1.79346061997896	0.390723019452767
0.967271104517323	0.256176548116206
0.560263982972252	0.203664261240574
0.169248055862235	0.0319917175833404
-0.613158918177153	0.148231887572971
0.183063896529214	0.0463401006276899
-1.79346061997896	0.390723019452767
-2.57067328278635	0.665094197548339
0.185076110728506	0.0555416222332281
1.05656822569342	0.40367225045814
0.549873760152136	0.199559475860527
0.181837521716867	0.0460537144756759
-0.612487701707529	0.148134994320372
-1.11896025029368	0.337616084496264
0.164625296117395	0.0313507498370328
0.183063896529214	0.0463401006276899
0.680421237638035	0.217245422782273
1.06063740894654	0.405466440477548
0.963743115659934	0.255236344279286
0.165088029467664	0.0313824661178469
-1.7934287506278	0.390727439150181
-1.7934287506278	0.390727439150181
0.169248055862235	0.0319917175833404
-1.79346061997896	0.390723019452767
0.164778629348208	0.0313374327003096
0.963743115659934	0.255236344279286
0.181837521716867	0.0460537144756759
-1.01014139129076	0.400088841211607
0.180484451327502	0.0542489043189748
-2.45265898157984	1.36226691669276
-1.11458449535005	0.336227635184335
-1.7934287506278	0.390727439150181
-0.697547507150818	0.238387277313668
-1.7934287506278	0.390727439150181
0.160144755571284	0.0306956063740573
-2.57098043849301	0.664920470822356
0.180107983152346	0.0541465694868784
-1.79346061997896	0.390723019452767
-3.07454565876188	0.948489134275984
-0.612487701707529	0.148134994320372
0.164778629348208	0.0313374327003096
-0.613682540053849	0.148388769407339
-0.2790297134685	0.126488485691436
-1.79192513114914	0.72683338787971
-3.07350260546998	0.94852963330217
-3.07350260546998	0.94852963330217
0.165088029467664	0.0313824661178469
-1.8018209860465	0.732336264923416
0.164778629348208	0.0313374327003096
1.96372117107544	0.45473924627511
0.187984352048437	0.0474280610765032
0.165088029467664	0.0313824661178469
-1.1258777723839	0.339888304991231
2.76109157462938	0.779871501961836
-2.57067328278635	0.665094197548339
-0.614206104379299	0.148455859250315
0.176825054435177	0.0449204608148946
-1.7934287506278	0.390727439150181
-1.79346061997896	0.390723019452767
0.16619130625606	0.0315431724784316
-1.79785205353169	0.391773074809323
-1.79346061997896	0.390723019452767
0.165880035481028	0.0314978449610492
0.165088029467664	0.0313824661178469
0.16619130625606	0.0315431724784316
1.96276901321247	0.454520391574277
-2.57067328278635	0.665094197548339
0.175155035311403	0.0527334069281177
0.165088029467664	0.0313824661178469
0.164778629348208	0.0313374327003096
0.967271104517323	0.256176548116206
-1.1258777723839	0.339888304991231
-0.613682540053849	0.148388769407339
1.05841937425473	0.404493015312573
-0.32485451718176	0.0931499749349684
0.164778629348208	0.0313374327003096
-0.617875104469477	0.149400727468359
0.549516086641495	0.199542874934359
-1.49633399610699	0.531774933095134
-1.1182849071041	0.337405124817419
-0.613682540053849	0.148388769407339
0.962553055030982	0.254827961566665
2.76219840038386	0.780594539857824
-0.322472516615752	0.0924590549090847
0.165088029467664	0.0313824661178469
0.165088029467664	0.0313824661178469
0.16619130625606	0.0315431724784316
-2.57098043849301	0.664920470822356
0.187435346122179	0.047292837125537
0.169566032486793	0.032038095111837
0.164778629348208	0.0313374327003096
-0.325663137440616	0.0933864485177264
-2.57098043849301	0.664920470822356
-1.79346061997896	0.390723019452767
0.165880035481028	0.0314978449610492
1.96276901321247	0.454520391574277
0.169248055862235	0.0319917175833404
-0.611962616144159	0.147977912487881
-1.79346061997896	0.390723019452767
3.27032462336087	1.11801013776878
-3.44821343973509	1.22397568320365
-0.612487701707529	0.148134994320372
-0.323664690407152	0.0927962418225715
0.848390137942497	0.36112999220408
-1.00344380433825	0.396818957300656
0.963214248695465	0.255090594573707
1.47155078449581	0.491168545293048
-2.58013588785136	0.668674470410509
-2.57067328278635	0.665094197548339
0.160144755571284	0.0306956063740573
0.164778629348208	0.0313374327003096
2.76559849788836	0.78194178274137
0.164778629348208	0.0313374327003096
0.183063896529214	0.0463401006276899
-0.613158918177153	0.148231887572971
0.165088029467664	0.0313824661178469
0.963743115659934	0.255236344279286
-0.197316433582098	0.063550392412948
-0.609489833121369	0.147475344257464
0.169566032486793	0.032038095111837
0.169566032486793	0.032038095111837
-1.79346061997896	0.390723019452767
0.164778629348208	0.0313374327003096
0.963214248695465	0.255090594573707
-0.613682540053849	0.148388769407339
0.181837521716867	0.0460537144756759
1.4745635305468	0.492365493098567
-1.7934287506278	0.390727439150181
1.05878746464103	0.40482083139178
-1.00344380433825	0.396818957300656
2.76330811440907	0.780761067286217
2.76219840038386	0.780594539857824
2.76109157462938	0.779871501961836
0.165880035481028	0.0314978449610492
0.160144755571284	0.0306956063740573
2.76219840038386	0.780594539857824
0.165088029467664	0.0313824661178469
2.76330811440907	0.780761067286217
-2.57067328278635	0.665094197548339
0.964404580081594	0.255330782344719
-1.7934287506278	0.390727439150181
0.184291063239428	0.0465991085839434
1.96372117107544	0.45473924627511
0.964404580081594	0.255330782344719
1.96276901321247	0.454520391574277
0.161251150232847	0.0308565698216007
-1.79346061997896	0.390723019452767
1.96276901321247	0.454520391574277
-1.79346061997896	0.390723019452767
0.165880035481028	0.0314978449610492
0.963743115659934	0.255236344279286
-0.611962616144159	0.147977912487881
0.16619130625606	0.0315431724784316
-0.614206104379299	0.148455859250315
-1.7934287506278	0.390727439150181
-0.613682540053849	0.148388769407339
0.182384642090162	0.0461735738884295
0.687453672774919	0.21969379736456
0.167951450829655	0.0506774666906113
-0.613158918177153	0.148231887572971
0.177362298643623	0.0450515694227369
-1.79346061997896	0.390723019452767
0.164778629348208	0.0313374327003096
1.96372117107544	0.45473924627511
0.962025660417238	0.254682745005495
1.96372117107544	0.45473924627511
-1.79346061997896	0.390723019452767
-1.11951983581622	0.337809535545767
-0.617339897765464	0.149284387408846
1.46585570298693	0.489030037475911
-1.7934287506278	0.390727439150181
-0.701794429638729	0.239974906557054
0.183610895194862	0.0464322674344966
-1.79346061997896	0.390723019452767
-1.7934287506278	0.390727439150181
0.16619130625606	0.0315431724784316
1.96276901321247	0.454520391574277
-1.7934287506278	0.390727439150181
1.96276901321247	0.454520391574277
-1.79346061997896	0.390723019452767
0.964934921520073	0.255476948633611
0.182384642090162	0.0461735738884295
0.160144755571284	0.0306956063740573
1.3509899510682	0.597807360301759
0.181959964224185	0.0546519449572612
-0.324393158207149	0.0929933012825356
1.96276901321247	0.454520391574277
-2.57098043849301	0.664920470822356
3.27152519356808	1.11907150574555
3.27993169130503	1.12298306623949
1.79836508982771	1.01416278341983
0.465984150393268	0.188845405216365
0.179369859705814	0.0539368960907662
0.167889275021725	0.0576253650682983
0.963743115659934	0.255236344279286
0.165880035481028	0.0314978449610492
0.964404580081594	0.255330782344719
-0.330698472981565	0.0947716626031445
0.18374299244507	0.0464795790495071
-2.57067328278635	0.665094197548339
2.76330811440907	0.780761067286217
0.180107983152346	0.0541465694868784
0.16619130625606	0.0315431724784316
0.963743115659934	0.255236344279286
-0.508786249084006	0.192068550469136
0.962025660417238	0.254682745005495
4.19332756457112	2.03901099962885
-0.330698472981565	0.0947716626031445
0.164778629348208	0.0313374327003096
3.27272750868887	1.11966450015405
-1.79346061997896	0.390723019452767
0.691293725798235	0.220916760169014
0.164778629348208	0.0313374327003096
-2.57036588579023	0.664816582891659
-1.11896025029368	0.337616084496264
0.958352222975233	0.253964848564806
0.165088029467664	0.0313824661178469
-0.194113630428157	0.0625242468970416
-2.57522664974505	0.666917731403372
-1.1182849071041	0.337405124817419
-0.699938932255418	0.239135424844937
0.186752657299631	0.0471525522204707
-1.12019427196772	0.338020301365193
0.181837521716867	0.0460537144756759
-3.99134388231015	1.72484515247364
0.687453672774919	0.21969379736456
-0.746851805387566	0.322923852499912
0.163596511212999	0.0561917237218299
0.181598622209813	0.0545451831920276
0.187984352048437	0.0474280610765032
0.185813320888401	0.0557349268614171
-3.07822553691956	0.950796797182827
-1.7934287506278	0.390727439150181
-0.704386334982379	0.240838421723177
0.165880035481028	0.0314978449610492
-2.57522664974505	0.666917731403372
3.27152519356808	1.11907150574555
1.46842163094462	0.489769078028611
0.964934921520073	0.255476948633611
3.27272750868887	1.11966450015405
1.96276901321247	0.454520391574277
0.185454319096416	0.0556335769192585
1.96372117107544	0.45473924627511
0.186069807523728	0.046984734903896
-1.11760971687047	0.337077079720442
0.164778629348208	0.0313374327003096
-3.74624107806015	1.47909592511107
-2.57036588579023	0.664816582891659
-0.195531539432362	0.0629840149892884
0.184291063239428	0.0465991085839434
1.59588475472658	0.802198006540431
-2.57067328278635	0.665094197548339
0.18374299244507	0.0464795790495071
0.182384642090162	0.0461735738884295
-0.327498449554433	0.0938114370055266
0.687453672774919	0.21969379736456
0.963214248695465	0.255090594573707
-2.57522664974505	0.666917731403372
-2.57067328278635	0.665094197548339
-1.49561006114969	0.531433597211914
0.963743115659934	0.255236344279286
0.692481142426252	0.221366284684109
-0.613012730411062	0.148202450577793
2.76219840038386	0.780594539857824
1.96276901321247	0.454520391574277
-2.57067328278635	0.665094197548339
-1.79346061997896	0.390723019452767
-1.1182849071041	0.337405124817419
-1.49633399610699	0.531774933095134
0.962553055030982	0.254827961566665
0.181959964224185	0.0546519449572612
-2.57098043849301	0.664920470822356
0.177362298643623	0.0450515694227369
1.96276901321247	0.454520391574277
0.16619130625606	0.0315431724784316
-1.79346061997896	0.390723019452767
-1.7934287506278	0.390727439150181
0.183063896529214	0.0463401006276899
0.963214248695465	0.255090594573707
-2.57067328278635	0.665094197548339
-1.79785205353169	0.391773074809323
-1.49633399610699	0.531774933095134
-1.79346061997896	0.390723019452767
-1.7934287506278	0.390727439150181
-0.326043908260378	0.0934449166225896
-0.613682540053849	0.148388769407339
-2.57036588579023	0.664816582891659
0.164778629348208	0.0313374327003096
1.46910411205871	0.490049168285487
0.686721713829268	0.219371725498129
2.14068730085802	0.968013963390159
0.174415063218798	0.0525132560977555
-1.12094794119803	0.338304428987289
-3.07350260546998	0.94852963330217
0.964404580081594	0.255330782344719
0.164778629348208	0.0313374327003096
0.552010634561459	0.20046264360567
-0.613158918177153	0.148231887572971
0.182515705814395	0.0461929473161663
0.16619130625606	0.0315431724784316
-3.07350260546998	0.94852963330217
0.172151296326472	0.0590204617019928
0.181837521716867	0.0460537144756759
0.165088029467664	0.0313824661178469
0.686270437198953	0.219228628867356
1.47155078449581	0.491168545293048
0.176825054435177	0.0449204608148946
-1.1152634133402	0.336439469187697
-3.07402416243152	0.948685276185543
-1.49320671887845	0.530373211909872
-1.11760971687047	0.337077079720442
0.165088029467664	0.0313824661178469
0.16619130625606	0.0315431724784316
1.84140390214436	0.726768879551614
1.05582634094888	0.403184301021208
1.96372117107544	0.45473924627511
2.76219840038386	0.780594539857824
-0.32485451718176	0.0931499749349684
3.6449477089076	1.4449787602644
1.47333622017027	0.491753136545405
-3.75046496352693	1.48199107071708
2.76330811440907	0.780761067286217
0.168250391881484	0.0577343624104858
-1.7934287506278	0.390727439150181
-1.7934287506278	0.390727439150181
2.76671632811135	0.782410087450427
0.165088029467664	0.0313824661178469
-1.79785205353169	0.391773074809323
-0.614206104379299	0.148455859250315
-0.613682540053849	0.148388769407339
-3.45307509546519	1.22686211973226
0.169566032486793	0.032038095111837
0.966736740010186	0.256029100393941
0.687904703717867	0.219759625438134
-1.79346061997896	0.390723019452767
-1.79346061997896	0.390723019452767
0.687453672774919	0.21969379736456
-1.7934287506278	0.390727439150181
-1.7934287506278	0.390727439150181
-3.07350260546998	0.94852963330217
0.16619130625606	0.0315431724784316
1.84302870233133	0.727219634707302
-1.12026119291491	0.338168680078347
0.16619130625606	0.0315431724784316
-2.57067328278635	0.665094197548339
-0.613682540053849	0.148388769407339
-0.69681330218041	0.238104465757831
0.681600849226051	0.217707538421281
3.27393157336313	1.11982869858365
-1.25122982966508	0.561359418848618
0.177340813939346	0.0774632739071795
0.181837521716867	0.0460537144756759
-1.79839826083819	0.730397358466732
-0.613012730411062	0.148202450577793
-0.327498449554433	0.0938114370055266
-2.57067328278635	0.665094197548339
0.184291063239428	0.0465991085839434
0.623174076767099	0.327892898642064
0.923993724928956	0.501949623164673
-0.751578918535292	0.325601084499325
0.165088029467664	0.0313824661178469
0.164778629348208	0.0313374327003096
-0.60895933746012	0.147406558741333
-0.326771057218117	0.0936418390224184
-3.0729809879685	0.948009080411761
0.967271104517323	0.256176548116206
2.76559849788836	0.78194178274137
1.96372117107544	0.45473924627511
0.164778629348208	0.0313374327003096
-1.7934287506278	0.390727439150181
0.962553055030982	0.254827961566665
0.686721713829268	0.219371725498129
0.16619130625606	0.0315431724784316
3.27510914666181	1.12076297640292
0.169248055862235	0.0319917175833404
-1.7934287506278	0.390727439150181
0.169248055862235	0.0319917175833404
-0.619069360213747	0.149654914653121
-0.321741768636823	0.0922885496388945
-1.79653379913892	0.729391431830202
0.161251150232847	0.0308565698216007
0.16619130625606	0.0315431724784316
-0.366923986553794	0.151522574693312
0.46306655364777	0.187776589424895
3.93892487279316	1.74225767116968
0.171189775428302	0.0662121976703994
0.165880035481028	0.0314978449610492
-3.44754089021611	1.22379406077669
1.96276901321247	0.454520391574277
2.76109157462938	0.779871501961836
-1.11896025029368	0.337616084496264
2.76219840038386	0.780594539857824
-1.79785205353169	0.391773074809323
0.963743115659934	0.255236344279286
-3.45307509546519	1.22686211973226
-2.57067328278635	0.665094197548339
-1.7934287506278	0.390727439150181
1.96372117107544	0.45473924627511
0.169248055862235	0.0319917175833404
-0.613682540053849	0.148388769407339
0.16619130625606	0.0315431724784316
-1.79346061997896	0.390723019452767
-2.57067328278635	0.665094197548339
-1.79785205353169	0.391773074809323
-1.11760971687047	0.337077079720442
1.47648048364922	0.492996794108507
-0.618535635333325	0.149538863092151
-0.202267717623406	0.0650989962325268
0.187300583927818	0.0472598613580206
1.96372117107544	0.45473924627511
2.76671632811135	0.782410087450427
-1.49705816852235	0.532032217355669
-0.613012730411062	0.148202450577793
1.47579162106182	0.492713238749138
-0.196970790009868	0.0634432336968819
0.169566032486793	0.032038095111837
2.76219840038386	0.780594539857824
-0.331884233338781	0.0950660268702792
-1.11951983581622	0.337809535545767
-0.324126952894347	0.0929244396746841
3.27393157336313	1.11982869858365
-3.07350260546998	0.94852963330217
0.689369698791533	0.22025689756634
0.963743115659934	0.255236344279286
-0.33115064247346	0.0948450204466267
-2.57036588579023	0.664816582891659
-0.614206104379299	0.148455859250315
-1.7934287506278	0.390727439150181
-2.57036588579023	0.664816582891659
-1.7934287506278	0.390727439150181
-1.7934287506278	0.390727439150181
0.968469219672053	0.25651021792255
0.961881298984383	0.254903830883264
0.161251150232847	0.0308565698216007
-1.12396372987595	0.33934973605565
0.161251150232847	0.0308565698216007
1.96372117107544	0.45473924627511
1.96684138854469	0.455504908505281
-3.07402416243152	0.948685276185543
2.76559849788836	0.78194178274137
-1.7934287506278	0.390727439150181
1.46842163094462	0.489769078028611
-0.613012730411062	0.148202450577793
0.16619130625606	0.0315431724784316
0.188667958543402	0.04756856032199
-0.321011266565823	0.0920911495247304
0.964404580081594	0.255330782344719
0.165880035481028	0.0314978449610492
2.13883702891477	0.967128437748762
-0.121054339160597	0.0431026949768407
0.967271104517323	0.256176548116206
0.966637590266194	0.256126252544328
1.96276901321247	0.454520391574277
2.76330811440907	0.780761067286217
-0.325582325201124	0.0933470317045756
0.169566032486793	0.032038095111837
-3.07875719123617	0.951227905765892
0.966736740010186	0.256029100393941
1.47032706033056	0.490703617760438
0.16619130625606	0.0315431724784316
0.165880035481028	0.0314978449610492
-1.79346061997896	0.390723019452767
1.96276901321247	0.454520391574277
0.165880035481028	0.0314978449610492
-3.44754089021611	1.22379406077669
-1.79346061997896	0.390723019452767
-1.11458449535005	0.336227635184335
1.96276901321247	0.454520391574277
1.96276901321247	0.454520391574277
1.47525146835293	0.492648627415429
-0.613682540053849	0.148388769407339
0.164778629348208	0.0313374327003096
-2.57036588579023	0.664816582891659
1.96276901321247	0.454520391574277
0.962553055030982	0.254827961566665
0.962553055030982	0.254827961566665
-3.07875719123617	0.951227905765892
-1.11951983581622	0.337809535545767
-1.79346061997896	0.390723019452767
0.180845714650258	0.0543398759613664
0.16619130625606	0.0315431724784316
1.47579162106182	0.492713238749138
1.4745635305468	0.492365493098567
0.473807985851424	0.192496599135712
0.707498067336884	0.333538045732452
1.47032706033056	0.490703617760438
0.546346904865407	0.198325214127253
0.554951509844971	0.201561033049545
0.180107983152346	0.0541465694868784
-0.617339897765464	0.149284387408846
1.06264198810457	0.406540438452512
0.177158612557092	0.0532687900403008
-1.24884691269776	0.559902475988545
-0.613682540053849	0.148388769407339
1.35387025916238	0.599473598026445
-0.324126952894347	0.0929244396746841
0.963214248695465	0.255090594573707
-0.618535635333325	0.149538863092151
-1.11951983581622	0.337809535545767
-0.612487701707529	0.148134994320372
-1.79346061997896	0.390723019452767
2.76330811440907	0.780761067286217
3.27631781619437	1.12171855032085
0.958352222975233	0.253964848564806
-1.7934287506278	0.390727439150181
-0.613682540053849	0.148388769407339
-1.1152634133402	0.336439469187697
-0.611962616144159	0.147977912487881
-1.79346061997896	0.390723019452767
-3.07402416243152	0.948685276185543
-1.50335347787301	0.534889336029958
-1.12019427196772	0.338020301365193
0.469428274820716	0.19065864418756
0.963743115659934	0.255236344279286
3.64995436887393	1.44813448599007
-0.60895933746012	0.147406558741333
0.169248055862235	0.0319917175833404
-1.7934287506278	0.390727439150181
-3.07402416243152	0.948685276185543
3.65243977028666	1.44907202326586
0.962025660417238	0.254682745005495
0.165880035481028	0.0314978449610492
-1.7934287506278	0.390727439150181
-1.11760971687047	0.337077079720442
-1.7934287506278	0.390727439150181
-1.1258777723839	0.339888304991231
0.165088029467664	0.0313824661178469
1.96276901321247	0.454520391574277
-0.613158918177153	0.148231887572971
1.96276901321247	0.454520391574277
-2.57067328278635	0.665094197548339
0.690559056864311	0.220592978829305
0.964404580081594	0.255330782344719
0.963743115659934	0.255236344279286
0.963743115659934	0.255236344279286
-0.326771057218117	0.0936418390224184
0.181222403711057	0.0544586569816679
0.16619130625606	0.0315431724784316
-1.11896025029368	0.337616084496264
-3.07454565876188	0.948489134275984
1.08788836479962	0.53156608167024
-0.612487701707529	0.148134994320372
-0.697202314681331	0.238170495213451
1.84644215856505	0.729350990286639
0.847370672062624	0.360503876090782
-3.74624107806015	1.47909592511107
0.963743115659934	0.255236344279286
0.968469219672053	0.25651021792255
-1.7934287506278	0.390727439150181
1.06190079859119	0.406050412279014
0.181837521716867	0.0460537144756759
0.183610895194862	0.0464322674344966
2.76109157462938	0.779871501961836
-1.79346061997896	0.390723019452767
-2.57067328278635	0.665094197548339
0.181053134529505	0.0458624936397602
2.76671632811135	0.782410087450427
-2.57554526884402	0.666976966437407
-0.330698472981565	0.0947716626031445
0.165088029467664	0.0313824661178469
0.966736740010186	0.256029100393941
0.963214248695465	0.255090594573707
2.37833363806881	1.20570132413706
1.05915506670076	0.404786600540214
1.96372117107544	0.45473924627511
-0.613012730411062	0.148202450577793
-3.74696276382151	1.47929664249189
-1.12026119291491	0.338168680078347
-1.79346061997896	0.390723019452767
-1.1182849071041	0.337405124817419
-0.702529153090903	0.24025873050893
0.962025660417238	0.254682745005495
-1.79346061997896	0.390723019452767
0.183063896529214	0.0463401006276899
-2.57067328278635	0.665094197548339
-0.613682540053849	0.148388769407339
0.164778629348208	0.0313374327003096
1.96276901321247	0.454520391574277
0.964934921520073	0.255476948633611
-1.12019427196772	0.338020301365193
0.165880035481028	0.0314978449610492
-1.49897898499855	0.532683365671509
0.957162742729009	0.253557522610441
0.176139035531232	0.0447669868764769
0.68278086909504	0.218093717626154
0.68908810997088	0.220077042266344
0.17899314570337	0.0538175920888867
0.184291063239428	0.0465991085839434
0.177362298643623	0.0450515694227369
-2.57554526884402	0.666976966437407
-1.49825523114142	0.532562193916483
-0.613682540053849	0.148388769407339
-1.11390573268458	0.335899190520225
0.184338509014023	0.0553315106563962
-1.79346061997896	0.390723019452767
0.16619130625606	0.0315431724784316
-1.00440442351365	0.397449979952479
0.687904703717867	0.219759625438134
-3.07350260546998	0.94852963330217
0.690554433996612	0.2205748378538
2.76219840038386	0.780594539857824
0.182336403143595	0.0547549505032696
-0.325582325201124	0.0933470317045756
0.181837521716867	0.0460537144756759
-1.79346061997896	0.390723019452767
0.556308696676708	0.202195250417483
-1.11760971687047	0.337077079720442
-0.325582325201124	0.0933470317045756
-1.79839826083819	0.730397358466732
-1.49753171438992	0.532305096548695
0.843422236893639	0.358554124858322
-0.611962616144159	0.147977912487881
-2.04319649221053	0.928970425477793
0.182384642090162	0.0461735738884295
1.58967182269147	0.798033270500838
3.27152519356808	1.11907150574555
0.165880035481028	0.0314978449610492
-1.1182849071041	0.337405124817419
-1.49561006114969	0.531433597211914
0.16619130625606	0.0315431724784316
-1.49705816852235	0.532032217355669
0.169566032486793	0.032038095111837
3.6449477089076	1.4449787602644
1.96276901321247	0.454520391574277
0.183063896529214	0.0463401006276899
0.164778629348208	0.0313374327003096
-1.49633399610699	0.531774933095134
1.83556105705841	0.723803926717143
-1.7934287506278	0.390727439150181
0.186752657299631	0.0471525522204707
-1.1152634133402	0.336439469187697
1.96372117107544	0.45473924627511
-1.1245135089551	0.339452387639693
-2.57067328278635	0.665094197548339
0.164778629348208	0.0313374327003096
0.181222403711057	0.0544586569816679
2.76109157462938	0.779871501961836
-0.60895933746012	0.147406558741333
1.47086646676889	0.49088731436037
1.96276901321247	0.454520391574277
1.84258516456861	0.727293955790375
1.47828388369667	0.493541574530428
-0.613012730411062	0.148202450577793
0.160144755571284	0.0306956063740573
0.178254851579563	0.0536080680261321
-0.613158918177153	0.148231887572971
-3.75192082283692	1.48279230677585
0.552366600094505	0.200647521424049
-1.11896025029368	0.337616084496264
0.165088029467664	0.0313824661178469
0.963743115659934	0.255236344279286
1.47032706033056	0.490703617760438
0.181837521716867	0.0460537144756759
0.167951450829655	0.0506774666906113
0.184971072095669	0.0467387603153735
-0.612487701707529	0.148134994320372
0.18374299244507	0.0464795790495071
-0.321011266565823	0.0920911495247304
2.76330811440907	0.780761067286217
-1.1245135089551	0.339452387639693
-0.324126952894347	0.0929244396746841
0.690559056864311	0.220592978829305
-1.79346061997896	0.390723019452767
-3.07350260546998	0.94852963330217
1.35889390139827	0.602114985237052
0.164778629348208	0.0313374327003096
-0.191583942801118	0.0617784787374467
1.05841937425473	0.404493015312573
-0.617339897765464	0.149284387408846
0.183063896529214	0.0463401006276899
-0.702529153090903	0.24025873050893
0.16619130625606	0.0315431724784316
0.957162742729009	0.253557522610441
3.65374776280759	1.44939212067817
-1.50335347787301	0.534889336029958
-1.50921776759309	0.53721941864807
0.165088029467664	0.0313824661178469
-3.0729809879685	0.948009080411761
1.47155078449581	0.491168545293048
0.685539141555545	0.218907224669263
-1.47088609464501	0.741809353787203
0.963743115659934	0.255236344279286
-1.7934287506278	0.390727439150181
-0.613682540053849	0.148388769407339
0.165880035481028	0.0314978449610492
-1.1245135089551	0.339452387639693
0.179369859705814	0.0539368960907662
0.184291063239428	0.0465991085839434
-1.49247986516622	0.53011506511111
-0.613158918177153	0.148231887572971
0.181837521716867	0.0460537144756759
0.692481142426252	0.221366284684109
0.187435346122179	0.047292837125537
-1.81787927394472	1.13671907258103
-1.79346061997896	0.390723019452767
-2.57067328278635	0.665094197548339
-2.57067328278635	0.665094197548339
-1.00306966229617	0.39683135622738
-0.325663137440616	0.0933864485177264
0.16619130625606	0.0315431724784316
0.963743115659934	0.255236344279286
0.182384642090162	0.0461735738884295
0.18374299244507	0.0464795790495071
3.93892487279316	1.74225767116968
0.165880035481028	0.0314978449610492
-0.193367241020068	0.0623371853793179
-0.619069360213747	0.149654914653121
0.689369698791533	0.22025689756634
-0.201906699363454	0.0650030146049408
-1.50655298027038	0.53606385526815
-0.32485451718176	0.0931499749349684
0.16619130625606	0.0315431724784316
2.76671632811135	0.782410087450427
0.165088029467664	0.0313824661178469
-0.707465428768275	0.242033353320822
0.164778629348208	0.0313374327003096
2.13053841868997	0.961417195686424
2.76109157462938	0.779871501961836
0.164778629348208	0.0313374327003096
0.16619130625606	0.0315431724784316
0.691745806165962	0.221041871886146
0.959543454922691	0.254205280821647
-2.57067328278635	0.665094197548339
0.962553055030982	0.254827961566665
1.4745635305468	0.492365493098567
-1.4702810167601	0.74144128695738
1.96276901321247	0.454520391574277
-3.07402416243152	0.948685276185543
-2.57067328278635	0.665094197548339
1.96372117107544	0.45473924627511
-0.32485451718176	0.0931499749349684
0.178820853869998	0.0612698080138397
-1.12396372987595	0.33934973605565
0.165088029467664	0.0313824661178469
1.84258516456861	0.727293955790375
0.689369698791533	0.22025689756634
-0.122382795591329	0.0435940039887636
1.06651132055108	0.408020274883858
0.165880035481028	0.0314978449610492
1.05952860814689	0.405011691745652
-1.11458449535005	0.336227635184335
0.682339311812087	0.217953944354753
1.84525714600486	0.728756039651982
1.96684138854469	0.455504908505281
-1.79346061997896	0.390723019452767
1.96372117107544	0.45473924627511
-1.79785205353169	0.391773074809323
0.165088029467664	0.0313824661178469
-2.57067328278635	0.665094197548339
-0.611962616144159	0.147977912487881
0.164778629348208	0.0313374327003096
0.165880035481028	0.0314978449610492
1.47086646676889	0.49088731436037
-2.04826273814137	0.932264876861533
-3.44821343973509	1.22397568320365
-0.702529153090903	0.24025873050893
-0.702529153090903	0.24025873050893
0.181837521716867	0.0460537144756759
0.165880035481028	0.0314978449610492
-1.1182849071041	0.337405124817419
-0.612487701707529	0.148134994320372
0.68908810997088	0.220077042266344
-1.1258777723839	0.339888304991231
-0.709319061175721	0.242738363206193
-3.45307509546519	1.22686211973226
-3.07822553691956	0.950796797182827
0.183063896529214	0.0463401006276899
-0.497540036768389	0.187445875024767
1.84022304372881	0.72612017307568
-2.57036588579023	0.664816582891659
1.84525714600486	0.728756039651982
-3.07402416243152	0.948685276185543
0.164778629348208	0.0313374327003096
-3.44754089021611	1.22379406077669
0.963214248695465	0.255090594573707
1.47155078449581	0.491168545293048
0.182384642090162	0.0461735738884295
-0.32485451718176	0.0931499749349684
0.181222403711057	0.0544586569816679
-3.07350260546998	0.94852963330217
1.47155078449581	0.491168545293048
-0.193026872526739	0.0622167584761554
0.16619130625606	0.0315431724784316
0.967933372585482	0.256362285789635
-3.75192082283692	1.48279230677585
-0.32485451718176	0.0931499749349684
0.544218436165038	0.197506777270022
1.47032706033056	0.490703617760438
0.963214248695465	0.255090594573707
2.76109157462938	0.779871501961836
-1.11760971687047	0.337077079720442
0.164778629348208	0.0313374327003096
2.76219840038386	0.780594539857824
0.550942476833057	0.200036223470925
0.179479941018599	0.0614871969929957
0.169248055862235	0.0319917175833404
1.3509899510682	0.597807360301759
-0.507473967831097	0.191495154180724
-0.198757003958094	0.063979613393949
0.688637326691298	0.220082192676685
0.966736740010186	0.256029100393941
-2.57067328278635	0.665094197548339
-1.12396372987595	0.33934973605565
0.184291063239428	0.0465991085839434
0.172500777446168	0.0591472284053665
0.183063896529214	0.0463401006276899
-0.49650800501461	0.187033371669453
0.689369698791533	0.22025689756634
0.964404580081594	0.255330782344719
-1.49633399610699	0.531774933095134
-0.617339897765464	0.149284387408846
-0.613682540053849	0.148388769407339
0.176825054435177	0.0449204608148946
-1.79346061997896	0.390723019452767
-1.12019427196772	0.338020301365193
-0.612487701707529	0.148134994320372
-1.11884555197394	0.337481516657706
1.96276901321247	0.454520391574277
-0.703651055748467	0.240588737528622
-1.79346061997896	0.390723019452767
2.76109157462938	0.779871501961836
-3.07350260546998	0.94852963330217
0.164778629348208	0.0313374327003096
1.96276901321247	0.454520391574277
-0.613158918177153	0.148231887572971
0.686721713829268	0.219371725498129
0.184291063239428	0.0465991085839434
1.47333622017027	0.491753136545405
1.96276901321247	0.454520391574277
0.174045724149933	0.0524237595938313
-2.57067328278635	0.665094197548339
0.161251150232847	0.0308565698216007
0.176139035531232	0.0447669868764769
-0.613682540053849	0.148388769407339
2.76109157462938	0.779871501961836
0.164778629348208	0.0313374327003096
1.96372117107544	0.45473924627511
-1.11458449535005	0.336227635184335
0.178254851579563	0.0536080680261321
-3.07350260546998	0.94852963330217
-1.11896025029368	0.337616084496264
0.165880035481028	0.0314978449610492
0.688637326691298	0.220082192676685
-0.617339897765464	0.149284387408846
0.165880035481028	0.0314978449610492
0.184971072095669	0.0467387603153735
-1.11884555197394	0.337481516657706
-2.57067328278635	0.665094197548339
-1.7934287506278	0.390727439150181
-0.613158918177153	0.148231887572971
-1.7934287506278	0.390727439150181
-1.7934287506278	0.390727439150181
-2.57098043849301	0.664920470822356
-1.79346061997896	0.390723019452767
1.96276901321247	0.454520391574277
0.164778629348208	0.0313374327003096
0.165088029467664	0.0313824661178469
-0.613682540053849	0.148388769407339
1.96372117107544	0.45473924627511
-0.611962616144159	0.147977912487881
1.96684138854469	0.455504908505281
0.962553055030982	0.254827961566665
0.962025660417238	0.254682745005495
0.691293725798235	0.220916760169014
-0.613682540053849	0.148388769407339
-0.612487701707529	0.148134994320372
-1.7934287506278	0.390727439150181
0.184971072095669	0.0467387603153735
2.76219840038386	0.780594539857824
-1.11896025029368	0.337616084496264
-0.608428787479893	0.147248610626808
-1.79346061997896	0.390723019452767
-0.612487701707529	0.148134994320372
-0.330698472981565	0.0947716626031445
-0.619069360213747	0.149654914653121
-1.7934287506278	0.390727439150181
0.550289590334163	0.199868191494828
-2.57067328278635	0.665094197548339
0.176825054435177	0.0449204608148946
-1.79785205353169	0.391773074809323
0.186069807523728	0.046984734903896
-1.01507902194208	0.402491912396081
-0.609489833121369	0.147475344257464
0.165088029467664	0.0313824661178469
1.05346208699469	0.402359762312703
-1.11594248674068	0.336539906623349
0.687904703717867	0.219759625438134
-0.619069360213747	0.149654914653121
0.164778629348208	0.0313374327003096
-0.590908864087757	0.281260626215082
-1.11896025029368	0.337616084496264
-0.746973787878746	0.323304757458081
-0.746448236482561	0.322813370370425
-0.320548811537412	0.09196618419473
-0.713927771586338	0.244486303883557
-1.79346061997896	0.390723019452767
-0.613682540053849	0.148388769407339
-2.57036588579023	0.664816582891659
0.164778629348208	0.0313374327003096
-0.613682540053849	0.148388769407339
-1.79346061997896	0.390723019452767
0.165088029467664	0.0313824661178469
-0.613682540053849	0.148388769407339
0.962025660417238	0.254682745005495
0.165880035481028	0.0314978449610492
1.96684138854469	0.455504908505281
0.164778629348208	0.0313374327003096
1.96276901321247	0.454520391574277
1.46964366147565	0.490422889690681
-2.57036588579023	0.664816582891659
2.76109157462938	0.779871501961836
-2.57036588579023	0.664816582891659
-1.79785205353169	0.391773074809323
0.962553055030982	0.254827961566665
2.76219840038386	0.780594539857824
0.847728504925438	0.36079146501607
0.169566032486793	0.032038095111837
0.181743714491496	0.0460173511561772
-1.7934287506278	0.390727439150181
0.16619130625606	0.0315431724784316
-0.617875104469477	0.149400727468359
0.161251150232847	0.0308565698216007
0.687453672774919	0.21969379736456
0.962553055030982	0.254827961566665
0.181159179759352	0.0458876218072277
-0.613682540053849	0.148388769407339
-1.49753171438992	0.532305096548695
-1.79346061997896	0.390723019452767
-3.74551962293396	1.47870416259712
0.164778629348208	0.0313374327003096
-2.57098043849301	0.664920470822356
1.96684138854469	0.455504908505281
-1.7934287506278	0.390727439150181
-2.57067328278635	0.665094197548339
0.160144755571284	0.0306956063740573
-3.07402416243152	0.948685276185543
-0.613158918177153	0.148231887572971
1.96372117107544	0.45473924627511
-3.44754089021611	1.22379406077669
-1.7934287506278	0.390727439150181
-1.79346061997896	0.390723019452767
-1.79785205353169	0.391773074809323
1.46910411205871	0.490049168285487
-1.79785205353169	0.391773074809323
-1.79346061997896	0.390723019452767
0.182515705814395	0.0461929473161663
2.13275419746116	0.963270597877117
0.181837521716867	0.0460537144756759
0.165088029467664	0.0313824661178469
-1.1152634133402	0.336439469187697
0.182384642090162	0.0461735738884295
-0.326043908260378	0.0934449166225896
2.76109157462938	0.779871501961836
3.27393157336313	1.11982869858365
-0.613682540053849	0.148388769407339
-2.57067328278635	0.665094197548339
0.169248055862235	0.0319917175833404
-0.613158918177153	0.148231887572971
-2.57554526884402	0.666976966437407
-1.79346061997896	0.390723019452767
2.77014537202506	0.783552977740789
-1.79346061997896	0.390723019452767
0.164778629348208	0.0313374327003096
0.164778629348208	0.0313374327003096
-3.07350260546998	0.94852963330217
-3.44686848748983	1.22339694388155
-1.7934287506278	0.390727439150181
-3.45307509546519	1.22686211973226
0.183063896529214	0.0463401006276899
0.687453672774919	0.21969379736456
1.46964366147565	0.490422889690681
2.76219840038386	0.780594539857824
-0.617339897765464	0.149284387408846
-0.321741768636823	0.0922885496388945
-0.70398648315954	0.24079443492873
-0.611962616144159	0.147977912487881
-1.7934287506278	0.390727439150181
1.47032706033056	0.490703617760438
0.689369698791533	0.22025689756634
0.174045724149933	0.0524237595938313
-0.32485451718176	0.0931499749349684
-2.57522664974505	0.666917731403372
1.96372117107544	0.45473924627511
-2.57098043849301	0.664920470822356
0.164778629348208	0.0313374327003096
0.160144755571284	0.0306956063740573
3.6449477089076	1.4449787602644
-0.325582325201124	0.0933470317045756
-3.07350260546998	0.94852963330217
0.186752657299631	0.0471525522204707
1.47086646676889	0.49088731436037
0.165088029467664	0.0313824661178469
-3.74551962293396	1.47870416259712
-0.609489833121369	0.147475344257464
1.96684138854469	0.455504908505281
0.16619130625606	0.0315431724784316
0.964934921520073	0.255476948633611
1.96276901321247	0.454520391574277
0.165088029467664	0.0313824661178469
0.165088029467664	0.0313824661178469
0.963743115659934	0.255236344279286
1.96372117107544	0.45473924627511
-2.57067328278635	0.665094197548339
0.165088029467664	0.0313824661178469
0.16619130625606	0.0315431724784316
-1.79346061997896	0.390723019452767
-1.79346061997896	0.390723019452767
0.164778629348208	0.0313374327003096
1.96276901321247	0.454520391574277
1.96684138854469	0.455504908505281
-1.7934287506278	0.390727439150181
2.76671632811135	0.782410087450427
1.96276901321247	0.454520391574277
-1.7934287506278	0.390727439150181
1.96276901321247	0.454520391574277
1.96372117107544	0.45473924627511
0.164778629348208	0.0313374327003096
-0.618535635333325	0.149538863092151
0.160144755571284	0.0306956063740573
1.96372117107544	0.45473924627511
0.16619130625606	0.0315431724784316
0.165088029467664	0.0313824661178469
0.165880035481028	0.0314978449610492
0.165880035481028	0.0314978449610492
0.160144755571284	0.0306956063740573
-2.57036588579023	0.664816582891659
0.164778629348208	0.0313374327003096
1.96276901321247	0.454520391574277
-0.611962616144159	0.147977912487881
-2.57067328278635	0.665094197548339
-2.57067328278635	0.665094197548339
0.16619130625606	0.0315431724784316
2.76219840038386	0.780594539857824
0.963078860472085	0.255236868510046
1.96276901321247	0.454520391574277
1.96276901321247	0.454520391574277
-1.79346061997896	0.390723019452767
-1.79346061997896	0.390723019452767
0.169248055862235	0.0319917175833404
-2.57098043849301	0.664920470822356
-1.79785205353169	0.391773074809323
-0.614206104379299	0.148455859250315
1.96276901321247	0.454520391574277
-1.79346061997896	0.390723019452767
-1.79346061997896	0.390723019452767
-1.79346061997896	0.390723019452767
-1.79346061997896	0.390723019452767
2.76219840038386	0.780594539857824
0.165880035481028	0.0314978449610492
0.165088029467664	0.0313824661178469
1.96372117107544	0.45473924627511
-0.613158918177153	0.148231887572971
-1.12464685880463	0.339484249108323
0.962025660417238	0.254682745005495
0.165088029467664	0.0313824661178469
0.165088029467664	0.0313824661178469
2.76109157462938	0.779871501961836
1.96684138854469	0.455504908505281
0.685443035318802	0.218928003643606
-2.57067328278635	0.665094197548339
0.16619130625606	0.0315431724784316
-0.612487701707529	0.148134994320372
-0.613158918177153	0.148231887572971
0.963214248695465	0.255090594573707
0.16619130625606	0.0315431724784316
0.966736740010186	0.256029100393941
0.182515705814395	0.0461929473161663
0.16619130625606	0.0315431724784316
0.967933372585482	0.256362285789635
0.160144755571284	0.0306956063740573
-1.7934287506278	0.390727439150181
0.186752657299631	0.0471525522204707
-3.07454565876188	0.948489134275984
-3.99207475411529	1.72599723147682
-2.57067328278635	0.665094197548339
0.184338509014023	0.0553315106563962
1.84451762847753	0.728350716630867
0.694404728756287	0.221883604128058
3.27152519356808	1.11907150574555
-1.7934287506278	0.390727439150181
3.27032462336087	1.11801013776878
0.179746106686676	0.0540237006551008
0.963214248695465	0.255090594573707
-0.324393158207149	0.0929933012825356
-1.7934287506278	0.390727439150181
2.76330811440907	0.780761067286217
-1.79653379913892	0.729391431830202
-1.79839826083819	0.730397358466732
0.686721713829268	0.219371725498129
-0.329964215322259	0.0945505800706473
0.164778629348208	0.0313374327003096
0.957162742729009	0.253557522610441
0.691293725798235	0.220916760169014
-0.326771057218117	0.0936418390224184
-2.57067328278635	0.665094197548339
-3.07350260546998	0.94852963330217
0.165088029467664	0.0313824661178469
0.16619130625606	0.0315431724784316
1.47277528463141	0.49146011988965
-0.617339897765464	0.149284387408846
0.968469219672053	0.25651021792255
-1.7934287506278	0.390727439150181
-1.7934287506278	0.390727439150181
1.96276901321247	0.454520391574277
0.165088029467664	0.0313824661178469
1.96684138854469	0.455504908505281
-1.7934287506278	0.390727439150181
-1.7934287506278	0.390727439150181
-1.7934287506278	0.390727439150181
-1.7934287506278	0.390727439150181
-1.79346061997896	0.390723019452767
-1.7934287506278	0.390727439150181
-1.7934287506278	0.390727439150181
-1.7934287506278	0.390727439150181
-1.7934287506278	0.390727439150181
-1.7934287506278	0.390727439150181
-2.57098043849301	0.664920470822356
-1.7934287506278	0.390727439150181
-1.79346061997896	0.390723019452767
-1.79785205353169	0.391773074809323
1.96276901321247	0.454520391574277
1.96276901321247	0.454520391574277
-1.79346061997896	0.390723019452767
-1.79346061997896	0.390723019452767
1.96276901321247	0.454520391574277
-2.57098043849301	0.664920470822356
0.16619130625606	0.0315431724784316
1.46842163094462	0.489769078028611
2.76330811440907	0.780761067286217
-0.321280223120013	0.0921368657574935
-2.57036588579023	0.664816582891659
-0.32685310795758	0.0937088146974829
0.963214248695465	0.255090594573707
-0.703651055748467	0.240588737528622
1.05767805940452	0.40430204105456
-2.57098043849301	0.664920470822356
0.966736740010186	0.256029100393941
-0.704386334982379	0.240838421723177
0.968469219672053	0.25651021792255
-0.612487701707529	0.148134994320372
1.96372117107544	0.45473924627511
0.164778629348208	0.0313374327003096
0.963743115659934	0.255236344279286
0.164778629348208	0.0313374327003096
3.94919285179009	1.74908815648613
-1.12019427196772	0.338020301365193
0.165880035481028	0.0314978449610492
-2.57067328278635	0.665094197548339
-2.57036588579023	0.664816582891659
0.176825054435177	0.0449204608148946
0.165880035481028	0.0314978449610492
-1.79346061997896	0.390723019452767
-1.7934287506278	0.390727439150181
-0.324126952894347	0.0929244396746841
-2.57098043849301	0.664920470822356
-1.79346061997896	0.390723019452767
1.96372117107544	0.45473924627511
1.96684138854469	0.455504908505281
-0.613012730411062	0.148202450577793
1.96276901321247	0.454520391574277
0.165880035481028	0.0314978449610492
-1.7934287506278	0.390727439150181
-2.57522664974505	0.666917731403372
0.16619130625606	0.0315431724784316
-0.618535635333325	0.149538863092151
-1.1182849071041	0.337405124817419
0.165880035481028	0.0314978449610492
-1.7934287506278	0.390727439150181
0.165088029467664	0.0313824661178469
-0.32531700249348	0.0932194330065639
1.96372117107544	0.45473924627511
-1.79346061997896	0.390723019452767
0.182384642090162	0.0461735738884295
0.164778629348208	0.0313374327003096
0.963214248695465	0.255090594573707
-1.1182849071041	0.337405124817419
0.184291063239428	0.0465991085839434
-1.11760971687047	0.337077079720442
0.169248055862235	0.0319917175833404
0.687453672774919	0.21969379736456
-1.11896025029368	0.337616084496264
-1.11458449535005	0.336227635184335
0.165880035481028	0.0314978449610492
-1.7934287506278	0.390727439150181
0.164778629348208	0.0313374327003096
-0.321741768636823	0.0922885496388945
1.46707710595373	0.489320547895215
-1.7934287506278	0.390727439150181
-0.613012730411062	0.148202450577793
0.165088029467664	0.0313824661178469
-2.57036588579023	0.664816582891659
-0.322936466881447	0.0925708388690686
1.96276901321247	0.454520391574277
-0.612487701707529	0.148134994320372
-0.612487701707529	0.148134994320372
-3.45239496999294	1.22656388713544
0.165880035481028	0.0314978449610492
0.165088029467664	0.0313824661178469
0.958352222975233	0.253964848564806
0.165088029467664	0.0313824661178469
1.96684138854469	0.455504908505281
-0.325582325201124	0.0933470317045756
3.27152519356808	1.11907150574555
0.962553055030982	0.254827961566665
-1.79346061997896	0.390723019452767
-1.12328075924743	0.339047939506251
-1.7934287506278	0.390727439150181
0.164778629348208	0.0313374327003096
-1.7934287506278	0.390727439150181
-2.57067328278635	0.665094197548339
1.96372117107544	0.45473924627511
0.963743115659934	0.255236344279286
0.964404580081594	0.255330782344719
-0.326116124892219	0.0934876536925377
0.183063896529214	0.0463401006276899
-1.7934287506278	0.390727439150181
-1.79726582531089	0.729767900198108
0.963214248695465	0.255090594573707
-1.7934287506278	0.390727439150181
1.47525146835293	0.492648627415429
-0.32485451718176	0.0931499749349684
0.963743115659934	0.255236344279286
0.164778629348208	0.0313374327003096
0.18374299244507	0.0464795790495071
1.96372117107544	0.45473924627511
1.84184770666887	0.726890218717793
0.165088029467664	0.0313824661178469
1.05235833798367	0.401844810202421
3.27393157336313	1.11982869858365
-0.700673100063675	0.23947715305123
0.160144755571284	0.0306956063740573
0.169248055862235	0.0319917175833404
0.169566032486793	0.032038095111837
0.964934921520073	0.255476948633611
-2.57067328278635	0.665094197548339
-2.57067328278635	0.665094197548339
1.96684138854469	0.455504908505281
-1.50335347787301	0.534889336029958
0.165088029467664	0.0313824661178469
1.47155078449581	0.491168545293048
0.689821397698691	0.220399946218977
0.177897745896969	0.053489137684244
-1.11458449535005	0.336227635184335
0.690554433996612	0.2205748378538
0.161251150232847	0.0308565698216007
-2.57067328278635	0.665094197548339
-1.49753171438992	0.532305096548695
-3.44754089021611	1.22379406077669
0.181837521716867	0.0460537144756759
-1.79346061997896	0.390723019452767
-0.611962616144159	0.147977912487881
0.161251150232847	0.0308565698216007
-0.612487701707529	0.148134994320372
2.76219840038386	0.780594539857824
1.96372117107544	0.45473924627511
-1.79346061997896	0.390723019452767
3.27510914666181	1.12076297640292
1.47525146835293	0.492648627415429
-1.7934287506278	0.390727439150181
0.962553055030982	0.254827961566665
-1.79346061997896	0.390723019452767
2.76219840038386	0.780594539857824
0.177362298643623	0.0450515694227369
1.47032706033056	0.490703617760438
-0.613158918177153	0.148231887572971
0.165088029467664	0.0313824661178469
-0.613682540053849	0.148388769407339
-0.612487701707529	0.148134994320372
1.06873244405831	0.409017014923299
-2.57554526884402	0.666976966437407
0.18374299244507	0.0464795790495071
0.550585584584045	0.199969616725774
-0.130373788703804	0.0463194287168068
2.76219840038386	0.780594539857824
0.179369859705814	0.0539368960907662
0.181743714491496	0.0460173511561772
2.76109157462938	0.779871501961836
0.169566032486793	0.032038095111837
2.76109157462938	0.779871501961836
-1.49705816852235	0.532032217355669
1.83673871021591	0.7243263845867
0.68278086909504	0.218093717626154
-2.04716996398721	0.931539307482038
-1.5026235657887	0.534584753118728
0.687453672774919	0.21969379736456
0.549516086641495	0.199542874934359
-1.79346061997896	0.390723019452767
0.963743115659934	0.255236344279286
1.47277528463141	0.49146011988965
0.180845714650258	0.0543398759613664
-0.207232075857028	0.0666568135316666
0.687453672774919	0.21969379736456
1.84022304372881	0.72612017307568
1.46964366147565	0.490422889690681
-1.1152634133402	0.336439469187697
-0.613682540053849	0.148388769407339
0.180107983152346	0.0541465694868784
0.16619130625606	0.0315431724784316
0.181837521716867	0.0460537144756759
0.692028142380155	0.221092112401465
0.165088029467664	0.0313824661178469
2.76219840038386	0.780594539857824
0.161251150232847	0.0308565698216007
0.963214248695465	0.255090594573707
0.963214248695465	0.255090594573707
-2.57554526884402	0.666976966437407
0.963743115659934	0.255236344279286
0.16619130625606	0.0315431724784316
1.96684138854469	0.455504908505281
-1.50069847674699	0.53359178068112
-0.325582325201124	0.0933470317045756
-0.197316433582098	0.063550392412948
0.184291063239428	0.0465991085839434
-3.07402416243152	0.948685276185543
0.690559056864311	0.220592978829305
-0.612487701707529	0.148134994320372
0.164778629348208	0.0313374327003096
3.27272750868887	1.11966450015405
-1.1182849071041	0.337405124817419
-0.612487701707529	0.148134994320372
-1.12019427196772	0.338020301365193
0.964934921520073	0.255476948633611
-1.12328075924743	0.339047939506251
-1.49561006114969	0.531433597211914
0.180484451327502	0.0542489043189748
-0.195186900570072	0.0628739701093823
0.177516165041885	0.0533832927158356
3.27152519356808	1.11907150574555
-1.00269516620368	0.396499158743995
0.962025660417238	0.254682745005495
0.685539141555545	0.218907224669263
0.186069807523728	0.046984734903896
1.46341520408474	0.487915667204292
-2.57067328278635	0.665094197548339
3.27272750868887	1.11966450015405
1.96276901321247	0.454520391574277
0.165088029467664	0.0313824661178469
-3.75192082283692	1.48279230677585
0.688185381402826	0.219868290083128
-3.07350260546998	0.94852963330217
-0.612487701707529	0.148134994320372
0.688185381402826	0.219868290083128
1.47525146835293	0.492648627415429
0.687904703717867	0.219759625438134
-0.498862700186624	0.187901792146115
0.688185381402826	0.219868290083128
1.84451762847753	0.728350716630867
-3.44686848748983	1.22339694388155
0.16619130625606	0.0315431724784316
1.47032706033056	0.490703617760438
-1.0048610187024	0.397512616365048
-0.326771057218117	0.0936418390224184
0.18374299244507	0.0464795790495071
0.176139035531232	0.0447669868764769
0.164778629348208	0.0313374327003096
0.962025660417238	0.254682745005495
0.17899314570337	0.0538175920888867
1.05693634570001	0.403813519694082
1.96372117107544	0.45473924627511
-0.705992581755958	0.241431400625516
-0.702529153090903	0.24025873050893
-0.324126952894347	0.0929244396746841
-2.57522664974505	0.666917731403372
0.181959964224185	0.0546519449572612
-2.57067328278635	0.665094197548339
0.164778629348208	0.0313374327003096
1.47155078449581	0.491168545293048
-1.79785205353169	0.391773074809323
0.692481142426252	0.221366284684109
0.165880035481028	0.0314978449610492
-1.47088609464501	0.741809353787203
2.13662167910708	0.965753673826741
0.165088029467664	0.0313824661178469
-1.79346061997896	0.390723019452767
-1.7934287506278	0.390727439150181
0.16619130625606	0.0315431724784316
1.05878746464103	0.40482083139178
-1.49320671887845	0.530373211909872
-3.07875719123617	0.951227905765892
0.183063896529214	0.0463401006276899
-3.74696276382151	1.47929664249189
1.05767805940452	0.40430204105456
-0.613158918177153	0.148231887572971
-2.57554526884402	0.666976966437407
3.27272750868887	1.11966450015405
0.545282959725496	0.197930364047729
0.16619130625606	0.0315431724784316
-3.07822553691956	0.950796797182827
-1.11760971687047	0.337077079720442
-0.701794429638729	0.239974906557054
0.160144755571284	0.0306956063740573
1.35029297080259	0.597376447511037
2.58364360927846	1.45083221061227
1.84066711299049	0.726365639107333
0.165088029467664	0.0313824661178469
-0.702529153090903	0.24025873050893
-0.611962616144159	0.147977912487881
-0.611962616144159	0.147977912487881
3.64371154631014	1.44368517222673
-3.07350260546998	0.94852963330217
-0.611962616144159	0.147977912487881
0.182384642090162	0.0461735738884295
0.964404580081594	0.255330782344719
2.76109157462938	0.779871501961836
0.688185381402826	0.219868290083128
0.18374299244507	0.0464795790495071
-1.79346061997896	0.390723019452767
0.181222403711057	0.0544586569816679
2.76330811440907	0.780761067286217
0.844441707134117	0.359109180860946
0.181837521716867	0.0460537144756759
0.177362298643623	0.0450515694227369
-0.613158918177153	0.148231887572971
0.182515705814395	0.0461929473161663
0.683961295954432	0.21841001184846
-3.74624107806015	1.47909592511107
0.686721713829268	0.219371725498129
0.169566032486793	0.032038095111837
1.84022304372881	0.72612017307568
3.64371154631014	1.44368517222673
1.35960435833631	0.602767583717152
0.543153338421797	0.197033542378853
-3.44821343973509	1.22397568320365
0.183063896529214	0.0463401006276899
0.175894574529828	0.052931112244421
1.47086646676889	0.49088731436037
0.964934921520073	0.255476948633611
-0.197681301235905	0.0636672013988199
-1.79346061997896	0.390723019452767
1.96276901321247	0.454520391574277
-0.611962616144159	0.147977912487881
0.184291063239428	0.0465991085839434
-2.27292687697178	1.14865196782849
0.170242568180577	0.0658775636535922
-1.11951983581622	0.337809535545767
-0.32485451718176	0.0931499749349684
1.10302407047968	0.540809735262313
0.176552672502959	0.0605054209747227
0.184697427143245	0.0554084744862393
0.177795424572055	0.0609118795792828
0.847728504925438	0.36079146501607
1.09286125469016	0.53488830944908
-3.44686848748983	1.22339694388155
0.181837521716867	0.0460537144756759
0.687001483078787	0.219402881860221
1.06063740894654	0.405466440477548
0.552010634561459	0.20046264360567
0.963214248695465	0.255090594573707
0.180484451327502	0.0542489043189748
3.27272750868887	1.11966450015405
-0.60895933746012	0.147406558741333
-0.701794429638729	0.239974906557054
-1.1152634133402	0.336439469187697
-1.7934287506278	0.390727439150181
0.966736740010186	0.256029100393941
0.687453672774919	0.21969379736456
-1.79346061997896	0.390723019452767
-1.79346061997896	0.390723019452767
3.27752825134246	1.12202020233476
0.179369859705814	0.0539368960907662
2.76330811440907	0.780761067286217
0.184291063239428	0.0465991085839434
-0.331884233338781	0.0950660268702792
-0.611962616144159	0.147977912487881
-0.322936466881447	0.0925708388690686
-1.7934287506278	0.390727439150181
1.96276901321247	0.454520391574277
-3.07454565876188	0.948489134275984
0.962553055030982	0.254827961566665
1.36137812602329	0.603548948242001
1.06153095853073	0.405927487776779
2.76219840038386	0.780594539857824
0.687001483078787	0.219402881860221
0.176139035531232	0.0447669868764769
-0.207939580435493	0.0668891971625401
0.686721713829268	0.219371725498129
-1.79580215183768	0.728927756357995
0.181837521716867	0.0460537144756759
0.683520003518989	0.218340470189805
0.962553055030982	0.254827961566665
2.76559849788836	0.78194178274137
3.64618465324491	1.4458034047001
2.76219840038386	0.780594539857824
0.169566032486793	0.032038095111837
-1.25320475905138	0.56253612866595
0.177362298643623	0.0450515694227369
-0.702916162136118	0.240304795913802
1.09408007726975	0.535457365069787
0.184291063239428	0.0465991085839434
0.169248055862235	0.0319917175833404
-2.05243015094334	0.935186138063697
0.845815805906363	0.35975917327147
-0.324126952894347	0.0929244396746841
1.59462863307605	0.801559751291256
-1.79913083573714	0.730688065905454
0.179731047800424	0.0540108619593111
1.06412114847268	0.406917855330659
-0.187993834410194	0.0606579586115245
2.76109157462938	0.779871501961836
-0.700673100063675	0.23947715305123
0.693216225774344	0.221541872050593
-0.118226339598863	0.0421510838894909
0.963743115659934	0.255236344279286
1.3495769767586	0.597194616535652
1.35423242875669	0.599512730561188
1.84644215856505	0.729350990286639
-0.614206104379299	0.148455859250315
-0.122215445713398	0.0435046320299458
0.553078229148553	0.200859942283057
0.182384642090162	0.0461735738884295
-2.57036588579023	0.664816582891659
1.06100497274362	0.405629306325193
0.164778629348208	0.0313374327003096
1.47525146835293	0.492648627415429
1.05656822569342	0.40367225045814
1.96372117107544	0.45473924627511
-0.613012730411062	0.148202450577793
-0.617339897765464	0.149284387408846
0.165088029467664	0.0313824661178469
-0.709698759851068	0.242860149943732
2.76330811440907	0.780761067286217
0.16619130625606	0.0315431724784316
2.76219840038386	0.780594539857824
0.962553055030982	0.254827961566665
-1.7934287506278	0.390727439150181
0.183063896529214	0.0463401006276899
-1.7934287506278	0.390727439150181
0.551298334729919	0.200249958464128
0.957162742729009	0.253557522610441
0.183063896529214	0.0463401006276899
0.18374299244507	0.0464795790495071
-0.497540036768389	0.187445875024767
0.182515705814395	0.0461929473161663
0.181222403711057	0.0544586569816679
1.34322253527857	0.593318244658196
-1.12019427196772	0.338020301365193
-2.57067328278635	0.665094197548339
0.183063896529214	0.0463401006276899
1.47032706033056	0.490703617760438
0.177362298643623	0.0450515694227369
1.96684138854469	0.455504908505281
0.845460532244873	0.359623499672993
0.178820853869998	0.0612698080138397
1.05878746464103	0.40482083139178
0.962553055030982	0.254827961566665
-1.50215938518201	0.53435945377886
1.96684138854469	0.455504908505281
-0.492262615205714	0.185286462572277
-0.326771057218117	0.0936418390224184
-0.326771057218117	0.0936418390224184
0.967271104517323	0.256176548116206
2.13386142848874	0.963951590957412
-0.577288538038779	0.273429452250858
-0.331432979676728	0.0949515324990773
-0.19626072319558	0.0632056639998214
1.05011658669453	0.400597700361094
0.693668977910988	0.221707820486434
-0.611962616144159	0.147977912487881
0.167162927808571	0.0647074729110319
0.181837521716867	0.0460537144756759
-1.12396372987595	0.33934973605565
0.186069807523728	0.046984734903896
0.181159179759352	0.0458876218072277
3.64871284900552	1.44691597652701
4.19106526605984	2.03635503747386
0.687453672774919	0.21969379736456
3.27032462336087	1.11801013776878
1.05804592236107	0.404331959594976
0.164778629348208	0.0313374327003096
0.963214248695465	0.255090594573707
1.96372117107544	0.45473924627511
1.96372117107544	0.45473924627511
-1.7934287506278	0.390727439150181
1.96276901321247	0.454520391574277
0.553818419026129	0.201156081038653
0.852708790488268	0.36320684772449
-1.11951983581622	0.337809535545767
-1.79726582531089	0.729767900198108
-0.321741768636823	0.0922885496388945
0.186752657299631	0.0471525522204707
-2.57554526884402	0.666976966437407
-1.12899732880063	0.340924693999455
2.76219840038386	0.780594539857824
1.06338277916722	0.406730999521995
-0.325582325201124	0.0933470317045756
-2.57067328278635	0.665094197548339
0.165880035481028	0.0314978449610492
0.471979337595012	0.19162106268114
0.174866744414616	0.0599504088128746
0.186191748429242	0.055843722836046
0.689821397698691	0.220399946218977
0.16619130625606	0.0315431724784316
0.186191748429242	0.055843722836046
1.06264198810457	0.406540438452512
-1.7934287506278	0.390727439150181
-1.11760971687047	0.337077079720442
0.165088029467664	0.0313824661178469
0.164778629348208	0.0313374327003096
0.682339311812087	0.217953944354753
1.96276901321247	0.454520391574277
1.96276901321247	0.454520391574277
2.76219840038386	0.780594539857824
3.27272750868887	1.11966450015405
0.165880035481028	0.0314978449610492
1.06063740894654	0.405466440477548
1.96684138854469	0.455504908505281
2.76671632811135	0.782410087450427
0.165088029467664	0.0313824661178469
1.96372117107544	0.45473924627511
-2.57036588579023	0.664816582891659
-1.7934287506278	0.390727439150181
0.164778629348208	0.0313374327003096
0.160144755571284	0.0306956063740573
-1.7934287506278	0.390727439150181
0.160144755571284	0.0306956063740573
1.96276901321247	0.454520391574277
-1.7934287506278	0.390727439150181
-0.613012730411062	0.148202450577793
0.165880035481028	0.0314978449610492
0.165880035481028	0.0314978449610492
-0.613158918177153	0.148231887572971
0.18374299244507	0.0464795790495071
1.96372117107544	0.45473924627511
-1.79346061997896	0.390723019452767
1.96372117107544	0.45473924627511
-2.57554526884402	0.666976966437407
-3.0729809879685	0.948009080411761
0.164778629348208	0.0313374327003096
2.76109157462938	0.779871501961836
-1.7934287506278	0.390727439150181
-2.57067328278635	0.665094197548339
-1.79346061997896	0.390723019452767
-2.57067328278635	0.665094197548339
-2.57098043849301	0.664920470822356
0.16619130625606	0.0315431724784316
-3.45375537289784	1.2267719146559
-1.7934287506278	0.390727439150181
1.96372117107544	0.45473924627511
1.96372117107544	0.45473924627511
1.96372117107544	0.45473924627511
0.963743115659934	0.255236344279286
2.76109157462938	0.779871501961836
1.96276901321247	0.454520391574277
-1.79346061997896	0.390723019452767
0.165088029467664	0.0313824661178469
-1.7934287506278	0.390727439150181
-1.7934287506278	0.390727439150181
-1.7934287506278	0.390727439150181
2.76109157462938	0.779871501961836
-1.7934287506278	0.390727439150181
1.96276901321247	0.454520391574277
-1.79346061997896	0.390723019452767
0.16619130625606	0.0315431724784316
1.96276901321247	0.454520391574277
2.76219840038386	0.780594539857824
-1.7934287506278	0.390727439150181
1.96372117107544	0.45473924627511
1.96276901321247	0.454520391574277
1.96276901321247	0.454520391574277
-1.79346061997896	0.390723019452767
1.96276901321247	0.454520391574277
0.179369859705814	0.0539368960907662
0.165088029467664	0.0313824661178469
2.76109157462938	0.779871501961836
0.962553055030982	0.254827961566665
1.84258516456861	0.727293955790375
0.164778629348208	0.0313374327003096
0.958352222975233	0.253964848564806
0.165880035481028	0.0314978449610492
0.963214248695465	0.255090594573707
0.966736740010186	0.256029100393941
-2.57522664974505	0.666917731403372
-0.613012730411062	0.148202450577793
-0.612487701707529	0.148134994320372
0.178049240810411	0.0452053813438565
-0.330698472981565	0.0947716626031445
0.164778629348208	0.0313374327003096
0.165088029467664	0.0313824661178469
0.164778629348208	0.0313374327003096
-1.79346061997896	0.390723019452767
1.05804592236107	0.404331959594976
3.27272750868887	1.11966450015405
-2.57067328278635	0.665094197548339
2.76219840038386	0.780594539857824
-2.57036588579023	0.664816582891659
1.47155078449581	0.491168545293048
0.164778629348208	0.0313374327003096
2.76219840038386	0.780594539857824
0.165088029467664	0.0313824661178469
-1.79346061997896	0.390723019452767
1.96276901321247	0.454520391574277
2.13460629217846	0.96446244584926
0.182515705814395	0.0461929473161663
0.963743115659934	0.255236344279286
1.46910411205871	0.490049168285487
1.96372117107544	0.45473924627511
1.96372117107544	0.45473924627511
1.96276901321247	0.454520391574277
2.77014537202506	0.783552977740789
0.164778629348208	0.0313374327003096
-0.705992581755958	0.241431400625516
-0.32485451718176	0.0931499749349684
1.47277528463141	0.49146011988965
0.682339311812087	0.217953944354753
3.27152519356808	1.11907150574555
0.962553055030982	0.254827961566665
0.840510143880536	0.357192711931371
1.96684138854469	0.455504908505281
0.183063896529214	0.0463401006276899
0.964934921520073	0.255476948633611
0.16619130625606	0.0315431724784316
2.76219840038386	0.780594539857824
1.47277528463141	0.49146011988965
-0.325121870470423	0.0931632456849071
-2.57522664974505	0.666917731403372
-3.45307509546519	1.22686211973226
-3.07402416243152	0.948685276185543
0.183610895194862	0.0464322674344966
3.27152519356808	1.11907150574555
1.96372117107544	0.45473924627511
-1.12519556185123	0.339754109482426
0.555239766445707	0.201780832151434
-1.12019427196772	0.338020301365193
1.47209004689925	0.491178510113126
1.96372117107544	0.45473924627511
2.76330811440907	0.780761067286217
3.27152519356808	1.11907150574555
0.184291063239428	0.0465991085839434
0.691745806165962	0.221041871886146
1.96372117107544	0.45473924627511
-0.612487701707529	0.148134994320372
-0.322472516615752	0.0924590549090847
0.963078860472085	0.255236868510046
0.164778629348208	0.0313374327003096
1.46910411205871	0.490049168285487
0.191700904879431	0.0482388847519191
0.687904703717867	0.219759625438134
0.186752657299631	0.0471525522204707
0.688185381402826	0.219868290083128
1.96276901321247	0.454520391574277
1.05656822569342	0.40367225045814
0.957162742729009	0.253557522610441
0.165880035481028	0.0314978449610492
0.188667958543402	0.04756856032199
0.165088029467664	0.0313824661178469
-0.608428787479893	0.147248610626808
-0.60895933746012	0.147406558741333
1.96372117107544	0.45473924627511
0.963214248695465	0.255090594573707
-0.60895933746012	0.147406558741333
1.05346208699469	0.402359762312703
0.165088029467664	0.0313824661178469
0.183063896529214	0.0463401006276899
3.27032462336087	1.11801013776878
-2.57067328278635	0.665094197548339
-1.11896025029368	0.337616084496264
-0.611962616144159	0.147977912487881
-0.707465428768275	0.242033353320822
1.84333369293536	0.727520140615955
-0.332618072686463	0.0952457032075058
0.164778629348208	0.0313374327003096
0.963743115659934	0.255236344279286
0.68908810997088	0.220077042266344
0.966736740010186	0.256029100393941
0.687453672774919	0.21969379736456
-0.336585149330964	0.0963705778245514
0.161251150232847	0.0308565698216007
1.96276901321247	0.454520391574277
0.962553055030982	0.254827961566665
0.164778629348208	0.0313374327003096
0.968469219672053	0.25651021792255
0.165880035481028	0.0314978449610492
0.165880035481028	0.0314978449610492
3.27631781619437	1.12171855032085
1.96372117107544	0.45473924627511
1.96276901321247	0.454520391574277
0.181053134529505	0.0458624936397602
-1.79346061997896	0.390723019452767
0.164778629348208	0.0313374327003096
-1.79346061997896	0.390723019452767
0.16619130625606	0.0315431724784316
-1.79346061997896	0.390723019452767
-1.7934287506278	0.390727439150181
-2.57067328278635	0.665094197548339
1.96276901321247	0.454520391574277
0.164778629348208	0.0313374327003096
0.963214248695465	0.255090594573707
-2.57098043849301	0.664920470822356
-1.79346061997896	0.390723019452767
0.184291063239428	0.0465991085839434
0.165088029467664	0.0313824661178469
0.685539141555545	0.218907224669263
-1.7934287506278	0.390727439150181
3.27393157336313	1.11982869858365
0.165088029467664	0.0313824661178469
0.966736740010186	0.256029100393941
0.165880035481028	0.0314978449610492
1.96276901321247	0.454520391574277
-0.994065704759852	0.392394584174565
3.27993169130503	1.12298306623949
1.96372117107544	0.45473924627511
-1.79346061997896	0.390723019452767
0.964404580081594	0.255330782344719
0.18374299244507	0.0464795790495071
-3.07822553691956	0.950796797182827
-1.79346061997896	0.390723019452767
0.181959964224185	0.0546519449572612
1.96372117107544	0.45473924627511
0.181837521716867	0.0460537144756759
1.96276901321247	0.454520391574277
0.687904703717867	0.219759625438134
1.85151100608139	0.731488521526503
2.76330811440907	0.780761067286217
-0.619069360213747	0.149654914653121
2.76109157462938	0.779871501961836
2.76559849788836	0.78194178274137
-2.57098043849301	0.664920470822356
1.96276901321247	0.454520391574277
1.96276901321247	0.454520391574277
-3.07402416243152	0.948685276185543
0.165880035481028	0.0314978449610492
1.96276901321247	0.454520391574277
0.16619130625606	0.0315431724784316
0.963743115659934	0.255236344279286
0.164778629348208	0.0313374327003096
2.76219840038386	0.780594539857824
1.96372117107544	0.45473924627511
-1.79346061997896	0.390723019452767
-0.326043908260378	0.0934449166225896
-2.57036588579023	0.664816582891659
1.96276901321247	0.454520391574277
-1.79346061997896	0.390723019452767
-1.79346061997896	0.390723019452767
0.165880035481028	0.0314978449610492
1.96372117107544	0.45473924627511
1.96276901321247	0.454520391574277
1.96372117107544	0.45473924627511
2.76219840038386	0.780594539857824
-2.57067328278635	0.665094197548339
-2.57067328278635	0.665094197548339
1.84066711299049	0.726365639107333
1.34886052544281	0.596542879120315
3.94131434673369	1.74409517718346
1.35135662214001	0.598044460885579
-0.196970790009868	0.0634432336968819
0.165088029467664	0.0313824661178469
1.05618668470094	0.403251170105459
0.962025660417238	0.254682745005495
0.700690671919374	0.223765026025439
1.08788836479962	0.53156608167024
0.181159179759352	0.0458876218072277
-1.7934287506278	0.390727439150181
1.96276901321247	0.454520391574277
0.176139035531232	0.0447669868764769
1.96372117107544	0.45473924627511
-1.1182849071041	0.337405124817419
0.165088029467664	0.0313824661178469
-0.614345716129905	0.14867066764313
-2.58013588785136	0.668674470410509
0.160144755571284	0.0306956063740573
0.689369698791533	0.22025689756634
-0.329964215322259	0.0945505800706473
0.689821397698691	0.220399946218977
-0.201906699363454	0.0650030146049408
0.963743115659934	0.255236344279286
1.46585570298693	0.489030037475911
-2.57522664974505	0.666917731403372
-0.613682540053849	0.148388769407339
-0.612487701707529	0.148134994320372
0.169570842988667	0.0581880998558025
1.47402323433779	0.492035659807906
1.59756362339209	0.803815611179192
1.09385447088543	0.535476309306029
1.34857054726463	0.5966400161495
-0.613682540053849	0.148388769407339
1.84407253912976	0.727924750702318
0.844796816473284	0.359284495888571
-0.329964215322259	0.0945505800706473
-0.702916162136118	0.240304795913802
1.47086646676889	0.49088731436037
0.551298334729919	0.200249958464128
1.58730623178499	0.796487225327764
0.846478708147722	0.360097911246668
0.181959964224185	0.0546519449572612
0.427370746255475	0.195034845485121
0.170590929435123	0.0585228740679515
-1.79839826083819	0.730397358466732
0.619505703769942	0.325744621938618
-0.321011266565823	0.0920911495247304
0.560263982972252	0.203664261240574
-0.712816544653786	0.243988353383883
-0.331884233338781	0.0950660268702792
0.963214248695465	0.255090594573707
0.179274213223518	0.0454636418217038
1.96276901321247	0.454520391574277
-0.611962616144159	0.147977912487881
1.96372117107544	0.45473924627511
0.687904703717867	0.219759625438134
0.165880035481028	0.0314978449610492
0.688185381402826	0.219868290083128
1.05878746464103	0.40482083139178
0.690554433996612	0.2205748378538
1.47155078449581	0.491168545293048
1.59822664938579	0.803955017549079
-1.11884555197394	0.337481516657706
-0.996624198549184	0.393593502396515
0.972026783845071	0.25740024127234
-0.371336427701869	0.153389557765106
0.687453672774919	0.21969379736456
-2.57036588579023	0.664816582891659
0.183063896529214	0.0463401006276899
0.84874813165367	0.361333340145203
0.963214248695465	0.255090594573707
1.83948692258838	0.725717515665962
2.76330811440907	0.780761067286217
0.963743115659934	0.255236344279286
0.165088029467664	0.0313824661178469
0.164778629348208	0.0313374327003096
-2.57067328278635	0.665094197548339
0.165880035481028	0.0314978449610492
0.963743115659934	0.255236344279286
0.18374299244507	0.0464795790495071
0.16619130625606	0.0315431724784316
1.47277528463141	0.49146011988965
1.47277528463141	0.49146011988965
1.09068266896519	0.53365980825127
1.35064130120685	0.597863106700744
0.549872383663091	0.199625186867885
0.172815300536377	0.059246231431734
0.16619130625606	0.0315431724784316
0.164778629348208	0.0313374327003096
0.964404580081594	0.255330782344719
0.550229507129372	0.199823293779666
1.05952860814689	0.405011691745652
1.47086646676889	0.49088731436037
0.16619130625606	0.0315431724784316
1.05841937425473	0.404493015312573
0.183063896529214	0.0463401006276899
0.176711268978432	0.0683795412521634
0.180107983152346	0.0541465694868784
-0.699938932255418	0.239135424844937
1.10203390762596	0.540159204180648
0.180484451327502	0.0542489043189748
0.176638269372533	0.0683893603727975
-0.49650800501461	0.187033371669453
-1.79785205353169	0.391773074809323
-3.458653795075	1.22921792319031
-0.324126952894347	0.0929244396746841
0.182384642090162	0.0461735738884295
-3.07454565876188	0.948489134275984
1.96684138854469	0.455504908505281
0.16619130625606	0.0315431724784316
1.05271914025947	0.402027196178193
0.962025660417238	0.254682745005495
1.4646350690462	0.48856709745013
-0.372032741772184	0.153643492777076
0.687453672774919	0.21969379736456
-0.131151535363617	0.0466226303180062
2.76559849788836	0.78194178274137
2.37366431975369	1.20196540132253
2.76219840038386	0.780594539857824
-0.701794429638729	0.239974906557054
-0.703264262088321	0.240508331840629
2.13164652612125	0.962465868289965
0.178254851579563	0.0536080680261321
-3.44754089021611	1.22379406077669
-1.49561006114969	0.531433597211914
-1.49488636347355	0.53094883647402
-1.7934287506278	0.390727439150181
0.164625296117395	0.0313507498370328
0.16619130625606	0.0315431724784316
0.186752657299631	0.0471525522204707
0.687453672774919	0.21969379736456
0.558085703366845	0.202768705752388
0.549160121479864	0.19934633555332
-0.321741768636823	0.0922885496388945
0.963743115659934	0.255236344279286
1.46964366147565	0.490422889690681
0.849051344453761	0.361335510776158
1.84451762847753	0.728350716630867
0.962553055030982	0.254827961566665
0.848390137942497	0.36112999220408
3.65119667594504	1.44884031306495
0.422065416550426	0.192409433509599
1.05767805940452	0.40430204105456
-1.12464685880463	0.339484249108323
-0.128368779999186	0.045648725082483
1.06375255943934	0.407031400293661
0.552366600094505	0.200647521424049
0.174415063218798	0.0525132560977555
-0.326771057218117	0.0936418390224184
-0.617875104469477	0.149400727468359
-0.197316433582098	0.063550392412948
-1.12519556185123	0.339754109482426
1.47402323433779	0.492035659807906
0.964404580081594	0.255330782344719
1.96276901321247	0.454520391574277
1.96372117107544	0.45473924627511
-1.12019427196772	0.338020301365193
1.05767805940452	0.40430204105456
1.47086646676889	0.49088731436037
-0.613158918177153	0.148231887572971
0.165088029467664	0.0313824661178469
0.963743115659934	0.255236344279286
-3.07350260546998	0.94852963330217
-1.7934287506278	0.390727439150181
-1.79726582531089	0.729767900198108
-1.79346061997896	0.390723019452767
1.84184770666887	0.726890218717793
-3.44686848748983	1.22339694388155
-0.612487701707529	0.148134994320372
0.687001483078787	0.219402881860221
0.68908810997088	0.220077042266344
1.47828388369667	0.493541574530428
-0.0391319527120753	0.0168004300816629
0.849051344453761	0.361335510776158
-3.99207475411529	1.72599723147682
-1.11896025029368	0.337616084496264
-1.02148130478636	0.405236174321409
0.161251150232847	0.0308565698216007
-0.613682540053849	0.148388769407339
-1.7934287506278	0.390727439150181
0.182384642090162	0.0461735738884295
1.96276901321247	0.454520391574277
1.96276901321247	0.454520391574277
0.181159179759352	0.0458876218072277
0.178049240810411	0.0452053813438565
0.181837521716867	0.0460537144756759
-0.198325482094093	0.0638690390997088
0.164778629348208	0.0313374327003096
0.688637326691298	0.220082192676685
1.84140390214436	0.726768879551614
-1.1182849071041	0.337405124817419
-3.74551962293396	1.47870416259712
1.35387025916238	0.599473598026445
0.181837521716867	0.0460537144756759
0.169566032486793	0.032038095111837
0.839495833782448	0.356721288421175
0.689369698791533	0.22025689756634
-3.44888613612191	1.22380916720858
-0.60895933746012	0.147406558741333
1.47333622017027	0.491753136545405
-3.44686848748983	1.22339694388155
-0.703999757003376	0.240702491325751
-3.0729809879685	0.948009080411761
0.174415063218798	0.0525132560977555
1.96276901321247	0.454520391574277
-1.11951983581622	0.337809535545767
0.686270437198953	0.219228628867356
-1.11458449535005	0.336227635184335
3.64742237939513	1.44635997008149
0.183063896529214	0.0463401006276899
2.76559849788836	0.78194178274137
-1.7934287506278	0.390727439150181
0.963743115659934	0.255236344279286
-1.7934287506278	0.390727439150181
-1.1182849071041	0.337405124817419
-1.7934287506278	0.390727439150181
-2.57067328278635	0.665094197548339
2.76671632811135	0.782410087450427
-1.00344380433825	0.396818957300656
2.12855234273416	0.960598949117747
-2.57098043849301	0.664920470822356
0.169566032486793	0.032038095111837
1.47032706033056	0.490703617760438
0.17881072147523	0.0691883638328724
1.96372117107544	0.45473924627511
-1.7934287506278	0.390727439150181
0.186191748429242	0.055843722836046
0.169566032486793	0.032038095111837
0.183610895194862	0.0464322674344966
-1.7934287506278	0.390727439150181
0.169248055862235	0.0319917175833404
0.174785547530182	0.0526214906817273
0.164778629348208	0.0313374327003096
0.688637326691298	0.220082192676685
-0.617875104469477	0.149400727468359
0.967933372585482	0.256362285789635
-1.12464685880463	0.339484249108323
0.687453672774919	0.21969379736456
0.693216225774344	0.221541872050593
1.06190079859119	0.406050412279014
0.178049240810411	0.0452053813438565
-0.210071767677059	0.0675314693327457
1.46842163094462	0.489769078028611
0.686721713829268	0.219371725498129
3.64618465324491	1.4458034047001
1.47525146835293	0.492648627415429
2.76559849788836	0.78194178274137
-0.698670682702589	0.238794577468402
0.548869575377077	0.199219016338119
2.76559849788836	0.78194178274137
3.27152519356808	1.11907150574555
3.27752825134246	1.12202020233476
-2.57067328278635	0.665094197548339
4.39830920960792	2.32292608391226
0.180855826143695	0.0543097849929288
3.648660887427	1.44649464979281
-2.25607234103169	1.13554410412037
-0.612487701707529	0.148134994320372
1.05878746464103	0.40482083139178
-0.612487701707529	0.148134994320372
-1.7934287506278	0.390727439150181
1.84570196896662	0.728945119955139
1.47032706033056	0.490703617760438
-0.32485451718176	0.0931499749349684
-0.32485451718176	0.0931499749349684
1.83556105705841	0.723803926717143
0.183063896529214	0.0463401006276899
-0.613012730411062	0.148202450577793
-0.614206104379299	0.148455859250315
0.963743115659934	0.255236344279286
0.963214248695465	0.255090594573707
-1.79346061997896	0.390723019452767
0.959543454922691	0.254205280821647
0.169566032486793	0.032038095111837
3.27631781619437	1.12171855032085
0.164778629348208	0.0313374327003096
0.164778629348208	0.0313374327003096
1.96684138854469	0.455504908505281
0.164778629348208	0.0313374327003096
1.47525146835293	0.492648627415429
0.183610895194862	0.0464322674344966
0.169566032486793	0.032038095111837
0.165088029467664	0.0313824661178469
0.848414965901682	0.36114715155684
0.165088029467664	0.0313824661178469
0.165088029467664	0.0313824661178469
-3.44686848748983	1.22339694388155
0.963214248695465	0.255090594573707
0.165088029467664	0.0313824661178469
0.718435275402613	0.339720316166281
0.962553055030982	0.254827961566665
3.94404333145349	1.74617514669156
0.963078860472085	0.255236868510046
1.96372117107544	0.45473924627511
2.76671632811135	0.782410087450427
1.84066711299049	0.726365639107333
1.35777515997233	0.601744093773413
0.680421237638035	0.217245422782273
-1.00415219200353	0.397187604454455
-3.99353761363935	1.72730759231309
0.184291063239428	0.0465991085839434
0.165088029467664	0.0313824661178469
-1.79346061997896	0.390723019452767
0.962553055030982	0.254827961566665
-0.703264262088321	0.240508331840629
-0.617875104469477	0.149400727468359
-1.79785205353169	0.391773074809323
0.962025660417238	0.254682745005495
2.76559849788836	0.78194178274137
0.961881298984383	0.254903830883264
0.544218436165038	0.197506777270022
1.06100497274362	0.405629306325193
3.27152519356808	1.11907150574555
0.964934921520073	0.255476948633611
0.687453672774919	0.21969379736456
-1.12519556185123	0.339754109482426
2.76219840038386	0.780594539857824
0.164778629348208	0.0313374327003096
0.963214248695465	0.255090594573707
-0.614206104379299	0.148455859250315
0.165880035481028	0.0314978449610492
-0.613012730411062	0.148202450577793
0.692481142426252	0.221366284684109
0.16619130625606	0.0315431724784316
-0.32485451718176	0.0931499749349684
1.96684138854469	0.455504908505281
1.47402323433779	0.492035659807906
1.96276901321247	0.454520391574277
0.16619130625606	0.0315431724784316
-0.614345716129905	0.14867066764313
-0.608428787479893	0.147248610626808
-3.45239496999294	1.22656388713544
0.964404580081594	0.255330782344719
-1.50069847674699	0.53359178068112
0.169566032486793	0.032038095111837
0.685539141555545	0.218907224669263
0.164778629348208	0.0313374327003096
1.84184770666887	0.726890218717793
0.968469219672053	0.25651021792255
0.187984352048437	0.0474280610765032
-0.32485451718176	0.0931499749349684
-1.7934287506278	0.390727439150181
-0.702529153090903	0.24025873050893
1.46910411205871	0.490049168285487
0.852708790488268	0.36320684772449
0.165880035481028	0.0314978449610492
1.05492595223185	0.40282980300219
3.27152519356808	1.11907150574555
0.165088029467664	0.0313824661178469
0.16619130625606	0.0315431724784316
1.47579162106182	0.492713238749138
2.76109157462938	0.779871501961836
-1.7934287506278	0.390727439150181
0.164778629348208	0.0313374327003096
-0.320548811537412	0.09196618419473
1.96276901321247	0.454520391574277
-1.12519556185123	0.339754109482426
0.963214248695465	0.255090594573707
-1.7934287506278	0.390727439150181
-0.612487701707529	0.148134994320372
-0.195896300806791	0.0631110974355499
0.16619130625606	0.0315431724784316
0.161251150232847	0.0308565698216007
3.64742237939513	1.44635997008149
0.181837521716867	0.0460537144756759
2.76109157462938	0.779871501961836
0.967933372585482	0.256362285789635
1.96276901321247	0.454520391574277
0.165088029467664	0.0313824661178469
-1.7934287506278	0.390727439150181
0.164778629348208	0.0313374327003096
0.16619130625606	0.0315431724784316
-0.703999757003376	0.240702491325751
1.96372117107544	0.45473924627511
1.96372117107544	0.45473924627511
2.76671632811135	0.782410087450427
1.96684138854469	0.455504908505281
1.96372117107544	0.45473924627511
-2.57067328278635	0.665094197548339
1.96684138854469	0.455504908505281
0.963743115659934	0.255236344279286
3.27152519356808	1.11907150574555
0.968469219672053	0.25651021792255
0.963743115659934	0.255236344279286
0.967271104517323	0.256176548116206
0.16619130625606	0.0315431724784316
-1.30181428063126	0.805594908420106
0.169566032486793	0.032038095111837
-2.57036588579023	0.664816582891659
1.47155078449581	0.491168545293048
0.164778629348208	0.0313374327003096
0.687453672774919	0.21969379736456
0.967933372585482	0.256362285789635
1.06301156133644	0.406541088935866
3.27032462336087	1.11801013776878
-1.12019427196772	0.338020301365193
-0.613012730411062	0.148202450577793
1.84525714600486	0.728756039651982
0.693216225774344	0.221541872050593
-0.325582325201124	0.0933470317045756
-1.79653379913892	0.729391431830202
1.05989643717056	0.405275695027378
-0.698670682702589	0.238794577468402
0.548446031553528	0.199065921260852
1.47155078449581	0.491168545293048
-0.33115064247346	0.0948450204466267
0.16619130625606	0.0315431724784316
-1.7934287506278	0.390727439150181
1.4795165223175	0.49403710049889
0.175894574529828	0.052931112244421
0.687453672774919	0.21969379736456
0.693668977910988	0.221707820486434
0.962553055030982	0.254827961566665
-3.07402416243152	0.948685276185543
1.84570196896662	0.728945119955139
-0.198392257320092	0.0638832149326698
0.183610895194862	0.0464322674344966
0.687453672774919	0.21969379736456
-0.613682540053849	0.148388769407339
0.181837521716867	0.0460537144756759
1.96276901321247	0.454520391574277
0.967933372585482	0.256362285789635
2.76219840038386	0.780594539857824
-0.331551470888426	0.0949821219788605
0.165880035481028	0.0314978449610492
1.96372117107544	0.45473924627511
1.84447991901338	0.728069173154699
-1.7934287506278	0.390727439150181
0.964404580081594	0.255330782344719
1.96684138854469	0.455504908505281
-3.07350260546998	0.94852963330217
0.165088029467664	0.0313824661178469
0.165880035481028	0.0314978449610492
0.160144755571284	0.0306956063740573
0.165088029467664	0.0313824661178469
0.967271104517323	0.256176548116206
0.691745806165962	0.221041871886146
0.958352222975233	0.253964848564806
0.181159179759352	0.0458876218072277
-0.613158918177153	0.148231887572971
0.962025660417238	0.254682745005495
0.180484451327502	0.0542489043189748
0.16619130625606	0.0315431724784316
0.178586346650125	0.0453095875153282
-0.613682540053849	0.148388769407339
-1.79346061997896	0.390723019452767
1.06153095853073	0.405927487776779
0.181159179759352	0.0458876218072277
0.165880035481028	0.0314978449610492
3.64995436887393	1.44813448599007
0.685539141555545	0.218907224669263
3.27631781619437	1.12171855032085
0.967271104517323	0.256176548116206
-1.11896025029368	0.337616084496264
2.13275419746116	0.963270597877117
0.16619130625606	0.0315431724784316
-0.613682540053849	0.148388769407339
-0.331884233338781	0.0950660268702792
0.962025660417238	0.254682745005495
-1.50142880975048	0.534054734577795
1.47032706033056	0.490703617760438
1.96372117107544	0.45473924627511
1.96372117107544	0.45473924627511
0.181159179759352	0.0458876218072277
-0.331884233338781	0.0950660268702792
-1.1182849071041	0.337405124817419
0.187300583927818	0.0472598613580206
0.164778629348208	0.0313374327003096
-0.32685310795758	0.0937088146974829
-0.617339897765464	0.149284387408846
0.164778629348208	0.0313374327003096
0.685539141555545	0.218907224669263
0.164625296117395	0.0313507498370328
2.76219840038386	0.780594539857824
0.963743115659934	0.255236344279286
-1.7934287506278	0.390727439150181
0.177362298643623	0.0450515694227369
0.18374299244507	0.0464795790495071
2.76219840038386	0.780594539857824
-2.57036588579023	0.664816582891659
-1.79346061997896	0.390723019452767
-1.7934287506278	0.390727439150181
2.76109157462938	0.779871501961836
1.96276901321247	0.454520391574277
1.96372117107544	0.45473924627511
2.76109157462938	0.779871501961836
0.169566032486793	0.032038095111837
-1.79785205353169	0.391773074809323
0.169248055862235	0.0319917175833404
1.96684138854469	0.455504908505281
-1.79785205353169	0.391773074809323
1.96276901321247	0.454520391574277
-1.7934287506278	0.390727439150181
-0.612487701707529	0.148134994320372
1.05804592236107	0.404331959594976
2.76109157462938	0.779871501961836
-2.57067328278635	0.665094197548339
3.64995436887393	1.44813448599007
3.27272750868887	1.11966450015405
0.691745806165962	0.221041871886146
1.47402323433779	0.492035659807906
1.96372117107544	0.45473924627511
0.692481142426252	0.221366284684109
0.16619130625606	0.0315431724784316
3.27272750868887	1.11966450015405
3.94404333145349	1.74617514669156
-1.12519556185123	0.339754109482426
0.169248055862235	0.0319917175833404
0.165088029467664	0.0313824661178469
-1.49753171438992	0.532305096548695
1.46910411205871	0.490049168285487
1.96372117107544	0.45473924627511
1.96276901321247	0.454520391574277
0.165088029467664	0.0313824661178469
-0.329964215322259	0.0945505800706473
-3.07350260546998	0.94852963330217
1.47086646676889	0.49088731436037
-0.321011266565823	0.0920911495247304
1.46964366147565	0.490422889690681
0.689821397698691	0.220399946218977
0.963214248695465	0.255090594573707
-0.321741768636823	0.0922885496388945
0.688637326691298	0.220082192676685
0.963214248695465	0.255090594573707
0.963743115659934	0.255236344279286
0.964404580081594	0.255330782344719
-0.613682540053849	0.148388769407339
1.96276901321247	0.454520391574277
1.96276901321247	0.454520391574277
1.46585570298693	0.489030037475911
-1.7934287506278	0.390727439150181
-1.7934287506278	0.390727439150181
-0.611962616144159	0.147977912487881
0.963214248695465	0.255090594573707
1.96276901321247	0.454520391574277
0.16619130625606	0.0315431724784316
0.165088029467664	0.0313824661178469
1.96372117107544	0.45473924627511
0.16619130625606	0.0315431724784316
1.96276901321247	0.454520391574277
-1.79785205353169	0.391773074809323
-0.613682540053849	0.148388769407339
0.165880035481028	0.0314978449610492
1.96276901321247	0.454520391574277
-2.57067328278635	0.665094197548339
2.76219840038386	0.780594539857824
-1.79346061997896	0.390723019452767
0.957162742729009	0.253557522610441
3.27032462336087	1.11801013776878
-3.75192082283692	1.48279230677585
0.160144755571284	0.0306956063740573
-0.613158918177153	0.148231887572971
-2.57067328278635	0.665094197548339
-1.79346061997896	0.390723019452767
0.963214248695465	0.255090594573707
0.183063896529214	0.0463401006276899
0.182384642090162	0.0461735738884295
3.27272750868887	1.11966450015405
2.76671632811135	0.782410087450427
0.165088029467664	0.0313824661178469
-1.7934287506278	0.390727439150181
-0.703651055748467	0.240588737528622
1.96276901321247	0.454520391574277
0.685539141555545	0.218907224669263
0.176139035531232	0.0447669868764769
0.182515705814395	0.0461929473161663
1.05235833798367	0.401844810202421
0.966637590266194	0.256126252544328
0.184291063239428	0.0465991085839434
0.184338509014023	0.0553315106563962
-0.121606099675459	0.0432915369663538
-0.69681330218041	0.238104465757831
-3.75617280639968	1.48517393103445
0.962553055030982	0.254827961566665
1.47525146835293	0.492648627415429
0.183063896529214	0.0463401006276899
-2.57522664974505	0.666917731403372
-3.44686848748983	1.22339694388155
-0.703999757003376	0.240702491325751
1.96684138854469	0.455504908505281
3.27272750868887	1.11966450015405
1.96276901321247	0.454520391574277
0.164778629348208	0.0313374327003096
3.27152519356808	1.11907150574555
0.688185381402826	0.219868290083128
-2.57067328278635	0.665094197548339
-2.57098043849301	0.664920470822356
1.05915506670076	0.404786600540214
2.76219840038386	0.780594539857824
1.96372117107544	0.45473924627511
-2.57522664974505	0.666917731403372
-1.79346061997896	0.390723019452767
-0.613682540053849	0.148388769407339
-0.612487701707529	0.148134994320372
-1.50335347787301	0.534889336029958
0.957162742729009	0.253557522610441
-1.12019427196772	0.338020301365193
1.96276901321247	0.454520391574277
0.165880035481028	0.0314978449610492
3.27393157336313	1.11982869858365
0.165088029467664	0.0313824661178469
0.687904703717867	0.219759625438134
0.165880035481028	0.0314978449610492
0.16619130625606	0.0315431724784316
0.165880035481028	0.0314978449610492
-1.79346061997896	0.390723019452767
1.4795165223175	0.49403710049889
2.76219840038386	0.780594539857824
0.16619130625606	0.0315431724784316
1.96372117107544	0.45473924627511
0.164778629348208	0.0313374327003096
-3.07402416243152	0.948685276185543
0.971485400220684	0.257250631808135
0.164778629348208	0.0313374327003096
0.169566032486793	0.032038095111837
0.966736740010186	0.256029100393941
0.169248055862235	0.0319917175833404
0.169248055862235	0.0319917175833404
-0.613682540053849	0.148388769407339
-1.7934287506278	0.390727439150181
1.96276901321247	0.454520391574277
-1.79346061997896	0.390723019452767
0.165880035481028	0.0314978449610492
-0.32485451718176	0.0931499749349684
1.47155078449581	0.491168545293048
0.16619130625606	0.0315431724784316
-3.74551962293396	1.47870416259712
-2.57067328278635	0.665094197548339
0.690554433996612	0.2205748378538
-0.619069360213747	0.149654914653121
0.164778629348208	0.0313374327003096
-0.612487701707529	0.148134994320372
-0.612487701707529	0.148134994320372
0.957162742729009	0.253557522610441
-0.613158918177153	0.148231887572971
1.47155078449581	0.491168545293048
0.178049240810411	0.0452053813438565
0.18374299244507	0.0464795790495071
0.169566032486793	0.032038095111837
0.963743115659934	0.255236344279286
2.76330811440907	0.780761067286217
-3.07822553691956	0.950796797182827
0.687453672774919	0.21969379736456
0.183610895194862	0.0464322674344966
0.170349312710672	0.0658625058398233
1.28470558365814	0.899161679117012
3.27152519356808	1.11907150574555
-1.7934287506278	0.390727439150181
-0.319817646410374	0.0917687104349087
1.96372117107544	0.45473924627511
1.96372117107544	0.45473924627511
1.96684138854469	0.455504908505281
2.76219840038386	0.780594539857824
2.76219840038386	0.780594539857824
0.160144755571284	0.0306956063740573
0.164778629348208	0.0313374327003096
0.161251150232847	0.0308565698216007
1.96276901321247	0.454520391574277
0.184291063239428	0.0465991085839434
-2.57067328278635	0.665094197548339
-0.611962616144159	0.147977912487881
0.180107983152346	0.0541465694868784
0.711948337415143	0.335772521089498
1.96276901321247	0.454520391574277
0.181837521716867	0.0460537144756759
-0.0790625292918921	0.0310426513056719
-0.617875104469477	0.149400727468359
-1.81544301145642	0.736391148136226
-1.11963574652263	0.337715170908198
-3.44754089021611	1.22379406077669
-0.198027167012548	0.0637530672793308
0.967271104517323	0.256176548116206
1.96276901321247	0.454520391574277
-0.618535635333325	0.149538863092151
1.96684138854469	0.455504908505281
0.473589454725271	0.19241483097626
0.165088029467664	0.0313824661178469
1.46585570298693	0.489030037475911
-0.326930300593506	0.0936890088172115
0.184971072095669	0.0467387603153735
-1.11951983581622	0.337809535545767
-1.79346061997896	0.390723019452767
-1.11963574652263	0.337715170908198
0.473807985851424	0.192496599135712
0.187435346122179	0.047292837125537
-1.79785205353169	0.391773074809323
0.963214248695465	0.255090594573707
0.692481142426252	0.221366284684109
-0.32531700249348	0.0932194330065639
-0.330247461830149	0.0945973836552012
0.18374299244507	0.0464795790495071
0.967933372585482	0.256362285789635
-0.323664690407152	0.0927962418225715
2.13772964310007	0.966515557948451
0.187435346122179	0.047292837125537
0.16619130625606	0.0315431724784316
0.554888698626794	0.201570551690915
0.164778629348208	0.0313374327003096
-1.49633399610699	0.531774933095134
-3.44754089021611	1.22379406077669
-0.323664690407152	0.0927962418225715
-1.79785205353169	0.391773074809323
0.183063896529214	0.0463401006276899
-0.613682540053849	0.148388769407339
0.473807985851424	0.192496599135712
0.682339311812087	0.217953944354753
0.181837521716867	0.0460537144756759
0.175155035311403	0.0527334069281177
0.418069084733492	0.190483937885522
-0.326043908260378	0.0934449166225896
-0.702877915558576	0.240204037136345
0.167889275021725	0.0576253650682983
1.83438379793333	0.723158469152769
0.165088029467664	0.0313824661178469
0.160144755571284	0.0306956063740573
0.16619130625606	0.0315431724784316
0.966736740010186	0.256029100393941
0.682339311812087	0.217953944354753
0.164778629348208	0.0313374327003096
0.16619130625606	0.0315431724784316
0.968469219672053	0.25651021792255
2.76109157462938	0.779871501961836
2.76109157462938	0.779871501961836
1.96372117107544	0.45473924627511
0.961881298984383	0.254903830883264
1.96372117107544	0.45473924627511
-1.7934287506278	0.390727439150181
1.96276901321247	0.454520391574277
-2.57067328278635	0.665094197548339
0.182515705814395	0.0461929473161663
-1.49825523114142	0.532562193916483
-1.12396372987595	0.33934973605565
-0.277295972332928	0.125774901735324
-0.504512185848928	0.190251785849138
-0.612487701707529	0.148134994320372
-2.57067328278635	0.665094197548339
-0.321011266565823	0.0920911495247304
-2.57067328278635	0.665094197548339
1.96372117107544	0.45473924627511
0.165880035481028	0.0314978449610492
0.169248055862235	0.0319917175833404
-1.79346061997896	0.390723019452767
0.689369698791533	0.22025689756634
1.80648958654957	1.02094879457255
-1.49561006114969	0.531433597211914
1.06338277916722	0.406730999521995
1.09347086227971	0.53527910188038
0.723376380262484	0.342533617607671
0.165880035481028	0.0314978449610492
1.05767805940452	0.40430204105456
0.182384642090162	0.0461735738884295
-0.33115064247346	0.0948450204466267
0.558486255845266	0.202926921804785
0.181837521716867	0.0460537144756759
-0.618535635333325	0.149538863092151
0.551298334729919	0.200249958464128
0.549934062313663	0.199685220416624
-0.613682540053849	0.148388769407339
0.184291063239428	0.0465991085839434
1.34886052544281	0.596542879120315
-0.612487701707529	0.148134994320372
-0.328777361869378	0.0941964324844904
0.964934921520073	0.255476948633611
0.165880035481028	0.0314978449610492
-0.190877057046861	0.0615565600580822
-2.62037362851857	1.60032014981003
0.68278086909504	0.218093717626154
-1.49247986516622	0.53011506511111
1.59923975249082	0.804669261280403
-0.702916162136118	0.240304795913802
-0.497168322643533	0.187278575885264
-0.3358441065628	0.0961666214694948
0.181222403711057	0.0544586569816679
0.164625296117395	0.0313507498370328
0.563892858538613	0.20486913587719
-0.278275730536022	0.126263377824064
1.09205857842217	0.5344203875206
0.185076110728506	0.0555416222332281
-0.334660931066263	0.0958120714776199
-0.703264262088321	0.240508331840629
0.167083097968807	0.0728299219191437
1.05767758057376	0.404228581247508
0.191700904879431	0.0482388847519191
0.686184239500337	0.219175673536007
0.691293725798235	0.220916760169014
0.680421237638035	0.217245422782273
-1.79785205353169	0.391773074809323
0.553078229148553	0.200859942283057
0.368739502206675	0.207569679304369
0.686270437198953	0.219228628867356
-1.80328874130775	0.733096849202467
0.936268968211878	0.510860687700739
-0.00590701056932378	0.00273763001083674
0.693668977910988	0.221707820486434
1.47525146835293	0.492648627415429
1.48107997159252	0.93196758085901
-0.202976861420011	0.0653350306430413
-1.49897898499855	0.532683365671509
1.96372117107544	0.45473924627511
0.962553055030982	0.254827961566665
2.76219840038386	0.780594539857824
1.96372117107544	0.45473924627511
2.76109157462938	0.779871501961836
-0.613158918177153	0.148231887572971
-1.79785205353169	0.391773074809323
2.76559849788836	0.78194178274137
-1.7934287506278	0.390727439150181
2.76109157462938	0.779871501961836
-0.325582325201124	0.0933470317045756
1.96684138854469	0.455504908505281
-1.12019427196772	0.338020301365193
2.14662014608034	0.971080400498011
-0.199739594795254	0.0643228222061803
-2.57067328278635	0.665094197548339
-3.07350260546998	0.94852963330217
0.164778629348208	0.0313374327003096
0.962553055030982	0.254827961566665
1.96276901321247	0.454520391574277
0.169566032486793	0.032038095111837
1.83948692258838	0.725717515665962
0.963743115659934	0.255236344279286
0.963214248695465	0.255090594573707
3.27631781619437	1.12171855032085
-0.618535635333325	0.149538863092151
0.183063896529214	0.0463401006276899
0.843777178831012	0.35876995680636
1.47086646676889	0.49088731436037
-3.45307509546519	1.22686211973226
1.96372117107544	0.45473924627511
-1.11760971687047	0.337077079720442
0.187435346122179	0.047292837125537
0.693216225774344	0.221541872050593
-0.709698759851068	0.242860149943732
0.16619130625606	0.0315431724784316
-0.702529153090903	0.24025873050893
1.47402323433779	0.492035659807906
0.958352222975233	0.253964848564806
-3.07454565876188	0.948489134275984
-0.617875104469477	0.149400727468359
-1.1152634133402	0.336439469187697
3.2811485523965	1.12364699463245
0.164778629348208	0.0313374327003096
-0.197681301235905	0.0636672013988199
1.47897546128728	0.493826410303162
1.96276901321247	0.454520391574277
1.46964366147565	0.490422889690681
1.46964366147565	0.490422889690681
-1.7934287506278	0.390727439150181
0.164778629348208	0.0313374327003096
0.174415063218798	0.0525132560977555
-0.612487701707529	0.148134994320372
3.27752825134246	1.12202020233476
1.96276901321247	0.454520391574277
0.164778629348208	0.0313374327003096
3.27272750868887	1.11966450015405
1.47155078449581	0.491168545293048
0.962025660417238	0.254682745005495
2.76219840038386	0.780594539857824
0.184291063239428	0.0465991085839434
0.169248055862235	0.0319917175833404
1.96276901321247	0.454520391574277
-0.60895933746012	0.147406558741333
0.465668385888745	0.188905949471252
-1.11390573268458	0.335899190520225
-0.614206104379299	0.148455859250315
1.96684138854469	0.455504908505281
-1.7934287506278	0.390727439150181
2.76219840038386	0.780594539857824
-1.11951983581622	0.337809535545767
0.544930490938392	0.197736218289966
0.184291063239428	0.0465991085839434
-0.32485451718176	0.0931499749349684
-0.326310377140785	0.0935168437296262
-0.613682540053849	0.148388769407339
1.47155078449581	0.491168545293048
-0.32485451718176	0.0931499749349684
1.96372117107544	0.45473924627511
2.76671632811135	0.782410087450427
-0.323664690407152	0.0927962418225715
-2.57098043849301	0.664920470822356
0.164778629348208	0.0313374327003096
-0.613682540053849	0.148388769407339
1.96372117107544	0.45473924627511
0.967933372585482	0.256362285789635
1.47032706033056	0.490703617760438
-0.326771057218117	0.0936418390224184
-0.325582325201124	0.0933470317045756
-0.699405444382189	0.239043645886915
-3.07875719123617	0.951227905765892
0.16619130625606	0.0315431724784316
-0.0723431482158385	0.0284413766788247
1.96372117107544	0.45473924627511
1.46964366147565	0.490422889690681
-1.79346061997896	0.390723019452767
0.164778629348208	0.0313374327003096
0.691293725798235	0.220916760169014
0.962553055030982	0.254827961566665
0.165880035481028	0.0314978449610492
1.96372117107544	0.45473924627511
1.96372117107544	0.45473924627511
-1.7934287506278	0.390727439150181
1.96276901321247	0.454520391574277
-1.79785205353169	0.391773074809323
0.165088029467664	0.0313824661178469
1.96684138854469	0.455504908505281
1.96276901321247	0.454520391574277
1.96372117107544	0.45473924627511
-1.79346061997896	0.390723019452767
-1.79346061997896	0.390723019452767
-2.57554526884402	0.666976966437407
1.96276901321247	0.454520391574277
0.160144755571284	0.0306956063740573
-1.12899732880063	0.340924693999455
1.96372117107544	0.45473924627511
-1.7934287506278	0.390727439150181
0.178586346650125	0.0453095875153282
-1.79346061997896	0.390723019452767
1.96372117107544	0.45473924627511
0.165088029467664	0.0313824661178469
0.962025660417238	0.254682745005495
0.68278086909504	0.218093717626154
0.964934921520073	0.255476948633611
1.4646350690462	0.48856709745013
0.165088029467664	0.0313824661178469
-1.7934287506278	0.390727439150181
-2.57522664974505	0.666917731403372
-2.57036588579023	0.664816582891659
0.161251150232847	0.0308565698216007
1.96276901321247	0.454520391574277
0.184971072095669	0.0467387603153735
1.96372117107544	0.45473924627511
0.181598622209813	0.0545451831920276
-1.79346061997896	0.390723019452767
2.76219840038386	0.780594539857824
-0.611962616144159	0.147977912487881
2.76109157462938	0.779871501961836
0.165088029467664	0.0313824661178469
1.96276901321247	0.454520391574277
0.963214248695465	0.255090594573707
1.96372117107544	0.45473924627511
1.96276901321247	0.454520391574277
-0.613682540053849	0.148388769407339
1.84258516456861	0.727293955790375
1.96372117107544	0.45473924627511
0.187435346122179	0.047292837125537
0.155584141347778	0.0602811459738146
0.967271104517323	0.256176548116206
1.96276901321247	0.454520391574277
1.46842163094462	0.489769078028611
1.46964366147565	0.490422889690681
2.76559849788836	0.78194178274137
3.27393157336313	1.11982869858365
2.76219840038386	0.780594539857824
1.47155078449581	0.491168545293048
0.184971072095669	0.0467387603153735
0.161251150232847	0.0308565698216007
2.76109157462938	0.779871501961836
1.47525146835293	0.492648627415429
0.182515705814395	0.0461929473161663
1.96276901321247	0.454520391574277
2.76219840038386	0.780594539857824
0.164234643044047	0.0635846474185852
1.96276901321247	0.454520391574277
0.963743115659934	0.255236344279286
-1.50142880975048	0.534054734577795
-3.07350260546998	0.94852963330217
0.161251150232847	0.0308565698216007
2.76109157462938	0.779871501961836
0.165880035481028	0.0314978449610492
-0.613682540053849	0.148388769407339
-3.07350260546998	0.94852963330217
-0.199032317017901	0.0641034971037585
-0.330698472981565	0.0947716626031445
0.165088029467664	0.0313824661178469
-0.613158918177153	0.148231887572971
0.682339311812087	0.217953944354753
1.96276901321247	0.454520391574277
3.27631781619437	1.12171855032085
-2.05351794926878	0.93590991881049
0.967271104517323	0.256176548116206
0.181159179759352	0.0458876218072277
-0.706728811590437	0.241764690191015
0.962025660417238	0.254682745005495
0.184291063239428	0.0465991085839434
-0.32485451718176	0.0931499749349684
0.166320253572048	0.0643709570145403
0.691240034356655	0.220791555953193
2.76109157462938	0.779871501961836
0.184291063239428	0.0465991085839434
0.178049240810411	0.0452053813438565
1.58932551992224	0.797901086619759
-1.7934287506278	0.390727439150181
-2.57036588579023	0.664816582891659
1.46585570298693	0.489030037475911
-2.57036588579023	0.664816582891659
2.76671632811135	0.782410087450427
0.181159179759352	0.0458876218072277
-0.198392257320092	0.0638832149326698
-0.617339897765464	0.149284387408846
0.183063896529214	0.0463401006276899
0.165088029467664	0.0313824661178469
1.96276901321247	0.454520391574277
1.96276901321247	0.454520391574277
0.964404580081594	0.255330782344719
0.958352222975233	0.253964848564806
0.165088029467664	0.0313824661178469
0.962025660417238	0.254682745005495
-0.613158918177153	0.148231887572971
1.96276901321247	0.454520391574277
-1.79785205353169	0.391773074809323
1.46964366147565	0.490422889690681
1.05915506670076	0.404786600540214
-0.332618072686463	0.0952457032075058
1.46842163094462	0.489769078028611
1.80115533203013	1.01557173999807
-0.496879333423488	0.187181684059415
-1.49561006114969	0.531433597211914
-1.11951983581622	0.337809535545767
0.164778629348208	0.0313374327003096
0.164778629348208	0.0313374327003096
1.96276901321247	0.454520391574277
0.962025660417238	0.254682745005495
-0.613158918177153	0.148231887572971
0.963214248695465	0.255090594573707
0.183222271364428	0.0550052131678393
-0.125195139764033	0.0445585867606258
0.691293725798235	0.220916760169014
1.96684138854469	0.455504908505281
-1.80255467315262	0.73276942485064
-0.617875104469477	0.149400727468359
0.183610895194862	0.0464322674344966
-2.57522664974505	0.666917731403372
-3.07875719123617	0.951227905765892
-1.79785205353169	0.391773074809323
-1.50655298027038	0.53606385526815
0.164778629348208	0.0313374327003096
0.183063896529214	0.0463401006276899
0.182515705814395	0.0461929473161663
0.187300583927818	0.0472598613580206
2.76671632811135	0.782410087450427
2.76330811440907	0.780761067286217
0.181743714491496	0.0460173511561772
0.169248055862235	0.0319917175833404
0.17899314570337	0.0538175920888867
0.16619130625606	0.0315431724784316
-1.79346061997896	0.390723019452767
-1.79785205353169	0.391773074809323
0.967271104517323	0.256176548116206
2.76219840038386	0.780594539857824
0.160144755571284	0.0306956063740573
2.76671632811135	0.782410087450427
3.6449477089076	1.4449787602644
0.182515705814395	0.0461929473161663
-1.79785205353169	0.391773074809323
0.963743115659934	0.255236344279286
2.76559849788836	0.78194178274137
-0.495848105642275	0.186769649159627
0.962553055030982	0.254827961566665
1.96372117107544	0.45473924627511
0.548446031553528	0.199065921260852
-0.613682540053849	0.148388769407339
-0.705122000210367	0.24103260832319
1.96276901321247	0.454520391574277
1.35135662214001	0.598044460885579
0.172935900909832	0.0520977646892395
-0.321011266565823	0.0920911495247304
-0.614206104379299	0.148455859250315
0.178586346650125	0.0453095875153282
1.47155078449581	0.491168545293048
1.47086646676889	0.49088731436037
0.183063896529214	0.0463401006276899
-3.0729809879685	0.948009080411761
0.688185381402826	0.219868290083128
1.96276901321247	0.454520391574277
2.76671632811135	0.782410087450427
0.187984352048437	0.0474280610765032
2.76109157462938	0.779871501961836
-0.612487701707529	0.148134994320372
0.964404580081594	0.255330782344719
-1.79346061997896	0.390723019452767
-0.609489833121369	0.147475344257464
-0.32485451718176	0.0931499749349684
1.47648048364922	0.492996794108507
1.96372117107544	0.45473924627511
1.47277528463141	0.49146011988965
2.76559849788836	0.78194178274137
1.96276901321247	0.454520391574277
3.27152519356808	1.11907150574555
-1.79785205353169	0.391773074809323
0.966736740010186	0.256029100393941
0.169566032486793	0.032038095111837
-0.622767009400713	0.150536739427417
1.47032706033056	0.490703617760438
-1.00236193740671	0.396463059052617
-1.7934287506278	0.390727439150181
0.165088029467664	0.0313824661178469
2.76219840038386	0.780594539857824
0.160144755571284	0.0306956063740573
0.165088029467664	0.0313824661178469
0.161251150232847	0.0308565698216007
-1.79785205353169	0.391773074809323
0.963743115659934	0.255236344279286
2.76219840038386	0.780594539857824
2.76219840038386	0.780594539857824
-0.321741768636823	0.0922885496388945
0.186000407219271	0.0469461640510397
0.165880035481028	0.0314978449610492
-1.1245135089551	0.339452387639693
0.966736740010186	0.256029100393941
0.968469219672053	0.25651021792255
3.27272750868887	1.11966450015405
-3.45375537289784	1.2267719146559
0.963743115659934	0.255236344279286
0.185454319096416	0.0556335769192585
-2.57067328278635	0.665094197548339
-0.196970790009868	0.0634432336968819
-0.619069360213747	0.149654914653121
0.971485400220684	0.257250631808135
1.34857054726463	0.5966400161495
0.963743115659934	0.255236344279286
0.187435346122179	0.047292837125537
1.05767805940452	0.40430204105456
0.958352222975233	0.253964848564806
0.963214248695465	0.255090594573707
-0.608428787479893	0.147248610626808
-1.11951983581622	0.337809535545767
1.35564812089346	0.600770089805534
0.962553055030982	0.254827961566665
3.64618465324491	1.4458034047001
-0.608428787479893	0.147248610626808
-0.321011266565823	0.0920911495247304
-1.7934287506278	0.390727439150181
1.96372117107544	0.45473924627511
0.164778629348208	0.0313374327003096
0.164778629348208	0.0313374327003096
0.962553055030982	0.254827961566665
1.96372117107544	0.45473924627511
2.76559849788836	0.78194178274137
2.76219840038386	0.780594539857824
0.182784373310677	0.0625636986950216
-1.12396372987595	0.33934973605565
2.76109157462938	0.779871501961836
0.165088029467664	0.0313824661178469
0.165880035481028	0.0314978449610492
0.164778629348208	0.0313374327003096
-1.79346061997896	0.390723019452767
-1.79346061997896	0.390723019452767
-1.79785205353169	0.391773074809323
0.962553055030982	0.254827961566665
0.161251150232847	0.0308565698216007
1.96372117107544	0.45473924627511
2.76559849788836	0.78194178274137
0.165088029467664	0.0313824661178469
2.76219840038386	0.780594539857824
2.76219840038386	0.780594539857824
0.551654521195964	0.200367304145546
1.96276901321247	0.454520391574277
-0.196606144995592	0.0633346995977349
-0.202976861420011	0.0653350306430413
3.64618465324491	1.4458034047001
-0.618535635333325	0.149538863092151
0.165088029467664	0.0313824661178469
0.689821397698691	0.220399946218977
0.687453672774919	0.21969379736456
-1.11951983581622	0.337809535545767
2.13847384175308	0.967026817523456
-1.49753171438992	0.532305096548695
0.690559056864311	0.220592978829305
-0.198392257320092	0.0638832149326698
-1.49705816852235	0.532032217355669
2.36944175970543	1.19889255531358
-0.613682540053849	0.148388769407339
-0.197316433582098	0.063550392412948
2.76219840038386	0.780594539857824
-0.326043908260378	0.0934449166225896
-1.79653379913892	0.729391431830202
0.549160121479864	0.19934633555332
1.05582634094888	0.403184301021208
-1.7934287506278	0.390727439150181
-0.614206104379299	0.148455859250315
-3.45307509546519	1.22686211973226
0.687453672774919	0.21969379736456
-0.374367935902034	0.154859203967229
-3.07350260546998	0.94852963330217
1.96276901321247	0.454520391574277
-1.79346061997896	0.390723019452767
0.963078860472085	0.255236868510046
-0.612487701707529	0.148134994320372
-1.11951983581622	0.337809535545767
0.186752657299631	0.0471525522204707
-1.12019427196772	0.338020301365193
-0.613682540053849	0.148388769407339
0.963743115659934	0.255236344279286
1.96276901321247	0.454520391574277
0.165880035481028	0.0314978449610492
1.96276901321247	0.454520391574277
0.964404580081594	0.255330782344719
0.161251150232847	0.0308565698216007
0.164778629348208	0.0313374327003096
0.165088029467664	0.0313824661178469
-1.7934287506278	0.390727439150181
-2.57067328278635	0.665094197548339
-0.618535635333325	0.149538863092151
0.165088029467664	0.0313824661178469
1.96276901321247	0.454520391574277
3.65119667594504	1.44884031306495
-0.612487701707529	0.148134994320372
-0.613012730411062	0.148202450577793
-0.325582325201124	0.0933470317045756
-0.609489833121369	0.147475344257464
-1.00943392667062	0.399735935116325
-1.11963574652263	0.337715170908198
0.165880035481028	0.0314978449610492
0.160144755571284	0.0306956063740573
3.64742237939513	1.44635997008149
0.164778629348208	0.0313374327003096
0.186752657299631	0.0471525522204707
2.3754440739013	1.20341517424864
3.64618465324491	1.4458034047001
-3.74696276382151	1.47929664249189
1.96372117107544	0.45473924627511
0.55666795219135	0.20227767313483
1.46585570298693	0.489030037475911
0.161251150232847	0.0308565698216007
-0.74122831740074	0.320242482806758
0.962553055030982	0.254827961566665
-2.57554526884402	0.666976966437407
0.680421237638035	0.217245422782273
0.165088029467664	0.0313824661178469
-0.324393158207149	0.0929933012825356
-1.12019427196772	0.338020301365193
1.36463893177122	0.60527497187324
-1.11951983581622	0.337809535545767
-0.330698472981565	0.0947716626031445
-0.495848105642275	0.186769649159627
0.165880035481028	0.0314978449610492
0.688185381402826	0.219868290083128
-0.999821957506565	0.395227039947302
0.164778629348208	0.0313374327003096
1.96276901321247	0.454520391574277
0.164778629348208	0.0313374327003096
3.27152519356808	1.11907150574555
1.96372117107544	0.45473924627511
0.165880035481028	0.0314978449610492
0.964404580081594	0.255330782344719
1.96372117107544	0.45473924627511
-2.57067328278635	0.665094197548339
-1.7934287506278	0.390727439150181
-1.12019427196772	0.338020301365193
1.96684138854469	0.455504908505281
1.46964366147565	0.490422889690681
-0.618535635333325	0.149538863092151
-0.130983185581287	0.0465324275233992
-3.74696276382151	1.47929664249189
1.0516149872675	0.401512248410012
-1.79346061997896	0.390723019452767
2.76219840038386	0.780594539857824
-1.7934287506278	0.390727439150181
0.165088029467664	0.0313824661178469
0.16619130625606	0.0315431724784316
0.962553055030982	0.254827961566665
2.76559849788836	0.78194178274137
-0.611962616144159	0.147977912487881
-2.57098043849301	0.664920470822356
0.165880035481028	0.0314978449610492
1.96684138854469	0.455504908505281
-0.324126952894347	0.0929244396746841
1.47579162106182	0.492713238749138
1.84022304372881	0.72612017307568
0.968469219672053	0.25651021792255
1.47032706033056	0.490703617760438
0.958352222975233	0.253964848564806
0.688553546984024	0.219962860223314
0.165088029467664	0.0313824661178469
3.64618465324491	1.4458034047001
0.962025660417238	0.254682745005495
0.187300583927818	0.0472598613580206
1.46833343766606	0.489897083934438
3.6562424083433	1.45087157924203
-3.76266367779353	1.48814160574529
-1.50215938518201	0.53435945377886
0.683520003518989	0.218340470189805
0.963214248695465	0.255090594573707
0.165088029467664	0.0313824661178469
-1.7934287506278	0.390727439150181
0.182384642090162	0.0461735738884295
1.96372117107544	0.45473924627511
3.94919285179009	1.74908815648613
-1.79346061997896	0.390723019452767
-0.613682540053849	0.148388769407339
0.164778629348208	0.0313374327003096
-1.79346061997896	0.390723019452767
0.164778629348208	0.0313374327003096
-0.320548811537412	0.09196618419473
1.96276901321247	0.454520391574277
0.964404580081594	0.255330782344719
0.529213412005813	0.33782535459804
0.687001483078787	0.219402881860221
0.168282085823286	0.0651395862135137
-1.79346061997896	0.390723019452767
-0.763792446813763	0.410756424700134
-0.618535635333325	0.149538863092151
-0.502824622854512	0.189653352789705
0.183063896529214	0.0463401006276899
-1.49825523114142	0.532562193916483
0.468214453891579	0.189971319278414
0.172129083543733	0.0837333165976041
0.842756897055983	0.358214727221788
0.728792212317506	0.481463006705866
1.96276901321247	0.454520391574277
0.180484451327502	0.0542489043189748
0.675273876396619	0.215466339466536
-0.701794429638729	0.239974906557054
0.178161345351442	0.0610444196674466
-1.25980329711675	0.566452625052366
-0.614206104379299	0.148455859250315
0.966736740010186	0.256029100393941
3.27152519356808	1.11907150574555
0.179746383607047	0.0540100642734575
-0.326310377140785	0.0935168437296262
-0.321011266565823	0.0920911495247304
0.693668977910988	0.221707820486434
0.545282959725496	0.197930364047729
-1.26377029644958	0.568815934452661
1.06227192186728	0.40611816355748
-0.326043908260378	0.0934449166225896
-1.26414637790551	0.568761921398651
3.27272750868887	1.11966450015405
-1.80108767962844	0.731723738057602
0.957162742729009	0.253557522610441
0.692028142380155	0.221092112401465
-2.57067328278635	0.665094197548339
1.84022304372881	0.72612017307568
0.180107983152346	0.0541465694868784
1.05767805940452	0.40430204105456
2.13883702891477	0.967128437748762
2.36944175970543	1.19889255531358
-1.7934287506278	0.390727439150181
0.165088029467664	0.0313824661178469
0.165880035481028	0.0314978449610492
0.165088029467664	0.0313824661178469
0.187435346122179	0.047292837125537
0.165088029467664	0.0313824661178469
2.76219840038386	0.780594539857824
0.164778629348208	0.0313374327003096
0.962025660417238	0.254682745005495
1.96276901321247	0.454520391574277
1.96684138854469	0.455504908505281
0.164778629348208	0.0313374327003096
-1.7934287506278	0.390727439150181
0.186069807523728	0.046984734903896
2.76109157462938	0.779871501961836
0.416994646186728	0.18967122277834
-0.614345716129905	0.14867066764313
-0.613804976594409	0.148553206549543
0.174045724149933	0.0524237595938313
-0.613158918177153	0.148231887572971
-0.198757003958094	0.063979613393949
2.13164652612125	0.962465868289965
-0.320548811537412	0.09196618419473
0.185454319096416	0.0556335769192585
0.963214248695465	0.255090594573707
0.545282959725496	0.197930364047729
-2.57098043849301	0.664920470822356
-0.702916162136118	0.240304795913802
-1.11896025029368	0.337616084496264
-0.315948015834244	0.0906883316966812
1.47579162106182	0.492713238749138
0.963743115659934	0.255236344279286
0.681159029124573	0.217491385122168
1.06100497274362	0.405629306325193
-3.44754089021611	1.22379406077669
-0.702916162136118	0.240304795913802
1.35458372256336	0.600126054059965
1.96372117107544	0.45473924627511
-1.00727939684884	0.398725619716456
-0.496219048461158	0.186898738117231
1.84066711299049	0.726365639107333
0.183610895194862	0.0464322674344966
-0.702869188746056	0.240388371983744
0.694404728756287	0.221883604128058
0.842756897055983	0.358214727221788
-0.201906699363454	0.0650030146049408
-1.7934287506278	0.390727439150181
-1.11896025029368	0.337616084496264
-1.11951983581622	0.337809535545767
2.76109157462938	0.779871501961836
1.05804592236107	0.404331959594976
-0.197681301235905	0.0636672013988199
-1.00519547019286	0.397637840840267
2.58338879123306	1.45038552956354
1.96372117107544	0.45473924627511
-0.324393158207149	0.0929933012825356
-0.60895933746012	0.147406558741333
-0.614345716129905	0.14867066764313
1.96276901321247	0.454520391574277
-1.11951983581622	0.337809535545767
0.16619130625606	0.0315431724784316
0.165880035481028	0.0314978449610492
2.76219840038386	0.780594539857824
1.96276901321247	0.454520391574277
1.96372117107544	0.45473924627511
-1.7934287506278	0.390727439150181
-0.613682540053849	0.148388769407339
-0.613158918177153	0.148231887572971
-0.193735099625946	0.0624393983877589
-0.739611202446697	0.319530960174951
0.175891515215909	0.0602877256141385
0.550942476833057	0.200036223470925
2.58532225023263	1.45264161088505
0.963743115659934	0.255236344279286
0.16619130625606	0.0315431724784316
0.186069807523728	0.046984734903896
0.550585584584045	0.199969616725774
0.849767099826588	0.36182590832994
-3.0729809879685	0.948009080411761
1.84376682971049	0.727623731102843
1.58664142606591	0.796028282636103
1.26915584696189	0.882212901932044
0.187435346122179	0.047292837125537
-0.202267717623406	0.0650989962325268
-1.11951983581622	0.337809535545767
0.849408948383461	0.361671672630261
-2.57067328278635	0.665094197548339
1.34922875137301	0.596566456321976
-2.57067328278635	0.665094197548339
-0.128368779999186	0.045648725082483
-1.79913083573714	0.730688065905454
1.47525146835293	0.492648627415429
0.409177666702888	0.185718363074587
-0.326043908260378	0.0934449166225896
0.549225010517651	0.199456707208777
-0.324393158207149	0.0929933012825356
0.420953780464801	0.191739880368985
0.175155035311403	0.0527334069281177
1.06078959666294	0.405437996491229
1.96372117107544	0.45473924627511
1.96372117107544	0.45473924627511
3.27272750868887	1.11966450015405
2.38442182597743	1.2100507092039
0.550941991992969	0.200022862882379
-0.32485451718176	0.0931499749349684
0.181959964224185	0.0546519449572612
0.191700904879431	0.0482388847519191
0.181837521716867	0.0460537144756759
0.962025660417238	0.254682745005495
-0.613158918177153	0.148231887572971
-0.612487701707529	0.148134994320372
0.169566032486793	0.032038095111837
-1.79346061997896	0.390723019452767
1.96684138854469	0.455504908505281
-0.613682540053849	0.148388769407339
2.76559849788836	0.78194178274137
0.169566032486793	0.032038095111837
0.463453634222606	0.187971647179528
2.76219840038386	0.780594539857824
0.962025660417238	0.254682745005495
2.13275419746116	0.963270597877117
2.76330811440907	0.780761067286217
-0.709332223320457	0.242696342165543
-0.702529153090903	0.24025873050893
-0.323664690407152	0.0927962418225715
0.17863134392367	0.0537118645556901
3.94011940400443	1.7432966017604
0.173841338161581	0.0596051278079202
-2.26531132664576	1.14295677182158
-0.195186900570072	0.0628739701093823
-0.321741768636823	0.0922885496388945
0.184291063239428	0.0465991085839434
-0.586140009572339	0.278603992039962
0.181837521716867	0.0460537144756759
1.10393999157724	0.680424228897781
-0.613158918177153	0.148231887572971
0.553078229148553	0.200859942283057
-0.999116065979541	0.394904057507624
-0.32485451718176	0.0931499749349684
1.05804592236107	0.404331959594976
0.165088029467664	0.0313824661178469
1.84451762847753	0.728350716630867
3.64995436887393	1.44813448599007
0.963214248695465	0.255090594573707
-0.122215445713398	0.0435046320299458
-0.325582325201124	0.0933470317045756
-0.197316433582098	0.063550392412948
-1.00519547019286	0.397637840840267
-0.32485451718176	0.0931499749349684
-0.961660818594507	0.473515354679161
-0.612487701707529	0.148134994320372
0.680421237638035	0.217245422782273
0.68278086909504	0.218093717626154
2.92875534864865	1.99525465806066
0.165088029467664	0.0313824661178469
0.962553055030982	0.254827961566665
-0.325582325201124	0.0933470317045756
0.181222403711057	0.0544586569816679
1.05841937425473	0.404493015312573
1.0920955726605	0.53410737727116
-1.1182849071041	0.337405124817419
-1.79653379913892	0.729391431830202
0.552366600094505	0.200647521424049
1.84022304372881	0.72612017307568
-1.79785205353169	0.391773074809323
-2.57522664974505	0.666917731403372
-0.618535635333325	0.149538863092151
-1.7934287506278	0.390727439150181
0.164625296117395	0.0313507498370328
1.96372117107544	0.45473924627511
-2.57067328278635	0.665094197548339
1.96276901321247	0.454520391574277
0.16619130625606	0.0315431724784316
1.96372117107544	0.45473924627511
-2.57036588579023	0.664816582891659
0.963743115659934	0.255236344279286
1.96276901321247	0.454520391574277
2.13241876013691	0.963156397926432
0.687453672774919	0.21969379736456
2.76330811440907	0.780761067286217
-1.49633399610699	0.531774933095134
-0.376472488252563	0.155768984112451
0.552722892277348	0.20071874665214
-0.697547507150818	0.238387277313668
0.165880035481028	0.0314978449610492
-0.613158918177153	0.148231887572971
0.548446031553528	0.199065921260852
-0.326043908260378	0.0934449166225896
0.834173941240862	0.353975060317692
1.06264198810457	0.406540438452512
-0.332618072686463	0.0952457032075058
3.64871284900552	1.44691597652701
0.386650381000431	0.196396988667882
-2.26071768275616	1.13895890649434
0.180845714650258	0.0543398759613664
-0.612487701707529	0.148134994320372
-2.57036588579023	0.664816582891659
3.64618465324491	1.4458034047001
0.181837521716867	0.0460537144756759
-1.79620281052891	0.72892224592551
-0.194113630428157	0.0625242468970416
3.27272750868887	1.11966450015405
1.05952860814689	0.405011691745652
1.84184770666887	0.726890218717793
-0.327498449554433	0.0938114370055266
0.181159179759352	0.0458876218072277
0.169570842988667	0.0581880998558025
3.27393157336313	1.11982869858365
1.09247799441691	0.534633070236409
-3.07402416243152	0.948685276185543
-0.202976861420011	0.0653350306430413
0.963743115659934	0.255236344279286
1.96276901321247	0.454520391574277
-1.7934287506278	0.390727439150181
1.46842163094462	0.489769078028611
1.05767805940452	0.40430204105456
-1.80294806323006	0.732963939188901
-1.0016546506687	0.39600963496329
0.966736740010186	0.256029100393941
0.169570842988667	0.0581880998558025
-1.7934287506278	0.390727439150181
0.161251150232847	0.0308565698216007
2.76219840038386	0.780594539857824
2.76671632811135	0.782410087450427
1.96276901321247	0.454520391574277
1.96372117107544	0.45473924627511
1.96276901321247	0.454520391574277
0.963743115659934	0.255236344279286
0.181959964224185	0.0546519449572612
0.183063896529214	0.0463401006276899
0.181837521716867	0.0460537144756759
-1.7934287506278	0.390727439150181
1.96276901321247	0.454520391574277
0.964934921520073	0.255476948633611
-1.00306966229617	0.39683135622738
-0.368853942686615	0.15245960444535
-0.19265924146981	0.0621226000055922
1.47032706033056	0.490703617760438
-0.74122831740074	0.320242482806758
-0.955073958947409	0.46872573592985
1.46910411205871	0.490049168285487
0.550585584584045	0.199969616725774
-2.57036588579023	0.664816582891659
0.179746383607047	0.0540100642734575
1.35064130120685	0.597863106700744
0.845471486681779	0.35966290303568
1.08911546676438	0.532139557345346
1.98072565517358	1.24628338697073
1.05989643717056	0.405275695027378
0.842756897055983	0.358214727221788
3.64871284900552	1.44691597652701
0.173521500598921	0.0595020056954588
-0.613158918177153	0.148231887572971
-0.120844504686832	0.0430331190822174
-0.190877057046861	0.0615565600580822
-1.80294806323006	0.732963939188901
-0.369839048039385	0.152920865999092
1.96276901321247	0.454520391574277
2.13772964310007	0.966515557948451
0.555949767102404	0.201992647886448
0.181222403711057	0.0544586569816679
1.84022304372881	0.72612017307568
-1.11896025029368	0.337616084496264
0.457298110546107	0.185261060722658
0.686626809163374	0.219374653716057
-1.11963574652263	0.337715170908198
-0.197681301235905	0.0636672013988199
1.46910411205871	0.490049168285487
1.96372117107544	0.45473924627511
0.963214248695465	0.255090594573707
0.164778629348208	0.0313374327003096
0.681159029124573	0.217491385122168
-0.487542630992007	0.183398078549223
-1.11957460536364	0.337866341493547
-0.3358441065628	0.0961666214694948
-3.07875719123617	0.951227905765892
0.172500777446168	0.0591472284053665
0.426397409454567	0.19451490110927
3.65119667594504	1.44884031306495
1.85032180687312	0.731043526561718
-1.7934287506278	0.390727439150181
0.16619130625606	0.0315431724784316
-1.7934287506278	0.390727439150181
1.96372117107544	0.45473924627511
-1.79346061997896	0.390723019452767
-2.57098043849301	0.664920470822356
-1.7934287506278	0.390727439150181
1.96276901321247	0.454520391574277
0.161251150232847	0.0308565698216007
0.169248055862235	0.0319917175833404
2.76330811440907	0.780761067286217
2.57934220623473	1.44640872762835
2.76330811440907	0.780761067286217
1.96372117107544	0.45473924627511
2.76330811440907	0.780761067286217
1.96276901321247	0.454520391574277
0.963214248695465	0.255090594573707
0.927938390515491	0.504984223310363
0.6278228139793	0.330521761875909
1.96684138854469	0.455504908505281
0.550229507129372	0.199823293779666
1.3549353352076	0.600117468724131
-0.749356140710198	0.324535436720139
-0.370479483475228	0.15300806332412
0.172463093000529	0.0752804629540888
1.8383071367458	0.724853864168302
3.94250969970351	1.744660072344
0.181159179759352	0.0458876218072277
-0.501797267692593	0.189241455696606
2.76487239776105	1.71065290001959
-1.25216514834477	0.561725883236464
0.688185381402826	0.219868290083128
0.393780404504587	0.200651929274297
2.13958082308296	0.967639587738095
-1.25188772636848	0.561803268010386
2.13772964310007	0.966515557948451
0.18011793418247	0.054112323705194
0.926514762748768	0.504424120802862
2.13386142848874	0.963951590957412
-1.49633399610699	0.531774933095134
-1.50335347787301	0.534889336029958
0.688185381402826	0.219868290083128
-0.192319088112717	0.0619808040719022
1.59193285113715	0.799327363673308
0.837465225516326	0.355658923973244
0.18374299244507	0.0464795790495071
1.05235833798367	0.401844810202421
-0.371997374536261	0.153930951998906
0.167587753759014	0.0505623239737036
0.560263982972252	0.203664261240574
-1.1467745137548	0.636541372857559
0.176190253019983	0.0603726989291664
0.18374299244507	0.0464795790495071
1.05657276894202	0.403741434107833
-0.331884233338781	0.0950660268702792
0.164778629348208	0.0313374327003096
0.184338509014023	0.0553315106563962
2.13850725977352	0.966284559687979
-0.702529153090903	0.24025873050893
0.178269357915488	0.0535920192892428
-0.19265924146981	0.0621226000055922
0.184338509014023	0.0553315106563962
-0.497911182849863	0.187527814828396
-0.999821957506565	0.395227039947302
0.722819284476415	0.342186641862474
-0.503852614714804	0.189998350201095
0.549516086641495	0.199542874934359
-0.204047587147551	0.0656463968045093
-0.19689123280029	0.0634436268958657
1.05878188329451	0.404602739849127
0.964934921520073	0.255476948633611
-1.79346061997896	0.390723019452767
1.96372117107544	0.45473924627511
-2.57036588579023	0.664816582891659
1.96276901321247	0.454520391574277
1.96276901321247	0.454520391574277
-2.57522664974505	0.666917731403372
-0.618535635333325	0.149538863092151
1.47155078449581	0.491168545293048
1.96372117107544	0.45473924627511
2.76219840038386	0.780594539857824
0.184291063239428	0.0465991085839434
0.964404580081594	0.255330782344719
-0.33115064247346	0.0948450204466267
0.165880035481028	0.0314978449610492
0.165088029467664	0.0313824661178469
0.181837521716867	0.0460537144756759
0.16619130625606	0.0315431724784316
-0.195896300806791	0.0631110974355499
2.76559849788836	0.78194178274137
-0.373381378634024	0.154387683701127
0.187984352048437	0.0474280610765032
-1.25254603603633	0.562193102367071
-1.11884555197394	0.337481516657706
-1.00236193740671	0.396463059052617
0.550229507129372	0.199823293779666
1.35064130120685	0.597863106700744
-0.497540036768389	0.187445875024767
0.963214248695465	0.255090594573707
0.164778629348208	0.0313374327003096
4.18708100798078	2.03450641531836
0.549872383663091	0.199625186867885
1.84525714600486	0.728756039651982
-1.12019427196772	0.338020301365193
-0.202927918476475	0.0653254563320193
0.959543454922691	0.254205280821647
0.962553055030982	0.254827961566665
-0.323664690407152	0.0927962418225715
0.165880035481028	0.0314978449610492
0.173305506499925	0.0522037309364545
0.845460532244873	0.359623499672993
1.3549353352076	0.600117468724131
-0.195531539432362	0.0629840149892884
-0.198045826596271	0.0637553577032532
0.472589276523701	0.191952372408541
3.27393157336313	1.11982869858365
0.165088029467664	0.0313824661178469
1.96276901321247	0.454520391574277
-0.613682540053849	0.148388769407339
3.64618465324491	1.4458034047001
-2.57098043849301	0.664920470822356
0.16619130625606	0.0315431724784316
-1.7934287506278	0.390727439150181
-0.709698759851068	0.242860149943732
0.165088029467664	0.0313824661178469
-0.614206104379299	0.148455859250315
2.38151726673336	1.20811240042553
2.14235496013146	0.969045712278659
0.184291063239428	0.0465991085839434
1.06577121205577	0.407529899333474
-0.50978690618181	0.192455187341296
0.161163484333363	0.0624184275728961
-0.703651055748467	0.240588737528622
0.188667958543402	0.04756856032199
0.473980929542814	0.192521461661697
1.36137812602329	0.603548948242001
1.96372117107544	0.45473924627511
1.47155078449581	0.491168545293048
0.164778629348208	0.0313374327003096
1.96684138854469	0.455504908505281
0.963743115659934	0.255236344279286
0.165880035481028	0.0314978449610492
-1.79346061997896	0.390723019452767
1.96276901321247	0.454520391574277
-1.12328075924743	0.339047939506251
0.968469219672053	0.25651021792255
0.963743115659934	0.255236344279286
0.164778629348208	0.0313374327003096
-0.613682540053849	0.148388769407339
1.4795165223175	0.49403710049889
0.693668977910988	0.221707820486434
0.963214248695465	0.255090594573707
-1.49705816852235	0.532032217355669
0.183063896529214	0.0463401006276899
0.165088029467664	0.0313824661178469
-0.198392257320092	0.0638832149326698
0.964404580081594	0.255330782344719
-1.1152634133402	0.336439469187697
-0.618535635333325	0.149538863092151
-0.325582325201124	0.0933470317045756
0.837818282577269	0.355785005700546
2.76671632811135	0.782410087450427
0.688185381402826	0.219868290083128
1.46964366147565	0.490422889690681
0.958352222975233	0.253964848564806
0.183063896529214	0.0463401006276899
0.183063896529214	0.0463401006276899
0.556308696676708	0.202195250417483
0.184291063239428	0.0465991085839434
-1.7934287506278	0.390727439150181
0.967933372585482	0.256362285789635
-0.324393158207149	0.0929933012825356
0.963743115659934	0.255236344279286
1.84525714600486	0.728756039651982
-1.7934287506278	0.390727439150181
0.165088029467664	0.0313824661178469
0.962553055030982	0.254827961566665
0.179369859705814	0.0539368960907662
0.164778629348208	0.0313374327003096
1.96276901321247	0.454520391574277
0.961881298984383	0.254903830883264
1.96684138854469	0.455504908505281
1.84022304372881	0.72612017307568
1.46842163094462	0.489769078028611
1.05915506670076	0.404786600540214
0.964934921520073	0.255476948633611
1.96276901321247	0.454520391574277
1.96684138854469	0.455504908505281
3.27032462336087	1.11801013776878
1.96276901321247	0.454520391574277
3.27393157336313	1.11982869858365
0.178254851579563	0.0536080680261321
-0.198757003958094	0.063979613393949
-1.1182849071041	0.337405124817419
-3.75192082283692	1.48279230677585
0.169566032486793	0.032038095111837
1.96372117107544	0.45473924627511
2.1523858978007	0.973844774027885
1.46964366147565	0.490422889690681
1.05841937425473	0.404493015312573
-0.99803333812908	0.39440964118414
0.546346904865407	0.198325214127253
0.165088029467664	0.0313824661178469
1.3509899510682	0.597807360301759
-3.07454565876188	0.948489134275984
-1.49175325085157	0.529773188260123
0.183600515358582	0.055105623027285
-0.204354358193054	0.065753468967557
1.47209004689925	0.491178510113126
1.8383071367458	0.724853864168302
0.183610895194862	0.0464322674344966
-1.1258777723839	0.339888304991231
0.959543454922691	0.254205280821647
-1.7934287506278	0.390727439150181
0.185076110728506	0.0555416222332281
-0.614206104379299	0.148455859250315
-0.617339897765464	0.149284387408846
0.165880035481028	0.0314978449610492
3.27272750868887	1.11966450015405
0.962025660417238	0.254682745005495
1.96372117107544	0.45473924627511
3.27631781619437	1.12171855032085
0.164625296117395	0.0313507498370328
0.165088029467664	0.0313824661178469
-2.57554526884402	0.666976966437407
0.962553055030982	0.254827961566665
0.183610895194862	0.0464322674344966
0.161251150232847	0.0308565698216007
-1.1182849071041	0.337405124817419
-0.324126952894347	0.0929244396746841
-1.1258777723839	0.339888304991231
0.187984352048437	0.0474280610765032
-0.321011266565823	0.0920911495247304
1.96276901321247	0.454520391574277
0.963743115659934	0.255236344279286
0.165088029467664	0.0313824661178469
2.76559849788836	0.78194178274137
2.76109157462938	0.779871501961836
0.181743714491496	0.0460173511561772
-1.79785205353169	0.391773074809323
0.963214248695465	0.255090594573707
0.183610895194862	0.0464322674344966
2.76109157462938	0.779871501961836
1.96372117107544	0.45473924627511
3.2811485523965	1.12364699463245
-1.7934287506278	0.390727439150181
0.691293725798235	0.220916760169014
-2.57098043849301	0.664920470822356
-0.614206104379299	0.148455859250315
-1.12019427196772	0.338020301365193
0.16619130625606	0.0315431724784316
3.64742237939513	1.44635997008149
-1.11896025029368	0.337616084496264
0.549225010517651	0.199456707208777
-0.703651055748467	0.240588737528622
0.178049240810411	0.0452053813438565
0.182515705814395	0.0461929473161663
-0.19689123280029	0.0634436268958657
-0.320548811537412	0.09196618419473
-1.11951983581622	0.337809535545767
-0.319817646410374	0.0917687104349087
-1.79766606524237	0.730020629935894
1.47032706033056	0.490703617760438
3.27510914666181	1.12076297640292
1.35826436069861	0.601450478450287
2.76219840038386	0.780594539857824
2.76219840038386	0.780594539857824
0.694404728756287	0.221883604128058
-1.11951983581622	0.337809535545767
0.693668977910988	0.221707820486434
1.96276901321247	0.454520391574277
0.181159179759352	0.0458876218072277
0.18374299244507	0.0464795790495071
-0.613158918177153	0.148231887572971
-1.01047808700666	0.400246726724795
0.181837521716867	0.0460537144756759
-0.614206104379299	0.148455859250315
1.96276901321247	0.454520391574277
-2.57098043849301	0.664920470822356
2.76109157462938	0.779871501961836
-1.79346061997896	0.390723019452767
-2.57067328278635	0.665094197548339
-0.614206104379299	0.148455859250315
0.964404580081594	0.255330782344719
0.16619130625606	0.0315431724784316
0.963743115659934	0.255236344279286
-0.32485451718176	0.0931499749349684
0.184724704475009	0.0553822155404387
1.08987841498118	0.532715542185076
1.96372117107544	0.45473924627511
1.96276901321247	0.454520391574277
1.96276901321247	0.454520391574277
0.963743115659934	0.255236344279286
1.96276901321247	0.454520391574277
1.96684138854469	0.455504908505281
1.96276901321247	0.454520391574277
1.46964366147565	0.490422889690681
0.964934921520073	0.255476948633611
-0.32485451718176	0.0931499749349684
0.183063896529214	0.0463401006276899
0.185641671858509	0.0718264309671979
1.96276901321247	0.454520391574277
0.184716497901306	0.0554075708253118
0.180107983152346	0.0541465694868784
0.963214248695465	0.255090594573707
0.964404580081594	0.255330782344719
-0.618535635333325	0.149538863092151
0.16619130625606	0.0315431724784316
0.181598622209813	0.0545451831920276
-3.07350260546998	0.94852963330217
1.47525146835293	0.492648627415429
-2.57067328278635	0.665094197548339
0.169248055862235	0.0319917175833404
-3.74696276382151	1.47929664249189
-1.79346061997896	0.390723019452767
-3.0729809879685	0.948009080411761
0.161251150232847	0.0308565698216007
0.17388527997155	0.0596222487809083
0.687904703717867	0.219759625438134
-1.11896025029368	0.337616084496264
1.06153095853073	0.405927487776779
-2.57067328278635	0.665094197548339
0.46999148399849	0.190698535513048
-0.710436108685877	0.24306686379246
0.963214248695465	0.255090594573707
-1.11896025029368	0.337616084496264
0.966736740010186	0.256029100393941
0.957162742729009	0.253557522610441
1.47155078449581	0.491168545293048
0.963214248695465	0.255090594573707
1.96276901321247	0.454520391574277
0.186752657299631	0.0471525522204707
0.185076110728506	0.0555416222332281
1.96276901321247	0.454520391574277
-2.57067328278635	0.665094197548339
-3.07928878926676	0.951136693928373
-1.7934287506278	0.390727439150181
0.184971072095669	0.0467387603153735
-1.79346061997896	0.390723019452767
3.94919285179009	1.74908815648613
-1.79346061997896	0.390723019452767
-1.49680843456756	0.531963842405938
-1.1258777723839	0.339888304991231
1.4745635305468	0.492365493098567
0.164778629348208	0.0313374327003096
0.689369698791533	0.22025689756634
0.165088029467664	0.0313824661178469
1.96276901321247	0.454520391574277
2.13349923295367	0.963781356442487
3.27032462336087	1.11801013776878
2.76330811440907	0.780761067286217
1.96372117107544	0.45473924627511
1.96372117107544	0.45473924627511
-1.1152634133402	0.336439469187697
0.165088029467664	0.0313824661178469
1.96372117107544	0.45473924627511
-1.7934287506278	0.390727439150181
-1.79346061997896	0.390723019452767
0.165088029467664	0.0313824661178469
1.96372117107544	0.45473924627511
2.76671632811135	0.782410087450427
0.164778629348208	0.0313374327003096
2.76219840038386	0.780594539857824
1.96276901321247	0.454520391574277
-1.79346061997896	0.390723019452767
1.96276901321247	0.454520391574277
1.96684138854469	0.455504908505281
-2.57067328278635	0.665094197548339
2.76109157462938	0.779871501961836
-0.614206104379299	0.148455859250315
2.76109157462938	0.779871501961836
0.160144755571284	0.0306956063740573
-0.612487701707529	0.148134994320372
1.96276901321247	0.454520391574277
2.76109157462938	0.779871501961836
1.96372117107544	0.45473924627511
-1.7934287506278	0.390727439150181
0.165880035481028	0.0314978449610492
-1.7934287506278	0.390727439150181
-1.79346061997896	0.390723019452767
1.96684138854469	0.455504908505281
1.96372117107544	0.45473924627511
3.27272750868887	1.11966450015405
1.96372117107544	0.45473924627511
2.76109157462938	0.779871501961836
1.96276901321247	0.454520391574277
2.76109157462938	0.779871501961836
-1.79346061997896	0.390723019452767
0.169248055862235	0.0319917175833404
0.962553055030982	0.254827961566665
-2.57522664974505	0.666917731403372
-1.79346061997896	0.390723019452767
1.96276901321247	0.454520391574277
1.96276901321247	0.454520391574277
2.76219840038386	0.780594539857824
-1.79346061997896	0.390723019452767
0.16619130625606	0.0315431724784316
-0.324126952894347	0.0929244396746841
-2.57067328278635	0.665094197548339
-1.79346061997896	0.390723019452767
1.96684138854469	0.455504908505281
-3.07402416243152	0.948685276185543
1.96276901321247	0.454520391574277
2.76109157462938	0.779871501961836
-0.609489833121369	0.147475344257464
-2.57067328278635	0.665094197548339
1.96276901321247	0.454520391574277
0.16619130625606	0.0315431724784316
-0.618535635333325	0.149538863092151
0.165088029467664	0.0313824661178469
-2.57522664974505	0.666917731403372
-1.79346061997896	0.390723019452767
-1.7934287506278	0.390727439150181
1.96276901321247	0.454520391574277
-3.07350260546998	0.94852963330217
0.165088029467664	0.0313824661178469
0.963743115659934	0.255236344279286
-1.7934287506278	0.390727439150181
1.96276901321247	0.454520391574277
0.182515705814395	0.0461929473161663
0.160144755571284	0.0306956063740573
2.76330811440907	0.780761067286217
-2.57098043849301	0.664920470822356
2.76219840038386	0.780594539857824
0.165088029467664	0.0313824661178469
-1.79785205353169	0.391773074809323
1.96372117107544	0.45473924627511
-1.7934287506278	0.390727439150181
0.169566032486793	0.032038095111837
-0.618535635333325	0.149538863092151
-3.07402416243152	0.948685276185543
-1.7934287506278	0.390727439150181
0.16619130625606	0.0315431724784316
2.76671632811135	0.782410087450427
-2.57067328278635	0.665094197548339
-1.79346061997896	0.390723019452767
-2.57067328278635	0.665094197548339
0.963214248695465	0.255090594573707
3.27152519356808	1.11907150574555
3.27152519356808	1.11907150574555
-1.7934287506278	0.390727439150181
-0.613012730411062	0.148202450577793
-1.79346061997896	0.390723019452767
-1.7934287506278	0.390727439150181
-3.08406063790942	0.953411710574981
-2.57036588579023	0.664816582891659
-2.57036588579023	0.664816582891659
-2.57098043849301	0.664920470822356
-1.7934287506278	0.390727439150181
1.96276901321247	0.454520391574277
1.96276901321247	0.454520391574277
1.96684138854469	0.455504908505281
1.96276901321247	0.454520391574277
1.96276901321247	0.454520391574277
0.169566032486793	0.032038095111837
1.96372117107544	0.45473924627511
1.96372117107544	0.45473924627511
0.165880035481028	0.0314978449610492
-2.57067328278635	0.665094197548339
0.165880035481028	0.0314978449610492
-1.79785205353169	0.391773074809323
-1.7934287506278	0.390727439150181
3.6449477089076	1.4449787602644
-1.79346061997896	0.390723019452767
-3.75617280639968	1.48517393103445
1.96372117107544	0.45473924627511
0.16619130625606	0.0315431724784316
0.165880035481028	0.0314978449610492
1.96276901321247	0.454520391574277
2.76330811440907	0.780761067286217
-2.57098043849301	0.664920470822356
1.96276901321247	0.454520391574277
0.161251150232847	0.0308565698216007
1.84184770666887	0.726890218717793
1.96276901321247	0.454520391574277
1.96276901321247	0.454520391574277
1.96276901321247	0.454520391574277
-1.7934287506278	0.390727439150181
-1.79785205353169	0.391773074809323
-1.79346061997896	0.390723019452767
-2.57036588579023	0.664816582891659
0.178049240810411	0.0452053813438565
-2.57036588579023	0.664816582891659
0.161251150232847	0.0308565698216007
0.165880035481028	0.0314978449610492
-1.79785205353169	0.391773074809323
2.76219840038386	0.780594539857824
2.76109157462938	0.779871501961836
1.96372117107544	0.45473924627511
-1.7934287506278	0.390727439150181
1.96276901321247	0.454520391574277
2.76109157462938	0.779871501961836
-1.00415219200353	0.397187604454455
2.76219840038386	0.780594539857824
0.963743115659934	0.255236344279286
0.16619130625606	0.0315431724784316
0.187984352048437	0.0474280610765032
-1.79785205353169	0.391773074809323
1.96276901321247	0.454520391574277
-1.79785205353169	0.391773074809323
0.963214248695465	0.255090594573707
-2.57036588579023	0.664816582891659
1.84570196896662	0.728945119955139
0.165088029467664	0.0313824661178469
1.96372117107544	0.45473924627511
2.76330811440907	0.780761067286217
0.165088029467664	0.0313824661178469
2.76559849788836	0.78194178274137
1.96684138854469	0.455504908505281
-0.613158918177153	0.148231887572971
0.160144755571284	0.0306956063740573
0.165088029467664	0.0313824661178469
-1.7934287506278	0.390727439150181
-1.79346061997896	0.390723019452767
-1.79346061997896	0.390723019452767
-1.7934287506278	0.390727439150181
0.16619130625606	0.0315431724784316
-0.320281010212049	0.0918656344140368
1.96276901321247	0.454520391574277
1.47277528463141	0.49146011988965
0.962553055030982	0.254827961566665
-1.79693424859175	0.729556600315067
0.687453672774919	0.21969379736456
0.165880035481028	0.0314978449610492
0.690559056864311	0.220592978829305
1.96276901321247	0.454520391574277
0.183063896529214	0.0463401006276899
1.84525714600486	0.728756039651982
0.16619130625606	0.0315431724784316
0.957162742729009	0.253557522610441
-1.7934287506278	0.390727439150181
0.164778629348208	0.0313374327003096
1.47086646676889	0.49088731436037
-0.325582325201124	0.0933470317045756
1.96276901321247	0.454520391574277
-1.12019427196772	0.338020301365193
0.686270437198953	0.219228628867356
-0.702529153090903	0.24025873050893
2.76109157462938	0.779871501961836
0.181159179759352	0.0458876218072277
0.687001483078787	0.219402881860221
-0.613682540053849	0.148388769407339
0.963743115659934	0.255236344279286
-0.612487701707529	0.148134994320372
-3.07822553691956	0.950796797182827
1.47032706033056	0.490703617760438
-2.04896945823684	0.93265893552962
1.96276901321247	0.454520391574277
0.169566032486793	0.032038095111837
2.76559849788836	0.78194178274137
1.96276901321247	0.454520391574277
0.961881298984383	0.254903830883264
0.16619130625606	0.0315431724784316
-3.0729809879685	0.948009080411761
-1.7934287506278	0.390727439150181
0.184971072095669	0.0467387603153735
0.169248055862235	0.0319917175833404
-0.60895933746012	0.147406558741333
-0.613682540053849	0.148388769407339
-0.331432979676728	0.0949515324990773
0.187300583927818	0.0472598613580206
2.76109157462938	0.779871501961836
-1.7934287506278	0.390727439150181
0.165880035481028	0.0314978449610492
0.161251150232847	0.0308565698216007
-0.329512287054466	0.094417417841927
-1.12019427196772	0.338020301365193
1.83438379793333	0.723158469152769
0.165880035481028	0.0314978449610492
0.183073792285235	0.0549481693591362
0.165088029467664	0.0313824661178469
0.963743115659934	0.255236344279286
2.76330811440907	0.780761067286217
0.16619130625606	0.0315431724784316
1.96684138854469	0.455504908505281
1.05804592236107	0.404331959594976
-0.0634420345184847	0.0250899832244264
0.181159179759352	0.0458876218072277
-3.74768468038373	1.47913744090943
-3.07350260546998	0.94852963330217
0.172500777446168	0.0591472284053665
0.963743115659934	0.255236344279286
-0.330698472981565	0.0947716626031445
2.76330811440907	0.780761067286217
2.76559849788836	0.78194178274137
0.181159179759352	0.0458876218072277
0.169566032486793	0.032038095111837
-0.614345716129905	0.14867066764313
0.181837521716867	0.0460537144756759
1.06264198810457	0.406540438452512
-1.1182849071041	0.337405124817419
-1.1258777723839	0.339888304991231
0.182515705814395	0.0461929473161663
-0.701794429638729	0.239974906557054
0.18374299244507	0.0464795790495071
-0.612487701707529	0.148134994320372
3.6449477089076	1.4449787602644
-0.613682540053849	0.148388769407339
0.18374299244507	0.0464795790495071
0.176139035531232	0.0447669868764769
3.65119667594504	1.44884031306495
0.688637326691298	0.220082192676685
3.27152519356808	1.11907150574555
0.187984352048437	0.0474280610765032
1.96276901321247	0.454520391574277
-1.79913083573714	0.730688065905454
1.06301156133644	0.406541088935866
0.164778629348208	0.0313374327003096
0.963743115659934	0.255236344279286
-0.32485451718176	0.0931499749349684
-0.326310377140785	0.0935168437296262
0.550585584584045	0.199969616725774
-3.07928878926676	0.951136693928373
-3.07402416243152	0.948685276185543
-1.12396372987595	0.33934973605565
0.188667958543402	0.04756856032199
-3.07928878926676	0.951136693928373
3.27152519356808	1.11907150574555
0.16619130625606	0.0315431724784316
1.96372117107544	0.45473924627511
-1.7934287506278	0.390727439150181
-1.79346061997896	0.390723019452767
1.96372117107544	0.45473924627511
-1.79785205353169	0.391773074809323
-2.57067328278635	0.665094197548339
1.85151100608139	0.731488521526503
-0.118832847756901	0.0423587664894206
-2.57554526884402	0.666976966437407
1.96276901321247	0.454520391574277
0.962025660417238	0.254682745005495
-0.613012730411062	0.148202450577793
0.173841338161581	0.0596051278079202
-0.703264262088321	0.240508331840629
-0.201906699363454	0.0650030146049408
0.963214248695465	0.255090594573707
-3.07350260546998	0.94852963330217
-0.613158918177153	0.148231887572971
0.165880035481028	0.0314978449610492
-0.613682540053849	0.148388769407339
0.16619130625606	0.0315431724784316
-0.320548811537412	0.09196618419473
0.962025660417238	0.254682745005495
0.548446031553528	0.199065921260852
0.16619130625606	0.0315431724784316
0.18374299244507	0.0464795790495071
0.687453672774919	0.21969379736456
0.963743115659934	0.255236344279286
0.185076110728506	0.0555416222332281
0.184291063239428	0.0465991085839434
-0.329512287054466	0.094417417841927
2.76219840038386	0.780594539857824
0.165880035481028	0.0314978449610492
-1.7934287506278	0.390727439150181
0.963214248695465	0.255090594573707
-1.25350234343216	0.562472648156641
0.188667958543402	0.04756856032199
0.18374299244507	0.0464795790495071
0.962025660417238	0.254682745005495
-1.1182849071041	0.337405124817419
0.962553055030982	0.254827961566665
0.963743115659934	0.255236344279286
1.06617372355811	0.407558548909343
-1.12086886051128	0.33811902750598
0.697539161689842	0.222938108752217
-2.57067328278635	0.665094197548339
0.686721713829268	0.219371725498129
0.690559056864311	0.220592978829305
-0.612487701707529	0.148134994320372
-3.45375537289784	1.2267719146559
0.962025660417238	0.254682745005495
-2.57067328278635	0.665094197548339
-0.614206104379299	0.148455859250315
-1.7934287506278	0.390727439150181
2.13386142848874	0.963951590957412
-0.613012730411062	0.148202450577793
0.165880035481028	0.0314978449610492
-1.79799823071143	0.730058439715731
-0.32685310795758	0.0937088146974829
1.83904259060411	0.725255788020061
-1.7934287506278	0.390727439150181
-0.613682540053849	0.148388769407339
0.183610895194862	0.0464322674344966
-0.123220651484122	0.0438507532384957
0.164778629348208	0.0313374327003096
1.4745635305468	0.492365493098567
-0.703651055748467	0.240588737528622
-0.612487701707529	0.148134994320372
3.94011940400443	1.7432966017604
-0.324126952894347	0.0929244396746841
0.17126650450407	0.0663041273338479
1.06078959666294	0.405437996491229
-0.613012730411062	0.148202450577793
0.165759159342809	0.0641584131500615
1.10924790902835	0.685100803583977
-0.755111718030903	0.327487465643262
-1.46435153449532	0.736426287452659
-0.121819604516068	0.0433585739871293
0.811955712042735	0.488802237280373
3.64995436887393	1.44813448599007
-1.49320671887845	0.530373211909872
1.4745635305468	0.492365493098567
-0.325582325201124	0.0933470317045756
-0.703651055748467	0.240588737528622
3.6449477089076	1.4449787602644
-2.57036588579023	0.664816582891659
-1.25847725986996	0.565797109462532
-1.00448642825666	0.397437675069127
-0.324393158207149	0.0929933012825356
3.27272750868887	1.11966450015405
0.687453672774919	0.21969379736456
0.685539141555545	0.218907224669263
0.693668977910988	0.221707820486434
0.186752657299631	0.0471525522204707
-0.763487603028372	0.411281381059651
0.174045724149933	0.0524237595938313
-0.702142591343233	0.240009967793785
1.35570706486664	0.600317965337133
-0.0718813305246367	0.0282660616117607
0.169566032486793	0.032038095111837
-1.7934287506278	0.390727439150181
-0.613804976594409	0.148553206549543
3.27152519356808	1.11907150574555
1.96684138854469	0.455504908505281
0.962553055030982	0.254827961566665
0.165088029467664	0.0313824661178469
1.96372117107544	0.45473924627511
-1.7934287506278	0.390727439150181
3.27272750868887	1.11966450015405
-1.79346061997896	0.390723019452767
-1.7934287506278	0.390727439150181
1.96276901321247	0.454520391574277
2.76109157462938	0.779871501961836
-1.12519556185123	0.339754109482426
0.964934921520073	0.255476948633611
-1.11957460536364	0.337866341493547
0.165088029467664	0.0313824661178469
1.96372117107544	0.45473924627511
-0.618535635333325	0.149538863092151
3.94404333145349	1.74617514669156
0.165088029467664	0.0313824661178469
1.96372117107544	0.45473924627511
0.165880035481028	0.0314978449610492
-0.619069360213747	0.149654914653121
1.47525146835293	0.492648627415429
-0.203686449811516	0.0655556144258791
-0.464131359208369	0.239986185831399
0.18374299244507	0.0464795790495071
-1.79346061997896	0.390723019452767
1.47155078449581	0.491168545293048
1.96372117107544	0.45473924627511
0.963743115659934	0.255236344279286
-0.502824622854512	0.189653352789705
-0.554545853885512	0.498443353241831
-0.242414985299165	0.149330864908507
-0.0044765861717097	0.0020935059490849
0.470214630529904	0.190887743886364
1.08689352395271	0.530899521060822
0.922501994568226	0.500870462111911
0.962025660417238	0.254682745005495
-2.57067328278635	0.665094197548339
1.96372117107544	0.45473924627511
-2.57067328278635	0.665094197548339
0.963743115659934	0.255236344279286
-1.79346061997896	0.390723019452767
0.16619130625606	0.0315431724784316
-1.79346061997896	0.390723019452767
-0.611962616144159	0.147977912487881
2.76219840038386	0.780594539857824
-1.7934287506278	0.390727439150181
-0.60895933746012	0.147406558741333
1.83438379793333	0.723158469152769
0.962553055030982	0.254827961566665
2.76559849788836	0.78194178274137
-0.613012730411062	0.148202450577793
0.181506584145918	0.0972227618207726
-0.198045826596271	0.0637553577032532
-0.491888763967548	0.185206039733237
0.555239766445707	0.201780832151434
1.96372117107544	0.45473924627511
2.76559849788836	0.78194178274137
0.963214248695465	0.255090594573707
0.968469219672053	0.25651021792255
-1.79346061997896	0.390723019452767
0.961881298984383	0.254903830883264
-0.608428787479893	0.147248610626808
-0.614206104379299	0.148455859250315
1.96684138854469	0.455504908505281
0.164778629348208	0.0313374327003096
0.165880035481028	0.0314978449610492
0.165088029467664	0.0313824661178469
-1.79346061997896	0.390723019452767
1.96372117107544	0.45473924627511
1.96276901321247	0.454520391574277
-1.79785205353169	0.391773074809323
0.169248055862235	0.0319917175833404
0.16619130625606	0.0315431724784316
1.46910411205871	0.490049168285487
-0.617339897765464	0.149284387408846
0.966736740010186	0.256029100393941
0.473807985851424	0.192496599135712
-1.65932293316474	0.934488882921465
0.470826153742671	0.191146424486493
-2.57522664974505	0.666917731403372
-0.322936466881447	0.0925708388690686
0.165880035481028	0.0314978449610492
1.06375255943934	0.407031400293661
-0.370423310167698	0.251771291892991
-0.212729896423973	0.104891969746603
0.923919803756443	0.501926629303299
0.186752657299631	0.0471525522204707
0.627088941487675	0.330467968303031
2.5833378064905	1.45066704691079
-2.57098043849301	0.664920470822356
-3.44686848748983	1.22339694388155
2.76219840038386	0.780594539857824
-0.611962616144159	0.147977912487881
0.160144755571284	0.0306956063740573
0.961881298984383	0.254903830883264
1.47032706033056	0.490703617760438
2.76109157462938	0.779871501961836
-2.57522664974505	0.666917731403372
2.76219840038386	0.780594539857824
2.76109157462938	0.779871501961836
2.76330811440907	0.780761067286217
0.963214248695465	0.255090594573707
0.176825054435177	0.0449204608148946
-0.955633680315855	0.469059081581706
-1.50142880975048	0.534054734577795
0.567072064972236	0.330165995287837
0.165088029467664	0.0313824661178469
-1.7934287506278	0.390727439150181
1.96276901321247	0.454520391574277
0.165088029467664	0.0313824661178469
-2.57554526884402	0.666976966437407
-1.79346061997896	0.390723019452767
0.184291063239428	0.0465991085839434
0.160144755571284	0.0306956063740573
2.76109157462938	0.779871501961836
1.96372117107544	0.45473924627511
0.161251150232847	0.0308565698216007
0.16619130625606	0.0315431724784316
-1.79346061997896	0.390723019452767
-0.613682540053849	0.148388769407339
1.96372117107544	0.45473924627511
0.16619130625606	0.0315431724784316
-1.7934287506278	0.390727439150181
2.76219840038386	0.780594539857824
0.181837521716867	0.0460537144756759
1.83904259060411	0.725255788020061
2.76219840038386	0.780594539857824
0.959543454922691	0.254205280821647
3.64995436887393	1.44813448599007
-0.613012730411062	0.148202450577793
-1.11884555197394	0.337481516657706
-0.613012730411062	0.148202450577793
2.76671632811135	0.782410087450427
0.16619130625606	0.0315431724784316
0.165880035481028	0.0314978449610492
-1.11896025029368	0.337616084496264
-0.196606144995592	0.0633346995977349
-0.193367241020068	0.0623371853793179
0.182858951290242	0.106135503224732
1.08174090283251	0.527955113199031
3.64618465324491	1.4458034047001
0.554170265139292	0.201310818357217
0.165088029467664	0.0313824661178469
-0.613158918177153	0.148231887572971
0.552010634561459	0.20046264360567
0.962025660417238	0.254682745005495
1.96372117107544	0.45473924627511
1.96372117107544	0.45473924627511
0.165880035481028	0.0314978449610492
0.164778629348208	0.0313374327003096
-0.611962616144159	0.147977912487881
1.96684138854469	0.455504908505281
2.76671632811135	0.782410087450427
0.164778629348208	0.0313374327003096
0.963214248695465	0.255090594573707
0.963743115659934	0.255236344279286
0.968469219672053	0.25651021792255
0.959543454922691	0.254205280821647
0.16619130625606	0.0315431724784316
0.713906415672812	0.33698145815023
0.167889275021725	0.0576253650682983
-0.317416018020803	0.0910574544988895
-1.12519556185123	0.339754109482426
-1.79346061997896	0.390723019452767
-1.79346061997896	0.390723019452767
0.16619130625606	0.0315431724784316
1.96276901321247	0.454520391574277
1.96684138854469	0.455504908505281
-2.57554526884402	0.666976966437407
1.46964366147565	0.490422889690681
-0.769865539430477	0.502089532030948
0.967933372585482	0.256362285789635
0.164778629348208	0.0313374327003096
1.96372117107544	0.45473924627511
-1.79346061997896	0.390723019452767
0.967933372585482	0.256362285789635
0.184464531049921	0.0631356689023766
-0.222579786970589	0.109904571932678
-0.211294104583029	0.135595778525925
-0.292933968165771	0.13332190716469
-0.331993943722139	0.0950999538773194
0.468827722244206	0.190230448930594
2.76219840038386	0.780594539857824
0.161251150232847	0.0308565698216007
-1.79346061997896	0.390723019452767
-1.79346061997896	0.390723019452767
0.160144755571284	0.0306956063740573
0.173416974613078	0.075677272557146
-1.79766606524237	0.730020629935894
-1.50289020322423	0.534512321528133
0.169248055862235	0.0319917175833404
-1.79346061997896	0.390723019452767
-1.7934287506278	0.390727439150181
0.169248055862235	0.0319917175833404
-1.79346061997896	0.390723019452767
0.169248055862235	0.0319917175833404
-0.613682540053849	0.148388769407339
1.35636045207216	0.600949327384119
0.356278098641964	0.199486429324889
0.183063896529214	0.0463401006276899
0.962553055030982	0.254827961566665
1.96276901321247	0.454520391574277
0.692481142426252	0.221366284684109
0.80576828026315	0.763576191138605
-0.28878361972458	0.131329324109564
0.178820853869998	0.0612698080138397
0.692481142426252	0.221366284684109
-0.326310377140785	0.0935168437296262
0.164778629348208	0.0313374327003096
1.96276901321247	0.454520391574277
1.96372117107544	0.45473924627511
1.47579162106182	0.492713238749138
2.76109157462938	0.779871501961836
1.96372117107544	0.45473924627511
0.177362298643623	0.0450515694227369
-1.7934287506278	0.390727439150181
-1.79346061997896	0.390723019452767
0.165088029467664	0.0313824661178469
-1.79346061997896	0.390723019452767
2.76671632811135	0.782410087450427
1.96276901321247	0.454520391574277
0.165880035481028	0.0314978449610492
0.962553055030982	0.254827961566665
-1.7934287506278	0.390727439150181
1.46910411205871	0.490049168285487
0.685539141555545	0.218907224669263
-0.508129899938489	0.191803653008602
0.182515705814395	0.0461929473161663
-0.619069360213747	0.149654914653121
0.182336403143595	0.0547549505032696
0.175528710194884	0.0601682623632123
0.172879456781673	0.0668664345803421
-0.366923986553794	0.151522574693312
-1.11896025029368	0.337616084496264
0.68278086909504	0.218093717626154
1.96276901321247	0.454520391574277
1.06836139957449	0.408794416634394
1.96276901321247	0.454520391574277
0.164778629348208	0.0313374327003096
1.96684138854469	0.455504908505281
-1.79346061997896	0.390723019452767
0.164778629348208	0.0313374327003096
-2.57067328278635	0.665094197548339
0.16619130625606	0.0315431724784316
0.178049240810411	0.0452053813438565
-2.57036588579023	0.664816582891659
-1.7934287506278	0.390727439150181
-1.12519556185123	0.339754109482426
-2.57036588579023	0.664816582891659
0.181159179759352	0.0458876218072277
1.96372117107544	0.45473924627511
-2.57067328278635	0.665094197548339
-1.11951983581622	0.337809535545767
1.96276901321247	0.454520391574277
3.64871284900552	1.44691597652701
0.41751595322331	0.18993514319526
0.569654483006648	0.332635606620973
0.693668977910988	0.221707820486434
1.4745635305468	0.492365493098567
-1.11760971687047	0.337077079720442
1.3509899510682	0.597807360301759
-0.459866546491049	0.237612413140275
-1.30133714603042	0.805154832130386
-0.58169175877382	0.276267019515021
-1.25122982966508	0.561359418848618
0.181837521716867	0.0460537144756759
0.177694321152834	0.0687605170376194
1.96372117107544	0.45473924627511
1.96276901321247	0.454520391574277
2.76109157462938	0.779871501961836
0.161251150232847	0.0308565698216007
0.160144755571284	0.0306956063740573
1.96684138854469	0.455504908505281
1.96684138854469	0.455504908505281
-1.79346061997896	0.390723019452767
0.165088029467664	0.0313824661178469
0.188667958543402	0.04756856032199
-0.708961798888886	0.242591076534355
0.164778629348208	0.0313374327003096
0.554170265139292	0.201310818357217
0.174504111440695	0.0598231088959162
0.165088029467664	0.0313824661178469
0.961881298984383	0.254903830883264
0.164778629348208	0.0313374327003096
-1.79785205353169	0.391773074809323
-1.79346061997896	0.390723019452767
-1.79346061997896	0.390723019452767
0.164778629348208	0.0313374327003096
0.176825054435177	0.0449204608148946
2.14272056901929	0.969228191398377
0.165880035481028	0.0314978449610492
0.963743115659934	0.255236344279286
1.46910411205871	0.490049168285487
0.413083075597262	0.187812165716737
-0.476452782076261	0.2474983664225
-0.497911182849863	0.187527814828396
0.967271104517323	0.256176548116206
-1.11896025029368	0.337616084496264
0.169248055862235	0.0319917175833404
1.96684138854469	0.455504908505281
0.165880035481028	0.0314978449610492
1.96372117107544	0.45473924627511
0.957162742729009	0.253557522610441
1.96372117107544	0.45473924627511
0.16619130625606	0.0315431724784316
-0.613158918177153	0.148231887572971
-2.57036588579023	0.664816582891659
0.188667958543402	0.04756856032199
0.692932973591989	0.221383018666362
2.76109157462938	0.779871501961836
-3.07402416243152	0.948685276185543
-1.7934287506278	0.390727439150181
-1.7934287506278	0.390727439150181
-2.57067328278635	0.665094197548339
1.96276901321247	0.454520391574277
2.76219840038386	0.780594539857824
2.76559849788836	0.78194178274137
-0.32485451718176	0.0931499749349684
-0.0365534932248778	0.0157376396227794
-0.585962635472919	0.278706522412514
-0.125195139764033	0.0445585867606258
-3.45307509546519	1.22686211973226
1.35064130120685	0.597863106700744
0.686721713829268	0.219371725498129
3.27032462336087	1.11801013776878
-1.79346061997896	0.390723019452767
0.963214248695465	0.255090594573707
-0.0709007836534677	0.0278882844105575
1.05878746464103	0.40482083139178
0.687904703717867	0.219759625438134
0.16619130625606	0.0315431724784316
-1.7934287506278	0.390727439150181
-1.79346061997896	0.390723019452767
-1.7934287506278	0.390727439150181
2.76671632811135	0.782410087450427
0.164625296117395	0.0313507498370328
-1.79346061997896	0.390723019452767
-0.611962616144159	0.147977912487881
0.718435275402613	0.339720316166281
0.167849429477247	0.0732677810227805
-0.464484501237533	0.388971351741587
-1.06529589170107	0.717225814324209
-1.49753171438992	0.532305096548695
0.188945802287326	0.0566034382337498
-0.073724423019638	0.0289995321134745
3.27152519356808	1.11907150574555
2.76109157462938	0.779871501961836
1.96684138854469	0.455504908505281
0.165880035481028	0.0314978449610492
1.96276901321247	0.454520391574277
1.96372117107544	0.45473924627511
0.165088029467664	0.0313824661178469
0.963743115659934	0.255236344279286
0.177362298643623	0.0450515694227369
-0.762340284314577	0.409842491384599
-0.197961486462631	0.0637876154388623
0.487165675425447	0.198229906819303
1.96372117107544	0.45473924627511
-0.613012730411062	0.148202450577793
-1.7934287506278	0.390727439150181
2.76559849788836	0.78194178274137
-1.7934287506278	0.390727439150181
-1.7934287506278	0.390727439150181
2.76109157462938	0.779871501961836
-1.7934287506278	0.390727439150181
-0.613682540053849	0.148388769407339
-0.60895933746012	0.147406558741333
-1.79346061997896	0.390723019452767
1.96276901321247	0.454520391574277
1.96372117107544	0.45473924627511
1.96372117107544	0.45473924627511
-0.141112753365286	0.0500954394222219
0.418557657826042	0.19037994693221
0.165880035481028	0.0314978449610492
3.64618465324491	1.4458034047001
1.96372117107544	0.45473924627511
0.964934921520073	0.255476948633611
-0.19866808684961	0.0640066499155127
0.33375800263055	0.232043919429318
-1.45133406821936	0.999426352901855
-0.762539282093664	0.410638496254678
-0.703604701863641	0.240656194919364
0.710401578163321	0.334648827056251
-0.201906699363454	0.0650030146049408
-0.323664690407152	0.0927962418225715
2.76109157462938	0.779871501961836
0.16619130625606	0.0315431724784316
1.96684138854469	0.455504908505281
0.165880035481028	0.0314978449610492
-1.11951983581622	0.337809535545767
0.963214248695465	0.255090594573707
0.164778629348208	0.0313374327003096
-2.57067328278635	0.665094197548339
2.76219840038386	0.780594539857824
0.187984352048437	0.0474280610765032
0.6263692812698	0.329472325451899
-0.131592969283978	0.046740410630932
2.58633351266151	1.45364169633544
1.96276901321247	0.454520391574277
0.967271104517323	0.256176548116206
1.96684138854469	0.455504908505281
3.64618465324491	1.4458034047001
2.76219840038386	0.780594539857824
-3.07350260546998	0.94852963330217
0.962025660417238	0.254682745005495
0.165088029467664	0.0313824661178469
-1.79346061997896	0.390723019452767
0.165088029467664	0.0313824661178469
-1.79346061997896	0.390723019452767
-3.07350260546998	0.94852963330217
-3.07454565876188	0.948489134275984
1.4745635305468	0.492365493098567
-1.79346061997896	0.390723019452767
-2.57067328278635	0.665094197548339
-1.7934287506278	0.390727439150181
1.96276901321247	0.454520391574277
0.962553055030982	0.254827961566665
0.185076110728506	0.0555416222332281
1.06227192186728	0.40611816355748
-1.25292634738104	0.562158900236561
-2.57036588579023	0.664816582891659
0.169566032486793	0.032038095111837
1.96372117107544	0.45473924627511
0.182384642090162	0.0461735738884295
-2.57067328278635	0.665094197548339
-4.56469829975982	2.50228543165262
0.979338754433939	0.667714120657072
-0.125232557551052	0.0445220317733553
-1.14459554085305	0.635948604491747
-3.44686848748983	1.22339694388155
-1.26110664054038	0.56698890428463
-0.585624368724838	0.278336336245358
-2.58013588785136	0.668674470410509
1.47525146835293	0.492648627415429
0.165088029467664	0.0313824661178469
-0.195896300806791	0.0631110974355499
2.76219840038386	0.780594539857824
0.164778629348208	0.0313374327003096
-0.618535635333325	0.149538863092151
1.46910411205871	0.490049168285487
-1.11760971687047	0.337077079720442
0.182388180147637	0.105827391324996
-0.500482624855524	0.188651252858163
0.688637326691298	0.220082192676685
-0.613158918177153	0.148231887572971
-1.01155763856791	0.400601693777706
2.76219840038386	0.780594539857824
-1.79785205353169	0.391773074809323
-0.335402649805435	0.0960160240054412
-3.07875719123617	0.951227905765892
1.96276901321247	0.454520391574277
-2.57067328278635	0.665094197548339
0.967271104517323	0.256176548116206
-1.7934287506278	0.390727439150181
2.76219840038386	0.780594539857824
1.96372117107544	0.45473924627511
-1.79346061997896	0.390723019452767
-4.00445759317147	1.73529487098312
-2.57098043849301	0.664920470822356
-1.11760971687047	0.337077079720442
0.16619130625606	0.0315431724784316
0.182281708516407	0.0461365657769329
-3.07402416243152	0.948685276185543
0.164778629348208	0.0313374327003096
-1.11458449535005	0.336227635184335
0.184291063239428	0.0465991085839434
0.183063896529214	0.0463401006276899
-1.1245135089551	0.339452387639693
-0.609489833121369	0.147475344257464
0.181598622209813	0.0545451831920276
-0.744216121275988	0.321768796683503
0.184971072095669	0.0467387603153735
0.686270437198953	0.219228628867356
0.548515509988744	0.199132914018316
-3.44754089021611	1.22379406077669
-1.79346061997896	0.390723019452767
-0.330698472981565	0.0947716626031445
0.691745806165962	0.221041871886146
3.27631781619437	1.12171855032085
-3.07402416243152	0.948685276185543
-0.69828209728105	0.238636183590358
0.687453672774919	0.21969379736456
0.958352222975233	0.253964848564806
-0.205468555929269	0.0660730669719287
-1.7934287506278	0.390727439150181
0.165880035481028	0.0314978449610492
0.964404580081594	0.255330782344719
0.962025660417238	0.254682745005495
1.35170505429441	0.598459395279544
-1.11896025029368	0.337616084496264
0.681600849226051	0.217707538421281
0.16619130625606	0.0315431724784316
-1.50289020322423	0.534512321528133
-0.32485451718176	0.0931499749349684
1.96276901321247	0.454520391574277
0.187984352048437	0.0474280610765032
0.188667958543402	0.04756856032199
0.958352222975233	0.253964848564806
1.96372117107544	0.45473924627511
1.06063740894654	0.405466440477548
-1.7934287506278	0.390727439150181
2.76109157462938	0.779871501961836
-2.57067328278635	0.665094197548339
-1.11458449535005	0.336227635184335
-1.79346061997896	0.390723019452767
0.165088029467664	0.0313824661178469
-1.7934287506278	0.390727439150181
-0.613158918177153	0.148231887572971
2.76559849788836	0.78194178274137
-2.57036588579023	0.664816582891659
-2.57036588579023	0.664816582891659
0.963214248695465	0.255090594573707
0.181159179759352	0.0458876218072277
-0.612487701707529	0.148134994320372
0.161251150232847	0.0308565698216007
1.96276901321247	0.454520391574277
-2.57067328278635	0.665094197548339
-3.07454565876188	0.948489134275984
1.96372117107544	0.45473924627511
-3.07402416243152	0.948685276185543
0.164778629348208	0.0313374327003096
0.165088029467664	0.0313824661178469
0.164778629348208	0.0313374327003096
1.96276901321247	0.454520391574277
3.27393157336313	1.11982869858365
1.4745635305468	0.492365493098567
0.181159179759352	0.0458876218072277
-1.7934287506278	0.390727439150181
0.962025660417238	0.254682745005495
0.165880035481028	0.0314978449610492
0.18374299244507	0.0464795790495071
1.96276901321247	0.454520391574277
1.96372117107544	0.45473924627511
0.687453672774919	0.21969379736456
2.76219840038386	0.780594539857824
2.76671632811135	0.782410087450427
0.164778629348208	0.0313374327003096
1.96372117107544	0.45473924627511
0.164778629348208	0.0313374327003096
1.96276901321247	0.454520391574277
1.96372117107544	0.45473924627511
-1.79346061997896	0.390723019452767
1.96372117107544	0.45473924627511
1.96372117107544	0.45473924627511
0.160144755571284	0.0306956063740573
0.165088029467664	0.0313824661178469
-2.57067328278635	0.665094197548339
-1.79785205353169	0.391773074809323
-1.79346061997896	0.390723019452767
-1.7934287506278	0.390727439150181
-0.612487701707529	0.148134994320372
0.164778629348208	0.0313374327003096
0.962553055030982	0.254827961566665
-1.7934287506278	0.390727439150181
1.96276901321247	0.454520391574277
0.165088029467664	0.0313824661178469
0.165880035481028	0.0314978449610492
-1.7934287506278	0.390727439150181
-2.57554526884402	0.666976966437407
-2.57067328278635	0.665094197548339
2.76219840038386	0.780594539857824
1.84302870233133	0.727219634707302
0.16619130625606	0.0315431724784316
-1.7934287506278	0.390727439150181
-1.79346061997896	0.390723019452767
-1.79346061997896	0.390723019452767
1.96684138854469	0.455504908505281
-0.614206104379299	0.148455859250315
-1.7934287506278	0.390727439150181
-0.612487701707529	0.148134994320372
1.96684138854469	0.455504908505281
0.963743115659934	0.255236344279286
1.96276901321247	0.454520391574277
1.96276901321247	0.454520391574277
0.957162742729009	0.253557522610441
1.96276901321247	0.454520391574277
0.165088029467664	0.0313824661178469
-1.79346061997896	0.390723019452767
1.96684138854469	0.455504908505281
0.963743115659934	0.255236344279286
1.96372117107544	0.45473924627511
1.96372117107544	0.45473924627511
-1.79346061997896	0.390723019452767
2.76671632811135	0.782410087450427
-1.7934287506278	0.390727439150181
0.963214248695465	0.255090594573707
1.96276901321247	0.454520391574277
1.96372117107544	0.45473924627511
-1.79346061997896	0.390723019452767
-1.79346061997896	0.390723019452767
-1.79346061997896	0.390723019452767
-1.79785205353169	0.391773074809323
-2.57554526884402	0.666976966437407
1.96276901321247	0.454520391574277
1.96372117107544	0.45473924627511
1.96276901321247	0.454520391574277
-1.7934287506278	0.390727439150181
-1.79346061997896	0.390723019452767
-1.7934287506278	0.390727439150181
0.16619130625606	0.0315431724784316
-1.79346061997896	0.390723019452767
1.96276901321247	0.454520391574277
1.96372117107544	0.45473924627511
1.96372117107544	0.45473924627511
1.96276901321247	0.454520391574277
1.96372117107544	0.45473924627511
1.96276901321247	0.454520391574277
0.164625296117395	0.0313507498370328
1.96372117107544	0.45473924627511
1.96372117107544	0.45473924627511
1.96276901321247	0.454520391574277
0.169248055862235	0.0319917175833404
0.169248055862235	0.0319917175833404
-2.57067328278635	0.665094197548339
-0.612487701707529	0.148134994320372
-1.79785205353169	0.391773074809323
-0.612487701707529	0.148134994320372
-1.79346061997896	0.390723019452767
-2.57067328278635	0.665094197548339
-1.79785205353169	0.391773074809323
-3.07402416243152	0.948685276185543
-1.79785205353169	0.391773074809323
-0.611962616144159	0.147977912487881
-2.57067328278635	0.665094197548339
0.165880035481028	0.0314978449610492
0.183610895194862	0.0464322674344966
0.165880035481028	0.0314978449610492
-2.57522664974505	0.666917731403372
-1.7934287506278	0.390727439150181
-1.79346061997896	0.390723019452767
-2.57522664974505	0.666917731403372
0.165088029467664	0.0313824661178469
-1.79346061997896	0.390723019452767
-1.79346061997896	0.390723019452767
1.96276901321247	0.454520391574277
0.16619130625606	0.0315431724784316
1.96276901321247	0.454520391574277
1.96276901321247	0.454520391574277
0.181837521716867	0.0460537144756759
0.962025660417238	0.254682745005495
0.962553055030982	0.254827961566665
0.160144755571284	0.0306956063740573
3.27393157336313	1.11982869858365
0.16619130625606	0.0315431724784316
1.96684138854469	0.455504908505281
-1.7934287506278	0.390727439150181
0.165880035481028	0.0314978449610492
-1.00340310411483	0.396780300923095
-0.32485451718176	0.0931499749349684
-1.11896025029368	0.337616084496264
-1.8018209860465	0.732336264923416
-1.00306966229617	0.39683135622738
-1.7950708830499	0.728293940093954
0.181837521716867	0.0460537144756759
0.964934921520073	0.255476948633611
0.183063896529214	0.0463401006276899
1.06153095853073	0.405927487776779
0.686270437198953	0.219228628867356
3.94131434673369	1.74409517718346
-1.11951983581622	0.337809535545767
-3.74479839827737	1.4781183796158
-0.613158918177153	0.148231887572971
0.962025660417238	0.254682745005495
0.179731047800424	0.0540108619593111
1.98620931438523	1.25210296435818
0.165088029467664	0.0313824661178469
0.686270437198953	0.219228628867356
2.76330811440907	0.780761067286217
0.961881298984383	0.254903830883264
0.182384642090162	0.0461735738884295
-0.326771057218117	0.0936418390224184
1.96276901321247	0.454520391574277
-0.325663137440616	0.0933864485177264
-0.613682540053849	0.148388769407339
-1.12519556185123	0.339754109482426
-0.608428787479893	0.147248610626808
-1.49825523114142	0.532562193916483
-1.12086886051128	0.33811902750598
0.182384642090162	0.0461735738884295
0.686721713829268	0.219371725498129
-0.692936290629554	0.236589584649759
0.16619130625606	0.0315431724784316
-1.12019427196772	0.338020301365193
-1.46637226476938	0.73808363463249
1.05767805940452	0.40430204105456
1.46964366147565	0.490422889690681
-1.1152634133402	0.336439469187697
-0.193735099625946	0.0624393983877589
0.550585584584045	0.199969616725774
-0.320548811537412	0.09196618419473
0.16619130625606	0.0315431724784316
-3.07454565876188	0.948489134275984
-1.7934287506278	0.390727439150181
-0.325582325201124	0.0933470317045756
0.178049240810411	0.0452053813438565
0.16619130625606	0.0315431724784316
-0.611962616144159	0.147977912487881
-1.00198766685669	0.396175079052544
0.967933372585482	0.256362285789635
-1.79785205353169	0.391773074809323
0.183063896529214	0.0463401006276899
0.687904703717867	0.219759625438134
0.165880035481028	0.0314978449610492
0.165088029467664	0.0313824661178469
-0.613682540053849	0.148388769407339
0.183063896529214	0.0463401006276899
0.963743115659934	0.255236344279286
-1.11951983581622	0.337809535545767
-0.700673100063675	0.23947715305123
-1.7934287506278	0.390727439150181
0.173675896434513	0.0522954303204406
-0.495848105642275	0.186769649159627
0.184338509014023	0.0553315106563962
0.186191748429242	0.055843722836046
1.090873223338	0.533536423719239
2.13662167910708	0.965753673826741
2.58532225023263	1.45264161088505
1.06412114847268	0.406917855330659
0.686721713829268	0.219371725498129
-1.7934287506278	0.390727439150181
-2.57036588579023	0.664816582891659
-0.32485451718176	0.0931499749349684
-0.614206104379299	0.148455859250315
-0.204396483244111	0.0657612231111824
0.18374299244507	0.0464795790495071
0.181837521716867	0.0460537144756759
-1.1182849071041	0.337405124817419
-3.07454565876188	0.948489134275984
-2.57036588579023	0.664816582891659
1.05693634570001	0.403813519694082
0.963743115659934	0.255236344279286
0.16619130625606	0.0315431724784316
-1.26377029644958	0.568815934452661
-1.11896025029368	0.337616084496264
0.164778629348208	0.0313374327003096
-0.332737745881753	0.0953042451637104
0.688637326691298	0.220082192676685
-1.25678676903573	0.564620297932334
0.546346904865407	0.198325214127253
0.181159179759352	0.0458876218072277
0.175155035311403	0.0527334069281177
-1.50335347787301	0.534889336029958
0.687001483078787	0.219402881860221
-0.196970790009868	0.0634432336968819
0.184338509014023	0.0553315106563962
0.165880035481028	0.0314978449610492
-4.39602191444195	2.23164467833741
0.686184239500337	0.219175673536007
1.5926000408058	0.800136466406671
0.164778629348208	0.0313374327003096
0.848414965901682	0.36114715155684
-1.79346061997896	0.390723019452767
0.164778629348208	0.0313374327003096
-3.07454565876188	0.948489134275984
1.84184770666887	0.726890218717793
0.688637326691298	0.220082192676685
0.181959964224185	0.0546519449572612
-0.700673100063675	0.23947715305123
0.550229507129372	0.199823293779666
2.76109157462938	0.779871501961836
-0.202615613594689	0.0652232518828875
-0.325582325201124	0.0933470317045756
-0.622767009400713	0.150536739427417
0.686721713829268	0.219371725498129
1.96372117107544	0.45473924627511
0.180107983152346	0.0541465694868784
0.181837521716867	0.0460537144756759
1.05915506670076	0.404786600540214
-0.611962616144159	0.147977912487881
2.76330811440907	0.780761067286217
0.688637326691298	0.220082192676685
1.05952860814689	0.405011691745652
-3.44754089021611	1.22379406077669
-0.69828209728105	0.238636183590358
-1.49753171438992	0.532305096548695
-2.57067328278635	0.665094197548339
-0.74401016267534	0.321605771996981
-1.1258777723839	0.339888304991231
1.46585570298693	0.489030037475911
-0.325582325201124	0.0933470317045756
-0.700673100063675	0.23947715305123
-1.7934287506278	0.390727439150181
-0.613158918177153	0.148231887572971
-0.613158918177153	0.148231887572971
-1.11951983581622	0.337809535545767
-1.1245135089551	0.339452387639693
3.27631781619437	1.12171855032085
-3.45307509546519	1.22686211973226
1.96684138854469	0.455504908505281
1.96372117107544	0.45473924627511
-0.745838143765145	0.322552749669043
-2.57098043849301	0.664920470822356
0.161251150232847	0.0308565698216007
2.76219840038386	0.780594539857824
2.76219840038386	0.780594539857824
1.47209004689925	0.491178510113126
0.172864397881798	0.0592822657182494
1.96276901321247	0.454520391574277
0.181222403711057	0.0544586569816679
2.76559849788836	0.78194178274137
1.96276901321247	0.454520391574277
-2.57067328278635	0.665094197548339
-0.715039483836906	0.244812936335783
1.96372117107544	0.45473924627511
2.76109157462938	0.779871501961836
0.182384642090162	0.0461735738884295
-1.7934287506278	0.390727439150181
-1.49680843456756	0.531963842405938
-0.613012730411062	0.148202450577793
-3.07875719123617	0.951227905765892
1.96276901321247	0.454520391574277
0.165088029467664	0.0313824661178469
0.686721713829268	0.219371725498129
1.47648048364922	0.492996794108507
-0.613158918177153	0.148231887572971
-0.124837825991722	0.044401537177189
2.76671632811135	0.782410087450427
1.96372117107544	0.45473924627511
2.76219840038386	0.780594539857824
1.47648048364922	0.492996794108507
0.169248055862235	0.0319917175833404
1.96276901321247	0.454520391574277
-3.7511927754544	1.4825089606666
0.165088029467664	0.0313824661178469
-1.79785205353169	0.391773074809323
0.164778629348208	0.0313374327003096
0.964934921520073	0.255476948633611
0.16619130625606	0.0315431724784316
0.184291063239428	0.0465991085839434
0.182384642090162	0.0461735738884295
0.161251150232847	0.0308565698216007
0.181159179759352	0.0458876218072277
1.96372117107544	0.45473924627511
-0.330698472981565	0.0947716626031445
1.06486169296399	0.40740811103867
-1.7934287506278	0.390727439150181
-1.79346061997896	0.390723019452767
-2.57098043849301	0.664920470822356
0.164778629348208	0.0313374327003096
-1.11951983581622	0.337809535545767
1.0656018006057	0.407598291481118
1.96276901321247	0.454520391574277
-0.574347008149364	0.272030292098789
0.184291063239428	0.0465991085839434
1.84258516456861	0.727293955790375
0.687810991670165	0.219714479243284
-1.12396372987595	0.33934973605565
0.551654521195964	0.200367304145546
-0.7085818841146	0.242531688950869
-1.11951983581622	0.337809535545767
-0.490858121984585	0.184753547441339
-1.79839826083819	0.730397358466732
0.551654521195964	0.200367304145546
-1.11896025029368	0.337616084496264
-0.201906699363454	0.0650030146049408
0.172864397881798	0.0592822657182494
0.469827192531849	0.190698541732883
-1.11884555197394	0.337481516657706
-0.742999576925343	0.321112332047333
0.16619130625606	0.0315431724784316
-0.197316433582098	0.063550392412948
-0.32485451718176	0.0931499749349684
-0.502166281046843	0.189377225365948
0.555239766445707	0.201780832151434
2.76109157462938	0.779871501961836
-3.7511927754544	1.4825089606666
-3.99426960204548	1.72770098156261
1.96372117107544	0.45473924627511
1.96372117107544	0.45473924627511
-0.326771057218117	0.0936418390224184
-0.322936466881447	0.0925708388690686
0.181837521716867	0.0460537144756759
-0.497250095425204	0.187244475756107
0.627088941487675	0.330467968303031
0.173531552785268	0.0441618839867273
1.35671193477925	0.601326969297766
-0.209005384004942	0.0672209708644337
1.47032706033056	0.490703617760438
0.549160121479864	0.19934633555332
0.182515705814395	0.0461929473161663
1.47155078449581	0.491168545293048
0.967271104517323	0.256176548116206
0.182281708516407	0.0461365657769329
1.47333622017027	0.491753136545405
0.688185381402826	0.219868290083128
0.962553055030982	0.254827961566665
2.76219840038386	0.780594539857824
1.96372117107544	0.45473924627511
0.164778629348208	0.0313374327003096
-1.49753171438992	0.532305096548695
0.966736740010186	0.256029100393941
-0.323664690407152	0.0927962418225715
1.96276901321247	0.454520391574277
0.165088029467664	0.0313824661178469
-1.1182849071041	0.337405124817419
-1.49897898499855	0.532683365671509
0.16619130625606	0.0315431724784316
1.35564812089346	0.600770089805534
0.165088029467664	0.0313824661178469
0.181837521716867	0.0460537144756759
0.550585584584045	0.199969616725774
1.06174577240313	0.405819935428001
2.76109157462938	0.779871501961836
-2.57098043849301	0.664920470822356
-1.1182849071041	0.337405124817419
-0.129979551481791	0.0462019065222805
1.4745635305468	0.492365493098567
0.468214453891579	0.189971319278414
0.165880035481028	0.0314978449610492
-0.124837825991722	0.044401537177189
0.962025660417238	0.254682745005495
0.176552672502959	0.0605054209747227
-0.756722141549136	0.32826371676092
3.27993169130503	1.12298306623949
0.551654521195964	0.200367304145546
0.687904703717867	0.219759625438134
-0.619069360213747	0.149654914653121
-1.25216514834477	0.561725883236464
1.08750815001851	0.531291979888112
-1.79839826083819	0.730397358466732
-1.79346061997896	0.390723019452767
0.963214248695465	0.255090594573707
0.181743714491496	0.0460173511561772
0.174045724149933	0.0524237595938313
-0.196606144995592	0.0633346995977349
2.76330811440907	0.780761067286217
-0.612487701707529	0.148134994320372
-0.613158918177153	0.148231887572971
1.81205824365522	1.02500651628689
0.180259627624014	0.0697275608495919
1.47648048364922	0.492996794108507
3.64995436887393	1.44813448599007
-0.608428787479893	0.147248610626808
1.84066711299049	0.726365639107333
0.186752657299631	0.0471525522204707
0.182515705814395	0.0461929473161663
0.697539161689842	0.222938108752217
0.168910828881268	0.0579679737759373
-0.118832847756901	0.0423587664894206
-0.613682540053849	0.148388769407339
-2.61493966586251	1.59432569298819
-2.05243015094334	0.935186138063697
-0.956629630672282	0.469629445084352
1.80451326834185	1.01920977910889
0.552366600094505	0.200647521424049
2.13736636122811	0.966264970252144
1.84570196896662	0.728945119955139
-0.32485451718176	0.0931499749349684
1.05804592236107	0.404331959594976
-0.326771057218117	0.0936418390224184
-0.325582325201124	0.0933470317045756
-0.325582325201124	0.0933470317045756
0.169055769665861	0.0509845854978933
0.186069807523728	0.046984734903896
0.164778629348208	0.0313374327003096
-2.57067328278635	0.665094197548339
0.687904703717867	0.219759625438134
0.681600849226051	0.217707538421281
0.963214248695465	0.255090594573707
-0.618535635333325	0.149538863092151
0.174504111440695	0.0598231088959162
-3.07350260546998	0.94852963330217
-1.11951983581622	0.337809535545767
-0.613012730411062	0.148202450577793
0.426343039678716	0.194489084632255
-0.324393158207149	0.0929933012825356
1.47525146835293	0.492648627415429
1.84066711299049	0.726365639107333
-1.25254603603633	0.562193102367071
-0.696079481998497	0.237763762994826
0.178254851579563	0.0536080680261321
0.181159179759352	0.0458876218072277
-1.11963574652263	0.337715170908198
-1.66532268100477	0.938903823890336
0.686721713829268	0.219371725498129
0.182384642090162	0.0461735738884295
1.06044228361418	0.405218451099019
0.963743115659934	0.255236344279286
0.544930490938392	0.197736218289966
2.76219840038386	0.780594539857824
0.845815805906363	0.35975917327147
-3.45239496999294	1.22656388713544
1.09446319502962	0.535866721790447
0.972026783845071	0.25740024127234
1.47525146835293	0.492648627415429
0.181837521716867	0.0460537144756759
-0.210071767677059	0.0675314693327457
0.693216225774344	0.221541872050593
-0.196970790009868	0.0634432336968819
1.80512563394182	1.01928780972392
0.725328074570228	0.343576285500934
-1.7934287506278	0.390727439150181
-0.704386334982379	0.240838421723177
2.76671632811135	0.782410087450427
-2.57067328278635	0.665094197548339
0.428344007470137	0.19553090215051
0.686270437198953	0.219228628867356
0.964404580081594	0.255330782344719
0.176139035531232	0.0447669868764769
2.76219840038386	0.780594539857824
1.96276901321247	0.454520391574277
1.96684138854469	0.455504908505281
0.183063896529214	0.0463401006276899
1.05656822569342	0.40367225045814
2.76330811440907	0.780761067286217
-0.754708357191197	0.327156563295782
1.47525146835293	0.492648627415429
-1.12019427196772	0.338020301365193
0.478578710113304	0.194593314073469
-1.79785205353169	0.391773074809323
1.47579162106182	0.492713238749138
-0.614206104379299	0.148455859250315
0.164778629348208	0.0313374327003096
0.181598622209813	0.0545451831920276
0.551654521195964	0.200367304145546
0.183222271364428	0.0550052131678393
-0.504512185848928	0.190251785849138
1.09125662082009	0.533647969284778
-3.44686848748983	1.22339694388155
2.37650465928581	1.20415667498595
0.468827722244206	0.190230448930594
0.687001483078787	0.219402881860221
0.689821397698691	0.220399946218977
1.83438379793333	0.723158469152769
-0.326771057218117	0.0936418390224184
2.13847384175308	0.967026817523456
-1.79346061997896	0.390723019452767
-0.611962616144159	0.147977912487881
0.184971072095669	0.0467387603153735
-0.617339897765464	0.149284387408846
3.27510914666181	1.12076297640292
0.843422236893639	0.358554124858322
1.96276901321247	0.454520391574277
1.47086646676889	0.49088731436037
0.186752657299631	0.0471525522204707
-1.1245135089551	0.339452387639693
0.544218436165038	0.197506777270022
2.76671632811135	0.782410087450427
-0.613682540053849	0.148388769407339
0.552366600094505	0.200647521424049
1.96372117107544	0.45473924627511
1.84570196896662	0.728945119955139
3.93892487279316	1.74225767116968
-0.319086727547559	0.0915432284448938
0.469827192531849	0.190698541732883
3.27032462336087	1.11801013776878
0.962553055030982	0.254827961566665
0.164778629348208	0.0313374327003096
-2.57067328278635	0.665094197548339
0.692481142426252	0.221366284684109
-0.194443769853819	0.0626542518681332
-0.609489833121369	0.147475344257464
-1.64933544258927	0.925231514961399
3.2811485523965	1.12364699463245
0.187435346122179	0.047292837125537
-1.12396372987595	0.33934973605565
1.3617326502998	0.603819505483086
-0.609489833121369	0.147475344257464
1.84022304372881	0.72612017307568
1.35529673097699	0.600305768997688
-0.614206104379299	0.148455859250315
0.165880035481028	0.0314978449610492
-1.11884555197394	0.337481516657706
0.174541561886268	0.0598418639345934
1.96276901321247	0.454520391574277
-2.57067328278635	0.665094197548339
-2.57522664974505	0.666917731403372
-3.74551962293396	1.47870416259712
-1.7934287506278	0.390727439150181
-1.11896025029368	0.337616084496264
0.183063896529214	0.0463401006276899
-1.00377782576872	0.397156038036369
-2.57098043849301	0.664920470822356
0.164778629348208	0.0313374327003096
0.843112221571307	0.358304979544083
-1.49705816852235	0.532032217355669
-1.7934287506278	0.390727439150181
3.27032462336087	1.11801013776878
1.06486169296399	0.40740811103867
-1.7934287506278	0.390727439150181
-3.07402416243152	0.948685276185543
-0.612487701707529	0.148134994320372
0.184291063239428	0.0465991085839434
0.963214248695465	0.255090594573707
-3.07350260546998	0.94852963330217
-0.70398648315954	0.24079443492873
0.165088029467664	0.0313824661178469
-0.704386334982379	0.240838421723177
-0.698670682702589	0.238794577468402
3.94131434673369	1.74409517718346
1.30340398010253	0.725991762377807
-1.25347193887989	0.562872615625383
-1.7934287506278	0.390727439150181
0.554529317239519	0.201500781149606
3.64742237939513	1.44635997008149
-0.614206104379299	0.148455859250315
1.5926000408058	0.800136466406671
1.47155078449581	0.491168545293048
0.184971072095669	0.0467387603153735
1.80071200662155	1.01640346568284
0.552366600094505	0.200647521424049
-1.49825523114142	0.532562193916483
-1.49753171438992	0.532305096548695
1.35458372256336	0.600126054059965
0.165880035481028	0.0314978449610492
-0.324126952894347	0.0929244396746841
2.76219840038386	0.780594539857824
-1.11896025029368	0.337616084496264
-1.79346061997896	0.390723019452767
0.164778629348208	0.0313374327003096
-0.701794429638729	0.239974906557054
2.76219840038386	0.780594539857824
1.84570196896662	0.728945119955139
-1.12019427196772	0.338020301365193
0.182515705814395	0.0461929473161663
-1.00906318075178	0.399734482931109
3.93892487279316	1.74225767116968
1.10586821525081	0.682381806888523
0.691745806165962	0.221041871886146
1.05235833798367	0.401844810202421
-1.7950708830499	0.728293940093954
0.693216225774344	0.221541872050593
-0.613682540053849	0.148388769407339
0.165880035481028	0.0314978449610492
-0.326043908260378	0.0934449166225896
0.963214248695465	0.255090594573707
-0.325582325201124	0.0933470317045756
1.96276901321247	0.454520391574277
0.690495395275368	0.220542264445643
0.957162742729009	0.253557522610441
0.964934921520073	0.255476948633611
-1.50142880975048	0.534054734577795
0.183063896529214	0.0463401006276899
0.963743115659934	0.255236344279286
3.27152519356808	1.11907150574555
-3.0729809879685	0.948009080411761
0.164778629348208	0.0313374327003096
0.968469219672053	0.25651021792255
-2.57067328278635	0.665094197548339
0.688637326691298	0.220082192676685
1.47086646676889	0.49088731436037
0.177897745896969	0.053489137684244
-0.194822363184045	0.0627608493171706
1.06078959666294	0.405437996491229
1.47086646676889	0.49088731436037
0.176825054435177	0.0449204608148946
0.549160121479864	0.19934633555332
0.164778629348208	0.0313374327003096
-0.195186900570072	0.0628739701093823
3.27152519356808	1.11907150574555
1.05878746464103	0.40482083139178
1.96372117107544	0.45473924627511
1.96372117107544	0.45473924627511
1.84140390214436	0.726768879551614
-2.57098043849301	0.664920470822356
0.182973217707566	0.0462917199497201
-0.321791328476382	0.0923017511050128
-0.704386334982379	0.240838421723177
-1.7934287506278	0.390727439150181
0.16619130625606	0.0315431724784316
1.96372117107544	0.45473924627511
-2.57554526884402	0.666976966437407
-1.11951983581622	0.337809535545767
2.13883702891477	0.967128437748762
1.96372117107544	0.45473924627511
0.183063896529214	0.0463401006276899
0.957162742729009	0.253557522610441
-0.613682540053849	0.148388769407339
3.94370546162746	1.74479074779
3.64742237939513	1.44635997008149
-0.321011266565823	0.0920911495247304
-1.50142880975048	0.534054734577795
1.05271914025947	0.402027196178193
-1.11896025029368	0.337616084496264
-1.11390573268458	0.335899190520225
0.187300583927818	0.0472598613580206
-0.700673100063675	0.23947715305123
3.27631781619437	1.12171855032085
-2.57067328278635	0.665094197548339
0.178161345351442	0.0610444196674466
0.549160121479864	0.19934633555332
-1.00627999093365	0.39799500621885
-0.320548811537412	0.09196618419473
1.47032706033056	0.490703617760438
0.183063896529214	0.0463401006276899
-0.196970790009868	0.0634432336968819
2.76109157462938	0.779871501961836
0.165088029467664	0.0313824661178469
0.689369698791533	0.22025689756634
-1.79346061997896	0.390723019452767
1.35135662214001	0.598044460885579
0.177362298643623	0.0450515694227369
-1.7934287506278	0.390727439150181
-1.79346061997896	0.390723019452767
1.47277528463141	0.49146011988965
0.17251451951708	0.0591412358731675
-0.613682540053849	0.148388769407339
0.688185381402826	0.219868290083128
-3.07350260546998	0.94852963330217
-1.7934287506278	0.390727439150181
3.27393157336313	1.11982869858365
0.692481142426252	0.221366284684109
-1.7934287506278	0.390727439150181
-3.45375537289784	1.2267719146559
0.161251150232847	0.0308565698216007
1.34356740200532	0.593719044095478
1.05841937425473	0.404493015312573
2.76559849788836	0.78194178274137
2.76109157462938	0.779871501961836
4.18198152333045	2.02983832701992
0.165088029467664	0.0313824661178469
-2.57067328278635	0.665094197548339
-0.708961798888886	0.242591076534355
-2.57098043849301	0.664920470822356
-2.57067328278635	0.665094197548339
-0.614206104379299	0.148455859250315
1.83904259060411	0.725255788020061
-0.612487701707529	0.148134994320372
0.183610895194862	0.0464322674344966
-0.612487701707529	0.148134994320372
0.183063896529214	0.0463401006276899
-0.613012730411062	0.148202450577793
0.690559056864311	0.220592978829305
1.96276901321247	0.454520391574277
2.76219840038386	0.780594539857824
0.165880035481028	0.0314978449610492
1.96276901321247	0.454520391574277
0.967933372585482	0.256362285789635
0.962025660417238	0.254682745005495
-3.44686848748983	1.22339694388155
0.165088029467664	0.0313824661178469
1.96372117107544	0.45473924627511
-3.07875719123617	0.951227905765892
0.180107983152346	0.0541465694868784
-0.617339897765464	0.149284387408846
0.184291063239428	0.0465991085839434
0.963743115659934	0.255236344279286
-1.79346061997896	0.390723019452767
0.962025660417238	0.254682745005495
-2.57036588579023	0.664816582891659
-2.57067328278635	0.665094197548339
0.963214248695465	0.255090594573707
1.96372117107544	0.45473924627511
-0.619069360213747	0.149654914653121
-1.11951983581622	0.337809535545767
2.76219840038386	0.780594539857824
1.96684138854469	0.455504908505281
0.165088029467664	0.0313824661178469
-3.75264910584631	1.48269475206903
-2.58013588785136	0.668674470410509
-1.12019427196772	0.338020301365193
-0.613682540053849	0.148388769407339
-1.79338811816094	0.727671784024384
1.96372117107544	0.45473924627511
2.76109157462938	0.779871501961836
0.971485400220684	0.257250631808135
0.178049240810411	0.0452053813438565
0.16619130625606	0.0315431724784316
-3.07402416243152	0.948685276185543
-3.7511927754544	1.4825089606666
0.161251150232847	0.0308565698216007
0.181159179759352	0.0458876218072277
2.76671632811135	0.782410087450427
-0.701794429638729	0.239974906557054
-1.79346061997896	0.390723019452767
-1.49247986516622	0.53011506511111
-0.613012730411062	0.148202450577793
-1.79346061997896	0.390723019452767
0.964934921520073	0.255476948633611
1.06153095853073	0.405927487776779
0.165880035481028	0.0314978449610492
1.47277528463141	0.49146011988965
-3.07822553691956	0.950796797182827
0.160144755571284	0.0306956063740573
1.96276901321247	0.454520391574277
0.963743115659934	0.255236344279286
-2.57067328278635	0.665094197548339
-0.613682540053849	0.148388769407339
-2.57554526884402	0.666976966437407
-3.07454565876188	0.948489134275984
-3.07875719123617	0.951227905765892
0.964934921520073	0.255476948633611
0.187435346122179	0.047292837125537
-0.613158918177153	0.148231887572971
3.94131434673369	1.74409517718346
0.165880035481028	0.0314978449610492
-0.612487701707529	0.148134994320372
1.96372117107544	0.45473924627511
0.161251150232847	0.0308565698216007
-2.57036588579023	0.664816582891659
2.76219840038386	0.780594539857824
1.96372117107544	0.45473924627511
2.76109157462938	0.779871501961836
0.160144755571284	0.0306956063740573
0.165088029467664	0.0313824661178469
0.16619130625606	0.0315431724784316
0.165088029467664	0.0313824661178469
-0.613682540053849	0.148388769407339
0.183063896529214	0.0463401006276899
0.958352222975233	0.253964848564806
-0.613682540053849	0.148388769407339
-0.70398648315954	0.24079443492873
-1.7934287506278	0.390727439150181
-0.613682540053849	0.148388769407339
0.687368688538373	0.21962274738387
0.687001483078787	0.219402881860221
-3.74479839827737	1.4781183796158
-1.49633399610699	0.531774933095134
1.47525146835293	0.492648627415429
-0.191583942801118	0.0617784787374467
1.46964366147565	0.490422889690681
-0.332737745881753	0.0953042451637104
1.06264198810457	0.406540438452512
0.180107983152346	0.0541465694868784
0.183063896529214	0.0463401006276899
0.686270437198953	0.219228628867356
0.184971072095669	0.0467387603153735
0.165880035481028	0.0314978449610492
0.186069807523728	0.046984734903896
-1.49825523114142	0.532562193916483
-1.79346061997896	0.390723019452767
0.179369859705814	0.0539368960907662
-0.612487701707529	0.148134994320372
-0.612487701707529	0.148134994320372
0.470602913949207	0.191029730454952
-1.79693424859175	0.729556600315067
-1.50215938518201	0.53435945377886
0.964934921520073	0.255476948633611
2.76219840038386	0.780594539857824
1.96276901321247	0.454520391574277
-0.203686449811516	0.0655556144258791
0.16619130625606	0.0315431724784316
3.27631781619437	1.12171855032085
-2.05313484261539	0.935622527916679
-4.56349706839892	2.50092447643062
-0.702529153090903	0.24025873050893
-0.332618072686463	0.0952457032075058
0.548159843287306	0.198990334609177
0.181159179759352	0.0458876218072277
-2.57067328278635	0.665094197548339
0.182484105638909	0.0547795623460174
-3.74479839827737	1.4781183796158
1.06651132055108	0.408020274883858
1.05767805940452	0.40430204105456
-1.7934287506278	0.390727439150181
0.160144755571284	0.0306956063740573
-0.204396483244111	0.0657612231111824
2.76109157462938	0.779871501961836
-3.99861681475654	1.73147127002256
3.65243977028666	1.44907202326586
-1.5026235657887	0.534584753118728
-0.196970790009868	0.0634432336968819
0.549160121479864	0.19934633555332
-1.7987310156988	0.730186845265308
-0.321280223120013	0.0921368657574935
1.05989643717056	0.405275695027378
-1.12086886051128	0.33811902750598
-0.613682540053849	0.148388769407339
-2.57098043849301	0.664920470822356
-1.79346061997896	0.390723019452767
-1.7934287506278	0.390727439150181
-1.12328075924743	0.339047939506251
0.16619130625606	0.0315431724784316
-0.326310377140785	0.0935168437296262
-0.60895933746012	0.147406558741333
0.165088029467664	0.0313824661178469
-0.613012730411062	0.148202450577793
0.962025660417238	0.254682745005495
-0.612487701707529	0.148134994320372
1.96276901321247	0.454520391574277
0.687453672774919	0.21969379736456
0.962025660417238	0.254682745005495
0.188667958543402	0.04756856032199
-2.57554526884402	0.666976966437407
0.963214248695465	0.255090594573707
-1.12019427196772	0.338020301365193
-1.11896025029368	0.337616084496264
-0.611962616144159	0.147977912487881
1.96276901321247	0.454520391574277
1.07459783685907	0.523187164393049
-0.7085818841146	0.242531688950869
-0.326771057218117	0.0936418390224184
-0.195896300806791	0.0631110974355499
1.96276901321247	0.454520391574277
0.165088029467664	0.0313824661178469
0.186191748429242	0.055843722836046
3.27510914666181	1.12076297640292
-3.0729809879685	0.948009080411761
-1.1182849071041	0.337405124817419
1.96276901321247	0.454520391574277
0.54318773226382	0.197044776708552
-0.618535635333325	0.149538863092151
0.963743115659934	0.255236344279286
3.27510914666181	1.12076297640292
-0.619069360213747	0.149654914653121
-0.619069360213747	0.149654914653121
0.962553055030982	0.254827961566665
0.164778629348208	0.0313374327003096
1.46964366147565	0.490422889690681
0.165088029467664	0.0313824661178469
-0.331884233338781	0.0950660268702792
0.164778629348208	0.0313374327003096
0.687453672774919	0.21969379736456
0.964934921520073	0.255476948633611
1.47277528463141	0.49146011988965
1.84258516456861	0.727293955790375
2.76671632811135	0.782410087450427
0.178254851579563	0.0536080680261321
-1.79785205353169	0.391773074809323
0.16619130625606	0.0315431724784316
-1.7934287506278	0.390727439150181
1.05878746464103	0.40482083139178
0.165088029467664	0.0313824661178469
0.165088029467664	0.0313824661178469
-1.7934287506278	0.390727439150181
0.550585584584045	0.199969616725774
1.84407253912976	0.727924750702318
0.963214248695465	0.255090594573707
0.183063896529214	0.0463401006276899
-0.709698759851068	0.242860149943732
-2.57036588579023	0.664816582891659
0.165088029467664	0.0313824661178469
0.963214248695465	0.255090594573707
2.13386142848874	0.963951590957412
-2.57554526884402	0.666976966437407
0.183610895194862	0.0464322674344966
0.16619130625606	0.0315431724784316
0.183063896529214	0.0463401006276899
0.962553055030982	0.254827961566665
0.688637326691298	0.220082192676685
-0.622767009400713	0.150536739427417
0.161251150232847	0.0308565698216007
2.76219840038386	0.780594539857824
1.96372117107544	0.45473924627511
0.968469219672053	0.25651021792255
-1.79346061997896	0.390723019452767
-1.79785205353169	0.391773074809323
-2.57036588579023	0.664816582891659
-1.79346061997896	0.390723019452767
-1.79346061997896	0.390723019452767
1.96684138854469	0.455504908505281
0.164778629348208	0.0313374327003096
0.964404580081594	0.255330782344719
0.165880035481028	0.0314978449610492
1.96372117107544	0.45473924627511
0.160144755571284	0.0306956063740573
0.164778629348208	0.0313374327003096
-2.57098043849301	0.664920470822356
-2.57098043849301	0.664920470822356
0.164778629348208	0.0313374327003096
0.169566032486793	0.032038095111837
1.96276901321247	0.454520391574277
0.16619130625606	0.0315431724784316
0.181837521716867	0.0460537144756759
0.963214248695465	0.255090594573707
-0.613012730411062	0.148202450577793
-1.7934287506278	0.390727439150181
-2.57098043849301	0.664920470822356
0.180107983152346	0.0541465694868784
0.16619130625606	0.0315431724784316
1.46842163094462	0.489769078028611
0.173675896434513	0.0522954303204406
1.05952860814689	0.405011691745652
-1.7934287506278	0.390727439150181
-0.323664690407152	0.0927962418225715
-3.07350260546998	0.94852963330217
0.174045724149933	0.0524237595938313
3.27032462336087	1.11801013776878
0.68908810997088	0.220077042266344
2.76109157462938	0.779871501961836
-0.746567596407663	0.32317257549059
-0.327498449554433	0.0938114370055266
-3.75046496352693	1.48199107071708
-0.704386334982379	0.240838421723177
3.64618465324491	1.4458034047001
-1.1245135089551	0.339452387639693
0.963214248695465	0.255090594573707
-0.329964215322259	0.0945505800706473
-0.191583942801118	0.0617784787374467
1.47209004689925	0.491178510113126
0.177362298643623	0.0450515694227369
1.96372117107544	0.45473924627511
-0.326771057218117	0.0936418390224184
1.46964366147565	0.490422889690681
0.475804309460653	0.193396100083251
1.84140390214436	0.726768879551614
-0.321741768636823	0.0922885496388945
1.06078959666294	0.405437996491229
-1.11963574652263	0.337715170908198
-1.11951983581622	0.337809535545767
-0.507107257415835	0.191392547046605
0.181837521716867	0.0460537144756759
-0.618535635333325	0.149538863092151
0.178820853869998	0.0612698080138397
0.164778629348208	0.0313374327003096
2.76109157462938	0.779871501961836
0.178254851579563	0.0536080680261321
2.13772964310007	0.966515557948451
0.16619130625606	0.0315431724784316
1.84140390214436	0.726768879551614
0.962553055030982	0.254827961566665
0.160144755571284	0.0306956063740573
-0.32531700249348	0.0932194330065639
-0.749962038454575	0.324836661096217
0.182515705814395	0.0461929473161663
1.96372117107544	0.45473924627511
-1.49175325085157	0.529773188260123
2.37438290611096	1.20256030194498
-1.50189389559208	0.534121741351592
-1.50215938518201	0.53435945377886
0.963214248695465	0.255090594573707
-1.7934287506278	0.390727439150181
-2.57522664974505	0.666917731403372
-2.57098043849301	0.664920470822356
-1.49683678047233	0.53192588850646
-1.79346061997896	0.390723019452767
0.16619130625606	0.0315431724784316
-0.612487701707529	0.148134994320372
0.165088029467664	0.0313824661178469
0.962025660417238	0.254682745005495
-0.612487701707529	0.148134994320372
0.963214248695465	0.255090594573707
-0.613682540053849	0.148388769407339
0.685539141555545	0.218907224669263
0.16619130625606	0.0315431724784316
-0.324126952894347	0.0929244396746841
-0.608428787479893	0.147248610626808
0.16619130625606	0.0315431724784316
0.169566032486793	0.032038095111837
-0.613158918177153	0.148231887572971
3.27752825134246	1.12202020233476
0.184291063239428	0.0465991085839434
-0.613158918177153	0.148231887572971
-0.613158918177153	0.148231887572971
-3.0729809879685	0.948009080411761
-0.612487701707529	0.148134994320372
-1.79785205353169	0.391773074809323
0.181837521716867	0.0460537144756759
0.165880035481028	0.0314978449610492
-1.00377782576872	0.397156038036369
-0.613012730411062	0.148202450577793
-0.326043908260378	0.0934449166225896
-2.57067328278635	0.665094197548339
-1.7934287506278	0.390727439150181
0.16619130625606	0.0315431724784316
0.687904703717867	0.219759625438134
1.47155078449581	0.491168545293048
0.186069807523728	0.046984734903896
-0.502455215004387	0.189494091012893
0.164778629348208	0.0313374327003096
0.688637326691298	0.220082192676685
-0.229660732708956	0.113680134222661
1.60354892267195	0.807720556739198
-1.80294806323006	0.732963939188901
1.05235833798367	0.401844810202421
-0.703651055748467	0.240588737528622
-1.00306966229617	0.39683135622738
0.161251150232847	0.0308565698216007
-1.13891015649489	0.630528953547089
-1.13942696859827	0.63095643497674
-1.12094794119803	0.338304428987289
0.174866744414616	0.0599504088128746
1.05693634570001	0.403813519694082
0.687368688538373	0.21962274738387
0.551654521195964	0.200367304145546
-1.49825523114142	0.532562193916483
0.178586346650125	0.0453095875153282
0.963214248695465	0.255090594573707
-1.1245135089551	0.339452387639693
0.963214248695465	0.255090594573707
-0.325663137440616	0.0933864485177264
-3.08351879397427	0.953227279124287
2.76219840038386	0.780594539857824
-0.613682540053849	0.148388769407339
0.184291063239428	0.0465991085839434
1.96276901321247	0.454520391574277
-1.11896025029368	0.337616084496264
3.27272750868887	1.11966450015405
1.96372117107544	0.45473924627511
-0.60895933746012	0.147406558741333
-0.74461910719638	0.321949104009387
0.182515705814395	0.0461929473161663
-1.79346061997896	0.390723019452767
-0.198392257320092	0.0638832149326698
1.47402323433779	0.492035659807906
-0.293204777632285	0.133367922476668
-0.325582325201124	0.0933470317045756
1.48300464947212	0.934081791589259
0.18011793418247	0.054112323705194
-1.11951983581622	0.337809535545767
0.413143259890935	0.18790555165654
-1.7934287506278	0.390727439150181
-0.60895933746012	0.147406558741333
-1.1182849071041	0.337405124817419
0.169248055862235	0.0319917175833404
0.165088029467664	0.0313824661178469
3.27393157336313	1.11982869858365
-2.57067328278635	0.665094197548339
-0.613158918177153	0.148231887572971
0.183610895194862	0.0464322674344966
1.96276901321247	0.454520391574277
0.181159179759352	0.0458876218072277
-1.1182849071041	0.337405124817419
0.963078860472085	0.255236868510046
0.161251150232847	0.0308565698216007
0.962553055030982	0.254827961566665
0.165088029467664	0.0313824661178469
1.47277528463141	0.49146011988965
0.165088029467664	0.0313824661178469
0.692481142426252	0.221366284684109
0.165880035481028	0.0314978449610492
-1.79346061997896	0.390723019452767
-1.79346061997896	0.390723019452767
0.169248055862235	0.0319917175833404
0.16619130625606	0.0315431724784316
0.181837521716867	0.0460537144756759
0.169566032486793	0.032038095111837
-0.326116124892219	0.0934876536925377
-2.57067328278635	0.665094197548339
0.169566032486793	0.032038095111837
0.962025660417238	0.254682745005495
-2.57098043849301	0.664920470822356
-1.79785205353169	0.391773074809323
1.47525146835293	0.492648627415429
-0.188328130762521	0.060763465615787
0.548515509988744	0.199132914018316
-0.7085818841146	0.242531688950869
1.06375255943934	0.407031400293661
3.27272750868887	1.11966450015405
0.967933372585482	0.256362285789635
-1.79412017987748	0.727961900277034
-0.491888763967548	0.185206039733237
0.929357261785221	0.506099103619842
-0.764056746565788	0.497321547720084
-1.46454824115948	0.737058651118592
-0.924278162708266	0.558509936437217
-1.11896025029368	0.337616084496264
1.35387025916238	0.599473598026445
1.84059795026718	0.726378615413426
0.963214248695465	0.255090594573707
-1.7934287506278	0.390727439150181
0.183063896529214	0.0463401006276899
0.963214248695465	0.255090594573707
0.962553055030982	0.254827961566665
0.164778629348208	0.0313374327003096
0.963214248695465	0.255090594573707
-1.12519556185123	0.339754109482426
1.96372117107544	0.45473924627511
-0.201198229263593	0.0647674111943437
0.183063896529214	0.0463401006276899
0.967933372585482	0.256362285789635
0.16619130625606	0.0315431724784316
0.962553055030982	0.254827961566665
0.183063896529214	0.0463401006276899
-1.50069847674699	0.53359178068112
1.84066711299049	0.726365639107333
-0.618535635333325	0.149538863092151
-0.194822363184045	0.0627608493171706
-0.365376793227214	0.150864261510649
-1.25320475905138	0.56253612866595
1.05915506670076	0.404786600540214
0.180845714650258	0.0543398759613664
-0.201906699363454	0.0650030146049408
-1.79346061997896	0.390723019452767
-0.617339897765464	0.149284387408846
0.178586346650125	0.0453095875153282
0.963214248695465	0.255090594573707
1.96372117107544	0.45473924627511
0.16619130625606	0.0315431724784316
0.164778629348208	0.0313374327003096
1.96276901321247	0.454520391574277
-1.79346061997896	0.390723019452767
1.96684138854469	0.455504908505281
1.96372117107544	0.45473924627511
1.96372117107544	0.45473924627511
-1.79346061997896	0.390723019452767
0.164778629348208	0.0313374327003096
-2.57554526884402	0.666976966437407
1.96372117107544	0.45473924627511
-0.612487701707529	0.148134994320372
-1.79346061997896	0.390723019452767
0.165088029467664	0.0313824661178469
-1.79785205353169	0.391773074809323
-0.954948996486196	0.468521671179496
-0.292424400144338	0.13312781034568
-0.326043908260378	0.0934449166225896
-1.79346061997896	0.390723019452767
0.165088029467664	0.0313824661178469
-2.57067328278635	0.665094197548339
1.47897546128728	0.493826410303162
-0.702529153090903	0.24025873050893
0.983573630422655	0.672033146463958
-0.482551590996588	0.358520600166426
0.384580686098439	0.146039568059239
-0.488574108346941	0.183800595206409
0.170230434608558	0.0583940430699947
1.59857754726196	0.804530569699723
2.76559849788836	0.78194178274137
1.96372117107544	0.45473924627511
-1.79785205353169	0.391773074809323
3.27152519356808	1.11907150574555
0.165088029467664	0.0313824661178469
1.96684138854469	0.455504908505281
2.76671632811135	0.782410087450427
-1.7934287506278	0.390727439150181
-1.7934287506278	0.390727439150181
-2.57067328278635	0.665094197548339
0.165880035481028	0.0314978449610492
-1.7934287506278	0.390727439150181
0.165880035481028	0.0314978449610492
1.96684138854469	0.455504908505281
0.169566032486793	0.032038095111837
-2.04755645131174	0.931787975309293
-0.307869247792001	0.182200060520323
0.183063896529214	0.0463401006276899
1.31332740460852	0.733078091759071
1.96372117107544	0.45473924627511
0.165088029467664	0.0313824661178469
-2.57098043849301	0.664920470822356
-0.617875104469477	0.149400727468359
2.76109157462938	0.779871501961836
3.27631781619437	1.12171855032085
0.169248055862235	0.0319917175833404
0.165088029467664	0.0313824661178469
-1.7934287506278	0.390727439150181
3.65119667594504	1.44884031306495
-1.79346061997896	0.390723019452767
-2.57067328278635	0.665094197548339
1.96276901321247	0.454520391574277
1.96276901321247	0.454520391574277
-1.79785205353169	0.391773074809323
1.96276901321247	0.454520391574277
1.96276901321247	0.454520391574277
3.64618465324491	1.4458034047001
1.47277528463141	0.49146011988965
0.169248055862235	0.0319917175833404
-2.57067328278635	0.665094197548339
-1.1182849071041	0.337405124817419
-0.739611202446697	0.319530960174951
-1.19950734942199	0.892862526611951
-0.081614709895424	0.0473821828109754
0.174123877848966	0.0673869450707369
1.06651132055108	0.408020274883858
0.967933372585482	0.256362285789635
0.686721713829268	0.219371725498129
-1.7934287506278	0.390727439150181
1.96276901321247	0.454520391574277
1.96372117107544	0.45473924627511
-0.60895933746012	0.147406558741333
1.96276901321247	0.454520391574277
-1.79346061997896	0.390723019452767
-1.7934287506278	0.390727439150181
-1.79785205353169	0.391773074809323
-1.7934287506278	0.390727439150181
1.96372117107544	0.45473924627511
1.96372117107544	0.45473924627511
0.164778629348208	0.0313374327003096
-0.322472516615752	0.0924590549090847
0.183066637998123	0.106342537367801
-0.123831252718902	0.0440604843970144
-1.64922536553029	0.925922769086935
0.183063896529214	0.0463401006276899
-1.79785205353169	0.391773074809323
-1.7934287506278	0.390727439150181
1.96276901321247	0.454520391574277
0.165088029467664	0.0313824661178469
0.165088029467664	0.0313824661178469
-1.7934287506278	0.390727439150181
-2.57036588579023	0.664816582891659
-1.7934287506278	0.390727439150181
-1.79346061997896	0.390723019452767
-1.12026119291491	0.338168680078347
0.169566032486793	0.032038095111837
-0.613682540053849	0.148388769407339
0.187984352048437	0.0474280610765032
0.164778629348208	0.0313374327003096
0.16619130625606	0.0315431724784316
0.16619130625606	0.0315431724784316
-1.79785205353169	0.391773074809323
2.76671632811135	0.782410087450427
-0.613158918177153	0.148231887572971
-1.11951983581622	0.337809535545767
-0.335402649805435	0.0960160240054412
-2.57067328278635	0.665094197548339
-1.7934287506278	0.390727439150181
1.96684138854469	0.455504908505281
-0.32485451718176	0.0931499749349684
-1.30084038701731	0.804839672976325
-0.686871017801367	0.644824883044182
0.386221957766395	0.196225475175775
0.191700904879431	0.0482388847519191
1.3549353352076	0.600117468724131
0.174178182829632	0.0597072241968293
0.165088029467664	0.0313824661178469
1.96276901321247	0.454520391574277
-3.44686848748983	1.22339694388155
0.164778629348208	0.0313374327003096
-1.11951983581622	0.337809535545767
-1.7934287506278	0.390727439150181
1.96372117107544	0.45473924627511
2.76219840038386	0.780594539857824
0.165880035481028	0.0314978449610492
-2.05422330759801	0.936346916870338
0.175155035311403	0.0527334069281177
-0.191951684587849	0.0619002672361887
-1.7934287506278	0.390727439150181
-1.79346061997896	0.390723019452767
-1.79346061997896	0.390723019452767
-1.7934287506278	0.390727439150181
0.169566032486793	0.032038095111837
0.165880035481028	0.0314978449610492
0.165088029467664	0.0313824661178469
1.96372117107544	0.45473924627511
-1.7934287506278	0.390727439150181
1.96276901321247	0.454520391574277
1.46842163094462	0.489769078028611
-1.7934287506278	0.390727439150181
0.164778629348208	0.0313374327003096
1.35423242875669	0.599512730561188
1.27055835000904	0.883676236819926
2.76219840038386	0.780594539857824
-0.618535635333325	0.149538863092151
-3.07350260546998	0.94852963330217
1.96684138854469	0.455504908505281
-1.50069847674699	0.53359178068112
-0.48797195127016	0.363567418776387
-1.58627666544005	1.20713390952185
-0.445914278465377	0.293914413021467
-2.57067328278635	0.665094197548339
1.96276901321247	0.454520391574277
0.469214796260205	0.190439621590192
-0.698670682702589	0.238794577468402
1.96372117107544	0.45473924627511
-0.612487701707529	0.148134994320372
-2.57098043849301	0.664920470822356
1.96276901321247	0.454520391574277
0.169566032486793	0.032038095111837
0.160144755571284	0.0306956063740573
3.27152519356808	1.11907150574555
-1.79346061997896	0.390723019452767
-1.79346061997896	0.390723019452767
1.96684138854469	0.455504908505281
0.16619130625606	0.0315431724784316
-0.324126952894347	0.0929244396746841
-0.377820391923678	0.210612685024032
0.181837521716867	0.0460537144756759
-0.370393338064475	0.153177348451851
-2.57067328278635	0.665094197548339
-1.79346061997896	0.390723019452767
-1.7934287506278	0.390727439150181
-0.614206104379299	0.148455859250315
-1.79346061997896	0.390723019452767
-1.7934287506278	0.390727439150181
0.164778629348208	0.0313374327003096
0.160144755571284	0.0306956063740573
1.96372117107544	0.45473924627511
1.47032706033056	0.490703617760438
-1.79346061997896	0.390723019452767
-2.57522664974505	0.666917731403372
0.169566032486793	0.032038095111837
-2.57098043849301	0.664920470822356
-1.79346061997896	0.390723019452767
-2.57036588579023	0.664816582891659
-0.325663137440616	0.0933864485177264
0.845105806899757	0.359316278453548
0.180107983152346	0.0541465694868784
-0.60895933746012	0.147406558741333
-3.07402416243152	0.948685276185543
-1.7934287506278	0.390727439150181
-0.326043908260378	0.0934449166225896
-0.484191535999511	0.360059713249648
-0.179443993240333	0.0952515518240841
-0.701794429638729	0.239974906557054
-2.57554526884402	0.666976966437407
-0.495559181486949	0.186579150623414
-0.743401600217511	0.321201814828981
0.958352222975233	0.253964848564806
0.165088029467664	0.0313824661178469
0.963214248695465	0.255090594573707
0.962025660417238	0.254682745005495
-1.79346061997896	0.390723019452767
0.161251150232847	0.0308565698216007
-1.7934287506278	0.390727439150181
0.16619130625606	0.0315431724784316
0.164778629348208	0.0313374327003096
0.688637326691298	0.220082192676685
0.164778629348208	0.0313374327003096
0.165088029467664	0.0313824661178469
-1.79346061997896	0.390723019452767
0.963214248695465	0.255090594573707
0.169248055862235	0.0319917175833404
-0.377938910803585	0.156485530303534
-2.57067328278635	0.665094197548339
0.177897745896969	0.053489137684244
-1.7934287506278	0.390727439150181
-1.7934287506278	0.390727439150181
-1.7934287506278	0.390727439150181
-1.79346061997896	0.390723019452767
0.165088029467664	0.0313824661178469
-1.79346061997896	0.390723019452767
-1.79346061997896	0.390723019452767
0.161251150232847	0.0308565698216007
-0.617875104469477	0.149400727468359
-2.57067328278635	0.665094197548339
2.76219840038386	0.780594539857824
0.164778629348208	0.0313374327003096
0.963743115659934	0.255236344279286
-0.709698759851068	0.242860149943732
-0.924805902196419	0.558968000675209
1.96276901321247	0.454520391574277
1.05841937425473	0.404493015312573
3.27510914666181	1.12076297640292
-2.57067328278635	0.665094197548339
1.96372117107544	0.45473924627511
1.96684138854469	0.455504908505281
-0.255188300180063	0.158140333762424
-0.65852397381764	0.455937775151361
-0.28295203378352	0.128496549340522
1.47155078449581	0.491168545293048
-0.203337770567853	0.0654100202274196
-1.7934287506278	0.390727439150181
-1.79785205353169	0.391773074809323
1.96372117107544	0.45473924627511
2.76330811440907	0.780761067286217
1.96372117107544	0.45473924627511
1.96684138854469	0.455504908505281
-1.7934287506278	0.390727439150181
-1.7934287506278	0.390727439150181
0.169566032486793	0.032038095111837
-0.613682540053849	0.148388769407339
-0.321011266565823	0.0920911495247304
1.96276901321247	0.454520391574277
0.683520003518989	0.218340470189805
-1.49633399610699	0.531774933095134
-1.1152634133402	0.336439469187697
-1.79346061997896	0.390723019452767
-1.7934287506278	0.390727439150181
0.16619130625606	0.0315431724784316
2.76219840038386	0.780594539857824
-2.57036588579023	0.664816582891659
0.169566032486793	0.032038095111837
-0.617875104469477	0.149400727468359
2.76219840038386	0.780594539857824
-1.12968819193386	0.341150094616032
-2.57036588579023	0.664816582891659
0.967271104517323	0.256176548116206
0.188667958543402	0.04756856032199
-1.14046147393925	0.63168801647303
3.27152519356808	1.11907150574555
0.961881298984383	0.254903830883264
-0.124837825991722	0.044401537177189
0.181959964224185	0.0546519449572612
1.96276901321247	0.454520391574277
-0.496879333423488	0.187181684059415
-0.0799113629025833	0.0463586001075102
-0.0931210259578304	0.0541851192716329
-0.0345342184569531	0.0148781440602052
0.181837521716867	0.0460537144756759
0.18374299244507	0.0464795790495071
1.65605960161316	1.17156724242059
0.963214248695465	0.255090594573707
0.962025660417238	0.254682745005495
-1.79785205353169	0.391773074809323
0.165088029467664	0.0313824661178469
-2.57036588579023	0.664816582891659
-1.12019427196772	0.338020301365193
-0.613682540053849	0.148388769407339
-1.79346061997896	0.390723019452767
0.968469219672053	0.25651021792255
0.164778629348208	0.0313374327003096
0.16619130625606	0.0315431724784316
1.47155078449581	0.491168545293048
-0.24372678032861	0.150213467053886
-0.190110933282644	0.0612931637059442
-0.519192919547743	0.323862814858871
0.184291063239428	0.0465991085839434
0.683520003518989	0.218340470189805
-3.45307509546519	1.22686211973226
-1.79346061997896	0.390723019452767
-2.57098043849301	0.664920470822356
-2.57067328278635	0.665094197548339
0.165088029467664	0.0313824661178469
-1.11760971687047	0.337077079720442
-2.57554526884402	0.666976966437407
2.76109157462938	0.779871501961836
0.963214248695465	0.255090594573707
-0.614206104379299	0.148455859250315
2.76109157462938	0.779871501961836
0.181837521716867	0.0460537144756759
0.185454319096416	0.0556335769192585
-0.202976861420011	0.0653350306430413
-0.11692670973645	0.0651373124453223
-0.171599207850927	0.0908435912728291
0.692481142426252	0.221366284684109
0.172195511036386	0.0518779587947308
-3.07402416243152	0.948685276185543
0.164778629348208	0.0313374327003096
0.174045724149933	0.0524237595938313
0.549516086641495	0.199542874934359
-0.2364208032977	0.14522222581995
-0.928350468704983	0.562372519674637
0.576648695669634	0.337715115698955
-1.11963574652263	0.337715170908198
0.843443663477006	0.35876328544495
0.164778629348208	0.0313374327003096
2.76559849788836	0.78194178274137
-0.613158918177153	0.148231887572971
0.963743115659934	0.255236344279286
-2.57036588579023	0.664816582891659
1.96276901321247	0.454520391574277
-1.11951983581622	0.337809535545767
0.165088029467664	0.0313824661178469
-0.613158918177153	0.148231887572971
-1.79346061997896	0.390723019452767
-0.613682540053849	0.148388769407339
1.96276901321247	0.454520391574277
-0.613682540053849	0.148388769407339
0.964934921520073	0.255476948633611
0.681600849226051	0.217707538421281
0.817145119949678	0.493160564113895
0.174541561886268	0.0598418639345934
-0.12498904527434	0.0444985404997069
0.181837521716867	0.0460537144756759
0.165088029467664	0.0313824661178469
-1.7934287506278	0.390727439150181
-2.57067328278635	0.665094197548339
0.192388128577069	0.048380175396211
0.964404580081594	0.255330782344719
0.688185381402826	0.219868290083128
0.165088029467664	0.0313824661178469
0.688637326691298	0.220082192676685
0.963743115659934	0.255236344279286
-2.57522664974505	0.666917731403372
-2.57098043849301	0.664920470822356
2.76330811440907	0.780761067286217
0.165880035481028	0.0314978449610492
-1.11951983581622	0.337809535545767
0.16619130625606	0.0315431724784316
-2.57522664974505	0.666917731403372
0.165088029467664	0.0313824661178469
-3.07454565876188	0.948489134275984
-2.57067328278635	0.665094197548339
-0.611962616144159	0.147977912487881
1.96276901321247	0.454520391574277
0.16619130625606	0.0315431724784316
1.96372117107544	0.45473924627511
0.169566032486793	0.032038095111837
0.164625296117395	0.0313507498370328
-0.369859992755527	0.205688422698693
0.422446176317576	0.192528590584956
0.186752657299631	0.0471525522204707
-3.0729809879685	0.948009080411761
0.181837521716867	0.0460537144756759
1.46964366147565	0.490422889690681
-3.07350260546998	0.94852963330217
-0.133135196906752	0.0473097670323381
-0.526790234332767	0.329767614738431
0.491226950253042	0.336291067321173
-0.703264262088321	0.240508331840629
1.96276901321247	0.454520391574277
-0.617339897765464	0.149284387408846
0.963214248695465	0.255090594573707
-2.57522664974505	0.666917731403372
0.169248055862235	0.0319917175833404
3.27272750868887	1.11966450015405
0.165088029467664	0.0313824661178469
-0.614206104379299	0.148455859250315
-0.617875104469477	0.149400727468359
-0.618535635333325	0.149538863092151
0.169566032486793	0.032038095111837
-3.74551962293396	1.47870416259712
-1.79346061997896	0.390723019452767
-2.2619770949295	1.14052765991814
1.3549353352076	0.600117468724131
0.181222403711057	0.0544586569816679
-1.00269516620368	0.396499158743995
-0.318471818933222	0.189373387565072
0.165880035481028	0.0314978449610492
0.184971072095669	0.0467387603153735
-1.79785205353169	0.391773074809323
0.164778629348208	0.0313374327003096
-1.46454824115948	0.737058651118592
-1.11951983581622	0.337809535545767
-1.00727939684884	0.398725619716456
-1.00415219200353	0.397187604454455
-1.11884555197394	0.337481516657706
0.16619130625606	0.0315431724784316
-0.702529153090903	0.24025873050893
0.165880035481028	0.0314978449610492
0.966736740010186	0.256029100393941
1.96372117107544	0.45473924627511
-0.324126952894347	0.0929244396746841
0.964934921520073	0.255476948633611
-1.1182849071041	0.337405124817419
0.966736740010186	0.256029100393941
-0.323664690407152	0.0927962418225715
-3.07402416243152	0.948685276185543
-0.613682540053849	0.148388769407339
-0.19624115961797	0.0631993229606972
0.175894574529828	0.052931112244421
-0.497829058923719	0.187488525845502
0.551298334729919	0.200249958464128
-1.49897898499855	0.532683365671509
-0.614206104379299	0.148455859250315
-0.328777361869378	0.0941964324844904
0.17863134392367	0.0537118645556901
0.181053134529505	0.0458624936397602
1.96276901321247	0.454520391574277
-0.961190497528217	0.472841360511926
0.689369698791533	0.22025689756634
0.182973217707566	0.0462917199497201
0.186000407219271	0.0469461640510397
0.413661033766514	0.188154335954189
0.964404580081594	0.255330782344719
-0.0728619231799769	0.0286390622815502
1.06190079859119	0.406050412279014
0.959543454922691	0.254205280821647
0.177885965590688	0.053426859638935
-0.703264262088321	0.240508331840629
0.179369859705814	0.0539368960907662
-2.57036588579023	0.664816582891659
-0.326771057218117	0.0936418390224184
-1.00906318075178	0.399734482931109
-0.0747036622184543	0.0293682206911135
0.473198825825499	0.192238507652064
-1.00557028486789	0.397794564458927
-0.325121870470423	0.0931632456849071
-0.703999757003376	0.240702491325751
0.177362298643623	0.0450515694227369
-0.702916162136118	0.240304795913802
0.963214248695465	0.255090594573707
-3.45307509546519	1.22686211973226
-0.613012730411062	0.148202450577793
1.05878746464103	0.40482083139178
0.966736740010186	0.256029100393941
0.169566032486793	0.032038095111837
0.968469219672053	0.25651021792255
2.14272056901929	0.969228191398377
1.96276901321247	0.454520391574277
1.06063740894654	0.405466440477548
0.165880035481028	0.0314978449610492
0.174045724149933	0.0524237595938313
-0.612487701707529	0.148134994320372
-0.195896300806791	0.0631110974355499
1.96372117107544	0.45473924627511
-0.613012730411062	0.148202450577793
-1.1152634133402	0.336439469187697
0.164778629348208	0.0313374327003096
0.187984352048437	0.0474280610765032
-1.7934287506278	0.390727439150181
-2.57067328278635	0.665094197548339
0.547057604624631	0.198554222727286
0.169566032486793	0.032038095111837
0.958352222975233	0.253964848564806
-2.57067328278635	0.665094197548339
0.164778629348208	0.0313374327003096
-0.998738562366113	0.394732167512429
-0.614345716129905	0.14867066764313
-0.611962616144159	0.147977912487881
0.164625296117395	0.0313507498370328
-2.57036588579023	0.664816582891659
-0.702142591343233	0.240009967793785
1.96276901321247	0.454520391574277
-0.619069360213747	0.149654914653121
-0.193735099625946	0.0624393983877589
1.96372117107544	0.45473924627511
2.76219840038386	0.780594539857824
-0.613158918177153	0.148231887572971
-3.74551962293396	1.47870416259712
-1.7934287506278	0.390727439150181
1.47579162106182	0.492713238749138
-0.319817646410374	0.0917687104349087
1.47155078449581	0.491168545293048
1.47155078449581	0.491168545293048
1.96372117107544	0.45473924627511
2.76330811440907	0.780761067286217
0.16619130625606	0.0315431724784316
-0.611962616144159	0.147977912487881
0.180845714650258	0.0543398759613664
0.183063896529214	0.0463401006276899
-1.49705816852235	0.532032217355669
0.164778629348208	0.0313374327003096
-1.79346061997896	0.390723019452767
1.96276901321247	0.454520391574277
0.165880035481028	0.0314978449610492
0.16619130625606	0.0315431724784316
2.76109157462938	0.779871501961836
0.963743115659934	0.255236344279286
1.96372117107544	0.45473924627511
1.96276901321247	0.454520391574277
1.96372117107544	0.45473924627511
1.96372117107544	0.45473924627511
1.96276901321247	0.454520391574277
0.165880035481028	0.0314978449610492
1.96276901321247	0.454520391574277
1.96684138854469	0.455504908505281
1.96276901321247	0.454520391574277
0.164778629348208	0.0313374327003096
1.96276901321247	0.454520391574277
1.96276901321247	0.454520391574277
1.96372117107544	0.45473924627511
1.96372117107544	0.45473924627511
1.96276901321247	0.454520391574277
1.96372117107544	0.45473924627511
-1.7934287506278	0.390727439150181
1.96372117107544	0.45473924627511
0.161251150232847	0.0308565698216007
1.96372117107544	0.45473924627511
-0.613682540053849	0.148388769407339
0.16619130625606	0.0315431724784316
1.96372117107544	0.45473924627511
1.96276901321247	0.454520391574277
1.96276901321247	0.454520391574277
1.96276901321247	0.454520391574277
-1.7934287506278	0.390727439150181
1.96276901321247	0.454520391574277
-2.57067328278635	0.665094197548339
-1.79346061997896	0.390723019452767
1.96276901321247	0.454520391574277
1.96276901321247	0.454520391574277
1.96276901321247	0.454520391574277
1.96372117107544	0.45473924627511
1.96276901321247	0.454520391574277
1.96372117107544	0.45473924627511
-1.7934287506278	0.390727439150181
-1.7934287506278	0.390727439150181
1.96276901321247	0.454520391574277
0.164778629348208	0.0313374327003096
0.164778629348208	0.0313374327003096
-2.57098043849301	0.664920470822356
0.165088029467664	0.0313824661178469
1.96372117107544	0.45473924627511
0.165088029467664	0.0313824661178469
1.96372117107544	0.45473924627511
2.76671632811135	0.782410087450427
1.96276901321247	0.454520391574277
0.164778629348208	0.0313374327003096
-1.7934287506278	0.390727439150181
1.96276901321247	0.454520391574277
0.160144755571284	0.0306956063740573
1.96276901321247	0.454520391574277
1.96684138854469	0.455504908505281
1.96276901321247	0.454520391574277
1.96276901321247	0.454520391574277
1.96372117107544	0.45473924627511
1.96372117107544	0.45473924627511
1.96372117107544	0.45473924627511
1.96276901321247	0.454520391574277
-2.57067328278635	0.665094197548339
0.164778629348208	0.0313374327003096
1.96684138854469	0.455504908505281
2.76559849788836	0.78194178274137
0.184291063239428	0.0465991085839434
1.96276901321247	0.454520391574277
-1.7934287506278	0.390727439150181
0.165880035481028	0.0314978449610492
0.169248055862235	0.0319917175833404
0.164778629348208	0.0313374327003096
0.165088029467664	0.0313824661178469
0.165880035481028	0.0314978449610492
1.96276901321247	0.454520391574277
1.96684138854469	0.455504908505281
1.96372117107544	0.45473924627511
1.96276901321247	0.454520391574277
1.96372117107544	0.45473924627511
1.96372117107544	0.45473924627511
0.164778629348208	0.0313374327003096
1.96276901321247	0.454520391574277
-1.7934287506278	0.390727439150181
1.96372117107544	0.45473924627511
-0.613682540053849	0.148388769407339
1.96372117107544	0.45473924627511
-0.613682540053849	0.148388769407339
-1.7934287506278	0.390727439150181
1.96276901321247	0.454520391574277
1.96372117107544	0.45473924627511
1.96276901321247	0.454520391574277
0.165880035481028	0.0314978449610492
1.96276901321247	0.454520391574277
1.96276901321247	0.454520391574277
1.96276901321247	0.454520391574277
3.27152519356808	1.11907150574555
-2.57036588579023	0.664816582891659
0.165880035481028	0.0314978449610492
-1.79785205353169	0.391773074809323
1.96276901321247	0.454520391574277
1.96276901321247	0.454520391574277
0.362636513343598	0.203320699259383
0.671541026171873	0.48018849602035
0.554880938863188	0.20152285461421
0.173178140989587	0.0593793792188454
0.642428675679495	0.340103780498803
0.623655409255502	0.328175143919234
-0.167129018167769	0.0883927450143116
1.80587859773411	1.0199729984607
-0.0748825361487501	0.0294000047981335
-1.25951281700706	0.566150737089227
-0.326310377140785	0.0935168437296262
-0.65673556459275	0.454292673759178
-1.50069847674699	0.53359178068112
-0.0357736856557767	0.0154130776884231
0.688185381402826	0.219868290083128
-0.327498449554433	0.0938114370055266
0.545282959725496	0.197930364047729
1.35671193477925	0.601326969297766
0.417095052321074	0.189979485780762
-0.0365305210372118	0.0157081266220334
0.68278086909504	0.218093717626154
0.812004695336861	0.488822962597836
0.622204192345036	0.327229075576889
-0.192932117181688	0.06221180023903
0.182877036044145	0.0548713515215598
1.09010803168695	0.532759414449689
0.17251451951708	0.0591412358731675
-0.0723431482158385	0.0284413766788247
-0.0713006016933192	0.0280689277363899
0.715448466370102	0.337890549600564
-0.194443769853819	0.0626542518681332
0.627337684770896	0.330166165181512
0.935814393991308	0.51030838679235
1.06375255943934	0.407031400293661
0.181207297518065	0.104942022609127
-0.904864187137916	0.653459726644789
-2.60996594277726	1.58760819742805
0.378842765815337	0.192157696824091
1.47155078449581	0.491168545293048
0.550585584584045	0.199969616725774
0.551654521195964	0.200367304145546
0.182384642090162	0.0461735738884295
1.84839075322272	0.729859263775591
2.37366431975369	1.20196540132253
0.165880035481028	0.0314978449610492
-0.334660931066263	0.0958120714776199
-0.705079552104026	0.241083874000361
-0.702529153090903	0.24025873050893
0.180845714650258	0.0543398759613664
-0.131592969283978	0.046740410630932
-0.331432979676728	0.0949515324990773
2.58035484326338	1.44759868550187
0.185813320888401	0.0557349268614171
-0.364819497611518	0.150616499663731
0.170286041476414	0.065904167534079
0.17863134392367	0.0537118645556901
2.76109157462938	0.779871501961836
-1.49705816852235	0.532032217355669
0.962553055030982	0.254827961566665
1.35564812089346	0.600770089805534
0.161721048489966	0.0626326526460122
0.472589276523701	0.191952372408541
0.550585584584045	0.199969616725774
0.374317905030166	0.189685182077735
-0.0727452422026444	0.0286275886540948
-0.740216463882872	0.319842507301823
3.27272750868887	1.11966450015405
-0.613012730411062	0.148202450577793
0.682339311812087	0.217953944354753
0.71334171223002	0.336545260121106
-1.1258777723839	0.339888304991231
0.165880035481028	0.0314978449610492
0.181159179759352	0.0458876218072277
-1.1182849071041	0.337405124817419
-1.49705816852235	0.532032217355669
-1.79346061997896	0.390723019452767
2.76109157462938	0.779871501961836
0.189325373085195	0.0567092627793379
-0.035629368714613	0.0153336732024432
-0.954514574162285	0.468359712013935
-0.376953857397909	0.156107707172591
0.187300583927818	0.0472598613580206
-2.04716996398721	0.931539307482038
0.184338509014023	0.0553315106563962
0.179369859705814	0.0539368960907662
0.186752657299631	0.0471525522204707
0.412231991276479	0.187325521246891
0.963743115659934	0.255236344279286
0.681159029124573	0.217491385122168
0.846123820020908	0.359830157453413
1.05235833798367	0.401844810202421
0.967271104517323	0.256176548116206
0.18264999995371	0.0706700314015887
-0.612487701707529	0.148134994320372
-0.323664690407152	0.0927962418225715
1.06449307015235	0.407221804443696
1.34568691670338	0.594975431353439
0.845460532244873	0.359623499672993
0.169248055862235	0.0319917175833404
0.179369859705814	0.0539368960907662
1.59553377903715	0.802017891695624
0.179369859705814	0.0539368960907662
-0.196606144995592	0.0633346995977349
0.170769042992324	0.0660467894405734
0.676450498229508	0.21592575485793
3.64618465324491	1.4458034047001
-1.14805778531874	0.638127105308851
0.468214453891579	0.189971319278414
0.180484451327502	0.0542489043189748
0.964934921520073	0.255476948633611
-1.49825523114142	0.532562193916483
-2.57522664974505	0.666917731403372
-2.04896945823684	0.93265893552962
-3.99426960204548	1.72770098156261
-1.00377782576872	0.397156038036369
0.471213953335543	0.191316020734622
-1.12019427196772	0.338020301365193
2.13164652612125	0.962465868289965
-0.38148214237599	0.158042902493283
-1.25358545594054	0.562549185434393
0.711948337415143	0.335772521089498
-0.204047587147551	0.0656463968045093
-0.714301603425288	0.244494021421489
-0.613682540053849	0.148388769407339
0.555598921920072	0.201915300938634
-1.12086886051128	0.33811902750598
-1.01084929511225	0.400388606838382
-1.1182849071041	0.337405124817419
-1.1152634133402	0.336439469187697
-2.57067328278635	0.665094197548339
-1.79620281052891	0.72892224592551
1.8383071367458	0.724853864168302
0.923546559815548	0.502415925996933
1.47155078449581	0.491168545293048
0.963743115659934	0.255236344279286
-3.76192242079324	1.48803099408259
2.13386142848874	0.963951590957412
-1.1245135089551	0.339452387639693
1.96372117107544	0.45473924627511
0.691745806165962	0.221041871886146
0.164778629348208	0.0313374327003096
1.090873223338	0.533536423719239
0.467652678119907	0.189750576042597
-3.75046496352693	1.48199107071708
1.96372117107544	0.45473924627511
-1.49561006114969	0.531433597211914
-0.497540036768389	0.187445875024767
-0.330698472981565	0.0947716626031445
-0.325582325201124	0.0933470317045756
1.09148459484778	0.5339278161794
0.722399990574399	0.34193249983909
0.967933372585482	0.256362285789635
-0.320281010212049	0.0918656344140368
2.38370926905572	1.2094584860624
1.84022304372881	0.72612017307568
0.174785547530182	0.0526214906817273
-0.613012730411062	0.148202450577793
0.175891515215909	0.0602877256141385
1.47209004689925	0.491178510113126
-0.496157928957114	0.186946493085891
-2.57036588579023	0.664816582891659
1.04955954030359	0.400288809080681
-3.45307509546519	1.22686211973226
-0.203686449811516	0.0655556144258791
0.177516165041885	0.0533832927158356
1.35064130120685	0.597863106700744
0.182384642090162	0.0461735738884295
0.164778629348208	0.0313374327003096
0.556308696676708	0.202195250417483
2.13551238915278	0.964735227310144
1.46964366147565	0.490422889690681
1.35529673097699	0.600305768997688
0.688185381402826	0.219868290083128
-0.613012730411062	0.148202450577793
-1.7934287506278	0.390727439150181
1.96276901321247	0.454520391574277
0.160144755571284	0.0306956063740573
-0.324393158207149	0.0929933012825356
0.160144755571284	0.0306956063740573
-0.204757848785698	0.0658672528023289
0.550289590334163	0.199868191494828
0.687453672774919	0.21969379736456
0.172935900909832	0.0520977646892395
-0.195896300806791	0.0631110974355499
0.183960045070368	0.0552151922972765
0.165088029467664	0.0313824661178469
-0.617339897765464	0.149284387408846
3.27152519356808	1.11907150574555
-3.74624107806015	1.47909592511107
-2.57554526884402	0.666976966437407
-0.3358441065628	0.0961666214694948
-1.1182849071041	0.337405124817419
1.46964366147565	0.490422889690681
2.14272056901929	0.969228191398377
0.968469219672053	0.25651021792255
-1.12086886051128	0.33811902750598
0.183600515358582	0.055105623027285
0.169248055862235	0.0319917175833404
-1.11884555197394	0.337481516657706
-1.1258777723839	0.339888304991231
0.180107983152346	0.0541465694868784
-0.619069360213747	0.149654914653121
0.692481142426252	0.221366284684109
-2.57522664974505	0.666917731403372
0.165880035481028	0.0314978449610492
0.183960045070368	0.0552151922972765
0.165880035481028	0.0314978449610492
-1.25490491501585	0.563182844715537
-1.1152634133402	0.336439469187697
-3.07402416243152	0.948685276185543
0.172879456781673	0.0668664345803421
-1.79839826083819	0.730397358466732
-1.24753635380142	0.559274902962467
0.174866744414616	0.0599504088128746
2.76219840038386	0.780594539857824
-0.197681301235905	0.0636672013988199
0.182184274537263	0.062360476929113
0.691293725798235	0.220916760169014
-0.191583942801118	0.0617784787374467
-2.57067328278635	0.665094197548339
-1.5026891496364	0.534393708496841
-0.32485451718176	0.0931499749349684
1.84184770666887	0.726890218717793
2.76219840038386	0.780594539857824
0.174504111440695	0.0598231088959162
0.849051344453761	0.361335510776158
1.4745635305468	0.492365493098567
1.47086646676889	0.49088731436037
-1.7934287506278	0.390727439150181
-1.49680843456756	0.531963842405938
3.64995436887393	1.44813448599007
0.164778629348208	0.0313374327003096
0.962025660417238	0.254682745005495
-2.57098043849301	0.664920470822356
-0.617339897765464	0.149284387408846
-1.81817946489815	1.13770999961466
1.96276901321247	0.454520391574277
0.184971072095669	0.0467387603153735
0.962553055030982	0.254827961566665
-1.49753171438992	0.532305096548695
0.680421237638035	0.217245422782273
0.177501415059504	0.0608062606278489
2.76330811440907	0.780761067286217
0.188667958543402	0.04756856032199
-0.613682540053849	0.148388769407339
-0.490202310549473	0.184473557623143
0.964404580081594	0.255330782344719
-0.613682540053849	0.148388769407339
-0.195896300806791	0.0631110974355499
-1.12519556185123	0.339754109482426
-1.12464685880463	0.339484249108323
1.26376942559759	1.06990998359156
-0.58712664962475	0.279098454320091
0.162117081657655	0.0787815841110795
-1.46072851793002	0.734392295037367
-1.07240141547939	0.72329681510758
-3.75046496352693	1.48199107071708
2.76647185641608	1.71261841624344
-0.968179132990151	0.477040842053405
0.175727878726939	0.0679905067665371
-0.7085818841146	0.242531688950869
1.06762213189116	0.40860472471242
-1.14475218348189	0.635473939771042
-0.443128870878448	0.291376743069089
-0.741834827359843	0.320529587494122
-0.440591578254925	0.289470291413035
-2.2613746461666	1.1393430930319
0.41751595322331	0.18993514319526
0.38337991397195	0.194542725113259
-1.00415219200353	0.397187604454455
-0.28709345230687	0.130418378623754
0.718019519758237	0.339400982537212
-0.303852609174319	0.138579665344028
-0.49650800501461	0.187033371669453
-0.626791795355518	0.366235485549497
0.177190383264668	0.0686000683843296
-0.751374348612235	0.325398831570705
-0.49650800501461	0.187033371669453
0.173676863179753	0.0757156141791281
1.84184770666887	0.726890218717793
0.468214453891579	0.189971319278414
-0.123986971098977	0.0441560427469937
-3.07350260546998	0.94852963330217
0.465402707417936	0.338021359605947
-0.290239208516909	0.131979340900527
-0.920975198878278	0.556255716134651
0.424452809970147	0.19347586002807
-0.75956078488785	0.408684569403423
0.713492738665586	0.336741710182099
0.628306260516173	0.330830968972331
0.171133891055786	0.0662595876135475
-1.81990622909434	1.13755106422583
1.47032706033056	0.490703617760438
0.692481142426252	0.221366284684109
1.47402323433779	0.492035659807906
-0.196970790009868	0.0634432336968819
-0.703264262088321	0.240508331840629
-0.703651055748467	0.240588737528622
0.546346904865407	0.198325214127253
0.164778629348208	0.0313374327003096
-0.125449682850739	0.0446078069078871
-0.12498904527434	0.0444985404997069
-0.575332215591588	0.272622944792389
-0.0324984470214214	0.0140560171553855
-1.95698261666314	1.34616457396841
-0.363831939479336	0.150156336394098
0.467827746236218	0.189722715213487
-0.497465981583959	0.187470275251904
-1.79693424859175	0.729556600315067
0.178254851579563	0.0536080680261321
-0.284417102085834	0.128986915140891
-0.194822363184045	0.0627608493171706
-0.498572689177519	0.187792372240162
-0.119231040222735	0.0424930904552538
0.182784373310677	0.0625636986950216
-0.698993762157532	0.238868921396013
-1.79346061997896	0.390723019452767
-0.487919950472708	0.183540394719132
1.84140390214436	0.726768879551614
0.961881298984383	0.254903830883264
-0.613158918177153	0.148231887572971
1.34356740200532	0.593719044095478
-0.496529611776328	0.187086496901877
0.181159179759352	0.0458876218072277
-1.1182849071041	0.337405124817419
-3.44754089021611	1.22379406077669
-3.07350260546998	0.94852963330217
-1.79346061997896	0.390723019452767
-0.323664690407152	0.0927962418225715
-0.612487701707529	0.148134994320372
0.854745976083229	0.364157099703967
0.962025660417238	0.254682745005495
-0.699938932255418	0.239135424844937
0.961881298984383	0.254903830883264
-0.198392257320092	0.0638832149326698
-0.612487701707529	0.148134994320372
-0.325121870470423	0.0931632456849071
0.181053134529505	0.0458624936397602
-2.57067328278635	0.665094197548339
-1.25188772636848	0.561803268010386
-3.07402416243152	0.948685276185543
0.177362298643623	0.0450515694227369
-0.32485451718176	0.0931499749349684
0.189325373085195	0.0567092627793379
-1.11896025029368	0.337616084496264
4.18708100798078	2.03450641531836
0.178254851579563	0.0536080680261321
-0.323664690407152	0.0927962418225715
-2.57067328278635	0.665094197548339
0.689369698791533	0.22025689756634
0.686721713829268	0.219371725498129
-0.709319061175721	0.242738363206193
-0.199468626638543	0.0641958776339338
0.687453672774919	0.21969379736456
0.689369698791533	0.22025689756634
0.550585584584045	0.199969616725774
0.169566032486793	0.032038095111837
0.165880035481028	0.0314978449610492
-0.325663137440616	0.0933864485177264
-0.119439740301372	0.0425627602260846
3.27272750868887	1.11966450015405
1.96276901321247	0.454520391574277
3.27272750868887	1.11966450015405
0.164778629348208	0.0313374327003096
0.963743115659934	0.255236344279286
1.96276901321247	0.454520391574277
0.161251150232847	0.0308565698216007
0.18374299244507	0.0464795790495071
0.964934921520073	0.255476948633611
-1.12019427196772	0.338020301365193
-3.07875719123617	0.951227905765892
0.175727878726939	0.0679905067665371
0.692932973591989	0.221383018666362
-2.57522664974505	0.666917731403372
0.164778629348208	0.0313374327003096
0.687453672774919	0.21969379736456
-0.614206104379299	0.148455859250315
0.689821397698691	0.220399946218977
-0.326310377140785	0.0935168437296262
0.180107983152346	0.0541465694868784
-0.321741768636823	0.0922885496388945
0.183610895194862	0.0464322674344966
0.167722678334851	0.064927369580929
1.05767805940452	0.40430204105456
-0.472644812948211	0.245348970241476
-1.25678676903573	0.564620297932334
0.165880035481028	0.0314978449610492
-0.709698759851068	0.242860149943732
-0.579823900842027	0.27493142082693
0.845815805906363	0.35975917327147
0.464450897593892	0.188417201617607
-1.4698691627813	0.740833493555529
-2.61153424700228	1.58891767695944
-0.366923986553794	0.151522574693312
-3.0729809879685	0.948009080411761
-0.332618072686463	0.0952457032075058
-1.49633399610699	0.531774933095134
0.552747570175129	0.200686243223241
-1.8018209860465	0.732336264923416
-1.00906318075178	0.399734482931109
-0.198392257320092	0.0638832149326698
-0.503483382578555	0.189906433790702
-0.498493518746738	0.187923773703768
-1.07143770961919	0.722383676139859
-0.709698759851068	0.242860149943732
0.185212747860726	0.0716432524051959
-0.613012730411062	0.148202450577793
0.00495665856924617	0.00209708145196321
3.27393157336313	1.11982869858365
-0.380370515341185	0.157554069469817
-1.49633399610699	0.531774933095134
-0.739205110261495	0.319270346381129
1.35358752126448	0.59927309259513
0.714470770965325	0.337329994111773
1.08670587761131	0.531285464915701
0.467045632960897	0.189532467401351
-0.377031831854509	0.155971428963077
-0.965640676501883	0.475766234717907
1.05693634570001	0.403813519694082
-1.11951983581622	0.337809535545767
0.815742657416867	0.492049937589709
-2.44695143181769	1.35630974489835
-0.512600646536696	0.318829731302418
1.47525146835293	0.492648627415429
0.177362298643623	0.0450515694227369
0.180845714650258	0.0543398759613664
-1.49633399610699	0.531774933095134
0.852708790488268	0.36320684772449
1.84644215856505	0.729350990286639
0.179479941018599	0.0614871969929957
0.182336403143595	0.0547549505032696
0.842756897055983	0.358214727221788
0.477579629235227	0.194141523225702
0.464254579243457	0.188396273240537
-0.495504524619628	0.186634765049712
1.06338277916722	0.406730999521995
1.05878746464103	0.40482083139178
-0.0707897849382779	0.0278824452057237
0.632928878830576	0.33423500166099
1.06375255943934	0.407031400293661
-0.195896300806791	0.0631110974355499
0.173305506499925	0.0522037309364545
-1.7934287506278	0.390727439150181
1.46964366147565	0.490422889690681
2.13460629217846	0.96446244584926
1.09286125469016	0.53488830944908
-1.79785205353169	0.391773074809323
0.853727719894795	0.3637264312541
2.76109157462938	0.779871501961836
-0.319817646410374	0.0917687104349087
0.963214248695465	0.255090594573707
-2.04755645131174	0.931787975309293
0.178161345351442	0.0610444196674466
0.164778629348208	0.0313374327003096
1.05952276636539	0.404935145675835
-1.5026235657887	0.534584753118728
-1.49897898499855	0.532683365671509
1.47333622017027	0.491753136545405
1.47155078449581	0.491168545293048
-3.45239496999294	1.22656388713544
-0.710436108685877	0.24306686379246
0.849767099826588	0.36182590832994
0.844796816473284	0.359284495888571
0.16227827018776	0.0628331174048905
-0.7424417184482	0.320788249025728
0.364515970078427	0.204640653434754
-1.25216514834477	0.561725883236464
-0.370908459446938	0.153216945134065
0.804301130429869	0.638271745172789
-3.45307509546519	1.22686211973226
-0.659445375413529	0.456272354681632
-1.46474349852834	0.736829271920345
-0.197316433582098	0.063550392412948
0.178254851579563	0.0536080680261321
0.183063896529214	0.0463401006276899
0.964404580081594	0.255330782344719
-0.924805902196419	0.558968000675209
-0.282457474326093	0.128081815389832
-3.44754089021611	1.22379406077669
-1.0079855208987	0.399077505174083
0.177897745896969	0.053489137684244
-2.57067328278635	0.665094197548339
-0.116616902278513	0.0415886899790243
-2.57067328278635	0.665094197548339
0.179746383607047	0.0540100642734575
-2.57067328278635	0.665094197548339
0.182384642090162	0.0461735738884295
-2.57522664974505	0.666917731403372
1.96372117107544	0.45473924627511
-0.322531979477701	0.0924829364174853
1.4646350690462	0.48856709745013
1.84066711299049	0.726365639107333
0.18374299244507	0.0464795790495071
-3.07350260546998	0.94852963330217
-3.07875719123617	0.951227905765892
-0.330247461830149	0.0945973836552012
-0.612487701707529	0.148134994320372
3.9503958711934	1.749912605214
0.687453672774919	0.21969379736456
0.184291063239428	0.0465991085839434
0.165088029467664	0.0313824661178469
2.76109157462938	0.779871501961836
-0.612487701707529	0.148134994320372
0.184291063239428	0.0465991085839434
-0.702142591343233	0.240009967793785
1.96372117107544	0.45473924627511
-1.7934287506278	0.390727439150181
-1.79346061997896	0.390723019452767
0.963743115659934	0.255236344279286
0.187300583927818	0.0472598613580206
0.178586346650125	0.0453095875153282
-3.07875719123617	0.951227905765892
-0.612487701707529	0.148134994320372
-0.202615613594689	0.0652232518828875
0.549516086641495	0.199542874934359
-3.99935046432113	1.73195235526657
-0.320548811537412	0.09196618419473
0.963214248695465	0.255090594573707
0.688637326691298	0.220082192676685
0.176474361708792	0.0604483506508768
-3.45171499640176	1.22586147893993
-1.00448642825666	0.397437675069127
0.555239766445707	0.201780832151434
3.94524209007654	1.74713132583643
0.160144755571284	0.0306956063740573
0.548802214907851	0.199198529969934
0.184971072095669	0.0467387603153735
0.165088029467664	0.0313824661178469
0.688553546984024	0.219962860223314
-1.25254603603633	0.562193102367071
-0.32485451718176	0.0931499749349684
-0.613158918177153	0.148231887572971
3.27032462336087	1.11801013776878
-1.79346061997896	0.390723019452767
1.96276901321247	0.454520391574277
-1.11951983581622	0.337809535545767
-0.323664690407152	0.0927962418225715
-1.50774474493265	0.536593235425421
0.682339311812087	0.217953944354753
-1.58087124549787	1.19539484964504
-1.64877676094374	0.924776485622219
-0.700140591670167	0.2392376775151
-0.495476598007788	0.186560284391804
-0.123260496130585	0.0687386812816278
0.174504111440695	0.0598231088959162
-1.14660339490621	0.637123655931568
1.3495769767586	0.597194616535652
-0.496879333423488	0.187181684059415
1.08727422065021	0.530972419786571
-0.699405444382189	0.239043645886915
-1.00906318075178	0.399734482931109
-0.7085818841146	0.242531688950869
-0.365376793227214	0.150864261510649
-3.76192242079324	1.48803099408259
-2.57067328278635	0.665094197548339
0.691293725798235	0.220916760169014
0.693668977910988	0.221707820486434
-1.12019427196772	0.338020301365193
1.05878746464103	0.40482083139178
-0.700673100063675	0.23947715305123
1.96372117107544	0.45473924627511
-0.497540036768389	0.187445875024767
-0.709319061175721	0.242738363206193
1.47897546128728	0.493826410303162
0.962553055030982	0.254827961566665
-3.44888613612191	1.22380916720858
-1.7934287506278	0.390727439150181
0.176139035531232	0.0447669868764769
0.161251150232847	0.0308565698216007
3.27993169130503	1.12298306623949
0.179369859705814	0.0539368960907662
-1.7934287506278	0.390727439150181
1.47525146835293	0.492648627415429
1.96276901321247	0.454520391574277
2.76109157462938	0.779871501961836
0.165880035481028	0.0314978449610492
0.550585584584045	0.199969616725774
-0.612487701707529	0.148134994320372
0.957162742729009	0.253557522610441
-0.614206104379299	0.148455859250315
1.96372117107544	0.45473924627511
0.181159179759352	0.0458876218072277
-0.330698472981565	0.0947716626031445
-0.704722398968598	0.241062538843187
-0.613682540053849	0.148388769407339
-0.613682540053849	0.148388769407339
0.963214248695465	0.255090594573707
0.18374299244507	0.0464795790495071
0.181159179759352	0.0458876218072277
-1.12019427196772	0.338020301365193
-3.07350260546998	0.94852963330217
0.962025660417238	0.254682745005495
0.182515705814395	0.0461929473161663
0.680421237638035	0.217245422782273
0.559556523494549	0.203384722969785
-1.79766606524237	0.730020629935894
0.179186941663505	0.0613870679805912
-0.190877057046861	0.0615565600580822
1.96372117107544	0.45473924627511
-0.612487701707529	0.148134994320372
3.94644126070058	1.74779877932007
1.96276901321247	0.454520391574277
0.16619130625606	0.0315431724784316
3.64995436887393	1.44813448599007
0.963214248695465	0.255090594573707
0.691293725798235	0.220916760169014
1.96276901321247	0.454520391574277
-0.613682540053849	0.148388769407339
-1.7934287506278	0.390727439150181
-1.7934287506278	0.390727439150181
-2.57554526884402	0.666976966437407
0.686721713829268	0.219371725498129
0.181222403711057	0.0544586569816679
-1.11884555197394	0.337481516657706
-0.198392257320092	0.0638832149326698
0.369384839677531	0.186944054943435
0.173841338161581	0.0596051278079202
-0.374238511751137	0.154747782046509
0.176354608339169	0.0857660106201213
0.550289590334163	0.199868191494828
-0.525599707283984	0.328940879337472
-2.09281938301348	1.58529095764985
-0.193367241020068	0.0623371853793179
1.05235833798367	0.401844810202421
-0.205060207913622	0.0659847569387762
-0.120597357209593	0.0429861315229494
-1.0690543796615	0.720695823639688
0.474589111281212	0.19285269072617
0.178049240810411	0.0452053813438565
-3.07928878926676	0.951136693928373
-0.611962616144159	0.147977912487881
-0.324393158207149	0.0929933012825356
-1.79346061997896	0.390723019452767
0.963078860472085	0.255236868510046
-1.00415219200353	0.397187604454455
-0.509153195338149	0.192147030635065
-2.57067328278635	0.665094197548339
2.76219840038386	0.780594539857824
1.96276901321247	0.454520391574277
0.165088029467664	0.0313824661178469
0.186752657299631	0.0471525522204707
0.18374299244507	0.0464795790495071
-0.611962616144159	0.147977912487881
-2.05172589182352	0.934643069348059
0.184338509014023	0.0553315106563962
2.76219840038386	0.780594539857824
0.169566032486793	0.032038095111837
0.16619130625606	0.0315431724784316
-1.7934287506278	0.390727439150181
0.160144755571284	0.0306956063740573
-1.79346061997896	0.390723019452767
-0.613682540053849	0.148388769407339
-0.613012730411062	0.148202450577793
0.964404580081594	0.255330782344719
1.96276901321247	0.454520391574277
1.46341520408474	0.487915667204292
0.165088029467664	0.0313824661178469
1.47086646676889	0.49088731436037
-1.11884555197394	0.337481516657706
1.96372117107544	0.45473924627511
0.165088029467664	0.0313824661178469
-1.7934287506278	0.390727439150181
0.16619130625606	0.0315431724784316
0.165088029467664	0.0313824661178469
-2.57554526884402	0.666976966437407
0.18374299244507	0.0464795790495071
-3.07875719123617	0.951227905765892
-1.79346061997896	0.390723019452767
-1.49633399610699	0.531774933095134
0.188667958543402	0.04756856032199
-0.496879333423488	0.187181684059415
0.171985774335464	0.075067693019864
1.47579162106182	0.492713238749138
-1.25292634738104	0.562158900236561
-2.26531132664576	1.14295677182158
-0.618535635333325	0.149538863092151
1.96684138854469	0.455504908505281
0.16619130625606	0.0315431724784316
-1.79346061997896	0.390723019452767
0.164778629348208	0.0313374327003096
1.96684138854469	0.455504908505281
0.169566032486793	0.032038095111837
-1.7934287506278	0.390727439150181
-2.57067328278635	0.665094197548339
2.76109157462938	0.779871501961836
2.76109157462938	0.779871501961836
0.18374299244507	0.0464795790495071
-1.1258777723839	0.339888304991231
-1.46394098996355	0.736605692124347
-0.331884233338781	0.0950660268702792
0.364920934448193	0.204900156197882
-0.0987496002166378	0.0575010729011219
-2.61493966586251	1.59432569298819
-0.127091474684451	0.0709850013835464
-0.771566008377383	0.416586747907849
-1.49683678047233	0.53192588850646
-0.377889904977927	0.156323288174476
0.18374299244507	0.0464795790495071
0.532601001493293	0.340816001970812
-0.0980401932981887	0.0689012814352944
0.177362298643623	0.0450515694227369
-1.12019427196772	0.338020301365193
1.46910411205871	0.490049168285487
-0.612487701707529	0.148134994320372
0.164778629348208	0.0313374327003096
-1.7934287506278	0.390727439150181
-1.7934287506278	0.390727439150181
0.181222403711057	0.0544586569816679
0.183610895194862	0.0464322674344966
0.183063896529214	0.0463401006276899
1.96372117107544	0.45473924627511
-2.57554526884402	0.666976966437407
1.96276901321247	0.454520391574277
2.76219840038386	0.780594539857824
0.16619130625606	0.0315431724784316
-1.7934287506278	0.390727439150181
1.96276901321247	0.454520391574277
-0.611962616144159	0.147977912487881
0.160144755571284	0.0306956063740573
-1.12519556185123	0.339754109482426
0.682339311812087	0.217953944354753
1.96276901321247	0.454520391574277
-1.7934287506278	0.390727439150181
0.165088029467664	0.0313824661178469
1.4646350690462	0.48856709745013
1.96276901321247	0.454520391574277
0.160144755571284	0.0306956063740573
-1.7934287506278	0.390727439150181
1.96372117107544	0.45473924627511
0.963214248695465	0.255090594573707
-3.07350260546998	0.94852963330217
0.958352222975233	0.253964848564806
0.181837521716867	0.0460537144756759
-1.7934287506278	0.390727439150181
-0.613682540053849	0.148388769407339
-3.07402416243152	0.948685276185543
2.76219840038386	0.780594539857824
0.169566032486793	0.032038095111837
0.681600849226051	0.217707538421281
0.17231657402208	0.0666548669668037
-0.191244569931459	0.0616646869685805
0.687453672774919	0.21969379736456
0.727865325757888	0.481164650246301
-0.612487701707529	0.148134994320372
0.176825054435177	0.0449204608148946
-0.328777361869378	0.0941964324844904
1.96276901321247	0.454520391574277
1.46842163094462	0.489769078028611
0.548159843287306	0.198990334609177
-3.74551962293396	1.47870416259712
0.183610895194862	0.0464322674344966
-1.1258777723839	0.339888304991231
0.845105806899757	0.359316278453548
-0.293655294471868	0.133607552276781
0.963743115659934	0.255236344279286
-1.95843866233794	1.34820650671204
-0.253558821181166	0.157017627804252
1.09007811580117	0.533129189195471
-0.881277518461079	0.725239460304288
0.175501335417402	0.0853402152277122
1.96276901321247	0.454520391574277
1.05804592236107	0.404331959594976
1.59158476389303	0.799305203801273
1.08850211338313	0.531958239000341
0.418945635891476	0.190679326632952
-0.750713548226986	0.325259289141959
1.05235833798367	0.401844810202421
0.164778629348208	0.0313374327003096
-1.79346061997896	0.390723019452767
3.27510914666181	1.12076297640292
-0.697547507150818	0.238387277313668
1.96276901321247	0.454520391574277
-1.79346061997896	0.390723019452767
-2.57036588579023	0.664816582891659
-1.7934287506278	0.390727439150181
0.18374299244507	0.0464795790495071
0.964404580081594	0.255330782344719
0.165880035481028	0.0314978449610492
0.688185381402826	0.219868290083128
3.27272750868887	1.11966450015405
0.691293725798235	0.220916760169014
-0.60895933746012	0.147406558741333
-1.79346061997896	0.390723019452767
0.961881298984383	0.254903830883264
-0.611962616144159	0.147977912487881
0.165088029467664	0.0313824661178469
-0.623962156972292	0.150791561723962
-0.613158918177153	0.148231887572971
0.16619130625606	0.0315431724784316
1.96276901321247	0.454520391574277
-0.612487701707529	0.148134994320372
-2.57522664974505	0.666917731403372
2.76109157462938	0.779871501961836
1.47086646676889	0.49088731436037
-3.07402416243152	0.948685276185543
-0.619069360213747	0.149654914653121
-2.57067328278635	0.665094197548339
-2.57522664974505	0.666917731403372
2.76219840038386	0.780594539857824
-1.79346061997896	0.390723019452767
-2.57067328278635	0.665094197548339
0.182515705814395	0.0461929473161663
-1.11896025029368	0.337616084496264
0.963743115659934	0.255236344279286
-2.57036588579023	0.664816582891659
-0.201906699363454	0.0650030146049408
-1.11951983581622	0.337809535545767
-1.19592728832715	0.888012879327949
0.570192613814152	0.333055140698529
0.923546559815548	0.502415925996933
-0.613158918177153	0.148231887572971
0.164778629348208	0.0313374327003096
1.96276901321247	0.454520391574277
-1.79346061997896	0.390723019452767
0.966736740010186	0.256029100393941
1.96372117107544	0.45473924627511
1.96276901321247	0.454520391574277
1.05730971150351	0.403863337099285
0.688637326691298	0.220082192676685
0.165088029467664	0.0313824661178469
0.16619130625606	0.0315431724784316
0.181837521716867	0.0460537144756759
-0.497540036768389	0.187445875024767
-0.371336427701869	0.153389557765106
2.92327956272963	1.98693816705666
0.062944344206644	0.0369381456066213
1.08174090283251	0.527955113199031
-0.937351963149784	0.569969297496442
-2.57522664974505	0.666917731403372
-2.57067328278635	0.665094197548339
0.18374299244507	0.0464795790495071
3.94131434673369	1.74409517718346
0.468602008697511	0.190152966892753
0.638875643978227	0.489087360768258
-0.325582325201124	0.0933470317045756
0.165088029467664	0.0313824661178469
2.76109157462938	0.779871501961836
0.165088029467664	0.0313824661178469
1.96276901321247	0.454520391574277
-1.7934287506278	0.390727439150181
0.165088029467664	0.0313824661178469
-2.57067328278635	0.665094197548339
-0.609489833121369	0.147475344257464
0.169566032486793	0.032038095111837
1.46341520408474	0.487915667204292
0.968469219672053	0.25651021792255
0.18374299244507	0.0464795790495071
3.27152519356808	1.11907150574555
-1.79346061997896	0.390723019452767
-1.1182849071041	0.337405124817419
-1.7934287506278	0.390727439150181
-1.7934287506278	0.390727439150181
0.963743115659934	0.255236344279286
0.962553055030982	0.254827961566665
0.178586346650125	0.0453095875153282
1.96372117107544	0.45473924627511
-1.79346061997896	0.390723019452767
-1.79346061997896	0.390723019452767
-2.57036588579023	0.664816582891659
1.96276901321247	0.454520391574277
-1.7934287506278	0.390727439150181
-0.613158918177153	0.148231887572971
-1.12968819193386	0.341150094616032
1.96684138854469	0.455504908505281
-0.617339897765464	0.149284387408846
-1.7934287506278	0.390727439150181
-1.79346061997896	0.390723019452767
-1.7934287506278	0.390727439150181
-0.198757003958094	0.063979613393949
0.169566032486793	0.032038095111837
0.963214248695465	0.255090594573707
1.96276901321247	0.454520391574277
0.165880035481028	0.0314978449610492
1.09446319502962	0.535866721790447
0.0259600672758794	0.0131407567422054
0.538895973456004	0.195376263391291
-0.614206104379299	0.148455859250315
3.27032462336087	1.11801013776878
-1.00236193740671	0.396463059052617
1.96276901321247	0.454520391574277
0.962553055030982	0.254827961566665
0.165088029467664	0.0313824661178469
-1.7934287506278	0.390727439150181
0.165088029467664	0.0313824661178469
2.76219840038386	0.780594539857824
0.418583026187904	0.190731695106026
-0.762340284314577	0.409842491384599
1.47155078449581	0.491168545293048
-1.1245135089551	0.339452387639693
2.76219840038386	0.780594539857824
-2.57067328278635	0.665094197548339
0.568356861547709	0.331130699825938
1.84451762847753	0.728350716630867
-0.590949882015622	0.281350368578303
0.415405988599476	0.343840556822745
-0.576832563965895	0.273411525933658
-0.377178956142016	0.210565197081683
-0.74122831740074	0.320242482806758
0.3869392660092	0.196893272718598
0.844796816473284	0.359284495888571
-0.124045801303727	0.0441173951480137
1.29750740227623	0.721075544674954
-1.51245038480505	0.538455276996515
0.182336403143595	0.0547549505032696
-2.57036588579023	0.664816582891659
0.178254851579563	0.0536080680261321
3.27631781619437	1.12171855032085
0.959543454922691	0.254205280821647
0.183063896529214	0.0463401006276899
0.165088029467664	0.0313824661178469
0.16619130625606	0.0315431724784316
0.182515705814395	0.0461929473161663
1.96372117107544	0.45473924627511
1.96372117107544	0.45473924627511
1.96684138854469	0.455504908505281
-1.79346061997896	0.390723019452767
0.179369859705814	0.0539368960907662
1.96276901321247	0.454520391574277
-2.57067328278635	0.665094197548339
0.184291063239428	0.0465991085839434
2.76109157462938	0.779871501961836
1.96372117107544	0.45473924627511
-0.611962616144159	0.147977912487881
1.46964366147565	0.490422889690681
1.4745635305468	0.492365493098567
-0.617339897765464	0.149284387408846
1.47897546128728	0.493826410303162
-2.57067328278635	0.665094197548339
-0.613158918177153	0.148231887572971
-1.79346061997896	0.390723019452767
-1.7934287506278	0.390727439150181
1.96372117107544	0.45473924627511
1.46910411205871	0.490049168285487
0.165088029467664	0.0313824661178469
0.165088029467664	0.0313824661178469
-0.611962616144159	0.147977912487881
0.164778629348208	0.0313374327003096
-0.332618072686463	0.0952457032075058
-1.80294806323006	0.732963939188901
0.183063896529214	0.0463401006276899
2.76109157462938	0.779871501961836
0.544930490938392	0.197736218289966
0.55666795219135	0.20227767313483
0.176263706576241	0.0530277163300986
2.13460629217846	0.96446244584926
0.551654521195964	0.200367304145546
0.188945802287326	0.0566034382337498
-1.49705816852235	0.532032217355669
-1.79346061997896	0.390723019452767
1.47078449590325	0.490854051681038
0.164778629348208	0.0313374327003096
-3.74479839827737	1.4781183796158
0.478185042803442	0.1944268337106
-0.956647497357864	0.470277276364035
0.963743115659934	0.255236344279286
0.712514372081836	0.336121352777663
-0.496157928957114	0.186946493085891
-1.00377782576872	0.397156038036369
0.185076110728506	0.0555416222332281
-0.0733809977579849	0.0288349533476671
3.0666198073319	2.29136903317144
1.3524197012094	0.598640284839141
-1.58237122187751	1.20014031624836
1.58957849817284	0.797908190717277
-0.328777361869378	0.0941964324844904
-0.653434658737523	0.450905586024029
0.356630287035795	0.218416075384039
0.634148600923121	0.334787507967656
-1.06807813687019	0.718506108401465
-1.25254603603633	0.562193102367071
0.687453672774919	0.21969379736456
-0.362383752032098	0.149507054176405
1.83941655550072	0.725786652717124
0.16619130625606	0.0315431724784316
0.17428253189649	0.067415215827049
3.27393157336313	1.11982869858365
-1.79785205353169	0.391773074809323
-1.12396372987595	0.33934973605565
1.96276901321247	0.454520391574277
0.967271104517323	0.256176548116206
2.76219840038386	0.780594539857824
1.47209004689925	0.491178510113126
0.687453672774919	0.21969379736456
0.964404580081594	0.255330782344719
-1.50215938518201	0.53435945377886
0.16619130625606	0.0315431724784316
-1.7934287506278	0.390727439150181
0.687453672774919	0.21969379736456
-1.7934287506278	0.390727439150181
0.963743115659934	0.255236344279286
1.83948692258838	0.725717515665962
-1.79785205353169	0.391773074809323
-0.704722398968598	0.241062538843187
-0.704386334982379	0.240838421723177
0.963214248695465	0.255090594573707
3.27631781619437	1.12171855032085
-1.1182849071041	0.337405124817419
-0.613682540053849	0.148388769407339
0.962025660417238	0.254682745005495
0.962025660417238	0.254682745005495
1.96684138854469	0.455504908505281
2.76219840038386	0.780594539857824
3.648660887427	1.44649464979281
1.47155078449581	0.491168545293048
0.165088029467664	0.0313824661178469
-1.7934287506278	0.390727439150181
-1.7934287506278	0.390727439150181
0.962553055030982	0.254827961566665
0.687453672774919	0.21969379736456
-1.12328075924743	0.339047939506251
0.962025660417238	0.254682745005495
-1.49897898499855	0.532683365671509
-0.70398648315954	0.24079443492873
-1.7934287506278	0.390727439150181
0.180107983152346	0.0541465694868784
0.963214248695465	0.255090594573707
-0.617875104469477	0.149400727468359
1.47032706033056	0.490703617760438
-2.57036588579023	0.664816582891659
-0.614206104379299	0.148455859250315
0.165088029467664	0.0313824661178469
0.16619130625606	0.0315431724784316
-0.613682540053849	0.148388769407339
1.96372117107544	0.45473924627511
0.165088029467664	0.0313824661178469
0.692481142426252	0.221366284684109
0.164778629348208	0.0313374327003096
1.96276901321247	0.454520391574277
0.963743115659934	0.255236344279286
-0.613158918177153	0.148231887572971
1.06338277916722	0.406730999521995
-0.704722398968598	0.241062538843187
2.76565792595512	1.71257889069178
0.325721951081803	0.212010572168637
-0.705992581755958	0.241431400625516
-0.456807252222173	0.235939971553332
-0.572346484793284	0.27090294615078
0.548515509988744	0.199132914018316
3.27152519356808	1.11907150574555
-2.05351794926878	0.93590991881049
-0.763778251086667	0.410810042358742
0.400424354776847	0.342434469983621
1.99193424664057	1.25821752860032
1.06449307015235	0.407221804443696
1.96276901321247	0.454520391574277
1.96372117107544	0.45473924627511
0.161251150232847	0.0308565698216007
0.165880035481028	0.0314978449610492
0.161251150232847	0.0308565698216007
0.182515705814395	0.0461929473161663
0.964934921520073	0.255476948633611
0.164778629348208	0.0313374327003096
-2.57067328278635	0.665094197548339
-2.57036588579023	0.664816582891659
1.96276901321247	0.454520391574277
-0.332618072686463	0.0952457032075058
0.165088029467664	0.0313824661178469
0.164778629348208	0.0313374327003096
2.76219840038386	0.780594539857824
1.96372117107544	0.45473924627511
-1.79346061997896	0.390723019452767
3.27752825134246	1.12202020233476
-1.7934287506278	0.390727439150181
1.96372117107544	0.45473924627511
0.160144755571284	0.0306956063740573
-3.07875719123617	0.951227905765892
0.963743115659934	0.255236344279286
1.96684138854469	0.455504908505281
1.96276901321247	0.454520391574277
-1.7934287506278	0.390727439150181
-2.57522664974505	0.666917731403372
0.165880035481028	0.0314978449610492
-0.745228434114775	0.322263483734654
-0.171599207850927	0.0908435912728291
1.35636045207216	0.600949327384119
0.550942476833057	0.200036223470925
0.183600515358582	0.055105623027285
-1.7934287506278	0.390727439150181
0.849408948383461	0.361671672630261
1.96372117107544	0.45473924627511
0.165088029467664	0.0313824661178469
-0.504512185848928	0.190251785849138
-1.79346061997896	0.390723019452767
0.967933372585482	0.256362285789635
0.958352222975233	0.253964848564806
2.13349923295367	0.963781356442487
1.05841937425473	0.404493015312573
-0.219281290732159	0.108290971861246
0.693668977910988	0.221707820486434
0.471213953335543	0.191316020734622
-2.44592345858684	1.35545722168708
-0.708961798888886	0.242591076534355
-0.700673100063675	0.23947715305123
0.963214248695465	0.255090594573707
0.419120374596408	0.19104718159194
0.627567532991904	0.330878791440902
-0.202976861420011	0.0653350306430413
-0.611962616144159	0.147977912487881
-0.324393158207149	0.0929933012825356
-2.57554526884402	0.666976966437407
3.64995436887393	1.44813448599007
-1.79346061997896	0.390723019452767
1.96276901321247	0.454520391574277
0.164778629348208	0.0313374327003096
-3.07822553691956	0.950796797182827
1.47209004689925	0.491178510113126
-1.7934287506278	0.390727439150181
0.160144755571284	0.0306956063740573
-3.08406063790942	0.953411710574981
1.96276901321247	0.454520391574277
2.76219840038386	0.780594539857824
0.160144755571284	0.0306956063740573
0.177362298643623	0.0450515694227369
1.96276901321247	0.454520391574277
-1.49680843456756	0.531963842405938
0.963214248695465	0.255090594573707
0.164778629348208	0.0313374327003096
0.962553055030982	0.254827961566665
1.96276901321247	0.454520391574277
2.76219840038386	0.780594539857824
-0.611962616144159	0.147977912487881
-1.7934287506278	0.390727439150181
0.165088029467664	0.0313824661178469
0.165880035481028	0.0314978449610492
0.165880035481028	0.0314978449610492
-3.74551962293396	1.47870416259712
-2.57067328278635	0.665094197548339
1.090873223338	0.533536423719239
0.549516086641495	0.199542874934359
-1.1152634133402	0.336439469187697
-2.57067328278635	0.665094197548339
-1.79346061997896	0.390723019452767
-2.57067328278635	0.665094197548339
0.165088029467664	0.0313824661178469
-0.613012730411062	0.148202450577793
0.329513017587869	0.214959261323595
1.30090052760141	0.724081434804544
1.96372117107544	0.45473924627511
-1.79785205353169	0.391773074809323
-0.618535635333325	0.149538863092151
1.96684138854469	0.455504908505281
1.46341520408474	0.487915667204292
0.553078229148553	0.200859942283057
-0.325582325201124	0.0933470317045756
0.373160481034838	0.210428327788154
0.921532221481121	0.500071174349431
0.179845637419764	0.0616123591521601
1.47155078449581	0.491168545293048
-1.79346061997896	0.390723019452767
0.165880035481028	0.0314978449610492
-1.64922536553029	0.925922769086935
-0.224524671783703	0.11106146035632
1.47333622017027	0.491753136545405
-0.324126952894347	0.0929244396746841
0.165088029467664	0.0313824661178469
-2.57036588579023	0.664816582891659
-1.79346061997896	0.390723019452767
-1.11963574652263	0.337715170908198
-1.79346061997896	0.390723019452767
-2.57067328278635	0.665094197548339
-1.11951983581622	0.337809535545767
0.164625296117395	0.0313507498370328
-1.7934287506278	0.390727439150181
2.76219840038386	0.780594539857824
-0.704386334982379	0.240838421723177
0.186752657299631	0.0471525522204707
0.164778629348208	0.0313374327003096
0.191013517092109	0.0480694204657905
0.187435346122179	0.047292837125537
1.06063740894654	0.405466440477548
-0.613158918177153	0.148231887572971
0.169566032486793	0.032038095111837
0.962553055030982	0.254827961566665
0.165088029467664	0.0313824661178469
1.96372117107544	0.45473924627511
-1.7934287506278	0.390727439150181
0.165088029467664	0.0313824661178469
0.178586346650125	0.0453095875153282
0.458679959225615	0.185863467599541
1.29951951746425	0.722783174003019
1.06063740894654	0.405466440477548
-1.79346061997896	0.390723019452767
-0.745964556331622	0.322905623079582
1.09326371082365	0.535179266789542
0.181837521716867	0.0460537144756759
2.76109157462938	0.779871501961836
0.957162742729009	0.253557522610441
2.76109157462938	0.779871501961836
-2.57067328278635	0.665094197548339
3.94919285179009	1.74908815648613
1.47078449590325	0.490854051681038
0.963214248695465	0.255090594573707
2.76330811440907	0.780761067286217
-0.613012730411062	0.148202450577793
-0.32531700249348	0.0932194330065639
-2.57098043849301	0.664920470822356
-2.57522664974505	0.666917731403372
-1.46576387823699	0.737803608644795
1.84022304372881	0.72612017307568
0.165880035481028	0.0314978449610492
3.27152519356808	1.11907150574555
2.76559849788836	0.78194178274137
-1.7934287506278	0.390727439150181
-2.57067328278635	0.665094197548339
-1.79785205353169	0.391773074809323
-1.7934287506278	0.390727439150181
0.165088029467664	0.0313824661178469
0.16619130625606	0.0315431724784316
-0.608428787479893	0.147248610626808
0.16619130625606	0.0315431724784316
-1.7934287506278	0.390727439150181
0.165088029467664	0.0313824661178469
-1.7934287506278	0.390727439150181
0.963214248695465	0.255090594573707
-0.612487701707529	0.148134994320372
0.165088029467664	0.0313824661178469
-2.57036588579023	0.664816582891659
0.164778629348208	0.0313374327003096
-1.79346061997896	0.390723019452767
-2.57098043849301	0.664920470822356
-2.57036588579023	0.664816582891659
0.161251150232847	0.0308565698216007
0.840510143880536	0.357192711931371
0.184971072095669	0.0467387603153735
2.76885271930717	1.71456341262253
0.176825054435177	0.0449204608148946
0.958352222975233	0.253964848564806
1.96372117107544	0.45473924627511
2.76559849788836	0.78194178274137
0.553459142396127	0.201030755019039
1.84140390214436	0.726768879551614
1.0902798151989	0.533218625553675
0.688553546984024	0.219962860223314
1.84022304372881	0.72612017307568
0.183063896529214	0.0463401006276899
0.714622084787927	0.337238843132313
0.0210895282552303	0.0107228921571588
0.182515705814395	0.0461929473161663
1.96276901321247	0.454520391574277
1.96276901321247	0.454520391574277
1.96276901321247	0.454520391574277
-1.79785205353169	0.391773074809323
-2.57067328278635	0.665094197548339
-2.57098043849301	0.664920470822356
1.96684138854469	0.455504908505281
-1.7934287506278	0.390727439150181
-0.608428787479893	0.147248610626808
-1.79785205353169	0.391773074809323
1.46964366147565	0.490422889690681
-1.7934287506278	0.390727439150181
-1.7934287506278	0.390727439150181
-2.57067328278635	0.665094197548339
-1.79346061997896	0.390723019452767
-1.7934287506278	0.390727439150181
-2.57036588579023	0.664816582891659
3.27272750868887	1.11966450015405
0.165880035481028	0.0314978449610492
2.77014537202506	0.783552977740789
2.76219840038386	0.780594539857824
0.185076110728506	0.0555416222332281
1.08949555622004	0.532578731259661
2.76109157462938	0.779871501961836
3.94250969970351	1.744660072344
0.984393035836661	0.673769183748663
1.11410040899404	0.689722342792156
0.165880035481028	0.0314978449610492
-3.74624107806015	1.47909592511107
1.96372117107544	0.45473924627511
2.76559849788836	0.78194178274137
0.161251150232847	0.0308565698216007
-1.79346061997896	0.390723019452767
2.76219840038386	0.780594539857824
-0.609489833121369	0.147475344257464
0.972026783845071	0.25740024127234
0.16619130625606	0.0315431724784316
0.964934921520073	0.255476948633611
0.16619130625606	0.0315431724784316
-1.79346061997896	0.390723019452767
-1.7934287506278	0.390727439150181
0.545635755066955	0.198001550246931
0.187984352048437	0.0474280610765032
0.165088029467664	0.0313824661178469
0.176825054435177	0.0449204608148946
0.186623037876872	0.0722027767565552
-0.324126952894347	0.0929244396746841
0.16619130625606	0.0315431724784316
0.962025660417238	0.254682745005495
-0.613012730411062	0.148202450577793
2.76559849788836	0.78194178274137
-0.613012730411062	0.148202450577793
0.182384642090162	0.0461735738884295
-1.1182849071041	0.337405124817419
0.688637326691298	0.220082192676685
-0.612487701707529	0.148134994320372
-2.57522664974505	0.666917731403372
-1.49247986516622	0.53011506511111
2.76109157462938	0.779871501961836
0.968469219672053	0.25651021792255
0.181837521716867	0.0460537144756759
0.182384642090162	0.0461735738884295
-1.7934287506278	0.390727439150181
0.178049240810411	0.0452053813438565
-2.57067328278635	0.665094197548339
3.27510914666181	1.12076297640292
-1.50729003919016	0.536490208929206
0.165880035481028	0.0314978449610492
0.165088029467664	0.0313824661178469
0.165088029467664	0.0313824661178469
1.96372117107544	0.45473924627511
-0.611962616144159	0.147977912487881
-1.7934287506278	0.390727439150181
-2.57067328278635	0.665094197548339
-0.327498449554433	0.0938114370055266
1.84376682971049	0.727623731102843
0.963743115659934	0.255236344279286
0.683520003518989	0.218340470189805
0.185076110728506	0.0555416222332281
-1.46053920799008	0.73428791747872
0.475196904470731	0.193138494041749
0.184338509014023	0.0553315106563962
-0.613158918177153	0.148231887572971
-0.743607658160876	0.32145501649726
-0.697936306259444	0.23851153813937
-0.744354053349253	0.322033856563692
-0.198045826596271	0.0637553577032532
-0.325582325201124	0.0933470317045756
-2.57067328278635	0.665094197548339
-1.80368192120879	0.733397419313707
-0.708225225424176	0.242257120133667
-1.7934287506278	0.390727439150181
-1.79346061997896	0.390723019452767
0.165088029467664	0.0313824661178469
0.966736740010186	0.256029100393941
-2.57554526884402	0.666976966437407
-0.316681892694892	0.0908861067323367
-0.327498449554433	0.0938114370055266
2.76330811440907	0.780761067286217
-1.79653379913892	0.729391431830202
0.174785547530182	0.0526214906817273
-0.308519780625615	0.182728676842787
-0.326310377140785	0.0935168437296262
-0.572896721558653	0.271218753596787
-0.773503322493402	0.417859732629558
-0.323664690407152	0.0927962418225715
-1.14197258920629	0.63237681125174
-1.24753635380142	0.559274902962467
-0.494817503599559	0.186297123887455
-0.749962038454575	0.324836661096217
