x	y
0.38212547295305	0.194088176340719
0.521825203580791	0.331715313527358
0.967048559417245	0.954115880182226
1.30146246649907	0.724522922364383
0.732281062043006	0.483757521928502
-0.198027167012548	0.0637530672793308
0.180484451327502	0.0542489043189748
0.345620796332798	0.210932715921753
0.624706298111503	0.475035954404387
0.664394330310049	0.603728413001609
0.413235866317089	0.188115844591244
0.97136722779877	0.660757775289088
-0.366087867854824	0.203396625404127
0.927938390515491	0.504984223310363
2.14486581777165	1.50486075777569
0.356740218461464	0.200007627162113
-0.289534186470723	0.131552307490691
0.170853942914594	0.0585576548536437
0.593846981793881	0.476768358021011
0.71503477840043	0.337624289933587
0.628306260516173	0.330830968972331
1.93100173106596	1.6750710548435
0.845460532244873	0.359623499672993
-1.7934287506278	0.390727439150181
-0.283437383972797	0.12854159422827
0.637078219849197	0.336673323030678
0.981774423067029	0.670321590906979
-0.585668575236509	0.278305773676009
-0.171017069248436	0.090541252648856
0.579101943595125	0.339056083556342
-0.482551590996588	0.358520600166426
0.53161215481681	0.339606386516873
0.53818486903416	0.195103437224185
1.25205457085048	1.22764194648045
0.414634978120109	0.188649118494844
0.373322326769846	0.210318401145351
0.687453672774919	0.21969379736456
0.17490549702866	0.0599480691446385
0.392377576891852	0.199838653210954
1.47907763424312	0.930337288562796
1.14183441834665	1.03283542298665
0.727710306569967	0.48098841546124
-0.605984880020476	0.53402395135856
0.168689066094297	0.0819342857894034
0.186512893063453	0.108424603762449
2.92095849596756	1.9832566032814
0.182384642090162	0.0461735738884295
0.937692734088725	0.511899987426215
0.41751595322331	0.18993514319526
0.738549835363683	0.490159792672312
-0.202976861420011	0.0653350306430413
-3.45727803409178	1.22858842810043
-0.629572895583758	0.368040380173418
0.193698498811428	0.104207266052991
-0.502455215004387	0.189494091012893
-0.485180100560849	0.360932319725109
0.361118754656017	0.202299274292197
-0.0415119614112706	0.0177893841084965
-0.0307917040714927	0.0133425140623438
-1.29795415701784	0.801494726287218
1.08888268610096	0.532186917645821
0.183063896529214	0.0463401006276899
0.496569035899238	0.340991531974485
1.10800069128242	0.685524346972981
0.842073188053842	0.357842079017509
0.483853820500679	0.330550749025588
0.860763655927478	0.908734797774149
0.495062149334565	0.340015480597275
0.192280308965148	0.119400773337188
0.38473403393753	0.195290154229275
0.47680168241803	0.193793610458473
1.30396387067548	0.726122477880366
-0.0911516225123595	0.0530077524105557
1.08074896976431	0.527239452172004
0.662646220745195	0.601048643050678
-0.51714701522121	0.322213219035816
0.325964292423697	0.225696856325157
1.79241855455615	1.40525481759784
0.163638541240173	0.0795419204738442
0.187291142528368	0.108801259642318
-0.503804509378522	0.19008371969888
1.05952860814689	0.405011691745652
3.27272750868887	1.11966450015405
0.958352222975233	0.253964848564806
0.164778629348208	0.0313374327003096
-2.57098043849301	0.664920470822356
0.472589276523701	0.191952372408541
0.386868266047971	0.196840602988203
0.529076294331137	0.338074226094578
0.174742487017495	0.0934947903213071
1.84376682971049	0.727623731102843
0.633669009419571	0.334479170998834
1.16244783239502	1.32237094784082
0.474806409465069	0.192958689821505
0.923993724928956	0.501949623164673
2.58734409880815	1.45450738282534
0.332449073199047	0.21723841224471
0.971469458706975	0.660590331897682
0.554880938863188	0.20152285461421
0.421410840923393	0.191981251307706
1.48095054148257	0.930554025668138
0.923993724928956	0.501949623164673
-0.171566819597706	0.113060715569657
1.0164639881965	0.836148140129602
-0.138756941642572	0.0935638800735495
-0.224947357079482	0.111196264418593
0.352791342623394	0.215764246490799
0.179358977854173	0.0873230126819307
0.187978201227065	0.0918138870432312
0.17478032140425	0.0850770159193913
0.165880035481028	0.0314978449610492
-1.00835638596109	0.399381922624064
1.84644215856505	0.729350990286639
0.963214248695465	0.255090594573707
0.692481142426252	0.221366284684109
-1.7934287506278	0.390727439150181
0.968469219672053	0.25651021792255
-0.611962616144159	0.147977912487881
0.364540262125001	0.204903328595494
0.849051344453761	0.361335510776158
0.173932942960796	0.084662627627622
0.470740513037975	0.342556060856873
1.14358307310741	1.16886543090535
0.345061287098338	0.210614794034444
0.167087395894817	0.0647183787362104
-0.289054418694824	0.131327364821658
1.05184219705654	1.0001671632229
1.67199642011145	2.44752514732357
1.04519296905593	0.991593565057825
0.419010944897155	0.190689071081355
0.422478537491221	0.192699273400646
0.813684955372857	0.880558341020101
0.179934674673373	0.104394162091328
0.411193651243347	0.186869354705351
0.171133891055786	0.0662595876135475
0.170769042992324	0.0660467894405734
0.386200483346957	0.196166538351484
1.4245374140574	1.11093180491819
1.05546745281569	0.403133310523844
0.758772063222513	0.637249273647877
0.0193680471122191	0.0098719872883253
0.183326277441054	0.0982962784528176
0.184195877885734	0.106967483786203
-0.559181543699695	0.402701917600491
0.526442444554632	0.335457430046642
-0.563362051833408	0.406662735653778
-1.47703470869112	0.745782655478961
-1.97425181809962	1.36735486862774
0.176287929781929	0.0682081341245489
0.17863134392367	0.0537118645556901
-2.57036588579023	0.664816582891659
3.27752825134246	1.12202020233476
2.76219840038386	0.780594539857824
-1.7934287506278	0.390727439150181
-0.322936466881447	0.0925708388690686
1.96276901321247	0.454520391574277
-3.0729809879685	0.948009080411761
0.717457864617758	0.339107473871754
0.00965088689471697	0.00510429794681139
0.0847885388298429	0.0553096440176295
0.843443663477006	0.35876328544495
0.347525252656074	0.212253349735991
2.55487568453056	2.39728106254896
-0.0898737166511472	0.0522594372318545
-0.707845094848957	0.242262716671496
0.688185381402826	0.219868290083128
2.14835727620062	1.50907705761361
0.551654521195964	0.200367304145546
-0.192319088112717	0.0619808040719022
1.06338277916722	0.406730999521995
1.25972532998054	1.23863213432129
1.78740313516138	1.40039147472362
1.05081118738651	0.998710532510593
0.567397574624698	0.330395636943785
-0.122215445713398	0.0435046320299458
-2.04716996398721	0.931539307482038
-1.49247986516622	0.53011506511111
-1.25979123230903	0.566296954071485
-2.05950152926289	0.939596591843532
0.539166020435052	0.345642062743911
-0.923830666697089	0.558201500584246
-0.564333780779944	0.407412312253241
-0.216465754934925	0.106812736898284
0.549516086641495	0.199542874934359
-0.655752367803446	0.453479597986288
-0.311548378976898	0.184561009001478
0.175178362518486	0.0763945507496054
3.64995436887393	1.44813448599007
-0.618535635333325	0.149538863092151
0.176139035531232	0.0447669868764769
0.16619130625606	0.0315431724784316
-3.46288588780041	1.23106570343256
0.967271104517323	0.256176548116206
-1.46617586367611	0.737799364206718
0.963743115659934	0.255236344279286
-3.44686848748983	1.22339694388155
3.27272750868887	1.11966450015405
0.85042709926287	0.362163990330178
0.4225077374777	0.192445628985336
0.17589226986752	0.0768055314802705
0.0852830631444738	0.0556352590789573
0.528642980402776	0.337357865059639
1.26577376114365	0.880733204624094
1.25172593582347	1.05570742725542
1.24589813232482	1.04733734834041
-1.14324742665507	0.63439117762633
0.386407860769519	0.196569017590859
0.875451774010278	0.648202700418919
0.186188900130618	0.1080682962968
0.73147265962144	0.484024335527186
0.908254577174068	0.928021217246229
-0.0795875663529062	0.0311902513668579
0.932330997482774	0.508192794905565
0.549872383663091	0.199625186867885
0.554888698626794	0.201570551690915
0.374317905030166	0.189685182077735
-1.30086027549371	0.804661691533756
-1.49897898499855	0.532683365671509
0.880638334487643	0.653632443193482
-1.00377782576872	0.397156038036369
-0.310152889058289	0.183629850861506
0.175234430946419	0.0938651496581662
0.200488370608951	0.155227641755434
-0.216593743830538	0.106850958967653
0.171753346999323	0.0664367381108907
-0.28682196883712	0.130405569747986
-0.901024876130944	0.648924545814527
1.01670864982384	0.835097382813434
0.715598438270517	0.337826339040822
-2.2617671797605	1.13975256637855
-3.45239496999294	1.22656388713544
-2.57036588579023	0.664816582891659
0.161251150232847	0.0308565698216007
0.964404580081594	0.255330782344719
-0.613158918177153	0.148231887572971
3.27510914666181	1.12076297640292
-0.701794429638729	0.239974906557054
-0.190877057046861	0.0615565600580822
0.976571419619719	0.666110988257154
0.591214629826499	0.473926099032959
0.717113015141584	0.721577808950023
-2.57036588579023	0.664816582891659
1.84140390214436	0.726768879551614
1.96684138854469	0.455504908505281
2.76671632811135	0.782410087450427
-2.57067328278635	0.665094197548339
0.935219671597807	0.815887389855484
0.921610736752641	0.499675056476724
0.037884289774313	0.0208661149767411
1.24288740332472	1.36298692225045
-0.37969176406445	0.259135424569107
-0.448965549794229	0.296243811308984
-0.767892650946616	0.650045227441149
1.30735766982202	0.729099104322102
1.01155861543685	0.83031154255058
1.41864509261989	1.10172909427703
-0.0189777927362957	0.00848692835465426
0.180107983152346	0.0541465694868784
0.962025660417238	0.254682745005495
1.49082578735798	0.940153988428946
1.25864153362525	1.06450665379143
-1.45044494015309	0.998644372218219
0.178049240810411	0.0452053813438565
0.378393108314758	0.191880836389206
-0.369357547659888	0.152543412743622
-1.25188772636848	0.561803268010386
0.917598045406558	0.497760823322185
0.368573650741074	0.207490731899309
0.466378825300741	0.338899902413825
0.702628029531109	0.613836736767472
1.59428060468996	0.801026192541377
-0.488534954591832	0.363976706845942
-1.02336271428013	0.809196966550982
1.05693634570001	0.403813519694082
0.16619130625606	0.0315431724784316
0.165088029467664	0.0313824661178469
2.76109157462938	0.779871501961836
3.27510914666181	1.12076297640292
0.165880035481028	0.0314978449610492
2.76559849788836	0.78194178274137
0.556308696676708	0.202195250417483
-0.49650800501461	0.187033371669453
0.403493166173291	0.183141191828518
1.11169495811111	0.687888014484022
0.587740426407889	0.470464213967417
0.933186206196447	0.813847178649934
-1.79346061997896	0.390723019452767
-1.12396372987595	0.33934973605565
-1.12464685880463	0.339484249108323
-1.11896025029368	0.337616084496264
0.172703256400318	0.0752746211264852
-0.0652892595378872	0.0392618000142849
-0.0943728424278035	0.0549048788030769
0.314597298589505	0.216764664267464
-0.519135351817602	0.426903053762511
-1.00986709838457	1.11744487906044
0.388078847678869	0.197329392844396
0.68586198969064	0.493517774784755
1.35280460382118	0.598680500724995
0.184346433947676	0.126290234849093
0.313927800611758	0.227855574033111
0.195380715048259	0.140335325637442
1.30597595664212	0.727699361332036
1.79281596521345	1.83938518141493
1.36031436257139	0.602945216507901
0.184555197562421	0.0990936491724302
1.10731707394698	0.683764912397814
0.974859146828859	0.662909719499457
-0.128976424631748	0.0458608977147569
1.63689719896676	1.15001342605651
-0.325121870470423	0.0931632456849071
0.175891515215909	0.0602877256141385
-1.14558535691264	0.63639969613768
-0.773503322493402	0.417859732629558
-0.0303447935297755	0.0131580291104604
-0.310491448826357	0.184040721170201
-1.42945662718458	1.26121703885174
0.172788344694915	0.0925168055695571
-0.215574475668883	0.106168850562161
0.981246202249347	0.669703241662237
-0.277072022519318	0.125573551816857
-0.325582325201124	0.0933470317045756
1.3509899510682	0.597807360301759
1.35135662214001	0.598044460885579
1.84022304372881	0.72612017307568
-1.7934287506278	0.390727439150181
0.169566032486793	0.032038095111837
0.852708790488268	0.36320684772449
1.84140390214436	0.726768879551614
0.165088029467664	0.0313824661178469
1.27814896870036	0.892286440423136
0.466565862353094	0.440518548766242
0.319488084787557	0.243443249986514
-3.0729809879685	0.948009080411761
-0.613682540053849	0.148388769407339
-2.04826273814137	0.932264876861533
1.27740514397854	0.892556818689494
0.771639994885228	0.759803250094462
-0.0754182527376593	0.0437288969603487
-0.418175920537409	0.355587656906627
0.201224927194317	0.165687335981706
-1.25325345239718	1.34863515612891
0.406272441021296	0.348610959227479
0.311240995888131	0.236111337897603
0.186415760410892	0.115444416913524
-0.282956403719102	0.128312440108498
0.170151785066213	0.082818838503316
1.46842163094462	0.489769078028611
-0.0940731989245461	0.0547284378418724
0.938528307670304	0.820109388953693
1.34353055270456	1.57958926607953
0.480705223633654	0.457745121596907
2.37445078644444	1.20291924614403
0.844102061792565	0.359001237920257
-1.46617586367611	0.737799364206718
-1.81688123585841	1.13533875261539
0.633962635299572	0.596018527525188
0.540894778059139	0.471048680330891
0.20190195293674	0.139445967361543
-0.25956094761282	0.210924999823692
0.599307733514405	0.577568454279427
0.33348477523696	0.217919515431882
0.320571151293836	0.23329651291649
-2.61041778977671	1.58798313828849
0.464485044264903	0.336965123463738
-2.04826273814137	0.932264876861533
1.84140390214436	0.726768879551614
2.37472616461454	1.20282054172587
1.96276901321247	0.454520391574277
0.181743714491496	0.0460173511561772
0.846394324414279	0.359869771009262
0.183960045070368	0.0552151922972765
-0.920529830726021	0.555917054379722
0.962025660417238	0.254682745005495
0.485532577133776	0.446708413122551
-1.07768966931393	0.728608951952447
0.560218035516728	0.32591705475601
-1.17827876505779	1.1997252254624
0.622134066500736	0.581017238447357
0.31224921891536	0.236954667437407
-0.0838835650753941	0.0487153988235273
1.02248514930929	1.22055761831606
0.392551317699221	0.334085468952292
1.1238589661051	0.857421455205485
0.0213567597212834	0.010832087688632
1.72300039145127	2.33707551121535
0.300211017786729	0.253304693672299
0.855779004153326	1.00903174275714
0.549873760152136	0.199559475860527
0.397114446745188	0.202562773115958
-0.326771057218117	0.0936418390224184
0.187435346122179	0.047292837125537
0.184971072095669	0.0467387603153735
-0.653224173123337	0.451453520208919
-0.442863684231717	0.291084819235369
1.61113537238315	1.7557366157178
-0.0299767756731273	0.0185833469318126
0.810726637104498	0.644305860433575
-0.450595149838102	0.297167520525938
0.621717089589861	0.326819088701857
0.17428253189649	0.067415215827049
0.633669009419571	0.334479170998834
1.05989643717056	0.405275695027378
-0.0885572790441112	0.051477171930606
-0.0698487328337737	0.0420171677000411
-0.325804792611487	0.256955177793712
0.0934942079224688	0.0636712558018663
0.290617519712772	0.235741086724043
-0.479537980815876	0.355567296882484
-0.00316145696693107	0.00151318126080733
-0.17769496905291	0.0942726610385365
0.0389722168291335	0.0214312950808785
-1.11896025029368	0.337616084496264
-0.197961486462631	0.0637876154388623
-0.33115064247346	0.0948450204466267
0.963214248695465	0.255090594573707
3.27752825134246	1.12202020233476
-0.613682540053849	0.148388769407339
-1.7934287506278	0.390727439150181
1.47277528463141	0.49146011988965
0.181159179759352	0.0458876218072277
0.807084536517874	0.87044160919226
-0.244421850303221	0.15068823722806
0.362831241132044	0.336022049498171
-0.4090116309159	0.346061203245663
-0.396111350494085	0.391858789159851
0.696212109205647	0.79607770176571
0.581200542774854	0.651893475578459
-0.194391890120252	0.160355167355527
0.454064652949994	0.52736348183176
0.0496599797047113	0.0272666685389353
-0.168644438326115	0.111019878378402
-0.517738732624547	0.608600762303828
0.576834230850599	0.645309790449785
0.0248568473931106	0.0203530440723228
-0.972207599693597	1.49120140853626
0.00801185824318816	0.00579942280527688
0.586819690849167	0.585201944336645
1.46348889708369	1.66476465855713
0.860022111085415	0.366542721694803
2.13241876013691	0.963156397926432
0.174899169086388	0.0851670042735498
0.37726196131086	0.330223161880168
0.674570638012632	0.788264770550962
0.27246287887991	0.253367583373488
0.670854838950989	0.715820137629883
-0.698907254827819	0.748565227035419
-0.527174395055612	0.330063832389628
1.55293816943728	1.33705906418578
0.71997230620103	0.340590077078722
0.814051302161265	0.491318990480672
-1.50609319560568	1.68008435466603
0.81784398943004	0.652108136312943
0.200645898899384	0.165077434680021
0.440929983422691	0.530318507187804
0.515648653393916	0.545656106888794
-0.529240856661431	0.544016886708898
0.313466901547385	0.227207091705987
-0.0821726275914916	0.0476796749485882
0.56750052642173	0.330521322093881
1.59158476389303	0.799305203801273
0.184338509014023	0.0553315106563962
0.180484451327502	0.0542489043189748
0.16619130625606	0.0315431724784316
1.96276901321247	0.454520391574277
3.27631781619437	1.12171855032085
-1.1152634133402	0.336439469187697
1.08273230762539	0.528618116518224
0.557018023353638	0.202406809251953
0.555598921920072	0.201915300938634
1.01415821716461	0.833353271034125
-0.051767200286495	0.0310885475957375
-0.318290035715096	0.222960205100633
0.413290267252869	0.437675700694304
-0.50534565056124	0.589150300201432
0.424069484974243	0.440869078027081
-0.351130861929207	0.33217554913133
0.392407164336855	0.420075559294296
-0.400103723354852	0.396733652899697
0.54270855342678	0.703895207266328
-0.227209717498081	0.165437819998786
0.10769769953703	0.0791310282846688
0.482506382181312	0.544047545615092
-0.0857987547257884	0.0768893612373556
-0.158041053316356	0.136343246543737
0.61724346654272	0.685350320410446
0.871567230927511	1.09701806206718
1.27457178090755	1.0841994351404
0.126797863222564	0.0998095169551286
-0.310701726444831	0.293642281594214
-0.0558894661694581	0.0450693786217673
-0.0709858258194458	0.0629242564098371
0.263860819168724	0.249900527298399
-0.075306668602447	0.0453662170772855
0.377431850470663	0.191308346451001
0.183515715398923	0.106404868584333
-0.000466351846728303	0.000315605566141949
0.294084360851082	0.247378144331521
0.137743782826374	0.114900277524499
0.128332239323224	0.108882910348484
-0.624808832975381	0.754363879613467
0.13991839857869	0.116876666572309
0.118481659232219	0.0902418231580114
-0.125825672160308	0.0973871572061606
-0.12340854081651	0.0953438645920174
0.69642793839608	0.606935297310291
-1.50215938518201	0.53435945377886
1.47086646676889	0.49088731436037
0.175891515215909	0.0602877256141385
-2.57067328278635	0.665094197548339
1.06264198810457	0.406540438452512
0.549934062313663	0.199685220416624
0.182969244429899	0.0799126383409088
0.818753373517922	0.4947808402821
-1.05062217227594	1.71389922516427
-1.49608539149807	0.531478987360942
-0.173596295006993	0.130998743819132
0.751064099329188	0.933156344385321
-0.000502549947480863	0.000319493375106747
-0.104148793393574	0.0899537250304123
-0.771994848024182	0.921554552380453
-0.45849105317785	0.589725078847729
-0.270599839825549	0.28083075969495
-0.213512793723157	0.190480140630067
0.526290441387995	0.674562215231295
0.555041333007148	0.463121487278941
-0.386468277341985	0.363447297611497
-0.473861878142024	0.463707561438014
0.0325052094609216	0.0242218839684712
-0.332668120807692	0.288382203419641
0.303795010692762	0.239219927375012
-0.627832613271754	0.598757819748564
0.473991650984572	0.464884278753634
0.320357110144816	0.244225662178707
0.960868310801968	1.16667527903908
1.07782474951782	1.58427945474265
0.838309680572833	0.979196909145151
0.206377131343965	0.160289486406209
0.930402530984884	0.810378134772582
0.190035453825573	0.102089657542989
-0.0366626615284853	0.0273219426814637
0.544438329003996	0.568389603339923
-0.103122105353015	0.0823177912747484
-0.372258285722389	0.319912206366412
-1.15943548212396	1.42404006532072
-0.0697470612239877	0.0496147713307602
-0.279771590239523	0.248520814077653
-1.23717294214841	1.14505759364934
0.183398085557165	0.0893861921815237
0.454496334117837	0.184016680421841
-0.035252513622751	0.0151943153183321
1.06799314564954	0.408526238942959
0.175638755638917	0.0765685880126426
-1.79653379913892	0.729391431830202
-1.08165599376783	1.25973613026706
-2.51927692524409	2.59827866294462
-0.297627304254743	0.260141414351531
-1.41923310417991	1.70608174006358
-1.43162308469798	1.26539986185858
-0.563675445418282	0.407037666677441
-0.308953411312659	0.327397695645115
0.134085763319205	0.119230008668608
0.928280122396726	1.3328653275971
-0.853633093441278	0.843026735058998
-0.475034228658133	0.246743162989846
0.596658930245594	0.479637985218366
-0.443523678192954	0.366767765457254
0.312239470685591	0.237074481015603
-1.66035118089431	2.05252625940654
-0.745228434114775	0.322263483734654
0.0607226002430828	0.0502774005568671
0.311057645779349	0.374374445082085
0.576762228931417	0.337387455192392
1.13058194742093	1.01787492535612
0.467988829489435	0.189821643305222
-0.0281722843937901	0.0122680930146576
0.717874117611946	0.339372346040594
-0.00534478416937959	0.00248621922611434
0.305188037595905	0.230787211622175
0.757171202593441	0.63558394962149
0.412285891306024	0.436397202715124
0.398865515804877	0.429026071217645
0.550102446506225	0.457906987492065
-0.00611278053281667	0.00464051415563451
0.381967651775487	0.19368391420506
-1.01472439328427	0.799565936529393
-1.14526685959787	0.635839392484114
0.632700068846687	0.333848450775518
-0.287595145898396	0.130646223105755
-0.955191942433519	0.928449546781694
0.372025614248978	0.335590624196524
0.440737520610942	0.353473812019956
0.137059207283807	0.11426746409788
1.50866521687828	2.36879418898183
-0.19626072319558	0.0632056639998214
-0.377329563932727	0.156077780751978
-0.369066179122506	0.250701783632069
-0.300228589606284	0.177117496704838
-0.494259828011911	0.447868152625753
0.325839376851087	0.225657822933496
-1.4393571290208	1.27693048562443
-0.375000948905827	0.255288850711372
-0.491530375069953	0.601524299587431
-0.533978595589437	0.550231954422606
-0.259130525916688	0.160741557605746
-0.00696935865049045	0.00442986245054122
-0.255154319832632	0.243227308311916
-0.663578007617784	0.795993996549237
-0.291959788815649	0.302205897930551
-0.847030506853978	0.897097283136365
-0.0475713339311791	0.0349664642337394
0.559510359352972	0.467930139983725
-1.64377814975287	0.920963063555523
0.840312665442169	0.98197830160561
0.711147393202593	0.624347213066781
-0.371635519400252	0.206885521006951
-0.445358655518037	0.293009694056756
0.0979229129432968	0.0668441870374526
0.216928410461599	0.204220036397399
1.38376889811337	1.28399951338129
0.930756141496837	0.810967837390208
-0.1652178351112	0.0872899041130559
0.699226033700597	0.61020032292377
-0.204130908288798	0.130561143544915
0.383705361294666	0.33729965834775
0.104122865433245	0.0739099552115058
0.447829972329811	0.342023447121853
0.0610882826718018	0.0471976345032742
0.054491665324012	0.0319984094570751
0.36260846044003	0.203608643395639
0.532307061236459	0.340714459854154
0.729960199257813	0.481623269831045
-0.522169333469732	0.32623261348012
-1.08478892763064	1.0351964001286
0.0935893617302846	0.0637570113572751
0.778426745191396	0.864015333217392
0.186878339015579	0.115595034714053
0.196053887054129	0.128794497593016
0.186512893063453	0.108424603762449
0.321353601518724	0.233919308746629
-0.899071414690209	0.647245816935444
-0.373810451189201	0.154600652368187
0.758826652569976	0.637457675127934
-0.0531562339171008	0.0384182411491424
-0.785408728272399	0.944132128116544
-0.236992266724099	0.195577473531247
-0.378539878332564	0.326425734441798
-0.788096204958206	0.737150237324982
-0.789336680300029	0.998513240417714
-1.06863528233052	0.71901941485018
-0.402810586365343	0.371277221315242
0.0656760443219895	0.0521480384258929
0.0384902633695517	0.0212073924678209
-1.03476300450362	1.06671240941841
0.350931299689168	0.341342120232265
-0.423216895011102	0.499112442545367
0.581100134924125	0.651632200851717
-0.241330168950364	0.232690442681735
0.493429145338885	0.530366864594868
-0.0107565277133843	0.00815324418528459
-0.463778731549184	0.388241321256006
-0.560560626581318	0.537388404929109
-0.763071447109122	0.905888239590319
1.17774381020705	1.46397037681545
-0.53744427567763	0.555215651741804
-0.410103207375251	0.40940437803255
0.445965585795902	0.340499712406586
0.767537288626446	0.754806927389504
-0.103812248927108	0.0811455969650745
0.424718464452829	0.337759725490534
-0.109123929575834	0.074957454257112
0.0472069577789543	0.0352919866009974
0.704591030577757	0.616755045045675
1.15412583235284	1.18432479473999
0.184100198566604	0.136432890789123
-0.899314699242822	0.648494865886994
-0.127467601578692	0.0712475428549567
0.355653072713657	0.217982865158931
0.284912658704363	0.253212943133405
0.586570345055863	0.660031581886068
0.958439740408556	1.16275121836742
0.528362573945188	0.336915113830587
0.494993612589314	0.339635807335155
0.768318575771972	0.755371030941852
-0.0682814166351455	0.0269342393394031
1.06338277916722	0.406730999521995
0.432874504552353	0.34582582341954
-0.528210748371784	0.436258650087559
1.23192363370535	1.93465610936045
-0.710892638266821	0.722676393162966
-0.148448874196177	0.113544717711326
0.808015275151898	0.766281644610095
0.530842839960553	0.567332578292244
-1.0139062526233	1.12411876437944
-0.586925196685526	0.471901890345249
-0.386703704821032	0.216784330829634
-2.2135186733701	1.82939412066531
-0.32701896226377	0.229965960286222
0.364926129784584	0.348565031164903
-0.839529985018449	0.88560691473072
-0.978604577503879	1.14472541955188
-0.373106910955924	0.320677707435595
0.83468764942009	1.15705498136293
0.333932172813468	0.312188262591986
-0.424883677832624	0.415713139520745
0.480054695936957	0.456999253782452
0.00845242425281004	0.0057496034001096
-0.469423431454102	0.45810186710846
-0.866906540454928	0.788331978065275
-0.205420123110951	0.153027223255189
1.11302960106032	1.41571020541206
-1.30349012342042	2.05136177896681
-0.397625226064357	0.365289086615219
0.526229070554486	0.560932686270217
0.323721998740778	0.236064896675771
0.0659840127757597	0.038768965434701
0.41149493524515	0.340035568979013
0.41149493524515	0.340035568979013
0.527278186321379	0.456163431119013
0.121536082754627	0.0927376929930533
1.17010776004873	1.33537234022624
0.105563045158055	0.072263025062476
-0.863442697500844	0.78455505080076
0.888453769202828	0.661657261686012
0.193700395650405	0.144343511861285
-0.876903246961276	0.719727477417583
0.738337660411887	0.489343816473664
1.70571531411963	1.98856063695116
0.50013673416767	0.344402749934014
0.413143259890935	0.18790555165654
0.180967663065804	0.111888390268572
-0.739611202446697	0.319530960174951
-0.701794429638729	0.239974906557054
-0.124384654386373	0.0442880812812879
1.47032706033056	0.490703617760438
1.01670864982384	0.835097382813434
-0.7800120844104	0.59324260730404
-0.235798182076253	0.172427205063198
0.190209833440559	0.13068115105032
-0.0638245049353472	0.0383608235907069
0.413661033766514	0.188154335954189
0.30512347555709	0.240429651849608
-0.359933072833564	0.277878463008004
-1.26502318243814	1.36854766946444
0.0922000493421814	0.0651014643594721
0.0867806285873175	0.0589590318917612
-0.687641297098558	0.645475503695135
-0.232448377566339	0.169791994471185
-0.166916220141927	0.141818810393635
-0.474049718280193	0.463855178284262
-0.402268852254206	0.370639361843766
0.438944532054242	0.33391791624583
0.109102072408316	0.0776125548722456
-1.66332440112478	2.05923356247851
-0.555501090766089	0.399347323145649
-1.20378060379148	0.896795551399074
0.192934369600446	0.126403477454983
0.870533109506316	0.797048480767488
-0.0883065116989286	0.0617804935504754
-0.934722511877081	0.567645820751111
0.321459685222672	0.222243980468079
-1.07338316723104	0.724208596664268
-0.0313083012657367	0.0135552996661402
0.361267582265837	0.202458473968608
0.0137482112828072	0.00711478579009792
0.116644061448774	0.0861110769423945
-0.651750377226252	0.706084212337447
-0.112859314413496	0.0628616830407407
-0.122665596248299	0.0684002026096005
-0.992995751813928	0.884842955244288
0.0956853985424868	0.0652433790027084
0.472093444347521	0.447303760421422
-0.55228699797219	0.526893583508595
0.19374359644813	0.127109423417251
0.637573088507857	0.600304372598693
0.448618299342402	0.3429594925761
0.198418393654876	0.167571983504536
1.10673869939649	0.684763370369674
0.669270694286825	0.478156657496331
0.465766262208118	0.338482640257929
-0.613682540053849	0.148388769407339
3.27393157336313	1.11982869858365
-1.7934287506278	0.390727439150181
0.178049240810411	0.0452053813438565
1.83320693416336	0.722298459501847
-0.648367639761405	0.447282463124718
0.38930660854109	0.198280596568872
-1.1701982688439	1.1879217751663
-2.09338489707667	1.5877741225622
-1.57342876029741	1.1893226581013
-0.581140665396979	0.2759885702755
-0.154812441551032	0.130443889856576
-0.0241396304073824	0.020559358761717
-0.786762571716973	0.946846099494099
-0.556497972647842	0.743702624597304
0.095805514256356	0.0907025557205304
0.0392133802765761	0.0385603729727251
-0.290038996699413	0.232437946390013
1.38903986739531	1.2904802389663
-0.317729087067229	0.188757392988122
-0.523979289936886	0.432143045931105
0.302629329508723	0.237988031173013
-0.570172105008475	0.726373106114748
-0.258901618140642	0.266604284020112
-0.935600998505703	1.68830796851073
-0.281753035485724	0.250487874534578
-0.703250196063866	0.665676313298301
-0.377073291350341	0.156122468997699
-1.46507148408952	0.737738330121349
-0.692244878088898	0.603221545178895
0.521604011934287	0.332042206220319
-0.283141353604447	0.128564217228927
1.3102039618284	0.731368336267731
-0.0456957779902876	0.0335791936515335
0.215389923075889	0.188694784964383
-1.62022820046489	1.64328462610886
0.377822784269218	0.191488826577795
-1.79412017987748	0.727961900277034
0.178254851579563	0.0536080680261321
3.27152519356808	1.11907150574555
0.814961415212799	0.491948392918177
0.343791244121771	0.225718696226345
0.553673238465037	0.32129810682715
0.482895912444242	0.530446787235085
0.370156534916626	0.520590294064199
0.0456029234050925	0.0407586117826137
0.33869977065339	0.326698788424195
-0.493258148402811	0.368310063897143
0.169031458921113	0.0737154132744265
-0.770774756903836	0.503120825164811
1.83941655550072	0.725786652717124
-2.04614517577593	0.930442631424952
-0.123615274187178	0.0439773688403038
-0.400733744201643	0.368857423154958
-0.194141487185456	0.164163610198
0.674198923058273	0.481886548067593
2.14161201065848	0.968534834276604
0.4234202211193	0.193034609297238
0.117761470165511	0.0921932683307796
0.369077656628064	0.343212733792948
-0.0951976519989886	0.0668568095112496
0.139676441169477	0.119446589875967
0.209708428623655	0.178423313016173
0.165880035481028	0.0314978449610492
-1.79785205353169	0.391773074809323
-1.50335347787301	0.534889336029958
-0.617339897765464	0.149284387408846
-0.619231127581823	0.149804143358141
0.687453672774919	0.21969379736456
1.47155078449581	0.491168545293048
-0.282475674436709	0.128075248154545
0.763145806192466	0.642768952630133
2.15271754551677	1.51531929203695
-0.745361895750445	0.322606575863086
0.167640002938166	0.0649317559340879
-0.0109555925177925	0.00826222044331635
-0.377693581326683	0.531345691913159
-0.0158790808537902	0.015225319851351
0.630490957816982	0.480345084752639
0.172879456781673	0.0668664345803421
-1.64933544258927	0.925231514961399
-0.21170603525201	0.104262957193002
-0.408873503918316	0.34583992541002
0.0510845524273513	0.0402280085792561
-0.599258643713307	0.833140588133968
-0.162474704677187	0.170903925174078
-0.276749616617801	0.283256712243041
0.365435747063102	0.349107620262863
0.731066939897316	0.483611314556384
-0.520671215090964	0.32526153385231
0.397043384575387	0.202458685331719
-1.08049840356663	0.730604402230071
-0.13213657789867	0.04695332649873
1.30037588434366	0.724075102403922
-0.373010237665997	0.207755294373104
0.182749979305404	0.106070415009579
-0.114222675367368	0.0898341467310037
0.173195095104282	0.0755037377897217
1.29556313733115	0.719423738129819
-0.375913484716817	0.155538822167635
2.58035484326338	1.44759868550187
1.46341520408474	0.487915667204292
-0.0698755855518956	0.0275162464102779
1.30033823902939	0.723343317970801
1.7905335068988	1.40232717170441
0.715598438270517	0.337826339040822
0.194227217267979	0.13374410797084
-0.0710261970294353	0.0629582105047003
0.670810477686758	0.782314062769971
0.0438740813348697	0.0318116055927297
-0.14353652889932	0.0969795320724212
0.970838422600961	0.660117138930454
1.08372318075856	0.529235641723907
0.161562133987356	0.0554995358161078
-0.490858121984585	0.184753547441339
-0.74461910719638	0.321949104009387
0.134874594579498	0.117549567632
1.32152999442719	1.82306830810298
0.392312153573928	0.199731192673695
0.820025787587718	0.495545209938571
1.17983858818452	1.68059994072343
0.529632701405116	0.458724050100952
1.35730127965898	1.43580325046406
0.56715306674604	0.649294205717323
-0.0845408887193836	0.0693181213318749
-1.00835638596109	0.399381922624064
0.963743115659934	0.255236344279286
0.686270437198953	0.219228628867356
3.27510914666181	1.12076297640292
0.465059836542953	0.188687227798385
-2.27227384894236	1.1481795786924
0.452487935806589	0.346613746443423
0.545320360535051	0.475993574440692
-0.0372029841777755	0.0230045828730187
-0.203861174918658	0.151639607539065
0.588706797695087	0.471476647947622
-0.287851771291104	0.230421692315605
-0.315573145170014	0.299362861968553
-0.438862775496788	0.287789866176792
1.07951393395636	1.25556373543409
0.607354550479993	0.588375020893492
-0.485169160447637	0.437358212832463
0.0176022187667911	0.0118110489390739
-0.213469417804644	0.137159296806926
0.509288960943728	0.536940267049763
-1.31337351936852	2.34754543394735
-0.498276678328549	0.45268111702115
0.325795903218622	0.225649218910971
0.435957682558281	0.348777252286809
0.304589910174368	0.230334403610233
-0.114694252467952	0.0902377054054647
-0.401516885342683	0.39838716945768
0.791710965586449	0.884199458401346
0.211782738658354	0.180415647002503
0.0688654474328289	0.0447184973412311
0.398820920612449	0.340724831887849
0.184856248635543	0.132008987506103
-0.0871183494283552	0.0624970115375697
-0.0910424676961156	0.0529077580135645
0.202229536501678	0.151420118542318
-0.125186020166698	0.069938504309088
0.686423052249429	0.710328239950159
-0.0317558329882926	0.0137401825492043
0.889965833173639	0.662603391150085
0.197955651841531	0.142321244059162
-0.258498435899069	0.160300084988976
0.413235357651817	0.341718408517959
-1.41750098736528	1.49159086220326
0.0794256613211699	0.0538088519266326
0.759254844311271	0.638267666977326
0.342002759172578	0.22415344582529
1.87562384764335	2.45313946155497
-0.164382148482955	0.107980648563943
-0.475691362537202	0.352168517532811
-0.240837854394688	0.176689166093322
0.119361178538272	0.0853593642672508
0.0865907961896361	0.0564980042941489
0.185215380655183	0.107467116389499
0.514528601566372	0.462164509766773
-0.630967602736027	0.369419960762395
-0.0568898268048421	0.0341797300298044
0.444512332633388	0.339091647865842
0.577297702432653	0.337822714640498
0.405852405438489	0.184258797014894
-0.321011266565823	0.0920911495247304
1.84333369293536	0.727520140615955
-3.7511927754544	1.4825089606666
1.6031950158676	0.807194595300597
1.05878746464103	0.40482083139178
0.00876535832840882	0.00380060025958598
-0.457665449693732	0.381798969792285
-0.0123076992657636	0.00785360833152789
0.738874484208994	0.835237723966988
-0.258498435899069	0.160300084988976
0.109878876911426	0.0781874097192011
-0.328424144374754	0.259474577466949
-0.457190082667522	0.381089658668713
-1.87338382054514	2.2482734341917
-0.924615527636775	0.559676972624499
-0.766034942630235	0.579430601284399
0.00375276717083111	0.00156092540618116
0.760589419076795	0.745320556696604
0.387185158619264	0.328385633930646
-0.241018681358528	0.219126287784223
-0.180289404652712	0.119315376861591
0.500159608079847	0.464103295983312
-0.477921524433137	0.526466524147482
0.00339099133904685	0.00212741279874884
-0.488539351256482	0.364031862805857
0.304376023693822	0.248944345121003
-0.0142783190955191	0.00908344362821539
-0.721298100190517	0.825014814565559
-0.0000735177348757764	0.000109763255309421
0.13692545849273	0.119506620110517
-0.637203832754426	0.648966573981707
-0.451982808256182	0.414871138942546
-0.537558532815824	0.555429145446059
-0.686857104303383	0.644288226084913
0.280569493206603	0.24860029235849
-0.466120536905388	0.390681246697501
0.138648945420775	0.109880708555212
-0.463993325820673	0.388333363900637
0.442080045938823	0.452093370779028
-0.0687618364523949	0.0413675538696202
-0.137620686080357	0.0927408040600432
1.27250032066977	0.885678399653637
0.461793714303374	0.334639592743271
-0.374481864086596	0.291423001379594
-0.021903570223038	0.0136819691330528
-0.170267235255335	0.112070013903247
0.657980697728988	0.595632397683034
-0.5449470685903	0.487177942918564
0.175501335417402	0.0853402152277122
0.00302379165102828	0.00123471543042545
-0.558691708095163	0.402536029292512
0.479976929818408	0.440227338963291
0.452255069291522	0.43778097443659
0.58307966553847	0.6549251141996
0.305155805405736	0.240376780467784
0.710083099284244	0.623002714123215
0.174045724149933	0.0524237595938313
0.182515705814395	0.0461929473161663
0.179746383607047	0.0540100642734575
0.16619130625606	0.0315431724784316
0.677627518895627	0.216310008431179
0.340376413159351	0.20736380559175
0.18288942445293	0.0892211108585754
0.176168512198971	0.0857688227742195
-0.921949569355645	0.556751349337233
-0.46387540893492	0.240207182570739
-0.65224037747872	0.450681112093093
-0.716517675718155	0.935975064336946
-0.300337264582512	0.26272690948851
0.264993065401451	0.251209449996039
0.407100004784798	0.497296360039313
0.0697506177091884	0.0676984725154583
-0.211030573107368	0.230147918344498
-0.159850595419172	0.137965884055411
-0.372920218155356	0.347842071879195
-0.206646932228356	0.132324453068085
0.327405099319154	0.213293262039693
0.0932679147792449	0.0658765262896063
-1.22296463932496	1.70257786417455
0.433335902393241	0.440768567552732
-0.622446080229681	0.552444056143395
-0.444908808223771	0.5212069943651
-0.508714449916917	0.704999178975442
-0.512139943631744	0.495727784115593
0.197910324830068	0.123166656600152
0.812657077602946	0.646444231376079
-0.127452869547062	0.0711966519860473
-0.527768097565676	0.330359160079866
0.190661954545719	0.124815084279441
0.377431850470663	0.191308346451001
-0.760792339578809	0.494526258127684
-0.08594459264513	0.0678920836254035
-0.302370534965881	0.284072241861672
0.411193651243347	0.186869354705351
0.171278774958816	0.0832909538716651
-0.379940817920688	0.157371456640493
-0.33115064247346	0.0948450204466267
-0.12261043679513	0.0436371800151759
1.34568691670338	0.594975431353439
-2.01878608626533	2.10294485594644
-0.380850179052134	0.212747449525609
-0.00765345146291532	0.00350610991584937
0.0382704853373479	0.0210520418520726
-0.307399931179184	0.181757407068679
0.402653497652517	0.444449071197639
-0.218203520647986	0.195291528373539
0.833476815018247	1.06562495939732
0.175528710194884	0.0601682623632123
-0.280735747827659	0.127403803648873
0.981122687227711	0.670574989306967
-0.613682540053849	0.148388769407339
-1.49633399610699	0.531774933095134
-0.124837825991722	0.044401537177189
-1.01330057740261	0.401508143873863
-1.71373079587804	1.85121476090244
-1.44592874455226	0.992946535226311
-0.49470243091293	0.369633033166124
-0.622327397172579	0.362683328853929
-0.244942816089364	0.236899996924952
-0.236640169505655	0.173247294343018
-0.365539103682587	0.28309817977399
-0.404617829704323	0.402440060760615
-1.0188464520183	0.802835907451494
-0.244531180529005	0.179770764154653
-0.486092047555313	0.361660519653144
0.108050838057099	0.0768477034389695
0.100439443898021	0.0711858461901262
-0.850386826618103	0.962471181145918
-0.471096161227649	0.395805820718512
-0.929950081173405	1.31901626743262
0.699453406439215	0.610705094065905
0.193407260964867	0.171157668685447
-0.773193489483268	0.774189696393956
-0.563658932741215	0.54132589331373
-0.838115985528606	1.05208572178254
0.377789337358838	0.35321988495298
0.928562901858878	0.808125428180194
0.324303051782391	0.22449358686489
-0.326982852693855	0.230038157631858
-0.767472915643586	0.499419686681976
-1.00816349386747	1.11485954884593
0.214948815276257	0.167809754245186
-0.0024651762581323	0.00157174763369087
-0.937951070150756	0.983906416729526
-0.373099357155882	0.254050580354092
-0.165214647854958	0.0874053123925078
0.394225170062457	0.200880528100154
-2.05422330759801	0.936346916870338
-0.564625247257217	0.407500066222647
0.189194022265764	0.101645503506262
0.764998515262857	0.750805492408999
0.98262610302156	0.670743904830737
-0.0631244261050158	0.0379436700852053
0.755917165895607	0.63408424429098
1.32375090277478	1.69031546665405
-0.235798182076253	0.172427205063198
1.03775114771565	1.3338187881347
0.331558518932829	0.230294408687542
0.188204463321975	0.0918451385230132
0.692378109168527	0.602147882783085
-0.701794429638729	0.239974906557054
0.18374299244507	0.0464795790495071
0.420069045320565	0.191400705847022
-0.316743812441576	0.188226219338466
0.0512311953948154	0.0300856383095671
0.638731125786093	0.338003811591067
-0.385973147237324	0.216075265823686
0.177795424572055	0.0609118795792828
0.688730693686902	0.712993716381379
-1.11321103897862	1.21351332194883
-0.17687682827443	0.133737473168974
-0.144968593253589	0.0980271971904284
-1.11003094256269	1.42645512454232
0.115584680006827	0.0877957493091397
-0.919810588193177	1.29716184922716
0.2818890305425	0.235267478687133
0.200685439011748	0.150133030105103
-0.791621125106318	0.677261887691178
-0.167668797916885	0.110324833000107
0.0372505820617424	0.0205224338556479
-0.471144128706711	0.460193943708088
-0.83814735680037	1.05157235924876
0.282445994182183	0.250591644064027
-0.217505139395162	0.139958692978797
-0.741555721038962	0.943499123539329
0.442044710100302	0.336800553921204
-1.50843804097791	1.68522644721918
-0.00208121464294428	0.00103307197520141
-1.174289026973	1.19264892436602
0.171161907553934	0.0832411183002654
-0.664911703154722	0.520402741573544
-0.218671377547117	0.107770516511588
-0.763252550879637	0.576546139071916
-0.0585440286585325	0.0423954372970386
-0.00276541298989247	0.00133104149124099
0.580048293101655	0.339718974460723
-2.61041778977671	1.58798313828849
0.473198825825499	0.192238507652064
-0.960633395585303	0.472527191542257
0.582503602064514	0.341535031895032
-0.27874841572776	0.126483545469156
0.726786564951175	0.344345642534344
-1.52574512628067	1.44962631305146
-1.72859385314253	2.23396843862479
0.0614724819344997	0.0380980386873701
0.0989717991030348	0.0675771134828967
-0.0885193420050409	0.0619744482236952
-0.252429229367765	0.204203079662908
-0.751374348612235	0.325398831570705
0.628045869725827	0.331209298105594
-0.563657724237326	0.407009026518544
-0.745964556331622	0.322905623079582
0.719556553066246	0.34021370118301
-0.117827786855136	0.0420067431277599
0.0941475740556363	0.0665145935762638
0.573226580056638	0.567170412678268
-1.35449145464607	2.05351194352344
-0.0589329263241451	0.0484008569053016
0.209821725817663	0.17368201230336
0.0658400074765785	0.0546308638268746
0.394543371288037	0.442909727640729
0.42771573564031	0.445490583990368
0.303498287928657	0.238945068226778
-0.764750087056545	0.411374847664517
-0.00487909883369718	0.00227300841583766
-0.480505349811168	0.250019558635034
0.634627937787039	0.335054533013571
-0.365794301371601	0.386875473012923
-0.207326178655855	0.202656896641728
-1.27764880119361	2.22402286165647
-0.092405484619223	0.0831996238171057
-0.235567363415896	0.172257181270444
-1.32201355115907	1.07891842043513
0.718435275402613	0.339720316166281
0.686184239500337	0.219175673536007
0.336335647090908	0.219916239407836
-0.745964556331622	0.322905623079582
-1.25122982966508	0.561359418848618
-0.0733809977579849	0.0288349533476671
0.974978593710005	0.664143389674188
-1.13999324853468	0.982307573132283
-1.25951281700706	0.566150737089227
0.543153338421797	0.197033542378853
-2.26067480236781	1.13937481321307
-0.625245167960616	0.364591881547135
-0.32485451718176	0.0931499749349684
-3.44686848748983	1.22339694388155
0.0419599850894318	0.023064596015117
-0.290931080211138	0.13238697685532
-0.284150767665123	0.129050933969876
0.0967271638671987	0.0683961775927242
-0.124257250268169	0.0693097858052694
0.0915975834657256	0.0789758609466388
0.0208540800005654	0.0145901959257669
0.582930012383223	0.580102493927379
-0.20666422187402	0.132337145227517
0.170230434608558	0.0583940430699947
0.169566032486793	0.032038095111837
0.164778629348208	0.0313374327003096
-0.704386334982379	0.240838421723177
2.76330811440907	0.780761067286217
1.11750502852806	0.693067235883585
-0.702529153090903	0.24025873050893
-1.12328075924743	0.339047939506251
-0.619069360213747	0.149654914653121
0.192286267518311	0.126094166408287
0.513349261531634	0.542843103037371
-0.59117296304212	0.639582715637454
-0.0550079745087938	0.0457784548574539
-0.144241042133037	0.123298013323419
-0.656879201470905	0.987654179996299
-0.323532660855484	0.371589538891032
0.307106545863202	0.351995354987225
0.724352409163367	0.343090789836712
0.413205277023446	0.187851555787686
-1.32123102725509	0.824173832217261
-0.0308609992100941	0.0133697753501909
0.538548324536156	0.468695489717
-0.0309548564355327	0.0264784095644289
-0.3618238325093	0.403502037749647
0.491897777480603	0.454463446233883
0.327843742472873	0.227187074036703
-2.58013588785136	0.668674470410509
1.07224570982039	0.410223506186703
-1.1182849071041	0.337405124817419
-0.377031831854509	0.155971428963077
0.18374299244507	0.0464795790495071
0.962553055030982	0.254827961566665
0.549516086641495	0.199542874934359
0.470826153742671	0.191146424486493
0.35468626017847	0.217325829464271
-0.60895933746012	0.147406558741333
-1.50342895272977	0.534820350018527
-3.07402416243152	0.948685276185543
0.165088029467664	0.0313824661178469
-3.07875719123617	0.951227905765892
0.174045724149933	0.0524237595938313
-0.463161518049434	0.23940598015552
1.36137812602329	0.603548948242001
-0.191951684587849	0.0619002672361887
0.320155211013018	0.221184496568521
-1.1402924259899	0.632531883406091
0.194185657960578	0.175995280060818
1.09182012913972	1.37520695393241
-0.998519888105502	1.18021851279452
0.181975624811431	0.0794432561137217
-0.697547507150818	0.238387277313668
0.963214248695465	0.255090594573707
2.13662167910708	0.965753673826741
0.967933372585482	0.256362285789635
-1.79346061997896	0.390723019452767
0.549160121479864	0.19934633555332
-0.0320556954064673	0.0138723453095663
0.180107983152346	0.0541465694868784
2.76109157462938	0.779871501961836
1.83948692258838	0.725717515665962
-0.119507435536304	0.08245309830667
0.369416805243468	0.353711465619995
0.781172705091999	0.953965795569777
0.257978619980953	0.300523995017635
-0.522493487040073	0.731858862770603
-0.359486143589892	0.494348816495435
-0.64980363427832	0.891278055095144
0.206979683099487	0.213493136368804
0.523682743448703	0.33396950848415
-1.11957460536364	0.337866341493547
-0.60895933746012	0.147406558741333
-1.79693424859175	0.729556600315067
-0.222277301902909	0.109704376103279
0.0353967314060989	0.0291199211145737
-0.188587541064172	0.184995284987917
0.101677414747617	0.0917965327096334
0.125048581450817	0.0927006556429984
-0.166863429480861	0.0882955062170036
-0.493218498944464	0.185728512139402
3.64742237939513	1.44635997008149
1.84957887095899	0.730635761791688
1.09247799441691	0.534633070236409
1.83320693416336	0.722298459501847
2.76330811440907	0.780761067286217
-1.79346061997896	0.390723019452767
-0.0046422876776948	0.00216782850380148
0.17842760120483	0.110147991853766
-2.57036588579023	0.664816582891659
0.16619130625606	0.0315431724784316
1.96276901321247	0.454520391574277
-1.7934287506278	0.390727439150181
0.161251150232847	0.0308565698216007
-3.08351879397427	0.953227279124287
-1.00128060564233	0.395807493251949
1.05878746464103	0.40482083139178
-1.79412017987748	0.727961900277034
-0.217393758803051	0.107122082088448
0.175645746259807	0.0765858336249854
0.472793749472465	0.542999478216259
-0.469342830381466	0.52756073975842
0.908458355466864	0.929362984949115
1.59721287836547	0.803147695445306
-0.32485451718176	0.0931499749349684
-0.503804509378522	0.19008371969888
-1.50774474493265	0.536593235425421
0.964934921520073	0.255476948633611
-0.701794429638729	0.239974906557054
0.886048427808006	0.658491419144144
0.558420740384728	0.466825601547045
-0.213644048302936	0.105236136730746
0.867488351747413	0.793093686525781
0.165880035481028	0.0314978449610492
0.177098196712698	0.0772522211179628
1.60420737094224	0.807856023527093
0.17845532295061	0.0611293558584829
0.18374299244507	0.0464795790495071
1.47333622017027	0.491753136545405
-2.57036588579023	0.664816582891659
0.93691900177487	1.05065841660363
0.408294478270676	0.363731030007185
0.0994776406621795	0.0727889669587849
-0.370962946625774	0.458813948489861
0.522607963687146	0.629050936116462
-0.0518595205029433	0.0498550916127813
-0.0608187862644735	0.0550638753507531
0.134681304472473	0.124538571794745
-1.13879098387899	0.631314368353238
-0.202976861420011	0.0653350306430413
0.687453672774919	0.21969379736456
0.623401442872477	0.328408881938826
-1.46567259490791	0.73823682262087
0.30655766864842	0.231915578869831
0.268072383027094	0.260438734656641
0.364851279869369	0.418293213789247
0.280799600816567	0.269014288615465
0.0844335736035057	0.0525856104823598
-0.320281010212049	0.0918656344140368
-0.703651055748467	0.240588737528622
-3.44754089021611	1.22379406077669
0.556308696676708	0.202195250417483
-0.704722398968598	0.241062538843187
1.05878746464103	0.40482083139178
-1.50215938518201	0.53435945377886
0.844441707134117	0.359109180860946
0.172713073431482	0.0752861785253497
0.18374299244507	0.0464795790495071
-0.614206104379299	0.148455859250315
-0.330698472981565	0.0947716626031445
-0.320548811537412	0.09196618419473
1.47032706033056	0.490703617760438
-3.45307509546519	1.22686211973226
-1.4702810167601	0.74144128695738
-0.73975868738899	0.319677430265888
1.35995902813645	0.602719106236771
-0.616890953827457	0.358913498862879
0.727893947879093	0.344982062276397
0.52607426340667	0.475334068896844
0.280173595091681	0.241062406477626
1.26215046666862	1.06793059703626
-0.701794429638729	0.239974906557054
-0.696079481998497	0.237763762994826
-0.613158918177153	0.148231887572971
-3.44821343973509	1.22397568320365
0.183063896529214	0.0463401006276899
1.35636045207216	0.600949327384119
0.674455049111795	0.482993346758403
0.172012396637245	0.083656064751043
0.183081360569345	0.0982737213727609
0.802724101931975	0.636528203641391
-0.158606644196148	0.0837273648982497
1.47032706033056	0.490703617760438
0.847728504925438	0.36079146501607
0.175155035311403	0.0527334069281177
0.166741085808389	0.0645460091824029
-0.614345716129905	0.14867066764313
1.96276901321247	0.454520391574277
-0.114836999915269	0.0409889290231566
0.507648416597146	0.454220369360753
-0.968906361301335	1.20128057488017
0.258357058992416	0.231724716220305
-0.0719292252954653	0.0711894956112446
-0.299566930101856	0.32801072222264
0.33057562823578	0.404716529940363
-1.03952365180722	1.66945741648033
0.153086560405098	0.154159523955639
0.354802606283829	0.198740605588436
-0.32531700249348	0.0932194330065639
-2.04986343706636	0.933375673748659
-1.25292634738104	0.562158900236561
1.06153095853073	0.405927487776779
0.294141338451516	0.221116803367516
0.2136152629125	0.229322965422577
-0.412262345464627	0.481562577294381
0.30803421533583	0.233238689028478
1.29082828610392	0.717135554332799
2.37974175152964	1.20685990890827
2.76219840038386	0.780594539857824
-3.44686848748983	1.22339694388155
-0.331432979676728	0.0949515324990773
-0.20829719850107	0.0669881754355871
1.06375255943934	0.407031400293661
0.184697427143245	0.0554084744862393
0.629275007554483	0.331472333529495
0.00125360748159554	0.000447234868703764
-1.1182849071041	0.337405124817419
1.8476275755017	0.729726391578086
1.06375255943934	0.407031400293661
1.35564812089346	0.600770089805534
2.76219840038386	0.780594539857824
-0.701407652969022	0.239760620804689
0.181112428243138	0.0700752833936463
-3.99573469786745	1.72772529969412
1.59193285113715	0.799327363673308
0.174169512080858	0.0759395584973865
-1.81286453482065	1.13217887085259
0.206341675428589	0.184250380311276
-0.286441910620084	0.272917381550092
0.202901661638024	0.146311111371273
-0.202976861420011	0.0653350306430413
0.968469219672053	0.25651021792255
-0.746370250650078	0.323005222200847
0.164778629348208	0.0313374327003096
0.187435346122179	0.047292837125537
-0.492920041972495	0.185567465410241
-1.96676501906145	1.35961393927126
-0.209811094474628	0.134584709338775
0.41751595322331	0.18993514319526
0.44906425323861	0.343389770823611
0.967933372585482	0.256362285789635
-1.7934287506278	0.390727439150181
-1.00273585527417	0.396365142955426
0.176825054435177	0.0449204608148946
0.172935900909832	0.0520977646892395
1.83438379793333	0.723158469152769
1.4745635305468	0.492365493098567
-3.07402416243152	0.948685276185543
-1.53834540383945	1.46849827712252
-0.176073913742096	0.133016253081177
-0.25416845163585	0.227598255351411
-0.287032410889393	0.32568468757113
0.481946978179428	0.60468190057134
-1.36704914022478	2.81060543835772
0.0773490303460044	0.0744183439265134
-0.502279821485993	0.56207780090529
0.171488774809756	0.0748342853660748
0.963743115659934	0.255236344279286
-1.46687594226654	0.739029403250235
1.26254577620482	1.06965334700816
0.176287929781929	0.0682081341245489
-0.981080300079255	1.14944415013418
-0.00681509509558802	0.00587078051219946
-0.506634554493231	0.6815911065302
-0.608597683952715	0.537052485649917
-0.326683341720245	0.229733788509393
1.84066711299049	0.726365639107333
-1.25915224071317	0.566050922622751
1.96276901321247	0.454520391574277
0.690554433996612	0.2205748378538
0.550229507129372	0.199823293779666
-1.11963574652263	0.337715170908198
3.27272750868887	1.11966450015405
1.08372318075856	0.529235641723907
-0.00453408747774132	0.00212506387969947
-3.45727803409178	1.22858842810043
0.963214248695465	0.255090594573707
2.76219840038386	0.780594539857824
1.05657276894202	0.403741434107833
-0.617339897765464	0.149284387408846
1.83948692258838	0.725717515665962
0.187984352048437	0.0474280610765032
-0.750364995739161	0.325029815455567
0.165197721130374	0.063938289353662
-0.464762507402168	0.240707424901403
0.80717898470493	0.486177513934335
0.57386049835118	0.725619674579715
0.324161783308391	0.224354271187645
0.694933301463856	0.605241550728885
0.183063896529214	0.0463401006276899
-0.613682540053849	0.148388769407339
1.46964366147565	0.490422889690681
-0.193735099625946	0.0624393983877589
0.184697427143245	0.0554084744862393
-0.190877057046861	0.0615565600580822
-0.366923986553794	0.151522574693312
0.188774939655	0.13502650443735
-1.31970955373368	1.07369313950031
0.317000489216591	0.23043453010569
0.186069807523728	0.046984734903896
-0.613158918177153	0.148231887572971
0.550585584584045	0.199969616725774
0.18374299244507	0.0464795790495071
-1.79785205353169	0.391773074809323
-1.7934287506278	0.390727439150181
-1.79346061997896	0.390723019452767
-1.1152634133402	0.336439469187697
-1.80441616031176	0.733725050835279
0.554170265139292	0.201310818357217
3.64871284900552	1.44691597652701
-1.11760971687047	0.337077079720442
0.681600849226051	0.217707538421281
0.303708863115341	0.24831490612767
0.0918615881804244	0.0600597374855576
0.0586045465695817	0.0463586277073938
-0.494809622932596	0.607164628855386
0.201209558299956	0.17892977127092
0.771957799576949	1.302696312592
-0.179175533280323	0.165957259351653
0.581744391301888	0.72052504141046
-0.287595145898396	0.130646223105755
-0.120236251257486	0.0428246322371381
0.692481142426252	0.221366284684109
0.182127759283471	0.0623387262762059
0.543866069327593	0.197263140253266
-0.0861165933291236	0.0602382186876887
-0.101614609604467	0.0715273266001474
-0.59931987660316	0.65211124377861
-0.0847478576385553	0.0668966509034764
0.463984631075846	0.336834080119651
-0.703264262088321	0.240508331840629
4.19332756457112	2.03901099962885
0.963214248695465	0.255090594573707
1.28941100933624	0.715093874645296
0.84714118293522	0.36030412348005
0.961881298984383	0.254903830883264
1.59984598809339	0.80450849394806
-0.443753084343705	0.291863431959274
-0.372206107190772	0.207244837067409
1.3549353352076	0.600117468724131
-2.04775621133695	0.932071689763307
0.183063896529214	0.0463401006276899
0.958352222975233	0.253964848564806
0.961881298984383	0.254903830883264
0.164778629348208	0.0313374327003096
0.720806791981872	0.340965107424051
0.712291349332508	0.336390181260595
0.181222403711057	0.0544586569816679
-1.62598369913966	1.65170953664674
2.87288727831152	3.38799041673088
-0.519636698129574	0.572396760675458
0.630952914932323	0.592126430873753
0.359830885756175	0.201644364344816
0.164704369211552	0.0637736743132212
0.852050462439813	0.362741818847279
-0.619069360213747	0.149654914653121
1.85151100608139	0.731488521526503
-1.49633399610699	0.531774933095134
-0.707845094848957	0.242262716671496
-0.765991770648544	0.41262375289279
-0.778565205635409	0.662499043790513
-1.00344380433825	0.396818957300656
0.757373047134532	0.636266192554196
2.7658579636291	1.71191173412025
0.470214630529904	0.190887743886364
-0.324393158207149	0.0929933012825356
0.183809152406343	0.0629189729289287
-0.494158826533737	0.186015316820675
-0.130152438617657	0.0462916762399095
2.76559849788836	0.78194178274137
0.819073065254008	0.494685680283489
-2.57036588579023	0.664816582891659
2.76559849788836	0.78194178274137
2.76559849788836	0.78194178274137
0.181743714491496	0.0460173511561772
0.181159179759352	0.0458876218072277
0.172246622113128	0.0666906896215397
-1.79346061997896	0.390723019452767
1.96372117107544	0.45473924627511
-1.46012455770089	0.734049874675633
0.529154150660655	0.338290684887832
0.327646394469967	0.227127385964301
0.380923697207712	0.367304812089895
1.00478679787168	1.39976970310218
0.617345321598267	0.761912839023156
0.477905064520959	0.469318354685885
-0.253009149611002	0.259259283357119
0.205148295140604	0.169253215048614
0.631940029540625	0.333718812774719
1.63593848018565	1.1487971296808
-0.199032317017901	0.0641034971037585
-4.55849098281808	2.49506859178028
0.428344007470137	0.19553090215051
-0.117191208789298	0.080801741295093
-0.000984719080637769	0.000599551715332646
0.327313616645815	0.345139432997161
0.134118069443685	0.114252143881133
0.182613308803139	0.106051861152558
1.06190079859119	0.406050412279014
-0.999116065979541	0.394904057507624
1.84184770666887	0.726890218717793
0.165088029467664	0.0313824661178469
0.18374299244507	0.0464795790495071
3.27152519356808	1.11907150574555
1.47333622017027	0.491753136545405
0.179746383607047	0.0540100642734575
-0.0445517830277727	0.0275456463477631
-1.7934287506278	0.390727439150181
-1.11884555197394	0.337481516657706
0.680421237638035	0.217245422782273
-3.44686848748983	1.22339694388155
0.16619130625606	0.0315431724784316
0.16619130625606	0.0315431724784316
-0.327498449554433	0.0938114370055266
-0.196606144995592	0.0633346995977349
0.844796816473284	0.359284495888571
0.174974428786953	0.0852406499574349
-0.576701196419492	0.273588301350554
-0.0307689580333932	0.0228838545649079
-0.872588770835714	0.868607538194917
-0.769687275604676	0.502106233875864
0.474198126463934	0.19270082318148
1.96276901321247	0.454520391574277
-0.184351643560283	0.0595134720284922
-0.325582325201124	0.0933470317045756
0.161251150232847	0.0308565698216007
-1.7934287506278	0.390727439150181
-0.208388018862045	0.102567536301507
-0.213098407344061	0.104975222488605
0.17740700463895	0.0686168120819228
-0.511450948123978	0.317961076323722
-0.19866808684961	0.0640066499155127
1.96372117107544	0.45473924627511
1.46955857964488	0.49050725448157
1.47032706033056	0.490703617760438
0.178586346650125	0.0453095875153282
3.27631781619437	1.12171855032085
0.165880035481028	0.0314978449610492
0.84740079201131	0.360631206481512
0.164778629348208	0.0313374327003096
0.181159179759352	0.0458876218072277
1.96372117107544	0.45473924627511
0.169566032486793	0.032038095111837
-0.703264262088321	0.240508331840629
0.182384642090162	0.0461735738884295
-0.960076629494688	0.472175041863433
0.181837521716867	0.0460537144756759
0.187300583927818	0.0472598613580206
-3.07402416243152	0.948685276185543
0.202496502289386	0.133350904237738
1.42349519992737	2.40803466238873
-0.897512281562459	1.05666740966338
-0.725660874422402	0.913551408445731
0.117258944350518	0.114869643492276
0.855713913115962	1.34083657780886
0.020823175668682	0.0174115122108332
0.248001574516025	0.272354408716347
1.25971861302225	1.06621174729648
0.841170650702794	0.35743161492768
-0.073724423019638	0.0289995321134745
-0.128368779999186	0.045648725082483
-0.0417846698675146	0.0179151485373702
-0.0228261326699755	0.0144142843227918
-0.533246702293896	0.616754416124864
0.103499184585142	0.101755743528067
-0.945734882102741	0.996001250962957
-0.434815436522014	0.284854478562406
-0.748750624071192	0.324201697189559
1.29854751128261	0.721724716322192
-1.50848113268972	0.537019591842101
1.48340514459681	0.933039316852001
-2.57098043849301	0.664920470822356
2.13883702891477	0.967128437748762
-1.26908403270058	0.571724725855923
0.0180191963691882	0.00920446358368886
0.0750392343739014	0.0466095810804836
0.18011793418247	0.054112323705194
0.549934062313663	0.199685220416624
1.47086646676889	0.49088731436037
1.06375255943934	0.407031400293661
-0.613682540053849	0.148388769407339
0.958352222975233	0.253964848564806
1.05878746464103	0.40482083139178
-0.19866808684961	0.0640066499155127
0.839143008593846	0.356449986263414
-0.957755682743215	0.470857661817387
-0.124837825991722	0.044401537177189
0.203590457406661	0.1977883464392
0.0703579700060354	0.0436497843176004
0.199962905945836	0.143992289111624
-0.577347955612992	0.273669665114702
1.83556105705841	0.723803926717143
-1.1258777723839	0.339888304991231
0.692028142380155	0.221092112401465
-2.57098043849301	0.664920470822356
3.27631781619437	1.12171855032085
0.726027719598229	0.73396564971925
-0.327341925424725	0.230251184394818
-0.286615199218208	0.130184805127086
0.317643056699166	0.219162468012611
0.420497897297565	0.191439723273173
-1.1182849071041	0.337405124817419
0.681600849226051	0.217707538421281
-1.49753171438992	0.532305096548695
0.18374299244507	0.0464795790495071
-0.513091202205458	0.19379899685943
0.182840587448694	0.0625558309496251
0.180845714650258	0.0543398759613664
0.182384642090162	0.0461735738884295
-1.79346061997896	0.390723019452767
-1.7934287506278	0.390727439150181
0.958352222975233	0.253964848564806
-1.49825523114142	0.532562193916483
2.13847384175308	0.967026817523456
-0.119838421507322	0.0427012024156546
-0.456502217412298	0.235641494870948
-0.124837825991722	0.044401537177189
-1.12519556185123	0.339754109482426
-1.00052828635423	0.395507231165513
-0.495265738971724	0.514415960354837
-0.171103234785547	0.112766521763699
-0.387356112408919	0.463311355866526
-0.367167470398519	0.472487453582335
-0.298976678874212	0.372193897383225
0.284089824903216	0.358327668654427
0.54710318383205	0.819958749478527
0.157266253996637	0.178866440375428
-0.0888228608021309	0.0516302438206359
1.09606243745337	0.536521250244988
-1.96215073201715	1.35387277328776
-0.961069356393055	0.47274486368638
1.42183031970519	1.10614445718337
0.747133313955409	1.2292734649554
0.172247833554236	0.178413042322827
0.452102322706806	0.566225268543683
-0.183389198913659	0.182347076941462
0.183410226942941	0.119764645247132
0.854024173951591	0.363747751789368
-0.499234614804066	0.188038340526972
-0.369357547659888	0.152543412743622
-0.954079142226954	0.467974388796456
0.711535673817155	0.335433524525311
3.27032462336087	1.11801013776878
0.166320253572048	0.0643709570145403
-0.523530539021184	0.327171811953442
0.20481925997271	0.153473491000519
-3.75046496352693	1.48199107071708
0.17899314570337	0.0538175920888867
-3.45239496999294	1.22656388713544
0.19006169952255	0.0569194977045989
1.05656822569342	0.40367225045814
-0.325582325201124	0.0933470317045756
0.417970167573709	0.19018267865932
-0.0692591115289114	0.0273025738710254
-0.590949882015622	0.281350368578303
0.0355687547645271	0.0196117250515259
1.2684253244342	0.882758571199793
0.242262803210653	0.255491129361979
0.328356413415149	0.34637115601687
0.416429945075687	0.345025284595264
-0.491888763967548	0.185206039733237
0.183063896529214	0.0463401006276899
-0.198045826596271	0.0637553577032532
0.408776957194506	0.185784113682801
-1.00128060564233	0.395807493251949
-0.770045265132375	0.415701452743209
0.391866134140323	0.199502156845776
-0.64983848477933	0.738365439455303
0.183196317696327	0.113209570924402
0.531177262545323	0.549951004611935
0.618534903267884	0.325105445797504
1.05620955590379	0.403465785623987
-0.0296057763226819	0.0128589355627462
1.47155078449581	0.491168545293048
0.179369859705814	0.0539368960907662
-0.325582325201124	0.0933470317045756
0.174204355272961	0.0597247391277113
0.712927543244119	0.336393003965956
0.420958755195854	0.191664519747503
0.452673199146605	0.346449862515939
0.165880035481028	0.0314978449610492
1.96372117107544	0.45473924627511
0.165880035481028	0.0314978449610492
1.36463893177122	0.60527497187324
0.525928228657682	0.335521616765575
-3.07875719123617	0.951227905765892
0.179572474708765	0.0694525057123011
1.46964366147565	0.490422889690681
0.182784373310677	0.0625636986950216
0.918192975186816	0.4988874129075
-0.341088243139472	0.342170910032998
0.0678130755244219	0.0563514433025185
-0.25051755881802	0.237991107428701
0.104018643759199	0.102312489136269
0.0783588219140046	0.0777476780604837
-0.831868010651546	1.46430976639892
-0.333847266631687	0.397242996999075
0.142881212778683	0.142627316191823
0.732149753446401	0.742266749575254
-0.382080073851042	0.213577710785482
-0.324126952894347	0.0929244396746841
0.364378997890319	0.204781256203761
0.0593822791246133	0.0348625688176981
-0.0382350264335475	0.0280227808416608
-0.47756595648413	0.559598872458854
0.452472769259192	0.629982272432157
-0.63862472072551	0.651003225196838
0.190953925708607	0.131278435262976
-2.61097585326862	1.58849848626557
1.35564812089346	0.600770089805534
1.84022304372881	0.72612017307568
2.37650465928581	1.20415667498595
-0.0664214375897173	0.0262075608133789
-0.32485451718176	0.0931499749349684
0.160183078440458	0.0620332280126363
0.465766262208118	0.338482640257929
0.187428183900369	0.109059364485453
-0.46955160092687	0.243392319145523
1.84258516456861	0.727293955790375
-0.737393070037659	0.318220468084377
-0.197961486462631	0.0637876154388623
0.161251150232847	0.0308565698216007
-0.323664690407152	0.0927962418225715
-1.46556737542942	0.737399568931953
-1.80546069227681	0.733926111458032
0.501545391143813	0.345195122672491
-0.585944845666359	0.471330441727346
0.706851248550822	0.619459365900601
0.48955252707585	0.617419723438351
-0.174945067597204	0.161524774424317
0.714248338321823	0.717498622961348
0.637078219849197	0.336673323030678
0.475804309460653	0.193396100083251
2.29560884998299	1.78480110894765
-0.119231040222735	0.0424930904552538
1.06153095853073	0.405927487776779
0.177362298643623	0.0450515694227369
0.429003779171459	0.357647772162743
-0.00441901475657222	0.00300704387986692
0.587567678406187	0.470349156960262
0.328508253547971	0.227698640542198
-0.28682196883712	0.130405569747986
1.80566915150391	1.0203794669048
1.47525146835293	0.492648627415429
1.59857754726196	0.804530569699723
2.13958082308296	0.967639587738095
2.38769007527048	1.21173240615753
0.181797220026299	0.070339345271789
-0.285840872569497	0.129906496816712
0.37929219041989	0.192413916943886
-0.617339897765464	0.149284387408846
2.76219840038386	0.780594539857824
0.178049240810411	0.0452053813438565
-0.750520013645642	0.325235753893354
0.969787858186062	0.659896740770218
0.671827670646948	0.480237509532293
0.197572520224922	0.122851611854114
0.173195095104282	0.0755037377897217
0.858629581595075	0.781946647687972
-0.209477976222113	0.103222558427208
0.192847656860377	0.143642674470887
0.201003745538267	0.183114950796543
0.195990624787724	0.146237989069454
-0.210902880764217	0.192033493881824
-0.241632957813445	0.194149402382665
-0.175163375114013	0.115616453001923
-0.371945725875295	0.289128286133542
-0.128294350043271	0.101763901142116
-0.442685238220144	0.404108512165012
0.182559095855156	0.130226942780169
0.18152737230495	0.129444029146361
0.300518298829097	0.23622256905848
0.201697196128338	0.183813966612385
0.263439286979231	0.243405585135329
0.220588944019894	0.217251793011447
-0.190610357575833	0.187284705382751
-0.372966636644397	0.320493977397828
-0.0372520708512552	0.0272862780066241
-0.00400839627417504	0.00255386707295941
0.63564457036334	0.335590584972163
-0.420372600572385	0.319867035379303
0.327706458811774	0.239348699754434
-0.516858891937992	0.322275917942854
0.811049644426749	0.488025155134793
0.000210748583093889	0.00000340233335995044
-0.247415950184609	0.199441384568341
-0.423703079538312	0.395191220357856
-0.120222561616599	0.0670322776351688
0.161163484333363	0.0624184275728961
1.27388171256221	0.887737634716505
-0.517349424647212	0.322355611807223
-0.902774500976741	0.650266419009981
-0.466967727803112	0.242048700210038
0.313544967073951	0.227465391729221
0.456355761412873	0.350014323518441
-0.762313712123038	0.409864019164034
0.390750548417678	0.356746874413612
-0.297798622526412	0.260164609670541
0.00701535835906455	0.00520204240881852
-0.114383216271754	0.0899454958529226
0.528339668047324	0.545885673012998
0.66201786239327	0.703105195090603
1.0145348477464	0.833923373423598
1.14806064783217	1.0402661745528
-0.275585903778096	0.124817017490071
0.365479159800291	0.205267473043303
-0.935607491642878	0.980913512281717
-0.376964202267879	0.256691133667568
-1.25294158695289	1.34810383948707
0.0250020510432201	0.0126450923959405
0.382501295708759	0.347473635066025
-0.122431642242232	0.0683368859247894
0.935473451524175	0.816414487297707
-0.162716262319902	0.0860168527574359
-0.0100800849365571	0.0045997722163119
0.421990053396122	0.192245134439215
1.67345846176861	1.57849019149502
-0.764543793907744	0.49730286945905
0.173932942960796	0.084662627627622
0.326253506230141	0.226082181277332
-0.759089084073118	0.40838015831387
-0.617875104469477	0.149400727468359
-0.612487701707529	0.148134994320372
-0.502824622854512	0.189653352789705
0.730160561759199	0.482636818668212
-0.326790141579562	0.282307250603317
-0.114656933119361	0.07894488235408
1.3276771104977	1.6984739482204
-0.213265758389354	0.13691594732655
-0.170787700038105	0.112540923677412
-0.269196232940087	0.237362929682079
-0.102432929288	0.0701454372481558
0.967783284514596	0.955276549515519
-0.520541898468289	0.324538096424349
-0.378224723187554	0.210875980777945
0.339362948370636	0.206685499844615
-0.00977066294765427	0.00445596469747483
-1.12306811102979	1.22976961398878
0.576969519151361	0.572231065674412
-0.441284814716226	0.515908838644992
-1.35227501446324	2.0502149035606
-0.137669997660161	0.107310668238311
-0.0146370550214943	0.0110145543857697
-0.962536690475568	0.939060418859276
-0.216424325026491	0.106632547295065
-0.480665981536734	0.356834878064084
-0.561972499231046	0.405521851132747
-0.446609625971282	0.462876854359596
0.212565260556505	0.21627828898191
-0.132494514431888	0.114577845200031
0.615517441498774	0.683093666890415
-0.180678882736032	0.136847365614768
0.298744932475369	0.243518742703506
-0.225509862028414	0.164011343293559
-0.211245648000963	0.157800465095726
-0.53077747966707	0.470418819955236
0.702643500464819	0.901971798883824
0.0209926572340408	0.0140893986083531
-0.0703885704756343	0.0423579508233876
0.0930631991138928	0.0634016473292168
0.759938972376659	0.744416359600655
-0.175879833230263	0.0933046414847659
-0.159839650034801	0.119666847959882
-0.178055155682309	0.134721430442459
0.189807510986251	0.124319629665083
-0.174450980186164	0.131756102686775
-0.14861069493814	0.113666677780617
-1.08370860390572	1.26397300018074
-0.274436756205411	0.197044590930365
0.185901770245884	0.121553298849841
-0.495478877230376	0.449501669551178
-0.256629928129424	0.208252986452184
-0.454987919715975	0.378964614784438
0.534528412586907	0.464174832329813
-0.377645621563997	0.294329870387918
0.0187477440911965	0.0125849562994092
0.603769037975535	0.68643813182397
0.908200181822457	0.929203212915331
0.199864366648161	0.131448142454696
0.347525252656074	0.212253349735991
-0.0944473678531119	0.0549731323665015
-0.41281855334965	0.349991635870213
1.38463470704802	1.2837250514415
-0.313593348719448	0.268514799285032
0.180804688427092	0.111711064148383
-0.319230735198255	0.223729974840046
0.0460506804207084	0.0252717052597401
-0.291353713527765	0.233727060496088
-1.13059385352999	1.46656840625579
-0.0030514915424542	0.00193750261074238
-1.11951983581622	0.337809535545767
0.173185400072764	0.0754800294806542
-0.763903370718267	0.645021475355204
0.460724984539268	0.448308754170511
-0.418684010528866	0.31823762846655
0.0623196600766766	0.0366065784223965
-0.217188942523879	0.139739686203203
0.877198104337273	0.649757576817695
0.488154950851606	0.449816864764979
0.0901451444812045	0.0613286785200069
-0.595715429869654	0.646599095375647
-0.258498435899069	0.160300084988976
-0.308002762136579	0.182350172128429
0.491416203049128	0.336950335434905
0.00604724490032504	0.00417113498909603
0.512559556536119	0.459769710034882
-0.167020894812338	0.125565599537764
-0.277724342114984	0.262949421619171
-0.783636548174816	0.788408495582651
0.0576259854913545	0.0466213298915487
-0.114035176820236	0.0992039013503567
0.734573108892309	0.828405333657502
-1.3966205467329	1.84767565738006
-1.02533449560664	0.81004618961356
0.406670558209316	0.348796813223226
0.587243472417025	0.585691086224526
0.294756133045191	0.24787834830067
-0.660947298677839	0.75645454587051
-0.768761444557302	0.916206682413324
-0.440477364666666	0.338461954142041
-0.0707426830438273	0.0503862496086959
0.0433959082315089	0.0238219235270682
-0.0332810235833031	0.0255687502589576
-0.00763645655113592	0.00485482973456133
-0.0697752424823669	0.0567052233726566
0.423723331220502	0.336893787258032
-0.550473125767826	0.394840865586346
0.075477477940358	0.0469019734572964
0.186928937403552	0.10856997573201
-0.160192567458078	0.105043531682431
-0.0997453393524986	0.0581083769003226
-0.252972768409423	0.204793794378234
-0.125442006748158	0.0840492962169325
-0.51615761500446	0.423954783765
-0.1872308234619	0.142428739690534
-0.639550082431871	0.65240630306586
-0.774808394924986	0.719637113493673
-0.46941981740488	0.394125121152647
-0.952435800589165	1.00614920041895
-0.358627964311065	0.305602317809087
0.200090941874767	0.138112976077372
-0.404750325055288	0.373349702997606
-0.0995520205453864	0.0579989525762514
0.30796007227175	0.222765070844512
0.196877975597599	0.141445134292341
-0.579641051346318	0.561730602117008
1.50756662864523	2.36695381793576
-0.620963879697646	0.551082266740322
-0.321629283995571	0.253204169914816
-0.603010583525872	0.530450547423136
-0.670447726983291	0.526182430003085
-0.289677430491364	0.232148735601616
-1.0166787743255	0.800812672858368
-0.0437990979951164	0.0270840229047864
-0.647591516225875	0.446218808030491
-0.462952567132484	0.449876744414905
-0.181881918503057	0.13791626295601
0.314747719219303	0.228300179940915
-0.0610267079753895	0.0366749590919084
-0.1172746271382	0.0808660728341696
-0.234592564545766	0.207316896330755
0.0582399174393037	0.0437511092400179
0.566683042124488	0.475457006769347
-0.36680857810159	0.314197717758837
-0.293573441205577	0.235800308618426
-0.782009570570757	0.666318183622753
-0.0316862139324961	0.0137093205953213
-0.923830666697089	0.558201500584246
-0.120998237505809	0.0431156409405122
0.475414304078317	0.193168598953148
1.11898303854102	0.694192059113906
1.01752842171981	0.837920953368504
-0.204072646172427	0.169438176679155
-0.439680562779603	0.434376230234652
-0.528239950036566	0.585206677396845
-0.0386218127413892	0.0283040282323729
-0.540595895311381	0.691640173759521
-0.235584200002175	0.172310506072671
-1.32793638418948	1.08548858397591
-0.0741899069918027	0.0291703427470554
0.855844731586341	1.00910908216755
-0.833727471039887	0.990616514243559
-0.0351469180554345	0.0253142293555596
0.621973791477841	0.841956909546087
-0.86246022650277	1.31911516604925
0.125839279030948	0.106577195280529
-0.622739403344812	0.719514575214793
-0.274916001605698	0.197422839897073
0.104713782484136	0.0716590433697009
0.80997620477253	0.769290974817053
-0.0125397215794913	0.00950265602675639
-0.225976063121914	0.18518483573952
-0.865334906126725	1.22344396569502
-0.7728511076904	0.656003515144023
-0.510875125587484	0.494097331532026
-0.240558154294483	0.176440673155634
0.47593735441276	0.347192207212696
0.33997027801261	0.207152796238778
-1.22475295379437	1.57321959180795
1.37255749226606	1.46035573971462
-0.23056304764896	0.189460023246883
-0.253639747351809	0.205445716658462
-0.975495948785494	0.862202879882175
-0.387636149250741	0.217269655280702
-0.849259463761062	0.900769981755596
-0.33153864994035	0.330474683422804
0.471004276545657	0.445870377036671
-1.0375400015284	1.07050866850744
0.0991837254934136	0.067711207042428
-0.367021481464306	0.284517693804908
-0.597078070253807	0.648875664688342
-1.57756217572552	1.85094647445304
-0.319689343073806	0.224054404746184
0.675542148962478	0.482916938854525
-0.925945094846084	0.560749164325922
0.107665394764502	0.0791124098207361
0.207641808099827	0.161450866407026
0.198672462591188	0.17651262053517
-0.597357286928817	0.523473488641975
0.926406486835576	1.15459255717963
-1.1796919761015	1.20216355567796
0.311821508331433	0.236575010834126
0.848480392638323	0.996857241100269
-0.0733809977579849	0.0288349533476671
-0.466520525938006	0.241312824073058
-0.703841578704102	0.7971184196955
-1.05191587067352	1.47581736981967
-0.821108761031533	1.16766787153092
-0.565204766914002	0.621815665542624
0.0403506785771798	0.022187451322555
-0.584399721400301	0.599791574348719
0.102510139946624	0.0727075654643469
-0.0143495417467907	0.00912942788985302
-1.08014177389032	1.02926012910068
-0.664812800969769	0.519985026266867
-0.589472946783789	0.474906587180902
0.184195877885734	0.106967483786203
-0.676068492315916	0.531709710529887
-0.773763269840284	0.719105086896905
-0.848334663016611	0.958976852465256
0.339858008108935	0.23688518043694
-0.272045060031012	0.240405859399803
-0.258635978951712	0.226488859789866
-0.69293905666049	0.739662097699226
-0.21848280088142	0.140634268515058
-0.297946502085421	0.239904888137425
-0.416058920755978	0.315796391372369
0.341386438129152	0.338697820381513
-0.127010337276935	0.109450891654825
-0.216800934668698	0.193892533905666
-0.0397476557579509	0.029151187506097
-0.18784292079123	0.158154386976055
-0.713209623754748	0.770202246184483
-1.08423424276729	1.64587027563449
-0.245908802299374	0.219099821582902
0.569781787727506	0.562676722501337
-0.56848531095774	0.547664230002763
-0.14647633507738	0.125336328444725
0.30244034446895	0.255566634768628
-0.404650531142027	0.3731763574358
0.404932046306794	0.333330027305242
0.212995009173211	0.191126743191755
-0.331608248076739	0.262473115298138
0.619797220738214	0.74487417874684
0.0915563713614044	0.0598527042568954
0.212462032644113	0.181089837411858
-0.248560789528083	0.221841244232673
-0.861502652678969	0.853340764292077
0.0621594690476066	0.0492710000883953
-0.845560916562308	0.954372020024394
-0.421802068276097	0.321236797406798
0.137567889198831	0.111914623572067
0.195746401145724	0.1650639036192
0.393985677207362	0.335547526385554
0.940813733414569	0.822768428198945
0.750632781254662	0.731485683137508
-0.0271770497622327	0.0171599980668169
-1.33787895953925	1.86107163231234
-0.342006852493335	0.321624933080007
0.212130859017329	0.194730240718485
-0.438825647546412	0.399776827131863
-0.00321340581969463	0.00203913973408146
-0.136333213752859	0.106066346929584
-0.723716853643253	0.870864497041166
0.19531290480366	0.150800050663173
-0.619090508949577	0.587950938856288
-0.336712116991204	0.315511526266369
0.31799335205754	0.21929952476239
-0.294210190042187	0.236345359635799
-0.590284865351579	0.607980853355753
0.484592102252223	0.462381862320605
0.00503160574233216	0.00316729989889601
-0.503193462020767	0.189721836298481
-0.18621437773521	0.0600963577384396
-1.21303168412018	0.907285211110542
-0.0283996090077808	0.0123550635042398
-0.208388018862045	0.102567536301507
0.691293725798235	0.220916760169014
-0.89684474287465	0.645433442858728
-0.188546540149518	0.158761527210242
0.324539166378727	0.341509661414925
0.260582694945162	0.240240980133745
0.543154530907371	0.646742194392528
-0.399523485646482	0.448475546548762
-0.497479130053556	0.576258049431807
-0.171128715142126	0.128943857820581
0.254725754716309	0.281490572996453
0.200865832488277	0.138698204981189
-0.00738770679730854	0.00339503956351295
1.02181580968837	0.842728901885875
-0.214124525172317	0.137612550798467
0.0884671612419608	0.06015065868851
-0.87906868304344	1.25352493526386
-0.83542350018082	0.993971560190064
-0.35850603782332	0.398375581198637
0.593602496386895	0.721709535910166
-0.259561383605697	0.227458347403169
0.710247177327288	0.335246711885336
0.887667356446487	0.660237434615358
-2.45777181027533	1.3669886769103
0.0432642593720077	0.0237729098596894
-0.167338397804288	0.088580185978188
0.174866744414616	0.0599504088128746
0.17015207774685	0.0658727473442405
0.860628569053154	0.908527889575627
-0.203899386778791	0.169215811396661
0.177135608349328	0.0685365301350542
0.935338507124461	0.510371883893426
1.09584999075267	0.536623234040164
0.555239766445707	0.201780832151434
0.175646092906164	0.0767251009788682
1.41665638589201	1.09837314727956
1.3500560212668	1.59080109723888
0.811551932531442	0.488278739344627
-0.257447924456577	0.159595019643106
-1.89539308414762	2.29460034784938
0.42966573778691	0.342711859028674
-0.0118398137942883	0.00897636986291007
-0.613351108710662	0.580425077055217
0.202835501456763	0.140205981110725
-0.527558707573686	0.330338712581963
-0.0649333096273064	0.0256513420755379
1.59721287836547	0.803147695445306
-0.458359266815789	0.236605886308526
1.05731446601517	0.404073999886943
0.382872340482065	0.1942357161443
-0.121164158156249	0.0836947968850076
-0.24183010952316	0.194380149037154
-0.936593351816983	0.982453326381575
0.38981492316168	0.355692812443584
0.179667994956428	0.0874904709866229
-0.127367041397413	0.0453024177564538
0.986435285158598	0.674887008028531
0.168057187890037	0.0732756288917938
-0.0748825361487501	0.0294000047981335
1.99056232555864	1.25725286975559
1.08769613908304	0.531928346400358
0.169931444889837	0.0908256914112861
-3.07402416243152	0.948685276185543
-0.611962616144159	0.147977912487881
-0.614206104379299	0.148455859250315
-1.20089069002578	0.894201097311179
-0.208034077214257	0.102467157106674
-0.464845305097164	0.240776107501828
0.567397574624698	0.330395636943785
1.35064130120685	0.597863106700744
0.364110839619014	0.204365919281669
-0.434759460640301	0.428436895571201
0.0861100053577387	0.0754235017446175
-0.485120063788546	0.703562789011239
-0.0529505119403399	0.0527597303516302
0.0705420570413834	0.0685045052979931
0.295205571756432	0.341168534632037
0.0440527850474438	0.0440933373688584
-0.490580585658185	0.810510473719877
-0.0782326505419839	0.0571671670077511
0.734151579282536	0.485606161677675
1.28859815080725	0.713975337656071
-0.283170741917805	0.128599642897359
-0.595253307300886	0.521375100288282
-0.249671791388063	0.223014357258204
0.16078240196438	0.173515972603636
0.075265040522095	0.0744270687919272
0.13137204606185	0.111714013798317
0.194717929784524	0.139831633574221
-0.196606144995592	0.0633346995977349
-0.999821957506565	0.395227039947302
-1.50335347787301	0.534889336029958
0.185721656180097	0.0997528695298324
0.365325732822483	0.205144306595388
1.98661161046239	1.2532688066896
-0.761554615061221	0.409895847133233
0.206201824940401	0.14890700456095
-0.063423675294138	0.0459836285661889
-0.324393158207149	0.0929933012825356
-0.746241232385415	0.322634143328872
-0.498814089972741	0.188003887117994
0.179369859705814	0.0539368960907662
-0.498865839031448	0.188033265127179
0.554145256390843	0.201210890820799
-0.517497374284508	0.322826155129943
-0.953520584838084	0.467609220754721
-1.8221646312972	1.14134711215963
-0.200671258102488	0.149121038492167
-0.438713955840168	0.288104550037164
-0.256592128095485	0.298411750921929
0.386315573010749	0.473371435855464
-0.291066711718008	0.233453939757646
-0.88691116021291	0.730687355964661
0.420069045320565	0.191400705847022
-0.707465428768275	0.242033353320822
1.35429655074843	0.599675579307814
-0.611962616144159	0.147977912487881
0.682339311812087	0.217953944354753
-0.0517191615276008	0.0373359563358803
0.214622374019262	0.183088817139491
-0.0624662860186566	0.0375476577761899
-0.219227342953437	0.196253498544541
0.461457552901878	0.187001678722865
-0.164148206675582	0.0868081623278426
-0.326043908260378	0.0934449166225896
3.27152519356808	1.11907150574555
-1.01047808700666	0.400246726724795
0.546346904865407	0.198325214127253
0.178252692101149	0.0689778456927492
0.427884150243101	0.195275315165572
0.517180066102708	0.328734496874979
-1.79346061997896	0.390723019452767
0.687453672774919	0.21969379736456
0.186752657299631	0.0471525522204707
-0.32485451718176	0.0931499749349684
-0.215547471107453	0.138581778875595
-0.124147873094995	0.0692738184161926
-1.1382281316869	0.979488440109813
-0.110896583069066	0.0762342165523749
-0.520040037503307	0.324605700819699
-0.328438949997202	0.231221560845835
0.092867450343539	0.0655924647413433
-0.857069676323526	0.912457665034826
0.362547241373633	0.373938540636611
-0.115614770101082	0.0987509924712198
-0.182891191416125	0.153527994255882
0.0681627037688914	0.0554688881746052
0.586414115807224	0.853769154801556
-0.194283805062495	0.174824289003709
-0.672774823533572	0.52857942970259
-0.43091468046923	0.329501399416761
-1.023362463344	0.80850322489055
-0.930727546754477	0.97297213363437
-0.143335531579592	0.0968340705589363
0.437938830583529	0.52549351087333
0.0759210624398013	0.0660384521139029
0.373197033655045	0.439138933386749
-0.00913932728535092	0.00691883456506215
0.0348589557026307	0.0259779117953241
-0.254688502905439	0.157620264544889
-0.670160363737404	0.525810945359758
-0.907002130489521	0.655186635640756
-0.149328776239482	0.101155180694028
0.19983978030536	0.137984829309409
0.450963506863469	0.344970531358568
-1.95846588823015	1.3474600207463
-0.140574259824191	0.119866306812075
-0.875869934722263	1.24622910809977
0.444668551622421	0.339318086226437
-0.59240739549944	0.281980102564621
-0.494146570419875	0.186059377405171
0.922055779899255	0.500397431424491
1.60152187977859	0.806283581542972
-0.321011266565823	0.0920911495247304
-0.672100414484531	0.527811457386691
0.0405799161601948	0.0223300230249237
0.169769039591311	0.0825264243109056
-1.49917357568852	2.32541427742309
-0.169870823976955	0.127955036923326
0.147708321325294	0.143114495188918
0.332557422976212	0.351913268218367
-1.48802600814937	2.65367253460171
0.857338469009878	0.903130198555987
-1.02944091008792	0.816167943971394
-0.369573176029894	0.20553837234656
-0.750364995739161	0.325029815455567
-0.630549863512625	0.368703010366747
-1.0782523823617	0.728913749000992
-1.01639775908718	1.12782454656208
-0.532114845597002	0.614959949404505
-0.542859979109596	0.484576705105742
0.207129160423836	0.189500537133008
-1.14298883565472	0.985205369533621
0.860789928766496	0.784974957989371
0.343247700571541	0.20936018739523
-0.930898272422612	0.564927946363315
-1.14955904561953	0.639252576368689
0.171966479635534	0.0750398819882131
-0.496879333423488	0.187181684059415
-0.625394911607526	0.365302627449566
0.818153538607755	0.494050393473335
-0.958964103800796	0.471292423536398
0.0448489957969647	0.0325255880202932
-0.336648559700387	0.292517473559693
-0.778988300746361	0.781955589164024
-1.12230169374508	1.22835694271926
-0.651869804960869	0.45035088323566
0.172247224842658	0.0837781528609767
-1.47129756633403	0.741779531267693
0.565724605461595	0.329847491862727
0.0185482701324978	0.00949223294032964
-0.16129170087522	0.105800450674999
0.586955486943078	0.585304548583599
-0.705966407478926	0.716105045018564
1.08548318171839	1.26574902527353
1.12360305611205	1.71426360447481
-0.255435270797854	0.158272692558093
-0.00738770679730854	0.00339503956351295
1.130426571076	0.865046534289387
0.636110739222185	0.335990911067588
0.540732742926767	0.563452317551989
-0.624039090335847	0.861503815868484
-0.0924337215395056	0.0747851066119116
1.24649149062004	1.86254752565503
-0.0168125036760133	0.0144231845473978
0.375864354855236	0.350919617408125
-0.321432300572501	0.276610035437085
-0.538978291024839	0.625809642059295
-1.48133388948051	1.85877944500995
-0.226662526741346	0.199193075755265
-1.40419977172906	2.03919181794359
-0.335910203511719	0.314623706246252
0.0121797530608596	0.00821403968578452
-0.121756226878917	0.0841276182950911
-0.419172248267817	0.408771805404828
-0.518291732331826	0.503386568810085
-0.713217489914682	0.726048576598964
0.0749641708865645	0.0465343987172847
-0.0364443281871355	0.0225350520770746
0.191057744307126	0.147102318015228
-0.0427681112170278	0.0264347926258981
-0.866588079551082	0.787681093532892
-0.52247855060625	0.325918988447468
-0.557263346257214	0.401180805717284
0.135770180623553	0.11567316732743
0.196304812453792	0.146504174581671
0.487812743504042	0.537528136866483
0.105572171619746	0.0749665514295072
0.549313969863191	0.556011950104748
-1.09528692478362	1.48658196814075
0.678254584441261	0.794725884872439
-0.0408810700501	0.0252745056182097
0.48115530084221	0.328403347591293
0.384044010342967	0.195244512436863
-0.612443783886011	0.541468473703684
-0.689196608387166	0.647826353436308
-0.0831866766473877	0.0656108576475518
-0.727133015016751	0.834624549082877
0.623017012868421	0.771694887209397
0.178361974960982	0.10330460216089
-0.704386334982379	0.240838421723177
-0.120267892826166	0.0670997592843357
-0.905465549014631	0.654621942243479
-0.229401830488155	0.188431966844553
-0.104326520373232	0.0815585198275957
-0.319391345708684	0.223890938717129
-1.80368192120879	0.733397419313707
0.00157847092932012	0.000592676278629152
0.18882812715077	0.109884100352802
0.534566956929878	0.464272795961981
-0.774377923309769	0.719818408179968
-0.278039411118307	0.221176359701215
0.205935184378147	0.154455851248416
-1.24726472817323	0.559011907940013
1.29951951746425	0.722783174003019
1.48400043644249	0.933532764215707
0.724126612980306	0.478090959247994
0.198331385135491	0.158300463887128
0.364295863749729	0.417213305477335
0.733920435957926	0.931240958462684
-0.18585490322679	0.156292248396464
-0.657799194615468	0.751326419053004
0.660820583140176	0.79073226840083
-0.52244824372019	0.576168633863012
-0.119584498166063	0.104399129469937
-0.951370108102153	0.922658031828785
-0.515140718168064	0.499557703914174
-0.0512580724643041	0.041916088639263
-0.464205741962574	0.486764366863459
-0.770472932479917	0.714781093461482
-0.179967241179057	0.15075070134318
-0.249274259445169	0.222611212645125
0.0629452606351869	0.0499048749064689
-0.387478818685149	0.303543305709532
-0.331903675230962	0.262754641802811
-0.367238923036632	0.284732531057514
0.422031606533123	0.335261425278879
-0.595120138823011	0.614440872151371
0.176366979017139	0.0770178487815962
0.814114063846336	0.49131872632884
-1.30036399298418	0.804400409542806
-0.0735090822463207	0.0524137554973561
-0.535844396349039	0.55298192125777
-0.0188842494960461	0.015880423155342
-1.20076525289915	1.97335752404667
-0.159115998207382	0.122395575423523
-1.01529961268895	1.12664547552836
-0.312886914704913	0.245002201129479
0.322591031999438	0.223121716131145
1.79992365131976	1.01451500838487
1.27864934813085	0.892470123700173
0.68461149294852	0.804954224565328
0.431537245763663	0.32686775792083
-0.406715081096158	0.458890935465998
0.401216670522803	0.432247132557837
-1.12221611835785	1.22924513759763
-0.679306152926729	0.58816240013435
-0.172107699830145	0.129796548110724
-0.613158918177153	0.148231887572971
-1.46980732886653	0.741161633974911
-0.120236251257486	0.0428246322371381
-0.163120600328029	0.0861991973209394
-0.320357537509158	0.252009136569381
-0.0651081810182974	0.0391360372556108
0.341905320177931	0.347911511309545
1.05905486495585	1.46056336713061
0.927419410674345	0.504659925072578
0.178787984503471	0.0781045436291741
-0.0384157113837371	0.0165086541038421
-0.556915976991795	0.40085239799033
-0.245692245272067	0.15157045163369
0.380255193178656	0.41290326908673
0.070281623604476	0.058514830748626
-0.74864983176371	0.997509626762776
-0.486515521815318	0.62610156206742
-0.133365511521777	0.123753342149737
0.294373226308432	0.239349477685053
-0.172223664763177	0.166708516735671
0.198730577793144	0.130682832380865
0.116847221825603	0.0914282555428142
1.00156606586447	1.58687455704669
-0.184131558762007	0.150823820339978
0.622430732327307	0.749658026383859
-0.216890374014633	0.193959187510102
0.151123512520061	0.133211521379843
0.118631773609256	0.0953602701754366
0.655093432441165	0.69292310814688
0.297528965486242	0.23347277842242
0.594964571789661	0.572096526623525
0.0429819881659756	0.0236207390077564
-0.424046997559416	0.323124975762979
-1.27076290221305	0.572440647841332
-0.749152599446099	0.324297859639446
0.41751595322331	0.18993514319526
-0.292024976654658	0.234300328302558
0.15459841224745	0.13952417716697
0.194333671277713	0.172088421112287
-0.273941491720179	0.196630974765033
0.41844975788092	0.433201909429466
0.201888485936655	0.161497332567261
-0.309988366143175	0.216135762198581
-0.491050010980567	0.36626038641888
0.808298960041368	0.641336674236822
0.0129599413507631	0.00672643448881736
-0.771113587631331	0.715408215936622
0.0962841610887581	0.0656706336630745
-0.770535445509787	1.05164223670747
0.628354823516202	0.678784300353059
0.127995568003031	0.106086261675362
0.113259363160898	0.0834675613403205
-0.0753438397379853	0.0295740127918997
0.192121058439908	0.125967581215054
-0.664323120961121	0.461542093337235
0.164778629348208	0.0313374327003096
-0.0723431482158385	0.0284413766788247
-0.963203137483881	0.474264483848952
-0.0054475597271086	0.00252748225449873
-0.0134259569989049	0.0060964670015877
-0.504349184886024	0.312543571885612
-0.057373808463293	0.0344651944359634
-0.614206104379299	0.148455859250315
4.19106526605984	2.03635503747386
0.184338509014023	0.0553315106563962
-0.387483346568679	0.160712439003192
0.176590663075817	0.0946285967913675
-0.768859008172056	0.820123820199084
-0.498339682173269	0.372892198596664
-0.342213517551965	0.272375046761896
0.116663173098897	0.0912174494745339
1.07282045377657	1.14274777293845
0.202240650287643	0.166639676500795
-1.54564168279887	2.02539534376635
0.672399595113334	0.613317873466763
0.630753578617637	0.48068888006805
-1.16628367726683	1.5614612145481
0.585544366811492	0.583382416315906
0.612441341465638	0.677950193815812
-0.6265979879583	0.597656340625276
-0.467281322154636	0.391780115250776
-0.765106094675406	0.814860587863778
0.925067387065997	1.15178440732361
-0.668770525889339	0.523911368205187
0.316881616225807	0.218566774735006
1.41746709266019	1.10177533937673
-0.478295709682774	0.403305775589974
-0.612487701707529	0.148134994320372
-2.04716996398721	0.931539307482038
-0.956647497357864	0.470277276364035
0.976147138494849	0.66450007289395
-1.07237817631446	0.724010357469547
-0.906065471991989	1.07212025138485
-0.585847281408493	0.471472634759448
0.924720051530972	0.803512591236549
1.34641257643118	1.5848428762366
1.51230145957241	1.99573934097737
-0.433592553075417	0.284150177153557
0.169684850997609	0.0656657829114308
1.58932551992224	0.797901086619759
-0.900508970249407	0.64951569370751
-0.908286171588778	0.657109354244195
-0.17334084728082	0.130811001162799
0.374611605148323	0.338726073761587
0.532117739236694	0.46117403966983
0.739530473124224	0.490945528555686
0.426350828039547	0.339472966171204
-0.247140348109728	0.152612088466708
-0.544397756938755	0.564671362823634
0.967271104517323	0.256176548116206
1.10121378242392	0.679152402229459
-0.0752177151460479	0.029563691770673
-2.1853789167769	2.54405892281035
0.349097240095351	0.213400002340584
0.204618115385796	0.147693169646844
-0.0881436739454019	0.0512290321671138
0.168550105131561	0.0578455983856731
0.556308696676708	0.202195250417483
0.549160121479864	0.19934633555332
1.05125379584884	0.401219589028037
-0.311920783904066	0.184816107147432
-0.88510072027654	1.15446387599458
0.0453131780929017	0.0347558772404908
-0.240792423896809	0.21372184235417
0.51721024550063	0.530782449967648
0.466768718407967	0.591452760819991
-0.144736684149282	0.110456406555813
-0.0655683902547464	0.0531364422965316
0.317131984409737	0.218795636329703
-0.452555892942931	0.415539901870596
-0.30048036299216	0.262999823013372
0.071214818932265	0.058069113861772
0.377195988445688	0.341595396737209
0.0552571517933652	0.0425514588967496
-0.416948018614112	0.435446409536617
0.0338098967347983	0.0244540162279935
0.623000920912844	0.750652130084468
-0.463480650817554	0.387930776950913
0.351709458082858	0.333001020973893
0.0431218332364673	0.0236700665613432
0.310440048291887	0.213401022245104
-0.596232467636316	0.284246278190142
-0.372546030388592	0.154162122040001
1.01587522304805	0.835507711903499
0.10634304219294	0.0755832789785771
-0.031996543139596	0.0198111844434299
0.150605861367063	0.141045901208267
0.147382082049796	0.129512439328614
-0.850921852636906	0.838223124107232
-0.337286769112487	0.337544501463952
0.867181341891631	0.793347556608446
-0.215623300292631	0.106356244611593
0.174536264935212	0.084842282245117
-1.13879098387899	0.631314368353238
-0.694151908676087	0.65407542117378
0.981315490832254	0.973860525006129
0.26855485029211	0.272931067834556
0.116319117726136	0.0909425211094394
0.0157424630599123	0.0128811025220687
0.029407993467742	0.0205536443281536
0.362929817309486	0.346241394205937
-0.213268007398652	0.173375801928266
-0.249098119520416	0.153861154034407
1.28997520996975	0.715741627753249
-2.57554526884402	0.666976966437407
-1.11884555197394	0.337481516657706
-1.50189389559208	0.534121741351592
-0.32485451718176	0.0931499749349684
-0.494529560091137	0.186168233300829
0.176366979017139	0.0770178487815962
0.0259600672758794	0.0131407567422054
-0.0948952628205434	0.0552365200302686
-0.895955075568261	0.645146414885663
-0.713927771586338	0.244486303883557
-0.608428787479893	0.147248610626808
0.181837521716867	0.0460537144756759
0.17133310499009	0.0662650406914928
0.330285768512099	0.215486726978218
0.188286443539174	0.139842872195018
-0.882595881388591	1.26045216875206
0.00991215018454199	0.00792627020441714
0.70252392638946	0.875234047590553
0.657499612129185	0.696532642542735
-0.424336960864006	0.361991331197392
0.188191410634243	0.144649871135748
0.350334266881937	0.195873033319672
-0.0189203157602294	0.0119725532585042
-0.627211624530049	0.758412899746493
0.679965064735898	0.797585453322743
0.385392414068764	0.339115030135389
-0.032562566071056	0.0271641565850363
-0.00416611005081894	0.00265242988820968
0.634591165081487	0.688366810593507
-0.378823431811106	0.354564591836612
0.189804805931803	0.117592457400492
0.0963252109542781	0.0681311905725607
0.339222475445427	0.206339524808826
-0.369405297882831	0.250985557338541
-0.613158918177153	0.148231887572971
0.172309731920116	0.0439046529437047
-0.0334623755679657	0.0144507270503359
-0.376872629723701	0.210437787984275
0.606629808138533	0.587339796818434
-0.192582683508211	0.16268942318322
-0.503561644307945	0.525913112362389
0.333529783872171	0.217931070838324
0.478621285033149	0.454999773816749
0.630762674516601	0.332500834661757
1.42277954318438	1.10736189934316
0.418124191593371	0.190432403941076
0.470602913949207	0.191029730454952
-2.00719217739849	2.08068658614882
0.861460646439938	0.785915274982872
-1.52125575767884	2.18444289617661
0.519765363570326	0.46813418455538
-0.217349195045937	0.194256225079874
-0.212867299633459	0.136695597740387
-0.0145955796085357	0.00930285597686263
0.184449914372055	0.107144260151076
0.723933132238692	0.342825309556924
0.177213407365222	0.0607096221135792
2.14161201065848	0.968534834276604
2.76109157462938	0.779871501961836
0.181159179759352	0.0458876218072277
0.18374299244507	0.0464795790495071
0.419096667566682	0.190936271239809
0.836448935576852	0.355028318228606
0.41515167551655	0.188855063152762
0.21483397903539	0.161877633464541
-0.564023169585875	0.646832023427905
-0.428617885940621	0.327380553386228
-0.292126512705795	0.23431863916887
-0.613804976594409	0.148553206549543
-0.953211925092865	0.468022485472429
0.0620773281910285	0.0364308667541823
-0.448879687640485	0.296156488410207
0.821871416817317	0.49699538876552
0.967271104517323	0.256176548116206
0.692481142426252	0.221366284684109
0.184338509014023	0.0553315106563962
-1.5026235657887	0.534584753118728
0.81669563394866	0.492872188070568
0.19534415516121	0.173072792636919
-0.993436693392802	1.170683094594
-0.497155756487198	0.517208563034794
0.287301512978775	0.248321142210269
0.196309075070642	0.146428093313001
-0.268040032972594	0.218886401028149
-0.143409966055027	0.124972040048086
-1.20396173669954	0.896619845434157
0.314995682254751	0.228610605616262
0.517823647686408	0.549107364116035
-0.171633298070949	0.142971151427931
-0.710176482838019	0.765759820233155
-0.714008516114305	0.771310605196657
-0.367419167566645	0.34150546526079
0.112052051342098	0.0850151362529989
0.111783649084533	0.0848219392563408
0.298808434532473	0.251868992848312
-0.687155763394686	0.596998953724668
-0.778090929040693	0.508990523086877
-0.316543973141838	0.187800798537372
0.682339311812087	0.217953944354753
0.178049240810411	0.0452053813438565
-0.614206104379299	0.148455859250315
-0.879891222608069	0.723551643764995
-0.516999624698685	0.424857197151369
0.125407217815434	0.0958905649289936
0.0170542040464355	0.0114554895544507
-0.320896382644833	0.225064165275523
0.859169866353688	0.906158834751592
1.05413574562116	1.00398315649572
0.824748414991255	0.499304280793966
1.12723785462602	0.860643950921545
0.174045724149933	0.0524237595938313
-0.414441514267898	0.351703139999569
0.859439111731959	1.01497187512677
0.452168309774405	0.45185450588282
0.572163607686665	0.65748915489521
-0.207378420413091	0.172522239171451
0.033914891268343	0.0187125879064733
0.503954677900536	0.449757963298116
0.882564803797245	1.1179844291241
0.0133265495080155	0.00688955332048984
1.29027214559068	0.716718506459607
0.17180436715338	0.0517394542845904
1.54364853040439	1.32351449719639
0.66115521547701	0.702071070825612
-0.0551110832081819	0.0330851828905058
-0.324048875755236	0.255462400625508
-0.425298801666805	0.324428562385577
-0.93815262677729	0.983566544802354
0.174475669439187	0.0849495131059441
-0.0452231971480022	0.0279606823424923
-0.645628986076959	0.444499988638572
-1.19852270618412	0.891538418323779
-0.118081957012227	0.0658619258829891
0.195359421772792	0.121343977424614
-2.76175669458631	1.85112386631926
-0.961626957296919	0.473097683549944
1.08812238033157	0.531473938923238
0.0664674686028262	0.0390335233050036
0.0715224801095156	0.044407215545847
-0.597499239085861	0.617802083354555
-0.718233542661039	0.820235471118592
0.361830926858396	0.344890458182858
0.45907498992368	0.446278738704638
-0.334390181109111	0.265102211374083
0.0895029084873024	0.0631154433493316
0.400765625261084	0.342634734803451
-0.555633487489338	0.399717203255017
-0.832191260649597	1.09262531649733
-0.661357534643498	0.757081671366442
-0.0917585059646525	0.0643093712260084
-0.333364044367633	0.289010702583488
-0.325399309553051	0.25660207970161
0.554391649191191	0.462447258884001
-0.368466705990461	0.285784285289236
0.457575575210302	0.444586686660202
0.191640332511792	0.125654425243975
0.322618504996544	0.223102679139679
-0.233229059551116	0.192044586483628
-0.368777394396378	0.286182693705132
-0.0649333096273064	0.0256513420755379
-0.373381378634024	0.154387683701127
0.0397493630486623	0.0218973544131967
-0.129330057763027	0.0896596812776323
0.483298788818326	0.460806056964108
-0.548336499518231	0.491194133550889
-0.732228913547157	0.885455744140495
-0.52411585341453	0.432150865452563
0.39030645559377	0.344352379956503
0.438623588320863	0.333634654780173
0.810567567961714	0.770049731356869
-0.654151370436236	0.452525628376599
-0.76039608890485	0.494205024918399
-0.685354840606487	0.595031010789269
0.608075700995554	0.490972919285469
-0.0187038809812338	0.0140679664583101
-0.113893425795558	0.0784108054595246
1.00714227809547	1.1069327048046
-0.0317558329882926	0.0137401825492043
-0.111956355339857	0.0769827645722947
-0.0880586707917948	0.0511476689157242
-0.239772452344065	0.175742439761195
-0.368092451574489	0.249808403050775
-0.767930363582943	0.413988438398017
1.59158476389303	0.799305203801273
1.06063740894654	0.405466440477548
1.05346208699469	0.402359762312703
0.176366979017139	0.0770178487815962
-0.013829608270861	0.00627887143013585
1.16757639844884	1.44453572438978
0.300054443086598	0.253278511953246
0.495235932957231	0.339819154376271
-0.089649072536187	0.0628048396750791
0.364110839619014	0.204365919281669
0.184620959306407	0.107089290321634
0.49517037396337	0.340191977764853
-0.0552236978231542	0.0331732525552822
0.577508162492929	0.572621583338037
-0.318474838015632	0.189226529528201
0.630753578617637	0.48068888006805
0.203725261364787	0.152588793198716
1.56434567646569	1.35193242581411
-0.10730386829992	0.0736078842484281
-0.309117361404103	0.183050010487722
-2.76147084561323	1.84911995319129
-0.303530888967933	0.179182807067658
0.194614755108435	0.127740754108364
0.495349303528456	0.340512065762279
1.02769997829349	1.23025214061152
0.417934881265006	0.346387682767407
0.846195182151953	0.993009294364828
0.0791445220436274	0.0515459137489849
0.193886656067684	0.154336668891096
0.132424393192337	0.101591805983208
-0.272589236724461	0.195441983518622
-1.40947292722981	2.0512551356372
0.187990761903542	0.123062928449117
0.404306784277132	0.359526154266333
-0.0916789873578324	0.0532798543162798
-0.269902232647598	0.193328659550467
-1.17764166750505	1.1989744618694
-0.0771680709372774	0.0550740660766747
0.316836325166538	0.345680764017366
0.486851579189651	0.448484725616962
-0.888653778943184	0.733375211912291
0.185012313880755	0.114563961545207
0.49181576165716	0.454217365505631
-0.58625519363978	0.471425680016501
0.704276972145815	0.616331587921007
0.390598073359247	0.344572661965575
-0.885978244263963	0.73007320658959
-0.00276541298989247	0.00133104149124099
-1.1938451413554	1.37567321420851
0.658838391413302	0.698444583727582
0.106478695439554	0.0981701474164182
-0.294435606891148	0.236537271060352
-0.610693908626076	0.700464627721321
-0.0436822907017718	0.0320756942169271
0.456761882038233	0.330340882333468
-0.523137036822438	0.43111388829978
0.809873489289693	0.873984641110974
0.799067048238028	0.754219984914864
-0.341457027950606	0.297546530412885
0.29991858259158	0.235573281155213
0.280121070408859	0.248158863226071
-0.216332618126134	0.139175766897533
0.997652072186811	1.57732744434535
-0.154914979508777	0.105211860921646
0.185066466257732	0.107523278182693
0.386252272305743	0.34002670434704
0.329880582577819	0.215130623179511
-1.14559669877623	1.39794053496295
0.426457715328082	0.339505287247941
0.0501612502307629	0.0294489460551257
-0.10816452236877	0.0742560193836313
0.18608091732399	0.115195043507507
0.808371877249626	0.966530536966116
0.94766586078678	1.06763628064299
-0.435565323797263	0.285690729193595
-0.173759655238901	0.114655589044417
0.192981481437968	0.138461434500214
0.19843774741387	0.136901197865988
-0.139929890941797	0.106439818135643
-0.211245648000963	0.157800465095726
-0.0623779241851234	0.0557656388977026
0.189517425732949	0.117534682221949
-0.74461910719638	0.321949104009387
0.558290858311165	0.324471080326687
0.545282959725496	0.197930364047729
-0.321011266565823	0.0920911495247304
0.462455851529771	0.187506184046943
0.552010634561459	0.20046264360567
-0.0360161032375173	0.0154951457652387
-1.81184543265151	1.13093679067077
-1.1334268857878	0.626756230954294
-0.325663137440616	0.0933864485177264
1.34462745304393	0.59438308976983
-0.0446172027475156	0.0190918392342797
-0.583451145316434	0.468838194368332
-0.00817982844492831	0.00704636740599078
0.0757963487273789	0.0646380594348821
-0.789230399411551	0.738523914667871
0.340198448665671	0.222989977363613
-0.433982381930026	0.284546410550797
0.1135077054238	0.0809454444560408
-0.0410632080521534	0.0176029933793664
-0.00231432572135234	0.00112162734409022
-0.931278044000853	0.564262861052432
-0.465620732700254	0.240789043141382
-0.124619577057719	0.0695190922927344
0.110067427674548	0.0783533504723608
0.0651017205436077	0.0504066119780403
-1.11299976688602	1.52215845622594
0.15269320109393	0.131704918098227
-0.236444984459569	0.227093318925706
-0.15248584450006	0.116874153204089
0.292780237567819	0.246066746851965
0.474459382143233	0.4501593284677
0.328520598027343	0.338940596551335
0.702757198415164	0.614590133374402
0.374404056817617	0.349285632611906
-0.281573852596205	0.224524525324058
-0.314634814084664	0.324203918139853
-0.339914105052669	0.296041876972652
-0.499338499670444	0.45390672533539
0.29008927774951	0.251200278833121
1.18229610207237	1.47242339386377
0.32466175066733	0.211135848957027
-0.559281323645265	0.402681062146649
-0.41997621428494	0.319480012502587
0.176638269372533	0.0683893603727975
0.164484104582219	0.0800288022451036
0.462423665851212	0.33504435050612
0.120410174151159	0.089062021566929
-0.43032025428596	0.328968245802359
0.267317348005956	0.241282545747372
-0.515356035884296	0.423018346365643
0.201296170352506	0.165758238509455
-0.284872147472963	0.227624912786641
-0.473417787924491	0.398228758522624
0.660646345367755	0.599217839697129
0.168057187890037	0.0732756288917938
1.04934986757296	0.997423035767083
-0.698347738384375	0.705414989895857
0.572736744931572	0.638916460013047
-0.395345830992574	0.390841849169315
0.0636712633224197	0.0492658089568
-1.19352042638433	1.37414597927422
-0.17637520274032	0.133361326261851
-0.850542953719717	0.962692365274818
-0.854617816756356	0.844350928994084
0.303431173768136	0.229246429873795
0.570510778303883	0.333429846078254
-0.626220365410715	0.365250856992385
1.29871865966293	0.723016045146199
0.549225010517651	0.199456707208777
0.71503477840043	0.337624289933587
0.161745019153901	0.0705745850951094
0.199093054432729	0.137342871503147
-0.16841862024712	0.0891079497705819
-0.116046448412945	0.0913627470558149
-0.20451753117069	0.13090066866932
-0.573752044033909	0.554392433910124
-0.773700202225862	0.718840181970411
0.191317218615809	0.125423597069995
0.898064811574811	1.03675144361954
-0.128899486966212	0.0865143515541248
0.333835672673505	0.218191579762511
0.746352988510922	0.623432634273171
-1.21492786730461	1.55468730926107
-0.258498435899069	0.160300084988976
0.627699945463665	0.588016285570382
-0.775498955706612	0.658922578039502
0.314125502461764	0.238722863501637
0.922022202468379	0.799525911837721
-0.285131310035854	0.246983087387303
-0.326043908260378	0.0934449166225896
1.30243340405806	0.725293281067362
0.74524072726059	0.495580748468074
0.601036587356336	0.580063808903362
0.669103006987936	0.477559125426197
0.180845714650258	0.0543398759613664
0.165088029467664	0.0313824661178469
0.966736740010186	0.256029100393941
0.186752657299631	0.0471525522204707
-1.25951281700706	0.566150737089227
-0.0120273838010807	0.00769322991245045
0.183088029036401	0.119507721585313
-0.514169381658381	0.49835861605171
-0.173158869086554	0.130665427942433
0.808595694326765	0.966821603723772
-0.149355170892959	0.101157800781061
0.195818273304172	0.134937965194337
-1.58247624227933	1.20196300454179
0.179047658542739	0.0872659087278267
-0.149113688198997	0.114098482510326
0.202803834349286	0.184947681341984
0.401674297334933	0.343765986990289
0.124253668937603	0.100218018835522
0.982497907755401	1.35140446358048
-0.536372715253286	0.553685892731433
1.49532311641431	1.50773533185169
0.193638443388304	0.120270354876691
0.485306727353985	0.331767801534955
0.926927198579815	0.80533519325618
0.0347092942952109	0.0191231098954947
0.187435346122179	0.047292837125537
-3.45307509546519	1.22686211973226
-0.376769563328837	0.155817699907409
-0.031976720326019	0.0138411032728355
0.0370149852911019	0.0203715629540441
0.176098350549899	0.0942632983693386
-0.0495713471109914	0.0357800563615589
0.635572432194844	0.485849764587682
0.854292364870104	0.899196130605251
-0.0723431482158385	0.0284413766788247
0.622692488238304	0.327561992900102
-2.09424731911706	1.58621532281685
-0.0733809977579849	0.0288349533476671
0.493288643984825	0.338007824974338
0.186030765662856	0.0998308773345999
0.0136138220627874	0.00863492927772629
0.312505724034241	0.226386117464373
-0.866628167076996	0.787641862023629
0.0547759293551938	0.0321352127707975
0.746980165830829	0.624123243562095
-0.701416615013807	0.663616408328967
0.186326471949777	0.115437780355559
0.187984352048437	0.0474280610765032
-1.11957460536364	0.337866341493547
0.966736740010186	0.256029100393941
-1.79346061997896	0.390723019452767
-3.07350260546998	0.94852963330217
0.180484451327502	0.0542489043189748
0.471824602510079	0.191574432510034
0.467988829489435	0.189821643305222
0.559902083374768	0.203417362657743
-0.327498449554433	0.0938114370055266
-1.44661163145394	0.995364856999185
-0.016505919843225	0.0104644735216999
-0.256382375107705	0.20793438759987
0.195684903327891	0.140607462697428
-0.762698601352822	0.811031225985819
-1.04265441484139	1.5311831073456
0.942261758435073	1.05929647830117
0.20326845526555	0.152276204615284
0.386041911738438	0.339800125618498
0.360198160676296	0.332958518941089
-0.519264779356951	0.571991872779944
-0.715674274908623	0.856839955941219
-0.369441071863176	0.286634147807208
0.620743031732386	0.819780439868253
-0.49593616750897	0.515263515649111
0.0299652726185695	0.0245893297716311
-0.119439740301372	0.0425627602260846
-1.50848113268972	0.537019591842101
0.626319950606697	0.330229323722878
-0.774490750158546	0.418438127972862
-0.956647497357864	0.470277276364035
0.478397739307306	0.194394341145075
-1.49680843456756	0.531963842405938
0.967271104517323	0.256176548116206
0.547849333569063	0.198735489792453
-3.07454565876188	0.948489134275984
0.879111605924293	0.651990605854932
-0.162698957593354	0.0858996109390193
0.363816724820005	0.204353387883445
2.2651205763211	2.5186921131941
0.42966573778691	0.342711859028674
-0.278528756733732	0.126266470686358
0.0530589672753956	0.029117049719929
0.211648117078293	0.153232614901764
0.348663617317756	0.213178635693976
0.820919825582127	0.49618616069923
0.187836570781114	0.139496868594681
1.08453529927762	1.26478049278581
0.66240865364322	0.601479294115764
-0.768986725983047	0.820736388174634
0.108264677565548	0.0770156868675304
-0.330295420395835	0.232699623875643
-0.0523996713292235	0.0314732710594526
-0.127467601578692	0.0712475428549567
-0.120583415418288	0.0672368845727265
0.629700636224381	0.332373301642554
0.180036590465169	0.104451596164359
-0.123435296184223	0.0439193903519356
0.181837521716867	0.0460537144756759
2.13625724362141	0.965246201574124
-0.0100800849365571	0.0045997722163119
0.719788795827818	0.725281345676917
0.185725551810967	0.0996093577222247
-0.459438314705519	0.383461916054301
-0.929643804081685	0.564237157740861
1.51291065803962	1.9974837524491
-1.07394263571752	0.724545119739821
-2.04755645131174	0.931787975309293
-0.471046780339722	0.244225289082318
0.174415063218798	0.0525132560977555
-0.160592131009983	0.0848644186125678
0.186491546679017	0.115567739073664
-1.25837545908899	1.35756509443679
0.416731609009868	0.34530481870025
-0.445103045336181	0.293131246227828
-0.381018894944038	0.212828355565182
0.0392482702115867	0.0216053800880849
1.98508004930991	1.25094680123797
-0.215149837620798	0.105914941550254
0.183063896529214	0.0463401006276899
2.13772964310007	0.966515557948451
1.83941655550072	0.725786652717124
0.967271104517323	0.256176548116206
-1.7934287506278	0.390727439150181
0.178820853869998	0.0612698080138397
1.28135501163002	0.894543488445784
0.185813320888401	0.0557349268614171
-0.704386334982379	0.240838421723177
0.627337684770896	0.330166165181512
-1.96120181378939	1.35242957570067
-0.245657117173841	0.18061907213953
-0.697824223841831	0.65904270758667
0.474103816890535	0.44973781690886
-0.695482342138288	0.65601306112578
0.00270927879487751	0.00169083683288277
0.198589822756179	0.142903216621614
-0.352536397429643	0.347604414161179
0.303877326756562	0.257053408807353
-1.33766020737264	1.69903785484075
-0.129753612278332	0.112006976592353
0.127816689792338	0.103355598247555
0.330777092103264	0.215732800774247
-0.475503120109967	0.522993552785177
0.432916592912183	0.440013055415957
-0.776505220483958	0.778743168797266
0.18017594781172	0.0697236493754879
-1.24661008346571	0.558458309939937
1.8092624427797	1.02310970853185
0.172543826884755	0.051947286242732
-1.64921891972804	0.924552673430423
-0.509136390149999	0.192223132046506
0.383977660097754	0.195103157889073
-0.366795601394091	0.151414835159292
-0.647829237518888	0.446230127184493
0.526115587236675	0.335734733267837
0.713407955282736	0.337122359406939
0.176825054435177	0.0449204608148946
-1.11884555197394	0.337481516657706
-0.507473967831097	0.191495154180724
2.13569907952588	1.49585712606066
0.849051344453761	0.361335510776158
0.888622401294269	0.661262327958269
0.333804843054856	0.218191256275875
0.325464257834241	0.22541066023064
-0.517806022039378	0.425604525506602
-0.369453893534163	0.251133828298008
-1.41017807547146	1.68873403527073
-1.0688427892701	1.42963794270155
0.0148663903111754	0.00766412596464796
0.325560214408661	0.237422954505616
-0.0347634667926536	0.0215040915024691
-0.578934194175425	0.560876407248304
-0.181136497868467	0.13732437532314
0.305091314453871	0.274402562779746
-0.0623408065235918	0.0452220768107553
0.392311154552867	0.346387937655449
-0.244605532655119	0.179814286033128
-0.930108689461217	0.563975336573624
0.389547266862642	0.198205506754293
-1.81868694437139	1.13815852126547
1.29992838256832	0.723247600092972
0.713080057929733	0.336416201974758
-0.697547507150818	0.238387277313668
-0.0313760369647478	0.0135787659653561
1.14505791731167	1.03674750154277
-0.852895972060343	0.905732702652434
0.336112843452117	0.219972126246514
0.210135561632137	0.16362180995883
0.316586210052095	0.240852083305019
-0.0808628385677146	0.0469279002785648
0.41715164680405	0.189909355575589
-2.75665487020589	1.84134737657799
-0.00662195043095879	0.00305662615496935
0.385979536301253	0.196309273822158
0.591880840954128	0.474777338418296
0.596563986110493	0.479342724385993
0.398720254271282	0.340679937874101
-0.16589149228118	0.0877667004352538
-0.00705301940821859	0.00447612989930928
0.174014804538197	0.0523575676371154
-0.0860584626923724	0.0499545943093536
0.883207824696954	0.656326801705058
1.48792917536378	0.937233531845234
0.168689066094297	0.0819342857894034
0.476411326599758	0.193605628371283
-0.120844504686832	0.0430331190822174
2.76559849788836	0.78194178274137
-1.51363844949671	0.538983877530966
-0.202976861420011	0.0653350306430413
-0.763314027196348	0.410408341179151
-0.365376793227214	0.150864261510649
0.687001483078787	0.219402881860221
-0.477671374986816	0.248385719203859
-0.631107159240083	0.369493031113235
0.197369564030998	0.129642547500607
0.876442581373488	1.1065656418821
-0.2367645645141	0.173194395744311
0.846785162145293	0.993729980489222
0.733610212073357	0.826974707641351
0.603249060802318	0.664232843641396
-0.322490711663307	0.307230099719006
0.291590108812962	0.252636323879654
0.415503798848359	0.440808275065378
-0.71833998227306	0.820832686501302
0.198318596184851	0.148162739103833
0.111610440398999	0.0821842559170363
-0.106851532244718	0.0854804661632359
0.854764590503845	1.00744939246838
0.0895663361381835	0.0609041102186955
-0.280487342591891	0.127135696716412
-0.126167231806785	0.0449051936919005
-0.931195737715709	0.564407996119191
-0.173882695135676	0.131271491979272
-0.474362130892549	0.246451488074896
0.962553055030982	0.254827961566665
0.165088029467664	0.0313824661178469
-0.619231127581823	0.149804143358141
-1.25320475905138	0.56253612866595
0.550585584584045	0.199969616725774
0.492141301418569	0.3375899640363
1.59091675868759	0.798496332504807
-0.222579786970589	0.109904571932678
-0.33115064247346	0.0948450204466267
0.179746106686676	0.0540237006551008
0.160144755571284	0.0306956063740573
-0.701794429638729	0.239974906557054
-0.0687494786081841	0.0271025980024029
0.183714314852199	0.0985192707616615
-0.310735724975908	0.184201097534213
0.327170360301467	0.213242683676438
-0.651638820059047	0.450387343498247
0.198559201687361	0.13702495979004
-0.211559013168258	0.135769867052548
1.07549873396918	1.14623848786132
1.47761654407853	0.927202534162837
-1.13927089698645	0.631761428017479
0.186757184539534	0.115666196420245
1.69971585982458	1.97630535283648
0.41149493524515	0.340035568979013
0.0237832735762912	0.0159588844012068
-0.007315823857565	0.00557057773687381
-0.535194914833984	0.524894665842881
0.767553681960945	0.647237235481738
1.37974107328242	1.27763837559877
0.806905340531781	0.48507951115384
-0.134528493117649	0.0477776441418894
1.09607211465573	0.536383621441342
-0.619069360213747	0.149654914653121
1.83941655550072	0.725786652717124
0.167185281362506	0.057356503405856
-1.44693352994107	1.28671806773118
-0.581797112652481	0.27596306596272
-0.874475838279268	0.716787785625917
0.178361974960982	0.10330460216089
-0.222177651587396	0.109812316285756
-0.0835737478027275	0.0485255053599348
-1.49825523114142	0.532562193916483
0.162700260026208	0.0630116789469624
-0.923730271793823	0.55867466923088
1.08372318075856	0.529235641723907
0.314323204845259	0.228176839718681
0.337930379035002	0.221121066859302
0.289110707465416	0.234227799233981
0.185527893517156	0.099523319541249
-0.00236398211634251	0.00115226335024506
-1.32086564518143	1.0749326977753
0.927869863845608	0.504987594352111
-0.437638261766303	0.287253807175313
-0.507107257415835	0.191392547046605
-0.7085818841146	0.242531688950869
-0.618535635333325	0.149538863092151
2.76219840038386	0.780594539857824
-1.7934287506278	0.390727439150181
-0.613682540053849	0.148388769407339
-0.709319061175721	0.242738363206193
0.184697427143245	0.0554084744862393
0.559194393002298	0.203206497133562
1.05989643717056	0.405275695027378
0.689821397698691	0.220399946218977
-0.071721124564706	0.0282290366151533
0.389036768707454	0.197899736551828
-1.16628113683691	1.18172584813913
-1.11727637477066	1.22085417220167
0.18841107983201	0.144870526336982
0.382119572531061	0.347044432785939
-0.0017949818615391	0.00114268017262577
-0.204293785357379	0.152120847210219
-0.377098758367042	0.293891567507969
-0.438825647546412	0.399776827131863
-0.10115067420064	0.088705084749056
-0.0736182337852799	0.0524874315617013
0.0905871057177947	0.0591963654579896
0.202396323559306	0.156864932581822
-0.230269749301793	0.207828977476551
-0.857970328993985	0.84878576596245
-0.482065735088762	0.250443847897818
0.178049240810411	0.0452053813438565
-0.073724423019638	0.0289995321134745
0.182543222737303	0.105794571276706
-0.192319088112717	0.0619808040719022
0.18374299244507	0.0464795790495071
-0.0624189718690305	0.0246950218491001
1.47086646676889	0.49088731436037
0.186752657299631	0.0471525522204707
0.966637590266194	0.256126252544328
0.18374299244507	0.0464795790495071
-0.497555352228381	0.18744613056233
0.170590929435123	0.0585228740679515
2.15472296531659	1.51647700472744
-0.165796752983868	0.0875897428364777
-1.1182849071041	0.337405124817419
-0.999821957506565	0.395227039947302
-0.614206104379299	0.148455859250315
2.14736143179008	0.97159071386921
-0.922395777051095	0.557058503031394
0.975192400260931	0.66351569581516
-0.0729961375630903	0.0439178694169764
-1.20059137086056	0.892264718428817
1.37994365773632	1.27803893040859
2.54881831397372	2.38371431961476
0.56538664723172	0.329351199311068
0.552578174744679	0.460473643286896
-0.593436486531128	0.282510396671583
-0.783336201543733	0.596423698846194
-0.222277301902909	0.109704376103279
-0.373034401759656	0.253761180204002
-0.208032001531827	0.133337286227089
0.748099663787079	0.624873533539348
-1.9230147594646	2.804577179072
0.304665603609238	0.24922506547353
0.0581647322851466	0.0341035142332111
1.01432487713633	0.833505488548468
0.176102517366022	0.0858064043283602
-0.0000630463177629706	0.000136523753804024
1.05346208699469	0.402359762312703
-1.00943392667062	0.399735935116325
0.180107983152346	0.0541465694868784
2.76671632811135	0.782410087450427
0.426397409454567	0.19451490110927
0.463726163956949	0.336549319520791
0.98780168216921	0.676140417034434
0.18311164859427	0.106304732599949
0.92890657837814	0.50572492322209
-1.53083030831223	1.45781095784373
0.465447638247041	0.188843175028969
1.05952860814689	0.405011691745652
0.850785405310502	0.362239188979295
1.06063740894654	0.405466440477548
0.523412666211599	0.333536389626188
0.0626563614830383	0.0367621013898742
0.809139994108224	0.486319538275499
-1.05019563104803	1.09031381475074
0.318257718837408	0.219665147870757
-0.202745667556992	0.150826607111957
1.12223254985935	0.855622551362241
-0.0318237295746024	0.013765516574243
-1.0087269008198	0.399292934116808
1.47032706033056	0.490703617760438
-1.7934287506278	0.390727439150181
-0.699938932255418	0.239135424844937
-1.7934287506278	0.390727439150181
1.96684138854469	0.455504908505281
0.179379610621789	0.053891810235195
-1.25885564304551	0.565783370773101
1.3503420099036	0.597683064150689
-1.7950708830499	0.728293940093954
0.177190383264668	0.0686000683843296
1.10314402090056	0.680907227552793
-0.118438127870522	0.0660671075164785
0.199521165969176	0.173078443843243
0.198398950271859	0.130456263281309
0.466721008450402	0.455890081734569
-1.80251863337401	2.43711911526324
-0.0479162521260822	0.0345685274203345
-0.195474578290291	0.14482355624722
-0.574887287512299	0.555693105184744
0.00117357724811704	0.000721004369462955
0.644895656226894	0.764342285508916
-0.384709944063145	0.387912742902688
0.555696913691445	0.564674136807417
0.129563735789667	0.102115234814193
0.634174590485729	0.595905192155681
-0.0862239634789027	0.0500874236823138
-2.04755645131174	0.931787975309293
-3.45796583598768	1.22919156297893
-1.0051089217968	0.397800661254572
1.96276901321247	0.454520391574277
0.691293725798235	0.220916760169014
0.691745806165962	0.221041871886146
1.47032706033056	0.490703617760438
0.164778629348208	0.0313374327003096
0.16619130625606	0.0315431724784316
-0.135739913865307	0.0482074792784098
-0.119838421507322	0.0427012024156546
0.539245057444731	0.195523725648339
0.174541561886268	0.0598418639345934
-0.956093906046376	0.469927680828151
-1.7934287506278	0.390727439150181
-0.618535635333325	0.149538863092151
-1.11884555197394	0.337481516657706
0.687368688538373	0.21962274738387
0.661080466064828	0.470302667568225
-0.861809855830063	0.782144563068344
1.16139461852084	1.43318361370634
-0.14841251572268	0.100506329723394
-0.0151121450552136	0.00685323244987844
0.633974277292114	0.484223136691319
1.0125186518655	1.11501760180165
-0.228244356322215	0.166254577408186
0.688637326691298	0.220082192676685
0.368173154301069	0.207224031584238
0.297327873389168	0.233218263982896
-0.872699293516902	0.796461383245108
0.428283717298336	0.341362148516517
-0.579425140001641	0.642836612241854
-0.694706592093783	0.654685751391366
-0.602735145342961	0.657052428341524
-1.23144295314698	1.13684057599974
1.0706598037724	1.13830191273934
-0.906366789689809	0.654711113022678
-0.00086982135232304	0.000494831601262003
0.170756587466915	0.0743671945767462
0.687453672774919	0.21969379736456
0.551353578437213	0.200228094406705
2.76671632811135	0.782410087450427
1.13678653498845	1.02648074135886
0.634664504971216	0.334931236618997
0.0730262492548523	0.0453523184015435
0.659634963423624	0.59774260147136
0.733244063452583	0.485532368783322
0.374683395158952	0.338824655369169
-0.123220651484122	0.0438507532384957
0.172935900909832	0.0520977646892395
-0.0694116258185793	0.027342944103128
0.622204192345036	0.327229075576889
0.563155412309798	0.327810644817887
-0.246352315110622	0.198632100000554
0.511644786737058	0.458884230993556
0.328401036125989	0.227606640421026
0.496542374316913	0.459867235213044
-0.444474096571475	0.292695595129544
0.343080675992756	0.209103501149892
-0.559586857700073	0.403256160584923
0.553459142396127	0.201030755019039
3.6449477089076	1.4449787602644
3.27752825134246	1.12202020233476
1.07335679661187	0.410729305598899
0.688637326691298	0.220082192676685
-0.369407388516628	0.152715464291671
-0.608428787479893	0.147248610626808
-1.49608539149807	0.531478987360942
-1.31207758435968	0.815270980814116
2.76559849788836	0.78194178274137
0.848390137942497	0.36112999220408
-0.492157055509514	0.367415859325371
-0.493343369062022	0.368279240820321
-0.463123167609898	0.450178338305453
-1.27233790820094	1.54444681427646
-1.04317182503719	1.07964081428276
0.703300050489721	0.808271998709653
-0.226318952104322	0.164712419797087
-0.0692493432520532	0.0492856810410034
0.0287226025042911	0.0207725767768436
0.217177992462467	0.190624525137456
-0.7273586059799	0.835200925592534
-0.291200493181043	0.233536073550536
0.0946343794625373	0.0644950231974209
0.751496497446038	1.0081375958886
-1.19216374464177	1.37297723919454
-0.0580495627730607	0.0348746638387841
-0.039933076497859	0.0171395855662912
0.175645746259807	0.0765858336249854
-0.488373859239494	0.363734654098103
-0.163899035665711	0.107572641199075
-0.960633395585303	0.472527191542257
0.550229507129372	0.199823293779666
-0.0101726521518657	0.00463687278223064
-0.0157734442903693	0.00715377691448543
0.842402125588977	0.357919130643033
-0.319086727547559	0.0915432284448938
0.186752657299631	0.0471525522204707
0.550229507129372	0.199823293779666
2.04743872187881	1.94122338248615
0.177575994270802	0.060829694691139
1.02845644206242	1.23072779335032
-0.369791385667516	0.251424974793331
-0.382781583368458	0.21423197292024
0.544930490938392	0.197736218289966
-3.07875719123617	0.951227905765892
-0.613682540053849	0.148388769407339
-0.7021816537733	0.239962359868483
-0.220363971471556	0.108861197069592
-0.376841163646114	0.324690199367628
0.12713847825433	0.105315447481306
-0.488267175501151	0.440995286634749
-0.372898502033478	0.289916103496979
0.310281348880696	0.224779669423571
-0.324973102019504	0.28026100784511
0.857981992050261	1.01255657620196
0.0276776469740087	0.0139986979634513
0.334230849644075	0.21849006339628
-0.0160630839614832	0.0120844495502068
-0.431818328696111	0.424734053135269
-0.259424413396988	0.248151152405009
0.625853716332249	0.585620140910025
0.135740452853482	0.11833019881104
-0.0909722013386253	0.0749278736290619
-0.256197258528154	0.207852157352457
1.45898845874146	1.65539891558062
0.565521471580743	0.474436521386355
0.81624591352711	0.492517136377381
0.178820853869998	0.0612698080138397
-1.7934287506278	0.390727439150181
-2.45042763640473	1.36031793119128
-3.07822553691956	0.950796797182827
-0.266294066880298	0.190335669430523
0.0507115684501241	0.0278253875933366
0.0658929048311037	0.0535417547611419
0.653106130273269	0.690242607247175
1.92739574742771	2.98970769609545
0.593663037391172	0.570377720911563
-0.957201422835055	0.470589070838634
-0.465544060331117	0.241292589961914
0.175019473147223	0.0852220143151811
0.754162436705431	0.632611202112657
0.319424045578834	0.232322928785007
0.310964432322215	0.225184470115823
0.630963795704858	0.592198946449363
0.500563542812727	0.54070443310869
0.286601923279081	0.247572826882006
-1.23553345400847	1.14281575922555
0.195749090447545	0.140647908847794
0.933291093048281	0.813454609839212
0.00221989156072499	0.00087736290403535
1.84066711299049	0.726365639107333
1.09247799441691	0.534633070236409
-0.612487701707529	0.148134994320372
-0.325582325201124	0.0933470317045756
0.188667958543402	0.04756856032199
0.843777178831012	0.35876995680636
0.163596511212999	0.0561917237218299
-2.05281302393613	0.935366141453254
-0.197961486462631	0.0637876154388623
-0.109833798923581	0.039270877154601
0.369124478046951	0.207632732344029
0.269584936501754	0.250125805197557
-0.342172176659102	0.321792230310064
-0.0267498034510851	0.0166093564285191
-0.776777957804692	0.722471598113806
-0.17864848743211	0.13523308830291
0.300648916424652	0.236243499752345
0.209396574250048	0.168235555741376
0.197720399688869	0.152867771114698
-0.00437809523853051	0.00278660739884672
0.362284151565158	0.33531913617977
0.121731405251405	0.0900881324179413
-0.411978366661395	0.349050710578106
-0.607616914923858	0.535875715646647
-0.569907295668917	0.54931735607886
0.663806635164753	0.603080454997541
-0.255535822952137	0.158368332496018
-1.25847725986996	0.565797109462532
-0.201488120032559	0.149763801162009
-0.586487119267989	0.472127482879276
-0.26513061188134	0.189344086795057
0.185109993422158	0.0903539528071481
-0.508129899938489	0.191803653008602
0.343247700571541	0.20936018739523
0.350435623593463	0.195717310989113
-0.418524025690672	0.318129199947696
1.28419252736573	0.898198979802686
0.357143119621225	0.200264253350841
1.50384409275779	1.52035824614878
0.331391441701545	0.230050943477568
0.5282793217327	0.457239199686291
-0.216332618126134	0.139175766897533
0.810741421430702	0.488654340566908
0.849408948383461	0.361671672630261
0.416541146654408	0.189406706655173
0.161967011138176	0.0706072312179768
-0.487906936650392	0.440686015515776
-0.720337441178664	0.780850004920919
0.056402711269188	0.0423053714894953
-0.545046213365762	0.487406799661282
0.666527760236656	0.995582742361718
-0.393534957911194	0.424877696648621
-0.376432108730804	0.377502700617988
-0.327328799856696	0.304756418425367
-0.769858075235207	0.714034714325524
0.382778255143467	0.358861260382897
-0.0866478706982573	0.068431024801073
-0.713240642222104	0.811967696190288
0.202413333848269	0.166773955598351
0.654191855556471	0.86123858183616
-0.376266725661902	0.401075671895091
-0.165314770504845	0.140335233122499
0.966484169613275	1.36962209884365
-1.16693318237385	1.18227527711904
-0.624808832975381	0.754363879613467
-0.121839509207922	0.0841834566029315
-0.515984294817616	0.423426841418231
4.73313741130727	2.91204045320312
0.18938648848503	0.101726295572536
-0.46387540893492	0.240207182570739
0.204839042464632	0.147869306349789
0.60304148202447	0.737769657750213
-0.0494424318837112	0.0403936056872839
-0.964708588140892	1.19367199964696
-0.307728993511243	0.290411822947461
-0.859834134384151	0.916657008660355
0.596597851964121	0.574333017953431
1.7878528255325	1.40043544077023
-0.470075857935412	0.243702004865756
-0.283437383972797	0.12854159422827
-0.390965774674141	0.327056410937598
-0.294025872352219	0.236232548220776
-0.127692842791279	0.112178455148906
-0.0976426939023334	0.0839308512208072
-0.0377932484091942	0.0277018312332584
-0.365883574901066	0.36421373982784
0.631875769745844	0.593181065866377
-0.337369092166254	0.316316322215737
0.00203903300214813	0.00126665951694091
0.44100188496436	0.335871122827209
0.164612702182007	0.0565240034078137
-0.27385895001814	0.124115439703004
-1.25782089316011	0.565430196965056
-0.699405444382189	0.239043645886915
-0.122382795591329	0.0435940039887636
0.189579542508801	0.101862528543011
-0.0897013894391735	0.0521496610371354
-0.321741768636823	0.0922885496388945
-0.0905144180906499	0.0526334236679782
-0.124456628314587	0.0860881286919987
0.274124644879901	0.261573796235356
-1.19020486611598	1.73416275215267
-0.48091506969349	0.357025602525558
-0.151278789222895	0.102589751013554
-0.155894335706255	0.101976656463669
-0.205538088384415	0.153111810705492
-0.577668754374602	0.559249318217963
-0.0100598452951146	0.00647122441412306
0.772573011395115	0.854779542277938
-0.342313755767245	0.298471867582651
-1.23855035946219	1.14734364679276
-0.0868505295304846	0.0504501023850321
0.0722949698077893	0.0448751272947633
-0.120783916604951	0.0834132038178623
-0.321541705855435	0.225565162597793
-1.42978689594663	1.51270777660896
-0.469719051494229	0.243723707064199
-0.197633562918964	0.191693036040772
0.632581562206214	0.7666105701766
-0.380686290975773	0.260070418985206
0.0381065470779446	0.0209371138585049
1.86007243281581	3.08107726796799
-0.420568616669085	0.3579653254344
0.76319661303744	0.84017963902462
-0.17523811756911	0.132369021550021
0.113305461408576	0.0807768902013184
0.959801102054763	1.16519837944043
0.179479941018599	0.0614871969929957
-0.613158918177153	0.148231887572971
0.175155035311403	0.0527334069281177
0.837818282577269	0.355785005700546
-0.0340078812283072	0.0210479856480259
-0.0153655077158005	0.00979216997679111
-0.25508610316933	0.158030915124422
-0.669409080181972	0.524372404250116
0.715917264389056	0.338076201178297
0.837465225516326	0.355658923973244
-0.319817646410374	0.0917687104349087
-0.00275688394762673	0.00133305878739959
0.0857889369253506	0.0559848872960449
0.598008771810319	0.575869911642466
0.0870784419836179	0.0591694224280062
0.208410230359658	0.172364145576544
0.396340600264239	0.362933394391824
-0.258219722362593	0.231949603013809
0.946660949716158	1.06632381073699
-0.139433774874692	0.118794152825876
-1.07814205036535	1.02620124739181
-0.142443224384716	0.0961609656301006
-0.0917692166165884	0.0727234404607874
0.0313480211352368	0.0219117773803104
0.0707214787032634	0.0563230355488649
-0.0873799971784192	0.0611463650967421
0.404232488919306	0.332587243923007
-0.131305033917613	0.113437457862019
-0.0650822482104228	0.0462345193968305
-0.372134803750325	0.253306786923338
0.530636662016743	0.459883119943825
-0.368802619918326	0.250653224102812
0.436233611033725	0.349094929378353
-1.25716493894818	0.565002810504402
-0.125053616201947	0.0444647240620424
-0.090111782335223	0.0523949551738366
-0.522157455609863	0.430048590545673
0.299452564377006	0.252593426792292
-0.0352327460566592	0.0262408171892862
0.0319422170125122	0.0230912923173018
-0.10399760503098	0.0712682944526825
0.4078936496564	0.350263540443281
-0.132325257246136	0.0740225311422656
1.28374716081502	0.898146226280778
-0.369785540362907	0.152727540652227
-0.575846548897215	0.27289872822856
1.86862652949244	2.78686159262948
-0.560504201551224	0.536952440190522
-0.155199161101644	0.130847427164491
0.128773610154353	0.106803391175229
-0.115543251663582	0.090930872108995
-0.106132245552662	0.0728033353999228
0.681527044628673	0.703245714052962
-1.01172872362762	1.1208114487556
-0.31150607663377	0.184355396681939
-0.191951684587849	0.0619002672361887
0.549580771497717	0.199544396425318
0.687001483078787	0.219402881860221
-0.496879333423488	0.187181684059415
0.186752657299631	0.0471525522204707
-0.587967248458637	0.279712861630593
-1.13791977487552	0.629860214488961
-0.498865839031448	0.188033265127179
0.688185381402826	0.219868290083128
-2.44713598708982	1.35626581797842
-0.411301326003695	0.34831677500945
0.0215190779357626	0.0144407872158867
-0.328474003887302	0.306084942702286
0.0571921530917268	0.0335671082952824
0.0948892074792852	0.067082715457023
-0.11520249292922	0.0792892001302963
0.492141301418569	0.3375899640363
0.632340508532163	0.482181199991792
-0.431488339458818	0.282306861647633
-1.04380122485608	1.08039816065375
0.194581433634545	0.120933598545446
0.185738961097518	0.114966796204724
-0.76742158586906	0.413645886141626
0.856579501056354	0.902360063767258
-0.316422115887972	0.221446676009763
-0.770848604213783	0.872731449093402
-0.930748941554831	0.564123592403865
-0.200089693988309	0.148637012231097
-0.150023215622106	0.101660593769866
-0.0674805691324787	0.0479982222959993
-0.656128018950687	0.454277090107692
-0.576317467715243	0.273135189901008
1.04000862275017	0.98391907526934
-0.398697785493852	0.36643397934058
-0.267887608771606	0.191627032171471
0.691629771504339	0.601302449560488
-0.374660160243138	0.255013631790811
0.447008356729368	0.341442350929786
0.712927543244119	0.336393003965956
0.642902405294478	0.340410383081362
0.179702768329927	0.0695105798120936
0.175865706444362	0.0856644525448849
-0.483336522871938	0.359334385847517
-0.0929032561471617	0.0540391453181105
1.00686010093739	1.10637081837444
0.536877951986437	0.466607472592998
-0.157195864829887	0.120832458293382
0.384044010342967	0.195244512436863
-0.772077260504764	0.416874788022756
-1.66642479116518	0.939856405439305
-1.07804032470128	1.02512590886701
-0.904315602465655	1.06905221046641
0.208939756407762	0.167849172943072
0.289926179407844	0.258405637244311
0.9041906569312	0.923346537114155
-0.0690024731319326	0.0550322703546876
0.439933667378358	0.449369468837054
-0.0987313575408662	0.078569460085962
0.122742170979113	0.0963818143846308
0.376873421916286	0.352165267140245
0.205897901581791	0.174651468085246
0.113749097256014	0.0864151232181188
0.202177887395277	0.175720160960574
-0.368101154108929	0.367138535594679
-0.477997184397594	0.46897403962977
0.192389255204029	0.119377556576297
0.128562597307954	0.109119513902748
-0.143673397496184	0.122714041696996
-0.018804463906853	0.0118993889532343
0.825020739927786	0.78870496030292
-0.244023670694421	0.179256874037863
0.490533826330031	0.452532880771114
-1.80208785262641	1.61595225794618
0.471266579598903	0.343188815472601
-1.06975882114368	0.721410886446605
-0.0619965505365204	0.0372665479532191
-0.236515603315828	0.214382424788895
0.128843483015484	0.104240881411788
0.209416016155463	0.162999063718366
-0.0419589270001102	0.025942081880643
-0.851223328087074	0.963841048421878
-0.719625452428223	0.779741703355869
-0.196411843277753	0.145570808206925
0.470954859387066	0.343034137089578
-0.0353287509407519	0.0152289879718829
-0.137419147909174	0.0926182650468225
-1.3251435051976	1.50178224797773
-0.239861943132404	0.217913360321305
0.086318590783896	0.0563376534669411
0.620651317675807	0.605274851720376
0.0836472248888605	0.0567624636423878
-0.625339950428226	0.723278903111863
-0.644751261503636	0.696026197510714
0.827375020462323	0.901031564065841
0.168071883948661	0.0732963178096792
0.997481313905832	1.09110514861695
-0.288309473293471	0.131089578798347
-0.515991379228775	0.321336897222759
-0.044728194439854	0.0191481599536391
-0.116192263255973	0.0647365717262368
-1.09556663694425	1.05024794903153
-1.02046179422128	0.805252603393558
-0.217819440096499	0.107344179363474
-0.676568054356184	0.584852697995044
-1.41690757274614	1.49154716863596
-0.410881970189965	0.380583322934873
-0.0616731730434684	0.037070788255998
-0.0379466160280447	0.0162919906541534
0.381391442540851	0.193865546001056
-0.173688182243341	0.0920465725555207
-0.0324192985411136	0.0140226265067073
0.0581454131759825	0.0341368356445705
0.178314810274634	0.077899977517868
0.192574455636754	0.112221725009145
-0.368822318938415	0.286249382283114
-1.23986807245827	1.14810987219372
0.35204503112937	0.21526678549716
-0.253853289102834	0.15723591839214
0.307783580642986	0.222657097280796
-0.591290479930327	0.609376774542611
-0.449048855541203	0.446123667002158
-0.888008327754643	0.732726728609932
-0.335537274927789	0.291439090204318
-0.0681218499293245	0.0553009854417635
0.7357374613207	0.830214344546553
0.110933306652596	0.0790182385764586
-0.987707413800646	0.877606974613239
-0.64851041040092	0.701438660817944
0.881681469180988	0.654508424059054
0.0416795562855946	0.0229086200063904
0.587900354866796	0.470652995449514
0.706942756984592	0.619583482662057
-0.554904241095865	0.399074615552914
0.556420346500202	0.565737502933485
0.282520996004823	0.23587610569927
0.315520678725542	0.239976403298446
0.872028961727622	1.19645148809301
-1.32597099057499	1.3094439543632
-0.485552354751666	0.361331376878513
-0.781352604039572	0.665531643103384
0.637017172316165	0.599630274353628
0.448620921561002	0.342962505052935
-0.105427948273228	0.0824108598758581
0.0384222010469318	0.0286111526557512
-0.813148685470152	1.0056986159442
0.542900509080744	0.566389572972332
-0.261009074535981	0.212342498755543
-0.179658284065509	0.118876121886536
0.198190193435544	0.167348985758794
0.7417447596982	0.755417083022368
-0.471449713937808	0.460784382898574
-0.714286168530556	0.771842457575475
-0.145693842591762	0.0985660786531975
-0.630851117944708	0.639916751008567
-0.107215668865628	0.0944666165364891
0.269626019111856	0.26835991471071
-0.411114850368671	0.410723424968314
0.12037974902795	0.0861088133446258
-0.0488349753920036	0.0302050539466122
0.0445403936228606	0.0244879995489694
0.55900771297515	0.467354717892337
-0.376190921541132	0.256607004830124
-0.621791071510874	0.59110501548408
-0.447737982540376	0.410040321087523
-0.256092378804967	0.207737842518079
0.373836053935214	0.41354598982914
0.872697446949969	1.09962193344235
0.330072624731334	0.382613425974378
-0.0291348667598786	0.0216509293344469
-0.65073587731962	0.798016591044502
-1.14783637046506	1.617900820554
-0.691259608281047	0.602065705922853
0.550319725942797	0.557313548550656
-0.0530535331972683	0.0383388146534798
0.960817445944168	1.08914264678666
0.765961387186032	0.752664829529213
-0.368925049641	0.368167761027998
0.0431138112569997	0.0371330587941769
-0.782669653864782	0.667032705006773
0.452165119645976	0.524144362531011
0.514030134687231	0.543395931488445
-0.244017160779523	0.179302355475246
-0.274332809184707	0.24280445394183
-0.483209750569649	0.359186898363824
1.80315682564242	2.5750220428661
-0.988769466243841	1.16264084072917
1.00966018122115	0.828391721932233
0.445317529219663	0.339939616872763
-0.00092049323205416	0.000590359838780845
-1.03826735912377	1.16317610727067
-0.952705985561339	0.924958084578038
-0.455069214484614	0.378941565127213
0.8112082784306	0.770579627879206
-0.238079162870226	0.196507404761864
0.0850086567984885	0.0554670475111058
-0.616995231708225	0.710153244333761
-0.73960567655546	0.939389219890498
0.203687446781284	0.167929597151424
0.385382015627998	0.42032082750998
-0.189383700106391	0.173340675093991
-0.0604215283938708	0.0496620643573277
0.420335558718993	0.34886631137451
0.0287866702093979	0.0145437777186013
-0.458662800320879	0.237102941000574
-0.201906699363454	0.0650030146049408
0.808472743823944	0.642557979224585
-1.14625878245289	0.636222020457509
-0.0169594753009954	0.00767766580347002
-0.215454566972823	0.106134200966166
-0.76937290771924	0.581853193087657
-1.3203215396379	1.07625576311261
-0.130588459022303	0.0464095375974323
-0.170763527767274	0.0904149327607383
0.928388373312671	0.50540097797507
0.0429819881659756	0.0236207390077564
0.105696299659588	0.100904294616852
0.469092293124335	0.53738432240121
0.0545664465652303	0.0440373349790835
0.109514154281539	0.0779430491492451
-0.184986186917454	0.180985094000493
0.119273283609698	0.0958965268387576
-0.60285974312683	0.793493550428161
-0.0651750675530519	0.0537251313215715
0.943135985680206	1.25403722964901
-0.675074629778093	0.530693001926104
-0.00606224579226366	0.00280711454617771
-0.936668779165904	0.981651855839503
-0.0572343272369713	0.0414269021553689
-0.690613253145617	0.649855561165317
0.411686329916068	0.340115255244081
0.307712592973704	0.252092392533396
1.79856005662803	1.01350162417126
0.183063896529214	0.0463401006276899
0.818225444410628	0.653339801813701
0.191313891280794	0.125274418372562
0.311743503089625	0.225872776467954
-0.869313039834375	0.792221334658959
0.514445905919887	0.461942244806711
1.40743973260332	1.90088482326547
-0.463234480469488	0.239435722923906
1.80313109106826	1.01722318225474
-0.574818177078327	0.272328984058988
-0.925589440316788	0.560172118366841
0.0919576208688983	0.0625824935283673
-0.0166452037199813	0.0144206422732
0.144987052612843	0.132657806401269
-0.286394741511674	0.295195560863215
0.83323038778069	1.15465320183475
-0.159959868870319	0.138073371576668
0.576818711532239	0.792256822560918
-0.342901333088303	0.344628167448722
-0.856492981527283	0.911706741238623
-0.23874065651393	0.197189755472319
-0.153710594058701	0.144833831033505
0.322565887251697	0.339014488876001
-0.439550076343974	0.43424318799747
0.17923517840122	0.164155152216142
-0.339675330387772	0.318962092893644
-0.29248924274593	0.261780537276352
0.403110646493161	0.345216268972026
-0.424563745200979	0.415588402334785
0.150169565376677	0.132223870817101
0.036312307984353	0.0199926127365507
-0.860502716004754	0.780462663694678
0.568269319902031	0.331667325503379
-0.374367935902034	0.154859203967229
-0.900820843950857	0.648895023775348
0.275804050389337	0.250341973360524
-0.887710855161818	1.15990171049768
-0.220442009222021	0.232295341894467
0.654554837246708	0.717552973562785
-0.51326419454205	0.563075506390556
0.267262059552811	0.265673664994363
-0.316535920660509	0.27154291877693
0.330061436792483	0.215422889093603
0.359526584277966	0.201632385197288
-0.287571955733784	0.130642489782235
-0.424703147906801	0.323448365886667
0.518779529691325	0.623394266875937
-0.17885570241273	0.149738619535037
0.53165389643478	0.550821799123549
-0.0160828884070688	0.0122134681640738
-0.230136058143927	0.189140421088918
-0.781823199468319	0.985391015245525
0.20149637272696	0.183601350420779
-0.609028833048035	0.537374699332209
-4.70190654863355	2.77370126476212
0.419043048125343	0.190969415978327
-0.159514651521827	0.0842026362992158
0.169645523309918	0.0656773816007843
0.688637326691298	0.220082192676685
-0.19689123280029	0.0634436268958657
-0.462989216491948	0.239637587705142
-0.77991816173228	0.783494830304638
1.08372318075856	0.529235641723907
-0.0885890555172302	0.051491282229305
-0.333776180322837	0.289501828560076
-1.89514615812481	3.09036471864763
-1.61518394585571	2.69193657354213
-0.675208422950146	0.583016472362391
0.851861638749042	0.773152035630472
-0.660171995459756	0.515234544795934
0.319254702635983	0.220484756857152
0.184242654904178	0.10686123393004
-0.52228894658027	0.325830834087805
-0.856986999517915	0.847411319215095
0.0327355208324545	0.0228884697667001
-0.426338667534679	0.325159173518324
0.879111605924293	0.651990605854932
0.0610779215487814	0.0358185996138201
1.3458633244188	1.58243985994994
-0.988602749930983	1.39579048377299
-0.163752226835706	0.107534484460952
-0.114836999915269	0.0409889290231566
-1.15914301009982	1.16996029548849
-0.00810141838675342	0.0061446051929489
-0.306527275712128	0.289028698178725
0.259570955690259	0.245038469879197
0.0359186415644922	0.0198013772916289
-0.00550138069125434	0.00255673793773898
0.208560872453007	0.167507330995253
0.378686985416466	0.343291688091671
0.412407909694481	0.340921814079266
0.270210769305057	0.257045802968758
-0.121902365086951	0.0841732670937451
0.457351401005607	0.444297083314527
0.582643014549344	0.579762927396292
0.528211747642191	0.563617492324406
0.757142452092778	0.636147102299417
-0.383389188824411	0.331415922169673
-0.170193372970466	0.131751490570035
0.291236590704841	0.227642613824546
0.480254663568985	0.540735877850741
-0.203550420541609	0.151442055918045
0.217390073523785	0.190818573751077
-0.445091111317087	0.492000087657928
-0.368849925466695	0.342828565566721
0.200799645704857	0.182833223858657
-0.610743130804564	0.539533642601183
0.371880086985814	0.335673987998202
0.938751139528532	1.24535049380358
-0.457431832995352	0.477194270077583
0.268225083537759	0.260866261488117
0.102155217000202	0.0748290437712604
0.291653958918774	0.236768718545437
0.201466831894743	0.179223177479873
0.437371796242815	0.574923566988886
-0.236828857653545	0.209638350810725
-0.176090837135959	0.133120422518414
1.5777066733582	2.5895614773717
-0.686434220665692	0.595934187599602
-0.77834820804974	0.834804813261669
-0.131044568460505	0.0880413169863858
-0.290747763748364	0.277886615820411
0.0255922486921774	0.0178884073806755
0.193658323196792	0.133334604382686
0.90695535481729	1.22666677725474
-0.271210828088112	0.239557579494334
-0.137689536324802	0.128122670275584
0.0335571757138795	0.0269750591131888
-0.30342434248691	0.292511399554891
0.1043946366766	0.0788937795556691
-0.320342314857621	0.251961442096523
-0.129487677084874	0.10040760144305
0.110838441865161	0.0789373911040705
0.106440927098311	0.0756225204288187
0.76605941839165	1.00607355434702
0.43086173984102	0.437423823734421
0.568700807252909	0.733494945242131
-1.24985132466159	1.34268434423905
-0.729507918127621	0.921619696722918
-0.704353253078596	0.797917329173466
-0.0902742387795342	0.0715103973981015
0.181074723900231	0.158850997861626
-0.5270361493584	0.51455294780461
0.681773107116813	0.799711836757074
0.494123942313752	0.456944230447175
0.665174500645237	0.70770530632949
-0.417987752593787	0.317507632599948
0.0626252635196862	0.0518998200248604
-0.384156944925456	0.300486038020671
0.203436378685167	0.157813977536421
-1.12047206633715	1.22614365239924
-0.768296542728198	0.650538574045056
-0.398301129576092	0.334686458599916
-0.370058538779674	0.28739681298302
-0.076530845404144	0.0546175413952279
-0.268972801528313	0.237218149010972
-0.296252346138525	0.2587055248741
-0.417875672232061	0.406831662207044
-0.2048838516922	0.2095096145017
-0.215381081378822	0.180118970922126
-0.208557377661762	0.133622195440117
1.59654903261596	0.803007544231757
-0.749558216025815	0.324494184287093
0.393780404504587	0.200651929274297
0.0391848967181263	0.021579663145863
0.185971685390122	0.0998756977890511
0.978057511092421	0.666348475988114
-0.901660145983906	0.65065860609206
1.27577819118395	0.889813707468719
-0.120964547267825	0.0674151017824168
-2.26701037646063	1.14427006201157
0.712361999191137	0.335956835731755
1.90292574700049	2.1113274711787
-0.47117383879645	0.395871645515458
-0.350537900840447	0.415210643709854
0.383670470775	0.436841385445676
0.100543866815854	0.06868628565407
-0.107360303871686	0.0841027117649881
-0.877708017852555	1.25049222309146
0.78427087919387	0.959671741703712
-0.0311887564331645	0.0287443231362819
0.473056223806183	0.61408090699199
-0.420956325004009	0.410982186221805
0.784372906712021	0.959918826350944
0.0369010513770582	0.020333787786775
-0.369536537525241	0.316782755825433
0.803209654150355	0.760320387985594
0.380867354425034	0.334090147828924
0.360948076561416	0.202699332518589
0.632219585457669	0.333499306363507
0.76837464273813	0.847690267384941
-0.517742206315982	0.502654245693751
-0.153941751156289	0.104492830068079
0.81386399380713	0.647567712794412
-0.772387654955872	0.504001929034057
-0.468734837712752	0.242864080460721
0.723376380262484	0.342533617607671
-0.489490929362396	0.364899474538993
-1.00873391178377	1.19755890378146
-0.717105569369643	0.859256567437185
-0.190553131166209	0.160652486963784
0.557988595832692	0.567727133212222
0.198437334517083	0.167633858781665
-0.116709036342299	0.0919465149166153
0.634724634795097	0.596795982173577
0.581398803234886	0.599021280406114
-0.533407317752973	0.549704834328611
-0.933167331717561	1.0503748674267
-0.279536120855523	0.222627589343969
-0.292565358837487	0.27308010769411
-0.035906366808162	0.0263091235402539
-0.707320634438357	0.761596740595935
0.0917322023000253	0.0624448834877303
-0.0654463523929521	0.0258439461052445
-0.897254781501702	1.11849175397186
0.626721225942761	0.676576441808915
-0.0377453194499141	0.0276677744532836
-0.124257250268169	0.0693097858052694
-0.1435506111579	0.109450527210768
-1.23551292488114	1.14235815369472
-0.319131288824521	0.223484647612659
0.62952378185453	0.479348662241261
0.0773696578484973	0.0660693401862888
-0.561478901459792	0.538745911403141
0.308883481540668	0.328171289290486
0.971232419985025	1.18625728993701
0.309999097557999	0.235087786453985
0.0256958561554593	0.0179582002057827
0.205854308077516	0.154430938949869
-0.516245147606596	0.500849903953973
0.326210496182702	0.225805051469001
0.0552857840071526	0.0324564637008649
-1.5923139722056	1.87927411316882
1.06625161662326	1.13213143049112
0.193905601333984	0.167398575533996
-0.854563686866469	0.844048685955293
-0.766817832834739	0.765026413978454
0.302693589299125	0.238032438307553
0.387713460212334	0.341576812515464
0.296068405601911	0.222812940976139
0.0948986196822123	0.0692697674647755
0.0912865384313516	0.0596902487691517
-0.212221385711799	0.136239122670475
-0.459343460479922	0.237312009533514
-0.741834827359843	0.320529587494122
-0.963179602911768	0.473785145680353
-1.30568990049516	0.810623212336103
-1.88404139679022	2.27136958802816
0.122353388229671	0.090577536538763
-0.157811236979619	0.0833333439441817
-0.951780763530599	0.922968011195165
1.12345261687705	0.857325673629379
0.367271217933283	0.340929406321839
-0.221182177175495	0.180747616591541
-0.0271112948372218	0.0168333999511017
-0.120998237505809	0.0431156409405122
1.56698858499917	1.35556966699186
0.382872340482065	0.1942357161443
-0.00179509965525531	0.000898631742570402
0.187346201946928	0.12260447591303
-0.424362202121216	0.323414766062449
0.433364993112144	0.346313652217618
-0.320761314344198	0.224761430276564
-0.446701736950921	0.293928837359401
-0.23273139496892	0.191528882978179
-1.22741140043172	1.12918445169333
-0.0215683324700315	0.016031351500846
0.392021891076596	0.346253529232363
-1.14574334479124	0.635856050340672
0.0238185665035579	0.0166513800071642
-0.227081213934932	0.204519346984176
0.1983692297933	0.167589485032639
0.365909490726139	0.339535084991113
-0.0799618031714414	0.0571658226193391
0.5388552999613	0.469055546484662
-0.628954016983524	0.60063218362408
-0.369282113849308	0.343570131553628
0.000410925378352163	0.000234754845528036
0.379851745453616	0.344471008804513
0.307125674356591	0.24217146997297
0.634248150483295	0.484551992767884
0.889010598353001	0.661625231148616
-0.56392629793759	0.406940638733445
0.183063896529214	0.0463401006276899
0.183600515358582	0.055105623027285
2.76219840038386	0.780594539857824
0.688185381402826	0.219868290083128
0.861805258946235	0.785930860476961
-0.325802762616401	0.229075841204532
-1.02274569911395	0.807898942495447
1.00347141625167	0.821036005733422
0.204728936312945	0.163995727491985
0.183063896529214	0.0463401006276899
4.39103382808567	2.31580411658854
-4.38962848694463	2.2242943335551
-0.757729797952904	0.328631953002876
-0.372041268472281	0.31943297156526
-0.366093308019634	0.313410609505962
-0.611937419388274	0.540792374793401
-0.544551372412757	0.565137296679224
-0.335182977223489	0.354757287063692
-0.0128868028997479	0.00965770775522069
0.275763561531646	0.243556515244505
-0.579485141825612	0.593125263786183
-0.768342039088459	0.868418776499976
0.296731561948202	0.232647164818216
-0.415437327397266	0.433308597803237
-0.845868912680588	1.06615363072072
-0.11566801833334	0.091057944989784
0.809099281350825	1.05518276453822
-0.00179610476617619	0.00115338085307964
0.135474029809918	0.112855005757057
-0.403194883220312	0.427812416736973
-0.197092325108155	0.146128061844804
-0.0152504808787136	0.00968841621393557
0.979320608967826	0.668821545241543
0.119873662932114	0.0964181840157259
-0.492545799481847	0.185468080029724
-1.20733527360565	0.901097333577268
0.365074397279878	0.204992677724776
0.195031132382173	0.145451805014624
-0.291746095533407	0.234081376639892
0.0761002826353028	0.0636173194776177
0.143463337648133	0.136119069722948
-0.0843285322449659	0.0589324388516716
0.0541423946946676	0.0427160524434595
0.868032623160815	0.793888322492773
1.67441096619422	1.57762052214392
0.167369895010257	0.081457684566492
0.72184204619342	0.341585357501687
-1.0726968101517	1.01769685436785
0.317256187015868	0.23063986283222
-0.0589700609610848	0.0418087799223131
-0.475733156335894	0.556906738564846
0.313870290390072	0.238458867843051
-0.184794421038821	0.155243469942458
0.10180050829009	0.0745703186797809
1.17237287335591	1.56285216351992
0.175990423407653	0.125103575137893
0.843422236893639	0.358554124858322
-0.278050958525051	0.126039508900805
-0.365376793227214	0.150864261510649
1.05878746464103	0.40482083139178
-1.11951983581622	0.337809535545767
-1.00727939684884	0.398725619716456
0.39052668880652	0.198703082954474
0.182783698399473	0.0891436793298753
-2.25874924123896	1.13726495024389
-0.702916162136118	0.240304795913802
-1.08001264706894	1.02736755205599
-0.0240984908370584	0.0152143241785585
-0.771961421745368	1.01171469141301
0.077635969557509	0.0482586922086184
0.175501335417402	0.0853402152277122
-0.374660160243138	0.255013631790811
1.34754141545384	1.58653653268375
0.624005036273011	0.583214020064307
0.700813467184844	0.612191723659332
0.942478487761068	1.05897526664811
0.730809437971619	0.74053135980407
0.557214124489188	0.46517397329875
0.176832554543049	0.0861558843262976
1.49592917300111	1.50975738021816
-1.1289337785044	0.966719635924738
0.661798651596475	0.703018129568869
-0.55495455113121	0.399051520318434
-0.74461910719638	0.321949104009387
0.171150315492889	0.0989773970251138
0.655352721259145	0.693619597044544
-0.0316006352426905	0.0231418321321893
0.0371897692754142	0.0277207849649357
0.0861130080130793	0.056192447822396
0.339870043538865	0.206414509586644
0.108724207465798	0.0773565336471666
0.91794147083429	1.13905955651269
0.453174324562169	0.453026237476422
0.316938824520754	0.230364232928422
0.758679235955119	0.637627097633615
0.918188499904846	0.498102003628762
-1.79785205353169	0.391773074809323
-0.324126952894347	0.0929244396746841
0.686721713829268	0.219371725498129
-0.197335094105888	0.0635174359839544
0.16619130625606	0.0315431724784316
0.170913863598283	0.0660743604119491
0.918188499904846	0.498102003628762
-0.679361444249578	0.53510868109843
-0.0271312695030586	0.0171150793272926
0.425414209465717	0.338554185265321
1.29895588222441	0.722341043751336
1.85032180687312	0.731043526561718
-2.57036588579023	0.664816582891659
1.30105360773476	0.723822591464121
-0.524771899764917	0.328002622491018
-0.24786004870326	0.200048118192833
-0.0855714607303147	0.0689327661935643
-0.577500185883942	0.558877749890235
-0.193575432798562	0.143224264362428
-1.61517895255118	2.69239065597283
0.818352082363992	1.07294139621617
0.573531251201598	0.640094026682997
0.0855182326820122	0.0532795884005264
0.575238067151336	0.569836455118298
-0.840799103628898	1.05696952522587
0.992999341343831	1.30251046763706
-0.0860042298976169	0.0692938125882086
-0.714336623661745	0.813857298442747
-0.0338087580376632	0.0255720385401145
0.201189257139447	0.150536083436082
-0.628990061549316	0.600524934603404
0.0796691332208074	0.0495226675685221
0.214693885368968	0.178241898683603
0.190434760598219	0.118011154105344
0.763431644056179	0.749082360226763
1.29694224603895	0.720632879630045
0.967271104517323	0.256176548116206
-3.99280599777723	1.72674829161483
0.190727531749369	0.118209578348354
0.280386634625736	0.255335079306047
-0.733254067606812	0.927957880037478
0.138788450848943	0.118616301111726
-0.455199510017535	0.474562447627648
-0.549422088954643	0.492379620525946
0.535877166289095	0.4655867994944
0.573906111135839	0.335771712290571
0.0455771550985737	0.0250373662087692
0.00198078990193635	0.000771600870510337
0.10526649715359	0.0772429039624961
0.195632869406794	0.160502894544407
0.577902652873842	0.573416529957854
0.0661801969916402	0.0525717922079877
-0.555750294845527	0.607965869139578
0.805714575073611	0.868241751788014
1.09794531770263	1.38694771451851
-0.768528874210319	0.766809186771539
-0.877144805140901	0.719908173588034
-0.200447315869425	0.0645274762182257
-0.379940817920688	0.157371456640493
-0.952661191915622	0.467713269594675
-0.608428787479893	0.147248610626808
-0.618535635333325	0.149538863092151
0.180845714650258	0.0543398759613664
-0.330247461830149	0.0945973836552012
-0.378153997810122	0.211165479472245
1.11169528670328	0.687936702802563
-0.522629164645248	0.430592090367453
0.0710090685065472	0.044060948511603
-0.639020449005513	0.651566554893007
-0.596759951386203	0.727876971260015
0.195687668109944	0.134821985504393
0.0858023111802413	0.0559520265940869
2.46205831258562	3.11931448041391
0.20102555144859	0.138797935707571
0.195315340803603	0.121353701315618
0.425368153095976	0.193968882132969
-0.537354870732962	0.478425071760039
-1.03861133722738	1.07191229034318
0.716522538194311	0.630304255331629
-0.381065707995413	0.260509064057417
-0.556136264279651	0.399838222665906
0.0874820650304931	0.0594324568336555
-0.347168453322556	0.303600597131505
-0.776577226278027	0.590096248231706
-0.744824966604454	0.322057504500445
-0.0387971167930761	0.0239887775906156
0.4967198400578	0.602320058852136
0.354092182255231	0.335672736398725
1.41781863221637	1.92239671526022
0.109132428100724	0.0776465871143737
0.0197854123750014	0.0100558309006188
-0.678829295425511	0.587435161162863
0.503776506597813	0.449222564368213
0.368008149940044	0.331238717406949
1.2939285552175	0.719092915495465
-1.48056869227887	0.748485043890541
0.175167484877885	0.067766302834692
-1.00939908430861	0.399588877141342
-0.326401042990741	0.0935670662480902
0.690495395275368	0.220542264445643
1.58730623178499	0.796487225327764
0.169526884923791	0.0739442110098116
-0.287595145898396	0.130646223105755
0.0610215409651333	0.0358013018591043
-0.223572279768536	0.110513413960899
0.625411880140795	0.475691086341775
1.09308809131309	0.534811978417923
0.845460532244873	0.359623499672993
0.182470896768892	0.0624314260894872
-0.204396483244111	0.0657612231111824
1.38414529260288	1.28441322667767
-0.0407446783622271	0.0251896599342382
-0.586460643816853	0.602604315213018
-0.630754784420724	0.640019654993136
0.532607811298849	0.461911591989153
-1.39579956467185	2.01848349749154
0.0325701902640713	0.0164245514449729
0.205772997060329	0.154336538828024
0.633898205499612	0.484161310433931
0.303362077187066	0.229250080603091
-0.0512580724643041	0.041916088639263
0.40327285902904	0.331611168232022
0.105481480086797	0.0749304327190013
-1.26457815378509	1.53009166541414
0.582148420859374	0.579011074058478
0.764519923250495	0.750373735614781
-0.590956390047908	0.476711705806455
0.545075329839817	0.569305054488191
0.0615061609337288	0.0361120405409306
0.102126966981387	0.0724371077454105
0.680788569229559	0.70188424092648
1.0538227967033	0.40247872570357
0.837818282577269	0.355785005700546
-0.128794538884765	0.0719669490463761
0.623395713239037	0.582572854773552
0.11773733227	0.0896452353352634
-0.00556806336507672	0.00371047395022087
-0.740343398967893	1.02116901690806
-1.11833882221215	1.22273682600321
0.788520665487868	0.966888552994168
-1.13397481987615	0.627187035086189
1.36024880213179	1.43954628984496
0.0172720380290177	0.00883395270115049
0.388078847678869	0.197329392844396
-0.767604175161121	0.766481085238139
-0.121089275522438	0.0675580032157869
-1.12436453839345	1.23245934851065
-0.820684899779672	1.01966263843413
0.546491450028001	0.635127083137487
0.184962233054825	0.107382346007866
-1.04211556503894	1.07800216222078
0.452900645980081	0.346821435390204
-0.0848696495816336	0.049299829104944
0.184338509014023	0.0553315106563962
-0.982781391680978	0.483593006407296
0.417449324431424	0.189898148074199
0.688637326691298	0.220082192676685
1.05235833798367	0.401844810202421
1.080926512303	0.527662687767913
-0.0100035710519822	0.00456082073658983
0.678356624524986	0.486491546312221
-0.956069082331503	0.469295459078014
-0.771527863553109	0.416427684769241
0.323229888917082	0.223609446159771
-0.409520222503751	0.34647363874541
-0.292042675673294	0.234383172898396
-1.1289337785044	0.966719635924738
-0.195774670182077	0.124738632078794
0.927869863845608	0.504987594352111
-0.545332162720048	0.487551952935893
-0.246778976007016	0.199018744784101
-0.460834873573755	0.238142243201633
0.303009994612524	0.238363578530352
-0.671092671911135	0.526468696921659
-0.0652892595378872	0.0392618000142849
0.175520499901646	0.0939260219531222
-0.166546167861037	0.125184795696837
-0.854617816756356	0.844350928994084
0.137043687990835	0.111440438747051
0.368173154301069	0.207224031584238
-0.956207897684886	0.469892440894444
0.0238304860724247	0.0120847405182582
0.660870358797425	0.70170660930699
-0.199028322534307	0.147750152219669
-0.414563782378543	0.35186245250021
1.05095621792813	0.999372731338752
0.923030865031726	0.502051378289556
0.803394271998308	0.760357283208447
1.07064813921399	1.13837047189474
0.699592602169432	0.728780135973086
0.761174441192431	0.745583318362276
-0.260843494888571	0.212202305284397
0.502973533743968	0.448777701977582
0.941110099504946	1.05751337054458
0.325157316257035	0.225064969148359
0.315494423684073	0.239906698412097
-0.0142334241577176	0.00646093643866919
0.423480306343721	0.19297046452746
0.064187858323931	0.037677821547473
0.473668826893917	0.345505216901428
-0.114297315385839	0.0878341480786778
0.041365553332464	0.0308584076313728
0.623301328729801	0.473664765636068
-0.446642455576551	0.408825809493677
-0.225661603097498	0.164018518282949
0.211194119175191	0.158840975298394
0.402338567086461	0.357304270486632
-0.865150756431591	0.786839187232073
0.0358231155408688	0.0250596830785594
0.0161150451779328	0.0113260486059559
0.700631923503564	0.612113306492999
0.308862940328478	0.23410092025603
0.409849083489986	0.433300231447612
-0.494342118991905	0.550681289717768
-1.19552737475167	0.887561296734716
0.556113115398372	0.565217920889909
-0.27807360792363	0.126008105383623
0.635291378050483	0.689288648847279
-0.45175116697026	0.298221875911436
0.46255117274159	0.335638247449597
0.295393324718893	0.248651482768436
-0.770843011801616	0.77102094581204
-0.369949122222688	0.287236647159913
0.409126628789896	0.364599247966196
-0.206384864193581	0.153834135230124
-0.395148089069445	0.362041830927824
0.776753521688186	0.766963348761124
0.88456555106447	1.12152484467978
0.0828119290212103	0.0561826786745012
-0.271137436771781	0.19431654182081
0.32219787978506	0.234660657206516
-0.428990004195601	0.327614565309885
-0.86775074061119	0.790079156867631
0.287967133084952	0.248792915102149
0.422098980695392	0.335326470973698
-0.187971310474096	0.158300445646848
-0.12062661030199	0.0673083413810034
-0.509094229198566	0.491714316408622
0.192615578031359	0.157733857154003
0.602546247820572	0.582016890674805
0.512827227776305	0.46008166379426
0.416648713217355	0.419049985480468
0.188540387208634	0.116892217807419
1.30340398010253	0.725991762377807
0.540279143570191	0.562667493642038
0.079614265121216	0.0518288464760009
1.04501840956563	0.990339558360142
1.43604338873291	1.79631466808827
1.09265677861485	1.37648676308057
-0.314228062046467	0.186520441781127
0.405697387317834	0.347791071710016
-0.413336757709977	0.31332200586896
-0.122712096604894	0.0847733008094692
-0.107277267601125	0.0736045148216271
-0.224504018644413	0.1837897285681
0.520434169508671	0.330941414869706
-0.766487875190489	0.911946735364903
-0.0213429691241156	0.0134918494518787
0.314909454686125	0.239465743846466
-0.525662208238528	0.433546690943268
-0.166091222630473	0.0878714052834163
-0.647503390046346	0.446520746259086
0.6278228139793	0.330521761875909
-0.371379626022628	0.153598746677341
-0.124226356552131	0.0441913898094736
0.173178140989587	0.0593793792188454
0.884553461212891	0.657750146015205
-0.516358112940175	0.321953178767785
0.845815805906363	0.35975917327147
-0.491888763967548	0.185206039733237
-0.220068621466694	0.108452910350151
-0.0442858957348775	0.0189620157265729
-1.71473519945179	1.85297379373138
-0.4812413558875	0.531457526945418
-0.276635204785674	0.261545359246557
0.439767590417645	0.352483652566908
-0.0752944768396603	0.0537321688286094
0.0915910760558992	0.0598932264491425
0.810887440401718	0.770473565751593
-0.0590098857478772	0.0427390290669595
0.149282289226913	0.134220787087929
0.580675962492906	0.577168783765778
0.8272903082488	1.38435391056988
1.26762063350256	2.47118936357159
0.153199923465419	0.14368233721187
0.565312564267202	0.646656812919584
-0.0872738372786449	0.084232650384154
0.463151376402697	0.541261555267357
0.408890943933699	0.6321925573732
0.0921667281860717	0.0602646267002258
0.555857251058709	0.464073677040588
-0.215879308330144	0.106355468835711
0.966614208578132	0.952500903638202
0.736872469502959	0.488753858658166
-0.0655184432335201	0.054006188934832
0.393447984457881	0.421135325222552
0.252482648508203	0.258655011455458
0.13854303639559	0.112767546572355
0.861721963828584	0.910108797043426
-0.287802884886021	0.130876324509093
0.166818547118727	0.0811837035924387
-2.10846297948708	1.60734159287721
0.49826467890862	0.342414681178504
0.0440972970282411	0.0242043001274505
2.1507256026881	1.51392105001293
-1.32772470341435	1.08618001633906
-0.466611174603727	0.490172093101428
-0.282204593089642	0.26805477319995
-0.591935818173405	0.281845633059644
0.181398784916938	0.0884695078197799
0.829938699646666	0.503378259443893
-0.666834447028972	0.522460159127234
-1.43396547759988	1.26931816706873
0.880988219471765	0.652926561805385
-2.51964386873796	2.59883888732145
0.312564367720026	0.247248052210003
-0.678474042196262	0.587058809121925
0.271175892172921	0.245339061256071
0.206523657370457	0.165598441881006
-0.0563696678254872	0.0550467233839665
-0.917460836697531	1.51784579495342
0.82892459536045	1.17941570150776
-1.19772911466627	1.38262095455181
0.168551797974127	0.0735094148580177
-1.20776915128502	0.902553343046332
0.346220447726069	0.211336590939247
0.427831079483817	0.195268911181977
1.42936771762235	1.78332824138266
0.0719840926728327	0.0587193214226298
-0.096737754225208	0.0845239748292004
-0.512494910054299	0.495786038951365
-0.0327887808907145	0.0269876828743005
0.309542997505776	0.234690464733883
0.493771116592936	0.338391294024583
1.01298591789499	0.831946562988037
0.0141210736364066	0.00729835150856413
0.631940029540625	0.333718812774719
1.29653544264768	0.720276919184037
-1.54247986089915	1.47712860392791
0.576762228931417	0.337387455192392
-0.206666511485818	0.171883205537504
1.01642277794724	1.50070484892904
0.705894171932351	0.618087370765137
-0.833432299733156	1.19299491692186
0.203854201998268	0.152772667192344
0.0617966851700144	0.0500899318290874
-0.309293918429809	0.292190665841307
0.0776326126609356	0.0649148198197675
-0.0379418727302352	0.030835229588723
-0.161826279066816	0.163355345420954
-0.868860076324482	1.22995165154247
-0.0150457686330884	0.0113217894537576
-0.901124468685185	0.650494290426287
-0.0355657985906026	0.0153094555192859
-0.365934427199443	0.151101090210561
0.686721713829268	0.219371725498129
0.178820853869998	0.0612698080138397
-0.60895933746012	0.147406558741333
0.549872383663091	0.199625186867885
1.47032706033056	0.490703617760438
0.181161766815608	0.0620330398600783
0.967271104517323	0.256176548116206
0.689369698791533	0.22025689756634
0.844102061792565	0.359001237920257
-0.758852729365458	0.407797800865707
0.17540461106838	0.0678246045165576
-1.0213229920421	0.806552875875509
-0.115110789127524	0.106997258457427
0.0093672892829425	0.00900805520879785
-0.0806133618378278	0.0576668274232692
0.877626555512048	0.650556689680702
-0.473118679372443	0.397904776028718
-1.2027970226695	0.895725402724386
-0.17510943889152	0.172994181688429
0.114343925049866	0.123626319049292
-0.368918803263697	0.250776228740233
0.819205851968653	0.781094783286356
0.363574068207238	0.204265331539551
0.718996087124188	0.340013548677714
0.718996087124188	0.340013548677714
-0.320548811537412	0.09196618419473
-0.128976424631748	0.0458608977147569
-0.320548811537412	0.09196618419473
-0.0733809977579849	0.0288349533476671
-0.213700623825553	0.105378626018473
0.642409481399756	0.340047452932224
-1.50802734580894	0.536690312605626
-0.373071512733761	0.254033052786428
-0.0369954170727909	0.0159227055474102
-0.385570827111541	0.215807172530883
0.730603045978902	0.48350605795959
0.418583026187904	0.190731695106026
0.8781261296388	0.649773179502329
0.358528798253111	0.200653437617951
-1.07252670293628	0.724272796454157
0.927854593574605	0.807246268777928
-1.07580491790806	1.02206483285641
-0.0341514539287802	0.014723804246443
-0.159712203971177	0.0843162281114486
0.193601764634445	0.120285870065384
-0.900508970249407	0.64951569370751
1.33758462816327	1.71820916054439
-1.5730092060849	1.188871677536
1.36299473639488	1.44423925254493
-0.383369453342927	0.21426062018858
0.708870719030052	0.621344220172735
-1.22771193246054	1.13091064259756
-0.773542262917349	0.504884895709389
0.0737752494194681	0.0479778903398318
-0.508406868185088	0.315786377063664
-0.0707174796189181	0.0425616349816853
-0.0424757466895925	0.0262600101822714
-0.902256141943227	0.650946459955808
-0.257346814524382	0.159381299247937
0.183718880157911	0.106614713028175
-2.09227749146501	1.58413540577109
0.758650501898412	0.742620923843965
-0.49151434881428	0.185015055029549
0.071738025848327	0.0445396719144595
-0.137620686080357	0.0927408040600432
0.180208044035612	0.0877730271711821
-0.522630348354897	0.326694987135392
0.433943188501617	0.346741036823546
1.25550861297638	1.38405532938169
1.79575605549737	1.01182421927691
-0.247021917959176	0.152470251391877
-0.0674831652991206	0.0405754738521246
-0.657345461604373	0.454714974240704
0.488389342063977	0.334633243896021
-0.26053628088259	0.161739208664472
-0.0416120188636305	0.0257242332045605
0.713492738665586	0.336741710182099
0.101366414692742	0.0665180402157762
-0.128976424631748	0.0458608977147569
1.30037588434366	0.724075102403922
0.177740333707454	0.0864643517834643
0.550585584584045	0.199969616725774
-0.198045826596271	0.0637553577032532
1.46842163094462	0.489769078028611
-0.589963986166914	0.280808169672612
1.06265370613302	0.406208035227563
-0.387016066370416	0.216844203189584
-1.00340310411483	0.396780300923095
-1.19969319358979	0.892904886900883
0.979865434822643	0.668425879578893
0.565139961124621	0.47403055188627
-0.479681848156729	0.355949883919142
-0.0129972831743118	0.00829400634858762
-0.629995587938608	0.368323551467737
0.568693468752612	0.331929794271896
-0.0688955593825769	0.0271486518108793
-0.255390145674927	0.158090568495882
-1.43162308469798	1.26539986185858
-0.119838421507322	0.0427012024156546
-0.00977066294765427	0.00445596469747483
-0.373692600386936	0.208339982945634
-0.0600492824574227	0.0360828599223852
-1.58556317539144	1.2042592849111
-1.81248835557494	2.08428387946538
-0.756440845371246	0.406100836184648
-0.300969852870945	0.17760012895929
-0.124257250268169	0.0693097858052694
-1.069196934671	0.72073487760203
0.0228536920013431	0.0115986653667967
1.01942281913209	0.838829880896261
0.135661876092193	0.107341466830657
0.093345002631959	0.0610714641189192
-0.0644662815146423	0.0254759370751881
-1.0224697249394	0.808697278372738
0.670632250404948	0.611220227938897
-0.263491258570659	0.163756012693022
1.27360281940631	0.888663630922024
0.754948591294094	0.632892504364889
0.526442444554632	0.335457430046642
-1.0051089217968	0.397800661254572
1.3524197012094	0.598640284839141
0.842428737935759	0.358225189674143
-0.498865839031448	0.188033265127179
0.683520003518989	0.218340470189805
0.169216564211053	0.0580449552268489
-0.123220651484122	0.0438507532384957
0.165759159342809	0.0641584131500615
0.171488774809756	0.0748342853660748
0.0480568719277063	0.0263718621447324
1.4646350690462	0.48856709745013
0.176825054435177	0.0449204608148946
-0.502824622854512	0.189653352789705
0.923471706807312	0.501624006630074
0.187435346122179	0.047292837125537
0.417750403703741	0.346284971974575
-0.484527254369823	0.360313305810809
-0.0909930698303119	0.0529011031446618
-0.0705244089438769	0.0424485220962026
-0.323082410462134	0.226728497371667
0.190448722070413	0.124749502796614
0.631428603230395	0.481228785741201
-0.466520525938006	0.241312824073058
0.0477074803655005	0.0261798478997429
0.633805137558239	0.483651067158879
0.418242517192393	0.346677319074105
0.314261735049571	0.228151952948925
0.0226841285421592	0.0114931631433941
0.133512926531477	0.116246347038465
0.315324876494503	0.228961078620478
-0.544944091779951	0.487137691962051
-0.170514528849352	0.112331062649843
-0.390677312894188	0.339096440742466
0.525540403866993	0.33527048446619
-0.172764809036587	0.0914783921322164
0.687001483078787	0.219402881860221
0.92890657837814	0.50572492322209
1.79992365131976	1.01451500838487
-1.64977808967228	0.925071479210721
-0.56392629793759	0.406940638733445
-0.682516443311262	0.639154360203423
0.43626885153694	0.349115650252218
1.70319969349194	1.98289542794654
0.0670607796440865	0.0393759693962579
-0.903883623254828	0.652544338203156
-0.667774784827635	0.464733087422586
0.167386469875704	0.0813938092593628
1.10780131671251	0.684116648356048
0.193366366932615	0.120033967042338
0.80692581247312	0.869921672827628
0.610192921597273	0.67483226674812
-0.173023865840244	0.114109175566467
-0.97941334786934	0.867120960004278
0.882945422618171	0.655900067907435
0.33348477523696	0.217919515431882
-0.206646932228356	0.132324453068085
-0.581278269312196	0.275684019199003
1.05841937425473	0.404493015312573
-0.953955525691479	0.467953360562584
0.712102197546388	0.335728571598287
1.96276901321247	0.454520391574277
-0.612487701707529	0.148134994320372
-0.999116065979541	0.394904057507624
-0.498572689177519	0.187792372240162
1.64592050754162	1.15997890751957
-0.283198403536057	0.128575825228733
0.172960903275516	0.0755070889304416
-1.02385801630509	0.808953060942222
0.633778021761617	0.595662284715523
-0.0403972758515654	0.0296289758842902
-0.0781178713608236	0.0558150388999496
0.311587307471772	0.225900980459318
0.197249563749346	0.141833952718842
-1.1480082952071	1.4028612857677
-0.693652543151161	0.698048443968002
-0.500790955211268	0.544508974853389
0.205188121130893	0.153877426307698
-0.0180323051254177	0.0114230169441302
-0.996331418182684	1.17641019159723
-0.20784136944172	0.15505823035081
-0.209810632594308	0.174837970075278
0.690481175356148	0.715710671616856
0.197918373518494	0.130046021684993
0.418945635891476	0.190679326632952
0.927489578319042	0.504367479750778
1.30444700734974	0.726683857946427
-0.326154028015052	0.194524130451474
-0.680436372553658	0.589391665603711
-0.84605513175408	0.895800286204212
0.527727629495906	0.336996388587922
2.13275419746116	0.963270597877117
0.418490707651304	0.190446434947592
0.625676991853506	0.47603260621749
0.348124414412021	0.212711237220114
-0.698670682702589	0.238794577468402
0.85108667327523	0.36236861994358
0.179369859705814	0.0539368960907662
-1.12019427196772	0.338020301365193
-0.319817646410374	0.0917687104349087
-2.57036588579023	0.664816582891659
-1.12086886051128	0.33811902750598
-0.762819358423479	0.410190902168382
-0.0791263862561241	0.0310335977163937
0.183073792285235	0.0549481693591362
-0.496879333423488	0.187181684059415
-0.369785540362907	0.152727540652227
0.963743115659934	0.255236344279286
-0.706728811590437	0.241764690191015
-1.1182849071041	0.337405124817419
0.18374299244507	0.0464795790495071
1.64975456072284	1.16368619861518
-0.770564665615363	0.503094689705204
0.0319660913183998	0.0161202024819654
1.477091950266	0.926709107662171
0.887490573697431	0.659805123755087
-0.529978982537294	0.331981563169669
0.309312804120378	0.223951091328408
1.98798176495886	1.25412717437149
1.1259208020952	0.858626001924984
0.197044743173562	0.129384087310558
0.490624163532461	0.335760648643187
-0.317951946945019	0.222692729358545
0.203930027627517	0.152814318722704
-0.666723714366802	0.463501580031375
-0.0346658815985008	0.0149358095330906
0.192574455636754	0.112221725009145
-0.646240003422167	0.445027441087609
0.747480465172325	0.625105835135284
0.475804309460653	0.193396100083251
-0.065912673429747	0.0260133053746285
-0.613158918177153	0.148231887572971
0.161251150232847	0.0308565698216007
-1.49561006114969	0.531433597211914
0.170279989713206	0.0741738598132014
-0.0455836401831186	0.0194945000709103
0.190448154893941	0.110919227161835
-1.12901529687441	0.968445425439976
0.625147680651529	0.329122870666577
0.179667994956428	0.0874904709866229
0.167162927808571	0.0647074729110319
0.966967120765995	0.65761752499245
-0.369357547659888	0.152543412743622
0.178820853869998	0.0612698080138397
0.190332940299421	0.11069799723895
0.925860454479673	0.503241426997848
0.345434440187503	0.210746542620003
0.453874605780689	0.347651242666018
-1.02311633996738	0.808295496715945
-1.57593182183873	1.19325077573748
-1.44234754578597	0.990725359567734
-0.961190497528217	0.472841360511926
-0.195531539432362	0.0629840149892884
-3.75046496352693	1.48199107071708
1.05878746464103	0.40482083139178
-0.474061613862789	0.246186426965003
-2.57036588579023	0.664816582891659
-2.57067328278635	0.665094197548339
0.963743115659934	0.255236344279286
-0.766435126326701	0.412873353325887
2.13847384175308	0.967026817523456
-3.45239496999294	1.22656388713544
-1.11951983581622	0.337809535545767
-0.617339897765464	0.149284387408846
-0.035848342346873	0.0154433891172751
-0.375925421961184	0.209444448829441
-0.372951028443623	0.253999685874018
1.25712463152051	1.06238528017409
-1.24526242626292	1.15503216392251
-0.374126159374503	0.254938771319646
0.398751861025374	0.340685489732483
-0.0360798294056658	0.0155212792131445
0.19696776146488	0.135811184759377
-0.770190763066855	0.652895557939329
-0.213331778897479	0.137070134293713
0.532214838816586	0.461671905025195
0.107215974841193	0.0762134017104774
-1.4110610806378	1.48048784178129
-0.170828101966689	0.128708925241831
-1.44111006320414	0.988454492985114
3.2811485523965	1.12364699463245
-0.201906699363454	0.0650030146049408
0.0189949588542435	0.00968744368187784
0.1735715113843	0.0843379917904306
-0.568348416597401	0.410983340598342
-0.27874841572776	0.126483545469156
1.96372117107544	0.45473924627511
1.64788445802417	1.16185549770928
0.742020749296542	0.492746014918938
0.174158377834769	0.0759208855899525
0.179379610621789	0.053891810235195
-0.613012730411062	0.148202450577793
-0.611962616144159	0.147977912487881
-1.7934287506278	0.390727439150181
-0.0684308859791892	0.0269719073364453
0.181959964224185	0.0546519449572612
-0.488574108346941	0.183800595206409
0.180845714650258	0.0543398759613664
0.957162742729009	0.253557522610441
-0.613682540053849	0.148388769407339
2.76559849788836	0.78194178274137
-2.04775621133695	0.932071689763307
0.177795424572055	0.0609118795792828
-0.299487860903328	0.176598615983475
-1.29544052276593	0.800419105528234
1.63748786691817	2.10126526183861
-0.372490906328122	0.154069823095187
1.07993829732246	0.526965069073778
-0.0372584409226453	0.0160272565100311
1.42452011356111	1.11072705406052
2.1634197864854	2.23157483655257
1.04132120866304	0.985686885660514
0.184360994643327	0.106887793452541
0.0443112927715787	0.0243478771013385
0.880713299852445	0.652341429930016
0.782934650630698	0.870618114042166
-0.127814392943966	0.0714047696651426
-1.44892003390595	0.996912285405691
1.1249233033045	0.857664942063167
-0.49650800501461	0.187033371669453
0.569316455927995	0.331843947509271
1.84066711299049	0.726365639107333
3.64618465324491	1.4458034047001
0.174866744414616	0.0599504088128746
-2.04249312224762	0.928496345266382
1.29780672960384	0.722290449276569
-0.778145725977815	0.662093997365462
0.522266384774542	0.332589922993093
-0.0322716519749202	0.0139514444479637
0.179186941663505	0.0613870679805912
0.980819783755196	0.669396421124997
-0.227445875014784	0.11245797479469
-0.19910365870945	0.0640861380590307
-0.702529153090903	0.24025873050893
1.59857754726196	0.804530569699723
0.172864397881798	0.0592822657182494
0.845460532244873	0.359623499672993
-0.757900168661223	0.407184230399488
-0.687179893383716	0.596967908160787
0.81624591352711	0.492517136377381
0.708888348512713	0.334422800106925
-0.913869575670307	0.662554061683239
-0.576701196419492	0.273588301350554
0.183153354910708	0.0626940529439513
1.46964366147565	0.490422889690681
0.692481142426252	0.221366284684109
-1.11390573268458	0.335899190520225
0.165088029467664	0.0313824661178469
1.96276901321247	0.454520391574277
0.964934921520073	0.255476948633611
0.178049240810411	0.0452053813438565
-0.7085818841146	0.242531688950869
-1.79346061997896	0.390723019452767
0.163219168052114	0.0560363516799126
0.186193628132217	0.0720425013680895
-1.01983080357748	0.803874167064971
-0.0335895468384941	0.0207910563736785
-0.879938877180497	0.723762101121198
0.304943389071137	0.249458536349092
-0.0792543671717252	0.0552713622456746
-0.447033615761015	0.409265287553751
-0.174735216988072	0.131991927666924
-0.448877042699187	0.446267591054107
0.658690372845264	0.596716172741532
0.199620188861372	0.137749806496189
0.493021737081473	0.455734903638155
0.512242710971533	0.459602264650409
-0.146674657838684	0.112070547831884
0.622786079408583	0.581768030758187
-0.421582630356577	0.320960966832748
0.412724479701424	0.187857842469822
-1.7934287506278	0.390727439150181
-0.371379626022628	0.153598746677341
-1.06947374840007	0.721022692177799
-1.3193244878669	1.07316987720688
0.175019473147223	0.0852220143151811
1.0920955726605	0.53410737727116
0.177362298643623	0.0450515694227369
0.468827722244206	0.190230448930594
0.722297591752169	0.342076253368078
-0.702869188746056	0.240388371983744
-0.612487701707529	0.148134994320372
0.19006169952255	0.0569194977045989
-1.25254603603633	0.562193102367071
-1.25819888209438	0.565355524789593
0.183610895194862	0.0464322674344966
0.161251150232847	0.0308565698216007
-0.215056512852221	0.0691026740844621
-1.50215938518201	0.53435945377886
0.164778629348208	0.0313374327003096
0.180107983152346	0.0541465694868784
-0.119838421507322	0.0427012024156546
0.833212376142613	0.505592342175663
-0.469428946387278	0.243680774390171
1.78442425919929	1.39283309293471
-0.369357547659888	0.152543412743622
0.845460532244873	0.359623499672993
-0.529432971936165	0.331821117405972
-0.000592409865876242	0.000363574024313192
2.15759256692626	1.52112228839267
0.680937597275331	0.488444864264157
0.336605289067272	0.220131829923404
0.368161370839969	0.206994700680958
0.0493573483405926	0.0289970590215827
-0.251808594642066	0.155789268698861
-0.587596151465899	0.279243538308297
1.09801485112845	0.676710670009447
0.172543826884755	0.051947286242732
0.724791469795252	0.343364465762553
0.698277641594483	0.22311476291791
-4.20523570887073	1.97400017901136
-0.608428787479893	0.147248610626808
0.687810991670165	0.219714479243284
0.962553055030982	0.254827961566665
-0.749962038454575	0.324836661096217
0.386671632527198	0.196491681655945
0.186071768859979	0.108002386410672
0.940813733414569	0.822768428198945
-1.25885564304551	0.565783370773101
-0.580667763879253	0.275761333985373
1.35135662214001	0.598044460885579
-0.33115064247346	0.0948450204466267
0.843443663477006	0.35876328544495
0.183063896529214	0.0463401006276899
0.837465225516326	0.355658923973244
-0.0360798294056658	0.0155212792131445
0.422446176317576	0.192528590584956
-0.247021917959176	0.152470251391877
1.59529375556191	0.801701096502037
1.80611317780083	1.02020199862134
-0.195896300806791	0.0631110974355499
0.523175063477588	0.332846372887164
1.29489864782618	0.719995922701654
-0.702529153090903	0.24025873050893
0.18374299244507	0.0464795790495071
1.46964366147565	0.490422889690681
-3.44754089021611	1.22379406077669
0.16619130625606	0.0315431724784316
-1.79346061997896	0.390723019452767
1.3524197012094	0.598640284839141
0.169570842988667	0.0581880998558025
0.963743115659934	0.255236344279286
-1.11760971687047	0.337077079720442
-0.954948996486196	0.468521671179496
-0.467941306488389	0.242014525436739
-0.99766789427577	1.17775980777096
-1.2345067523186	1.14157383376526
-0.449527851969503	0.412061974328389
0.327370077128071	0.239052635985854
-0.845129181796562	0.894333184008653
0.201260111850586	0.150611780752185
0.0322316594893013	0.0178056449315153
-0.00571638529465967	0.00363283725999149
0.553632954449131	0.461505426889461
0.197174984174756	0.157212957762522
0.114133838726623	0.0866859392148417
0.269116202028884	0.255903710698816
0.0588054869553237	0.0345316609499766
0.691017799601035	0.716857873834699
-3.75046496352693	1.48199107071708
-1.50774474493265	0.536593235425421
0.472589276523701	0.191952372408541
0.805931511166805	0.639651529614618
-0.628189487114699	0.36704158468659
0.174785547530182	0.0526214906817273
-0.69681330218041	0.238104465757831
0.682339311812087	0.217953944354753
-0.698670682702589	0.238794577468402
-1.31470232899507	0.818307781526088
0.39755685503765	0.202810324668198
1.09844117530303	0.538310390343076
0.723376380262484	0.342533617607671
-2.57098043849301	0.664920470822356
1.05693634570001	0.403813519694082
-0.32485451718176	0.0931499749349684
0.180107983152346	0.0541465694868784
-0.120446187706217	0.0429055937947684
1.25806378454935	1.06184782315342
0.178564875216849	0.0779351068292143
1.25712463152051	1.06238528017409
-0.0917751954999979	0.0533765434993877
0.364515970078427	0.204640653434754
-1.81153496323559	1.12961062792398
0.523801328545089	0.333891140587865
-3.74551962293396	1.47870416259712
-0.278050958525051	0.126039508900805
0.338488462639995	0.221701640211476
-0.124145717728615	0.0692115909041475
0.00472346106930275	0.00330159322182909
0.203171618600113	0.167430413352952
-0.212286796760325	0.136289808819166
-0.237339433574626	0.173808140419345
0.875663635875533	0.803714948500581
1.35064130120685	0.597863106700744
-0.02699109457728	0.0117770218896124
0.173815363322603	0.084557586082048
0.553539003246056	0.201009804352982
0.177362298643623	0.0450515694227369
0.962025660417238	0.254682745005495
0.175658331461966	0.0680052602443423
0.923993724928956	0.501949623164673
-1.95257767663367	1.34234492448167
-0.0332348123067064	0.0205717622840304
-0.465162425544952	0.389667988809477
0.970321633272525	0.660517035593707
-0.637190382298722	0.373751164939824
0.182973217707566	0.0462917199497201
0.918705804949188	0.499127669190179
1.11432236258066	0.690774910984786
-0.521269300353607	0.325710775280372
0.418490707651304	0.190446434947592
0.190194336720074	0.118021379197931
0.395121508577554	0.323314109092275
0.359774273223565	0.201794508518761
-0.0674242853270772	0.0405469630433682
0.167576891785975	0.0730695048139849
1.5926000408058	0.800136466406671
3.08216967035013	2.31693581182387
1.25281381137878	1.05626846464289
1.35135662214001	0.598044460885579
0.180107983152346	0.0541465694868784
0.184971072095669	0.0467387603153735
0.165088029467664	0.0313824661178469
0.963214248695465	0.255090594573707
-1.7934287506278	0.390727439150181
-0.751524857643593	0.325632975668207
-2.57067328278635	0.665094197548339
3.27032462336087	1.11801013776878
-0.202976861420011	0.0653350306430413
1.30791432117486	0.729226689436004
-0.429909252504056	0.281209796602259
-0.462044219454069	0.386312185454184
-0.0901260573561767	0.0631375581858126
0.0148988214322934	0.0076646598115313
-0.903264839250766	1.12900266706143
0.206779116059583	0.189123507572102
-0.138071100018438	0.10760345226244
-0.179606610454746	0.136061557084935
-0.88798756461198	1.15962325807646
0.442768124506481	0.439906092108222
0.133402946808516	0.108216630024881
0.852772304470783	1.19436245015889
0.399704644112701	0.341682876231741
0.135818846489963	0.110355632129731
0.746355216752224	0.924672979121238
-4.00008448853862	1.73222233027689
0.689369698791533	0.22025689756634
-0.295826745139989	0.134706728797187
0.430318415089273	0.343349078255698
-0.168559885381638	0.0892621024955795
0.436722191032335	0.349570168225851
-0.739611202446697	0.319530960174951
1.05456533880612	0.402811234670406
0.927419410674345	0.504659925072578
1.15740443602128	1.19017623683354
-0.32485451718176	0.0931499749349684
-1.79785205353169	0.391773074809323
-3.07350260546998	0.94852963330217
1.84184770666887	0.726890218717793
-0.618535635333325	0.149538863092151
-1.26274007831871	0.568005385179457
-0.324126952894347	0.0929244396746841
0.16619130625606	0.0315431724784316
-3.07875719123617	0.951227905765892
-0.611962616144159	0.147977912487881
-0.32485451718176	0.0931499749349684
-0.203686449811516	0.0655556144258791
1.92374918550426	1.66657081899564
0.184697427143245	0.0554084744862393
0.46605569412732	0.189112961840582
1.11043355790468	0.687631279721819
-0.0782004468952671	0.0306899272143896
0.850069339148531	0.361876749971404
0.38095445774404	0.193019830045983
0.691293725798235	0.220916760169014
0.810235918112511	0.488099392823427
-0.370774307691174	0.153138816357845
-0.92435802021041	0.558626812826574
2.15759256692626	1.52112228839267
-1.1419911507535	0.984529863826103
0.469602716565917	0.190601252697973
-0.623998836959471	0.364285690153218
0.645345057742643	0.341881333289139
-0.58712664962475	0.279098454320091
2.37472616461454	1.20282054172587
0.174866744414616	0.0599504088128746
0.972026783845071	0.25740024127234
0.184291063239428	0.0465991085839434
-0.308580140182592	0.182491185828601
-0.58360967056609	0.277194542437594
0.171488774809756	0.0748342853660748
0.728114751107028	0.481169999250669
-0.368543813320687	0.204970707314746
-0.0348840452513529	0.0150440042213377
0.176552672502959	0.0605054209747227
2.76565792595512	1.71257889069178
1.09604044650511	0.53674230207234
1.59462863307605	0.801559751291256
0.179288966990059	0.0783220071040978
0.173781397466194	0.0672673338193835
0.192328312766568	0.103537382759728
1.29038264157769	0.715944044231122
-0.901124468685185	0.650494290426287
1.03089791210161	0.852496829034003
0.713492738665586	0.336741710182099
-0.745838143765145	0.322552749669043
1.08112885692546	0.527423768657872
0.179008086694114	0.0538125056714061
2.76219840038386	0.780594539857824
-3.99280599777723	1.72674829161483
2.76559849788836	0.78194178274137
0.964934921520073	0.255476948633611
-0.617339897765464	0.149284387408846
-1.11884555197394	0.337481516657706
-1.49680843456756	0.531963842405938
-0.612487701707529	0.148134994320372
-0.198045826596271	0.0637553577032532
-0.113832486018696	0.0406412674307643
0.884702543661069	0.657098772952364
-0.305306355026289	0.180404212924642
0.359410488406882	0.201718545504542
-0.130481447664855	0.0876411031033392
-0.088466548196257	0.0513923145912874
-0.0977108047345484	0.0760901725748956
-0.684526472745783	0.641646013825756
0.0178427998939158	0.00909532871228129
-0.230403624270025	0.168081049378216
0.90160889697185	1.04219724207032
-0.442408395017968	0.290820710296886
1.02584703335072	0.847529658530112
-0.102693747975878	0.0598784613534505
-0.414273537268359	0.351532353103375
0.494266612403519	0.338972263329643
-0.957190516318411	0.469930782197292
-0.0713064962239611	0.0280374659207112
0.687368688538373	0.21962274738387
0.818283383210731	0.494569935909608
1.29442909484814	0.718243358250439
0.178252692101149	0.0689778456927492
-0.768407845300964	0.414298071680974
-3.07402416243152	0.948685276185543
2.37939544032746	1.20665053912734
0.423037145612031	0.192927064612205
-2.57067328278635	0.665094197548339
-1.79839826083819	0.730397358466732
-0.758104372470721	0.407679415536017
-0.967623355013688	0.476706950621898
-1.45396691273949	1.00239409855352
0.473412187307329	0.192392641288017
-0.619231127581823	0.149804143358141
0.16619130625606	0.0315431724784316
1.05731446601517	0.404073999886943
1.05841887097501	0.404561121395212
-1.49561006114969	0.531433597211914
-2.76247452837762	1.85012473232342
-1.45254243626694	1.00143133266914
0.38473403393753	0.195290154229275
-0.0327198043145118	0.0141367073513677
-0.283646662783504	0.12882205540906
1.29596944158472	0.719833885534944
-0.749356140710198	0.324535436720139
0.571236565187199	0.33320789125573
2.29815851714751	1.79116271204627
1.29596944158472	0.719833885534944
-0.746370250650078	0.323005222200847
-1.09062250083855	1.04331136014108
0.571891981741611	0.334500521950834
0.988755238914853	0.677126663493356
-0.361828795083984	0.149260915758635
-0.922489533396105	0.557079884414992
-1.14197258920629	0.63237681125174
-0.0320556954064673	0.0138723453095663
1.05804592236107	0.404331959594976
-0.75936080088405	0.408110492389178
0.550229507129372	0.199823293779666
0.170980540506109	0.0745787492494926
0.548802214907851	0.199198529969934
0.874492170228076	0.647117161461014
-2.05313484261539	0.935622527916679
-0.329964215322259	0.0945505800706473
-0.460072046645022	0.237986725593809
-0.743204297243649	0.321159667249727
0.74313239272337	0.493635532877084
0.355771114127587	0.199380882387326
-2.09316317959996	1.58532970748798
1.60073869403017	1.73619473214206
0.570192613814152	0.333055140698529
-0.198027167012548	0.0637530672793308
-0.289732659813633	0.131772062525588
1.47946342653614	0.928787020386806
0.375279597143601	0.190243382513167
3.2811485523965	1.12364699463245
-0.320548811537412	0.09196618419473
2.13883702891477	0.967128437748762
0.169566032486793	0.032038095111837
-1.7934287506278	0.390727439150181
0.184338509014023	0.0553315106563962
-1.81787927394472	1.13671907258103
-3.45239496999294	1.22656388713544
0.165880035481028	0.0314978449610492
1.35170505429441	0.598459395279544
0.577189706467305	0.338125440029393
-0.288750642060377	0.131318240062622
-0.057073788337059	0.0342859115569094
-0.591935371885358	0.477815937977308
0.877733179409187	0.649408438889702
0.0762486748098733	0.0473504259605266
0.349326466707104	0.213533789435956
-1.09556663694425	1.05024794903153
0.869904864461924	0.796362196696784
0.447971686767017	0.34237184425955
0.564962745394512	0.473756297065738
-0.0598599396122386	0.0359647819703437
0.470454223537941	0.342665958567493
0.300145151278249	0.235835626372795
0.701480295296194	0.61295686252161
0.73378795431337	0.485216747609366
-0.746851805387566	0.322923852499912
0.174045724149933	0.0524237595938313
0.411750406988794	0.187355257598298
0.0199715317840751	0.0101707503957859
0.176104871449147	0.0767858321002302
-1.44262443352812	0.989701935493716
-0.366795601394091	0.151414835159292
0.964934921520073	0.255476948633611
0.927419410674345	0.504659925072578
1.64400433238929	1.15751085870934
-0.954079142226954	0.467974388796456
0.180484451327502	0.0542489043189748
0.963743115659934	0.255236344279286
0.474198126463934	0.19270082318148
0.182139556567541	0.0546506539851904
0.593578805353587	0.476265938409632
-0.378726465454496	0.211482877511914
0.0393724214786541	0.0216539247476669
0.671038578832311	0.479328552779409
0.166416934324898	0.0809024387405559
0.454666643238322	0.348606150450404
0.0000980641086830726	0.0000645166823628423
0.18861518405515	0.101313410041677
0.330556607963933	0.215716010643134
-0.653412140402927	0.451368086374977
0.927761212860556	0.807305899098287
0.491416203049128	0.336950335434905
0.0059504989797958	0.00373953121973651
0.588742401826389	0.471448446547819
-0.227963519231291	0.166040545417656
1.04780983053189	0.994775284795067
-0.166477249311961	0.0880858922604364
0.359083902999856	0.20100239472643
0.466036577605995	0.338556633860736
1.4226346464751	1.10885362592843
0.56443543560623	0.328564055211229
-1.32462940229791	1.30748356139427
-0.123443084067481	0.0689439719308387
-0.204047587147551	0.0656463968045093
-0.12134442871923	0.0677154944087789
-0.30991557322365	0.183417547861861
2.04471371320753	1.9390674416658
0.843067846343914	0.358127084535735
-0.040097663842565	0.0172022502253036
0.0552095461756322	0.0324074130830443
-0.565031353211673	0.40831006752518
-0.306654296200031	0.181269356631577
0.433841453488497	0.346730733249445
0.18333105103274	0.0983596582593947
0.171753346999323	0.0664367381108907
0.81669563394866	0.492872188070568
-0.216424325026491	0.106632547295065
1.29596944158472	0.719833885534944
1.98496253951073	1.25241110906749
1.07497696339453	0.523634286784949
1.09286125469016	0.53488830944908
0.549872383663091	0.199625186867885
0.544930490938392	0.197736218289966
-0.0767042932684281	0.0301187844629719
0.179746106686676	0.0540237006551008
0.17393620354671	0.0759396258326321
0.545282959725496	0.197930364047729
-0.113230095709919	0.0404357379191545
1.26820708940604	0.88106321902702
-1.32854077370434	1.08607541895333
-0.616393901203104	0.584352436382856
-0.990342306976135	0.880840958009692
0.086318590783896	0.0563376534669411
0.668391234530289	0.712447306559668
-0.583445244607756	0.598567562442839
-1.13023148027384	1.36644488766569
0.385361542393111	0.339008188796497
0.634299096545346	0.769260464598205
0.460360069980895	0.447885393644706
0.6092857037895	0.59072647406869
0.540739850158586	0.471030652754739
0.289158097611295	0.250191395355547
-0.261227750849353	0.162202571531505
1.07183423836963	1.14105368258211
0.716895862929234	0.338759360169462
0.559279891354939	0.203156285647926
-0.287595145898396	0.130646223105755
0.817145119949678	0.493160564113895
0.361301093405218	0.202812685385131
2.17725069183634	2.90205842396067
-0.0649333096273064	0.0256513420755379
-0.49650800501461	0.187033371669453
0.480792984491236	0.328140353406914
0.892141118236665	0.664872977687231
0.537359542339662	0.467108447744767
0.0963513568938729	0.0657020246400307
0.813270428778079	0.772686002435203
1.46341520408474	0.487915667204292
-1.49753171438992	0.532305096548695
0.173299717196841	0.0670382465534782
-0.254737050689625	0.157781174124555
0.0240220862900866	0.0121946536295762
-0.218789018469821	0.107823681182282
-0.284653669799497	0.129239420686653
0.363958698283082	0.204259370121033
1.79711528217269	1.41177849876114
-1.43125396951983	1.26482347543478
0.165628222485142	0.0568442631712225
0.844087147651677	0.358761656194149
0.00181769616178792	0.000698566150378998
1.63832456553324	2.10187920712563
-0.857070992599816	0.776200596261934
-0.198708781800099	0.147466461508171
0.00873843651623157	0.00593839949472119
0.409818972695601	0.352300576200149
-0.784002213296446	0.514080335876429
0.812408392146907	0.489092314535301
0.173299717196841	0.0670382465534782
0.37810711030828	0.191936066608391
0.46088454451348	0.186819328507984
-0.0317558329882926	0.0137401825492043
0.361704770230717	0.20306210710356
0.33813906636466	0.221443860859646
0.370088166502926	0.208254278102917
0.53352913901941	0.341218843848179
-0.245408775100169	0.151378181976684
-0.16386174868078	0.0865392502917037
-1.50069847674699	0.53359178068112
0.924962603347085	0.50266583546604
-0.579823900842027	0.27493142082693
-0.627494571940701	0.365998074645718
-0.461482616642341	0.23879114046506
0.968528234819241	0.658462817213608
1.68007062177634	1.58849579036981
-0.769777861105186	0.501300444826755
-1.0248382421753	0.810989322428659
-1.46086263654544	1.01004943199487
0.73100636032118	0.483686413121611
0.632692763791964	0.333766596119835
-0.118832847756901	0.0423587664894206
1.84302870233133	0.727219634707302
0.194681434547142	0.0581745250576467
1.47086646676889	0.49088731436037
-1.12519556185123	0.339754109482426
-3.99353761363935	1.72730759231309
-0.317416018020803	0.0910574544988895
0.545282959725496	0.197930364047729
-0.739611202446697	0.319530960174951
-0.572384808094621	0.270985430090942
0.391757757168485	0.333264989272369
-0.216887267614585	0.107029937446909
0.127962640072966	0.0918773774147769
0.116654700242203	0.086106666043031
-0.12348608505716	0.0853709644677665
-0.439627420403075	0.400646978120772
-0.260652818714999	0.228549990592995
0.891341614791648	1.13392409935873
0.534270254944425	0.615950008304404
-0.170678713500044	0.128591273237274
0.266787560185552	0.270719433852485
-0.346797983015863	0.327187484311206
0.50611732264031	0.452478964689418
-0.164782509506797	0.139803844685043
0.43500158391635	0.33018447325821
-0.380819625524883	0.213021300607111
-0.0839986552588921	0.0329139659696853
1.47897546128728	0.493826410303162
-0.222155298746123	0.109684977566308
0.865151221111042	0.790176267636848
0.344051131706252	0.209808218848393
-0.00910969913184772	0.00416450270231784
-0.491232144366944	0.184925459956005
-0.19265924146981	0.0621226000055922
0.550229507129372	0.199823293779666
1.70640276341121	1.98867480884479
1.87932186621081	2.46278520830127
0.196753742240757	0.114733036180619
0.187435346122179	0.047292837125537
0.165088029467664	0.0313824661178469
-1.11963574652263	0.337715170908198
-0.32485451718176	0.0931499749349684
-0.949535459478836	0.465423791967589
-0.158989226858584	0.0839434039407645
-0.317646248461522	0.22237758462347
0.176232064100282	0.0859104114803501
-1.81388479051505	1.1330778422808
-0.473699124027231	0.245927419505278
0.688185381402826	0.219868290083128
-0.224402112293809	0.110804049310539
0.679972492691959	0.487512329498151
-0.0753438397379853	0.0295740127918997
0.674455049111795	0.482993346758403
0.028047456203062	0.0141819616086627
0.813144950700945	0.646933767398062
-0.171599207850927	0.0908435912728291
-0.465370579277353	0.241032836868039
-0.625950057466608	0.365601779180712
0.40636922774147	0.184517959271917
-1.00468065811503	0.397286509564076
0.687453672774919	0.21969379736456
0.16619130625606	0.0315431724784316
1.27250032066977	0.885678399653637
-0.207562919758799	0.132921746480566
0.812203280086125	0.489868848095947
0.335918338863141	0.204157666894342
0.363147868351746	0.203725247583637
-0.195896300806791	0.0631110974355499
0.472589276523701	0.191952372408541
0.985587892433589	0.673981130193357
0.182784373310677	0.0625636986950216
-0.773367301544483	0.504856755385909
-0.312113475025851	0.184959345280195
-0.433092911328791	0.33167389522402
0.184102197064254	0.0987364887330159
0.344274374702756	0.20999171201586
0.555239766445707	0.201780832151434
1.35170505429441	0.598459395279544
0.843422236893639	0.358554124858322
0.548446031553528	0.199065921260852
0.179845637419764	0.0616123591521601
1.08290127590322	0.528883544665737
-2.57554526884402	0.666976966437407
1.48020902950819	0.494322465499196
0.550942476833057	0.200036223470925
0.165880035481028	0.0314978449610492
0.559556523494549	0.203384722969785
0.165880035481028	0.0314978449610492
-1.49633399610699	0.531774933095134
-0.201906699363454	0.0650030146049408
-0.364819497611518	0.150616499663731
-0.119909303090222	0.0668874627639448
0.0600226092008864	0.0352354787834243
-0.0385914348470861	0.0238668902639746
-1.41183750683978	1.69196746235991
0.471765717964104	0.343800670135293
-0.171511744473148	0.12932612349182
0.990557632458452	1.07983460544917
-0.270570257010398	0.193857084069222
1.37665651594778	1.97914838660163
-0.22579326528554	0.203174170992013
0.132486812741571	0.112733397326876
0.193750999623727	0.171565338451717
0.482772387124364	0.460198573765676
0.192135000497765	0.137722236595931
-1.04032789105112	1.07546851252343
1.4646350690462	0.48856709745013
0.183063896529214	0.0463401006276899
-1.12968819193386	0.341150094616032
0.475007766960483	0.193065395352787
-1.15436416331764	0.642873828649442
1.15733069835497	1.18937590532372
1.47032706033056	0.490703617760438
-0.496219048461158	0.186898738117231
-0.496157928957114	0.186946493085891
-0.625245167960616	0.364591881547135
-0.288074031163663	0.130880260550639
-0.0927089292235175	0.0539077570398032
1.00598616278388	0.823149169738497
0.165088029467664	0.0313824661178469
2.76671632811135	0.782410087450427
2.76219840038386	0.780594539857824
0.688637326691298	0.220082192676685
-0.168299799148586	0.0890436638208582
1.11092025038773	0.688135451235679
0.38977405899577	0.198420117281443
0.182017801365845	0.0794722024107374
-0.197681301235905	0.0636672013988199
-0.120597357209593	0.0429861315229494
-0.498862700186624	0.187901792146115
0.380050341217359	0.193069876623994
0.875182638200126	0.647654577037483
-1.01969965606934	0.803400651657133
-1.41625714759821	1.49035728264357
0.358055265617886	0.200620810496348
-0.985732802096346	0.876066261689138
0.71438258842796	0.337696483094953
1.29694224603895	0.720632879630045
0.17782934982735	0.0688077558569217
2.57541858467849	1.44359422805925
-0.580241473392003	0.275066476869592
0.178254851579563	0.0536080680261321
0.679183331131839	0.486663356889407
-1.90333039083956	1.83557161678599
0.561501245740954	0.470184327555676
0.17154224098598	0.0835280343115983
0.172463093000529	0.0752804629540888
0.478185042803442	0.1944268337106
-0.035848342346873	0.0154433891172751
0.181173119897413	0.0882650262509555
0.184464531049921	0.0631356689023766
-0.0307917040714927	0.0133425140623438
-0.958195272589579	0.471009369818393
2.15463203792772	1.51768623629584
-0.438644630078288	0.288095048508509
-0.51918264658985	0.323481102528656
-1.06405583936149	0.716181649376954
-1.5026235657887	0.534584753118728
1.10169679976041	0.679565458761988
0.365883756379416	0.205526981966896
-0.326043908260378	0.0934449166225896
0.689369698791533	0.22025689756634
0.681600849226051	0.217707538421281
0.16619130625606	0.0315431724784316
0.161251150232847	0.0308565698216007
0.169248055862235	0.0319917175833404
0.179274213223518	0.0454636418217038
-2.05281302393613	0.935366141453254
0.963743115659934	0.255236344279286
0.185076110728506	0.0555416222332281
0.167546613983363	0.0575001557873236
-0.772789201036395	0.504329997595922
-0.375000948905827	0.255288850711372
0.904851171346149	0.924087836095515
0.652787537308274	0.689606132723239
-0.370552208308071	0.252034898689183
0.286761282136193	0.247703066281853
0.988637937840329	1.36482388081751
0.191313891280794	0.125274418372562
-0.374736638396612	0.25534704217632
0.288665935037628	0.233878547865807
0.466075145855997	0.45505562740164
-0.169571997076992	0.111632545148256
0.047011470547478	0.0360722016002037
-0.170514528849352	0.112331062649843
0.57867489455654	0.488147782103766
-0.120844504686832	0.0430331190822174
2.76109157462938	0.779871501961836
-1.24355591656325	0.556790478869186
-0.904687498451909	0.652998742896095
-0.949973009192648	0.465713193619115
-0.6564977928782	0.454682969758605
0.928961000450359	0.506116010125217
1.48540688387219	0.93532571382083
0.736065632355435	0.488118614223059
0.923471706807312	0.501624006630074
2.16409260800261	2.23280157709325
-0.118711032020211	0.066221461933961
1.11994480901802	0.695159776821188
-1.11957460536364	0.337866341493547
1.46842163094462	0.489769078028611
-0.325663137440616	0.0933864485177264
0.708474059972957	0.334155380176658
-0.491232144366944	0.184925459956005
0.717457864617758	0.339107473871754
-1.30611117265904	0.810964663968012
-0.0947141977667697	0.0551090763791591
-0.115237892478501	0.0411160002983332
-0.0368124823398353	0.0158414603303477
0.0463801245049861	0.0254494602352594
-0.246040193612579	0.151812001477402
-0.88400367469414	0.728616908944296
-0.945856925405863	0.995793620361803
0.0162212553980584	0.0108989477228277
-0.204273390430162	0.130674473643053
0.386495188097618	0.196576734291933
-0.255435270797854	0.158272692558093
0.474050440587313	0.345390703805056
1.29885126971314	0.722984547000035
0.557018023353638	0.202406809251953
1.96276901321247	0.454520391574277
1.10703600887587	0.684696032671947
-0.219788262174736	0.108464474498506
1.10587531032344	0.682269234652023
0.98220036133324	0.670628077139517
0.486896077387052	0.333131131247847
0.967271104517323	0.256176548116206
1.59822664938579	0.803955017549079
1.37782417962313	1.27434841048306
0.551353578437213	0.200228094406705
0.636983430358421	0.48680689338531
0.360614771720537	0.202400418762371
0.383831520508066	0.194809237508958
0.319936078009964	0.232766868251127
-1.02163456506013	0.806427281891614
1.39724206527465	1.30236827488017
0.633001674036254	0.483204387069835
-0.12261043679513	0.0436371800151759
-0.13373932752609	0.047518908347534
3.27032462336087	1.11801013776878
-0.329512287054466	0.094417417841927
0.967271104517323	0.256176548116206
2.76219840038386	0.780594539857824
3.27393157336313	1.11982869858365
0.169566032486793	0.032038095111837
-0.325582325201124	0.0933470317045756
0.692481142426252	0.221366284684109
-0.608428787479893	0.147248610626808
-0.924526353544816	0.559720700777854
1.46157117379412	1.66228972121178
-0.927082716399413	0.561754288941631
0.448296353552878	0.342677944471744
-0.367624873751602	0.314882943003926
-0.693173627889714	0.652846443243273
-0.589006122127736	0.474769906385176
-0.303617338779982	0.26639606180722
0.211557367887003	0.164855920943871
-0.0474677538514942	0.0342432163289041
0.220905191362487	0.183968772276693
-0.0653703546336715	0.0474821474889549
0.995928971805024	1.08883852184019
-0.66652386607897	0.765557174828179
0.385793677114431	0.4107559708422
-0.339579729708527	0.295557872872084
0.347152388086708	0.212007723924068
-0.955633680315855	0.469059081581706
1.47333622017027	0.491753136545405
-0.381637068736501	0.157444669129105
-0.46918161652523	0.243162559141836
0.973117039895953	0.962890735943614
-0.0644951458755025	0.0387676564170814
1.59757756153107	0.803585700329386
1.80488982183167	1.01914911411703
-0.496879333423488	0.187181684059415
-0.367460036621532	0.204156869469329
-1.22766515853477	1.13007703709897
0.464665205463854	0.337413821035821
0.429081550507413	0.342125027708497
1.13012737880882	0.864364305910633
-0.208647529308682	0.0670988682939245
1.46964366147565	0.490422889690681
1.96276901321247	0.454520391574277
0.169566032486793	0.032038095111837
-2.57036588579023	0.664816582891659
-0.198392257320092	0.0638832149326698
-0.763298680625026	0.410512814307639
-0.228842789937547	0.113143896081497
-0.471046780339722	0.244225289082318
-0.438355264586568	0.287836088875182
-0.507762786116106	0.191656966756571
-0.999116065979541	0.394904057507624
-0.586472142319065	0.279009923568439
0.0270003694628519	0.0136395240057418
0.805951640431081	0.484207115987728
1.10928729951816	0.685603281969023
-1.1255908247613	0.963939627958314
-0.687368758657576	0.543412915453716
-0.926306712319901	0.559743668079021
0.183222271364428	0.0550052131678393
0.169031458921113	0.0737154132744265
0.687453672774919	0.21969379736456
1.34534186074161	0.594787167003823
0.713492738665586	0.336741710182099
0.41751595322331	0.18993514319526
0.962553055030982	0.254827961566665
0.171255302338825	0.074621055277552
0.183222271364428	0.0550052131678393
-1.80635210449353	1.62426448991726
-0.205289548478127	0.101008173805206
0.808831463718077	0.767751050663431
0.32162044233907	0.222343452814351
0.81669563394866	0.492872188070568
-0.0743029388377007	0.0291787825838512
1.09068266896519	0.53365980825127
0.921978899173054	0.500456159670338
0.845460532244873	0.359623499672993
1.84570196896662	0.728945119955139
0.180860449097146	0.0543198851417517
-3.07822553691956	0.950796797182827
1.96372117107544	0.45473924627511
-1.12396372987595	0.33934973605565
1.47579162106182	0.492713238749138
3.27032462336087	1.11801013776878
0.682339311812087	0.217953944354753
1.96372117107544	0.45473924627511
-0.612487701707529	0.148134994320372
-0.129273437849383	0.072257639225984
0.169566032486793	0.032038095111837
0.599963004304489	0.482875298303201
0.627268546264641	0.477556782182662
0.911582257885167	0.93374663970418
-0.581571845719854	0.467016812360162
0.205149417020542	0.159311365804609
0.498940015478077	0.462798275650321
-0.677963389449205	0.586504056747224
-0.298336445792919	0.240253606209053
0.198208553085142	0.18014580749298
-0.131372005550539	0.11120463689621
1.00425569411439	1.10132525742116
-0.246778976007016	0.199018744784101
-0.465461436790944	0.389955779264815
-0.31183823707073	0.217686972085514
0.962553055030982	0.254827961566665
1.96372117107544	0.45473924627511
0.692028142380155	0.221092112401465
0.578027994026891	0.338686896127723
0.174899169086388	0.0851670042735498
2.13736636122811	0.966264970252144
-0.370774307691174	0.153138816357845
-0.193635710912812	0.0624291791544377
0.421535105098108	0.191882688029205
0.417095052321074	0.189979485780762
-0.133529709727971	0.0474373023739721
-0.471569051111727	0.244425430336091
-0.461728385324316	0.238660986658471
0.175745590350331	0.0855812941878132
0.816879544718996	0.650890637689635
0.170204635974754	0.0658221688594806
0.850069339148531	0.361876749971404
0.687001483078787	0.219402881860221
1.46910411205871	0.490049168285487
1.47525146835293	0.492648627415429
3.94131434673369	1.74409517718346
-0.32485451718176	0.0931499749349684
0.364378997890319	0.204781256203761
-0.0049393534818873	0.00230564365384749
-0.278582186712926	0.126132571585093
-0.616471441139481	0.358580964007913
0.383521391639898	0.348489586469867
-0.51714701522121	0.322213219035816
0.423242753086814	0.336285111910751
0.586991238034687	0.561994070972938
0.172967028556388	0.0841431805428313
1.10751511221924	0.685107750604501
0.165869946481334	0.0723513356229059
0.337438273409079	0.234906653742348
0.719068872417077	0.633642214462972
1.80512563394182	1.01928780972392
0.81124809672461	0.489084180161339
0.351591370973379	0.215134110465515
0.576770649513932	0.337159980834666
0.333835672673505	0.218191579762511
0.565469428525095	0.474420751066047
0.467355746271689	0.339761399408605
1.47004343096047	1.67619998855269
0.919156689971182	0.498852850232134
-0.0698755855518956	0.0275162464102779
0.630725848696468	0.332358297268628
1.08826942096698	0.531593308943842
0.559556523494549	0.203384722969785
0.682339311812087	0.217953944354753
-2.57067328278635	0.665094197548339
-0.613682540053849	0.148388769407339
-1.80294806323006	0.732963939188901
-0.367482795427577	0.151747328963065
0.819520831091953	0.495039908053714
0.164778629348208	0.0313374327003096
0.173299717196841	0.0670382465534782
-0.960512091527211	0.47234833068897
-0.0605031747782164	0.0363567982819371
-0.065472242977769	0.0393635583779277
-0.373092881146186	0.290235694742211
-0.674653342639341	0.582337274024314
-0.0546458595309837	0.0395175044501604
-0.0949042252786629	0.0666490686875893
0.139976842481715	0.119693044670178
0.00530728664905437	0.00333780807078248
0.399845245434977	0.354676592968985
0.118289056787632	0.0926230528323054
0.551310375324488	0.625066299626855
0.288606201113595	0.249605305223093
-0.706522878047906	0.760143050901574
0.462452838914639	0.450565924711095
0.00636134134411531	0.00492897427271309
0.71997230620103	0.340590077078722
0.184291063239428	0.0465991085839434
-0.764473344229221	0.411891470010967
-0.033943279991773	0.0210054834656051
-0.586094131867088	0.278540640573356
0.801576234551116	0.634522974883507
-0.194113630428157	0.0625242468970416
0.178254851579563	0.0536080680261321
1.08850211338313	0.531958239000341
0.181173119897413	0.0882650262509555
0.00181769616178792	0.000698566150378998
1.37103010021878	1.26453589433451
0.43146663899456	0.344296597234094
-0.312948609769638	0.218626802844345
1.55414973543095	1.33688595938058
0.345830254178461	0.210744137311742
-0.123443084067481	0.0689439719308387
0.382365933332408	0.193896166188192
1.84022304372881	0.72612017307568
-0.118624043511714	0.0422812637605863
-1.12899732880063	0.340924693999455
-0.320548811537412	0.09196618419473
0.166416934324898	0.0809024387405559
-0.197335094105888	0.0635174359839544
-0.203337770567853	0.0654100202274196
0.183834597820551	0.106753320725354
1.24323441958004	1.21333367026199
0.452723327896492	0.346796440099794
0.587123184541928	0.46979050259852
0.81624591352711	0.492517136377381
-0.00457945021226883	0.00213205284953204
0.676291120590865	0.483917748084277
1.36003043375151	1.43916215577129
0.678515583411555	0.698780184723888
0.92795200654767	0.807072869999963
-2.2619770949295	1.14052765991814
0.469214796260205	0.190439621590192
-1.00906318075178	0.399734482931109
3.27272750868887	1.11966450015405
0.555949767102404	0.201992647886448
0.164778629348208	0.0313374327003096
0.963078860472085	0.255236868510046
0.686270437198953	0.219228628867356
3.27272750868887	1.11966450015405
-1.49830311184485	0.532694389774889
1.47525146835293	0.492648627415429
0.689369698791533	0.22025689756634
-1.45133406821936	0.999426352901855
-0.519452041717989	0.427371975942229
0.684530346429255	0.707594025363771
-0.410337666985505	0.347413484681855
-0.881574959876683	0.725469530140485
-0.0189203157602294	0.0119725532585042
-0.00275724370833517	0.00175656448453377
-0.117007735604368	0.0900647173850148
0.0423373778441803	0.0306766347652844
-0.429617311008073	0.388974508301265
0.20189242553243	0.145517895783411
0.206903078207188	0.165959452783062
0.0347445495713143	0.0258884413574392
0.489661691456367	0.451541787004293
0.308495376615367	0.223221544318951
-0.630216327893572	0.602271789229439
0.417970167573709	0.19018267865932
0.185076110728506	0.0555416222332281
0.359930964398307	0.201918928219983
-1.62835177325992	1.65837232660777
1.55468879801025	1.33798691123061
0.321765273896812	0.209195157027728
-3.75264910584631	1.48269475206903
1.4745635305468	0.492365493098567
0.186844370673101	0.0816243410374629
0.363574068207238	0.204265331539551
-0.914854800423656	0.663161794481607
0.707502025912079	0.620134627832623
0.453693318958742	0.347715369391461
-0.373719785087484	0.254504205375968
0.351428740733956	0.231344727349592
0.883075365047084	0.656347946170597
0.417062916255739	0.189649784747185
0.163596511212999	0.0561917237218299
1.84022304372881	0.72612017307568
1.4646350690462	0.48856709745013
-3.07350260546998	0.94852963330217
0.961881298984383	0.254903830883264
0.553818419026129	0.201156081038653
1.08926409935927	0.532162498193947
-0.580241473392003	0.275066476869592
-0.167714992339694	0.0887250239976798
-0.0692591115289114	0.0273025738710254
-0.217393758803051	0.107122082088448
-0.920084687619294	0.555546439985027
0.0386147013921523	0.0212574110074662
1.2586211673701	1.06276974283368
-0.88162437348344	0.725567923655335
0.629757564812337	0.331740602497263
-0.370661942962159	0.206425497471923
1.1012159665162	0.678789772437955
-0.281715498941186	0.127899696441362
0.632212154631025	0.333499052061704
1.27122171597605	0.886083902645374
0.927419410674345	0.504659925072578
1.36038369936472	0.60266546287319
-0.275082578998395	0.12461020602859
0.179369859705814	0.0539368960907662
-3.0729809879685	0.948009080411761
-3.07928878926676	0.951136693928373
0.165088029467664	0.0313824661178469
-0.612487701707529	0.148134994320372
-1.79346061997896	0.390723019452767
0.473412187307329	0.192392641288017
-0.0723431482158385	0.0284413766788247
-1.79785205353169	0.391773074809323
-1.26339363610792	0.568335202679857
-0.929090880386409	0.563734934176912
-0.518120715741543	0.322923958746693
-1.40530543723451	1.86689278206413
0.314286526097491	0.216534142854698
-0.696804563481355	0.703295725738148
0.68737018665068	0.711653326739192
0.451282180271848	0.436625589762778
-0.440700872894132	0.289754835102692
-0.237087242482054	0.195670138365461
-0.29544344471522	0.257889817418143
-0.270519670439019	0.193838035381933
0.19520836742806	0.140165506186693
0.739700272833053	0.490664471316707
0.541280542885989	0.564168754798365
0.608307567243299	0.589588275686958
0.472235247825474	0.344126268719521
0.465059836542953	0.188687227798385
0.165880035481028	0.0314978449610492
1.35348220382035	0.599165579425034
0.568269319902031	0.331667325503379
0.84874813165367	0.361333340145203
1.47525146835293	0.492648627415429
0.190227360278882	0.102292567341207
1.26415962895867	1.07023521037147
0.340610054029737	0.237421759432003
-0.281448837573168	0.202658674803982
0.980589958992227	0.669764546264923
0.677254404112278	0.484862051665172
1.50268180875149	1.97494977495692
-1.20049136597704	0.8938214441956
1.11073141055571	0.6870550730658
-0.612487701707529	0.148134994320372
0.183222271364428	0.0550052131678393
1.05235833798367	0.401844810202421
0.17428253189649	0.067415215827049
0.168550105131561	0.0578455983856731
-0.198392257320092	0.0638832149326698
0.967271104517323	0.256176548116206
1.58866236447733	0.797442847102933
1.58866236447733	0.797442847102933
1.08689352395271	0.530899521060822
-0.742999576925343	0.321112332047333
-0.198392257320092	0.0638832149326698
-2.04755645131174	0.931787975309293
-0.745228434114775	0.322263483734654
0.70672159969024	0.618894992286675
0.197745910578472	0.12997337201954
0.164704369211552	0.0637736743132212
-0.489856985322731	0.365145087898231
0.342502887598302	0.208839421433687
0.555958404732527	0.201933005186322
-0.120236251257486	0.0428246322371381
0.843443663477006	0.35876328544495
0.420069045320565	0.191400705847022
1.26961007893918	0.882587881958876
-1.49680843456756	0.531963842405938
-1.7934287506278	0.390727439150181
-3.74479839827737	1.4781183796158
-1.7934287506278	0.390727439150181
-0.320548811537412	0.09196618419473
0.185454319096416	0.0556335769192585
0.386671632527198	0.196491681655945
-0.0219316805205176	0.013859050353535
0.434567906217438	0.347376399638995
0.0242555813739829	0.0122749890454899
0.208071832103703	0.15038215027055
0.361864128691036	0.2031589317459
0.204599687217883	0.153377719163831
-0.058053319555894	0.0348703085699336
-0.126730208294006	0.070769405016569
-0.305660592357829	0.268505635915955
-0.220520066173489	0.142056700983453
0.192537333671663	0.103533662094283
-0.538088773047913	0.556012917139215
0.4922278117701	0.454669448049174
-0.033943279991773	0.0210054834656051
-1.00306966229617	0.39683135622738
-0.195896300806791	0.0631110974355499
1.79735326115075	1.01311417453716
0.983858764602607	0.673122804983026
0.844102061792565	0.359001237920257
1.92731558900653	1.66796039320286
0.810855789571759	0.64388393674856
0.000947783886823128	0.000321818838064064
0.819170327699855	0.653521071123489
0.0770604516806271	0.047848501724355
0.528073689133642	0.336839927149908
-0.116891105279151	0.080579323995184
0.51821912430228	0.329573048265852
0.887667356446487	0.660237434615358
-1.7934287506278	0.390727439150181
-0.581847550422513	0.275967887685595
0.686626809163374	0.219374653716057
0.169566032486793	0.032038095111837
0.187435346122179	0.047292837125537
-0.613682540053849	0.148388769407339
-0.319817646410374	0.0917687104349087
0.172220859005393	0.0750626503511875
-0.19265924146981	0.0621226000055922
0.57294505679917	0.335077050913598
0.170709462001122	0.0660923528424984
0.0438232263801442	0.0240477107320088
-0.463682805782788	0.239718370627626
-0.115473906926174	0.0643280738580783
1.4799860034999	0.929689677882191
0.173172963412472	0.0593410227334845
0.179369859705814	0.0539368960907662
0.689821397698691	0.220399946218977
-2.57067328278635	0.665094197548339
1.46585570298693	0.489030037475911
0.165880035481028	0.0314978449610492
-3.45796583598768	1.22919156297893
-1.46866112126051	0.740037005484058
-0.465544060331117	0.241292589961914
0.0759317256241065	0.0471483267140165
-1.07971629283377	1.02796439941969
0.0564151580127435	0.0330984925433234
1.15777034749623	1.05370948518366
-0.7797002616018	0.726101372031299
-0.865944772420059	0.787047239920801
0.343676905356732	0.209562328034455
-0.763797833927605	0.705884856882721
-0.521411379548421	0.429375519650241
-0.625730679718625	0.596521509964734
-0.982716344028616	0.870907907962831
-0.247370216106075	0.152705539805466
-0.0987289978795896	0.0694458996859277
-1.31872829278474	1.07273835592196
-1.25292634738104	0.562158900236561
0.963214248695465	0.255090594573707
0.820919825582127	0.49618616069923
0.171753346999323	0.0664367381108907
0.736872469502959	0.488753858658166
1.08472372915003	0.529767293701169
0.886285446820221	0.659157886187198
0.379966500012769	0.192949228392677
0.189000913467687	0.10152401477117
-0.618535635333325	0.149538863092151
0.967271104517323	0.256176548116206
-1.50289020322423	0.534512321528133
-3.99861681475654	1.73147127002256
-0.286558806750232	0.13028727365707
-1.25424497835742	0.562892657997906
1.27437926014846	0.888249511562815
-0.778565205635409	0.662499043790513
1.14768629715479	1.0396797866016
0.191775636610724	0.11158696302725
-0.495188624132318	0.186487217221814
-0.613682540053849	0.148388769407339
1.98689026167456	1.25453191248057
0.967933372585482	0.256362285789635
-0.325582325201124	0.0933470317045756
-0.129371030234611	0.0459892945729162
-0.468133483697033	0.242564260571052
-0.261605283788751	0.162549314133596
-0.670754124318383	0.526088592905027
0.172609205038489	0.112141077360995
0.187525658362244	0.122720089338145
0.606731256582235	0.587401287365603
-0.536215943584733	0.444717899589339
-0.294990700743805	0.237150434298224
-0.179483992195566	0.135919523636978
0.626054696284276	0.585898286806195
0.455815261777085	0.442309343410055
-0.628216075335051	0.599624671867936
-0.574892322219127	0.664329765973341
-0.377203154687186	0.294014486927812
-0.128899486966212	0.0865143515541248
1.08670587761131	0.531285464915701
0.471824602510079	0.191574432510034
0.985905004093404	0.674294853413815
-0.417232445042587	0.316937211283143
0.345769851907206	0.210908589162469
1.41651636855682	1.10048573230299
-1.52532869971997	1.44903772034399
0.0360376049285146	0.019841736632796
-2.04916059733046	0.933046655798162
0.580394373911783	0.462932349353197
0.482226797226873	0.329426100164531
-0.087590085090101	0.050862707155869
0.701791453185767	0.613450237293021
0.42780297193683	0.340828745129227
0.330178094734362	0.215378143926406
-1.11951983581622	0.337809535545767
1.96372117107544	0.45473924627511
0.178254851579563	0.0536080680261321
-0.497911182849863	0.187527814828396
-0.613682540053849	0.148388769407339
-0.999444223472655	0.395011962383954
-1.4631708740279	1.01139785545122
-0.010977122900328	0.00499807727316028
-0.962318898435874	0.938451412108482
-1.19842477153765	1.38378634014998
-1.0811345607666	1.03066235244407
-0.108856169289597	0.0747197386026478
0.0240971426637048	0.0168462623930153
-0.379055619737717	0.295692748625566
-0.156212570677683	0.134629717358439
-0.456298666994128	0.380427718610867
-0.695806746733061	0.743737516461472
-0.0675821816691836	0.048071497277622
-0.0982615093716677	0.0690929079570766
-0.255962523402666	0.207617559717226
0.657983650624136	0.786332499174626
1.33334248424428	1.70898644012363
0.173299717196841	0.0670382465534782
0.62878945066513	0.331099492770919
0.80555127144525	0.484193467780324
0.668453520203176	0.477101926903213
1.39643937305984	1.87477837574816
0.567732756331836	0.331199818734752
0.0447982200865539	0.024582061525789
1.26527923210759	1.07215103565834
0.531907348545673	0.46132710321991
-0.701794429638729	0.239974906557054
-0.715039483836906	0.244812936335783
-0.326043908260378	0.0934449166225896
-0.613158918177153	0.148231887572971
-0.326771057218117	0.0936418390224184
0.18374299244507	0.0464795790495071
0.967933372585482	0.256362285789635
0.164778629348208	0.0313374327003096
-1.00377782576872	0.397156038036369
1.67346513382799	1.57605370604336
1.68333046331629	1.59295411519027
0.487615014256659	0.333923834203426
-0.586167153234994	0.471811381450283
-0.141997867836521	0.0959018961955965
0.277946114446511	0.24582529003627
0.578783178611651	0.574687067092724
0.122195066872538	0.0904686004304081
-0.305766844566202	0.288174004820783
-0.131367494001135	0.0734034594111423
-0.453097556086147	0.376941743055549
-0.192964006860903	0.163023461156024
0.109224693546408	0.0850542241890065
0.296565828715576	0.232588122102157
0.109586014560684	0.0779899702326313
0.208814385344769	0.156826227127723
0.688081473066495	0.712594577949133
0.375212081097846	0.190126338075062
3.27152519356808	1.11907150574555
0.524966373454343	0.334748980203243
-0.887355521974639	0.732462090535013
-0.294159804877518	0.133839821736987
2.76330811440907	0.780761067286217
0.182127759283471	0.0623387262762059
0.180484451327502	0.0542489043189748
-0.32485451718176	0.0931499749349684
0.183063896529214	0.0463401006276899
-0.708961798888886	0.242591076534355
-1.26377029644958	0.568815934452661
-0.697936306259444	0.23851153813937
-2.57067328278635	0.665094197548339
-1.00906318075178	0.399734482931109
-0.198392257320092	0.0638832149326698
-0.763778251086667	0.410810042358742
-1.07913234545032	1.02742655949246
-0.136856738463284	0.0921919110041919
0.944598907166841	1.25672887738902
0.400336895466403	0.342341567072639
-0.456742605796128	0.380723749038183
-0.0575153322105911	0.0416343024211055
-0.392020946957863	0.386696137030687
0.35256941583792	0.352457415483261
-0.426855710850586	0.418401670708682
0.369353678936742	0.353660992389509
0.457351401005607	0.444297083314527
0.360644896912722	0.343448121000294
0.197859393124752	0.130057283832703
1.46964366147565	0.490422889690681
-1.49608539149807	0.531478987360942
0.543505930404764	0.197183116271349
-0.197597154874105	0.0636622682021146
-0.618535635333325	0.149538863092151
0.165088029467664	0.0313824661178469
-1.79346061997896	0.390723019452767
0.968469219672053	0.25651021792255
-1.14427496162184	0.635167290809265
0.849767099826588	0.36182590832994
0.181837521716867	0.0460537144756759
-0.124837825991722	0.044401537177189
-0.0396497643870637	0.0170152108658959
0.977845529193078	0.667057131920567
0.923110381278759	0.950423423044462
0.196775551776377	0.146880504493797
-0.332709373735017	0.263502027546387
0.00900287405514187	0.00568359166563615
0.308744164372256	0.233991067135881
-0.0422523148382265	0.0315606729017971
-0.406972381119473	0.343895859919672
-0.175736130473657	0.116037534531595
-0.55180806600788	0.574989156287301
-0.331000557544997	0.286666516055043
0.291981773884742	0.237102354453468
0.305716589046343	0.240991904962353
0.839978138388155	0.982199062330532
-0.496219048461158	0.186898738117231
-0.613158918177153	0.148231887572971
-1.7934287506278	0.390727439150181
-1.79346061997896	0.390723019452767
-1.79346061997896	0.390723019452767
0.961881298984383	0.254903830883264
-3.458653795075	1.22921792319031
-0.368797089997939	0.15229369927963
0.181837521716867	0.0460537144756759
1.47402323433779	0.492035659807906
0.173670407257701	0.0758599785063536
1.93048480772815	1.67326356949725
0.176153303514499	0.0768420887607494
0.127490852336147	0.0975837074027631
0.405536974877504	0.347653580655063
0.536291276329201	0.557281198899892
0.307181180429383	0.232569844260171
-0.037930967205162	0.0234597491794635
0.13973139157664	0.119467174803679
-0.443905638176634	0.405562714485337
-0.10187764334752	0.0812632040215241
-0.49084388251459	0.544977196847597
0.120374745942505	0.0943964502630467
0.435192283054139	0.347939739899192
0.0600521746888937	0.0463789390110479
-0.708956040781869	0.242608405956901
-0.204757848785698	0.0658672528023289
0.164778629348208	0.0313374327003096
1.96276901321247	0.454520391574277
-0.702869188746056	0.240388371983744
-4.2124349331159	1.98025384487237
0.165269467576215	0.0567322398236612
1.05693634570001	0.403813519694082
0.85438480250648	0.364063650514856
-0.00361270140859421	0.00171546122725444
-0.477585116045246	0.353861258041737
-0.9462944335953	0.915555954121074
-0.852583798540709	0.905845918237679
1.18225340977903	1.3546404989073
0.485064477837584	0.462932737339509
-0.212979380661759	0.194200670381436
-0.237390985990987	0.228234177007618
-0.172076390070471	0.146714874036667
0.293235910001502	0.261982593137844
-0.119941744055265	0.106627897586726
0.617018788173482	0.662038543379108
0.0804792317083373	0.0500737582862648
0.0882214897397907	0.0575946324817311
0.934718355395419	1.16920976486729
-2.57522664974505	0.666917731403372
-1.7934287506278	0.390727439150181
0.160144755571284	0.0306956063740573
0.17863134392367	0.0537118645556901
2.76559849788836	0.78194178274137
0.972026783845071	0.25740024127234
-0.743607658160876	0.32145501649726
-1.01014139129076	0.400088841211607
0.0216938084249666	0.0110231022914075
-0.67949661208348	0.588119117138542
0.328691995773781	0.227973024266233
0.19677760988373	0.129267411366058
-0.128899486966212	0.0865143515541248
-0.840393577323451	0.886712781369423
-0.0192360755504979	0.0121743106936886
-0.512555690689847	0.420060492239882
-0.182119289333843	0.13809184061277
-0.190588759741724	0.145223557216965
-1.00843395564597	1.1138211207948
0.66630248994587	0.60581801073536
0.200352838907816	0.155134053450627
0.18687308327199	0.108652177846909
-2.57067328278635	0.665094197548339
0.182384642090162	0.0461735738884295
-0.507762786116106	0.191656966756571
0.174178182829632	0.0597072241968293
1.06486169296399	0.40740811103867
-2.57036588579023	0.664816582891659
0.973700125174021	0.663194565390206
-0.163303686409241	0.0863355883497502
-0.285194281609299	0.205808098710624
0.0571785519681671	0.0335733789118443
0.480054695936957	0.456999253782452
0.203477618300115	0.13409609803742
-0.578552512957371	0.59174195056536
-0.257175418116943	0.20871590820745
0.204895581923112	0.153637997152496
-0.213277801553294	0.190226901913635
-0.0785470381855698	0.0561290951055731
0.120482916830501	0.0944727678629126
-0.2117633374118	0.158310040054231
0.481344772242924	0.473912850177506
-0.0886262136083338	0.0701111271423623
-2.57067328278635	0.665094197548339
0.18374299244507	0.0464795790495071
0.688637326691298	0.220082192676685
0.16619130625606	0.0315431724784316
0.165088029467664	0.0313824661178469
0.528435053929874	0.337126728702001
-0.647156630606421	0.446393432398191
-0.20451753117069	0.13090066866932
-0.282147739038052	0.22506274130641
0.487770004480458	0.333726276740299
0.419619415057214	0.348093036776804
-0.374353087999971	0.32202179460019
0.803790205626666	0.865431071100056
-0.234620553221153	0.171544486390271
0.345295475880766	0.210363306966702
0.197602800586966	0.162346684251595
-1.1697783905659	1.18649271111445
0.508105905706887	0.535258623898739
0.670926898722131	0.715553732973448
0.0931921002274832	0.0634694620041971
-1.11760971687047	0.337077079720442
-1.80294806323006	0.732963939188901
-1.49608539149807	0.531478987360942
0.18374299244507	0.0464795790495071
-0.960076629494688	0.472175041863433
0.335695127871372	0.203948306283786
1.13863111208181	0.873451078168993
0.809140797854937	0.968041094731068
1.2558365845456	1.38447389535111
0.405850096067044	0.334187404677636
0.928463498665234	1.1576960754309
0.101214632671565	0.0691655778164926
-0.156801218406371	0.132265871850105
0.0732645874617246	0.0454864829949231
0.0468156441174831	0.0349926762787638
-0.0343217975891394	0.0251376668797541
0.00940866171674338	0.00638087367826563
0.204378306853236	0.158630436003034
-0.0578438111000901	0.04186655364124
0.103276546445246	0.0732697691766553
-0.158277422346857	0.0835346648677236
-0.365376793227214	0.150864261510649
-0.879891222608069	0.723551643764995
-0.703264262088321	0.240508331840629
0.174541561886268	0.0598418639345934
0.161251150232847	0.0308565698216007
-0.613682540053849	0.148388769407339
-0.325663137440616	0.0933864485177264
-3.99935046432113	1.73195235526657
0.846123820020908	0.359830157453413
-0.127556288694605	0.0453800297214771
0.848414965901682	0.36114715155684
-1.30599228124743	0.810019443251717
-0.0957536190158642	0.0557287330533
0.299138777324827	0.234881915432561
0.193392229345436	0.138741787632993
-0.760436465732848	0.756152299122899
0.416499131390187	0.359235211770234
0.284180456051353	0.252391372479446
0.206849082315973	0.170929338432767
0.458739975961997	0.445846436376186
0.117081332604429	0.0891143443228601
0.491441084025101	0.453902533750427
-0.17773781296226	0.117434742042949
-0.544716914878683	0.565187428752259
0.443500650791695	0.440625225745431
-1.48010453776412	1.85627903197451
0.320347817181965	0.221273096247061
0.916178343005097	0.49673642039614
0.815240560226625	0.491470741167073
0.821648403827165	0.497401752754441
-0.00555278342587929	0.00256726351298212
-1.25226765229536	0.561714594424903
0.184291063239428	0.0465991085839434
0.187435346122179	0.047292837125537
-3.07350260546998	0.94852963330217
0.963743115659934	0.255236344279286
-0.997328550332801	0.394043819742935
-0.60895933746012	0.147406558741333
-2.05374438218374	0.935794570904203
-0.371379626022628	0.153598746677341
0.0456408274159309	0.0250734385608447
0.0235967504498723	0.0119660507905141
0.0603575503820946	0.03541030668552
-0.0856593974553326	0.0599031911843811
0.490739839834777	0.453099721109229
-0.612569788907066	0.671788467275808
-0.693075008508278	0.739674620998794
-0.373616965341623	0.321259224808059
0.80696051960601	0.869614546104974
0.198905378942507	0.148620584655241
-0.946327997510942	0.996995145266059
-0.0421650780401421	0.0260698296714805
0.57923750533778	0.648794304894057
-0.185181989219963	0.16900727247181
-0.119692640269068	0.0922624050999409
-0.458942381650972	0.38313588054733
0.169566032486793	0.032038095111837
-0.584123953425108	0.277507589915137
-0.20601843319258	0.131873897740295
0.183685846851525	0.106736997846369
0.328905857096035	0.214404868428255
0.161985403980328	0.0706286438987268
0.177897745896969	0.053489137684244
0.0039899306727013	0.00166558315370994
-0.451733154039683	0.232829989273581
-0.773027721133206	0.41756737591432
0.186688188991786	0.100192298959645
-0.274102971264596	0.124153933713424
-2.57554526884402	0.666976966437407
0.964934921520073	0.255476948633611
0.169566032486793	0.032038095111837
-2.57036588579023	0.664816582891659
0.182281708516407	0.0461365657769329
-3.07350260546998	0.94852963330217
0.176825054435177	0.0449204608148946
-3.74551962293396	1.47870416259712
-0.622767009400713	0.150536739427417
-0.204757848785698	0.0658672528023289
-0.948202990675828	0.464548745349755
-1.1363383518776	0.629361272470029
-1.15065635770234	1.40669099856434
0.0138806462132656	0.00934362764915405
-0.0826906783057558	0.0577383753250581
-0.373505790009808	0.321184929361474
-0.844507526634699	0.953050748115298
-0.236341007716856	0.173001177557247
-0.769433792669759	0.769106384891535
0.100618834252199	0.0712991659913017
1.51645443417913	2.39221960113885
0.199118196363999	0.158964128907521
1.49879283621788	1.51433073124592
0.802176874591638	1.04258682605526
-0.0181630315604636	0.0114908643546391
-0.378466274248484	0.211008476856816
0.178254851579563	0.0536080680261321
-2.57098043849301	0.664920470822356
1.84066711299049	0.726365639107333
0.527916862255605	0.337113221578098
-0.373810451189201	0.154600652368187
-0.585153405541424	0.278063165251053
-0.503804509378522	0.19008371969888
0.180484451327502	0.0542489043189748
-0.386499184255435	0.160299389123232
0.837465225516326	0.355658923973244
-1.12086886051128	0.33811902750598
-0.196970790009868	0.0634432336968819
1.35458372256336	0.600126054059965
0.968469219672053	0.25651021792255
-1.79785205353169	0.391773074809323
-1.7934287506278	0.390727439150181
-3.44754089021611	1.22379406077669
0.963743115659934	0.255236344279286
0.968469219672053	0.25651021792255
-0.613158918177153	0.148231887572971
0.495599215755426	0.340163754870829
0.165759159342809	0.0641584131500615
-0.921809985703141	1.03154327426846
0.685246186022513	0.708311549904186
0.187436514530218	0.122652099790759
0.665413962798449	0.605087768033161
0.368466130376427	0.342446722662115
0.0361516543248075	0.0269402422549504
-0.39472600970071	0.390122052517047
-0.169616484101029	0.141098836535894
0.360937037259525	0.343814262463232
-0.583748813852973	0.598886732745904
0.879930061076317	1.11303812769489
0.197411365400028	0.157340329047969
-0.224212136059118	0.183601119123272
-0.0529566568957657	0.0318089171478452
-1.19454676737073	0.886609430036024
-3.7511927754544	1.4825089606666
0.473412187307329	0.192392641288017
0.385003501351266	0.195798611440731
0.357089673590033	0.20000276526148
-0.0104887646970667	0.004771802762479
0.46306655364777	0.187776589424895
-0.631247485194141	0.369575847070713
-1.32496464099395	1.30806783253627
-0.470075857935412	0.243702004865756
0.937292815525257	0.511348652917452
1.05878746464103	0.40482083139178
1.30090052760141	0.724081434804544
-3.74696276382151	1.47929664249189
-0.325121870470423	0.0931632456849071
-1.12519556185123	0.339754109482426
2.76671632811135	0.782410087450427
1.96372117107544	0.45473924627511
1.96684138854469	0.455504908505281
-1.26311633392967	0.568411691186277
-0.613682540053849	0.148388769407339
-2.57098043849301	0.664920470822356
2.13460629217846	0.96446244584926
-0.20576650064008	0.0661936669383245
-0.531136378076027	0.332877574371685
0.464369800976554	0.452774790705773
-1.11911939320215	1.22335157185972
0.00297231245326257	0.00215860699486702
0.187850207893878	0.10927145543596
-0.843500961950893	1.00756527494302
-0.0741177587076007	0.0528510146700263
0.452648710417335	0.438455872660941
0.373790140335185	0.348641861235535
-0.652274118638787	0.70729018564475
0.2933446964585	0.262093003113268
-0.851599463346759	0.839889354605529
0.201479878603535	0.174976884991019
-0.250335761187452	0.202332798538224
0.21602562763302	0.174200638848402
0.713407955282736	0.337122359406939
0.184971072095669	0.0467387603153735
1.5995908001092	0.805153857006722
0.631250170364834	0.332841211984305
0.571770911288314	0.333561859288448
0.583264185927384	0.465618022903907
-0.199032317017901	0.0641034971037585
1.06153095853073	0.405927487776779
-0.310608577373051	0.183994562756681
-0.23945383270649	0.175519071563829
0.0212867810062195	0.0108365220226282
-0.634860826601437	0.371962577076089
0.184971072095669	0.0467387603153735
1.68238414108192	1.59146989521696
1.4902992464567	0.939939092495449
0.560263982972252	0.203664261240574
-1.50655298027038	0.53606385526815
0.169566032486793	0.032038095111837
-2.04249312224762	0.928496345266382
-1.50142880975048	0.534054734577795
-0.708961798888886	0.242591076534355
-3.7511927754544	1.4825089606666
0.966736740010186	0.256029100393941
-3.07875719123617	0.951227905765892
0.181241544424179	0.0701293933402343
0.0659949275300994	0.0408927773248649
0.015873898950248	0.0106647356720084
-0.562612254567277	0.539986331425282
1.09732338555329	1.28714551895289
-0.769531477437287	0.652057032385929
0.107018247666431	0.0760855775015385
-0.617031741373698	0.585254181205036
-0.538224427712018	0.556385315609998
0.00279666041946158	0.00174629478852669
-0.614200953360184	0.705601419804168
0.730032669271298	0.821112034269147
0.458868597078354	0.446105372356914
0.0222530764490432	0.0155672768970322
0.826590641441202	0.997715222337091
-0.0890641033849973	0.0623733264993528
2.14443139240784	1.50350670922186
1.47155078449581	0.491168545293048
0.633106926473576	0.334626642250421
0.0630970704056506	0.0391138883887084
0.568269319902031	0.331667325503379
-0.745434194480551	0.322317614109222
-1.13744471994463	0.629351779107247
-0.220229876249002	0.108803171152196
-0.370908459446938	0.153216945134065
0.336841938060795	0.220316602393748
0.717312613462146	0.338935897433837
1.25807777711838	1.06367409599102
0.182434771482816	0.0888642178633086
-1.11390573268458	0.335899190520225
-0.699938932255418	0.239135424844937
1.35064130120685	0.597863106700744
0.165088029467664	0.0313824661178469
0.165088029467664	0.0313824661178469
1.84525714600486	0.728756039651982
0.187984352048437	0.0474280610765032
0.164778629348208	0.0313374327003096
-1.7934287506278	0.390727439150181
1.84688671309285	0.729320128563701
0.175155035311403	0.0527334069281177
0.488377801374786	0.334253023437623
-0.417546101137253	0.31725142779898
0.482748741500672	0.329393999550872
-0.683220650774636	0.592314126355747
0.0829023574321793	0.056234312179057
0.582358410927972	0.653516844818776
0.353045790008031	0.33445889513382
-0.492223695271524	0.547582993822355
-0.558965100598612	0.612848912875565
0.043067358642843	0.0312118933642392
-0.189108985443708	0.159317000668043
-0.0040852740336472	0.00260107144812218
-0.0192927151653914	0.0143531617172643
0.770714727864697	0.936156948458868
-0.932573060299345	0.976225105666841
0.167301337112252	0.0647584008888962
0.169566032486793	0.032038095111837
0.464254579243457	0.188396273240537
0.187111951998981	0.115789272898048
-0.905731361614135	0.654871695593644
-1.49705816852235	0.532032217355669
0.375173077438288	0.190348320174568
0.0148988214322934	0.0076646598115313
-0.197316433582098	0.063550392412948
-0.467687490402926	0.242303913145004
-0.783223668564505	0.424432485809954
0.423936665900175	0.193276103723713
0.737024191048735	0.488331647385913
-2.06372598757302	0.941922746809071
0.964934921520073	0.255476948633611
0.546346904865407	0.198325214127253
-3.75046496352693	1.48199107071708
1.96372117107544	0.45473924627511
1.96276901321247	0.454520391574277
0.177362298643623	0.0450515694227369
-0.707845094848957	0.242262716671496
1.05346208699469	0.402359762312703
-1.79346061997896	0.390723019452767
0.537124090164026	0.194634205346429
-0.129764778307568	0.0460979072028232
-0.0748232390858092	0.0293773202669746
-0.282086857392864	0.20333009030741
-0.0153206685795232	0.00973348077910041
0.600445288648016	0.579469962011992
-0.169825444788581	0.127898857107316
0.594902836779609	0.572278266079921
-1.38260172308498	2.30378351390958
-0.309237763639758	0.291986914001131
0.126829141511213	0.0970500862646035
-0.623622683016296	0.593822992804806
-0.65268104881975	0.707775470827274
0.299985783185033	0.244656672316361
0.56226571695528	0.722166244540807
0.103967355745545	0.0738057066657634
-1.25209646330859	1.50498382647904
0.836097177273171	0.354858035438073
1.96372117107544	0.45473924627511
0.85042709926287	0.362163990330178
-1.19950734942199	0.892862526611951
-0.192291270763335	0.06199269927475
-0.768885574948582	0.414578248011009
-0.0684308859791892	0.0269719073364453
0.0234314633476634	0.0118618022467537
-0.519087239833396	0.427017117684364
-0.0305701463727194	0.0132598538668966
-0.775504676189797	0.588987973746983
-0.0578696970143189	0.0347720620145303
0.580883615506408	0.340733609282588
0.0228536920013431	0.0115986653667967
1.48199680592229	0.931940622928033
2.76671632811135	0.782410087450427
0.964934921520073	0.255476948633611
1.47155078449581	0.491168545293048
1.06486169296399	0.40740811103867
0.189325373085195	0.0567092627793379
3.27272750868887	1.11966450015405
-0.999360765853381	0.394936353347204
0.475196904470731	0.193138494041749
1.84407253912976	0.727924750702318
-1.47129756633403	0.741779531267693
-0.380370515341185	0.157554069469817
0.18176502664904	0.105417334873548
-0.102419748733098	0.059692997380295
-0.126466895168859	0.0847838527856354
-0.0122010560324628	0.00779897349080685
-0.0861165933291236	0.0602382186876887
0.405626960700817	0.347811417936124
-0.884510660870275	1.21033215173773
0.611532471454762	0.676896962870764
0.0422557497364926	0.0315337728758914
-0.0844082024197993	0.0589997552113491
0.542503544543453	0.546708465541459
-0.572179268763028	0.552076772583061
0.449520050817367	0.461561088457686
0.695724778746055	0.795611408003751
0.653352237423861	0.778247174374596
0.468827722244206	0.190230448930594
-3.07822553691956	0.950796797182827
0.842091127718652	0.357749831163131
0.501906474934152	0.345540387212819
0.63318029710856	0.334156962897562
0.429317191322757	0.195987723873008
0.162464065135684	0.0708441738046974
-0.223126651259409	0.110167114106035
-1.46053920799008	0.73428791747872
-0.0346658815985008	0.0149358095330906
0.0319660913183998	0.0161202024819654
-0.496995852620276	0.371638613384838
-0.891905392977841	0.640681637468414
1.98814074582381	1.25432054296536
-0.640270811679376	0.37549545976604
0.707498067336884	0.333538045732452
0.186752657299631	0.0471525522204707
0.178049240810411	0.0452053813438565
-1.12094794119803	0.338304428987289
0.161251150232847	0.0308565698216007
0.963078860472085	0.255236868510046
1.96276901321247	0.454520391574277
0.165088029467664	0.0313824661178469
0.180484451327502	0.0542489043189748
-0.613158918177153	0.148231887572971
0.967271104517323	0.256176548116206
-1.14808860723133	0.638027844268902
-0.763778251086667	0.410810042358742
1.13977742044168	1.02920756834998
0.546459909833199	0.477331447045488
-0.21743715164521	0.107308366585201
-0.70593291246499	0.758763273390363
0.408197210245933	0.350513678890391
0.308984487986259	0.243978113297841
-0.203054445862868	0.151088602131708
-0.667123162285916	0.52201984123138
0.208674515154885	0.162314336485945
-0.0493542237424142	0.0356228408233168
0.562398117487655	0.4711012493561
0.321426008243485	0.245108185312738
0.393658932158499	0.431964803418119
-0.719533380673865	0.779766944622883
0.0634139441978931	0.0393162311801937
-0.32485451718176	0.0931499749349684
-3.75046496352693	1.48199107071708
1.59497720324714	0.801344919224226
-0.274916001605698	0.197422839897073
-0.750364995739161	0.325029815455567
0.671235929398855	0.479725291211489
0.958352222975233	0.253964848564806
0.16619130625606	0.0315431724784316
-0.0736258291248379	0.0289714718141651
-0.553531119524966	0.397592860051269
-1.32395865576151	1.08129478421094
-1.23416182841318	1.1410818710686
-1.91175686224764	1.85063542310673
-0.906712893130312	0.656052532605666
0.301070761930603	0.227190543750574
0.634873146289229	0.485110606536795
-0.671971569718405	0.527771922146848
0.188422518428037	0.101193143273389
-0.286112683071226	0.129942232804824
0.573942300608811	0.483419478435599
-1.81736601651993	1.13630416704249
-1.45952097351349	0.733654187413585
-1.80368192120879	0.733397419313707
2.76671632811135	0.782410087450427
0.959543454922691	0.254205280821647
0.16619130625606	0.0315431724784316
1.96372117107544	0.45473924627511
-1.79346061997896	0.390723019452767
-3.45239496999294	1.22656388713544
2.12634870418503	0.95912271644804
0.968469219672053	0.25651021792255
-0.198027167012548	0.0637530672793308
-0.377178956142016	0.210565197081683
0.716011633271524	0.338184526787078
-0.24850836082014	0.200488701055448
-1.02058340810921	0.805898077038922
0.802055076159115	0.862369394037382
-0.0401836062806531	0.0248488896712565
0.189015599731257	0.135297631624401
-0.258136637936502	0.209626058493533
0.813812479704701	0.880393419159771
0.628808622392145	0.679917053498421
-0.378705400864059	0.258375016614644
-0.322311603806627	0.253857551977125
-0.827495616621655	1.03274482064737
-0.533498810655555	0.549526541849309
-0.773139897705252	0.774298049417969
-0.773328330042707	0.774545600707603
-1.44699356160224	0.993221281467342
-0.5189821438433	0.323357344011377
-0.376342031194897	0.155706196017938
0.655505386277826	0.592665908790958
0.468823111897765	0.190339555471528
0.183960045070368	0.0552151922972765
-0.466259718226313	0.241568014508268
-0.179669389752423	0.136094278517741
0.709849067497426	0.622644179890087
0.746352988510922	0.623432634273171
0.091707690333671	0.0624391989798853
-0.439987136768162	0.289150870427848
-0.771981281949631	0.716615946357819
0.400479404230222	0.34235124800589
0.0979666362532232	0.0693274113762413
0.975933945646478	0.665161954543925
-0.0283791202776729	0.0179162018399941
0.562314047938164	0.326040422835616
1.64784263122007	1.16159878106593
-1.30642995669924	0.810510870939822
-1.50142880975048	0.534054734577795
0.169248055862235	0.0319917175833404
-1.49608539149807	0.531478987360942
1.96276901321247	0.454520391574277
0.687368688538373	0.21962274738387
-2.28415887602328	1.15634679966658
-1.0048610187024	0.397512616365048
0.550229507129372	0.199823293779666
0.57963867102803	0.339467023786517
-0.0887884771069787	0.0516090298182436
1.25150827626544	1.22716310669573
0.133978014926833	0.111463016914732
-0.00925725760157753	0.00586841770189324
-0.903122037991911	1.06614730469281
0.508302414951587	0.53569264096369
-0.763735009628385	0.860878833759654
-0.678606529634256	0.784686017653683
-0.413359897317205	0.383284487351969
0.463563915306411	0.45204260592329
0.149014970217972	0.136754268596333
-0.139523485071544	0.118878052019722
-0.19550959921374	0.144833338634024
-0.33805898020142	0.317092789833777
-0.206202093397934	0.171443711525943
-0.373746164110211	0.208136518760521
0.753636118654539	0.631476088404995
-0.524424961173579	0.432472226991875
0.491226950253042	0.336291067321173
-4.20523570887073	1.97400017901136
-1.00440442351365	0.397449979952479
-0.381518279651579	0.26086533452326
-1.30745875454285	0.810871806643669
-0.539113868479986	0.480438974749532
-0.105736749803377	0.0617012562253544
-0.00179480031255717	0.00114769704298564
0.00732965546783592	0.00462782126595058
0.936013222979931	1.04890652706569
1.1385703577567	1.02834977510825
0.103602592522978	0.0735140471127891
-0.758376325559213	0.40750326748295
-0.464131359208369	0.239986185831399
-1.01437319238718	0.402164777298478
-0.621649277782516	0.362651023521628
-0.169304163293119	0.111492543231186
-0.334191386781524	0.289769898054011
-0.0907051810605377	0.0635736995417024
-0.475351991738105	0.465622525391147
-0.0547245246390215	0.0328759468894086
-0.0777981285986661	0.0542206933262331
0.333026110897862	0.231339498239391
1.64788445802417	1.16185549770928
0.176638269372533	0.0683893603727975
1.96276901321247	0.454520391574277
-0.326310377140785	0.0935168437296262
0.687368688538373	0.21962274738387
-2.57067328278635	0.665094197548339
2.76109157462938	0.779871501961836
-0.13413434239341	0.0476566231180181
1.11641365084973	0.84798784478786
-1.79653379913892	0.729391431830202
0.163593676555839	0.0633325674544865
-0.174518345703587	0.0925611954573032
-0.308748098845318	0.271755363316295
-0.366463799243848	0.313689074231026
0.0702611829336229	0.0436011846496487
-0.540195209692186	0.481811340468706
-0.757931192825543	0.407065063907644
-0.0119005577625043	0.00761234359822477
-0.555501090766089	0.399347323145649
-0.0937319650402744	0.0545269647986218
-0.265367994131321	0.189531630595893
0.454525329320119	0.440745346961364
-0.491828279110802	0.367104897283623
0.562725695264162	0.471321194155187
0.410587072057283	0.339080606942011
-0.364878748822641	0.247523090867212
-0.746448236482561	0.322813370370425
-0.702142591343233	0.240009967793785
0.00586328542515902	0.00250036437594212
-0.592812009738643	0.478516320697484
-0.214369174181453	0.105598223275765
0.0185640395555751	0.0130118070191381
0.636600590743509	0.336365548484368
1.05346208699469	0.402359762312703
-0.0130224702491705	0.00591325000357598
-0.484139991998024	0.436343007521795
-0.164038092020009	0.107720212697698
-0.13772336040494	0.092832300295565
-0.208283851871263	0.133442570409235
-0.218362867842251	0.107601202967816
-1.24864321417019	1.34059261943597
0.0332843872623864	0.0183707648728459
-0.224877818413153	0.202241220742487
-0.588311921268026	0.473883564620183
-1.79346061997896	0.390723019452767
-0.0531674711825467	0.0384221956089751
-0.0411915079990477	0.025465442068585
0.0566626375275741	0.0332500876692415
0.511901595345164	0.459011385309223
0.113165419016537	0.083402983221933
1.08501975258972	1.26511595519854
-1.22478753125143	1.57426686148676
-0.65974301467262	0.457563104183935
-0.173488035234396	0.130945379314803
-0.297956106957538	0.260318189474938
-0.464185608817749	0.388683879080951
0.337876760081486	0.205372636755285
-0.581814329621949	0.596272262266393
1.34227186866672	1.57665558184473
0.173942616361418	0.0931286402290852
-0.370824492697174	0.153341721991098
-0.32485451718176	0.0931499749349684
-1.11963574652263	0.337715170908198
1.05235833798367	0.401844810202421
1.35170505429441	0.598459395279544
-0.181054890266958	0.119830432121735
-0.179712567456541	0.0953725225098521
-0.073724423019638	0.0289995321134745
0.330285768512099	0.215486726978218
0.0517797570068371	0.0303954011471521
0.404049876866129	0.425412280432249
0.0680199723464566	0.0399502413926596
0.19493835864175	0.127982502082725
0.356683969399339	0.199753154560369
-0.372422056129547	0.253527158711787
0.75037929660783	0.627493162977345
-0.864026040542252	0.85754159459332
0.0271433583755506	0.0137113798232931
0.534101702125499	0.341707216344417
-0.326468047336872	0.229637216925614
-0.0332348123067064	0.0205717622840304
0.0661368380594287	0.038835126006966
-0.102012769037941	0.0594699592317399
-0.256226269688238	0.158840040504622
0.499355344797968	0.343399324018932
0.524648018505869	0.334760215116142
0.816328949008201	0.777156102589836
-0.174518345703587	0.0925611954573032
-0.588563376407041	0.47405592026919
0.546549793993834	0.571320927261311
-0.0524409234629678	0.0315027358909561
0.593056819657653	0.475715805698902
-0.171994013543327	0.113397782037223
-0.270936270553924	0.19410268464615
0.118017704550986	0.0898000639543666
-0.434698110540765	0.394823540185157
-0.0942246490561469	0.0748171047084481
-0.0705244089438769	0.0424485220962026
-1.46232787958999	2.02107144347678
-0.188411035812122	0.143366734454143
-0.109008138369587	0.0854614359822764
-0.361992347304294	0.279743122421556
-0.937123746898717	0.569015249649476
-0.376018505426057	0.256246729477037
-1.46394098996355	0.736605692124347
-0.278949211099039	0.200667472414288
1.34479531093967	1.58106376040576
0.0550185302364557	0.0301942005940218
1.79478195967718	1.40832581631724
0.413659592356937	0.438291590483584
-0.581341505334296	0.674466904813021
-1.47659267238736	1.84880834327079
-0.369438903614547	0.343274020099239
-0.213700623825553	0.105378626018473
-0.771506063677736	0.654245066101469
-0.0121164529227472	0.00550835201894552
0.573943013169423	0.567985393280388
0.50132440992098	0.446867631022298
0.318540072969445	0.231725175192678
0.0297928478790037	0.0208217467199182
0.0517302387825463	0.0303616384589903
0.392086130801442	0.346355494548374
-0.31808135946753	0.222658006050961
0.209497282676146	0.168350691289721
0.94248404604559	1.25237396706064
-0.669464625309277	0.525036724401882
-0.202958516573814	0.183584694158784
-0.32596180522107	0.281463034451869
-0.244831092188576	0.18000788508951
-0.903936344654533	0.651140775548117
-0.323664690407152	0.0927962418225715
0.925931416780438	0.503345182745201
-0.701407652969022	0.239760620804689
-0.749962038454575	0.324836661096217
1.08830272008167	0.532159510230079
-1.25254603603633	0.562193102367071
0.179538260200118	0.0783683233965964
0.178252692101149	0.0689778456927492
-0.2765951035138	0.125339187575125
-1.64877676094374	0.924776485622219
-0.167801077095215	0.129771443157696
-0.269069617787022	0.279124790692939
-0.120583415418288	0.0672368845727265
-0.519908534328017	0.324653723063989
-0.857973691996413	0.777275881283609
-0.782461670054306	0.59645985360016
0.472544257112096	0.463107268732028
-0.860094172069625	1.4585260515201
0.996709025786043	0.995229615697934
0.192617820579829	0.12635026822059
0.179145567990014	0.0692868670172792
-0.0320661387315056	0.0198560343278419
-0.169328986033101	0.0896796462724546
-0.321629283995571	0.253204169914816
-0.0343361133676165	0.0216870966709169
-0.710669663545389	0.808232418832835
0.52011080758244	0.625592765896964
-0.00612504850163197	0.00464876141952515
1.14289008011684	1.03298564913158
-0.0580291847694693	0.0348603369930394
-0.55997794618543	0.403320086144616
-0.0902112960583727	0.0524592555643822
-0.280202214428678	0.127151933464255
-1.23044764060569	1.13561529054863
0.397987820596916	0.427823047123395
1.17344557730079	1.76415670770702
-0.469458566504627	0.458020347572341
-1.00054594851363	1.10180272770069
-0.910160855626448	1.07863441441272
-0.384593359296238	0.215191706677877
0.742011800382263	0.493323018817619
0.365105076227983	0.205238104159135
-0.0308609992100941	0.0133697753501909
-0.929409908867925	0.563041636137869
0.722393754095264	0.911307402806293
0.203500089710516	0.193925541417634
-0.124516902966118	0.0695541354105109
-0.241365580326852	0.24976162723327
-0.280017984880247	0.126880654231035
-0.579373314320084	0.464302015459919
-0.385973147237324	0.216075265823686
1.99056232555864	1.25725286975559
0.362108281273301	0.203291402672138
0.0332843872623864	0.0183707648728459
-0.167306038926578	0.153579167496716
0.669985698181509	0.610415378224531
-0.169931996988074	0.141404792633914
1.24700173226726	1.50609579895833
0.643176516152902	0.700442669666153
-0.717173317633387	0.776324827439559
-0.111938940682321	0.0879213198754951
0.0205688433892255	0.0143997227201045
-0.616860213355678	0.677862834292815
0.135616032033659	0.112942289757704
0.202699324718052	0.171683041488094
-0.129433564385807	0.0723637259536239
0.467435422769942	0.189763860429757
0.688637326691298	0.220082192676685
-0.70398648315954	0.24079443492873
-1.49320671887845	0.530373211909872
0.17231657402208	0.0666548669668037
-0.744216121275988	0.321768796683503
-1.25980329711675	0.566452625052366
-0.19689123280029	0.0634436268958657
-0.326043908260378	0.0934449166225896
-1.65887810678647	0.933808422755839
-0.105342204570428	0.100213376803337
-0.103147951137087	0.0726783414241992
1.26321110466299	1.06871420120096
0.319823430955977	0.22091171809172
-0.523261189497222	0.32648073062197
-0.0894083339601037	0.0790734865493309
-0.298169868020141	0.376931985992328
0.0511695161682232	0.0281106735516896
0.385019947129675	0.195686305095218
-0.118624043511714	0.0422812637605863
0.180121972774625	0.117455158981532
-0.377004541626662	0.257024504518067
-0.251985082996941	0.239491373389726
0.323698612398359	0.332765321359037
0.881930277119712	1.11632470889597
-0.372718329465807	0.207758029859006
0.179188988287478	0.0959105107383068
-0.356863287811938	0.14708284195187
-0.209405554879866	0.134268827142219
0.183138781563801	0.0981802907414266
-0.249239407763981	0.222530942607
0.682202253685327	1.03007045949967
0.938696362379806	1.24465281070371
0.0418674516119269	0.0360353579096913
0.0360855740502983	0.0314845071419261
-0.402999934212627	0.371405686988081
-0.98438679213648	0.873584390598604
-0.522389901850905	0.430315681026937
-0.0658225782425628	0.039563570809368
-0.384658189631244	0.263278809453006
-0.215583629099973	0.138567503187597
-0.512528426727455	0.49618399696809
-0.408537063780749	0.377684853469967
-0.323889945567214	0.279252655103313
0.691406149686478	0.717332916656401
-0.18782765215909	0.158118427185908
0.0705091816436939	0.0458135256609698
-1.13730946915285	0.978395398011921
0.0470794967805408	0.025834405755853
-0.271262898932154	0.194368321482291
-0.439847782014648	0.337852791465923
-0.0434883022069908	0.0268911540847378
-0.250080260022102	0.154540233385298
-0.153541390739576	0.117718477411111
-0.309355180397339	0.183243078381439
0.716794108595846	0.720898825944304
0.201564637451795	0.150849177477942
0.175658331461966	0.0680052602443423
0.193997331864194	0.120451524968345
-1.07478670030954	0.725339312068109
0.167301337112252	0.0647584008888962
-1.13998576568569	0.631320648234996
-0.891411686422905	0.640598639967869
-0.87887745993911	0.721638619853987
1.08812238033157	0.531473938923238
-0.211180284929863	0.157842489164953
-0.322762815916814	0.254171385753311
0.62490305752447	0.673738451683397
-0.366435387914463	0.313810329267891
-0.217308970683251	0.1072402699459
0.573906111135839	0.335771712290571
-0.443757077015303	0.292123632831386
-0.647872447510923	0.446769125294809
-0.182025663870692	0.120512755888154
-0.311687149632877	0.184723608921079
-1.00390995853529	1.10736637614798
0.288129572497946	0.233359531895919
-0.286617785929458	0.229254019126197
-0.155137060090281	0.11912438067028
0.431155786120703	0.344011857495597
0.635181285097469	0.59721143100284
1.08077580280068	1.25745482602853
-0.640553505932424	0.376068218150848
-0.673412488013029	0.5287939155419
-0.778185198091347	0.724358685977854
0.0476728886366635	0.035645129469078
0.0958996283875409	0.0628041346018943
-0.0593245831531469	0.035641097086244
-0.241228038326676	0.19381996628804
-0.163948827141588	0.107705644573661
-0.0934289154783052	0.0543588354694596
-1.11004122189451	1.20808254831506
0.128355506521105	0.0953348633116
-0.782653833626857	0.84124182007369
0.0804054284859392	0.0500211532580843
0.571483851120668	0.564764736452065
-0.145998718933117	0.0987882644693999
-1.12053868237467	1.22628862866892
0.191147472013305	0.125271986442802
-0.373899441963551	0.321555083526527
-0.576269194069875	0.557233683488003
-0.169460126552978	0.127547570409929
-0.371502930385576	0.153647463047879
-0.556642573196706	0.40068005226834
-0.333468319091096	0.264212617043544
-0.392677465878644	0.359491512534207
0.404775423066802	0.437136213392369
0.0346669360624893	0.0250723361378733
0.190447158831649	0.136450583477435
-0.0928165557538681	0.0651150813267656
-0.041407091930914	0.0255957457261947
-0.0550459456415454	0.0330674962055619
0.815826381747758	0.491605541632742
-1.08004409748692	1.02838807867752
-1.11825126199522	1.22229821201058
-0.542791628517337	0.484834401147076
-0.326094592391032	0.303424319828979
-0.43720261807082	0.43138764703704
-0.542815809284393	0.484809232885039
0.92862596722307	1.15839083476733
-0.244543050634699	0.217550638307281
0.195562578171852	0.121573238893502
1.64203419468232	1.1548902471531
0.171120665297702	0.0833153561303721
1.59721287836547	0.803147695445306
-0.503483382578555	0.189906433790702
0.161251150232847	0.0308565698216007
0.471824602510079	0.191574432510034
-1.30595387314765	0.81014450346237
0.180516854136388	0.087902665823493
1.09584999075267	0.536623234040164
0.492141301418569	0.3375899640363
0.065431809324276	0.0405636107187507
0.208522386512708	0.156625063215084
0.0440738132157414	0.0329132438831158
-0.566717976067788	0.409486043265409
-0.165994873360538	0.0877202059987829
-0.363560191485446	0.246443899661873
-1.24953593333579	0.559996002433029
0.178849066031784	0.103669858989923
-0.677963389449205	0.586504056747224
-0.063651317759013	0.0382629360176138
0.197827107084109	0.152956444384374
-0.550560103465456	0.493735744211378
0.350660826640157	0.196179054678316
-0.590406642660547	0.476176410756347
0.632421667797852	0.593923823886269
0.475392139605955	0.451305340461032
0.181040219024808	0.10498193491114
-0.116909588677192	0.0805603949736113
-0.482227175180281	0.358282975220541
0.285066325593097	0.246043596086682
0.458185549609019	0.445281772180714
-0.308611945849764	0.18274504228233
0.113801427484171	0.0811575581930959
0.866421371053783	0.916912434260479
-0.0779495910508247	0.0636616566500941
-0.681927580132091	0.863107577546784
0.143775502178375	0.120367415217375
-1.10873931916239	1.20597869680815
-0.0818015960165078	0.0571072144729801
0.0113866732891897	0.00769080326489744
-0.7424417184482	0.320788249025728
-2.22408421380373	1.84623516427772
-0.0834843660145458	0.0327153039451464
-0.643241634999468	0.657477961071236
-0.540319214903038	0.481809515645207
-0.416518660860641	0.417432169143409
-0.539342150814372	0.480695620845594
-0.461275143782989	0.38558036539157
-1.44719507837186	0.996335148210634
-1.14609423039714	0.636788613507516
-0.523755044129048	0.431736591358046
-0.599686626745522	0.526514932197249
-0.255278374383796	0.206942657194741
-0.0251480395332663	0.0158818440895169
-0.254843758999887	0.20657211308248
-0.207549936324735	0.154824618717524
-0.655008688084472	0.452789721460445
0.176204929973391	0.0944148634588706
0.668674056941427	0.477590827548527
-0.161453902920086	0.0852734304947839
0.394810779176114	0.349319740486306
-0.641128650336105	0.615930756391934
-0.368674652917612	0.367855707561897
-0.0123278736365735	0.00787890279874052
-0.170241185168761	0.0901030467216689
0.0284884740439525	0.0143826333605482
0.208596422726809	0.150846678436935
1.69598645977231	1.96625213055067
-0.175231512121683	0.115640591325334
-0.203993766428022	0.065669597495468
0.550585584584045	0.199969616725774
-0.738600717529989	0.318959488343669
-1.11884555197394	0.337481516657706
1.83673871021591	0.7243263845867
-2.04787602398227	0.931932803365012
-0.652797790739532	0.45066915220534
-1.01860565020427	0.80381771065812
0.181159179759352	0.0458876218072277
-1.20458233553286	0.897611134380888
-1.32564007919551	1.50310065540923
-0.595035154639567	0.480900273985301
0.19136036974684	0.131589003620443
-0.562962701927263	0.406389350829931
-0.548500600166877	0.393041886445405
0.0363890044921135	0.0200295097044556
-0.647965987825924	0.700480666866697
0.182784373310677	0.0625636986950216
-1.12451461481085	0.962575922653488
-0.240778872970181	0.176523114416882
0.0986862199376716	0.0673712744451537
-0.26700848100397	0.190809638656975
-0.00561192324326903	0.00260105421156636
-0.70954165675161	0.720620755923525
0.00791107438472239	0.00499777960264164
0.186665822254425	0.115661013707345
-2.0957697336329	2.8867509206259
-0.0237980662072454	0.0150252436392318
0.077082239349376	0.0479193015682906
0.408286667995481	0.350609381240625
-0.137688343114807	0.0927477987381563
-0.697153943864604	0.703795540988072
-1.18555783140196	1.36047704778661
-0.775816654491136	0.659322256073326
0.177098196712698	0.0772522211179628
-0.00320721195315867	0.00204468200111624
-1.25915224071317	0.566050922622751
-0.38167588778588	0.260854622554237
-0.876504128721633	0.719368254037746
0.191892009283294	0.14284176837188
-0.647962589206361	0.446558086632838
-0.49658942650822	0.186924442259554
-2.45777181027533	1.3669886769103
-0.2765951035138	0.125339187575125
-0.378389704213562	0.258322589776747
-1.16890494346368	1.18488278310545
-0.534773804156548	0.551532758785763
-0.435174821251181	0.285143549834409
-0.372310190245122	0.289466414243409
-0.272192931081118	0.195039750688424
-0.125750097245446	0.0702041979398114
-0.528273103243493	0.330323675279471
-0.0728619231799769	0.0286390622815502
-0.646981454788212	0.445728688375681
-0.209621814092432	0.134433845120804
0.399793789081612	0.341733120518391
-0.256785945084962	0.2083501184825
0.0403506785771798	0.022187451322555
0.285114817471216	0.230458249434082
0.183270721947172	0.106250735936891
0.462822241248094	0.335580590181989
-0.212551695677615	0.104696607539573
-0.366795601394091	0.151414835159292
1.27672662417529	0.890755131673873
-0.360841510174452	0.148873548306136
-0.613682540053849	0.148388769407339
-3.44754089021611	1.22379406077669
-1.11390573268458	0.335899190520225
-1.42835186516308	1.26153446023095
0.522080083080165	0.332717458924215
1.08174090283251	0.527955113199031
-0.30813494956498	0.182380841346389
-0.141727651054762	0.0957078038156091
0.566102446240949	0.557749801245016
-0.698697888148038	0.705963594955888
-0.380277206583796	0.212358391373823
-0.759837831077119	0.408405559813846
0.184384044388606	0.120456550821944
-0.285158645892227	0.227907677170016
-0.197979178968058	0.126292241144208
0.527193009733462	0.33600040553679
-0.443127182237712	0.291671843225643
0.183879250217368	0.106635906066435
0.719417013749626	0.724742610079569
-0.780039912536511	0.726765095944017
-0.169537858774538	0.111655643443336
-0.171647642788891	0.113168162868254
0.0909522147748807	0.0567635738392538
-0.201181023656779	0.128532824882064
-0.61271213635554	0.579473115492541
0.408146281742573	0.336516286903906
-0.206281662068511	0.153745939978686
-1.40284057406823	1.86195000731762
-1.09373445459561	1.04761397277451
-0.428019915660565	0.326908744305759
-0.461334370657185	0.385679157725886
0.0221100916669246	0.0112287162667917
0.47401366627236	0.192660941222743
0.674515346821049	0.482838165498154
-2.04845818889215	0.932612339044235
0.0692128443920319	0.0429187121945703
0.0432192967105946	0.0303122982612491
0.028234537567138	0.0156693900120086
-0.931143395839411	0.973824997452034
-0.505359931451348	0.460830333929085
0.0762320353887399	0.0473311103482686
-0.0808628385677146	0.0469279002785648
-0.388981603930592	0.266748522757416
-1.50335347787301	0.534889336029958
-0.439607953042085	0.28876273414445
-0.413472767535588	0.313471641315857
0.405332930687886	0.347513593647818
-0.673988255958297	0.813668920763885
0.731911028705753	0.741800665273702
0.291296322855117	0.252429908784595
-0.362620804485942	0.280396262945848
0.469950037621592	0.341876073696398
-0.256530712262406	0.15893078722197
0.0203831527242231	0.010351022514036
-0.0897393563265239	0.0628669912466951
0.27951006800596	0.254455658332591
0.584966520327343	0.65762260817461
0.491316482785326	0.542619894300336
0.0897722905260796	0.0610768114608109
1.68316502945873	1.59164026423861
-1.49872849640044	1.667145119375
-0.0496961891557985	0.0358719158033737
0.0541698524517235	0.031814617142035
1.30638782039642	0.728375001997889
1.44208723942264	1.13069493366793
-0.0270646808823868	0.0118054220659544
0.179008086694114	0.0538125056714061
2.13736636122811	0.966264970252144
0.688185381402826	0.219868290083128
-1.30181428063126	0.805594908420106
0.350702573836398	0.214292000685004
1.06044228361418	0.405218451099019
0.384557917869628	0.19554316187307
0.200327873357091	0.155045096648109
-0.0189139553184701	0.0119575511389682
-0.282161940014365	0.2032987094067
-1.18543713631149	1.21058097555414
0.0225349352896035	0.0114191130058032
-0.654770475440148	0.453086165718965
-0.888703171073337	0.73345925490079
-0.15176776426504	0.116287519901844
-1.07715094556841	1.02480456188139
-0.0339195920420136	0.0146434482391446
-0.247536405879857	0.182245402396653
0.66923988514334	0.609670968330004
0.295670690332226	0.240540412433181
-0.31287354124743	0.185631777297277
0.194816115878571	0.15516116700962
-1.90722647907776	1.84365461380356
1.37831537218049	1.27331025061888
0.0641311601153068	0.0397276401396912
-0.567713110895116	0.410693794101274
-0.274560596793372	0.197144067004443
0.199732294265746	0.154547381083465
0.832122997480344	1.06320578383978
1.55195065413327	2.31091315500034
0.194446413626969	0.154817449710433
-0.77483886816973	0.720011483090232
-1.14526685959787	0.635839392484114
-0.233894207713516	0.17094549744061
-0.371379626022628	0.153598746677341
0.0604224630411793	0.0374161341258014
0.363574068207238	0.204265331539551
-0.483538978376432	0.359493952761457
-0.83056800261354	0.985057801380366
-0.0334775289277704	0.0207142725952085
-0.583865743435828	0.469265148732459
-0.3727809629692	0.253657593337867
-0.111867851060593	0.0878028352454958
-0.367663946973577	0.314925299937519
0.0731637430341724	0.04757022692108
0.203952200145683	0.141048157904827
-0.776162063637516	0.721824202514514
0.7071766871625	0.619822737237766
0.814930261942111	0.882519234180561
0.200059466816863	0.164589917539731
-0.13578709489255	0.105662080575743
-0.613781136186875	0.543126740342534
-0.839826692753732	0.945405105856231
-0.274128098353909	0.196796959901701
-0.543206566838562	0.485320679672104
0.930141893911786	0.810257454835962
0.472574676133386	0.344419523980278
0.0824855386249973	0.0513354711886502
0.0666308785318546	0.0412932183137088
-0.0604818442254339	0.0363418209203637
-0.239958364926631	0.175982358225529
-0.774824069840623	0.658147643657889
-0.521449638711582	0.429339436740808
-0.0054475597271086	0.00252748225449873
0.520069386817928	0.330793839947477
0.704495641022063	0.616637257545929
-0.31150607663377	0.184355396681939
-1.00001107999749	1.10090975576663
-0.117805220972262	0.0927924001177778
0.404335507350395	0.359594023655994
0.202871789923924	0.140170329417345
-0.451297256045185	0.414199545536246
-0.855932892181726	0.846196660659711
-0.983075087033787	0.872287371641573
-0.956466313428067	0.930352439198539
-1.14530366810088	0.635746390799238
-1.79580215183768	0.728927756357995
-1.1245135089551	0.339452387639693
-0.625335832175928	0.596033706016705
-0.659424126797472	0.754108303382308
0.0608013181550807	0.0513576248745365
-0.156159428394045	0.119936170562169
-0.0937319650402744	0.0545269647986218
0.0943446527364733	0.0643054019329479
-0.465101025147875	0.240537129548746
-0.974787716104249	0.861272553177518
-0.587155493474219	0.47275902896726
-0.545688843339403	0.4881267655877
-0.240945695483737	0.213881428039495
-0.123931662884096	0.0958055637469947
1.26267931137856	1.39620433398194
0.189994211153851	0.11785088278476
-0.78256095175283	0.730254883403187
-0.30367690118026	0.179498133206135
0.923135178113723	0.950666074010774
0.478185042803442	0.1944268337106
0.207925750377285	0.171936673421042
-0.150292462030932	0.128964226426492
0.113307652448329	0.0834769397955965
-1.15526753216398	1.41602038848593
-0.496219048461158	0.186898738117231
-0.124442240843376	0.0442663690892336
-0.179282664870215	0.118491455927449
0.176040268255826	0.0856116190799247
0.033475172302194	0.0184934665457053
-0.543794580451005	0.485961495960191
-0.0701283520630725	0.0734749805722764
-0.351141184073923	0.40416407925937
-0.325423390482608	0.349494724078353
-1.40058702878142	1.67037206565729
-0.959955162431576	0.471860683211569
-0.957751739540172	0.470192020456531
-0.256395857947707	0.207941619516442
-0.335198989511779	0.362529168659329
-0.0443622969939241	0.0274246801487575
-0.0800423358887966	0.0642621296303326
0.663440885422912	0.472781354907935
1.60593735712514	1.74616558323597
1.48199680592229	0.931940622928033
0.718996087124188	0.340013548677714
0.378272994913603	0.191684355234881
0.718435275402613	0.339720316166281
-0.217274939490432	0.107070162577954
1.110249249692	0.686358029541577
-0.892771684295217	0.641736889270687
0.19170947334341	0.16116981948952
-0.47921748966664	0.355375695476589
1.01784930859192	1.69589970403838
0.28855503323302	0.26424308174286
-0.145200871044368	0.144425861909287
-0.777359439724031	1.02196410846332
0.209820606248524	0.19662056755393
0.218295216668787	0.191732583154368
0.312305661882398	0.318333319314593
-0.579741447099878	0.593437412916395
0.205812821680254	0.17927855047679
-0.621613147724562	0.362181414686892
0.0550522913256083	0.0542732648147234
-0.769105873458204	0.582438649545254
-0.32759034209047	0.0938892839663892
-0.867896753317396	0.789781805281676
-0.461251003318699	0.385572662557364
-0.233346061349709	0.170517934329339
-0.0230118920669205	0.0215606161473996
-0.372912953899525	0.449478822980014
-0.768437931036981	0.414224502704598
-0.521399946088029	0.325644371724842
-0.281715498941186	0.127899696441362
1.4177854568852	1.10005172210662
0.549225010517651	0.199456707208777
-0.284829833200978	0.227456138897747
0.391316305962561	0.447962324654524
-0.294745586987077	0.282452491559392
-0.745228434114775	0.322263483734654
-0.0367392364849872	0.0158132655188675
-0.743607658160876	0.32145501649726
0.0592769564945578	0.0347947923094951
-0.604877033655969	0.532753585626103
-0.0741899069918027	0.0291703427470554
-0.477128471953879	0.248074861593819
-0.404156518238756	0.401829239345515
-0.238270500861681	0.261794267780022
-0.769315908404877	0.651909522132865
-0.75669264695061	0.406532009360133
1.48645015556419	0.936066850648667
-0.634303279151928	0.371591614114254
1.41661385768461	1.10120763016914
-0.925412164764813	0.560321514204379
1.08888268610096	0.532186917645821
-0.252042053672648	0.155863229938156
1.27717575086315	0.891126495852282
0.195184101208741	0.121340128354005
-0.29032656584675	0.252503450647333
0.96952436318032	1.18322607724962
0.3927656684552	0.430510018445589
-0.194425036645804	0.160391943744659
-0.0454175850485394	0.0412229331992594
0.333002265013699	0.344773794554086
-0.422932371360265	0.413542015253296
-0.144234292841816	0.120660750689855
-0.62227138396597	0.830117283905614
-0.203054445862868	0.151088602131708
-0.517018649234115	0.501898336362892
-0.763314027196348	0.410408341179151
-0.371438047732711	0.252304293561968
0.509561899187644	0.456431394229459
0.112817609913552	0.118540811913932
0.355405280288543	0.337068635900059
-2.44531775532546	1.35491652853329
-0.584123953425108	0.277507589915137
-0.197681301235905	0.0636672013988199
-0.145342327793976	0.110951662264375
-0.095835065768777	0.100525323491214
0.133718766708151	0.108494789933196
-0.0460827828138688	0.0497288155827804
-0.436207796822879	0.613922305207456
-0.311323670323573	0.217330098256207
0.849767099826588	0.36182590832994
0.730310282854637	0.482665664309289
-2.05351794926878	0.93590991881049
-0.376849418438549	0.210025449190166
-0.169814020240784	0.111842683811229
-0.201762676022052	0.128892626844365
-0.322426463104377	0.226230675624957
-0.454656651498872	0.473853830029434
-0.36840385123533	0.285850871025482
0.341914177952193	0.208188440717524
0.376631730083687	0.190969653462795
-0.168805525246458	0.0893181916608067
-0.440821171401847	0.289210309450614
1.26973863664352	1.07798912330132
0.381230294175517	0.193555687774206
0.360454206520588	0.201924414264939
0.208947780384062	0.144852271911812
0.427466262921466	0.420185439894339
-0.53240460944059	0.333929334510201
-0.418387642082238	0.389225047149899
0.811080125510267	0.876406084079711
-1.17821277130765	1.91457695845301
-0.901695727242641	1.06391593821451
-0.230068944243581	0.188917208129931
0.400792745163223	0.342778351428823
-0.0921869459878849	0.0731065175595047
0.129189469679	0.0989874921206305
-0.335813673518922	0.291733177352481
0.188500863540527	0.0919858428545627
-0.000824191370312104	0.000466198568659029
-0.245807362524462	0.151713535897487
0.194166616309245	0.133574346947357
-0.380714101540182	0.260012851017459
0.283117739228397	0.265143833614973
0.384359377203034	0.513501796928836
-0.0113847741185202	0.00974998005548268
-0.418302489670875	0.317801492185055
-0.272341346026879	0.195219699003347
-0.986405055432355	0.876703006382764
-0.375384095914091	0.255817607565126
-1.50872397334121	1.68490000840901
-0.338693193371555	0.294769289713506
-0.346353794450092	0.326659890096531
-0.0902112960583727	0.0524592555643822
0.407574870201237	0.336043762294246
0.880684328710742	1.11407113739654
-0.254433857708452	0.206146374589312
-2.21508224654516	1.83134404259006
0.0253138868490313	0.0176942552038123
0.110609280567697	0.0862128626087733
0.474632981298139	0.346075616395546
-0.888574229451368	1.16116542686579
0.059555950951272	0.0471200271523356
-0.76681415941363	0.499646055412596
-0.539901844626111	0.481465961901417
-0.246261768279113	0.181163029178764
-0.263907470444639	0.163994319107623
0.571655250970786	0.245675903082316
-0.0318237295746024	0.013765516574243
-0.252600293845617	0.156146251434892
-1.80328874130775	0.733096849202467
1.09976498878062	0.677557410509281
-0.364262540078694	0.150356151100216
-0.0908985822604613	0.0637172804119457
0.604969373407346	0.584868362164522
-0.857303785668686	0.77641316331519
-0.382285206421108	0.2987390934795
-0.844102607254468	0.892919719846948
-0.374799395153673	0.255444582476413
-0.0426203836246919	0.0312777650874466
-0.982430705313961	0.871707197560118
0.124856436359271	0.0954347287876558
0.0643561240786465	0.0510509307748263
-0.500886574699921	0.522330471684177
0.502871565665834	0.543993319392736
-0.258288321065173	0.20981632597989
-0.704023137219177	0.756591399651348
-0.42382287342838	0.323064597109451
-1.49636539701607	1.66303931961709
0.0531874570476087	0.0312028288306868
-0.773732277574209	0.656626250559056
0.0663042719689157	0.0389528037794351
-0.226885383728841	0.165135296616289
-0.118093293965072	0.0814453155528101
-0.564995473269836	0.408103657258445
-0.203935501155245	0.151706397251173
-0.547648887817086	0.490441469067183
-0.339083439193481	0.29515387205974
0.705338743572511	0.617713762179271
0.852306874095829	1.00267455194852
1.68643797229391	1.59779059001907
-0.323647835095131	0.227334641060956
0.421869080210924	0.192163709713804
0.188714616106761	0.116994530437454
-0.675846710180244	0.583667751482478
0.0645188819670088	0.0378759398593274
0.633453417302576	0.483357917021443
-0.652298476439985	0.507056229823137
0.82905206571669	0.793960396026149
-0.763298680625026	0.410512814307639
0.734205113983187	0.486371856901349
-0.442496027556192	0.291173402114685
-0.0173636651177644	0.0110054881473035
-0.490072938616675	0.365341827429705
0.292899476514618	0.237959821352988
0.446779054854431	0.341207417508524
-0.237739441642919	0.174030562296287
-0.673255239919016	0.581006605179294
0.204371740674769	0.168603664545273
0.382365933332408	0.193896166188192
-0.212675199931394	0.104755164773103
-0.380680037758846	0.212589943498047
-1.12109039243745	1.44845276102676
-0.0993554234473188	0.0578763057374458
-0.165940858239267	0.140903142119777
-0.746468540499316	0.993550175997666
-0.504053997236154	0.526301955498671
0.038320904907281	0.0210837248396923
-0.342569699946865	0.272767734103552
-0.135994576382973	0.105862709004871
-1.42919032757304	1.2634399844814
-0.514066650266417	0.320130369420729
-0.0208724225476021	0.0131993866073101
0.564755886545602	0.473081496709567
-0.483160642269676	0.435021959562973
-0.865997702406473	0.8603007499091
-0.166940800394266	0.125524289651003
-0.148216803583106	0.113318312827794
-0.16885712694751	0.143688574535352
-0.589623406215076	0.606905324405635
-0.0521612318160074	0.0376821942250181
-0.652734097267661	0.670647868191408
1.80284488060262	2.57471510630224
0.521020374232714	0.469519410226492
0.0899537237237418	0.0587717539486421
0.760529982694003	0.639813942749973
0.196199804887491	0.135121275551471
-0.180385888502415	0.13667386658182
-0.554557760870379	0.398747713077823
-0.2003804431365	0.148881464694911
0.0768384533767063	0.0477616425155774
-0.293682166047475	0.133610105285491
-0.316851750154363	0.188342066315779
1.10314331181733	0.680634584138596
-0.892359190722069	0.737650222966246
0.537396164848825	0.467183526111647
0.313690981657249	0.227673118675226
-0.136551841950831	0.0919757984977257
0.0887318419807418	0.0603343689563095
-0.160067658041598	0.123258694305476
-0.335930246056536	0.291880768985461
-0.663851375751061	0.51935998415042
-0.676877065314311	0.781801511349114
0.216742747700304	0.190160887896232
0.318207748870609	0.23139007470781
0.299936787307219	0.226126711801189
-0.425076326467789	0.324252108460449
0.193456027312134	0.149181681536929
0.313697176129212	0.215953398934017
-0.554571695384532	0.498161819886219
-0.474798570326533	0.464817923925838
0.47429169844077	0.345746498434411
0.205221075508789	0.178741050415634
-0.0122805592586969	0.00937681406624898
0.210644911178821	0.205931664670178
-0.94251592713115	0.99103230374405
-1.01507721784971	0.799079632730783
-0.542618833799086	0.484608701462988
0.0924696916680061	0.0629762506818037
-0.243933945343157	0.179159974556863
-0.370292049521617	0.287584639532005
-0.485044908691012	0.437309130276387
-0.598619932446558	0.525309009471381
-0.487316778648299	0.362929019142659
-0.236240916403058	0.172882200871175
-0.771446778752481	0.585056381231266
-0.558599264706589	0.402393428232335
1.13502597236314	0.869490574540237
1.39077198420327	1.29273382609431
0.565921928758378	0.329874710612133
0.449267337159463	0.343593438635366
1.24562274781895	1.36798688797291
0.396673897597204	0.351314815790541
-0.266183889702281	0.21716089219624
1.16534485058149	1.43998864525759
-0.697350568396824	0.658294896832791
0.0360376049285146	0.019841736632796
-0.763980651893191	0.645330228819575
0.0460506804207084	0.0252717052597401
0.421472067802173	0.192003171629797
0.160741494041233	0.0622475839335988
-0.324925483517562	0.093165291273504
-2.04575914205222	0.930491193037652
1.84570196896662	0.728945119955139
0.160524623754044	0.0621937860042536
0.4234202211193	0.193034609297238
-0.119501238506907	0.0666142270166527
-0.762819358423479	0.410190902168382
-0.223151055595551	0.110299275457317
-0.878089572353123	0.802854928245403
-0.212058048249678	0.158522836509174
-0.258780120437731	0.16050604278439
-0.858503796762669	0.849880854074471
-0.172417051018547	0.113688383662706
-0.129170440725314	0.0722324923373322
-0.383773419837612	0.214520120028065
-0.0173636651177644	0.0110054881473035
0.0761721708035407	0.04954442591446
-0.237316446393033	0.173801562212755
0.0157077191123205	0.00807995744572173
0.365480131877885	0.338984793396347
1.23935845585589	1.61513669578183
0.317168329011038	0.218685827019615
-0.439966952351491	0.289062644169487
-0.300163727799206	0.242010228880671
-0.317283535917875	0.221982684766233
-0.505404642118229	0.487146165872449
-0.681102894165523	0.59007925244061
-0.892359190722069	0.737650222966246
-0.379010628664889	0.258632223090729
0.104067602601899	0.0738776546398892
-0.11735324615076	0.0903471652703207
-0.157345685027632	0.120955355444587
-0.427164870673255	0.326150646114855
-0.169437331103011	0.111517661261245
-2.31552708453833	2.07110394687977
-0.0510995228878504	0.030698899919783
0.979011046782743	0.667518862898709
0.187068698893925	0.0817898543850537
0.0386214094094596	0.0212421960709669
-0.0727452422026444	0.0286275886540948
1.1572364973178	1.19006124552491
0.295901864637147	0.23196917201495
-1.17474369377907	1.19471297933513
-0.0955834995143289	0.0671374698234379
0.549352507386279	0.55589431669982
-0.546233085965869	0.488483262150273
0.399748652731829	0.34166561884978
0.0664688492540783	0.0412247559326616
-0.222177651587396	0.109812316285756
-1.25915224071317	0.566050922622751
-0.0341514539287802	0.014723804246443
2.76647185641608	1.71261841624344
2.76671632811135	0.782410087450427
1.8383071367458	0.724853864168302
0.186928786286018	0.0560369733702841
-0.324126952894347	0.0929244396746841
-0.444474373181301	0.292389330457929
-0.459257076529758	0.383323743949585
-0.488631627852097	0.364110946005518
1.25059508149371	1.22395178837106
0.379741382281761	0.192649243958672
0.166108349666292	0.06434155947886
-0.421300976522018	0.320673792702367
-0.267508476593664	0.191330169031202
0.617084195999128	0.324139274681369
0.0253733710976701	0.012866253634162
0.17926901672916	0.104026243663485
-0.26206805537671	0.213332289148438
0.298561553858917	0.214855542357064
-1.91004096298051	1.84848989125356
-0.106799578791319	0.0732681143529874
0.101214632671565	0.0691655778164926
-0.425471390539163	0.324519951734834
-0.510946606325985	0.535847333836311
0.074453764688794	0.04624580234678
0.171690427224654	0.0664790795125569
-0.229239872920911	0.113460883500201
-2.09508346404026	2.30215367561306
-2.26071768275616	1.13895890649434
1.37985041761864	1.27853491789302
0.0436712771127881	0.0239685327751806
1.58825400420152	2.62140366543354
-0.0559253292791186	0.0404621109027955
-0.622579016073468	0.718971685601469
0.826586742043792	0.500732414119675
-0.586167153234994	0.471811381450283
0.188037492268431	0.100967668322176
0.178225640877796	0.0953554840417872
0.548446031553528	0.199065921260852
-0.325582325201124	0.0933470317045756
0.183222271364428	0.0550052131678393
-0.321011266565823	0.0920911495247304
-0.613012730411062	0.148202450577793
0.186928786286018	0.0560369733702841
-3.07350260546998	0.94852963330217
-0.382305469098673	0.213877367076413
-0.581278269312196	0.275684019199003
-0.00515284005013856	0.00238828843853031
-0.166571452671649	0.0881526680023597
-0.321334913305207	0.252940787840791
-1.33696271365132	1.69733738953539
-0.764326347846642	0.761502675002214
-0.663484734862467	0.518638884548651
-0.58712664962475	0.279098454320091
0.168637994150318	0.0820104486584109
0.0903667504638621	0.0614963212290994
0.461872138101358	0.434757572881924
0.0773971405307229	0.0503455310694775
-0.051638585119278	0.0372785287402927
1.00286849033867	1.10024891526595
-0.463967107723032	0.388356142332377
-0.0871596304589286	0.0625213424136716
-0.696179143434983	0.702384911347133
-0.394606623761272	0.221652658807714
-0.253327620494936	0.186997509577272
-0.228579230320124	0.187696018073283
0.0125798122404172	0.00655440148797202
0.178161345351442	0.0610444196674466
-1.20733527360565	0.901097333577268
2.14489745462374	1.50696497652034
0.172174590786425	0.0665958300972575
0.696211929151947	0.606733841222792
0.669104316512093	0.609472362245003
-0.0583495764224456	0.0350542246393166
0.488914867796121	0.450937886342297
-0.377669727842952	0.210983924858149
1.06842129994942	1.13471298720144
-0.380346862981635	0.259793245822883
0.168551797974127	0.0735094148580177
-1.49825523114142	0.532562193916483
-0.499234614804066	0.188038340526972
2.76745598386546	1.71373808269645
3.27631781619437	1.12171855032085
3.27510914666181	1.12076297640292
1.35564812089346	0.600770089805534
1.05878746464103	0.40482083139178
-0.128762894937662	0.0457682191199959
-0.191951684587849	0.0619002672361887
0.551654521195964	0.200367304145546
0.732014076849545	0.483661759209528
-0.12632906197624	0.0705974360338073
-0.542521883907967	0.484498204482652
-0.863774076779301	0.856901112214117
-1.0229918048641	0.808014861809166
-1.02283919029143	1.13777266397708
-1.79653379913892	0.729391431830202
0.734762483155004	0.486890927506226
-0.0265467426073473	0.0115941838612109
-0.63123160606145	0.368821371050167
0.0842630947390789	0.0549587468012158
0.597653722534512	0.480733587527441
1.14980645026661	1.17858051164597
0.338081571922372	0.23543052611666
-0.899071414690209	0.647245816935444
-0.657954100207097	0.454989057492005
-0.0907544783848785	0.0527680195034144
-0.126760659254565	0.0450823843067737
-0.0761890453096145	0.0299200368408376
-0.216887267614585	0.107029937446909
-1.65543794275703	0.930904773144199
-0.141784207421945	0.0957453968209226
-0.765666103114411	0.647647747172481
0.564186886248778	0.4729918726815
0.859474629537852	0.906534298020898
-0.368949451689582	0.286192193646314
0.557327741016563	0.323709699029971
0.618055469190415	0.324801602839806
0.672954154299642	0.481366531959181
0.84874813165367	0.361333340145203
-1.79785205353169	0.391773074809323
-0.199375130069166	0.0642110833299033
0.689821397698691	0.220399946218977
2.76330811440907	0.780761067286217
0.165088029467664	0.0313824661178469
0.471213953335543	0.191316020734622
0.550585584584045	0.199969616725774
0.639526039799144	0.338059297788774
-0.706728811590437	0.241764690191015
0.17923456214661	0.0693453484999784
-0.142505732234146	0.050540557269014
-0.90831579557563	0.657731784024893
-0.106839421299331	0.0836421669532668
-0.36864501424869	0.285900443312504
-0.460834873573755	0.238142243201633
-0.766327307699287	0.648386932677991
0.195436643285525	0.150915061076205
-0.0618222642179109	0.0371541128867263
1.02122576918653	0.841778046687933
0.908550169083791	0.929427779145961
0.815018886876495	0.882022551631236
-0.781001116997989	0.785039495734578
-0.445204309738573	0.293095086556534
-0.218245312973151	0.107560478943797
-0.207839153952857	0.102282463908112
0.198018011800338	0.130101507020644
0.339849837254375	0.222748089968086
1.06877983204034	1.13623052614644
0.584843516144647	0.467438497076831
0.563159424958725	0.471471217011042
-0.885693240298621	0.730044079125556
-0.255279280558373	0.158127303537756
-0.167791397207788	0.0888197972821436
0.0185843759793158	0.00949905510913429
-1.24791978355826	0.559453062443608
-0.75611798444061	0.327981950322127
0.173841338161581	0.0596051278079202
-1.79346061997896	0.390723019452767
-3.0729809879685	0.948009080411761
3.6449477089076	1.4449787602644
0.726919126390986	0.344318187379214
-1.1245135089551	0.339452387639693
-3.44754089021611	1.22379406077669
0.168568076048135	0.0735111885080769
-0.581049285079482	0.276020279006636
-0.0766954339046719	0.0547537698581295
-0.661706972999641	0.757459560197194
-0.774786944570457	0.926437884178124
-0.345022244411545	0.325034102520217
-0.401638009735313	0.338195504358992
-0.369381186176827	0.316799784892364
-0.465894668755333	0.241205491953462
-0.766944733379398	0.413336843595179
-0.152862271962425	0.103743742872862
-0.343730392268275	0.299994080498432
-0.377329563932727	0.156077780751978
0.187300583927818	0.0472598613580206
-0.589672240874851	0.475392927318898
0.364169900784859	0.337052871183124
-0.0845313467686699	0.0490973464693617
-0.409301688801113	0.346368487968438
0.77101316590596	0.852400917339305
-0.0631244261050158	0.0379436700852053
0.0787177999466746	0.0512523766416138
-1.26377029644958	0.568815934452661
-1.15007094980812	0.639644521123405
1.30638782039642	0.728375001997889
-0.318237829753752	0.249936152532522
0.173799219946141	0.093074537059023
0.458947014796627	0.352428169099002
-1.8863545326878	2.27630486446938
0.171508203531759	0.0748477571459084
-0.257097984776666	0.159344087672716
-0.41969025283307	0.319189076393005
-0.634724746948571	0.371859042254316
-0.501508356762519	0.189062054512787
1.30202405601974	0.724655242344649
1.84451762847753	0.728350716630867
-1.49753171438992	0.532305096548695
0.964934921520073	0.255476948633611
0.683520003518989	0.218340470189805
-0.32531700249348	0.0932194330065639
0.475196904470731	0.193138494041749
-0.496219048461158	0.186898738117231
-0.2790297134685	0.126488485691436
-0.249381778496278	0.15407413439452
-0.639820434642803	0.652867023183059
-0.175796379396688	0.116057000634407
0.0983627186682148	0.0671507586739567
-0.375371796983641	0.376026059832564
-0.145857972961644	0.111370287160871
-0.881662462684393	0.725509101383128
0.183063896529214	0.0463401006276899
0.36033517839853	0.202185747483454
-0.575796534285115	0.460900965029184
0.753821226240678	0.632278742134197
-0.929326512707965	0.563142506430761
0.816192770424596	0.492338646105313
-1.47088609464501	0.741809353787203
0.359774273223565	0.201794508518761
0.519679024531013	0.33050590282998
0.940896167276881	0.823434216849686
0.968435067446465	0.956219359350507
-0.0653516668680911	0.0392757071433354
-0.199286146401151	0.127186794003796
-0.12792054582951	0.0715088386776335
0.982458879825893	1.28214053390711
-0.0588487961511071	0.0353626335517178
0.193662179499113	0.120225697881372
0.165554545029414	0.0641142876893295
0.525928228657682	0.335521616765575
-0.00813870817960563	0.003729093131671
0.0491211984073531	0.0367465382883947
0.068678334511842	0.0425988810365654
-0.170509475315032	0.0903335636352368
0.749551435976297	0.627145870599948
-0.257447924456577	0.159595019643106
-0.523145256926275	0.326905534938699
-0.0726987569462304	0.0285999722512744
-0.321011266565823	0.0920911495247304
0.681600849226051	0.217707538421281
0.183073792285235	0.0549481693591362
1.96684138854469	0.455504908505281
1.96276901321247	0.454520391574277
-1.80899376027932	0.736083117896047
2.76070308677025	1.70734752377896
-0.0683797911008886	0.0269526673586698
0.160144755571284	0.0306956063740573
-0.739611202446697	0.319530960174951
-0.313695368598803	0.29717720642361
0.108554912711792	0.0772294963985544
-0.6371065741321	0.373375213182844
1.06338277916722	0.406730999521995
0.923471706807312	0.501624006630074
-0.264563795131159	0.164544519758242
-0.0892319296660771	0.0518786696757375
0.449356756028895	0.361776436660342
-0.581328871959768	0.275730271156848
0.16619130625606	0.0315431724784316
0.179243276186944	0.0872748448659392
-0.626370832184465	0.365930891117721
0.915457484091072	0.939566144856493
-0.432035914663621	0.391657515060467
-0.499839055667629	0.453979921958729
0.326692420937633	0.212632589592619
-1.04410774718467	1.08101125356038
0.213031625194574	0.160392184119766
-0.36127417496977	0.149002321996332
-0.373746164110211	0.208136518760521
-0.262119578359545	0.186938356702506
-1.0087269008198	0.399292934116808
-0.751119637592877	0.325554475995478
-1.80839071191616	1.12789268231356
0.314181184140385	0.22802833469063
0.198596245876976	0.137025709420705
-0.56294047401819	0.406092109108832
-0.164918961770691	0.0872307369611827
0.599371786193704	0.482158201750495
-0.160680815884995	0.0848469685991459
0.338066553858591	0.235334338678579
1.99989278388469	2.37047722617861
0.800963247414207	0.480620726842269
-0.114836999915269	0.0409889290231566
0.54495530845864	0.197725406067624
0.175166461234022	0.0600277554082778
1.96372117107544	0.45473924627511
1.79972670972517	1.01558344116932
0.180107983152346	0.0541465694868784
-3.99788353949868	1.73077675021861
-0.0393203679211956	0.0168900809294803
1.47032706033056	0.490703617760438
-0.75198199072439	0.32570109606454
-0.671770092060384	0.527151722238069
-0.487734625993006	0.363111258307552
-0.682906713118229	0.591889268825556
-0.593154350912216	0.478868404273405
0.323482257123589	0.235755474631611
0.0280088931875543	0.0202558126303966
-1.23172473772903	1.13570112482814
-0.363540321137894	0.281230685171647
-1.46530021080173	2.02715863118889
-0.0753438397379853	0.0295740127918997
-0.324925483517562	0.093165291273504
-0.212551695677615	0.104696607539573
0.174264521759678	0.0933098228916324
0.022853912618287	0.0115718524934627
-0.0103593399547346	0.00665641920935046
-0.040097663842565	0.0172022502253036
1.34428249004666	0.594123262694733
-0.766995791147907	0.499630044857648
1.13041733244889	1.0169787082637
0.0156111633999964	0.00802676223114107
0.0514110336051759	0.0301791317366662
-0.0907544783848785	0.0527680195034144
-0.123220651484122	0.0438507532384957
-0.617385576321552	0.547238604836517
-0.0519233096772118	0.0311858432306812
0.0140868128436696	0.00948022675194336
-0.324831310310887	0.193551847593945
-0.213945394355936	0.105397886876801
-0.364819497611518	0.150616499663731
0.184811040344194	0.107365404547828
-0.523055271325256	0.431084821309261
0.469445472619139	0.444047891433163
0.425635989959367	0.338630745724683
-0.337141701828323	0.267662547903532
1.25815652985249	1.23612176723628
0.535711779708333	0.342874166213741
-0.417727317871204	0.31743904863465
0.991489861116133	0.679530083434802
0.177362298643623	0.0450515694227369
0.467600793707699	0.189684539353419
0.183063896529214	0.0463401006276899
-0.701794429638729	0.239974906557054
-1.7934287506278	0.390727439150181
-0.71006845290112	0.243013667111858
-4.20452988526723	1.97330572285527
-1.15007094980812	0.639644521123405
-1.79580215183768	0.728927756357995
-0.696079481998497	0.237763762994826
-0.667821236060715	0.523461560401047
0.065161963211954	0.0382570215057199
-0.854919470591789	0.844784935683652
-1.57336898845803	2.33727063744291
-0.204193877866847	0.169568708358458
0.0228866202672278	0.0187312744567676
-0.0808728968543184	0.0649578570698716
-1.08654642414185	1.46834060966351
-0.481711304614104	0.473631210667602
0.19429161650359	0.159202455834739
0.107307266046096	0.0763011109865644
0.156693440531424	0.0607051519411018
-0.0662683720195608	0.0398568226515329
0.438300297419151	0.333281260741871
-0.773035461165448	0.774186087383891
-0.703264262088321	0.240508331840629
0.470637438843558	0.191144870746378
-0.170045953657768	0.0900139712635785
0.0649255066845222	0.0402426007703422
-0.489820379143745	0.365181413895897
-0.630540041952016	0.602512031406241
0.0666195917842097	0.0412698645371569
-0.559488866974554	0.402697297724827
0.320983602572543	0.221821171989126
0.551298334729919	0.200249958464128
-0.480856505476508	0.3568548328979
-1.07780188100047	0.729282706707564
0.330106391365497	0.215445585831597
-0.782287207984665	0.666332385929406
-0.45199393533444	0.375901672714464
0.388588574058945	0.197650480504143
-0.618535635333325	0.149538863092151
-0.32485451718176	0.0931499749349684
-0.220363971471556	0.108861197069592
-0.570850829651812	0.270164987200057
-0.0926944118126142	0.0650220115708656
-0.0342091407773005	0.0211707271426044
0.453870339763281	0.347719947872122
-0.0387546557938992	0.0166362429375869
0.3336251735599	0.217792373670931
0.629757564812337	0.331740602497263
-0.330698472981565	0.0947716626031445
0.692028142380155	0.221092112401465
1.35742358780664	0.601505744976776
-0.612487701707529	0.148134994320372
0.165088029467664	0.0313824661178469
0.165088029467664	0.0313824661178469
0.555949767102404	0.201992647886448
-0.613682540053849	0.148388769407339
-4.55167954755912	2.48481618603031
-0.197681301235905	0.0636672013988199
-0.77969669105122	0.510308620605877
-0.436604313214595	0.397157173299404
-0.456000515469372	0.380119360229488
-0.128292976116962	0.0860666759477523
0.110765319231231	0.0815285153926594
-0.538628553056054	0.479971974969869
-0.905956411589025	1.07209631289843
-1.16320175491331	1.43103559830396
-0.198180561141511	0.178847103068784
0.112167346247917	0.0826191797461028
-0.16234260921129	0.106526480186625
-0.11262808695741	0.0402266897860519
0.164778629348208	0.0313374327003096
0.362591348537213	0.203341841082669
2.05292560925244	1.9513490162021
-0.961626957296919	0.473097683549944
0.303949329334084	0.239324751618202
-0.0374325977229412	0.0160792027875367
-0.748750624071192	0.324201697189559
-0.286615199218208	0.130184805127086
-0.28397863240327	0.204791392273741
-0.440343945036469	0.289462387586785
-0.772790532288422	0.585995222668496
-0.700673100063675	0.23947715305123
0.0632106961950254	0.0371227509771944
-0.367772974980924	0.249676835339435
-0.168686942782701	0.0892645994358249
0.330637385394532	0.215729136326354
0.469684706646517	0.341829627027658
-1.583047185502	1.20201746051507
-1.00835638596109	0.399381922624064
-0.509810363913967	0.192412302708023
-2.26531132664576	1.14295677182158
-0.217859141201426	0.107525970541003
-0.160875647890364	0.0849237834652342
-0.909054976798097	0.657705791239844
-0.191583942801118	0.0617784787374467
1.05878746464103	0.40482083139178
0.547143631245865	0.198463600869941
1.96276901321247	0.454520391574277
-3.44686848748983	1.22339694388155
-0.329964215322259	0.0945505800706473
-1.79346061997896	0.390723019452767
-1.7934287506278	0.390727439150181
-2.57522664974505	0.666917731403372
-0.323396188580372	0.227029612912182
-0.180083363914932	0.119141002588988
0.18311164859427	0.106304732599949
-0.623727470140803	0.593646637198986
-0.619634512615664	0.549775443215555
-0.033180572928689	0.0242933713972973
-0.223567358759195	0.20083931772565
-0.028778776014875	0.0239676677442162
-0.131258361223656	0.111163313022605
0.0404885024610056	0.0222267586153123
-0.00388050762462507	0.00183326356771401
-0.956069082331503	0.469295459078014
-0.165414394326371	0.0873987574974773
0.18412299580905	0.113890647094006
-0.211283490674528	0.10403727901251
-0.370346829638476	0.152977788998958
1.80611317780083	1.02020199862134
-1.47643173913299	0.745383324956546
-0.633040009014982	0.370618548061054
-0.378701874521159	0.258499838003015
-0.323866481705606	0.227466822153378
-0.169270790809106	0.0895765611530316
-1.06472787946802	0.715886493496074
-0.432632828914075	0.331067109416715
0.183673426766511	0.0986362920661521
0.039722693840537	0.0218417040014245
-1.13273607771297	0.972294475905341
-0.319817646410374	0.0917687104349087
-2.61594720388314	1.59521494874381
0.187490302886165	0.109043778032973
0.62510526432309	0.329015178033896
0.464672886133348	0.188460947532309
1.29596944158472	0.719833885534944
0.549225010517651	0.199456707208777
1.47525146835293	0.492648627415429
-1.12019427196772	0.338020301365193
1.46910411205871	0.490049168285487
2.76219840038386	0.780594539857824
-0.698993762157532	0.238868921396013
0.165880035481028	0.0314978449610492
-0.152938377789735	0.103792894558095
-0.262664188102004	0.23665427493106
-0.5543357853779	0.398514823311276
-0.446233148245525	0.462203666578408
-0.830780313096066	1.08966758597106
-0.938310376018092	0.98450025795009
-0.280339189177693	0.265998084477373
-0.599722369947028	0.6209187749202
-0.274018409747942	0.196569528954149
0.0567166183714512	0.0351551427482008
-0.322884105315583	0.226688651343668
-0.629569127424063	0.368460797826823
-0.774416113847619	0.506190883155433
-0.942253148989239	0.9095627948092
-0.0460880305503397	0.0284893893455769
-1.14574334479124	0.635856050340672
-0.152578231518445	0.1035164759641
-0.657115091752936	0.455057572117333
-0.745228434114775	0.322263483734654
-0.331884233338781	0.0950660268702792
-1.00236193740671	0.396463059052617
-0.377669727842952	0.210983924858149
-1.07520901358115	0.725669452157889
-0.0142334241577176	0.00646093643866919
0.806454219724662	0.484899152689843
0.165880035481028	0.0314978449610492
0.182384642090162	0.0461735738884295
3.94404333145349	1.74617514669156
-1.79620281052891	0.72892224592551
0.962025660417238	0.254682745005495
0.555949767102404	0.201992647886448
-0.494529560091137	0.186168233300829
-1.49633399610699	0.531774933095134
-0.592925471474626	0.478852581899172
-0.418709170433329	0.318331711915132
-0.967801050960995	1.19913658867894
-0.844791184012825	0.89395197468658
-1.01224372984146	0.79563860497865
-0.525564767187346	0.328518349674527
-0.701794429638729	0.239974906557054
-1.49825523114142	0.532562193916483
-1.79693424859175	0.729556600315067
-0.0399502565329037	0.0246961018812414
-0.430896686303531	0.28205028791309
-0.205273592932318	0.152922272322178
-0.378859587514322	0.295546008611192
-0.586562696494672	0.278638660605378
1.47402323433779	0.492035659807906
-3.07350260546998	0.94852963330217
-0.617875104469477	0.149400727468359
1.05730971150351	0.403863337099285
0.165088029467664	0.0313824661178469
-1.11884555197394	0.337481516657706
-0.380370515341185	0.157554069469817
-0.0727452422026444	0.0286275886540948
-0.611962616144159	0.147977912487881
-0.630126888446832	0.368396341125587
-1.32928425782699	1.31371778027901
-1.46114365597842	0.734684321976156
-0.770982840405194	0.583373360847682
-0.0385914348470861	0.0238668902639746
-0.963353535604618	0.939630691647172
-0.252792991582393	0.156437334745608
-0.775816654491136	0.659322256073326
-0.446903602797451	0.294692332741096
0.180503912336474	0.0618296034347483
-0.613804976594409	0.148553206549543
0.180484451327502	0.0542489043189748
-1.79346061997896	0.390723019452767
-0.33115064247346	0.0948450204466267
2.76330811440907	0.780761067286217
3.6449477089076	1.4449787602644
0.180503912336474	0.0618296034347483
-1.00943392667062	0.399735935116325
-0.708225225424176	0.242257120133667
-0.490202310549473	0.184473557623143
0.175745590350331	0.0855812941878132
-1.49633399610699	0.531774933095134
-1.14026070081767	0.632212892231527
-1.4290863532808	1.26080435567945
-0.42798754587519	0.326829317520727
-0.567025629954672	0.410014651622391
1.27105378389316	0.884336175547519
1.65797241268607	1.17325596068655
-0.770518917319413	0.653236185152992
0.388078847678869	0.197329392844396
-0.371336427701869	0.153389557765106
-0.369224591343271	0.15246452177506
0.967271104517323	0.256176548116206
-0.119996740485375	0.042782500294997
0.688553546984024	0.219962860223314
0.177617846533845	0.0687587504012942
-0.0401663929224358	0.0172268980569656
-1.12019427196772	0.338020301365193
-0.945549839622666	0.46301951636277
-0.321011266565823	0.0920911495247304
-0.124384654386373	0.0442880812812879
-0.270391518577639	0.193707442398117
-0.426411996178077	0.325492922136228
0.117361712285861	0.0866183461085208
0.367437870937243	0.341103190681101
-1.41426292738536	1.48708678426966
0.0833453372179364	0.0543391256361979
0.499522458957379	0.343901562194222
0.177723555755571	0.0951940504933968
-0.613158918177153	0.148231887572971
1.58728551908396	0.796581820971621
1.1000252729746	0.538968944896338
-1.81433253674767	0.738534976278974
0.689369698791533	0.22025689756634
0.180860449097146	0.0543198851417517
0.693668977910988	0.221707820486434
-0.00601484612082935	0.00278122183569166
-0.697547507150818	0.238387277313668
-1.80787161253581	0.735457279767657
0.188667958543402	0.04756856032199
-0.623671294319273	0.593875049816604
-0.373811710660866	0.290816735848111
-0.200928899308267	0.166444129076879
0.278511634570927	0.26005080890833
0.953929872912521	1.07811032716075
0.626029602506751	0.476381047799826
-0.410337666985505	0.347413484681855
0.354917992126377	0.217233150885464
0.183138781563801	0.0981802907414266
-0.756722141549136	0.32826371676092
-0.041130524014229	0.0176254360387038
0.176825054435177	0.0449204608148946
1.4795165223175	0.49403710049889
-0.380926159480231	0.15780746477946
-1.07619101341434	0.726155936331689
-0.966194768966732	0.476098974247051
-1.4641363511733	0.736484372081891
-0.210787510432081	0.103869791807267
-0.778436143922551	0.724734256863253
-0.469104758738558	0.243148012897492
0.040867360735013	0.0224867601906149
0.308814055893584	0.261908297120478
-0.0554552699315804	0.0500103391647814
0.324868816447981	0.318572496709261
-0.123402514826389	0.0853307618915452
-0.111539612089566	0.0875777323010486
-0.266862222862167	0.190725264469742
-0.181726126623866	0.165463228660612
-0.503483382578555	0.189906433790702
-1.00765002948625	0.39893930859467
-1.26414637790551	0.568761921398651
-1.1152634133402	0.336439469187697
0.169219175033361	0.0654195288063843
0.838128194049257	0.355898979512677
-0.0698755855518956	0.0275162464102779
-0.441044710847506	0.289869765119739
-1.25613162256265	0.564193827602054
-1.81156800047008	1.12921128803194
-0.884987683468183	0.729002123015588
-0.225327918340777	0.184592771406179
-0.433571866537377	0.426890837801889
-0.458906967121686	0.383171410002402
-0.596327237329376	0.616014309919237
-0.213011381905105	0.136845563390448
-0.0068740677939151	0.00316951125045812
-0.0914897492255927	0.0532081464168423
0.187291142528368	0.108801259642318
0.805203369473903	0.638858392872398
-0.930996381806721	0.564465113029261
0.185205555216433	0.0903027015930719
0.0398830306796329	0.0219513324878558
-0.286112683071226	0.129942232804824
0.208560872453007	0.167507330995253
-0.242358062957183	0.177933192543467
-0.178051902424766	0.11771323188784
-0.406330436604098	0.343268811020844
-0.259898819062106	0.161283878758278
-0.655509881541217	0.453750989057417
-0.0995818133828356	0.0776453646571258
-0.444720988151286	0.406453715140968
-0.693014014744139	0.652676317985306
0.317295852995103	0.324557190805517
-0.560887015472671	0.685804292598765
0.278284745565507	0.253142689242871
-0.302921347591215	0.265413506098656
-1.50612949938646	1.68074006808312
-0.571834686058296	0.270610949502262
-0.0944473678531119	0.0549731323665015
-0.218245312973151	0.107560478943797
-0.122919019142676	0.0685406932709564
-0.612452490034655	0.579281403260629
-0.0600763795970022	0.0435275146551911
0.181688401406399	0.112310243434148
0.199011370824563	0.158847154674853
1.57215361628604	2.57448185433295
1.01840555602549	1.21327720046434
-0.532946657157576	0.592128343578169
-0.394765551017221	0.390088004850701
-0.233351722318265	0.192053927828274
-0.0083382180189697	0.00541429270252964
-0.520686526300117	0.428363471989496
0.0164967945304904	0.00843041874165358
0.184060693376459	0.120204169663237
-0.588659616712631	0.474396762679327
-0.140321136953843	0.0946696254639214
0.669026530295581	0.609212515404094
-0.0428271685231101	0.0264817975385819
-0.423952086825653	0.323155710099647
0.496868654479493	0.535300693258844
-0.173988794280124	0.148479099218675
0.207148552551521	0.161007826648304
-0.19208227118463	0.162176437370498
-0.483538978376432	0.359493952761457
0.326081591330437	0.225880579133526
0.533782109701918	0.463345575429824
-0.772040727280283	0.416912762366139
-0.586610242551465	0.278830282472325
-1.97231024652666	1.36630153120529
-1.0033267355319	0.396956727520374
1.47086646676889	0.49088731436037
-0.385515363457418	0.159862460590161
-0.114233731509593	0.0407829355488277
-0.710805109113422	0.243238412093158
0.0470794967805408	0.025834405755853
-0.443757077015303	0.292123632831386
0.75328669141405	0.630642372124744
0.172864397881798	0.0592822657182494
-2.45145131098583	1.36116780975294
0.688185381402826	0.219868290083128
-0.321011266565823	0.0920911495247304
-0.614206104379299	0.148455859250315
-0.618535635333325	0.149538863092151
-1.01400572904258	0.401834663934782
-2.04967661201744	0.932958842751402
-0.713927771586338	0.244486303883557
-3.44754089021611	1.22379406077669
-2.57098043849301	0.664920470822356
-0.611962616144159	0.147977912487881
-0.258710201609772	0.160406276219892
-0.527699993003189	0.330100751648143
-0.326771057218117	0.0936418390224184
-1.1388663102587	0.629825035252626
-0.0825927592758563	0.0479548837791923
-3.07822553691956	0.950796797182827
-2.05281302393613	0.935366141453254
-0.773531753884016	0.586531722387093
-0.370058538779674	0.28739681298302
-0.77494539507265	0.588839047100486
-0.48608338368386	0.3616535124554
-0.630036506547599	0.638621082638103
0.18753846663493	0.0914634956979696
-0.0235472247930682	0.0146759959374791
-0.171793569795685	0.0909586396691394
-0.318842742239507	0.189605382950589
-0.371776609427956	0.288801072393963
-0.470151299459077	0.243684847333374
-0.63248222165322	0.370259105889232
