x	y
-0.373143281494199	0.254168537765883
-0.904286327322254	0.653361538950068
-0.98408561653082	0.873532502195505
-0.37551656426413	0.29234594189447
-0.9906956687462	0.881843168897981
-1.0131703403672	1.12237589356744
-0.763013319358369	0.410974559223611
0.53352913901941	0.341218843848179
-0.770666345968659	0.502837876468317
-0.177507779304366	0.0942222381114725
0.343676905356732	0.209562328034455
-0.120838611000693	0.0673776905862855
-0.786098258195901	1.03910713274357
-0.317147607980813	0.422988704376018
-0.212484608755993	0.136465189869356
-0.633882000304543	0.371296749012659
-1.00934730575135	0.39973479081043
-0.331432979676728	0.0949515324990773
0.470423896349218	0.191054562716746
1.98306162977224	1.2484237206916
0.42290347539764	0.19277164653448
-0.370346829638476	0.152977788998958
-0.580292405959418	0.275191572182977
-0.290034613958077	0.131745040140523
-0.951085162655015	0.466480187150023
-1.45637329567415	1.00511146774742
-1.07003605691067	0.721522944365849
-0.132956905645886	0.123344568460554
0.146027677086246	0.146163013849273
0.103665206303695	0.0735814432465859
-1.63038651120674	1.6613333652559
0.474198126463934	0.19270082318148
0.182471843526849	0.0796858034516034
-0.367404139334332	0.151815843452678
-0.774346325641923	0.505637661107763
-0.214652538759498	0.105850403380134
0.456177255618867	0.329725519590037
-0.0406146852722957	0.0174155448498505
-0.463609684229184	0.239659439739097
-1.49683678047233	0.53192588850646
-0.627069646783795	0.365776876965317
-0.745631042634214	0.322319305626002
-0.94764923626332	0.464252753052134
-0.217274939490432	0.107070162577954
0.188373661516184	0.116772605702292
-0.240791185289809	0.148158240884736
1.00987479510499	0.828296535273052
-0.961626957296919	0.473097683549944
-0.552499764858692	0.396609208991491
-0.483862212047169	0.359735335910252
-0.378790757627093	0.211177016091549
-0.676068492315916	0.531709710529887
0.571984295940748	0.334354128172462
0.676878551410764	0.484553132144432
0.380190341554113	0.192844119052471
-0.745361895750445	0.322606575863086
-0.168608320356324	0.0892182389413439
0.622288086474583	0.472791132417004
-2.08976004382093	1.58217375492962
-1.25262695399921	1.16543170685129
-0.304507945793526	0.180064102215154
-0.575846548897215	0.27289872822856
-0.117788788002623	0.0656349545105857
-0.237506328415486	0.173841513071449
-1.03222074243958	0.81902088241946
-0.987764905140612	0.878268838483125
-1.3322682869389	1.51430642490224
-0.630549863512625	0.368703010366747
-0.168101928463523	0.0889402529634372
0.309646365782076	0.234807673622406
-0.445914278465377	0.293914413021467
-0.441780140682837	0.290603285991656
0.164254101716773	0.0564001635204591
-1.19950734942199	0.892862526611951
-1.13866428133789	0.979831104423866
-0.378629217328329	0.211128084360064
-0.469628623217768	0.243440588223195
-0.995661017042641	0.888083385729168
-0.302882530456222	0.178743156001074
-0.779653109576231	0.592905931618196
-1.14617946103059	1.39914961141754
-0.249877916989108	0.154502618403153
0.669270694286825	0.478156657496331
-1.30642995669924	0.810510870939822
0.865587218930445	0.791291112094914
0.187660703248701	0.0915619405443456
0.193601764634445	0.120285870065384
-0.383107287547102	0.214364728764663
-0.552197250457474	0.396332962619441
-0.914322005521643	0.551011553710141
-0.0838835650753941	0.0487153988235273
0.933036776672366	0.812794140081421
0.203721248341941	0.158049374154815
0.0832566230217673	0.0542828782695871
-0.0346940488064566	0.0219202176958247
0.629992578797172	0.590941014631278
0.0228536920013431	0.0115986653667967
0.586334731604919	0.469081101407495
-0.53752790810778	0.337847904355375
-0.778195115161672	0.724631780047102
-0.369217124873294	0.205559697928798
0.562970331050649	0.471361677109325
1.48031560669539	2.10036092972599
-0.24753876765007	0.18215051283563
0.810380104700722	0.769568684309418
-0.317083499986754	0.221982597061884
0.68459560433287	0.707619694151652
-1.16274820790644	1.17609033180372
-0.375919586576031	0.292793979658639
-0.276199559713044	0.1984628767382
-0.312131878407579	0.185091047362615
-0.246447375797208	0.152143911346048
1.24941921080729	1.22374263960991
-0.770727670628593	0.584066582379154
0.817016601838617	0.778556352124422
0.0603575503820946	0.03541030668552
-0.301371514682528	0.137361109702699
0.818809202075336	0.653260533399945
0.165719155037433	0.0805828114829062
-0.251808594642066	0.155789268698861
-0.771033752675709	0.771161928883691
-1.08370860390572	1.26397300018074
-0.112293946370313	0.0772241995985283
-0.118266052173528	0.0659116933148866
-0.205934278873494	0.153457850597483
0.338872625917427	0.221989940213449
0.189295956803533	0.130025636830106
-0.0939437577518804	0.0659436385798146
-0.301022003077019	0.177754278858981
-0.236622529140912	0.173182970104512
-0.365474935369986	0.247890130975055
-0.874271285298439	0.71695506760791
-0.535977879289058	0.476576749365639
0.504320145691184	0.347636892037044
-0.769861641777209	0.769717271841623
-0.936889793555585	0.98291969714603
-0.648367639761405	0.447282463124718
-0.0736866090179138	0.0427284058185422
1.41756584105622	1.10242673454671
1.13282193726233	1.02072707096008
0.188329605847122	0.123226077671126
-0.172327718553441	0.0912825305866798
0.0329335948678822	0.0181834483775943
-0.401591285486819	0.398669697244119
-0.619146102373736	0.588084261381388
0.200847630636606	0.144639767000634
1.14349273114345	1.03317418962299
0.0481276839393662	0.0264028604031358
-0.984054038040389	0.873617921623288
-0.0077913269046786	0.00357541776910267
-0.239358870062827	0.175494382926817
0.0555402333094169	0.032605235429996
0.181884099830136	0.105510088751757
-1.19224431562111	0.88377330733291
0.0976807797800362	0.0714038421070018
-0.0698655931586371	0.0420440802095803
-0.598378221735003	0.525057486141959
-0.336087909746755	0.291942483637336
-0.289054418694824	0.131327364821658
0.0693905858273006	0.0430355552821294
-0.200917328717711	0.14917722122416
-1.06583261134382	0.716051021207942
1.13222132036402	0.866450593917088
-0.229834694963349	0.167598571162555
-0.462250293199343	0.23887691174884
-1.53111898226241	1.45575721209761
0.188714616106761	0.116994530437454
-0.215216695330877	0.138339021342557
-0.280708695352686	0.127367715901298
-0.281182906600566	0.127578096476835
-0.0608046852243374	0.0365369278579615
-1.01217758434675	0.795924089357941
-0.0519796010992212	0.0312222983190802
-0.376696834675658	0.293571975834615
-0.0569032172380258	0.0341857444218594
0.807502361778533	0.765782484397087
0.335984022045368	0.219663137972329
-0.0891281384487308	0.0518134447562915
-0.112542973277869	0.0774179084823224
-0.910670195414304	0.659611727924447
-0.585962635472919	0.278706522412514
0.884166088543529	0.65735305261507
-0.368715936231022	0.286077335303972
-0.322585088240052	0.192007048439328
0.628456596999161	0.589025683383039
-0.781110105683458	0.72820316650251
0.637900433090504	0.488116783367063
1.9254298384908	1.66605010646467
0.209670699777815	0.15169582424928
-0.527312881726606	0.329813344506494
-0.268314672755183	0.16713605155444
-0.297900743907958	0.175519019809131
-0.172182051449583	0.0911575650065775
0.169031458921113	0.0737154132744265
0.678593900263504	0.486033218525333
0.515245561123883	0.462845624937066
0.868032623160815	0.793888322492773
-1.9646790160766	2.48875032015505
0.294437041439179	0.25563837914754
0.325631251264173	0.225434785156124
0.204817984331657	0.168942073189764
-0.672454468816464	0.528246120415591
-0.655140112187105	0.453432579678059
-0.165606277246312	0.0875072017310385
-1.02397795953685	0.808921414267837
-0.872582624709777	0.715152069903638
-1.12801038413112	0.967627515258091
-0.0337022288554129	0.0145370436020807
-0.0336055831683588	0.0145106688544407
0.339221478242624	0.22223182043821
-0.473973289673303	0.350470140795775
0.931427571835505	0.507023256344611
0.330113793110444	0.229043602669973
0.573044343305182	0.334693760013411
-0.211040593857184	0.135447576156691
-0.171868945342988	0.091069776537514
-0.514011336012187	0.421678813033059
-0.934811503656335	0.567667206372637
-0.181653144462597	0.133455459364229
0.180063926568659	0.10437602943135
-0.0675700976779165	0.0406476716361263
-1.20556600784988	0.898475753003853
-1.17542278524354	1.1957057811436
-0.063275271260621	0.0459183541066223
-0.310535788634218	0.216630748710735
-0.676043000092039	0.584293987702989
-0.901276270668285	0.650314882088431
-0.527017738583922	0.330060831526219
0.563352602789587	0.472042539496305
0.045073579063902	0.0247381754297226
0.0124559428257596	0.0065061218326581
-0.0381775922264336	0.0236058634116079
-0.37215960705944	0.253374448930484
0.813411797203475	0.49001058244484
0.128078767524213	0.106125301545514
-1.01180896068137	0.795552179780545
0.440034565984179	0.334965755911601
0.0400005268855798	0.0219983590252683
-1.30229167947448	0.805987670419406
0.0959874027220047	0.0654619261893383
0.0586325569997301	0.0344175483181878
0.35975080515339	0.201431728531042
-0.128546119616078	0.0718757165314808
0.0889230190727426	0.0580950347952306
-0.0987680929133131	0.0575429552633453
0.0757926335536961	0.0471031383255877
-0.69327326546135	0.604161232253819
-0.275722716576452	0.226212121277673
-0.5626812090887	0.406200046376034
1.49206834635389	1.50006473915333
-0.119286624344564	0.0665420928850298
-0.0621756331664754	0.0373570700645097
0.678162664054277	0.486154498641074
-0.861846786405802	0.854300188924517
-0.425744653727375	0.32489470655375
-0.164918961770691	0.0872307369611827
-0.761300643934852	0.409141010673341
-0.631396381507624	0.369245544778608
0.179667994956428	0.0874904709866229
0.192822740062124	0.132640816372891
0.185101550610752	0.114545004762483
0.865194588438363	0.915387270374749
-0.774235404565883	0.5881018625195
-0.651848592700307	0.449667752166952
-0.102162404881899	0.0595757857566435
-0.369862932294388	0.287169908342503
-0.245405468381722	0.151375018971929
-0.251112645366339	0.155332565974544
-0.00927078247088807	0.00423676171958786
-0.0966762063028909	0.0562623650055026
0.189546978942307	0.110319196159295
0.0268139375182011	0.0149246958773242
-0.771290874804892	0.714983161905355
-0.3134657104373	0.185856954797717
-0.904093658135242	0.652655797229737
-0.0393139682252271	0.0242792985405557
-0.174781022096197	0.115357378856077
-0.562591404232937	0.405781249280008
-0.462905347733049	0.239580150297136
-0.42171433065472	0.321067388571075
1.49650901035582	1.51024835086873
-1.53736454848646	1.46904472386168
-0.040097663842565	0.0172022502253036
0.185691525012019	0.115017293920341
0.808971824663004	0.76769715168233
-0.00910969913184772	0.00416450270231784
0.186550762473395	0.122020833024238
-0.596408529651635	0.4822768322245
-1.17045014691109	1.18747228533137
0.111129646013297	0.0842812305819608
-0.773367301544483	0.504856755385909
-1.45044494015309	0.998644372218219
-0.327974190807188	0.230719942795005
-0.0417453738209665	0.0258021073489258
0.0278565809045522	0.0141028342084215
0.0440972970282411	0.0242043001274505
0.322554955311097	0.222922353888076
0.191071253584962	0.118489345905079
-0.25064367861553	0.154900404814356
0.342485684743531	0.208607137475302
-0.43050043731458	0.329239353842282
0.309076529274539	0.223668145333031
0.185721656180097	0.0997528695298324
-0.655380461433539	0.453147525546594
0.188580555562427	0.116959552964064
-0.307021207612109	0.181681848671301
-0.585720472724543	0.471306727715185
-0.272178686090537	0.240508482798313
-0.0631244261050158	0.0379436700852053
0.810726637104498	0.644305860433575
0.701666302626726	0.6126898945324
-1.9626707399425	1.35343443989011
0.349160792880977	0.213205639640116
-0.133569350529888	0.0747417259707745
-1.25294158695289	1.34810383948707
-0.855159155785014	0.844973603974361
-0.85304246995419	0.841873321937332
0.166962643771132	0.0811730634682339
-0.130258281416994	0.0728325896422234
-0.423656835852927	0.322557796376629
0.343995795959537	0.225887492213414
0.814835036705022	0.648695307200566
-0.254737050689625	0.157781174124555
0.357599472999355	0.219116690966985
-0.124439899123005	0.0860696460547793
0.18276789117135	0.113014445211435
-1.62901049479847	1.65935961405359
0.933186206196447	0.813847178649934
-0.22495800949009	0.163539929184353
-0.495188624132318	0.186487217221814
0.340749834899351	0.207615253236368
-0.00698425107985603	0.00321458526446334
0.681748032801304	0.488806139484341
-0.645807618560363	0.379720034676994
-0.148858463767973	0.100829547692459
-0.629709869873658	0.368541364052106
-0.631931719406998	0.370194142722694
-0.0707174796189181	0.0425616349816853
-0.282695070299447	0.12836790241986
-0.484378059457164	0.359902942157837
-0.158743004201669	0.083777823458934
0.529652888165746	0.338552717286061
-0.311195335308062	0.217146720226158
-0.317729087067229	0.188757392988122
-0.381980058035841	0.158353454227963
-0.517734994316843	0.32264796574684
0.469037778436906	0.190492761217088
-0.580810490545755	0.275470089991001
-1.069616402597	0.721151099523018
-0.367491590019733	0.284907898441065
-0.698670682702589	0.238794577468402
0.019035158694085	0.00968416689337163
-0.0761977842666913	0.029926788769215
0.362862654073158	0.222809138155202
1.1528536076797	1.04692514187838
0.842784839680697	0.358338111013329
-0.0812016633342381	0.0471282427117863
-1.14808860723133	0.638027844268902
-2.09459320273514	1.5877041300689
-0.459866546491049	0.237612413140275
-1.70942337093223	1.4234053819203
-0.887014533524182	0.731561905353768
-0.681102894165523	0.59007925244061
-1.0079855208987	0.399077505174083
-0.884657752327031	0.729215891064291
-0.581179614129009	0.276026330202578
0.173914010876616	0.0759251117962961
-0.0674005861215407	0.0265824991773981
-1.96771068962196	1.36076543733496
-0.520808400063408	0.325232698116511
1.26852212332923	1.07620283762546
0.0149499246528113	0.00771919148610164
-0.0364590563267713	0.0157012232050522
0.177591660574137	0.0774947914663098
1.35564812089346	0.600770089805534
0.168703934281002	0.0653025262066088
0.461664855175714	0.187205193106839
-0.456710345917301	0.235965410783214
-1.14423780041102	0.635061834809115
-0.0644205635617909	0.0254571501544209
-0.0298274185503677	0.0129438400974296
-1.03185097598509	0.818622163895771
-0.580667763879253	0.275761333985373
-0.0049393534818873	0.00230564365384749
0.0459892516519339	0.0252612882582567
-0.375782868334702	0.155446556365043
-1.20364870031043	0.897803236816867
0.922061902815981	0.501312107166686
0.466438199138473	0.189262806780757
-0.11544065073908	0.0411913626274659
0.178086308271372	0.0777237254815423
1.98266088735288	1.24857030420285
-0.369918345393458	0.152782068443707
-0.197316433582098	0.063550392412948
-0.124590863637408	0.0443613006456175
-0.757289502498819	0.328543369125433
-0.745228434114775	0.322263483734654
-0.0313083012657367	0.0135552996661402
-0.072399640933927	0.0284615226700537
-0.365376793227214	0.150864261510649
-0.0381660756130784	0.0163974671671815
1.11187291553674	0.688709744713939
-0.773538525692021	0.41781806325108
-0.745631042634214	0.322319305626002
0.377431850470663	0.191308346451001
-0.619069360213747	0.149654914653121
1.36640969087011	0.605944846364442
-0.321011266565823	0.0920911495247304
1.34035899420625	0.591784802374059
0.181837521716867	0.0460537144756759
0.964404580081594	0.255330782344719
1.60354892267195	0.807720556739198
-0.322472516615752	0.0924590549090847
0.179008086694114	0.0538125056714061
0.187984352048437	0.0474280610765032
-0.329964215322259	0.0945505800706473
-1.12019427196772	0.338020301365193
1.47525146835293	0.492648627415429
-0.613804976594409	0.148553206549543
-1.49247986516622	0.53011506511111
-2.44531775532546	1.35491652853329
1.06153095853073	0.405927487776779
0.831491739983733	0.352594617909251
-0.590437030579735	0.281072318815245
0.688637326691298	0.220082192676685
-1.1182849071041	0.337405124817419
-0.910953702705143	0.548288627291858
-0.33115064247346	0.0948450204466267
0.172802476000361	0.0668889030455726
0.181173119897413	0.0882650262509555
1.05767805940452	0.40430204105456
0.542835685153747	0.196854746188577
-0.330698472981565	0.0947716626031445
0.178049240810411	0.0452053813438565
1.26745268996318	0.881598167895173
0.553818419026129	0.201156081038653
0.183222271364428	0.0550052131678393
0.963214248695465	0.255090594573707
3.648660887427	1.44649464979281
-0.199468626638543	0.0641958776339338
0.847728504925438	0.36079146501607
-0.613158918177153	0.148231887572971
0.688637326691298	0.220082192676685
-1.25254603603633	0.562193102367071
-0.197316433582098	0.063550392412948
0.182336403143595	0.0547549505032696
-3.75046496352693	1.48199107071708
2.77257101575008	1.71885184993619
-0.124226356552131	0.0441913898094736
-2.57036588579023	0.664816582891659
-0.4687462424577	0.243091668024514
-1.79839826083819	0.730397358466732
-0.490202310549473	0.184473557623143
-0.201906699363454	0.0650030146049408
1.4888217734831	0.938621624735836
-0.99803333812908	0.39440964118414
-0.577302762796917	0.273561358867356
0.183063896529214	0.0463401006276899
1.09148459484778	0.5339278161794
0.179746106686676	0.0540237006551008
-0.619069360213747	0.149654914653121
1.84184770666887	0.726890218717793
-0.329512287054466	0.094417417841927
-1.00906318075178	0.399734482931109
0.693216225774344	0.221541872050593
1.84066711299049	0.726365639107333
-1.96457300366902	1.35552459039869
-0.0795305772316263	0.0312158420849284
-0.75611798444061	0.327981950322127
-1.13050312656085	0.624651121786324
0.171010817716971	0.074621448175335
1.64640319225626	1.16051966733328
-0.492545799481847	0.185468080029724
-0.200129309738867	0.0644172032327784
-0.0855163756430028	0.0496781623030099
-0.214694151704613	0.137997880859454
-0.21649733509234	0.106882715699951
-0.870304895265097	0.793452520270223
-1.21324038442798	0.907743592744506
0.0438232263801442	0.0240477107320088
-0.0796439446866726	0.0312337259623859
-0.715777792138902	0.245038507634421
-0.769375018610292	0.50093117068894
0.821425144948875	0.496708856804278
-1.65432545491249	0.930124270808386
-0.58894012635672	0.280225527780854
-1.47440604970929	0.744072404548632
-0.364388398858447	0.150403512490859
0.170709462001122	0.0660923528424984
1.59857754726196	0.804530569699723
-0.0271957009401002	0.0118658985876067
1.10558749597091	0.683293553166803
0.178161345351442	0.0610444196674466
0.491169262550901	0.336742158331505
-0.497540036768389	0.187445875024767
-0.298696620246261	0.176017910621237
0.529032130518015	0.3376351220322
0.477216552958343	0.348590115301724
0.551298334729919	0.200249958464128
0.167591716668548	0.0730762440049811
-0.0703924188547003	0.0277109365072036
-0.0703835369934078	0.0276915479344661
0.572085400729875	0.333963311804707
-0.949973009192648	0.465713193619115
-0.920270769624233	0.556364028221759
0.0386949267253477	0.0212755475153063
-0.380035163986497	0.259531353328285
-0.315210725651287	0.187138903345293
-0.490295851729996	0.365656098164016
0.200232847150295	0.124659691935649
0.339821687864323	0.206812157377964
-0.575846548897215	0.27289872822856
-1.47657237792784	0.745704007001888
-1.81736601651993	1.13630416704249
-0.5787895469008	0.274357231514848
-0.764948506934631	0.412169562241879
1.05878746464103	0.40482083139178
0.529032130518015	0.3376351220322
-0.524037425430278	0.327019110288627
-0.284599252936505	0.129223106973178
1.09545498925013	0.536344243988646
2.06103655257247	1.96547093644388
-0.38289783995174	0.158591419639989
-0.0457089768304608	0.0195581847161808
1.27195949938794	0.884774482976824
0.170195050824796	0.0827439728021799
-0.13373932752609	0.047518908347534
-0.962620831317507	0.473469862138019
0.550941991992969	0.200022862882379
0.714470770965325	0.337329994111773
1.29489864782618	0.719995922701654
-0.928435283352053	0.562385264682059
-0.957190516318411	0.469930782197292
-1.31156095852964	0.815354200641479
0.173841338161581	0.0596051278079202
-0.447261065796693	0.294979456885971
0.173676863179753	0.0757156141791281
-0.621497155348658	0.551840012171459
0.0189949588542435	0.00968744368187784
-0.210621723128419	0.103669840959805
-0.760470267481891	0.493943397093738
0.0636994067604433	0.0374086503998727
-0.907517968086847	0.65633914560986
1.3510089491438	1.5924651858121
-0.0577210017770777	0.034672788527392
0.188714616106761	0.116994530437454
-0.120446187706217	0.0429055937947684
-0.585996687671979	0.278770121774391
-0.115833021230527	0.0645337186956051
-0.127973808429625	0.0455141210732245
-0.0727452422026444	0.0286275886540948
-0.286112683071226	0.129942232804824
0.177694321152834	0.0687605170376194
-0.243323397445831	0.178462788876452
-0.221336735995913	0.109359129350072
-0.0313083012657367	0.0135552996661402
0.174866744414616	0.0599504088128746
0.368161370839969	0.206994700680958
0.176366979017139	0.0770178487815962
1.10217882059891	0.680051928896139
0.417609772196223	0.190227467919093
0.383831520508066	0.194809237508958
0.560263982972252	0.203664261240574
0.667877960284752	0.476995618608966
-0.374492340333348	0.208863715455449
-0.583095682881754	0.276830247733645
-0.187623106087822	0.0605504090088322
0.168551797974127	0.0735094148580177
-0.0941077730229357	0.054771170468956
-0.762313712123038	0.409864019164034
-0.0752177151460479	0.029563691770673
-1.44180716732533	0.990382425176812
-0.671531172974772	0.527403672301691
-0.288074031163663	0.130880260550639
0.753292392028495	0.631107485578518
0.181369551749292	0.105263700506208
-0.304468973190583	0.179876407639354
-0.291856767725802	0.2340773544796
0.184417057714511	0.114082451854783
0.0536617341719021	0.0315072990633262
0.429020134477497	0.342006300758754
-1.34289364612032	1.33590228589947
-0.0440958848990079	0.0188740392105785
-0.466970765893768	0.241552828813876
-0.221183618396326	0.109192131796346
-0.744824966604454	0.322057504500445
0.189894599944395	0.117832491505155
0.187291142528368	0.108801259642318
-0.759867675823137	0.408256339947344
-0.0703924188547003	0.0277109365072036
-0.754105964390968	0.326876011556733
-0.0737705474878023	0.029014453808877
1.28138466208295	0.895276594436155
1.31075743617658	0.731612483900567
-0.502824622854512	0.189653352789705
-0.128368779999186	0.045648725082483
0.620962421878822	0.47147160262488
1.68454587693549	1.59459636753938
0.0536907854903019	0.0294667313173441
0.46605569412732	0.189112961840582
-0.764271133372728	0.411077987841827
0.494920370816705	0.339908550170336
1.25494804245777	1.23167611942469
0.375726168582347	0.190484702835297
-0.277096110709126	0.125560069709318
-0.16453350761608	0.0870218544747272
-0.163003462796575	0.0861026159355151
-0.766976143268925	0.413273998444086
1.59529375556191	0.801701096502037
-0.522630348354897	0.326694987135392
-0.767308712012954	0.649493851847188
-0.0821726275914916	0.0476796749485882
-0.476673262699583	0.353047936694006
-0.0960939827409064	0.0559285228089391
-0.323469537515265	0.192624145971426
-0.0406146852722957	0.0174155448498505
-1.45142572409281	0.999525585409184
-0.212249594551755	0.13621724675634
1.24832717451541	1.37247079041001
-1.1328467617812	0.973989728386745
-0.0472257519319434	0.0201836628148138
-0.0551277280673471	0.0331076170486457
-0.135012259663839	0.0755953973684656
-0.452173681528968	0.233077256032884
0.176287929781929	0.0682081341245489
0.00106654487183909	0.000365940780408877
0.164903907385656	0.0801170408302437
0.166741085808389	0.0645460091824029
-0.526337815657892	0.329151538415684
0.0318805163963132	0.0176152264593588
-0.357414211965891	0.147326355037622
-0.380850179052134	0.212747449525609
0.413143259890935	0.18790555165654
-0.889044732316847	0.734356386485567
0.181009956526407	0.0970752590511181
-1.14459554085305	0.635948604491747
-0.580156207807597	0.275475106629914
-0.955633680315855	0.469059081581706
0.171587248755068	0.083452290621918
-1.01786126599195	0.801665025991381
1.5514403429923	1.3350055882777
0.808363327396969	0.486525818152595
-0.0747036622184543	0.0293682206911135
-0.221757098672195	0.109590387092837
-0.653807744885323	0.451225365951373
0.175019473147223	0.0852220143151811
0.385294571628405	0.196072410772363
1.35671193477925	0.601326969297766
-1.58388215973498	1.20284029896477
0.539775753233622	0.469963384503672
0.185522388021062	0.0996426798071619
-0.0810211314269603	0.0317764015717167
-0.898332998404145	0.64732221537957
-0.37541758135948	0.155434739168085
-1.79766606524237	0.730020629935894
-0.960512091527211	0.47234833068897
-1.13994407434137	0.631341821458801
-0.77607516494589	0.507667637195255
-0.321688275782786	0.225718573412973
-0.977795346890208	0.865647097120843
-1.45824305191804	1.00616503027352
-1.13978151585776	0.632169863545236
-0.214311374783677	0.137747444126376
-0.774233161467284	0.506180567055034
0.588581291008989	0.470912842876758
0.332300388100061	0.216800819540271
-0.562962701927263	0.406389350829931
-0.123053955424211	0.068698125586013
0.520148440961162	0.33119255685552
-0.0693590507969908	0.0273198390182347
-0.150419979921457	0.0792162585373066
-0.159236795356566	0.084109435888301
0.174204355272961	0.0597247391277113
0.344274374702756	0.20999171201586
0.167528719988263	0.0574898975108769
1.35535594087286	0.600275526676328
-1.65277107674755	0.928487832066535
0.00979758024658799	0.00517333601683401
-0.58165299154008	0.27627537598198
1.06301156133644	0.406541088935866
-1.5026235657887	0.534584753118728
-0.76742158586906	0.413645886141626
-0.704722398968598	0.241062538843187
0.160649505128668	0.0622347449198939
-1.96210394588158	1.35328100941367
1.12819180585017	0.861753208960952
-0.660995549154412	0.458227740010169
0.172463093000529	0.0752804629540888
1.12496004792256	0.859122640334521
1.08769613908304	0.531928346400358
-0.502455215004387	0.189494091012893
0.384339873370408	0.195103212494859
-0.279508140984193	0.126715872092124
-0.126760659254565	0.0450823843067737
-0.38328269514445	0.214455608531399
0.174843743002118	0.0676263865109378
-0.508786249084006	0.192068550469136
-0.497540036768389	0.187445875024767
0.180845714650258	0.0543398759613664
0.179369859705814	0.0539368960907662
-0.465815035231061	0.241308658320707
0.0168494947116179	0.00862559660739229
-0.0264715934204531	0.0115623813320096
0.671764793717535	0.480524433967577
-0.00487909883369718	0.00227300841583766
-0.774346325641923	0.505637661107763
-0.751119637592877	0.325554475995478
-0.279255317676976	0.12672129528596
-2.26596553297499	1.14347844563336
-1.15039681924251	0.640021051069978
-0.522073117042355	0.430029490222267
0.386176424146672	0.339728147515241
-0.179846282312064	0.118927713627071
0.0405189845647769	0.0222953833526036
0.627053324310618	0.831878850764243
0.249312392318173	0.269613033930139
-0.617794972063461	0.54761553536267
-0.580859440545543	0.275428188081338
-1.45993513622836	0.733838039041807
-0.202615613594689	0.0652232518828875
0.17899314570337	0.0538175920888867
-1.7950708830499	0.728293940093954
0.468602008697511	0.190152966892753
1.3524197012094	0.598640284839141
-0.284627323960963	0.129273758704093
-0.203686449811516	0.0655556144258791
0.629275007554483	0.331472333529495
0.707262304076605	0.333717427524185
0.550942476833057	0.200036223470925
0.624624826466792	0.328815517980646
-0.372326339235676	0.153761645573141
-1.12019427196772	0.338020301365193
0.185522388021062	0.0996426798071619
-0.954079142226954	0.467974388796456
-0.289054418694824	0.131327364821658
-0.580292405959418	0.275191572182977
-0.381327629457224	0.213273272450903
-0.924805902196419	0.558968000675209
0.984632759153838	0.673083707466722
-1.07390032775101	0.725909860492697
0.473589454725271	0.19241483097626
0.413143259890935	0.18790555165654
-0.750971766157953	0.325331624245207
-1.20027664740846	0.892925391044409
-0.365474935369986	0.247890130975055
0.19814205326387	0.147967534489621
0.0406150848927917	0.0294108220159709
-0.472734816801177	0.532425056432653
0.92204796556687	1.31975493055237
-0.031605234878879	0.0235009672924337
0.191379032700155	0.142425462717141
0.119423689369034	0.0960155196034015
-0.468743299291645	0.457307496237187
-0.37337484174229	0.254024720961425
-0.118626346025195	0.0661155923219416
0.180259627624014	0.0697275608495919
1.81046515624466	1.02417885111464
1.12533165733048	0.858253631083007
-1.23316281660902	1.13959668783845
-0.650649524522602	0.449508265316562
-0.495848105642275	0.186769649159627
-0.622035323133494	0.36249438874899
0.529213412005813	0.33782535459804
-0.473457885021229	0.463090101419234
-2.89381189190758	2.11613716675124
0.408620568493829	0.442244131071706
-0.352873104823168	0.426371470159553
0.118305370239046	0.0874188313352122
-0.966194768966732	0.476098974247051
-1.45156086841997	1.00094874460807
-0.702916162136118	0.240304795913802
-0.0634420345184847	0.0250899832244264
1.35387025916238	0.599473598026445
-0.778713771516543	0.509521897352326
-2.57067328278635	0.665094197548339
1.84451762847753	0.728350716630867
-1.49320671887845	0.530373211909872
-0.740822105599132	0.320129139804216
1.34535540043101	0.594630797244547
-0.330698472981565	0.0947716626031445
0.574538512098039	0.335793161705647
0.843422236893639	0.358554124858322
-1.49680843456756	0.531963842405938
-1.49175325085157	0.529773188260123
1.59193285113715	0.799327363673308
0.184291063239428	0.0465991085839434
-0.323664690407152	0.0927962418225715
-1.01014139129076	0.400088841211607
-0.623974068782137	0.36364575179717
0.169248055862235	0.0319917175833404
-0.11762021548737	0.0419397186313975
-0.697202314681331	0.238170495213451
0.359214533533889	0.201366264820353
-1.49753171438992	0.532305096548695
-1.49680843456756	0.531963842405938
-0.703264262088321	0.240508331840629
-0.195896300806791	0.0631110974355499
0.170230434608558	0.0583940430699947
0.175891515215909	0.0602877256141385
-1.66232830410599	2.05709667701423
0.523046776967594	0.333446876827855
0.173391292437061	0.0843541253309815
1.01311518373711	0.832596616912959
-0.190600982322786	0.140787862435796
-0.410572349770528	0.464513329196274
-0.107229844587926	0.0928315386223263
-0.00302500714072147	0.00261228582408218
-0.126124537353158	0.0704715526818633
0.782648468602327	0.870614024408842
-0.100917766402575	0.07873301499529
-0.221607632456538	0.109411331801366
0.170230434608558	0.0583940430699947
0.0142614709687169	0.00736398689019226
-0.0751108686230038	0.0295359090585564
-0.532572162407478	0.334293779044347
-3.75192082283692	1.48279230677585
-0.739160914691678	0.319287224943079
-0.708961798888886	0.242591076534355
-3.99280599777723	1.72674829161483
-0.0313083012657367	0.0135552996661402
-0.775227415634251	0.588880384728282
-0.498685246117073	0.556798006979859
0.179845637419764	0.0616123591521601
-0.0877418420426172	0.0694002793560442
0.348379259927432	0.480368578656015
-1.08125938495854	0.731868723439565
-0.613682540053849	0.148388769407339
-1.12396372987595	0.33934973605565
-0.617339897765464	0.149284387408846
-0.501797267692593	0.189241455696606
-1.1152634133402	0.336439469187697
-0.201545344382006	0.0648721172047725
-0.321011266565823	0.0920911495247304
-0.32485451718176	0.0931499749349684
-1.12464685880463	0.339484249108323
2.13681907156706	0.965358768322222
-0.197961486462631	0.0637876154388623
4.18934074145553	2.03655237370426
-0.709319061175721	0.242738363206193
-2.04685059732929	0.931215390081504
0.16619130625606	0.0315431724784316
-1.49633399610699	0.531774933095134
-1.79867586482886	0.730667932620658
0.967933372585482	0.256362285789635
-0.612487701707529	0.148134994320372
-0.613012730411062	0.148202450577793
0.174045724149933	0.0524237595938313
-1.1182849071041	0.337405124817419
3.27032462336087	1.11801013776878
-3.44888613612191	1.22380916720858
-0.613682540053849	0.148388769407339
0.967933372585482	0.256362285789635
0.461664855175714	0.187205193106839
-2.05841807823751	0.938874444900137
-0.701794429638729	0.239974906557054
0.18374299244507	0.0464795790495071
-0.608428787479893	0.147248610626808
0.186752657299631	0.0471525522204707
1.96372117107544	0.45473924627511
-0.324126952894347	0.0929244396746841
3.27272750868887	1.11966450015405
-1.49175325085157	0.529773188260123
-0.32485451718176	0.0931499749349684
-1.50069847674699	0.53359178068112
-0.956207897684886	0.469892440894444
-0.494392401750028	0.51339414697563
-0.675074629778093	0.530693001926104
-0.125232557551052	0.0445220317733553
-0.497540036768389	0.187445875024767
1.30243340405806	0.725293281067362
1.08712877574356	0.530755331454903
0.863202934903218	0.788111022654911
-0.238551164554737	0.257624294160578
0.030369800512996	0.0264589921384157
-0.86899385719661	1.28361755666231
-1.33291352786993	1.31975536765255
0.189364138656203	0.124014398518407
-0.163867409462817	0.107626717276447
-0.128976424631748	0.0458608977147569
-4.20523570887073	1.97400017901136
-1.25358545594054	0.562549185434393
-0.613682540053849	0.148388769407339
-0.580241473392003	0.275066476869592
-1.79785205353169	0.391773074809323
0.181222403711057	0.0544586569816679
-2.44471242563658	1.35428037836126
0.809318104431742	0.487291514093299
-1.64877676094374	0.924776485622219
-0.531522481202156	0.333131080390349
-1.13942696859827	0.63095643497674
-0.956761317225478	0.470160408913774
-0.704722398968598	0.241062538843187
-0.28610420346134	0.288784450947441
0.0240804155077798	0.0234232171257511
0.0470794967805408	0.025834405755853
0.467435422769942	0.189763860429757
2.13994391182562	0.967503084900065
-1.50189389559208	0.534121741351592
0.187984352048437	0.0474280610765032
0.174866744414616	0.0599504088128746
1.84376682971049	0.727623731102843
1.35458372256336	0.600126054059965
1.80131995043412	1.01690823966158
-0.113230095709919	0.0404357379191545
0.188667958543402	0.04756856032199
0.164778629348208	0.0313374327003096
0.682339311812087	0.217953944354753
0.165088029467664	0.0313824661178469
0.418490707651304	0.190446434947592
-1.79620281052891	0.72892224592551
-0.757729797952904	0.328631953002876
0.688637326691298	0.220082192676685
-0.331884233338781	0.0950660268702792
-1.11458449535005	0.336227635184335
-1.80899376027932	0.736083117896047
0.177362298643623	0.0450515694227369
-0.612487701707529	0.148134994320372
0.855041461721105	0.364266661354196
-0.707108693003757	0.241928926266029
-2.04967661201744	0.932958842751402
-3.75192082283692	1.48279230677585
0.46605569412732	0.189112961840582
-1.00306966229617	0.39683135622738
0.174785547530182	0.0526214906817273
0.169248055862235	0.0319917175833404
-0.32485451718176	0.0931499749349684
-1.49753171438992	0.532305096548695
0.723933132238692	0.342825309556924
-0.613158918177153	0.148231887572971
-0.194075683681951	0.0625390145219641
-1.26311633392967	0.568411691186277
-0.494817503599559	0.186297123887455
-2.04986343706636	0.933375673748659
-0.223419007290876	0.110357963578607
0.419504258944662	0.19114580001047
-0.464651857044816	0.240268785301997
-1.47190351194253	0.742148154121523
-0.122000608308469	0.0434160109793542
0.00385809964593379	0.00242637390469118
0.417609880273326	0.579038519364765
-0.104923529534509	0.0922811241245964
0.0199504189329108	0.0173662783336077
0.378551708440538	0.192176865517693
0.0504060325223444	0.0276541478000421
0.547426774845793	0.572361556261321
0.533141996669574	0.340942252349323
-1.14328309021424	0.634226619185892
-0.503483382578555	0.189906433790702
0.962025660417238	0.254682745005495
-1.79913083573714	0.730688065905454
-1.00765002948625	0.39893930859467
-0.326771057218117	0.0936418390224184
-0.384688776823788	0.263222152592171
0.164254101716773	0.0564001635204591
-2.09677992834831	1.59064335624803
-0.130983185581287	0.0465324275233992
0.179186941663505	0.0613870679805912
-1.07909364367447	0.729767701299547
0.856202352471837	0.778954038660347
-0.311687149632877	0.184723608921079
-0.655380461433539	0.453147525546594
0.27373904201075	0.261111406700819
0.832406641838168	1.06359554486464
-0.373092881146186	0.290235694742211
0.926900126021839	0.504246365110297
0.843443663477006	0.35876328544495
0.849408948383461	0.361671672630261
0.176711169671516	0.086078604682748
-0.12261043679513	0.0436371800151759
-0.586610242551465	0.278830282472325
-1.25747300209574	0.564963950040757
-0.125375880619607	0.0700252802613939
1.1238589661051	0.857421455205485
0.417040300683614	0.189895882606471
-0.197961486462631	0.0637876154388623
-3.08351879397427	0.953227279124287
0.687453672774919	0.21969379736456
0.17126650450407	0.0663041273338479
1.30090052760141	0.724081434804544
0.928388373312671	0.50540097797507
-0.496219048461158	0.186898738117231
-1.47190351194253	0.742148154121523
0.373562253968828	0.2104630559587
-0.625394911607526	0.365302627449566
-0.579774617979949	0.274894701600542
0.174178182829632	0.0597072241968293
-0.94764923626332	0.464252753052134
1.47579162106182	0.492713238749138
0.844796816473284	0.359284495888571
1.06375255943934	0.407031400293661
0.549160121479864	0.19934633555332
1.60218197822222	0.80642049141541
1.35564812089346	0.600770089805534
-0.217015352559111	0.10708389064465
1.47402323433779	0.492035659807906
-0.27635262374544	0.125306877876546
0.025375082422454	0.0128291369083985
0.174504111440695	0.0598231088959162
-0.278528756733732	0.126266470686358
-0.370908459446938	0.153216945134065
-0.700140591670167	0.2392376775151
-3.44754089021611	1.22379406077669
-1.54012825889698	1.47125223532396
-0.518556507889984	0.503948416262153
-0.362568274423046	0.335854508109094
-0.233046760039318	0.170282125406026
-0.376698057631488	0.256823599581921
0.176138785194489	0.076835812846744
-0.901446789129216	0.650375954158712
-0.479353234757406	0.355554207753533
-0.0207929187275989	0.0131437180252471
-0.30726373990028	0.289852716553829
-0.551281517389642	0.494325349997079
-0.0727690503932713	0.0518199083026421
0.194287209878746	0.127514784540461
-0.0445783084191799	0.0321278883286313
0.57622949910258	0.663671264408234
-0.217645162234295	0.140099022045352
0.0392998739039193	0.0216169189554453
0.560757615892257	0.326332762081783
2.58667986627849	1.45385465135736
-0.378670225762189	0.25836167673063
-0.0417059127662268	0.0178832638693912
-0.48076810964675	0.432424053885004
-0.200744126342786	0.149153493804196
0.0348922714371127	0.0192542951197627
-0.4788958330313	0.355087614976453
0.195655685221773	0.121580314017998
0.25721436082309	0.242385026967923
-0.255323611459803	0.243452910236557
-0.0684768301167398	0.0487154662118514
-0.616862634491065	0.584956149859376
-0.37361668230738	0.321281230440172
-1.03367164748518	1.06538126338582
-0.288963451044534	0.231441137610092
-0.523085597845981	0.430933402142321
-1.15289225320198	0.641687639151804
0.870239179490117	0.796828888866158
0.00397347404185195	0.00249626397037493
-0.990026186834813	0.88166483128314
1.37946200521834	1.27511176336563
0.809311106795904	0.643396734861228
-0.228381813850364	0.11305426503078
-0.930108689461217	0.563975336573624
0.988646489888484	0.676847740840162
0.932204722005051	0.812778140568287
-0.68302311315243	0.592206387355635
0.180978678659038	0.0882668783158446
0.0176456852519332	0.00901951473949834
0.0603606306645372	0.0354454812152394
1.11850637658451	0.693711025233266
-0.127544542045076	0.071152228489527
0.719556553066246	0.34021370118301
0.322148530587864	0.222544715937691
-0.198757003958094	0.063979613393949
0.845105806899757	0.359316278453548
0.625059148842325	0.475384306766661
0.820020359701189	0.65468270246416
-0.172277235244037	0.113609229019486
0.397114446745188	0.202562773115958
-0.318596111237979	0.223191520653563
-1.30694496379629	0.810917557762743
-0.00550138069125434	0.00255673793773898
-0.165505674971376	0.0875574432628282
0.806004830414455	0.638776854676326
-0.393029245301198	0.269944829152945
1.68604918108822	1.59632367147154
-0.676876542985094	0.532853909059991
0.735515210049028	0.486882792022853
0.202851940566335	0.140206839897122
-0.626220365410715	0.365250856992385
-0.932947920639463	0.566187096258991
-0.224525238634736	0.110973092533979
-1.01355997101244	1.12344649112453
-0.950965956484979	0.46613273001764
-0.872192326519966	0.794825622809954
-1.41143851863425	1.88022789480068
-0.0118393634223522	0.00753886327264198
-0.990038622695091	0.881502416826347
0.301128351134045	0.236762113828884
-0.368944164258267	0.205229580777364
-0.933923414142589	0.566845187327095
-0.588113324008147	0.27951214651156
0.179667994956428	0.0874904709866229
-0.330824891201567	0.261676089324491
-0.930665049509445	0.56398290757592
0.0796479601673361	0.0495129723119278
-0.200522026504789	0.128077500772463
-1.12002714791497	1.22547469457663
-0.131568848314519	0.0884138825516181
-0.550819989608739	0.395174291002876
-0.834450549814421	0.877717811523587
-0.36634371600889	0.283914276486605
-1.12589112086779	1.23497357819657
0.18412561645508	0.1067730405032
0.0826540138017447	0.053855138750405
0.365994938975592	0.339682357620109
0.445244706519056	0.339480096623237
0.0243756584168023	0.0170406729280025
-0.204309887039715	0.152131891931216
-0.237700984717368	0.146113370219746
-0.205352336481833	0.152952555023353
-0.484191535999511	0.360059713249648
-0.527357267973318	0.435389726302742
-1.525679931472	1.44880090827347
-0.0698755855518956	0.0275162464102779
-0.249730961752966	0.154310572845625
-0.0119005577625043	0.00761234359822477
-0.0313083012657367	0.0135552996661402
-1.22835734698405	1.13121154536812
0.88805592087717	0.660600466022907
0.0784117620111218	0.0510504309593095
-0.374925759667409	0.155103292255137
0.88302619317832	0.655952777597951
-0.269410672431536	0.192870066089262
0.817927273636966	0.779395914140195
-0.314475021791793	0.219891311429791
0.412007222832177	0.340150888137995
0.873070048577592	0.800391414568728
0.674621975621258	0.483059666292937
-1.10883124333302	1.20631954662813
1.25577125804138	1.05884179858358
0.684772004723432	0.492035286549621
-0.627634287495869	0.36677434149065
0.680937597275331	0.488444864264157
-0.653966283600787	0.452039948861489
0.535836800657683	0.465704302619911
1.24957374099271	1.37277397069704
0.746980165830829	0.624123243562095
0.628044711645578	0.477756244401964
0.589209145398272	0.471529270125964
1.63945892497591	2.10469447771894
0.676419754085613	0.484657064270134
-0.667821236060715	0.523461560401047
0.722280873463188	0.728744109676342
0.672578798881562	0.481041121464403
0.199544679805903	0.159399711718248
-1.33155982255907	1.31860673587678
2.33432865254258	3.43910652228429
0.580374503144666	0.46240536618969
0.0768823135180563	0.0477491896203258
1.05122059236716	0.9990177506252
-0.149834367742939	0.101535993222193
-1.02155809032132	0.805489177666028
-0.438623514533181	0.288022335333432
-0.778493295335671	0.724799050489694
0.818283383210731	0.494569935909608
-0.739205110261495	0.319270346381129
0.694404728756287	0.221883604128058
-1.01544637554403	0.402516794371791
-0.221203924976258	0.109313486613296
0.461844758371917	0.187186797154921
0.0440220273167199	0.0241626850181755
-0.491171022896175	0.366415857634478
-0.560225422128337	0.403760771425809
-0.421150004800397	0.35867007969995
-0.262000263103145	0.213292158718399
-0.657534834196124	0.714927952016334
-0.211158816847825	0.103979087994674
-0.275995821622614	0.219347392933071
-0.0175762133209257	0.0111317698108521
-0.982435285910781	0.871852055615578
1.45144223007022	1.64266009109578
-0.0258369552042857	0.0163105050520714
-0.51677444514163	0.424591705206374
-0.0532688067590866	0.0319986176492462
-0.598062639935697	0.483944433545242
-0.37507580840849	0.25560347916117
-0.067634441320265	0.0480980968966019
-0.568987430818289	0.411514035145128
-0.703264262088321	0.240508331840629
-0.233565933625818	0.11563898781638
-0.281094897175611	0.20246214687954
-0.293998022911546	0.172980186814608
-0.0638468374227994	0.038375849969287
0.179675862711909	0.104235945671916
-0.0937682889144324	0.0545665082696364
1.4226346464751	1.10885362592843
0.333880375623598	0.218218194632563
0.901843257001681	0.919780579003072
0.658462689948385	0.596618286402721
0.810519273045543	0.769390686811284
1.11676090802783	0.849787947756354
-0.77399609851306	0.775385039279076
1.1762792360872	1.57041060234405
-0.955814966346394	0.929391654283752
0.857957184813492	0.781156289730411
0.498198246042956	0.342682296036006
0.341256607290895	0.223664513579145
0.0000980641086830726	0.0000645166823628423
-0.769032665357951	0.500618123317126
-0.0141508544002874	0.00900142903567529
0.811049644426749	0.488025155134793
0.189627084383467	0.12413741618732
-0.0247132947477662	0.0155810564509875
-0.0927817774559108	0.0539808447223094
0.296804312361207	0.250052160539518
-0.309554060799253	0.215823318848529
0.208947780384062	0.144852271911812
-0.0353816253641404	0.0218806551716941
0.485064477837584	0.462932737339509
-0.0368800546924437	0.0228085427454609
0.344771105660202	0.22645540845871
0.710036128904426	0.622670326230784
0.54210388690127	0.449152242547881
0.317890649155288	0.231154099048804
1.35845631320813	1.43642285262978
-0.091794441009108	0.0533921432026736
-0.567395772243359	0.268190873722272
-0.21406772773903	0.105456582441046
2.47944556518073	3.98196862108156
0.842756897055983	0.358214727221788
0.165880035481028	0.0314978449610492
0.551298334729919	0.200249958464128
0.182515705814395	0.0461929473161663
-1.81253150684977	1.12988124302043
0.342177547656587	0.208165433182762
0.556575749525906	0.323372021649403
-0.557522894114884	0.400976545363588
-0.769550767026391	0.713617300980066
-1.02347743064106	0.809647367134883
-0.0570377198165589	0.0342561540489284
-0.179036973831951	0.135581485713882
-0.234579873565534	0.171475691021122
0.084610378035133	0.0574454705491337
-0.373071512733761	0.254033052786428
-2.08973098216549	1.57876240164745
-0.148047488051507	0.124184732538015
-0.377253388199345	0.210288324210148
-0.37855575871986	0.211409930261387
-0.0713696381277373	0.0429558361707027
1.11265931490102	0.688765450288419
-0.374367935902034	0.154859203967229
0.173841338161581	0.0596051278079202
0.62878945066513	0.331099492770919
0.634070839056941	0.484016949997316
-0.768016033660398	0.581347411156018
0.172463093000529	0.0752804629540888
-1.44607264998281	0.994565020089135
-0.20451753117069	0.13090066866932
0.869713036445526	0.796576991385212
0.913229706787255	0.936110696020929
0.661468709570989	0.600255260429454
0.387345208168882	0.341159667591298
-0.0342091407773005	0.0211707271426044
-0.384558940504045	0.215268917063081
0.730293794841563	0.739639459476075
-0.615991049315625	0.545420321771668
-0.844102607254468	0.892919719846948
0.0933278129625502	0.0610650868975235
-0.159246350927645	0.0840523479572395
0.633101578106292	0.483026109057588
0.586830008746539	0.469365899294429
0.812419274157886	0.645994317641661
-0.452245956831619	0.41527891928783
0.376231463962846	0.351370881659213
-0.102395679673953	0.0721267641043386
-0.256350113004605	0.207994563039669
1.506350671587	1.5253587500671
1.54858748790046	1.33044726792134
1.47776589201229	2.09474893768449
0.701666302626726	0.6126898945324
-0.217274939490432	0.107070162577954
0.0733419404667685	0.0455488518454399
0.627078532797113	0.587244370056518
-0.325031222231732	0.22833021578099
0.184091199169669	0.12028288009292
0.460937621194171	0.334149325846581
-0.319593357597178	0.224024790475958
-0.148888109260542	0.113900342909207
-0.77391399848902	0.71893181377273
-0.369224591343271	0.15246452177506
0.191955697638301	0.111816233475434
1.08174090283251	0.527955113199031
-0.324393158207149	0.0929933012825356
0.682339311812087	0.217953944354753
1.29288648582541	0.718129584807986
-0.119231040222735	0.0424930904552538
0.172815300536377	0.059246231431734
-0.466000047077284	0.241031185877312
-0.220759795509814	0.10896593580275
-0.371406924085244	0.252646966839576
0.2771280614989	0.244900228356375
0.0642904550356422	0.0398452075608393
-0.333558600732511	0.235288624213934
-1.71304488805085	1.84945166565771
-0.264294417706595	0.16438301519923
-0.681468315283807	0.590468417306176
-0.784183855467697	0.513846646985369
-0.366969905278567	0.151668384400962
-3.45727803409178	1.22858842810043
0.554245479785034	0.201333536177828
0.167528719988263	0.0574898975108769
-0.439607953042085	0.28876273414445
0.503868820073045	0.34758249435513
0.0727104715400415	0.0451535941939516
-0.401927026718502	0.338475276291912
0.310918557130985	0.23594079386885
0.733645536013055	0.48478776675754
-0.307260366485742	0.181831985365227
0.894823663985864	0.667466343109227
-0.166562689370204	0.109525048552497
0.318286056339448	0.231505527324719
1.04868000508886	1.35588961544282
0.0858424692278551	0.0560102273790508
2.86948214762828	3.37944294543337
0.451748930655975	0.345872722688566
-0.278354043755165	0.200239723648069
-0.168175564775433	0.0890445409604133
1.48155429999779	0.931304333386372
0.581427520910537	0.340754878404519
-0.469104758738558	0.243148012897492
0.310679535670228	0.224973194976839
0.320155211013018	0.221184496568521
-0.0849047476523798	0.0593379327534273
0.206140759985293	0.135950274833312
0.181498880852655	0.105408197177715
0.199998437949338	0.159774204703268
-0.518707740686231	0.323316146876235
-0.545238411558252	0.487485751139371
0.38596313924784	0.196335148101084
-0.178361494907488	0.135018759358076
0.342626768421023	0.224678911304768
-0.269978807239791	0.19332782991861
0.170709462001122	0.0660923528424984
0.283458992056188	0.258703475400202
-0.713901422663375	0.771204178814666
-0.662594316883632	0.459303592657578
-0.517349424647212	0.322355611807223
-0.217393758803051	0.107122082088448
-0.292196089379769	0.132926442308598
-1.30710331925573	0.811996898967511
0.182515705814395	0.0461929473161663
-1.12519556185123	0.339754109482426
-0.4872662065665	0.183261853509611
0.631940029540625	0.333718812774719
-0.130192871524349	0.0462670680108452
-0.507762786116106	0.191656966756571
-1.17179159777314	1.19018595141746
-0.670077353862926	0.52523706097262
0.805783282298522	0.8685456899955
-0.569716611685283	0.549127650147971
-0.223290289741204	0.182635311470783
0.576731052976626	0.664438654103966
-0.269359649778363	0.192825273220864
0.445464469964155	0.443195088089441
0.410391831332423	0.352768201469559
0.628309124618584	0.330814029298577
-0.647591516225875	0.446218808030491
-1.44155354970065	0.988846065329961
-0.0752177151460479	0.029563691770673
0.375726168582347	0.190484702835297
0.186711985895493	0.108605267628763
-0.032066027706727	0.0198470773250575
-0.0226002635990175	0.0142782718979411
-1.46333411656304	0.736086429582356
0.172463093000529	0.0752804629540888
-0.466259718226313	0.241568014508268
0.0864698108432218	0.0587586210810055
-0.609504613209939	0.538203548856111
0.0739730635195768	0.0459332776312652
-0.0629717139575294	0.0456939722923631
-0.018419453596858	0.0137108719821809
-0.484843013874628	0.360568895985369
-0.317920670715818	0.222531781914295
-0.0583495764224456	0.0350542246393166
0.281104698576725	0.234486333216759
0.196679518941502	0.146795082659285
0.584731109134093	0.467385178880992
0.774483208775395	0.763829929894974
0.172174590786425	0.0665958300972575
1.73253665418626	2.64474798106861
-0.685249986718204	0.642660016437027
-0.206733363073311	0.132425579032157
-0.422591094923364	0.321860253103074
-0.58429049668951	0.469383087885843
-1.06939898900116	1.01347572535895
-0.0202913131942177	0.012828811702582
-0.0107828980843198	0.00685196002891214
-0.331990595547642	0.262801827285642
-1.8601637242013	2.6102877590508
-0.323405652890739	0.227016121412081
0.54212319157447	0.472489756238666
0.312788742509347	0.226865149938299
-0.559575248498481	0.536028196648729
0.504280114777353	0.546159534487921
-0.154700469293255	0.118739309492761
0.262742076139455	0.260201789397386
0.347467550602413	0.327910802338122
-0.019900026386402	0.0125652483122758
-0.39871634190962	0.366513152192573
-0.52680531870006	0.514255557144816
-0.506228197922613	0.488174360850693
-0.311499992474871	0.217400799145843
-0.869184556078417	0.864344675702119
-0.316422115887972	0.221446676009763
-0.77474859837173	0.505966744145209
-0.65224037747872	0.450681112093093
-1.20516470130717	0.89809340420799
-1.50142880975048	0.534054734577795
-0.337767233554628	0.096664221323025
-0.196606144995592	0.0633346995977349
0.181241544424179	0.0701293933402343
-1.06948116534262	0.719767344861735
-0.585153405541424	0.278063165251053
-0.529562516962411	0.331684547040344
0.183145251880004	0.113231815305253
-0.682203182593346	0.591050184853224
1.69920118096015	1.97277974758066
-0.512106858624981	0.419725875161968
-0.0409232379947538	0.0252990714707697
-0.0911898759145582	0.0530363078560476
-0.891905392977841	0.640681637468414
0.174142036090339	0.059669100128654
-0.0317558329882926	0.0137401825492043
0.416994646186728	0.18967122277834
-1.07003605691067	0.721522944365849
-0.0810211314269603	0.0317764015717167
0.169228513814045	0.0822406482889606
0.384282893778579	0.195059244664136
0.501295952349695	0.345062993444221
-0.0743029388377007	0.0291787825838512
-1.0048610187024	0.397512616365048
0.164778629348208	0.0313374327003096
-0.196606144995592	0.0633346995977349
0.172009052058736	0.0921046973138808
0.922579031400489	0.500574074369527
0.627567532991904	0.330878791440902
0.036268411774112	0.0199899403749005
-0.532488758235881	0.472707470549574
-0.456419295407322	0.302002455116895
-0.212310611715556	0.104669763959296
0.368564685455795	0.207254041474388
0.0722949698077893	0.0448751272947633
-0.250013318912336	0.154497242502379
0.330752090221301	0.22955953146869
0.382420112978443	0.193969126998602
0.0445403936228606	0.0244879995489694
0.533563245722632	0.34159940341599
-0.551563236013449	0.395978237319103
0.578679567079897	0.338805201122539
-0.253008677750768	0.156459595163602
-0.631396381507624	0.369245544778608
-0.284653669799497	0.129239420686653
0.322921891291208	0.235415327902295
-0.168874477793184	0.111191904634456
0.194772372262608	0.150329711207252
0.493893262227354	0.338552867042223
0.348347363178677	0.212601285472521
0.337768005575375	0.235156055416116
0.182559546673191	0.09794396530163
-0.571360196907124	0.413804450620344
-0.057073788337059	0.0342859115569094
0.620564135575054	0.470897319312963
0.539277467483694	0.469181498988033
0.816838174380116	0.778218505853942
0.59653051702569	0.479306704454954
0.0735300570326037	0.0456635271947177
-0.177630383499299	0.117404381466374
1.05571113171629	1.00519993967358
0.0329916838517293	0.0221920428374371
-0.764308347716809	0.645685074956406
-0.781362577570399	0.59440125392252
-0.433568456487431	0.332026823069068
-2.57522664974505	0.666917731403372
-0.215879308330144	0.106355468835711
-0.923641440045843	0.558970267358441
-0.28393549604954	0.128757346512117
-1.11884555197394	0.337481516657706
-1.11951983581622	0.337809535545767
0.18055657613107	0.0698389715789469
0.457685261022574	0.185420746858307
-0.516324430943187	0.424140679664083
-0.691934098161104	0.651409971370717
-0.271004973963339	0.194074844254148
0.167932983496658	0.0816595929221149
-0.582446151957185	0.467672379650503
-1.32629263977937	1.30834197320664
-0.315973238153447	0.221010570099621
-1.13186640526175	0.971846792772497
-0.651869804960869	0.45035088323566
-0.0310922482627444	0.0134753509952322
-0.464845305097164	0.240776107501828
-0.473699124027231	0.245927419505278
-0.451562479773374	0.232787952233669
-0.0782004468952671	0.0306899272143896
-0.0741899069918027	0.0291703427470554
-1.01630854811636	0.80043806987954
0.417970167573709	0.19018267865932
-0.999821957506565	0.395227039947302
0.412687031377042	0.187644901882888
0.502279185620409	0.346142631874421
0.038320904907281	0.0210837248396923
-0.320574903474557	0.224810113051624
-0.0184626063780206	0.0116774687684032
0.355718604093038	0.199123719258149
-0.0155136710951356	0.0070337579345636
0.0445948585754192	0.0245018999095658
-1.02373325332156	0.808944288524975
-1.31589690610954	1.06993777400006
0.894118614261359	1.02957025179818
-0.492728306008036	0.367766918361702
-0.127250741539935	0.0853360534692353
-0.546769279203515	0.489329373126843
-1.2304579875744	1.13562148260593
0.0419599850894318	0.023064596015117
1.64979917060465	1.1644736895327
0.97498244172732	0.665114327723952
0.0883437961021439	0.0577096834013838
0.337227723179742	0.220575915887576
-0.2178927333679	0.140195937686539
0.191412950191592	0.118715834265837
-0.558156982412119	0.40151720004691
-0.870180912717847	0.792710766838334
0.186665822254425	0.115661013707345
-0.516602783187071	0.424114013869018
0.0371853584638222	0.0204851777408533
0.205988571023112	0.148746608627343
0.187640897519338	0.116298696364535
0.312889274204788	0.226889304229394
-0.215999304766252	0.106404677854699
0.0427709619145416	0.0234795005453876
-1.01458406661533	0.798619724226065
0.207401084696809	0.155706987489066
0.0653584010296949	0.0405316879290056
1.15172480230608	1.18176386444401
-0.374358756887785	0.254798509765219
0.563332477866239	0.471986855680933
0.186878339015579	0.115595034714053
-0.462909399281304	0.387368411073852
-0.763908579928883	0.645137185370671
-0.773979171438893	0.418112811349902
0.933813504884338	0.509237194762122
-0.991689228348111	0.883147786984611
0.165088029467664	0.0313824661178469
-3.07822553691956	0.950796797182827
-0.308580140182592	0.182491185828601
-0.697599277173055	0.658190611321274
-0.762731266503779	0.759446788999193
-0.43687598199048	0.286417704198222
0.117780199512567	0.0896227744592387
-1.09359479577549	1.04749856939433
0.860658762680773	0.908339100261285
0.296864227096873	0.232862387378925
-0.0522437992279144	0.031378788875141
-0.561238319611633	0.404098669376012
-0.556915976991795	0.40085239799033
-0.928350468704983	0.562372519674637
0.190822721670444	0.124983745444131
0.967933372585482	0.256362285789635
0.165420327626805	0.0721557846375375
0.737430122364047	0.488658580201733
1.42509981920321	1.11044473603154
0.033381215953862	0.0184035158658547
0.180720839803184	0.0969735856331743
0.550585584584045	0.199969616725774
0.367602528477168	0.206597003851325
0.198008827745065	0.14792552716863
-0.325715033246072	0.228877477995144
0.496756626724081	0.341522285234036
-1.08070578505798	1.02943024367041
-0.166525640508666	0.109474453275516
0.765143028321938	0.751285192967315
-0.882962839276085	0.72728134354466
-1.52766694029478	1.45085430891186
-0.0686861938044617	0.0413140228849323
0.74793568834554	0.625668033887342
-0.25508610316933	0.158030915124422
1.05115497293563	0.999298006720601
0.524133474207915	0.333644389097021
0.0785476261233138	0.0511429814018602
0.812712561499544	0.772869330396337
0.632836962265285	0.594007791163937
-0.374087997570495	0.254837492610965
1.48251757016272	0.932432369769521
-0.782868159839935	0.730587446711399
0.0841184211719646	0.0548680507018357
0.117266117900719	0.0866081047461156
-0.139365621121152	0.0940033031797921
0.706443970601102	0.738388502709861
0.11260936371232	0.082956653585718
1.50899750118461	1.98844601918836
-0.441270025286902	0.402374686074484
-0.975495948785494	0.862202879882175
-0.55239311098675	0.495796100978944
-0.68482736422259	0.59420008093277
-0.945982903628069	0.915112960280028
0.209942414946217	0.168736307096122
0.761964063459126	0.746842533973095
-1.26562320114676	1.53171787347341
0.308897923447977	0.261959017023864
0.632928548491569	0.594492896152013
0.825074106795815	0.660132223293298
0.0946401176995685	0.0645122956435223
0.476446829069523	0.520933965625944
-0.29320554462633	0.235392141121745
-0.495682650237893	0.370469617743926
-0.211182183507435	0.157818477595811
-0.622457687210553	0.362787193593046
-0.285607802202591	0.129695174294498
0.551298334729919	0.200249958464128
-2.57522664974505	0.666917731403372
-1.07532869669409	0.726483352191953
0.929311148587255	0.80919811144095
-0.989036896559609	0.879723349017263
-0.381911834378337	0.158220016961958
-3.44754089021611	1.22379406077669
-2.05351794926878	0.93590991881049
-0.369755636922998	0.287091386851784
-0.173729464150669	0.114601179182186
-0.901207266804565	0.649223965512388
0.0024189845170632	0.000976254408373723
-0.681033417214082	0.536831053035332
-0.293060480086519	0.235303819900607
-0.0740917517078761	0.0528197285827429
0.696406853181832	0.606813693813206
-0.485568723348686	0.437979117428016
-0.487852284995171	0.363463347657293
-0.445261293318776	0.407148752596681
0.484580537127648	0.331226278672585
0.82209096139117	0.497574089220567
0.174866744414616	0.0599504088128746
-0.16791280919446	0.0888159199990404
-0.309136378052689	0.183170080288793
0.56165949009197	0.326616084216596
1.11946879317321	0.694678802805137
0.0530168333972197	0.0311280340080143
0.192280308965148	0.119400773337188
-0.770666345968659	0.502837876468317
-0.126198978728737	0.0449018483226973
-0.195896300806791	0.0631110974355499
0.549225010517651	0.199456707208777
-0.602870145366347	0.530453648296578
0.192292042224853	0.132291696219866
-0.0572252808304361	0.0343825393703458
-0.763013319358369	0.410974559223611
-0.0828877861895464	0.0666480271050802
0.975288675449691	0.663592829662805
0.0410706169995459	0.024200494398325
0.667119255157507	0.710300118860185
-0.62507355694694	0.595340002962218
-0.078648027766835	0.0456182917561993
0.0674926213830479	0.0418442453229947
-0.772995023893813	0.718020898182978
-0.0457783241661959	0.0283068957279552
-0.275225657967078	0.197683656825356
0.176269040774172	0.102089636910349
1.49410909419979	1.50607237892818
-0.656249818328759	0.454300081758462
0.359346550145269	0.220353262410331
-0.433592553075417	0.284150177153557
0.310487706216762	0.235481829549601
0.0838138204235825	0.0546594677924986
0.759662622531324	0.744036690214569
0.320014733423664	0.221019632883949
-0.997812435377788	1.17834877425098
-0.113308270430403	0.0779881400081339
-0.0278441634814315	0.0172816508780526
-0.212436547459676	0.158885296789279
0.305083517302356	0.240413184571763
-0.324052425054493	0.22755940823259
-0.555293565992727	0.499060465327479
0.767205321440823	0.846669878323485
1.70435482387494	1.98417001419846
0.0936753176400703	0.063828838746394
0.730418797940099	0.739865389973019
-0.107231771524727	0.0735795653876659
-0.134793539356502	0.0907162426236216
-0.133151204860068	0.0895401134881481
-0.766296333321413	0.764478656255738
0.319434957446117	0.232314876672887
-0.126346172039762	0.087481335232983
0.381346167902856	0.346191739140066
-0.855549784996428	0.845645539258263
1.08609801322351	0.530754269656687
-1.79839826083819	0.730397358466732
-0.608428787479893	0.147248610626808
0.165639544754597	0.0721903428906143
-0.371898888707106	0.15362917728401
0.812408392146907	0.489092314535301
-2.09437069732583	1.58876054499948
-0.166091222630473	0.0878714052834163
-0.698670682702589	0.238794577468402
-1.5026891496364	0.534393708496841
-0.926476832677435	0.560924917680143
-0.410877775746041	0.347851940382994
-0.774165802185172	0.71905748814229
0.0283061905373033	0.019779759285259
-0.260275495572305	0.21157373713609
0.189961719301761	0.110464977750083
-0.147026231176502	0.0994795174831913
0.101107402211622	0.0716771757963605
0.43603346164823	0.444191473973731
0.192948118872025	0.13276978095963
-0.516352673101979	0.321339186742519
0.197937139643436	0.136545933695333
-0.114654420334093	0.0789454631943741
1.01761780163306	0.837603541127338
-0.177971664376118	0.117653702048733
-0.769393903679286	0.414874318760327
-0.198757003958094	0.063979613393949
0.335206682196938	0.219249022138726
1.12265029686724	0.854931046330596
0.336605289067272	0.220131829923404
0.662745065743672	0.60188078169031
-0.281541312864726	0.202825351423909
-1.19205966041685	0.883868846820153
-0.208025945858533	0.155112133030776
1.14504447425437	1.03602759873874
-0.153191822687324	0.080743654527218
0.331611097056514	0.216487832905138
0.602935797695927	0.663983433022786
1.12900577371122	0.862527904812327
0.680472415380302	0.48849788458021
0.187540610182171	0.1089439328133
-0.209656649539644	0.13444059247112
-0.101705251048114	0.0592874460671666
0.112074991881174	0.0825358464370265
-0.464628343947058	0.389032796127902
0.345247009786522	0.210670774386472
-1.33190480879108	1.51437614959388
-0.0168058108434883	0.0106507320803984
-0.0590245705038436	0.0354618270577265
-0.0822881861210956	0.0477770891549833
0.67752689299783	0.619363134885793
-0.398970489819319	0.366791946109455
0.809769050969704	0.969276518938437
-0.239189625973767	0.175310425313292
0.487223383978345	0.465443159233224
-0.205313699193136	0.152924464762438
0.32095455498	0.221768963507963
0.130079642336272	0.105344817518547
1.09497950421751	1.28309008234359
-0.141060472518746	0.095219449951311
-0.312859392582695	0.185460490502258
-0.230907279556128	0.168471296301345
0.393526882429855	0.347753074886177
0.116889124548917	0.0889602685417622
0.286442053128046	0.254842411302467
-0.440580185496986	0.401735718755818
-0.0278425582873825	0.0175711006517195
-0.929505439771023	1.31868166933609
0.486633297276121	0.448153728140829
-0.44178323753109	0.290324574768019
-0.326023685352057	0.229190813876708
0.855426004498329	0.900603929370191
-0.252785429501462	0.204606667040945
-0.834061407471464	0.991433550836742
-0.396134056483728	0.363494618119473
1.42320279554819	1.10763451375365
-0.49650800501461	0.187033371669453
1.83438379793333	0.723158469152769
-0.0362936747663347	0.0156287881598363
0.326435547705594	0.226200077492975
-0.914854800423656	0.663161794481607
-0.278032776676721	0.126162134735917
-0.0346009093964436	0.0149098540048753
-0.218830695018178	0.108010418564366
-0.660347601485046	0.458107055586057
-0.0897214296316043	0.0521280095346536
-0.0791518311637648	0.0551965090345851
0.517758146872328	0.329134360416787
-0.122049021478894	0.0680397065268568
-0.625950057466608	0.365601779180712
1.31942690788397	1.81844581270219
0.102141586275279	0.0724533051522634
-0.270333607531905	0.193623953988127
0.53801194496709	0.467852477082325
-0.926643874882352	0.561461812932415
0.295674638956809	0.212460885213108
1.50502928854376	1.52308900986552
0.200602789789712	0.150052465525402
-0.498340166022426	0.372966959471628
0.0750610155640277	0.0466250108280755
0.921092864698219	0.500523676292866
-0.621483042833472	0.362161668014398
-0.0987121025999792	0.0574971000193201
-0.370832440689796	0.206352706763997
0.524701519636384	0.334116348804269
-1.32295255518995	1.30302575986769
-0.011049865971738	0.00503481375298105
-0.316681892694892	0.0908861067323367
-0.204047587147551	0.0656463968045093
-0.770014770877413	0.82231399271267
-0.14475853366153	0.0978674209831183
1.05759616322848	1.008220963652
0.861460646439938	0.785915274982872
0.199038470199016	0.154022192078353
-0.381374310120695	0.260689332925414
1.15411891996205	1.18469853382833
-0.372013994846277	0.319453588664447
1.2663964049465	1.40232390198991
0.0783628879179064	0.0486934185627867
-0.460269501282648	0.384533395807024
0.584400870753258	0.581863034708849
0.709849067497426	0.622644179890087
0.00731133820520372	0.00461182563230273
0.762071240711475	0.641183747183794
0.44164875284865	0.336504644694971
-0.526636448793145	0.329777413728283
1.01970715368588	0.840107610800572
-2.09358943305701	2.88247033552115
0.370905860520815	0.345299751712861
-0.280430076262577	0.201946538589232
0.536144257650709	0.466036813509665
0.809633082358277	0.642916953502116
-0.418617311182508	0.318083144250835
0.109300908271987	0.077765473255573
1.55477136487272	1.88240986861451
-0.607675109329604	0.535790309014133
0.63108486279133	0.592374654469691
-0.147076753211925	0.11238593502703
-0.141631991254756	0.0956321994361912
0.433987969099801	0.346929571064168
-0.179321291141408	0.135793677194771
0.43942428435613	0.448563294658833
-0.09461570801811	0.0664341139518216
-0.125825672160308	0.0973871572061606
-0.10729997835066	0.073647685510314
0.847243000120246	1.09174351666729
0.555034952821146	0.463192909165338
0.50468822600451	0.469328047680744
-0.21607566863206	0.161918775381176
0.552254489523209	0.579040115959897
0.470954859387066	0.343034137089578
-0.930519446872882	0.564908605728862
0.843443663477006	0.35876328544495
0.161562133987356	0.0554995358161078
-0.287802884886021	0.130876324509093
1.16848902943367	1.33195998892443
-0.315048194816078	0.1868360428825
-0.194443769853819	0.0626542518681332
-0.633744628493937	0.371142024809013
-0.0787170635373006	0.0308841121211473
-0.86408212898823	0.785424767034259
-0.785644108948219	0.670481456742906
0.527278186321379	0.456163431119013
0.200898915901071	0.138738148941879
0.17161036033359	0.0588451910444155
1.25180033287651	1.22580615729322
0.29619919061791	0.257400847407329
-0.251528993983441	0.155613375292019
1.8823395599666	2.46844908081628
1.13953559541996	1.02962472810448
0.422149333681403	0.350777423566855
1.32373341228835	1.69012768040988
0.291110531341868	0.25218057223249
0.533445569724519	0.340936719634634
-0.439325422472251	0.288176973715164
1.07275424815098	1.14192467617701
-0.212252183096894	0.104529042480786
0.287433551127822	0.232707287776707
-0.761328543793457	0.409096389954639
0.802892015337858	0.759813215321755
-0.000824191370312104	0.000466198568659029
-0.488043420746351	0.363408019958024
0.169931732336975	0.0583028870285989
-0.767898685996653	0.413925523633449
-0.900362811054644	0.649733798338189
-0.485502150030705	0.361201597662247
0.101730241961651	0.0695157762137982
0.883595568135302	0.656723953146072
0.683715912186873	0.706234186289995
0.0802174319373954	0.0543550258173956
0.735515210049028	0.486882792022853
0.816321282107501	0.884379276858659
0.191773056456658	0.137491999270117
-0.963210921663891	0.939793859034822
0.527192962799304	0.544588779958954
0.0943286002430973	0.0642981038207282
-0.0726253518921253	0.0517676621532077
0.473316850895771	0.344872475925536
-0.234052478231914	0.171024620782861
-0.221183618396326	0.109192131796346
0.45355005112092	0.347396953804721
-0.324717281189354	0.256024791378013
0.306669616769986	0.251088127914356
0.102430827182068	0.0726688789007325
-0.0288875833207798	0.01791407349337
1.49218297241428	2.12678201536333
-0.408551934314154	0.308804946734213
-1.00963413758738	1.11628200985415
-0.907901994662866	0.656745285833119
-0.494482228825936	0.369525606563738
0.4665565891364	0.339159401649418
-0.459440184569131	0.459462905804474
-0.342569699946865	0.272767734103552
-0.202069280785355	0.150265714137808
-0.204329427589465	0.130752326735397
-0.478597522871387	0.403620540897174
-0.327629791189692	0.258807151267019
0.299255634208214	0.235041009135374
0.185256293297295	0.0993906323682381
-0.140624472107484	0.0948914765104761
-0.016977317789977	0.0107677522245143
0.187055501963258	0.143686980150848
0.102911335692262	0.0754181724148278
-0.0315689922490859	0.0195550308033438
-0.207924891402883	0.155124657545374
-1.0703130452287	0.721510530929139
-2.26045288793456	1.13872227576014
1.06153095853073	0.405927487776779
0.811189554841472	0.488966315269962
0.66620560720272	0.474703176505141
-0.503483382578555	0.189906433790702
-1.40901714073989	1.68680525418937
-0.515787712289931	0.321186321278234
-0.7093840034436	0.764493363045505
-0.0302739366177903	0.0131272853375204
-0.46857970462388	0.242808060039413
-0.956069082331503	0.469295459078014
0.816887009293623	0.778309763657627
0.0623023505615083	0.0365617010968148
-0.0590211060363132	0.0354539321058458
-0.48459741805131	0.436815300019175
-0.366857861593612	0.314088969940851
0.195019489840735	0.140064556833308
-0.715106516100091	0.815494648480188
1.39924529368405	2.03187852193996
0.187668527032263	0.122837511394208
1.14193865898068	1.03316324011457
-0.771566008377383	0.416586747907849
-1.83376251307178	1.15195385542472
0.629015458921408	0.331839180630873
-0.617310654205332	0.359223650483792
1.64368830193276	1.15810194013111
-0.178478567780907	0.117988683512988
-0.17805473709318	0.117647903589053
-0.483209750569649	0.359186898363824
-1.97542586134634	2.9787018452442
-0.313839020382733	0.186102881196301
0.445907298162524	0.340139443413082
0.527278186321379	0.456163431119013
-0.360697989034513	0.307755602577718
-1.00906318075178	0.399734482931109
-0.429788875195619	0.280991505333904
0.180275232339255	0.128431530089659
-0.0223141902627771	0.0139236021417289
0.100165691258238	0.0709590286801354
-0.138190261012177	0.0931436892741523
0.197084062523533	0.152295492668395
0.556762757982475	0.464961841338776
-0.902256141943227	0.650946459955808
0.325358530467469	0.225323291715248
-0.566952919707649	0.409735635831716
-0.251438608759769	0.15551076237806
-0.196750417897799	0.145731041873368
0.102232009073681	0.0724796993842259
0.199133920164856	0.16824077862662
-0.0121482517197741	0.00771996711363304
-0.913993313402042	1.01880630537461
-0.611649019595067	0.540578730017246
0.810362251693876	0.643907409511571
-0.689960799000823	0.600494338837518
1.0430792107129	0.987351033624084
0.044305895310364	0.0321275734993751
-0.70593354651916	0.715969782439339
-0.683220650774636	0.592314126355747
0.43266680153847	0.345439872657625
-0.669780142337432	0.524637449411816
0.710792198729809	0.820214945729799
0.19723991206465	0.157329281918434
0.283194977057044	0.236592365935643
-0.76458575187043	0.762259050605283
-0.270878998350401	0.194123967234991
0.806590939637547	0.764875672382595
1.09656144355492	1.28513281880275
0.207624913789666	0.166658759571344
-0.0626502173126851	0.0376619613787923
1.35960435833631	0.602767583717152
0.688637326691298	0.220082192676685
0.964404580081594	0.255330782344719
0.336687154371738	0.220154830809887
0.464672886133348	0.188460947532309
-0.471221256308256	0.244605103774267
-0.585624368724838	0.278336336245358
-1.15054949299311	0.639633207038868
-0.767025899023568	0.580440919908903
0.065161963211954	0.0382570215057199
-0.84730516589049	0.897724688568226
-0.269541856521713	0.193029412255254
-1.2551763773193	1.35144539605688
-0.207418722430808	0.102070487772246
-0.964649822104942	0.475010592895011
0.632700068846687	0.333848450775518
-0.460292147562743	0.446580616441921
0.00339099133904685	0.00212741279874884
-0.846231724581645	0.895863279443715
-0.0766648275148614	0.0444521285849927
-0.3629191460527	0.280674804233818
-0.361693298901671	0.308720504244394
1.45028835370723	1.64133804384745
-0.166473408902305	0.109398801841646
-0.652455773977878	0.450155752925847
0.386407860769519	0.196569017590859
0.172671045244316	0.0668579744831706
0.492865875104854	0.338111942725986
-0.282475674436709	0.128075248154545
0.930330012412273	0.506444059887028
0.33580890862909	0.246208376190775
-0.757900168661223	0.407184230399488
-2.04505437927697	0.929719357872822
-0.545827261833416	0.488128359795067
0.446681602480659	0.341073866011065
-0.85187133851042	0.840338399498684
-0.574653863142647	0.586212784298151
0.0683206230273012	0.0423807750629301
0.335906797807439	0.219748865543217
-0.12833114755394	0.0717488333943695
-1.50986368021695	1.68711399816311
-0.68482736422259	0.59420008093277
0.29585942045188	0.231849446080249
0.0757926335536961	0.0471031383255877
-0.373917075321175	0.208523322887148
-0.253159296198137	0.156736393129608
0.492503653814268	0.337868128666714
0.977771796014764	0.969239445124696
0.202542038766106	0.162084078480695
0.290846434744561	0.244170070087588
-0.560801709032194	0.615572906204574
-0.0523435872366524	0.0378071280572616
-0.409624301109997	0.379054076611679
0.267918510246464	0.248287873179947
-0.138155278604656	0.104999673455777
-0.482821598936453	0.497402903941201
0.119904589002944	0.0939906681239392
0.33247153443933	0.336087388804461
-0.566952919707649	0.409735635831716
-0.588364812243937	0.47401579511729
0.0313480211352368	0.0219117773803104
1.01051855266658	1.41401343432143
-0.82851567509918	0.981322529116367
0.40509757310333	0.347220347941771
-0.775047075751767	0.658080967367755
-0.134776505827275	0.0906355701940536
-0.27095305286823	0.194127289633628
0.120350567586384	0.089004368084172
0.203045286222436	0.167317924396995
0.265861455259346	0.258166993342025
-0.570651386516673	0.455361174510327
-0.655879783566935	0.454041323647424
-0.963203137483881	0.474264483848952
0.963743115659934	0.255236344279286
0.198276829262592	0.123307148696298
-0.0761977842666913	0.029926788769215
-0.487852284995171	0.363463347657293
0.352604253585189	0.197445378312526
-0.56202273229637	0.405504477594975
-0.128976424631748	0.0458608977147569
-1.1182849071041	0.337405124817419
-0.701407652969022	0.239760620804689
-0.0736938073083484	0.0525278277892973
0.378782004023694	0.192077084542172
1.42002431580627	1.10382015103619
0.479331979837091	0.456048498075924
-0.22598631410863	0.18512876854168
-0.364931620434506	0.28254875264997
-0.406787298051648	0.375835450516424
-0.00608224751047603	0.00386909848608845
-0.330503105278519	0.261376717794239
0.701137707102893	0.612607303133053
0.310855062873192	0.225254858767919
-1.65088314169943	0.92741399998857
2.54850821300864	3.41620582189027
-0.362939046085834	0.149742373245897
0.187166021321153	0.115825996045468
-0.220225061574844	0.108683201350867
-0.170701682583377	0.112419591016435
-0.309930197300514	0.183369136516487
-0.0461029653702638	0.0197067322376449
-1.23684505587905	1.14335031838427
-1.46907199273655	0.740509202720264
-3.44686848748983	1.22339694388155
-0.62104140178054	0.590254073560196
-0.268862604855361	0.192405190026589
0.117246407875268	0.0837576330955041
-0.270878998350401	0.194123967234991
-0.242278113491817	0.177887680827836
-0.916885449585516	1.02372276759024
-0.897316655259278	0.64623070580926
0.0359186415644922	0.0198013772916289
-0.172968877031849	0.114081171352632
0.200837811814552	0.125059577631658
0.0431218332364673	0.0236700665613432
-0.0378222133424777	0.0233867993465603
0.477822975470299	0.454222259560876
0.981285982180388	1.27888633218053
-0.0455849077990114	0.0334754302173034
-0.239761564295175	0.175724434680864
0.0200443689239968	0.0134537266653829
0.558684003304055	0.467059837026214
0.639655825459693	0.60296350225396
0.302449758992299	0.237986189108474
-0.463182642684413	0.387603200651396
-0.275777504358606	0.21911398317107
-0.629532324296813	0.601343179046872
-0.12767430051704	0.0989224632477618
0.80666360421868	0.869684272796669
-0.526755438317191	0.514237015203445
0.413615447236259	0.438372392149759
0.4145136130186	0.327536191000419
0.687662598038983	0.712052245676534
-0.420290584057281	0.31976802893492
-0.321553594094219	0.225552143871143
0.435376332594282	0.347978834374568
0.34689554461567	0.336574838506621
-0.0669193351286123	0.0475887333601971
-0.572739089924333	0.271314520748355
-2.04390029333972	0.929362008297223
1.08788836479962	0.53156608167024
0.179369859705814	0.0539368960907662
0.18903171817969	0.11006523993105
-0.335811042967912	0.291623448296937
-1.31061250571027	0.814362702945421
-1.11884555197394	0.337481516657706
0.172066003075219	0.0920391125395842
-0.259481046948997	0.160968908135787
-0.317726785236463	0.222459338254821
-0.0641709432187906	0.0385724964593876
-0.517673839575858	0.425516960139797
0.710361666076762	0.623580569472825
0.673673908272198	0.614919688326864
0.394225170062457	0.200880528100154
-0.0743623979206745	0.0292058440796538
-0.090147786185651	0.0524128569488718
-2.04826273814137	0.932264876861533
-0.7021816537733	0.239962359868483
-1.45098088122752	0.999040070856556
-0.908697348235984	0.658117520267432
1.46814116636337	1.67306285554974
-1.20378060379148	0.896795551399074
-0.0061251995630785	0.0028229532766183
-0.442510033998521	0.29129214503336
0.762892687983331	0.747893288779131
-0.659995946608688	0.457775020836416
-0.656868263062799	0.454886698001496
-0.763742619355851	0.49659818506245
0.770938029470492	0.759006031971063
0.205542433833831	0.142268559142803
-0.928304737242872	0.969565552802656
-0.69731808333516	0.703901885602155
1.14788584529447	1.17496689833941
-0.591643513626079	0.477142527767029
0.542648231856111	0.472990036053842
1.33535341407832	1.56328841603944
0.290638982365476	0.227097206300966
-0.0322597349426701	0.019972041342807
-0.445796515984509	0.407679483382732
0.12385533353517	0.0946237139565735
0.182448625608321	0.105932265138496
0.298871902417935	0.234593001531258
0.593790950481144	0.476653828529588
0.601887430823117	0.581135058614152
0.670005327115938	0.61037095671534
-0.209843356234759	0.134519567137842
-0.208309064602544	0.155420280774705
-1.07705367783671	1.02380003402712
-0.111963291931696	0.0769946810891331
0.674890121468026	0.483163483447757
0.19244682416822	0.126181624566782
-0.00822643330728054	0.00376343447575759
-1.79839826083819	0.730397358466732
0.85438480250648	0.364063650514856
-0.315762415950753	0.187446378368005
-0.374021918024325	0.208654708497435
-0.466704628407455	0.241810885127662
-0.745361895750445	0.322606575863086
-1.79346061997896	0.390723019452767
0.17881072147523	0.0691883638328724
-0.263841413927865	0.163996458937508
-0.186507664808805	0.123724116590199
-0.15148849349638	0.116068563340929
-0.0874195592027252	0.0507620984275598
-0.0409941538166581	0.0175730277656337
0.187447024626028	0.13406373622138
1.08288885984687	1.15788071972064
-0.307631497302692	0.182096620637139
-0.642288399161829	0.617360474585311
0.179145686210478	0.116745439093979
-0.212359766103688	0.13637006517579
0.325839376851087	0.225657822933496
0.34180670249436	0.224216945475496
-0.659897268749224	0.515203397052907
0.356412300259758	0.199826227206333
-0.951085162655015	0.466480187150023
-0.947573688198276	0.578252152467439
-0.175048924903656	0.0927974405299894
-0.00276541298989247	0.00133104149124099
0.382420112978443	0.193969126998602
-0.611962616144159	0.147977912487881
-0.413472767535588	0.313471641315857
-0.148448874196177	0.113544717711326
-0.0153206685795232	0.00973348077910041
-0.321900947889667	0.225894024587136
-0.0990531705737667	0.0576978824008366
-0.442660232517133	0.404090253081495
-0.109932686620074	0.0755189461986374
0.0945993813728594	0.0668702750155406
-0.0934603851008041	0.0543867250648621
-0.775300567601263	0.589149591611523
-0.378466274248484	0.211008476856816
1.17804361102375	1.574481364342
-0.0926357424489519	0.0734574315373082
-0.446552216804085	0.294177765388579
-0.176379869215521	0.133367635363471
-0.560929628958453	0.615587248554077
0.430245816516114	0.343114874265346
0.774950732275967	0.8585508422811
0.330567605454935	0.229492439646452
-0.373226506933963	0.290246132848281
-0.110009933110871	0.0756071773021303
-0.957456704154208	0.93189120368108
0.197253126714704	0.152440959208231
-0.425784841286056	0.324864009944494
0.0368068459393969	0.0202949172935049
-0.173704211177709	0.114598425373312
-0.0383468278197994	0.0237089343982476
-0.130504674297333	0.101246042523497
-0.0970812044812761	0.0565211519195127
-0.0971484184237407	0.0565821381481863
0.292082180207126	0.245165002739884
-0.231280962435562	0.168771000197074
0.414992052858982	0.343490982140377
0.696735057896351	0.607223902845866
-0.214236343015063	0.160366204717096
1.92715064778904	1.67128241770511
1.8134572609537	1.0262184377126
-0.331432979676728	0.0949515324990773
0.340906471160244	0.223398329431713
-0.246673734557795	0.152228298068752
-0.707108693003757	0.241928926266029
-0.701794429638729	0.239974906557054
-4.00445759317147	1.73529487098312
-3.75617280639968	1.48517393103445
-0.0792841516850886	0.045988113065474
0.418490707651304	0.190446434947592
-0.0820388126808733	0.0321645502254667
0.333835672673505	0.218191579762511
0.183673426766511	0.0986362920661521
-0.774632668801273	0.506490691227102
-0.955073958947409	0.46872573592985
-0.196970790009868	0.0634432336968819
-1.01396821699273	0.797960021878646
-0.130258281416994	0.0728325896422234
-0.557627785351434	0.401205722264413
0.181977373993049	0.0976194064122146
0.811189554841472	0.488966315269962
0.0739973586726025	0.0459194761503708
-0.277331103577275	0.125794261312776
0.92890657837814	0.50572492322209
-0.369918345393458	0.152782068443707
-1.07490999224228	0.726086004049827
-0.962651407275958	0.473933695158853
-0.652611082711507	0.450986813629408
-1.26377029644958	0.568815934452661
-0.123220651484122	0.0438507532384957
-2.09919323897478	1.59345577212774
-1.00198766685669	0.396175079052544
-1.79766606524237	0.730020629935894
-0.00765345146291532	0.00350610991584937
-1.65943068653158	0.934191475617834
-0.281715498941186	0.127899696441362
-0.166091222630473	0.0878714052834163
-0.157811236979619	0.0833333439441817
-0.127367041397413	0.0453024177564538
-0.0316098565847566	0.0195799463388135
2.65993770861537	2.70321223710894
1.35192074063616	1.4261379282168
1.29992838256832	0.723247600092972
0.417609772196223	0.190227467919093
-0.17225467082959	0.0912766177826562
-0.464131359208369	0.239986185831399
-0.217936908876595	0.107372490474306
-0.0939758322417224	0.054613295099736
-0.774501059912242	0.657909857486064
-0.776219584208389	0.589761462583465
-0.630128925978177	0.368861465147641
-1.24988741757248	0.560469140390595
-0.652797790739532	0.45066915220534
-0.680082227728042	0.588966508223907
0.881027377894664	0.654030068680099
-0.0402959371638705	0.0172976051318413
0.309570330255022	0.244479582379078
0.19062118736295	0.110974045121428
-0.981095765836282	0.869795039898125
-0.253119655969935	0.156699986527603
-0.255784553627979	0.158506817139327
0.310606410709103	0.245492620057451
0.873535328853458	0.801127671562854
0.582971178472352	0.465341930304004
-0.376390257138643	0.256553499426322
-0.0629672633346062	0.0378444591386666
0.178070608068613	0.0776995010833258
1.05456533880612	0.402811234670406
-3.07822553691956	0.950796797182827
1.0920955726605	0.53410737727116
-0.950528918605305	0.46611675750405
-0.129897839719611	0.072617857335616
-0.718932973994745	0.246158245261953
-2.26701037646063	1.14427006201157
-1.00906318075178	0.399734482931109
-0.617339897765464	0.149284387408846
-0.608428787479893	0.147248610626808
-3.44754089021611	1.22379406077669
-0.123986971098977	0.0441560427469937
-0.129754712881549	0.0461567505765982
0.637555595136802	0.336939503114568
-0.127364454712571	0.0453085384767721
-0.240932367621156	0.176790568059004
0.192280308965148	0.119400773337188
-0.315191555671309	0.186966568296264
0.529213412005813	0.33782535459804
1.64272970989592	1.1570583500827
0.387826729839858	0.197424466234607
0.180728132595723	0.0967825004381946
-0.567409449678304	0.410407369202168
-0.0934603851008041	0.0543867250648621
0.350130993891174	0.21387217313228
0.543742878449893	0.4743303637448
0.586105905979851	0.468578205188816
1.08819186767054	1.2704260416069
-0.369405297882831	0.250985557338541
-0.158018444416981	0.0834393608999221
0.92890657837814	0.50572492322209
-1.32375271581027	1.07970455750677
-0.482021895549266	0.358111922311211
-0.76990102168403	0.415008110131052
0.186914199567039	0.108500965068604
-0.760431822630608	0.573011215283177
-0.12498904527434	0.0444985404997069
-0.196970790009868	0.0634432336968819
-1.30551630764713	0.8094680878506
-0.253008677750768	0.156459595163602
0.31732621857709	0.241570976236453
0.0525219217455831	0.0308160453659071
-0.373938197432194	0.254784769325341
-0.523445999711203	0.431434803137499
0.738299615268169	0.614469864285868
-0.65926611334218	0.456740047581767
-0.973247558670044	1.13524393283799
-0.0399744286782034	0.0247030165002439
0.180426677809576	0.104597088099203
-0.0438729016128275	0.0271189007022744
-0.939235854910602	1.27694048857402
-0.143658353647923	0.0970852152322329
-0.51250449741794	0.496176514841578
-0.676755932726487	0.532733323821253
-0.0307280738715903	0.0193862476114152
0.196227134703134	0.135184113038076
-0.418369955980876	0.317922704540999
-0.1172746271382	0.0808660728341696
-0.656868885686277	0.45432008561853
0.0132187304452791	0.00889824811518245
0.202259100846948	0.145766267275565
1.31980694740339	1.68199011475738
0.193656530046788	0.120213087335716
-0.844390556733992	0.893335344337902
0.0513781211516017	0.0301643800154711
1.10876456166741	0.684971969845701
1.09347086227971	0.53527910188038
-0.325582325201124	0.0933470317045756
-0.930831083631832	0.563902617108749
-0.0796439446866726	0.0312337259623859
-0.654400971235933	0.452708400732452
0.843422236893639	0.358554124858322
-0.486865411625304	0.362564522114826
-0.778150874699961	0.420971370476562
-0.704386334982379	0.240838421723177
0.165088029467664	0.0313824661178469
0.160144755571284	0.0306956063740573
-0.757391659320239	0.406763771838731
-0.128976424631748	0.0458608977147569
1.02055291391112	0.840015660744478
-0.386375630067264	0.21632812260775
0.424538505313987	0.337579087821574
0.47575819770165	0.451693844909266
0.332184043263082	0.21679186130211
-0.577660986772255	0.462689184464251
0.817199656824672	0.493302367907307
-1.57523563201585	1.19196504302727
0.632923235843035	0.685937903606071
0.315266803609463	0.239757131694408
-0.666485800118036	0.521917255431175
-0.1762564264908	0.133212977479424
-0.68022860986468	0.588600936400424
-0.0819270127052182	0.0571931560460026
-1.24435091151869	1.33314776911701
0.332566922993648	0.216955191737187
-1.43506938311378	1.27073781071574
0.0440972970282411	0.0242043001274505
-0.128553421862095	0.04573237912082
-0.904478847392214	0.653077004461331
-0.0651478467929284	0.0391680667894742
-0.319070529214617	0.223621668080051
0.0906402597370532	0.0592183554854582
0.198300520483937	0.136822747018901
-0.417414515955597	0.317145867661463
-0.0172785868734003	0.01095501396255
-0.544065887722784	0.486308728985044
-1.14225708097868	0.633452334452938
-0.164331190428451	0.107908664755553
-0.0476518833833393	0.029442524584262
-0.3853974249737	0.21571176708703
-0.67450236998569	0.814379459106419
0.0143113749824996	0.00962722382995364
-0.557610829136552	0.401489073556394
0.0102649631405825	0.00794410890563077
0.31098705158328	0.235997047205942
-0.317444329333598	0.222247276996211
-0.580439674130691	0.562679070485751
-0.36128708916534	0.308318983376986
-0.598841007809575	0.525691829405958
-0.254166087693937	0.157399815195534
0.189672623208235	0.130300352461275
-1.28303693274561	1.56477267031945
0.190037052213653	0.130608554970104
0.325631251264173	0.225434785156124
0.170230434608558	0.0583940430699947
0.183063896529214	0.0463401006276899
0.176138785194489	0.076835812846744
-1.46140041881837	2.0181298136981
-0.116811303301423	0.0650874011557784
-0.529815623693003	0.332163130301193
-0.369785540362907	0.152727540652227
-1.01112409524141	0.400552541255573
-0.701794429638729	0.239974906557054
0.36037948918065	0.202356271823308
-0.213700623825553	0.105378626018473
-3.07350260546998	0.94852963330217
-0.283437383972797	0.12854159422827
0.0456281857780314	0.0250341898404116
-0.466784598352498	0.241778321211318
1.16528004591236	1.20190988951983
0.324060032801447	0.236372705171511
-0.165040269090392	0.108442817130446
-0.257248626350347	0.159511059142828
-0.145304815723242	0.0982709463144284
0.181959964224185	0.0546519449572612
0.202800070657274	0.140178392039645
0.448618299342402	0.3429594925761
-0.524344728794099	0.432484380527688
-0.371442152842744	0.288670333317714
-0.121717487871611	0.0961458970401975
0.016248052172811	0.00832878739129665
-0.0140493773360384	0.00894269405402512
0.412214017843546	0.34065763612608
0.568035534983116	0.477105481256074
-1.01042058888125	0.400227150588572
-0.00772745094972956	0.00353975039614564
2.37438290611096	1.20256030194498
0.189806841953034	0.110490001841391
-0.751374348612235	0.325398831570705
-0.926476832677435	0.560924917680143
-0.515849321816521	0.423610188659039
-0.377580349854557	0.210809263082806
0.0711498273014107	0.0441319932306266
0.879111605924293	0.651990605854932
0.427390994941853	0.340459172475635
0.712110286487405	0.625569141350797
1.60372605092468	1.74371953407345
-0.685490786271537	0.594893507054645
-0.369174717184175	0.286307576317644
0.0123515854831822	0.00832807525705844
0.0234590420827593	0.011899993894896
-0.15518852942445	0.119120862589272
-0.626370832184465	0.365930891117721
0.371262402660948	0.335008335913868
0.0402796660543442	0.0221499194081501
-0.596408529651635	0.4822768322245
-1.57943955904213	1.85490886866242
-1.72414109354912	2.22399570772451
0.581994197239212	0.578792556432547
-0.277549190820471	0.125800056072986
-0.300839893027274	0.242637007037234
-2.09884857996059	2.30888185669
-0.0732114414412068	0.0288021008103871
0.177176019161234	0.0949588820495242
-1.30201091456669	0.807169863698296
-1.30276934273854	0.806333088698021
-1.25951281700706	0.566150737089227
-0.124442240843376	0.0442663690892336
-0.0436505980366355	0.0186879550373751
-0.226895735826412	0.112197446989696
-0.883310402514005	0.727092371568396
0.465814647113593	0.337992017678638
-0.04185449287816	0.0258785778329776
-0.217393758803051	0.107122082088448
-1.96162950316586	1.35280535889263
-0.973185978616949	0.48020625542444
-0.286135246713932	0.228709575630587
0.868367576962214	0.794290417977679
-0.00754747137104268	0.0048011449455425
0.693738216676248	0.603812863661627
0.749265568965641	0.627013056436744
1.04432135639239	1.34731055560334
-0.0797266922898417	0.055602431661733
-1.13146618674677	0.970716982320587
1.25577125804138	1.05884179858358
-0.281977120450776	0.127853103537229
-0.769393903679286	0.414874318760327
-0.444376050506072	0.292309155753526
-1.41220073628972	1.69329323258824
-0.445833334845939	0.293566526466192
-0.0495925971761941	0.0297819990686829
-0.524287458962151	0.432453034218987
-0.322544344738333	0.226447506045614
0.460743773617983	0.333977838301445
-0.086334679417566	0.0603871468061209
-0.368287323379293	0.285655984824762
0.338740739120385	0.235942355342487
-0.324375954868061	0.227816313763791
-0.31309253516598	0.185600922639504
-0.439357643946754	0.288742350892692
-0.782421859524189	0.595946609471964
-0.599903892393398	0.526776559820713
-0.20517599274904	0.131351864015947
-0.624457201299117	0.594569548593127
-0.48599453762686	0.361742310763511
-0.903113808324557	0.651741613075605
-0.0610267079753895	0.0366749590919084
-1.25915224071317	0.566050922622751
-0.0298981123828111	0.012972926457027
0.16619130625606	0.0315431724784316
0.842071790887261	0.357870121172129
0.0227988334758428	0.0115836798255033
-0.125449682850739	0.0446078069078871
-0.291243613627003	0.1324563748656
-1.49561006114969	0.531433597211914
-0.33115064247346	0.0948450204466267
1.84066711299049	0.726365639107333
-0.749962038454575	0.324836661096217
0.468990411497241	0.190269968199871
0.565721342889133	0.474422317848515
0.0546388375898239	0.0320802275933378
-0.669487765904457	0.525161358199224
-0.566719293130221	0.409819910819905
-0.875178695007895	0.799117564641769
0.100543866815854	0.06868628565407
-0.445021076635156	0.406875033260253
1.61601867310665	2.51223562627437
0.315734368606466	0.229330926018115
-1.32994147407938	1.31588487308464
0.920120183586847	0.946525749383903
-0.070188481818925	0.0422368214944921
-0.767277036736035	0.76577736109039
0.631725418884302	0.333077365004702
-0.357484831551591	0.147232987390103
0.171010817716971	0.074621448175335
-0.125015410478833	0.0698182038784244
-0.68173085929545	0.638306830076635
-0.679040238927951	0.534835907562063
-0.247140348109728	0.152612088466708
-0.21097885569553	0.135402770653378
-0.130153585894734	0.0727881088806102
0.698485784781532	0.609566010694625
0.209438892006643	0.16299689067217
-1.69957390054087	1.40854275686985
-0.528080055200724	0.436186257375317
0.0899875184627398	0.0588076014391332
-0.469365526351298	0.243552277354139
-0.318273981359358	0.222947049179918
-1.53670273977412	1.46637529439748
-0.0568898268048421	0.0341797300298044
-0.658970112084497	0.679011971651836
-0.48583186637915	0.36149301281459
-0.962020937729796	0.937846935399566
-0.89312380758695	1.1702832641878
-1.1179506163177	1.22196267520857
-0.335028580267522	0.265729931015885
0.0411708202465809	0.0298216755568365
-0.86408212898823	0.785424767034259
-1.01908811727015	0.80300158164947
-1.46967631623163	0.741011018316937
-3.75046496352693	1.48199107071708
-0.0426728098722828	0.0182842605540577
-0.0031030330496588	0.00148037290532498
0.178070608068613	0.0776995010833258
0.165088029467664	0.0313824661178469
-0.575332215591588	0.272622944792389
-1.25254603603633	0.562193102367071
0.182515705814395	0.0461929473161663
-1.65332599136976	0.928981820222584
-0.772045807733324	0.503741030966229
0.570276357297971	0.332536877010566
-0.762313712123038	0.409864019164034
-0.249489745380364	0.154223979973286
-3.44754089021611	1.22379406077669
0.193002468134568	0.112386921266703
-0.0642968105343402	0.0386510905738268
-0.207383219608159	0.132889385577435
-0.171793569795685	0.0909586396691394
0.185137847180599	0.0994308364914141
-0.369098270453497	0.250739315305232
0.193969281350072	0.133566396753803
0.0944857872923507	0.0643504695936466
0.334660079241968	0.218651052133082
0.0225349352896035	0.0114191130058032
0.351716683397481	0.196680564293658
-0.520727822125354	0.324869024846492
-0.684586774709472	0.594264180636722
0.0400726093913447	0.0298812757716116
-0.116513165334423	0.0649380405339572
-1.31766988239794	1.29580508486582
-0.71662806058418	0.775397571732865
-0.372656050095198	0.289719706277219
-0.77345606365616	0.718700220991959
-0.927460473699828	0.56161673605125
-0.550819989608739	0.395174291002876
0.0224608588188892	0.0113783185871445
-0.867575895279008	0.78943359617245
-0.171332974746083	0.11294019914029
-0.374200917023485	0.321845935256072
-0.513224650885907	0.420736234805085
-1.49705816852235	0.532032217355669
-0.366795601394091	0.151414835159292
-0.464202917321403	0.239985572843547
-2.76196219504033	1.84958738724339
1.26464928699126	0.878334283049769
-3.07350260546998	0.94852963330217
-1.79785205353169	0.391773074809323
-0.911621221039346	0.659774352694576
-0.768761596689405	0.820418362926274
-2.52101076860678	2.6027361653163
1.07794351625674	0.525619062075072
0.407632175311821	0.336028790655083
1.01558373842193	0.833955495635232
-0.0687050242055005	0.0488918254968528
-0.426187474470669	0.325275323075781
-0.0456750008133012	0.0274612356549536
-0.590539057395341	0.476046954008724
0.0276344987095417	0.0199899144920236
-0.651869804960869	0.45035088323566
0.177319050330637	0.0862587594607392
-0.00156161115431074	0.000794975202001425
-0.605557959727213	0.533502740780381
-0.461041125172787	0.238534480811755
0.322780749366337	0.223074039982048
0.123370877936006	0.0942202500557859
-0.208834077227078	0.133914831470938
-1.25867066111861	1.35850381511302
-0.214811773869369	0.160845319489349
-0.269834891045289	0.193081736274581
-0.324573691379101	0.279999024154756
-1.49705816852235	0.532032217355669
-2.2617671797605	1.13975256637855
-1.46454824115948	0.737058651118592
0.165880035481028	0.0314978449610492
0.165880035481028	0.0314978449610492
-1.0048610187024	0.397512616365048
0.173676863179753	0.0757156141791281
-0.601630117418519	0.487626531198172
0.191657744416262	0.137360683655752
-0.305400278444371	0.180626208284421
0.642428675679495	0.340103780498803
0.0385191903586814	0.0212082254791131
-0.325155214395799	0.228533395867682
-1.13488327064472	0.97543132836364
-1.45691789586889	1.00662896446541
-0.589924474303737	0.280766486873369
-1.6476603968077	0.923658528112052
-1.31834357870994	1.07221570030556
-0.911897252758085	0.660809916194156
-0.773827259750626	0.718842807858926
-0.362309341617945	0.245423696986923
0.0873418283124035	0.0570258467984474
-0.649351714781545	0.447949458735286
-0.909483574786696	0.65807307859622
-0.493203251300823	0.185711768971633
-0.0580291847694693	0.0348603369930394
-0.702916162136118	0.240304795913802
-0.366365516770963	0.151285265364036
3.94404333145349	1.74617514669156
-1.79346061997896	0.390723019452767
-1.11884555197394	0.337481516657706
-0.488217856397597	0.183639448306848
-0.302912429315997	0.17894592563971
0.580144466464232	0.576280768007524
-1.08178808368093	1.03150385787127
0.0228536920013431	0.0115986653667967
1.57904104927563	2.5962425735805
0.179088432672746	0.103765652296718
-0.32123846437816	0.225366295044503
-0.283918615370173	0.128762696006963
0.180978678659038	0.0882668783158446
-1.46687594226654	0.739029403250235
0.324134639459478	0.224276172648376
0.378393108314758	0.191880836389206
-0.768887198583996	0.501358915238983
0.0872526541257207	0.0569427179047015
-0.233917809377139	0.170974490703393
-0.986059987620999	0.876489939976179
-0.134793539356502	0.0907162426236216
-0.376407986611435	0.256760399549777
0.628743435333804	0.589432431070633
-0.380029082925481	0.25947580085834
-0.577176470473614	0.273751284055878
-0.323664690407152	0.0927962418225715
-2.57522664974505	0.666917731403372
-0.25184643488002	0.155791744530888
-0.202554719096388	0.129500343481158
0.0120752887568681	0.0081398403679525
-0.257191634926424	0.159514637044221
-1.31780767818279	1.07325813402504
0.171963624394521	0.0837324779773564
-1.00128060564233	0.395807493251949
1.84525714600486	0.728756039651982
-0.0874203367409279	0.0507810265868703
0.500855468472999	0.34504278375708
0.817199656824672	0.493302367907307
-0.289054418694824	0.131327364821658
-0.371804284987717	0.206971773883124
-0.151267444483661	0.102567881705488
1.14024846451904	1.02902627438779
-0.52489201664788	0.328006444709393
-0.374892452869934	0.209106481047493
-0.858612636864908	0.778038388975093
-1.57718489166407	1.19470927673185
-0.322885608690505	0.254359810418955
-1.44744093005471	0.993729664494819
-0.320761314344198	0.224761430276564
-0.772164492678526	0.716981686617719
0.202943554847603	0.126552867138113
0.395352891134236	0.349672949230707
0.106994720312638	0.0760265753045153
-0.268976691432208	0.192500784734121
0.305684200081063	0.240864790760538
-0.12282517776863	0.0437139180795264
-0.042477960788135	0.018189103705036
-0.495188624132318	0.186487217221814
-0.490397121978039	0.365683076559752
-1.11864866191188	1.22297201738128
-0.384972557815257	0.263509905863087
-0.222579786970589	0.109904571932678
-1.02070225350154	0.80636114891905
-0.609880105413631	0.538596907200073
-0.276131982793226	0.287885315786385
-0.186946909505497	0.142189466953317
-1.07880611330652	1.0266436746816
0.0524955995358201	0.0307957763861896
1.69920118096015	1.97277974758066
-0.0670042307078592	0.0533877996312334
-0.737221207841863	1.16392940521154
-0.298623955225794	0.240545573889178
0.167722678334851	0.064927369580929
-1.25716493894818	0.565002810504402
-2.57522664974505	0.666917731403372
-0.524771899764917	0.328002622491018
-1.25254603603633	0.562193102367071
-0.612487701707529	0.148134994320372
-2.57067328278635	0.665094197548339
-0.626656944196673	0.3661447298346
-0.763998428384847	0.411584090181485
-0.204047587147551	0.0656463968045093
-0.491888763967548	0.185206039733237
0.549872383663091	0.199625186867885
-0.129153876323112	0.045949245582522
-0.464401472136153	0.240500816152329
-2.57067328278635	0.665094197548339
-0.331884233338781	0.0950660268702792
-1.7934287506278	0.390727439150181
-1.79785205353169	0.391773074809323
