x	y
2.76559849788836	0.78194178274137
1.4745635305468	0.492365493098567
2.76109157462938	0.779871501961836
0.966736740010186	0.256029100393941
2.76219840038386	0.780594539857824
1.83948692258838	0.725717515665962
1.06375255943934	0.407031400293661
3.94250969970351	1.744660072344
1.96276901321247	0.454520391574277
0.962025660417238	0.254682745005495
1.96276901321247	0.454520391574277
1.96276901321247	0.454520391574277
2.76219840038386	0.780594539857824
1.96372117107544	0.45473924627511
0.165088029467664	0.0313824661178469
1.96372117107544	0.45473924627511
0.179008086694114	0.0538125056714061
0.967271104517323	0.256176548116206
1.96372117107544	0.45473924627511
1.96372117107544	0.45473924627511
-0.613682540053849	0.148388769407339
-1.79346061997896	0.390723019452767
0.928394348662812	0.505698277500433
0.170590929435123	0.0585228740679515
0.186141976470538	0.0636707185506948
2.76671632811135	0.782410087450427
1.05878746464103	0.40482083139178
1.96276901321247	0.454520391574277
0.963743115659934	0.255236344279286
0.962553055030982	0.254827961566665
1.96276901321247	0.454520391574277
1.96276901321247	0.454520391574277
2.76109157462938	0.779871501961836
-1.12019427196772	0.338020301365193
-0.613804976594409	0.148553206549543
0.38212547295305	0.194088176340719
0.622204192345036	0.327229075576889
0.679876273226332	0.4878617710134
1.4745635305468	0.492365493098567
0.179746383607047	0.0540100642734575
1.47086646676889	0.49088731436037
1.59690016581137	0.803005891193071
-4.00445759317147	1.73529487098312
-0.330698472981565	0.0947716626031445
-2.57554526884402	0.666976966437407
1.96276901321247	0.454520391574277
1.96372117107544	0.45473924627511
1.47277528463141	0.49146011988965
2.76219840038386	0.780594539857824
0.16619130625606	0.0315431724784316
-1.7934287506278	0.390727439150181
0.964934921520073	0.255476948633611
-0.770632974295543	0.653439677823652
0.425882931318365	0.194252543090857
1.06227192186728	0.40611816355748
0.686270437198953	0.219228628867356
0.468602008697511	0.190152966892753
-0.613682540053849	0.148388769407339
0.165088029467664	0.0313824661178469
0.927938390515491	0.504984223310363
-0.613158918177153	0.148231887572971
1.35529673097699	0.600305768997688
-1.79785205353169	0.391773074809323
-0.328777361869378	0.0941964324844904
2.76219840038386	0.780594539857824
0.183063896529214	0.0463401006276899
1.96276901321247	0.454520391574277
-2.57036588579023	0.664816582891659
2.76219840038386	0.780594539857824
4.40535111971137	2.32805634777908
1.47333622017027	0.491753136545405
2.37939544032746	1.20665053912734
-0.124620608483822	0.0443076162752337
1.46585570298693	0.489030037475911
0.687453672774919	0.21969379736456
0.178161345351442	0.0610444196674466
-0.32685310795758	0.0937088146974829
0.958352222975233	0.253964848564806
1.96276901321247	0.454520391574277
1.96684138854469	0.455504908505281
1.96372117107544	0.45473924627511
0.687453672774919	0.21969379736456
-0.193367241020068	0.0623371853793179
-0.613158918177153	0.148231887572971
-0.613682540053849	0.148388769407339
1.96276901321247	0.454520391574277
1.06301156133644	0.406541088935866
-1.7934287506278	0.390727439150181
-0.613158918177153	0.148231887572971
1.96372117107544	0.45473924627511
-1.79346061997896	0.390723019452767
-1.79785205353169	0.391773074809323
-1.79346061997896	0.390723019452767
0.184971072095669	0.0467387603153735
-0.612487701707529	0.148134994320372
-2.57522664974505	0.666917731403372
0.844441707134117	0.359109180860946
0.547057604624631	0.198554222727286
2.76109157462938	0.779871501961836
1.96276901321247	0.454520391574277
1.47897546128728	0.493826410303162
1.46585570298693	0.489030037475911
-0.119996740485375	0.042782500294997
0.179243276186944	0.0872748448659392
-1.00906318075178	0.399734482931109
1.05693634570001	0.403813519694082
0.181837521716867	0.0460537144756759
0.963214248695465	0.255090594573707
1.96372117107544	0.45473924627511
-0.608428787479893	0.147248610626808
1.96372117107544	0.45473924627511
-0.32685310795758	0.0937088146974829
0.554888698626794	0.201570551690915
2.76559849788836	0.78194178274137
-1.7934287506278	0.390727439150181
1.96372117107544	0.45473924627511
2.76109157462938	0.779871501961836
-2.57522664974505	0.666917731403372
-0.613682540053849	0.148388769407339
0.963214248695465	0.255090594573707
-3.0729809879685	0.948009080411761
0.18374299244507	0.0464795790495071
0.17863644710503	0.0536867113604282
-0.761877843860546	0.330877084339695
0.961881298984383	0.254903830883264
1.96372117107544	0.45473924627511
2.76330811440907	0.780761067286217
0.964404580081594	0.255330782344719
-3.0729809879685	0.948009080411761
1.84022304372881	0.72612017307568
0.474642969056836	0.346379598344912
0.811455363091628	0.488261583485715
1.0821211482916	0.528086837919864
1.96276901321247	0.454520391574277
1.84066711299049	0.726365639107333
2.76219840038386	0.780594539857824
3.65499468921657	1.45049079500857
2.77014537202506	0.783552977740789
1.96276901321247	0.454520391574277
1.96276901321247	0.454520391574277
0.165880035481028	0.0314978449610492
0.164778629348208	0.0313374327003096
0.179845637419764	0.0616123591521601
1.96276901321247	0.454520391574277
1.96276901321247	0.454520391574277
-0.613012730411062	0.148202450577793
-1.79346061997896	0.390723019452767
-1.7934287506278	0.390727439150181
-1.79346061997896	0.390723019452767
-1.79346061997896	0.390723019452767
1.96372117107544	0.45473924627511
-0.198392257320092	0.0638832149326698
0.845460532244873	0.359623499672993
3.27393157336313	1.11982869858365
1.96276901321247	0.454520391574277
-2.57067328278635	0.665094197548339
0.165088029467664	0.0313824661178469
-3.07875719123617	0.951227905765892
0.187300583927818	0.0472598613580206
1.13542986036854	0.870080424192306
-0.0332532340269186	0.0143494035801553
0.406827315502994	0.184783141012108
0.165880035481028	0.0314978449610492
1.96372117107544	0.45473924627511
-1.7934287506278	0.390727439150181
2.76219840038386	0.780594539857824
1.96276901321247	0.454520391574277
2.76330811440907	0.780761067286217
-1.79346061997896	0.390723019452767
0.18374299244507	0.0464795790495071
1.80352429937607	1.01818921274933
0.172309731920116	0.0439046529437047
-0.612487701707529	0.148134994320372
0.165088029467664	0.0313824661178469
0.963743115659934	0.255236344279286
2.76219840038386	0.780594539857824
-0.613158918177153	0.148231887572971
0.165088029467664	0.0313824661178469
0.16619130625606	0.0315431724784316
-2.57554526884402	0.666976966437407
0.685539141555545	0.218907224669263
1.47032706033056	0.490703617760438
-0.60895933746012	0.147406558741333
-0.319817646410374	0.0917687104349087
1.46585570298693	0.489030037475911
0.688185381402826	0.219868290083128
1.11635405553842	0.849046878011619
-0.376685215277109	0.209932408977135
3.64995436887393	1.44813448599007
2.13460629217846	0.96446244584926
-1.79346061997896	0.390723019452767
0.963743115659934	0.255236344279286
0.183063896529214	0.0463401006276899
0.181837521716867	0.0460537144756759
0.169566032486793	0.032038095111837
-1.12019427196772	0.338020301365193
1.96372117107544	0.45473924627511
1.96372117107544	0.45473924627511
-1.7934287506278	0.390727439150181
-0.608428787479893	0.147248610626808
-1.12328075924743	0.339047939506251
-3.75690729519465	1.48558300753873
0.543153338421797	0.197033542378853
-3.45239496999294	1.22656388713544
0.687453672774919	0.21969379736456
-1.12396372987595	0.33934973605565
-1.79346061997896	0.390723019452767
0.557018023353638	0.202406809251953
0.378631136810522	0.192242560625889
0.930911171907934	0.506852277876771
2.14161201065848	0.968534834276604
0.968469219672053	0.25651021792255
-0.515129314324955	0.19455179868062
3.27272750868887	1.11966450015405
2.76330811440907	0.780761067286217
-1.7934287506278	0.390727439150181
0.183063896529214	0.0463401006276899
-1.79346061997896	0.390723019452767
-2.57067328278635	0.665094197548339
1.06100497274362	0.405629306325193
0.183063896529214	0.0463401006276899
0.164778629348208	0.0313374327003096
2.12855234273416	0.960598949117747
0.688185381402826	0.219868290083128
-0.191583942801118	0.0617784787374467
0.187984352048437	0.0474280610765032
-0.32531700249348	0.0932194330065639
0.964404580081594	0.255330782344719
3.648660887427	1.44649464979281
1.96372117107544	0.45473924627511
2.76219840038386	0.780594539857824
3.27752825134246	1.12202020233476
0.165880035481028	0.0314978449610492
0.963743115659934	0.255236344279286
-0.12776152078622	0.045428153999693
-1.12019427196772	0.338020301365193
3.27510914666181	1.12076297640292
-0.32485451718176	0.0931499749349684
-1.7934287506278	0.390727439150181
0.169248055862235	0.0319917175833404
0.165088029467664	0.0313824661178469
-1.79346061997896	0.390723019452767
1.06190079859119	0.406050412279014
1.3509899510682	0.597807360301759
1.96276901321247	0.454520391574277
1.96276901321247	0.454520391574277
1.96372117107544	0.45473924627511
0.165880035481028	0.0314978449610492
-3.44754089021611	1.22379406077669
-1.7934287506278	0.390727439150181
1.96372117107544	0.45473924627511
-0.125593819942236	0.0447042122693073
0.963214248695465	0.255090594573707
-1.29760423850896	0.803128486258916
-3.07350260546998	0.94852963330217
1.34886052544281	0.596542879120315
0.160144755571284	0.0306956063740573
1.96276901321247	0.454520391574277
-3.07822553691956	0.950796797182827
0.165880035481028	0.0314978449610492
-0.0697690400770668	0.0274981144162944
0.169566032486793	0.032038095111837
1.48020902950819	0.494322465499196
1.96276901321247	0.454520391574277
3.27272750868887	1.11966450015405
-1.79346061997896	0.390723019452767
1.96684138854469	0.455504908505281
-1.49756982395339	0.532388959419506
-1.11896025029368	0.337616084496264
-0.0795305772316263	0.0312158420849284
-2.76624405902316	1.85534494468857
-0.190877057046861	0.0615565600580822
1.96276901321247	0.454520391574277
0.182384642090162	0.0461735738884295
-0.608428787479893	0.147248610626808
1.96276901321247	0.454520391574277
1.96276901321247	0.454520391574277
1.96276901321247	0.454520391574277
0.686270437198953	0.219228628867356
0.165088029467664	0.0313824661178469
-3.74551962293396	1.47870416259712
0.692481142426252	0.221366284684109
1.96372117107544	0.45473924627511
0.165088029467664	0.0313824661178469
0.312166548065196	0.214800153678116
-0.957640508087623	0.470697050375352
1.05952860814689	0.405011691745652
0.174045724149933	0.0524237595938313
0.687001483078787	0.219402881860221
0.964404580081594	0.255330782344719
1.96276901321247	0.454520391574277
-2.57098043849301	0.664920470822356
1.96372117107544	0.45473924627511
-1.7934287506278	0.390727439150181
0.16619130625606	0.0315431724784316
2.76219840038386	0.780594539857824
-0.321741768636823	0.0922885496388945
1.59722553801484	0.803383510060259
0.182139556567541	0.0546506539851904
2.58862403796551	1.45507715255588
0.161251150232847	0.0308565698216007
0.183063896529214	0.0463401006276899
1.47032706033056	0.490703617760438
-1.11896025029368	0.337616084496264
-2.57098043849301	0.664920470822356
3.27510914666181	1.12076297640292
0.182515705814395	0.0461929473161663
0.16619130625606	0.0315431724784316
0.164778629348208	0.0313374327003096
1.46833343766606	0.489897083934438
0.532601001493293	0.340816001970812
0.349469524842869	0.213645624107952
-1.12396372987595	0.33934973605565
-1.49753171438992	0.532305096548695
1.35029297080259	0.597376447511037
-0.617875104469477	0.149400727468359
1.84451762847753	0.728350716630867
-1.7934287506278	0.390727439150181
0.165088029467664	0.0313824661178469
0.689369698791533	0.22025689756634
0.165088029467664	0.0313824661178469
0.182384642090162	0.0461735738884295
0.963214248695465	0.255090594573707
-2.57522664974505	0.666917731403372
0.165088029467664	0.0313824661178469
3.27032462336087	1.11801013776878
-1.25188772636848	0.561803268010386
0.458679959225615	0.185863467599541
-0.608428787479893	0.147248610626808
0.963743115659934	0.255236344279286
0.165880035481028	0.0314978449610492
0.16619130625606	0.0315431724784316
0.169566032486793	0.032038095111837
0.165088029467664	0.0313824661178469
0.16619130625606	0.0315431724784316
0.184971072095669	0.0467387603153735
1.42088137802523	1.10485509125818
0.852050462439813	0.362741818847279
0.16619130625606	0.0315431724784316
1.96276901321247	0.454520391574277
-2.57098043849301	0.664920470822356
-0.196606144995592	0.0633346995977349
0.685443035318802	0.218928003643606
0.632890689535956	0.334195241408091
0.623174076767099	0.327892898642064
-1.5026235657887	0.534584753118728
-2.05422330759801	0.936346916870338
0.171823205535587	0.0665025905062441
0.552366600094505	0.200647521424049
-0.614206104379299	0.148455859250315
0.963743115659934	0.255236344279286
0.164778629348208	0.0313374327003096
2.76219840038386	0.780594539857824
-1.49608539149807	0.531478987360942
0.967271104517323	0.256176548116206
0.165088029467664	0.0313824661178469
1.96684138854469	0.455504908505281
-1.7934287506278	0.390727439150181
0.169566032486793	0.032038095111837
-0.612487701707529	0.148134994320372
-1.01014139129076	0.400088841211607
3.94011940400443	1.7432966017604
0.472416645443175	0.191943651710654
-2.57036588579023	0.664816582891659
-2.57098043849301	0.664920470822356
1.96276901321247	0.454520391574277
1.96372117107544	0.45473924627511
-1.7934287506278	0.390727439150181
1.96276901321247	0.454520391574277
0.963743115659934	0.255236344279286
-1.7934287506278	0.390727439150181
-0.613682540053849	0.148388769407339
-0.619069360213747	0.149654914653121
0.716011633271524	0.338184526787078
-0.611962616144159	0.147977912487881
-1.79346061997896	0.390723019452767
2.76219840038386	0.780594539857824
-0.699405444382189	0.239043645886915
-0.370947965422515	0.153419528411156
0.560332942173777	0.32600870897469
-0.0312388441562481	0.0135263507757862
0.967933372585482	0.256362285789635
-1.80860659991793	0.735840712092833
1.05878746464103	0.40482083139178
-1.7934287506278	0.390727439150181
0.164778629348208	0.0313374327003096
1.96276901321247	0.454520391574277
-1.79346061997896	0.390723019452767
1.96276901321247	0.454520391574277
0.968469219672053	0.25651021792255
0.165880035481028	0.0314978449610492
0.183063896529214	0.0463401006276899
0.18374299244507	0.0464795790495071
2.37260189756763	1.20097869065269
-1.24988741757248	0.560469140390595
0.17845532295061	0.0611293558584829
1.96276901321247	0.454520391574277
0.165088029467664	0.0313824661178469
1.96276901321247	0.454520391574277
1.96276901321247	0.454520391574277
0.164778629348208	0.0313374327003096
0.16619130625606	0.0315431724784316
-1.79346061997896	0.390723019452767
0.164778629348208	0.0313374327003096
0.164778629348208	0.0313374327003096
0.822439256362784	0.497418199896378
0.688637326691298	0.220082192676685
0.963743115659934	0.255236344279286
-1.79346061997896	0.390723019452767
0.184716497901306	0.0554075708253118
0.177362298643623	0.0450515694227369
0.97223988772467	0.662413384610666
-0.0851728187143544	0.04945257430013
-1.65543556412706	0.931509637065488
0.695609467079394	0.222209476353201
1.35564812089346	0.600770089805534
-0.494817503599559	0.186297123887455
1.47525146835293	0.492648627415429
1.05767805940452	0.40430204105456
0.165088029467664	0.0313824661178469
1.4646350690462	0.48856709745013
3.27032462336087	1.11801013776878
1.96372117107544	0.45473924627511
0.16619130625606	0.0315431724784316
0.182384642090162	0.0461735738884295
-0.586472142319065	0.279009923568439
-0.197681301235905	0.0636672013988199
4.5737125654618	2.60729621646006
-0.612487701707529	0.148134994320372
2.76671632811135	0.782410087450427
0.164778629348208	0.0313374327003096
-1.79346061997896	0.390723019452767
-1.7934287506278	0.390727439150181
0.966736740010186	0.256029100393941
0.39163023549468	0.199579437509981
0.164778629348208	0.0313374327003096
0.165088029467664	0.0313824661178469
-1.7934287506278	0.390727439150181
0.964404580081594	0.255330782344719
1.96372117107544	0.45473924627511
1.84407253912976	0.727924750702318
0.166180490994207	0.0643259864206776
-1.14475218348189	0.635473939771042
-0.96206239648365	0.473116546829078
2.76219840038386	0.780594539857824
1.96684138854469	0.455504908505281
-0.611962616144159	0.147977912487881
-2.58013588785136	0.668674470410509
0.164778629348208	0.0313374327003096
0.165880035481028	0.0314978449610492
0.164778629348208	0.0313374327003096
3.27631781619437	1.12171855032085
-1.46515587047556	0.737457902476713
-0.999116065979541	0.394904057507624
-0.70398648315954	0.24079443492873
-0.326116124892219	0.0934876536925377
0.183610895194862	0.0464322674344966
2.76109157462938	0.779871501961836
-0.613158918177153	0.148231887572971
1.96372117107544	0.45473924627511
1.96276901321247	0.454520391574277
-1.7934287506278	0.390727439150181
-1.7934287506278	0.390727439150181
-1.79346061997896	0.390723019452767
-2.57067328278635	0.665094197548339
1.96372117107544	0.45473924627511
1.60187603917232	0.806248910001153
-0.329964215322259	0.0945505800706473
-0.701407652969022	0.239760620804689
2.76219840038386	0.780594539857824
0.696347531127603	0.222535473365176
-0.613012730411062	0.148202450577793
-1.12086886051128	0.33811902750598
-0.501508356762519	0.189062054512787
1.06063740894654	0.405466440477548
-0.202615613594689	0.0652232518828875
2.58373242616846	1.45040329476375
-1.49753171438992	0.532305096548695
0.714622084787927	0.337238843132313
0.184971072095669	0.0467387603153735
1.47525146835293	0.492648627415429
0.693668977910988	0.221707820486434
1.47032706033056	0.490703617760438
0.165088029467664	0.0313824661178469
1.84066711299049	0.726365639107333
-0.614206104379299	0.148455859250315
-2.57067328278635	0.665094197548339
-0.618535635333325	0.149538863092151
0.963743115659934	0.255236344279286
3.27152519356808	1.11907150574555
1.96276901321247	0.454520391574277
1.47648048364922	0.492996794108507
1.47086646676889	0.49088731436037
0.47680168241803	0.193793610458473
-0.321050931156565	0.09208056992044
-0.326771057218117	0.0936418390224184
0.554170265139292	0.201310818357217
-0.613158918177153	0.148231887572971
0.169248055862235	0.0319917175833404
-0.321741768636823	0.0922885496388945
-1.79346061997896	0.390723019452767
0.18374299244507	0.0464795790495071
1.96276901321247	0.454520391574277
1.96276901321247	0.454520391574277
2.76109157462938	0.779871501961836
-1.79346061997896	0.390723019452767
-1.50335347787301	0.534889336029958
0.962025660417238	0.254682745005495
1.96276901321247	0.454520391574277
-0.612487701707529	0.148134994320372
0.161251150232847	0.0308565698216007
0.169566032486793	0.032038095111837
1.96276901321247	0.454520391574277
0.966736740010186	0.256029100393941
1.96372117107544	0.45473924627511
0.169248055862235	0.0319917175833404
0.183063896529214	0.0463401006276899
0.963214248695465	0.255090594573707
-3.07875719123617	0.951227905765892
-0.32685310795758	0.0937088146974829
0.165088029467664	0.0313824661178469
1.96276901321247	0.454520391574277
-2.57067328278635	0.665094197548339
-0.32485451718176	0.0931499749349684
1.4745635305468	0.492365493098567
0.165088029467664	0.0313824661178469
-0.612487701707529	0.148134994320372
3.27510914666181	1.12076297640292
2.76109157462938	0.779871501961836
3.65119667594504	1.44884031306495
1.47277528463141	0.49146011988965
-1.49753171438992	0.532305096548695
-3.07350260546998	0.94852963330217
-1.79346061997896	0.390723019452767
0.963214248695465	0.255090594573707
-0.325582325201124	0.0933470317045756
0.187984352048437	0.0474280610765032
1.46910411205871	0.490049168285487
2.76330811440907	0.780761067286217
0.185076110728506	0.0555416222332281
0.179479941018599	0.0614871969929957
0.963214248695465	0.255090594573707
0.169566032486793	0.032038095111837
0.186752657299631	0.0471525522204707
0.16619130625606	0.0315431724784316
-0.60895933746012	0.147406558741333
-1.79346061997896	0.390723019452767
-1.79785205353169	0.391773074809323
0.693216225774344	0.221541872050593
-0.613682540053849	0.148388769407339
0.161251150232847	0.0308565698216007
0.160144755571284	0.0306956063740573
2.13460629217846	0.96446244584926
1.47086646676889	0.49088731436037
1.47032706033056	0.490703617760438
0.967271104517323	0.256176548116206
-1.0079855208987	0.399077505174083
0.688637326691298	0.220082192676685
0.964404580081594	0.255330782344719
-3.44754089021611	1.22379406077669
0.179274213223518	0.0454636418217038
0.924441356513303	0.502340581007705
-0.161453902920086	0.0852734304947839
0.380494969364514	0.193311081895797
-1.25084971592941	0.560994572093117
-1.11896025029368	0.337616084496264
-2.04787602398227	0.931932803365012
0.850069339148531	0.361876749971404
0.179274213223518	0.0454636418217038
0.852708790488268	0.36320684772449
-2.57067328278635	0.665094197548339
-2.57522664974505	0.666917731403372
0.183063896529214	0.0463401006276899
-1.7934287506278	0.390727439150181
1.96372117107544	0.45473924627511
0.173531552785268	0.0441618839867273
1.96276901321247	0.454520391574277
0.963214248695465	0.255090594573707
-0.60895933746012	0.147406558741333
1.96276901321247	0.454520391574277
1.48020902950819	0.494322465499196
-2.04249312224762	0.928496345266382
-0.202976861420011	0.0653350306430413
-2.04646433681651	0.931063046692899
0.0183925714495205	0.00938891182774541
-0.612487701707529	0.148134994320372
-3.07402416243152	0.948685276185543
0.161251150232847	0.0308565698216007
-0.612487701707529	0.148134994320372
0.165088029467664	0.0313824661178469
0.690554433996612	0.2205748378538
-0.611962616144159	0.147977912487881
-0.612487701707529	0.148134994320372
-1.7934287506278	0.390727439150181
0.184971072095669	0.0467387603153735
0.553886985294821	0.201106948910148
0.692932973591989	0.221383018666362
-0.955073958947409	0.46872573592985
0.165088029467664	0.0313824661178469
3.65119667594504	1.44884031306495
0.963214248695465	0.255090594573707
-0.698670682702589	0.238794577468402
0.189718221416848	0.117725335527391
-0.213651002247004	0.137255270137608
-0.952755905292972	0.467368143944547
-1.00306966229617	0.39683135622738
-0.196970790009868	0.0634432336968819
0.168910828881268	0.0579679737759373
1.4646350690462	0.48856709745013
-1.79785205353169	0.391773074809323
0.179369859705814	0.0539368960907662
0.169566032486793	0.032038095111837
0.16619130625606	0.0315431724784316
0.164778629348208	0.0313374327003096
0.962025660417238	0.254682745005495
-2.57036588579023	0.664816582891659
-1.79785205353169	0.391773074809323
1.96276901321247	0.454520391574277
0.165088029467664	0.0313824661178469
2.76559849788836	0.78194178274137
1.96684138854469	0.455504908505281
1.64755572450223	1.16256766078552
3.94131434673369	1.74409517718346
0.843067846343914	0.358127084535735
-1.50142880975048	0.534054734577795
2.76219840038386	0.780594539857824
0.18374299244507	0.0464795790495071
-3.74551962293396	1.47870416259712
0.165088029467664	0.0313824661178469
2.76219840038386	0.780594539857824
1.96276901321247	0.454520391574277
0.169248055862235	0.0319917175833404
0.164778629348208	0.0313374327003096
1.96372117107544	0.45473924627511
1.96684138854469	0.455504908505281
1.96276901321247	0.454520391574277
1.65414727453163	1.16925020616192
0.964934921520073	0.255476948633611
0.972026783845071	0.25740024127234
0.183610895194862	0.0464322674344966
-0.617339897765464	0.149284387408846
0.165880035481028	0.0314978449610492
-1.7934287506278	0.390727439150181
0.839495833782448	0.356721288421175
2.59563474773792	1.4608693723318
0.176841437313617	0.0772226954254543
-1.81320298707444	1.13293322576162
-1.1245135089551	0.339452387639693
-2.57098043849301	0.664920470822356
1.60126393847007	0.805742165706545
-0.611962616144159	0.147977912487881
0.160144755571284	0.0306956063740573
-0.613012730411062	0.148202450577793
-3.08351879397427	0.953227279124287
-2.57554526884402	0.666976966437407
-1.79346061997896	0.390723019452767
3.65243977028666	1.44907202326586
-1.7934287506278	0.390727439150181
0.184291063239428	0.0465991085839434
1.96372117107544	0.45473924627511
3.27631781619437	1.12171855032085
2.76109157462938	0.779871501961836
1.98427642589342	1.24927230019268
1.59158476389303	0.799305203801273
4.19846261344938	2.04179045778445
-1.79785205353169	0.391773074809323
3.27752825134246	1.12202020233476
2.76219840038386	0.780594539857824
0.165088029467664	0.0313824661178469
0.964934921520073	0.255476948633611
-1.1258777723839	0.339888304991231
-0.329512287054466	0.094417417841927
1.06449307015235	0.407221804443696
0.41751595322331	0.18993514319526
-0.222177651587396	0.109812316285756
-0.370128986829542	0.251703336945243
-1.11760971687047	0.337077079720442
0.843443663477006	0.35876328544495
-1.1334622002035	0.626805988263647
0.178161345351442	0.0610444196674466
-0.614206104379299	0.148455859250315
2.76109157462938	0.779871501961836
2.76219840038386	0.780594539857824
0.165880035481028	0.0314978449610492
0.966736740010186	0.256029100393941
0.161251150232847	0.0308565698216007
0.164778629348208	0.0313374327003096
2.76219840038386	0.780594539857824
-3.07350260546998	0.94852963330217
0.966637590266194	0.256126252544328
2.13736636122811	0.966264970252144
0.967271104517323	0.256176548116206
1.96276901321247	0.454520391574277
1.96372117107544	0.45473924627511
2.76671632811135	0.782410087450427
1.96276901321247	0.454520391574277
3.27272750868887	1.11966450015405
1.96276901321247	0.454520391574277
-2.57036588579023	0.664816582891659
-0.613682540053849	0.148388769407339
0.963743115659934	0.255236344279286
0.963214248695465	0.255090594573707
2.76109157462938	0.779871501961836
1.96372117107544	0.45473924627511
3.64618465324491	1.4458034047001
3.64742237939513	1.44635997008149
0.164778629348208	0.0313374327003096
0.182281708516407	0.0461365657769329
1.31186457272672	0.732174541227542
0.17273732603019	0.0668202643468802
0.473807985851424	0.192496599135712
0.186069807523728	0.046984734903896
-2.57036588579023	0.664816582891659
-0.00199557154359993	0.00099591380373426
-0.213331778897479	0.137070134293713
-0.279695699978704	0.201338797328202
-0.0570788890785821	0.0342842691326203
-1.5026235657887	0.534584753118728
0.181598622209813	0.0545451831920276
-0.956093906046376	0.469927680828151
0.553459142396127	0.201030755019039
-1.79346061997896	0.390723019452767
-0.613012730411062	0.148202450577793
0.169566032486793	0.032038095111837
-0.614206104379299	0.148455859250315
-0.608428787479893	0.147248610626808
2.76671632811135	0.782410087450427
-3.07454565876188	0.948489134275984
3.64742237939513	1.44635997008149
-0.617875104469477	0.149400727468359
-2.57067328278635	0.665094197548339
1.96372117107544	0.45473924627511
1.96276901321247	0.454520391574277
1.96372117107544	0.45473924627511
1.96276901321247	0.454520391574277
0.692481142426252	0.221366284684109
1.96276901321247	0.454520391574277
0.16619130625606	0.0315431724784316
-1.79346061997896	0.390723019452767
-1.79346061997896	0.390723019452767
0.963743115659934	0.255236344279286
1.96372117107544	0.45473924627511
1.96684138854469	0.455504908505281
1.96276901321247	0.454520391574277
1.96276901321247	0.454520391574277
2.76219840038386	0.780594539857824
-0.326043908260378	0.0934449166225896
4.18536973210645	2.03283090231972
0.424394200477465	0.193521395215672
1.96372117107544	0.45473924627511
-1.7934287506278	0.390727439150181
-1.7934287506278	0.390727439150181
1.96276901321247	0.454520391574277
-0.331884233338781	0.0950660268702792
-0.125449682850739	0.0446078069078871
-0.445103045336181	0.293131246227828
-1.08015499944399	1.02899792798454
0.173195095104282	0.0755037377897217
0.172815300536377	0.059246231431734
-0.110837730459239	0.0396096160049443
3.27032462336087	1.11801013776878
0.692481142426252	0.221366284684109
0.68908810997088	0.220077042266344
0.165088029467664	0.0313824661178469
0.164778629348208	0.0313374327003096
3.27272750868887	1.11966450015405
0.182515705814395	0.0461929473161663
1.96276901321247	0.454520391574277
-1.79785205353169	0.391773074809323
-1.79785205353169	0.391773074809323
-0.613804976594409	0.148553206549543
1.96684138854469	0.455504908505281
0.164778629348208	0.0313374327003096
1.96276901321247	0.454520391574277
1.96372117107544	0.45473924627511
1.96276901321247	0.454520391574277
1.96276901321247	0.454520391574277
2.76219840038386	0.780594539857824
1.4646350690462	0.48856709745013
1.96276901321247	0.454520391574277
-0.608428787479893	0.147248610626808
-0.60895933746012	0.147406558741333
1.96372117107544	0.45473924627511
0.963743115659934	0.255236344279286
0.186752657299631	0.0471525522204707
2.76330811440907	0.780761067286217
1.46964366147565	0.490422889690681
0.962553055030982	0.254827961566665
1.96276901321247	0.454520391574277
1.46585570298693	0.489030037475911
0.959543454922691	0.254205280821647
2.76219840038386	0.780594539857824
1.96372117107544	0.45473924627511
0.831491739983733	0.352594617909251
3.27631781619437	1.12171855032085
0.962553055030982	0.254827961566665
-0.129584455026173	0.0460681277767629
-1.65145760204823	0.926257519164819
0.181222403711057	0.0544586569816679
-3.44821343973509	1.22397568320365
-0.320548811537412	0.09196618419473
-3.75046496352693	1.48199107071708
-0.611962616144159	0.147977912487881
0.853366694188432	0.363544292018452
0.550229507129372	0.199823293779666
-1.4702810167601	0.74144128695738
-0.366418490284619	0.151428231798692
0.00318676481936447	0.00130823763709156
-0.198045826596271	0.0637553577032532
-0.613682540053849	0.148388769407339
-0.614206104379299	0.148455859250315
0.183600515358582	0.055105623027285
1.84329475221871	0.727295949232999
-2.57554526884402	0.666976966437407
0.181159179759352	0.0458876218072277
0.186191748429242	0.055843722836046
-0.497540036768389	0.187445875024767
1.47086646676889	0.49088731436037
-1.80328874130775	0.733096849202467
-0.320281010212049	0.0918656344140368
0.169566032486793	0.032038095111837
0.963214248695465	0.255090594573707
0.179274213223518	0.0454636418217038
2.37438290611096	1.20256030194498
2.76219840038386	0.780594539857824
1.96276901321247	0.454520391574277
2.76559849788836	0.78194178274137
1.35135662214001	0.598044460885579
-2.57067328278635	0.665094197548339
3.65243977028666	1.44907202326586
0.164778629348208	0.0313374327003096
0.165088029467664	0.0313824661178469
3.27152519356808	1.11907150574555
2.76219840038386	0.780594539857824
0.16619130625606	0.0315431724784316
1.96372117107544	0.45473924627511
0.187435346122179	0.047292837125537
1.84066711299049	0.726365639107333
1.84066711299049	0.726365639107333
0.186752657299631	0.0471525522204707
1.05235833798367	0.401844810202421
1.59564194030152	0.802153856622675
2.12634870418503	0.95912271644804
1.83948692258838	0.725717515665962
1.34462745304393	0.59438308976983
-1.01014139129076	0.400088841211607
0.184178291181978	0.0630270993949123
1.84644215856505	0.729350990286639
0.962553055030982	0.254827961566665
3.64742237939513	1.44635997008149
0.555949767102404	0.201992647886448
3.64742237939513	1.44635997008149
0.184971072095669	0.0467387603153735
-1.80441616031176	0.733725050835279
-0.204757848785698	0.0658672528023289
-0.498201158890918	0.187691502941451
1.83904259060411	0.725255788020061
1.48020902950819	0.494322465499196
-0.368236972131336	0.152031255079609
-1.49825523114142	0.532562193916483
-0.619069360213747	0.149654914653121
-1.12396372987595	0.33934973605565
0.172864397881798	0.0592822657182494
-1.79839826083819	0.730397358466732
3.27393157336313	1.11982869858365
-1.50069847674699	0.53359178068112
-1.79766606524237	0.730020629935894
1.84184770666887	0.726890218717793
0.967933372585482	0.256362285789635
-1.49561006114969	0.531433597211914
1.84451762847753	0.728350716630867
-0.613682540053849	0.148388769407339
-0.954638035747533	0.468306953228816
-0.326310377140785	0.0935168437296262
-1.12019427196772	0.338020301365193
0.181837521716867	0.0460537144756759
2.38151726673336	1.20811240042553
2.76219840038386	0.780594539857824
0.551654521195964	0.200367304145546
1.47648048364922	0.492996794108507
0.165880035481028	0.0314978449610492
-1.7934287506278	0.390727439150181
-0.702134100644835	0.240056342034831
2.76559849788836	0.78194178274137
-1.79346061997896	0.390723019452767
-1.79346061997896	0.390723019452767
2.13460629217846	0.96446244584926
3.27152519356808	1.11907150574555
3.27631781619437	1.12171855032085
-2.57036588579023	0.664816582891659
1.84525714600486	0.728756039651982
1.06301156133644	0.406541088935866
1.47648048364922	0.492996794108507
1.46964366147565	0.490422889690681
0.551654521195964	0.200367304145546
0.687368688538373	0.21962274738387
0.964404580081594	0.255330782344719
0.696347531127603	0.222535473365176
1.46964366147565	0.490422889690681
2.76330811440907	0.780761067286217
0.165880035481028	0.0314978449610492
2.76219840038386	0.780594539857824
0.184971072095669	0.0467387603153735
3.27032462336087	1.11801013776878
0.165088029467664	0.0313824661178469
0.16619130625606	0.0315431724784316
0.164778629348208	0.0313374327003096
-2.57098043849301	0.664920470822356
1.47155078449581	0.491168545293048
1.96372117107544	0.45473924627511
-0.744955836293314	0.322332237893757
0.630666980610198	0.480976403661809
1.30243340405806	0.725293281067362
0.184971072095669	0.0467387603153735
-2.57098043849301	0.664920470822356
0.963214248695465	0.255090594573707
-2.57036588579023	0.664816582891659
1.10928488678621	0.685423818889336
-1.69806139356486	1.40703981377496
0.877811863464916	0.650907685180291
0.167722678334851	0.064927369580929
-1.49680843456756	0.531963842405938
-0.742999576925343	0.321112332047333
-0.0336836170687408	0.0145306367998745
-1.49680843456756	0.531963842405938
0.165880035481028	0.0314978449610492
1.96684138854469	0.455504908505281
0.165088029467664	0.0313824661178469
0.963214248695465	0.255090594573707
-0.619069360213747	0.149654914653121
-1.7934287506278	0.390727439150181
-1.79346061997896	0.390723019452767
1.96372117107544	0.45473924627511
1.96276901321247	0.454520391574277
1.11073251367955	0.686953872406249
1.96276901321247	0.454520391574277
2.76219840038386	0.780594539857824
0.963743115659934	0.255236344279286
3.2811485523965	1.12364699463245
2.76559849788836	0.78194178274137
0.165088029467664	0.0313824661178469
-1.7934287506278	0.390727439150181
-1.7934287506278	0.390727439150181
1.96372117107544	0.45473924627511
0.967933372585482	0.256362285789635
1.96372117107544	0.45473924627511
2.76671632811135	0.782410087450427
2.76559849788836	0.78194178274137
1.96276901321247	0.454520391574277
1.96684138854469	0.455504908505281
1.96372117107544	0.45473924627511
1.96372117107544	0.45473924627511
0.963214248695465	0.255090594573707
1.47032706033056	0.490703617760438
1.96276901321247	0.454520391574277
1.96276901321247	0.454520391574277
1.96372117107544	0.45473924627511
2.76559849788836	0.78194178274137
0.165880035481028	0.0314978449610492
0.181053134529505	0.0458624936397602
0.180107983152346	0.0541465694868784
-1.12094794119803	0.338304428987289
1.96372117107544	0.45473924627511
1.96372117107544	0.45473924627511
1.96684138854469	0.455504908505281
-1.79346061997896	0.390723019452767
0.165088029467664	0.0313824661178469
0.164778629348208	0.0313374327003096
-0.325121870470423	0.0931632456849071
2.13349923295367	0.963781356442487
1.80115533203013	1.01557173999807
0.978556267019573	0.668122843228609
0.184291063239428	0.0465991085839434
-1.80328874130775	0.733096849202467
-2.57067328278635	0.665094197548339
1.47078449590325	0.490854051681038
-0.614206104379299	0.148455859250315
0.425423998836967	0.193954389951136
-0.0882201102751006	0.0512723258391962
0.327048665873431	0.213192280932486
0.0696556503373456	0.0409312773795266
-1.50215938518201	0.53435945377886
1.30332754306569	0.72550555106652
1.05767805940452	0.40430204105456
0.16619130625606	0.0315431724784316
0.962553055030982	0.254827961566665
-0.203686449811516	0.0655556144258791
-0.612487701707529	0.148134994320372
0.161251150232847	0.0308565698216007
0.962553055030982	0.254827961566665
0.164778629348208	0.0313374327003096
-1.7934287506278	0.390727439150181
1.96372117107544	0.45473924627511
0.917148153200544	0.497533549757154
1.12957986880049	0.702845842610667
0.690495395275368	0.220542264445643
0.964404580081594	0.255330782344719
0.968469219672053	0.25651021792255
2.76330811440907	0.780761067286217
2.76109157462938	0.779871501961836
0.186752657299631	0.0471525522204707
-0.617875104469477	0.149400727468359
0.963743115659934	0.255236344279286
0.160144755571284	0.0306956063740573
1.96372117107544	0.45473924627511
1.96372117107544	0.45473924627511
0.169566032486793	0.032038095111837
0.161251150232847	0.0308565698216007
2.76219840038386	0.780594539857824
0.963078860472085	0.255236868510046
1.96276901321247	0.454520391574277
0.968469219672053	0.25651021792255
2.76559849788836	0.78194178274137
0.692028142380155	0.221092112401465
0.964404580081594	0.255330782344719
3.27152519356808	1.11907150574555
1.47277528463141	0.49146011988965
1.96684138854469	0.455504908505281
2.76219840038386	0.780594539857824
0.188667958543402	0.04756856032199
1.96276901321247	0.454520391574277
-3.44686848748983	1.22339694388155
2.76109157462938	0.779871501961836
0.547731489910715	0.198721788016129
0.161251150232847	0.0308565698216007
1.47032706033056	0.490703617760438
-3.07454565876188	0.948489134275984
-2.57067328278635	0.665094197548339
3.64742237939513	1.44635997008149
0.550645442219995	0.199904413118634
1.96276901321247	0.454520391574277
1.08609801322351	0.530754269656687
-1.00377782576872	0.397156038036369
0.526503201761362	0.336022153626684
0.549873760152136	0.199559475860527
0.426397409454567	0.19451490110927
0.168910828881268	0.0579679737759373
1.35458372256336	0.600126054059965
0.968469219672053	0.25651021792255
-0.277072022519318	0.125573551816857
-0.384177549387124	0.214766826620643
-0.526195562232147	0.329386964204288
0.0437466608742707	0.0240136349582611
-0.282956403719102	0.128312440108498
-0.525748537323309	0.328737259028318
0.356740218461464	0.200007627162113
0.186752657299631	0.0471525522204707
0.184291063239428	0.0465991085839434
0.963214248695465	0.255090594573707
3.64871284900552	1.44691597652701
2.76219840038386	0.780594539857824
0.966736740010186	0.256029100393941
0.963743115659934	0.255236344279286
1.96276901321247	0.454520391574277
1.96372117107544	0.45473924627511
0.164778629348208	0.0313374327003096
1.46585570298693	0.489030037475911
1.96276901321247	0.454520391574277
2.76219840038386	0.780594539857824
0.186752657299631	0.0471525522204707
2.76219840038386	0.780594539857824
-1.7934287506278	0.390727439150181
0.169248055862235	0.0319917175833404
2.76330811440907	0.780761067286217
2.76330811440907	0.780761067286217
1.96372117107544	0.45473924627511
0.16619130625606	0.0315431724784316
-2.57098043849301	0.664920470822356
0.164778629348208	0.0313374327003096
3.27152519356808	1.11907150574555
0.181159179759352	0.0458876218072277
2.76330811440907	0.780761067286217
-1.7934287506278	0.390727439150181
-0.612487701707529	0.148134994320372
1.46955857964488	0.49050725448157
0.964934921520073	0.255476948633611
-0.323664690407152	0.0927962418225715
1.35429655074843	0.599675579307814
0.549516086641495	0.199542874934359
0.963743115659934	0.255236344279286
0.178049240810411	0.0452053813438565
0.682339311812087	0.217953944354753
1.04846163899328	0.399940257902137
0.963214248695465	0.255090594573707
-3.44754089021611	1.22379406077669
-3.07928878926676	0.951136693928373
1.05878746464103	0.40482083139178
0.16619130625606	0.0315431724784316
-1.00869208324152	0.399376405441269
0.164778629348208	0.0313374327003096
-0.60895933746012	0.147406558741333
0.165088029467664	0.0313824661178469
1.98661161046239	1.2532688066896
0.554529317239519	0.201500781149606
-0.741428127926647	0.32038735315164
0.461457552901878	0.187001678722865
-0.276538372604824	0.125242695056621
0.554529317239519	0.201500781149606
-3.44754089021611	1.22379406077669
0.688185381402826	0.219868290083128
-0.203686449811516	0.0655556144258791
0.818830363112716	0.495043338621246
0.566969030594577	0.33010635611892
-0.700140591670167	0.2392376775151
-0.370774307691174	0.153138816357845
0.703447486652919	0.331388757618987
-0.220509042196864	0.108810736052353
0.686721713829268	0.219371725498129
1.47032706033056	0.490703617760438
1.96372117107544	0.45473924627511
-0.613804976594409	0.148553206549543
2.76559849788836	0.78194178274137
1.96276901321247	0.454520391574277
2.76559849788836	0.78194178274137
0.964934921520073	0.255476948633611
2.76330811440907	0.780761067286217
-0.195896300806791	0.0631110974355499
3.27152519356808	1.11907150574555
-2.57067328278635	0.665094197548339
-1.79346061997896	0.390723019452767
3.27272750868887	1.11966450015405
0.168550105131561	0.0578455983856731
2.76109157462938	0.779871501961836
-0.612487701707529	0.148134994320372
-2.57036588579023	0.664816582891659
-1.11951983581622	0.337809535545767
0.164778629348208	0.0313374327003096
-1.7934287506278	0.390727439150181
2.76219840038386	0.780594539857824
0.183063896529214	0.0463401006276899
1.96684138854469	0.455504908505281
0.966637590266194	0.256126252544328
-0.612487701707529	0.148134994320372
1.84258516456861	0.727293955790375
-0.961626957296919	0.473097683549944
1.05346208699469	0.402359762312703
0.718340170227035	0.339925270792984
0.838834077853983	0.356296065880104
1.83948692258838	0.725717515665962
1.05235833798367	0.401844810202421
0.182384642090162	0.0461735738884295
0.549516086641495	0.199542874934359
2.3754440739013	1.20341517424864
2.76109157462938	0.779871501961836
0.966736740010186	0.256029100393941
-0.612487701707529	0.148134994320372
0.178387877468988	0.0690052751650131
0.165880035481028	0.0314978449610492
1.47579162106182	0.492713238749138
1.83948692258838	0.725717515665962
1.05767805940452	0.40430204105456
0.688637326691298	0.220082192676685
0.165088029467664	0.0313824661178469
-0.194822363184045	0.0627608493171706
-0.612487701707529	0.148134994320372
-0.613682540053849	0.148388769407339
0.184291063239428	0.0465991085839434
1.96372117107544	0.45473924627511
0.963078860472085	0.255236868510046
0.473198825825499	0.192238507652064
0.963214248695465	0.255090594573707
2.13349923295367	0.963781356442487
0.543153338421797	0.197033542378853
-1.13998576568569	0.631320648234996
0.686270437198953	0.219228628867356
-2.26006112771225	1.13848806017935
0.176287929781929	0.0682081341245489
-0.956629630672282	0.469629445084352
-1.30086027549371	0.804661691533756
-0.218152948437692	0.107625247936979
2.3826467534681	1.20856168009655
1.05656822569342	0.40367225045814
-0.124226356552131	0.0441913898094736
-0.384418600542351	0.215072768937103
1.47856095333992	0.929556923572441
0.185454319096416	0.0556335769192585
2.13772964310007	0.966515557948451
1.05346208699469	0.402359762312703
-2.57067328278635	0.665094197548339
-0.697547507150818	0.238387277313668
0.837461884403752	0.355683843208656
2.58069801051514	1.44798887578222
1.84525714600486	0.728756039651982
3.64371154631014	1.44368517222673
3.27393157336313	1.11982869858365
1.84022304372881	0.72612017307568
0.554170265139292	0.201310818357217
-3.0729809879685	0.948009080411761
-0.614206104379299	0.148455859250315
0.161251150232847	0.0308565698216007
1.06100497274362	0.405629306325193
1.06375255943934	0.407031400293661
-0.611962616144159	0.147977912487881
3.65119667594504	1.44884031306495
0.165088029467664	0.0313824661178469
-1.79346061997896	0.390723019452767
0.962025660417238	0.254682745005495
4.18424075214228	2.03204738042248
0.555239766445707	0.201780832151434
-1.79265643537061	0.727296037347586
-0.323664690407152	0.0927962418225715
-0.320548811537412	0.09196618419473
-1.50215938518201	0.53435945377886
-1.12019427196772	0.338020301365193
-1.25292634738104	0.562158900236561
-0.49650800501461	0.187033371669453
-0.762792659115907	0.410160683865049
0.683520003518989	0.218340470189805
1.84302870233133	0.727219634707302
1.47468091590398	0.926544700007271
0.408317426101731	0.185549675908028
1.96372117107544	0.45473924627511
-0.370774307691174	0.153138816357845
0.848390137942497	0.36112999220408
-1.65532522065435	0.930416167471331
-0.745838143765145	0.322552749669043
-3.0729809879685	0.948009080411761
-0.700673100063675	0.23947715305123
0.174663348348924	0.0761518679717364
1.64543756217457	1.15888768310141
-0.707845094848957	0.242262716671496
-0.501139737773695	0.18896582897013
0.17552413766954	0.0528075604100104
-0.193026872526739	0.0622167584761554
-0.315565419046958	0.187191197404353
-1.50335347787301	0.534889336029958
-0.209362902173829	0.0672983478232866
0.17424961711197	0.0597146615484828
0.179731047800424	0.0540108619593111
-0.0747512783180012	0.0293872404823009
0.977530632761877	0.665752506908713
1.28889327860695	0.715410546664034
-0.700673100063675	0.23947715305123
-0.702529153090903	0.24025873050893
-0.065912673429747	0.0260133053746285
-2.44531775532546	1.35491652853329
-1.26908403270058	0.571724725855923
-3.08351879397427	0.953227279124287
-1.00939908430861	0.399588877141342
0.558085703366845	0.202768705752388
-0.364388398858447	0.150403512490859
-0.644680320730935	0.379135043733612
0.919087579338948	0.499000192618097
0.467988829489435	0.189821643305222
1.06264198810457	0.406540438452512
1.85076739399678	0.731080313771041
1.05989643717056	0.405275695027378
0.417095052321074	0.189979485780762
0.475804309460653	0.193396100083251
1.46842163094462	0.489769078028611
-0.326310377140785	0.0935168437296262
-1.7934287506278	0.390727439150181
0.717874117611946	0.339372346040594
0.549934062313663	0.199685220416624
1.05989643717056	0.405275695027378
3.94524209007654	1.74713132583643
0.179746106686676	0.0540237006551008
1.80352429937607	1.01818921274933
1.47525146835293	0.492648627415429
2.92192191574069	1.98487281519081
1.47078449590325	0.490854051681038
0.181527232764378	0.0621573098746313
0.165880035481028	0.0314978449610492
-0.202976861420011	0.0653350306430413
-0.121819604516068	0.0433585739871293
0.182336403143595	0.0547549505032696
-0.697936306259444	0.23851153813937
0.551654521195964	0.200367304145546
0.685539141555545	0.218907224669263
0.551298334729919	0.200249958464128
3.27993169130503	1.12298306623949
0.181159179759352	0.0458876218072277
-3.44754089021611	1.22379406077669
-0.197335094105888	0.0635174359839544
-1.46637226476938	0.73808363463249
1.2949962923304	0.718980378844915
0.413996860504385	0.187969795783062
1.35458372256336	0.600126054059965
-0.370908459446938	0.153216945134065
-0.201198229263593	0.0647674111943437
0.552010634561459	0.20046264360567
2.1357129064682	0.965022860050489
0.167889275021725	0.0576253650682983
1.35995902813645	0.602719106236771
0.176151715208171	0.0681554302009089
0.181222403711057	0.0544586569816679
0.692481142426252	0.221366284684109
-0.370908459446938	0.153216945134065
1.29489864782618	0.719995922701654
0.6278228139793	0.330521761875909
-0.366923986553794	0.151522574693312
-0.0391319527120753	0.0168004300816629
0.176711268978432	0.0683795412521634
1.64125294114134	1.15611510121414
-0.327498449554433	0.0938114370055266
1.06153095853073	0.405927487776779
0.167889275021725	0.0576253650682983
2.13551238915278	0.964735227310144
0.168071883948661	0.0732963178096792
-0.217819440096499	0.107344179363474
1.30638782039642	0.728375001997889
0.184338509014023	0.0553315106563962
-0.578075540377269	0.2743108561909
0.181837521716867	0.0460537144756759
0.160741494041233	0.0622475839335988
-0.0315343702819889	0.0136586197665475
-0.202267717623406	0.0650989962325268
-0.5787895469008	0.274357231514848
-2.4465295357363	1.35590911449002
1.59225233432831	0.799448709280147
0.384557917869628	0.19554316187307
0.458679959225615	0.185863467599541
0.17881072147523	0.0691883638328724
2.76219840038386	0.780594539857824
1.47086646676889	0.49088731436037
-1.00236193740671	0.396463059052617
-0.743204297243649	0.321159667249727
3.94250969970351	1.744660072344
-0.701794429638729	0.239974906557054
1.06375255943934	0.407031400293661
0.167301337112252	0.0647584008888962
0.462455851529771	0.187506184046943
1.05915506670076	0.404786600540214
1.84644215856505	0.729350990286639
1.08372318075856	0.529235641723907
0.812457222360864	0.489243983278966
0.167889275021725	0.0576253650682983
1.35135662214001	0.598044460885579
0.176139035531232	0.0447669868764769
-1.13500093452661	0.627829519384177
-0.713927771586338	0.244486303883557
-0.218671377547117	0.107770516511588
-0.323664690407152	0.0927962418225715
0.178049240810411	0.0452053813438565
0.188667958543402	0.04756856032199
0.68278086909504	0.218093717626154
-0.0743029388377007	0.0291787825838512
0.184291063239428	0.0465991085839434
-0.49650800501461	0.187033371669453
-0.11801743103402	0.042062090441254
-0.119838421507322	0.0427012024156546
0.47918324112776	0.194878455976921
-0.194443769853819	0.0626542518681332
0.387383113206452	0.197169514550084
-1.1152634133402	0.336439469187697
0.18374299244507	0.0464795790495071
-1.50774474493265	0.536593235425421
0.682339311812087	0.217953944354753
-0.581140665396979	0.2759885702755
0.181173119897413	0.0882650262509555
0.172671045244316	0.0668579744831706
1.08788836479962	0.53156608167024
0.186928786286018	0.0560369733702841
0.396671808798593	0.202297934476046
-0.196970790009868	0.0634432336968819
0.349160792880977	0.213205639640116
0.173841338161581	0.0596051278079202
0.166867074881095	0.0572696115379919
-0.925702344747294	0.559550000386448
-0.323664690407152	0.0927962418225715
0.187984352048437	0.0474280610765032
0.184971072095669	0.0467387603153735
0.175155035311403	0.0527334069281177
-0.745228434114775	0.322263483734654
0.540304651106913	0.195915676773764
-1.79693424859175	0.729556600315067
0.172463093000529	0.0752804629540888
-1.11760971687047	0.337077079720442
1.96372117107544	0.45473924627511
0.165880035481028	0.0314978449610492
-1.79693424859175	0.729556600315067
-0.707845094848957	0.242262716671496
-0.495848105642275	0.186769649159627
3.27152519356808	1.11907150574555
0.552366600094505	0.200647521424049
-0.364819497611518	0.150616499663731
0.176825054435177	0.0449204608148946
-0.612487701707529	0.148134994320372
-1.25847725986996	0.565797109462532
0.964934921520073	0.255476948633611
-0.326043908260378	0.0934449166225896
0.566772346237257	0.330439975624848
-1.58279192920138	1.2004004526614
1.05952860814689	0.405011691745652
-1.65033021895978	0.926991988833226
-1.11963574652263	0.337715170908198
2.13275419746116	0.963270597877117
1.79439648615674	1.01052897472088
-0.321011266565823	0.0920911495247304
0.68278086909504	0.218093717626154
-0.0365305210372118	0.0157081266220334
-0.0303447935297755	0.0131580291104604
0.693216225774344	0.221541872050593
0.179274213223518	0.0454636418217038
-3.74624107806015	1.47909592511107
0.165088029467664	0.0313824661178469
0.845815805906363	0.35975917327147
3.94764084202246	1.74800550010391
0.186752657299631	0.0471525522204707
-0.124837825991722	0.044401537177189
-0.709698759851068	0.242860149943732
0.181837521716867	0.0460537144756759
0.166867074881095	0.0572696115379919
1.60187603917232	0.806248910001153
0.717457864617758	0.339107473871754
-0.497540036768389	0.187445875024767
-0.216887267614585	0.107029937446909
1.42097422233514	1.10510985786195
0.884702543661069	0.657098772952364
1.05456533880612	0.402811234670406
-0.324393158207149	0.0929933012825356
-0.197681301235905	0.0636672013988199
1.47209004689925	0.491178510113126
0.165088029467664	0.0313824661178469
0.839495833782448	0.356721288421175
1.59756362339209	0.803815611179192
1.05271914025947	0.402027196178193
0.165880035481028	0.0314978449610492
1.05804592236107	0.404331959594976
2.76559849788836	0.78194178274137
-1.79785205353169	0.391773074809323
1.96276901321247	0.454520391574277
0.178820853869998	0.0612698080138397
1.83948692258838	0.725717515665962
0.550941991992969	0.200022862882379
0.81290951376168	0.489599793757216
1.11558596071797	0.691383124325184
3.9503958711934	1.749912605214
1.35960435833631	0.602767583717152
-0.329964215322259	0.0945505800706473
1.09928419628641	0.677196928974544
0.169570842988667	0.0581880998558025
0.172879456781673	0.0668664345803421
-0.0743623979206745	0.0292058440796538
-1.07478670030954	0.725339312068109
-0.621773475738446	0.362215948990449
0.470033050353673	0.190927765296622
1.06375255943934	0.407031400293661
1.08471351883775	0.5298016463945
1.46964366147565	0.490422889690681
1.3495769767586	0.597194616535652
0.168550105131561	0.0578455983856731
0.164778629348208	0.0313374327003096
-3.44821343973509	1.22397568320365
1.46833343766606	0.489897083934438
1.29807220731349	0.721211082152576
0.465984150393268	0.188845405216365
1.34851208512378	0.596384123896258
1.35170505429441	0.598459395279544
-0.0738425599286327	0.0290095423175695
-0.580705036724472	0.27567019873747
-1.46617586367611	0.737799364206718
-0.679040238927951	0.534835907562063
1.84258516456861	0.727293955790375
0.17478032140425	0.0850770159193913
2.13883702891477	0.967128437748762
0.544218436165038	0.197506777270022
0.180484451327502	0.0542489043189748
-0.218789018469821	0.107823681182282
-0.0310922482627444	0.0134753509952322
0.567308126092874	0.330937180995651
-0.437010351042713	0.286752066255205
-0.49613611015179	0.18680498850242
1.35387025916238	0.599473598026445
-0.612487701707529	0.148134994320372
2.76671632811135	0.782410087450427
1.12628447189071	0.859479640724813
-0.0410632080521534	0.0176029933793664
0.850413946156536	0.355123447112845
-1.12086886051128	0.33811902750598
-1.50335347787301	0.534889336029958
-1.12019427196772	0.338020301365193
-1.79346061997896	0.390723019452767
-0.617339897765464	0.149284387408846
0.177516165041885	0.0533832927158356
-0.755915828369379	0.327638298527551
1.59427945071334	0.801481635496478
2.76330811440907	0.780761067286217
0.177190383264668	0.0686000683843296
0.686721713829268	0.219371725498129
0.573484795597397	0.335469969517457
-0.959084218432947	0.471421745015369
-2.75716961285515	1.84193735941878
-0.0374950757899817	0.0161055804926104
0.934267189154712	0.509582316706714
0.418945635891476	0.190679326632952
1.482960773246	0.932978648377864
0.962025660417238	0.254682745005495
-2.57522664974505	0.666917731403372
-3.76118140940063	1.48729286698074
0.93723630379954	0.51161978921255
-0.618535635333325	0.149538863092151
0.693216225774344	0.221541872050593
0.708474059972957	0.334155380176658
0.178269357915488	0.0535920192892428
-0.366969905278567	0.151668384400962
0.184971072095669	0.0467387603153735
1.29739577362331	0.721803673218643
0.469214796260205	0.190439621590192
-0.701794429638729	0.239974906557054
0.173541542363193	0.059486595858024
0.519760915818396	0.33089111993137
1.92483289230718	1.66706885469026
1.26320057613816	0.876886308049028
-0.00561192324326903	0.00260105421156636
-0.129584455026173	0.0460681277767629
-0.325582325201124	0.0933470317045756
0.168550105131561	0.0578455983856731
0.467213606779098	0.18946343423113
1.47086646676889	0.49088731436037
0.183758313448113	0.0710960759480295
0.41803695702533	0.190178012059083
0.176269040774172	0.102089636910349
0.173178140989587	0.0593793792188454
-0.0609754312311574	0.0241528263377206
1.05878746464103	0.40482083139178
0.724908312122984	0.343382147483371
-1.11896025029368	0.337616084496264
0.963743115659934	0.255236344279286
-0.326771057218117	0.0936418390224184
0.549516086641495	0.199542874934359
1.80053969171828	1.01548995787631
2.76330811440907	0.780761067286217
0.179274213223518	0.0454636418217038
-0.618535635333325	0.149538863092151
0.957162742729009	0.253557522610441
0.165880035481028	0.0314978449610492
0.963743115659934	0.255236344279286
1.84258516456861	0.727293955790375
2.37049808112666	1.1996296101266
1.96372117107544	0.45473924627511
1.79636821132984	1.01233098451453
0.550229507129372	0.199823293779666
0.173841338161581	0.0596051278079202
-1.49488636347355	0.53094883647402
1.06651132055108	0.408020274883858
-0.324126952894347	0.0929244396746841
0.17899314570337	0.0538175920888867
0.479787385949075	0.195135116565142
0.381743439643522	0.193826470384645
-1.64933544258927	0.925231514961399
-0.708202433664367	0.24223990188812
-0.123220651484122	0.0438507532384957
-0.58712664962475	0.279098454320091
-1.11951983581622	0.337809535545767
-3.07928878926676	0.951136693928373
0.963214248695465	0.255090594573707
1.46842163094462	0.489769078028611
0.179746383607047	0.0540100642734575
0.711873983426973	0.336195040660752
0.688637326691298	0.220082192676685
0.181499258477061	0.0792392225641378
0.182973217707566	0.0462917199497201
2.55112289322868	2.38923226153005
3.94131434673369	1.74409517718346
0.178070608068613	0.0776995010833258
-0.0683797911008886	0.0269526673586698
0.411750406988794	0.187355257598298
0.183063896529214	0.0463401006276899
0.713906415672812	0.33698145815023
2.3754440739013	1.20341517424864
2.13772964310007	0.966515557948451
1.08812238033157	0.531473938923238
0.962553055030982	0.254827961566665
0.350702573836398	0.214292000685004
-0.285104129971233	0.129485826137542
0.927419410674345	0.504659925072578
2.37867985934622	1.2060567432387
0.175155035311403	0.0527334069281177
-0.119838421507322	0.0427012024156546
-0.496879333423488	0.187181684059415
-0.464651857044816	0.240268785301997
-3.45239496999294	1.22656388713544
0.165880035481028	0.0314978449610492
0.963743115659934	0.255236344279286
-3.75192082283692	1.48279230677585
0.967933372585482	0.256362285789635
0.845815805906363	0.35975917327147
1.83556105705841	0.723803926717143
1.96372117107544	0.45473924627511
0.688637326691298	0.220082192676685
1.96372117107544	0.45473924627511
0.963214248695465	0.255090594573707
0.553818419026129	0.201156081038653
0.462069135122874	0.187272191439331
-0.28709345230687	0.130418378623754
-1.14959118987667	0.63930869596404
-0.325582325201124	0.0933470317045756
-0.765648014333617	0.412738286396493
0.173841338161581	0.0596051278079202
0.963743115659934	0.255236344279286
-0.122000608308469	0.0434160109793542
-0.117827786855136	0.0420067431277599
1.84140390214436	0.726768879551614
-3.07875719123617	0.951227905765892
1.96372117107544	0.45473924627511
-0.197681301235905	0.0636672013988199
2.13736636122811	0.966264970252144
-0.740822105599132	0.320129139804216
-0.195531539432362	0.0629840149892884
0.177795424572055	0.0609118795792828
1.96276901321247	0.454520391574277
0.963214248695465	0.255090594573707
0.182384642090162	0.0461735738884295
0.169248055862235	0.0319917175833404
1.96276901321247	0.454520391574277
1.47086646676889	0.49088731436037
0.845105806899757	0.359316278453548
-0.613682540053849	0.148388769407339
-0.612487701707529	0.148134994320372
1.05235833798367	0.401844810202421
0.186752657299631	0.0471525522204707
1.35064130120685	0.597863106700744
2.76330811440907	0.780761067286217
-1.80934200852636	0.736032223613132
0.188667958543402	0.04756856032199
0.959543454922691	0.254205280821647
0.692481142426252	0.221366284684109
-3.07350260546998	0.94852963330217
-1.79785205353169	0.391773074809323
1.96372117107544	0.45473924627511
0.16619130625606	0.0315431724784316
-0.613158918177153	0.148231887572971
0.181837521716867	0.0460537144756759
1.47525146835293	0.492648627415429
2.76219840038386	0.780594539857824
1.96372117107544	0.45473924627511
2.76671632811135	0.782410087450427
-2.57067328278635	0.665094197548339
1.96276901321247	0.454520391574277
0.165880035481028	0.0314978449610492
1.96276901321247	0.454520391574277
-1.7934287506278	0.390727439150181
1.96372117107544	0.45473924627511
1.96372117107544	0.45473924627511
0.16619130625606	0.0315431724784316
1.46964366147565	0.490422889690681
0.18374299244507	0.0464795790495071
2.76219840038386	0.780594539857824
1.96684138854469	0.455504908505281
0.165880035481028	0.0314978449610492
1.96276901321247	0.454520391574277
1.96684138854469	0.455504908505281
1.96372117107544	0.45473924627511
0.165088029467664	0.0313824661178469
-2.57067328278635	0.665094197548339
2.76109157462938	0.779871501961836
1.96372117107544	0.45473924627511
1.05693634570001	0.403813519694082
1.3495769767586	0.597194616535652
1.96276901321247	0.454520391574277
0.165880035481028	0.0314978449610492
0.184291063239428	0.0465991085839434
0.964404580081594	0.255330782344719
1.35064130120685	0.597863106700744
2.13128379663756	0.961927428387814
0.160144755571284	0.0306956063740573
-0.612487701707529	0.148134994320372
0.173841338161581	0.0596051278079202
2.76671632811135	0.782410087450427
1.96372117107544	0.45473924627511
3.27152519356808	1.11907150574555
1.96276901321247	0.454520391574277
0.16619130625606	0.0315431724784316
-0.701407652969022	0.239760620804689
0.169566032486793	0.032038095111837
0.16619130625606	0.0315431724784316
1.46842163094462	0.489769078028611
2.1357129064682	0.965022860050489
1.96372117107544	0.45473924627511
0.961881298984383	0.254903830883264
0.184291063239428	0.0465991085839434
1.46910411205871	0.490049168285487
-3.07402416243152	0.948685276185543
0.964404580081594	0.255330782344719
0.164778629348208	0.0313374327003096
0.165088029467664	0.0313824661178469
-0.613682540053849	0.148388769407339
0.165088029467664	0.0313824661178469
0.692932973591989	0.221383018666362
-2.57067328278635	0.665094197548339
-1.79346061997896	0.390723019452767
-0.613804976594409	0.148553206549543
0.169566032486793	0.032038095111837
0.545994337450589	0.198159602216923
0.176825054435177	0.0449204608148946
0.179008086694114	0.0538125056714061
2.76330811440907	0.780761067286217
1.96372117107544	0.45473924627511
-2.57554526884402	0.666976966437407
3.27510914666181	1.12076297640292
2.76219840038386	0.780594539857824
1.46964366147565	0.490422889690681
2.76671632811135	0.782410087450427
1.05235833798367	0.401844810202421
0.178049240810411	0.0452053813438565
0.964934921520073	0.255476948633611
1.47155078449581	0.491168545293048
1.60025218356245	0.805291863633781
0.964404580081594	0.255330782344719
0.686721713829268	0.219371725498129
1.47155078449581	0.491168545293048
0.964934921520073	0.255476948633611
0.181159179759352	0.0458876218072277
0.183063896529214	0.0463401006276899
1.6001804155397	0.804773378618382
1.96684138854469	0.455504908505281
-2.57098043849301	0.664920470822356
1.96276901321247	0.454520391574277
-1.7934287506278	0.390727439150181
-2.57098043849301	0.664920470822356
0.963743115659934	0.255236344279286
0.172195511036386	0.0518779587947308
0.164778629348208	0.0313374327003096
2.76671632811135	0.782410087450427
0.165880035481028	0.0314978449610492
1.4745635305468	0.492365493098567
-0.614206104379299	0.148455859250315
0.963743115659934	0.255236344279286
3.27272750868887	1.11966450015405
0.962553055030982	0.254827961566665
0.169248055862235	0.0319917175833404
-0.617875104469477	0.149400727468359
1.96276901321247	0.454520391574277
3.66006901072331	1.45227695570756
-0.613158918177153	0.148231887572971
-1.7934287506278	0.390727439150181
-2.57067328278635	0.665094197548339
0.680421237638035	0.217245422782273
-1.11884555197394	0.337481516657706
1.96684138854469	0.455504908505281
-2.57098043849301	0.664920470822356
3.27510914666181	1.12076297640292
1.96684138854469	0.455504908505281
1.59193285113715	0.799327363673308
0.966736740010186	0.256029100393941
0.16619130625606	0.0315431724784316
-1.79346061997896	0.390723019452767
2.76219840038386	0.780594539857824
3.27272750868887	1.11966450015405
1.96276901321247	0.454520391574277
0.183063896529214	0.0463401006276899
0.963743115659934	0.255236344279286
1.8476275755017	0.729726391578086
0.963214248695465	0.255090594573707
1.96276901321247	0.454520391574277
0.183063896529214	0.0463401006276899
-1.7934287506278	0.390727439150181
-1.79346061997896	0.390723019452767
1.96684138854469	0.455504908505281
0.164778629348208	0.0313374327003096
1.96372117107544	0.45473924627511
1.46707710595373	0.489320547895215
1.46585570298693	0.489030037475911
0.958352222975233	0.253964848564806
-1.79346061997896	0.390723019452767
-1.79346061997896	0.390723019452767
1.84140390214436	0.726768879551614
1.96372117107544	0.45473924627511
1.47333622017027	0.491753136545405
0.169248055862235	0.0319917175833404
0.169566032486793	0.032038095111837
0.161251150232847	0.0308565698216007
0.963743115659934	0.255236344279286
0.964404580081594	0.255330782344719
0.966736740010186	0.256029100393941
0.964934921520073	0.255476948633611
0.187984352048437	0.0474280610765032
0.962025660417238	0.254682745005495
1.46964366147565	0.490422889690681
1.96276901321247	0.454520391574277
1.96372117107544	0.45473924627511
1.96276901321247	0.454520391574277
1.96372117107544	0.45473924627511
0.963743115659934	0.255236344279286
1.96684138854469	0.455504908505281
0.187435346122179	0.047292837125537
0.169566032486793	0.032038095111837
1.96276901321247	0.454520391574277
1.96372117107544	0.45473924627511
2.76330811440907	0.780761067286217
1.96276901321247	0.454520391574277
0.164778629348208	0.0313374327003096
-0.613682540053849	0.148388769407339
0.164778629348208	0.0313374327003096
1.96372117107544	0.45473924627511
1.96684138854469	0.455504908505281
1.96372117107544	0.45473924627511
0.165880035481028	0.0314978449610492
1.47209004689925	0.491178510113126
-1.7934287506278	0.390727439150181
1.96276901321247	0.454520391574277
0.165880035481028	0.0314978449610492
0.16619130625606	0.0315431724784316
1.96372117107544	0.45473924627511
1.96372117107544	0.45473924627511
1.96684138854469	0.455504908505281
-0.608428787479893	0.147248610626808
-2.57554526884402	0.666976966437407
0.165088029467664	0.0313824661178469
0.164778629348208	0.0313374327003096
3.27631781619437	1.12171855032085
3.27272750868887	1.11966450015405
0.688637326691298	0.220082192676685
0.179369859705814	0.0539368960907662
2.14346311197232	0.969739011196667
-0.121210742616539	0.043149778671526
3.2811485523965	1.12364699463245
3.27152519356808	1.11907150574555
2.76330811440907	0.780761067286217
-3.45375537289784	1.2267719146559
1.96276901321247	0.454520391574277
2.76559849788836	0.78194178274137
3.27631781619437	1.12171855032085
0.16619130625606	0.0315431724784316
1.84140390214436	0.726768879551614
-0.326771057218117	0.0936418390224184
1.96372117107544	0.45473924627511
1.96276901321247	0.454520391574277
-1.7934287506278	0.390727439150181
0.16619130625606	0.0315431724784316
1.47525146835293	0.492648627415429
2.76671632811135	0.782410087450427
0.963214248695465	0.255090594573707
1.05693634570001	0.403813519694082
0.687453672774919	0.21969379736456
1.46964366147565	0.490422889690681
3.27631781619437	1.12171855032085
3.64995436887393	1.44813448599007
-0.326401042990741	0.0935670662480902
0.843422236893639	0.358554124858322
0.689821397698691	0.220399946218977
-0.707845094848957	0.242262716671496
1.46910411205871	0.490049168285487
2.76559849788836	0.78194178274137
1.96372117107544	0.45473924627511
1.47086646676889	0.49088731436037
1.96372117107544	0.45473924627511
0.964404580081594	0.255330782344719
0.963743115659934	0.255236344279286
-1.79346061997896	0.390723019452767
1.47155078449581	0.491168545293048
-2.57554526884402	0.666976966437407
2.76330811440907	0.780761067286217
0.964404580081594	0.255330782344719
-0.325121870470423	0.0931632456849071
0.176139035531232	0.0447669868764769
0.964404580081594	0.255330782344719
1.96372117107544	0.45473924627511
2.76109157462938	0.779871501961836
1.96372117107544	0.45473924627511
0.164778629348208	0.0313374327003096
1.96684138854469	0.455504908505281
0.169248055862235	0.0319917175833404
1.96372117107544	0.45473924627511
2.76671632811135	0.782410087450427
0.169566032486793	0.032038095111837
2.76330811440907	0.780761067286217
1.96276901321247	0.454520391574277
1.96372117107544	0.45473924627511
1.96276901321247	0.454520391574277
1.96372117107544	0.45473924627511
1.96684138854469	0.455504908505281
1.96684138854469	0.455504908505281
1.96372117107544	0.45473924627511
1.96276901321247	0.454520391574277
1.96276901321247	0.454520391574277
1.96684138854469	0.455504908505281
1.96276901321247	0.454520391574277
1.96276901321247	0.454520391574277
1.96276901321247	0.454520391574277
2.76109157462938	0.779871501961836
1.96276901321247	0.454520391574277
1.96372117107544	0.45473924627511
0.165880035481028	0.0314978449610492
-0.613012730411062	0.148202450577793
1.96276901321247	0.454520391574277
2.76109157462938	0.779871501961836
1.47525146835293	0.492648627415429
1.96276901321247	0.454520391574277
1.96372117107544	0.45473924627511
1.96276901321247	0.454520391574277
0.681600849226051	0.217707538421281
0.962553055030982	0.254827961566665
1.96372117107544	0.45473924627511
1.96372117107544	0.45473924627511
0.964404580081594	0.255330782344719
1.96372117107544	0.45473924627511
-0.613012730411062	0.148202450577793
2.76559849788836	0.78194178274137
2.76109157462938	0.779871501961836
1.96276901321247	0.454520391574277
1.96684138854469	0.455504908505281
1.96372117107544	0.45473924627511
2.76219840038386	0.780594539857824
2.76109157462938	0.779871501961836
2.76219840038386	0.780594539857824
3.94919285179009	1.74908815648613
1.47032706033056	0.490703617760438
0.160144755571284	0.0306956063740573
1.47155078449581	0.491168545293048
0.689369698791533	0.22025689756634
0.181159179759352	0.0458876218072277
-0.19866808684961	0.0640066499155127
0.958352222975233	0.253964848564806
1.96276901321247	0.454520391574277
0.692481142426252	0.221366284684109
-0.614206104379299	0.148455859250315
0.165088029467664	0.0313824661178469
0.962025660417238	0.254682745005495
0.967933372585482	0.256362285789635
1.96372117107544	0.45473924627511
1.96372117107544	0.45473924627511
1.96684138854469	0.455504908505281
0.164778629348208	0.0313374327003096
1.4745635305468	0.492365493098567
0.689821397698691	0.220399946218977
1.96372117107544	0.45473924627511
-2.04896945823684	0.93265893552962
0.164778629348208	0.0313374327003096
2.76219840038386	0.780594539857824
0.845152475793848	0.359294287590281
0.552366600094505	0.200647521424049
1.96684138854469	0.455504908505281
1.96372117107544	0.45473924627511
0.686721713829268	0.219371725498129
0.712514372081836	0.336121352777663
-1.30694496379629	0.810917557762743
0.17388527997155	0.0596222487809083
3.64742237939513	1.44635997008149
0.958352222975233	0.253964848564806
1.07596635490285	0.524345753406383
0.174045724149933	0.0524237595938313
1.34886052544281	0.596542879120315
2.3757874279804	1.20356238361039
1.8476275755017	0.729726391578086
0.173299717196841	0.0670382465534782
-0.188328130762521	0.060763465615787
-1.12019427196772	0.338020301365193
1.96372117107544	0.45473924627511
-1.0051089217968	0.397800661254572
0.172935900909832	0.0520977646892395
1.47032706033056	0.490703617760438
0.165880035481028	0.0314978449610492
0.16619130625606	0.0315431724784316
1.96276901321247	0.454520391574277
-2.57098043849301	0.664920470822356
0.68278086909504	0.218093717626154
0.683520003518989	0.218340470189805
0.178049240810411	0.0452053813438565
0.968469219672053	0.25651021792255
2.13131604551435	0.962399255685912
0.844441707134117	0.359109180860946
0.963743115659934	0.255236344279286
1.05620955590379	0.403465785623987
0.686270437198953	0.219228628867356
0.208721521170127	0.137817705878394
-0.966631855027734	0.476336609814369
0.181222403711057	0.0544586569816679
0.175528710194884	0.0601682623632123
-0.196606144995592	0.0633346995977349
-1.25424497835742	0.562892657997906
0.546346904865407	0.198325214127253
-0.124837825991722	0.044401537177189
2.13736636122811	0.966264970252144
2.76671632811135	0.782410087450427
1.06153095853073	0.405927487776779
1.97610151354708	1.24265183073348
0.73380047665916	0.486085644337438
0.712110286487405	0.625569141350797
-0.00111223079998713	0.000601880152800623
0.815469390255681	0.492496158009565
-0.0415119614112706	0.0177893841084965
1.35135662214001	0.598044460885579
0.470214630529904	0.190887743886364
-0.284150767665123	0.129050933969876
1.09186750437265	0.534241950816178
-0.032203594526383	0.0139243934644096
1.42657282350946	1.11224862310575
0.173437582906667	0.0757197683873992
0.178269357915488	0.0535920192892428
0.18589785584412	0.0812108553937734
-0.323664690407152	0.0927962418225715
-3.74696276382151	1.47929664249189
1.08987648449466	0.532755954625442
3.27393157336313	1.11982869858365
-1.13091688302283	0.34155410743896
0.957162742729009	0.253557522610441
0.183063896529214	0.0463401006276899
-0.326116124892219	0.0934876536925377
-0.492545799481847	0.185468080029724
0.549516086641495	0.199542874934359
-0.49650800501461	0.187033371669453
-0.585153405541424	0.278063165251053
1.96372117107544	0.45473924627511
0.917598045406558	0.497760823322185
0.183222271364428	0.0550052131678393
0.425368112655579	0.193971462874269
0.171753346999323	0.0664367381108907
-0.0356972787136183	0.0153745586066157
1.11510207441598	0.69094919291444
-0.124442240843376	0.0442663690892336
-0.203686449811516	0.0655556144258791
0.555949767102404	0.201992647886448
0.171184511014109	0.0586938996534978
0.56784497637255	0.331364920243048
0.175709629113125	0.0940444236061597
1.10924499797842	0.685428532826597
0.84910667455257	0.361360768938745
-0.279006804703586	0.126485526249689
0.547449661990873	0.198666666721272
0.47680168241803	0.193793610458473
0.32980845401073	0.228737904766342
0.747408676947626	0.623986789563744
1.25276091862119	1.2271850817527
-0.0364590563267713	0.0157012232050522
0.179060998435847	0.110606429002265
-1.81308200624419	1.13097133767487
-0.775151032128684	0.506265452296738
0.719412338789723	0.340297154529456
0.189044046147233	0.0922813569782517
-0.0806799604615525	0.0316262364066697
-0.204757848785698	0.0658672528023289
0.632415486177175	0.33399903035708
-0.121089275522438	0.0675580032157869
0.571767053463035	0.333729437176485
-0.437136922967462	0.286582104602295
0.346254969223647	0.211127949798935
-0.121606099675459	0.0432915369663538
0.477973792559749	0.194262281127498
0.964404580081594	0.255330782344719
0.963214248695465	0.255090594573707
0.465447638247041	0.188843175028969
0.690554433996612	0.2205748378538
0.687453672774919	0.21969379736456
1.06651132055108	0.408020274883858
0.964404580081594	0.255330782344719
0.967933372585482	0.256362285789635
1.84140390214436	0.726768879551614
-3.44754089021611	1.22379406077669
-1.79785205353169	0.391773074809323
0.963214248695465	0.255090594573707
0.187782086790563	0.0642113164324186
3.27272750868887	1.11966450015405
-0.365376793227214	0.150864261510649
-1.03159560137471	0.818298159946287
0.543505930404764	0.197183116271349
-0.11485394086611	0.0639748710614535
-1.82318591071027	1.14216091885687
-1.58335871972419	1.20115673296458
0.183824923195233	0.0985061505653783
4.57774949131761	2.61291002651926
0.344110756716906	0.209563627676026
-0.124837825991722	0.044401537177189
0.180107983152346	0.0541465694868784
0.176211297702456	0.0682161493598424
1.59654903261596	0.803007544231757
0.172596837508272	0.0667366558554837
0.175417309691609	0.0765858681643769
0.364515970078427	0.204640653434754
1.80313109106826	1.01722318225474
1.27456418980843	0.889718224031981
1.48392465796541	0.933943462431263
0.167576891785975	0.0730695048139849
0.180295375467687	0.10462466677282
0.550229507129372	0.199823293779666
-2.25541901951319	1.1349892430548
-0.226895735826412	0.112197446989696
0.37929219041989	0.192413916943886
-0.375371129675919	0.25574566348209
0.0172333185160691	0.00882997808867835
-1.32113490410978	1.07716412093335
-0.880930775911809	0.724873559912529
1.482960773246	0.932978648377864
0.183063896529214	0.0463401006276899
0.187984352048437	0.0474280610765032
0.962553055030982	0.254827961566665
0.175891515215909	0.0602877256141385
3.27631781619437	1.12171855032085
1.96276901321247	0.454520391574277
-0.613682540053849	0.148388769407339
0.552366600094505	0.200647521424049
-0.066935670643664	0.0264026122567287
0.177128417646057	0.0772826073847812
0.17251451951708	0.0591412358731675
-0.279485102605365	0.1266948085039
0.176410013955209	0.0859384153083923
0.0199715317840751	0.0101707503957859
1.80560711974386	1.42291337190916
-1.64833358494325	0.924091957874018
0.633189163096659	0.334130106903438
-2.57067328278635	0.665094197548339
-1.58568024445344	1.20431806821862
-0.073724423019638	0.0289995321134745
-0.758852729365458	0.407797800865707
3.27152519356808	1.11907150574555
0.837465225516326	0.355658923973244
0.849408948383461	0.361671672630261
0.402747207280896	0.205748619870469
1.2748298869816	0.888806325390723
0.673023946014714	0.480700765586456
1.12709992664668	0.860255061256311
0.180503912336474	0.0618296034347483
-0.204107211290487	0.100362153322923
1.26775199185969	0.880505685118145
0.411193651243347	0.186869354705351
-0.00208121464294428	0.00103307197520141
-0.759837831077119	0.408405559813846
-0.763314027196348	0.410408341179151
0.418148032307339	0.19059269416607
0.469428274820716	0.19065864418756
0.682339311812087	0.217953944354753
0.417449324431424	0.189898148074199
0.36317135504245	0.203978573917325
0.164778629348208	0.0313374327003096
0.549872383663091	0.199625186867885
0.619984237332663	0.325958560403978
0.174204355272961	0.0597247391277113
0.842756897055983	0.358214727221788
1.99208746679444	1.25836139416711
-1.44803428010959	0.996267358383412
2.76671632811135	0.782410087450427
-0.117797463098887	0.0420112811315188
-0.204757848785698	0.0658672528023289
-0.768407845300964	0.414298071680974
0.724352409163367	0.343090789836712
1.65123613589827	1.16616735462337
0.545282959725496	0.197930364047729
0.545994337450589	0.198159602216923
-0.0733809977579849	0.0288349533476671
0.179675862711909	0.104235945671916
0.931810685426841	0.507619128269621
0.18105633923802	0.0881983213337621
-0.74461910719638	0.321949104009387
0.174744153055098	0.0675877292008797
0.527340783528257	0.336677557322079
1.05731446601517	0.404073999886943
-0.0767042932684281	0.0301187844629719
0.173841338161581	0.0596051278079202
0.716895862929234	0.338759360169462
0.849408948383461	0.361671672630261
0.165088029467664	0.0313824661178469
0.962553055030982	0.254827961566665
0.183063896529214	0.0463401006276899
0.412625183811804	0.18763165756646
-0.123831252718902	0.0440604843970144
-0.462462762454117	0.239306097746275
-0.123383461810898	0.0439460364093289
-1.00306966229617	0.39683135622738
0.4234202211193	0.193034609297238
-1.00906318075178	0.399734482931109
-1.03537010771697	0.823369883883751
0.357089673590033	0.20000276526148
1.48592500255415	0.93538646114824
0.560626207744282	0.203763625900783
0.550585584584045	0.199969616725774
1.30146246649907	0.724522922364383
0.165088029467664	0.0313824661178469
3.64995436887393	1.44813448599007
1.29038264157769	0.715944044231122
0.389547266862642	0.198205506754293
0.689821397698691	0.220399946218977
2.58364360927846	1.45083221061227
1.84184770666887	0.726890218717793
1.09225125414182	0.534294338792014
0.92018108348407	0.500238138077135
0.417554842974859	0.190210651649704
0.417970167573709	0.19018267865932
-0.0727452422026444	0.0286275886540948
1.06264198810457	0.406540438452512
0.173521500598921	0.0595020056954588
0.169216564211053	0.0580449552268489
0.70944970946062	0.334740881194715
-0.272648981079685	0.123451293999095
0.179186941663505	0.0613870679805912
0.183600515358582	0.055105623027285
0.379521587388842	0.192750502005537
0.183063896529214	0.0463401006276899
-2.57036588579023	0.664816582891659
-0.326310377140785	0.0935168437296262
-3.07402416243152	0.948685276185543
-0.12282517776863	0.0437139180795264
0.181598622209813	0.0545451831920276
2.13847384175308	0.967026817523456
0.178820853869998	0.0612698080138397
0.177972936525705	0.0865805120362874
0.463841568690425	0.188097905381509
0.177694321152834	0.0687605170376194
-0.3728896305607	0.154001663905307
-0.331432979676728	0.0949515324990773
0.175155035311403	0.0527334069281177
1.59564194030152	0.802153856622675
1.84329475221871	0.727295949232999
-0.199739594795254	0.0643228222061803
0.845460532244873	0.359623499672993
0.556308696676708	0.202195250417483
0.164778629348208	0.0313374327003096
0.707911850880793	0.333837061941853
-0.0738425599286327	0.0290095423175695
1.35064130120685	0.597863106700744
0.837818282577269	0.355785005700546
-0.324393158207149	0.0929933012825356
0.712849824955165	0.336805116882141
0.685539141555545	0.218907224669263
0.638045852587205	0.337320180520919
0.364920934448193	0.204900156197882
-0.959520198988893	0.471779233153376
0.689369698791533	0.22025689756634
0.671827670646948	0.480237509532293
1.59857754726196	0.804530569699723
0.845460532244873	0.359623499672993
1.30432423581429	0.726931327049948
1.59564194030152	0.802153856622675
4.39615175238887	2.32136635339539
0.632700068846687	0.333848450775518
-0.501508356762519	0.189062054512787
-0.113630845185341	0.040573389822797
0.175528710194884	0.0601682623632123
2.58237813980627	1.44957279739194
0.185205555216433	0.0903027015930719
-0.124442240843376	0.0442663690892336
-0.765708796532862	0.411881343214513
1.05878188329451	0.404602739849127
0.574446628091194	0.336132270881243
2.14068730085802	0.968013963390159
1.06063740894654	0.405466440477548
-1.50215938518201	0.53435945377886
1.46585570298693	0.489030037475911
0.17347888032167	0.0594642874337986
0.550585584584045	0.199969616725774
0.180542427789079	0.0966776913546935
1.50204073997661	1.519014537842
1.63641339249522	1.14989177084039
2.42900195828556	2.07907978728814
-0.124226356552131	0.0441913898094736
-0.124226356552131	0.0441913898094736
1.41907461069729	1.1021247575448
0.4678260652541	0.18990422172989
-3.74624107806015	1.47909592511107
0.816872791376835	0.493619660540223
0.841735975212034	0.357579650332891
1.05841937425473	0.404493015312573
1.09026145777004	0.53294254433458
0.170769042992324	0.0660467894405734
0.713492738665586	0.336741710182099
0.849767099826588	0.36182590832994
0.72184204619342	0.341585357501687
0.621954500072299	0.327450190587681
1.46964366147565	0.490422889690681
2.76559849788836	0.78194178274137
2.76219840038386	0.780594539857824
1.47579162106182	0.492713238749138
-1.11760971687047	0.337077079720442
0.962025660417238	0.254682745005495
0.165088029467664	0.0313824661178469
-1.7934287506278	0.390727439150181
1.47086646676889	0.49088731436037
0.18374299244507	0.0464795790495071
3.65119667594504	1.44884031306495
0.971485400220684	0.257250631808135
1.47032706033056	0.490703617760438
1.83673871021591	0.7243263845867
1.96276901321247	0.454520391574277
1.06153095853073	0.405927487776779
2.76219840038386	0.780594539857824
-0.336585149330964	0.0963705778245514
-1.49753171438992	0.532305096548695
1.47333622017027	0.491753136545405
2.37366431975369	1.20196540132253
1.96684138854469	0.455504908505281
0.545282959725496	0.197930364047729
0.474806409465069	0.192958689821505
1.35960435833631	0.602767583717152
0.750436792675993	0.628427963487398
-0.00401355373935558	0.00306019403205525
0.113219605675362	0.0807317301858678
0.207855499070425	0.156052429305217
0.688637326691298	0.220082192676685
-1.81868694437139	1.13815852126547
-1.00977041428962	0.400033925972951
-0.702877915558576	0.240204037136345
-1.79265643537061	0.727296037347586
2.76219840038386	0.780594539857824
1.05841887097501	0.404561121395212
0.964934921520073	0.255476948633611
0.963743115659934	0.255236344279286
1.4646350690462	0.48856709745013
0.687904703717867	0.219759625438134
0.18011793418247	0.054112323705194
3.27152519356808	1.11907150574555
1.83673871021591	0.7243263845867
-1.7987310156988	0.730186845265308
-1.1245135089551	0.339452387639693
0.843777178831012	0.35876995680636
0.963214248695465	0.255090594573707
1.5926000408058	0.800136466406671
1.47333622017027	0.491753136545405
0.967933372585482	0.256362285789635
0.178254851579563	0.0536080680261321
1.96684138854469	0.455504908505281
-1.7934287506278	0.390727439150181
2.76330811440907	0.780761067286217
2.76219840038386	0.780594539857824
1.06375255943934	0.407031400293661
1.47402323433779	0.492035659807906
-0.613682540053849	0.148388769407339
1.83948692258838	0.725717515665962
0.688637326691298	0.220082192676685
1.96372117107544	0.45473924627511
2.76671632811135	0.782410087450427
1.0538227967033	0.40247872570357
0.16619130625606	0.0315431724784316
0.472199005963952	0.191734119717762
0.312006719147729	0.214685855295271
0.198542869669992	0.203325160787759
-0.162573146673751	0.125345872626798
1.48444386383094	0.93443444823315
1.96372117107544	0.45473924627511
1.96276901321247	0.454520391574277
-1.26082840549044	0.566651470491895
0.688637326691298	0.220082192676685
0.165088029467664	0.0313824661178469
-0.324126952894347	0.0929244396746841
1.34851208512378	0.596384123896258
1.47032706033056	0.490703617760438
2.76219840038386	0.780594539857824
0.467435422769942	0.189763860429757
1.84451762847753	0.728350716630867
-3.07350260546998	0.94852963330217
-3.75192082283692	1.48279230677585
-1.79346061997896	0.390723019452767
-1.25122982966508	0.561359418848618
-1.00977041428962	0.400033925972951
3.27152519356808	1.11907150574555
0.690554433996612	0.2205748378538
1.05767805940452	0.40430204105456
-0.613012730411062	0.148202450577793
-1.25516082519983	0.563742365829593
1.05989643717056	0.405275695027378
0.17899314570337	0.0538175920888867
-0.608428787479893	0.147248610626808
-0.69681330218041	0.238104465757831
-0.611962616144159	0.147977912487881
0.174415063218798	0.0525132560977555
2.13460629217846	0.96446244584926
-2.04826273814137	0.932264876861533
0.550997960911466	0.200096486449454
0.165088029467664	0.0313824661178469
0.688637326691298	0.220082192676685
1.34822262370512	0.596255354083427
0.693216225774344	0.221541872050593
0.172695121184954	0.0752249632433569
0.507376380685363	0.453988347316949
1.01383130647466	0.831613885811435
1.29027214559068	0.716718506459607
1.35170505429441	0.598459395279544
1.47086646676889	0.49088731436037
0.321218219856525	0.233872145119539
0.935538219832238	0.81602914522241
0.584731109134093	0.467385178880992
0.560032311266869	0.468574679988655
1.35889390139827	0.602114985237052
0.183063896529214	0.0463401006276899
1.05731446601517	0.404073999886943
0.187984352048437	0.0474280610765032
1.47648048364922	0.492996794108507
3.27631781619437	1.12171855032085
1.59462863307605	0.801559751291256
1.29895588222441	0.722341043751336
0.180503912336474	0.0618296034347483
-0.52059988077786	0.325024695962575
-1.25281925956016	0.562508639119867
0.177501415059504	0.0608062606278489
0.179479941018599	0.0614871969929957
1.28381520433004	0.898237055281092
-0.0402959371638705	0.0172976051318413
0.676862185651804	0.484816202608782
0.184971072095669	0.0467387603153735
0.179274213223518	0.0454636418217038
-0.943762179459549	0.461640601280304
-0.377178956142016	0.210565197081683
0.179556964119904	0.0783594773541941
0.815321389074969	0.491433519216613
-1.19523893767245	0.888068464848953
-0.223004466676604	0.110117107651316
-0.124837825991722	0.044401537177189
1.48392465796541	0.933943462431263
-1.65488153249387	0.930549450829535
-0.504512185848928	0.190251785849138
-0.576832563965895	0.273411525933658
0.817199656824672	0.493302367907307
1.80648958654957	1.02094879457255
0.70944970946062	0.334740881194715
1.06190079859119	0.406050412279014
1.05582634094888	0.403184301021208
1.35458372256336	0.600126054059965
3.94131434673369	1.74409517718346
1.4745635305468	0.492365493098567
-0.613682540053849	0.148388769407339
0.469602716565917	0.190601252697973
0.708474059972957	0.334155380176658
0.380764502985482	0.193263757533401
1.2990429734169	0.721954608345351
0.843777178831012	0.35876995680636
0.920057191882775	0.499678550562948
0.80726244210992	0.641060896081149
0.175144108983386	0.0763692532835576
-0.164829546873341	0.0870678039284641
0.8444579144518	0.3592524441609
-0.00528177553768447	0.00245244696763577
1.10121764226874	0.539655893352423
-0.0738425599286327	0.0290095423175695
0.845460532244873	0.359623499672993
-0.379128430852176	0.21174030729475
-0.624838678169346	0.364917234816013
3.94764084202246	1.74800550010391
0.354753834472822	0.198482091656707
-1.47602073837013	0.745446937601401
-0.498862700186624	0.187901792146115
0.616593819314504	0.323752553363732
-0.366795601394091	0.151414835159292
-0.305074453653573	0.180281651416503
0.178086308271372	0.0777237254815423
-0.773503322493402	0.417859732629558
0.373729062631226	0.21078412064563
0.168551797974127	0.0735094148580177
0.673778489318172	0.481361757083102
-0.762819358423479	0.410190902168382
0.180208044035612	0.0877730271711821
0.176790499680289	0.0947376366590087
0.175074408529006	0.0851187866071082
-0.06539915740806	0.0258187250166961
0.167162927808571	0.0647074729110319
3.64995436887393	1.44813448599007
0.177135608349328	0.0685365301350542
-0.0455092658617418	0.0194632713790492
0.185076110728506	0.0555416222332281
1.29653544264768	0.720276919184037
0.961881298984383	0.254903830883264
3.27631781619437	1.12171855032085
0.468602008697511	0.190152966892753
0.165463154369976	0.0640853909218178
-0.30157721078354	0.177996963021935
1.1204313430449	0.695567301923715
0.309571361836825	0.224181042731829
1.48392465796541	0.933943462431263
0.486799164039478	0.332876320169609
0.845152475793848	0.359294287590281
0.553459142396127	0.201030755019039
0.417554842974859	0.190210651649704
0.714470770965325	0.337329994111773
-0.905933187863282	0.654506735634187
0.568382898360469	0.331729059799945
-0.0767543541022419	0.0301283453053205
-0.126472196797159	0.0706306090465819
-0.503483382578555	0.189906433790702
-0.124590863637408	0.0443613006456175
1.15747154335347	1.19062906515914
0.16965480738538	0.0824518710881052
1.36370064166458	1.44681985000153
-0.00179509965525531	0.000898631742570402
0.00904866733236983	0.00480875132991955
-0.985719433208573	0.875346603093701
-0.283170741917805	0.128599642897359
-0.463609684229184	0.239659439739097
0.704171271975778	0.616308178828463
0.0397038445809085	0.0218052546407534
-1.07377996114117	0.725465276705257
1.48050827140677	0.930181974460646
0.579524126566716	0.339230174227993
-0.625245167960616	0.364591881547135
0.1877979074209	0.116259057474528
0.312325989935629	0.22650175852299
0.387383113206452	0.197169514550084
0.164893941889576	0.0719235460479425
-0.12134442871923	0.0677154944087789
-0.0010296059208767	0.000566226435933511
0.420953780464801	0.191739880368985
-0.613682540053849	0.148388769407339
2.76109157462938	0.779871501961836
1.29694224603895	0.720632879630045
0.413143259890935	0.18790555165654
0.89271007855546	0.665442820088573
0.691240034356655	0.220791555953193
0.178818364475998	0.0870534082003433
0.816192770424596	0.492338646105313
1.80350517893026	1.01783443951576
0.742011800382263	0.493323018817619
0.631667813184915	0.333699580904413
1.08888268610096	0.532186917645821
-0.561315015445707	0.404574856022003
2.14829872703182	1.51124254773691
-0.208505174819895	0.133688853402912
-0.168489018293761	0.0891505618762719
-0.576331726086272	0.461385725063823
1.79575605549737	1.01182421927691
1.09247799441691	0.534633070236409
-1.25951281700706	0.566150737089227
-0.763792446813763	0.410756424700134
-0.999116065979541	0.394904057507624
-0.279986818556589	0.126935323910922
0.411193651243347	0.186869354705351
-1.20444491813142	0.898554887474071
-0.207967301781935	0.102349635300676
-1.64533426368678	0.922102296461892
1.25416010054115	1.05812906912731
0.181304495231909	0.0970932179155606
-0.273656893006223	0.123934962420683
-2.60996594277726	1.58760819742805
-0.0440958848990079	0.0188740392105785
-1.07464869903355	0.725191989082666
0.464450897593892	0.188417201617607
0.168071883948661	0.0732963178096792
-0.279529480327516	0.126672245335071
0.627821507210762	0.330434924246337
1.55955191944772	1.34752274328607
0.627339110872433	0.33017245180698
-0.125844894222174	0.0447325448500255
0.81484172713134	0.491273810557076
0.555598921920072	0.201915300938634
-0.308723702210642	0.182531094615209
0.688637326691298	0.220082192676685
0.675162282913706	0.482863191005608
0.86843499664828	0.640560451351857
0.709864501255251	0.33498104786306
0.467435422769942	0.189763860429757
1.27010474544158	0.883301687477531
1.05878746464103	0.40482083139178
2.43270793258957	2.08563988196293
0.550942476833057	0.200036223470925
0.421990053396122	0.192245134439215
0.633669009419571	0.334479170998834
1.14302499894088	1.03207892734335
0.687904703717867	0.219759625438134
-1.00403055985993	0.397306910648104
2.57541858467849	1.44359422805925
1.30735766982202	0.729099104322102
1.08571507315782	0.530583736420232
-0.131592969283978	0.046740410630932
0.717874117611946	0.339372346040594
0.175891515215909	0.0602877256141385
0.849408948383461	0.361671672630261
-0.713927771586338	0.244486303883557
-2.04716996398721	0.931539307482038
0.172879456781673	0.0668664345803421
-0.575846548897215	0.27289872822856
-0.375913484716817	0.155538822167635
1.05767805940452	0.40430204105456
-0.700673100063675	0.23947715305123
-0.49650800501461	0.187033371669453
-0.614206104379299	0.148455859250315
0.173305506499925	0.0522037309364545
-0.3853974249737	0.21571176708703
0.686626809163374	0.219374653716057
0.180503912336474	0.0618296034347483
1.35170505429441	0.598459395279544
-1.4702810167601	0.74144128695738
1.29735004154942	0.720640365367746
1.06078959666294	0.405437996491229
0.17231657402208	0.0666548669668037
2.37974175152964	1.20685990890827
-1.49633399610699	0.531774933095134
0.473198825825499	0.192238507652064
0.18374299244507	0.0464795790495071
-1.25809829831892	0.565292725953774
-0.00528177553768447	0.00245244696763577
0.838480859620841	0.356210298702787
0.719556553066246	0.34021370118301
0.475196904470731	0.193138494041749
0.391931722371658	0.199573117482782
0.341176232764909	0.223732353379951
1.83904259060411	0.725255788020061
0.182384642090162	0.0461735738884295
1.83948692258838	0.725717515665962
-0.321741768636823	0.0922885496388945
0.16619130625606	0.0315431724784316
0.185813320888401	0.0557349268614171
1.84333369293536	0.727520140615955
1.34462745304393	0.59438308976983
1.06486169296399	0.40740811103867
0.418490707651304	0.190446434947592
0.686626809163374	0.219374653716057
-0.614345716129905	0.14867066764313
1.83948692258838	0.725717515665962
-0.196970790009868	0.0634432336968819
0.164612702182007	0.0565240034078137
0.554245479785034	0.201333536177828
0.971485400220684	0.257250631808135
3.94284498612552	1.7447204894592
-1.46627408086023	0.73866407925936
0.550585584584045	0.199969616725774
0.164778629348208	0.0313374327003096
0.638045852587205	0.337320180520919
-1.00123505295262	0.395706426511679
-0.704722398968598	0.241062538843187
0.16619130625606	0.0315431724784316
0.964934921520073	0.255476948633611
-0.323664690407152	0.0927962418225715
-1.49680843456756	0.531963842405938
-3.44686848748983	1.22339694388155
-1.50289020322423	0.534512321528133
-1.79799823071143	0.730058439715731
0.165088029467664	0.0313824661178469
2.76219840038386	0.780594539857824
-0.702134100644835	0.240056342034831
0.928388373312671	0.50540097797507
1.4745635305468	0.492365493098567
-1.7934287506278	0.390727439150181
-0.702529153090903	0.24025873050893
-0.191951684587849	0.0619002672361887
1.05271914025947	0.402027196178193
0.465668385888745	0.188905949471252
0.30837451759897	0.233652950801187
1.06762213189116	0.40860472471242
1.08826942096698	0.531593308943842
-1.46333411656304	0.736086429582356
1.5926000408058	0.800136466406671
0.958352222975233	0.253964848564806
-0.197316433582098	0.063550392412948
0.68908810997088	0.220077042266344
3.64871284900552	1.44691597652701
1.35064130120685	0.597863106700744
3.94011940400443	1.7432966017604
0.209611271678319	0.163164574727459
-0.0673491481035971	0.0265526422039089
1.11169495811111	0.687888014484022
0.712849824955165	0.336805116882141
3.27032462336087	1.11801013776878
0.176263706576241	0.0530277163300986
3.9377307543685	1.74074336125778
1.96684138854469	0.455504908505281
2.76219840038386	0.780594539857824
1.05915506670076	0.404786600540214
0.181222403711057	0.0544586569816679
0.165880035481028	0.0314978449610492
0.164778629348208	0.0313374327003096
0.180869771083221	0.0619402640495967
-1.79785205353169	0.391773074809323
0.186069807523728	0.046984734903896
0.689369698791533	0.22025689756634
0.164778629348208	0.0313374327003096
3.27393157336313	1.11982869858365
0.688185381402826	0.219868290083128
0.687453672774919	0.21969379736456
0.186752657299631	0.0471525522204707
0.555598921920072	0.201915300938634
0.923030865031726	0.502051378289556
1.06375255943934	0.407031400293661
2.14551041206971	0.970174427681128
3.94370546162746	1.74479074779
0.191013517092109	0.0480694204657905
1.05878746464103	0.40482083139178
0.165088029467664	0.0313824661178469
-0.714301603425288	0.244494021421489
-1.11458449535005	0.336227635184335
-0.613158918177153	0.148231887572971
0.176139035531232	0.0447669868764769
-0.703999757003376	0.240702491325751
0.555598921920072	0.201915300938634
-0.7085818841146	0.242531688950869
0.548159843287306	0.198990334609177
0.169031458921113	0.0737154132744265
0.427584622538833	0.340666832214885
0.421472067802173	0.192003171629797
0.165880035481028	0.0314978449610492
0.463453634222606	0.187971647179528
0.687453672774919	0.21969379736456
-0.495476598007788	0.186560284391804
-0.193367241020068	0.0623371853793179
1.80313109106826	1.01722318225474
2.13460629217846	0.96446244584926
3.6449477089076	1.4449787602644
1.05841937425473	0.404493015312573
3.64871284900552	1.44691597652701
0.407802166658216	0.185290831877169
0.622204192345036	0.327229075576889
0.0637753109527663	0.0374557099245877
0.62316787810991	0.327712013122016
1.39420520628627	1.29761311219993
1.05915506670076	0.404786600540214
2.76109157462938	0.779871501961836
0.576027386766552	0.336717482906006
0.962025660417238	0.254682745005495
0.477399275000729	0.194088528371374
1.47086646676889	0.49088731436037
1.08273230762539	0.528618116518224
0.423361952169187	0.192974712580901
0.178049240810411	0.0452053813438565
1.84177973930003	0.726752133157052
3.94799024616089	1.74771746284291
2.58734409880815	1.45450738282534
-0.701794429638729	0.239974906557054
0.550942476833057	0.200036223470925
0.176139035531232	0.0447669868764769
0.625125165070126	0.328998928400232
0.550585584584045	0.199969616725774
1.83556105705841	0.723803926717143
0.849051344453761	0.361335510776158
2.93270052864339	2.00049145388803
0.469827192531849	0.190698541732883
-1.00306966229617	0.39683135622738
0.680421237638035	0.217245422782273
-0.614206104379299	0.148455859250315
-3.99353761363935	1.72730759231309
-0.469893881783346	0.243795872835817
0.689369698791533	0.22025689756634
1.09684313502995	0.537308179099367
0.516213961683933	0.327975413469631
-0.196970790009868	0.0634432336968819
1.1050749040255	0.68246161639106
0.37929219041989	0.192413916943886
0.927869863845608	0.504987594352111
0.417554842974859	0.190210651649704
1.59756362339209	0.803815611179192
-0.325582325201124	0.0933470317045756
1.84451762847753	0.728350716630867
-3.45307509546519	1.22686211973226
-1.31465222966297	0.818096861411574
1.06375255943934	0.407031400293661
1.3509899510682	0.597807360301759
0.967271104517323	0.256176548116206
1.96276901321247	0.454520391574277
1.84451762847753	0.728350716630867
1.08609801322351	0.530754269656687
-0.199739594795254	0.0643228222061803
0.636588753336141	0.336257327040859
0.708372744457035	0.334341660097851
0.84740079201131	0.360631206481512
0.98505703683609	0.67358567962479
0.967271104517323	0.256176548116206
3.65119667594504	1.44884031306495
1.35029297080259	0.597376447511037
-2.25672606867526	1.13601222594606
1.47277528463141	0.49146011988965
-0.191583942801118	0.0617784787374467
1.09068266896519	0.53365980825127
-0.703651055748467	0.240588737528622
0.692481142426252	0.221366284684109
0.419984878184803	0.191185276917023
1.35742358780664	0.601505744976776
3.6449477089076	1.4449787602644
2.13958082308296	0.967639587738095
-0.3358441065628	0.0961666214694948
0.967933372585482	0.256362285789635
1.47155078449581	0.491168545293048
1.05841937425473	0.404493015312573
-2.57067328278635	0.665094197548339
0.842428737935759	0.358225189674143
-0.201906699363454	0.0650030146049408
-0.326043908260378	0.0934449166225896
-0.324126952894347	0.0929244396746841
-0.617339897765464	0.149284387408846
0.963214248695465	0.255090594573707
1.08750815001851	0.531291979888112
0.175891515215909	0.0602877256141385
2.76330811440907	0.780761067286217
-1.25188772636848	0.561803268010386
0.840752669363023	0.357178322948275
2.1357129064682	0.965022860050489
1.47670679087372	0.927386316946294
1.4745635305468	0.492365493098567
0.549872383663091	0.199625186867885
1.05989643717056	0.405275695027378
-0.498201158890918	0.187691502941451
-0.32485451718176	0.0931499749349684
1.09186750437265	0.534241950816178
0.84874813165367	0.361333340145203
1.35205380401403	0.598333159725176
1.06375255943934	0.407031400293661
1.46842163094462	0.489769078028611
0.963214248695465	0.255090594573707
0.842091127718652	0.357749831163131
0.570806678996692	0.332998977249206
0.962553055030982	0.254827961566665
0.692481142426252	0.221366284684109
1.35245898971084	0.598650022182748
3.27393157336313	1.11982869858365
0.181598622209813	0.0545451831920276
-2.25672606867526	1.13601222594606
0.180107983152346	0.0541465694868784
0.178049240810411	0.0452053813438565
0.182497138163823	0.0624559977315201
0.686721713829268	0.219371725498129
-1.49897898499855	0.532683365671509
0.84874813165367	0.361333340145203
0.963743115659934	0.255236344279286
-0.319817646410374	0.0917687104349087
0.165880035481028	0.0314978449610492
0.845460532244873	0.359623499672993
-0.127367041397413	0.0453024177564538
0.471437286557169	0.191357677073301
-0.32485451718176	0.0931499749349684
1.47333622017027	0.491753136545405
0.682339311812087	0.217953944354753
1.84140390214436	0.726768879551614
-1.79785205353169	0.391773074809323
0.687904703717867	0.219759625438134
0.68278086909504	0.218093717626154
0.957162742729009	0.253557522610441
0.175155035311403	0.0527334069281177
0.687368688538373	0.21962274738387
1.4902992464567	0.939939092495449
1.09308809131309	0.534811978417923
1.090873223338	0.533536423719239
0.688185381402826	0.219868290083128
0.842073188053842	0.357842079017509
-1.12519556185123	0.339754109482426
0.686721713829268	0.219371725498129
0.177501415059504	0.0608062606278489
0.181837521716867	0.0460537144756759
-0.196606144995592	0.0633346995977349
0.554951509844971	0.201561033049545
-0.613682540053849	0.148388769407339
3.27152519356808	1.11907150574555
0.548515509988744	0.199132914018316
0.560263982972252	0.203664261240574
0.857283934477109	0.90362627341429
0.571562011284077	0.334052213033851
0.964404580081594	0.255330782344719
3.94524209007654	1.74713132583643
0.182384642090162	0.0461735738884295
-0.195186900570072	0.0628739701093823
1.80115533203013	1.01557173999807
1.4646350690462	0.48856709745013
0.839143008593846	0.356449986263414
0.176552672502959	0.0605054209747227
1.47032706033056	0.490703617760438
1.05952860814689	0.405011691745652
4.38887436800074	2.31314457784072
0.467213606779098	0.18946343423113
1.4646350690462	0.48856709745013
-0.324126952894347	0.0929244396746841
0.18374299244507	0.0464795790495071
-0.999444223472655	0.395011962383954
0.164778629348208	0.0313374327003096
0.475196904470731	0.193138494041749
0.564232554227525	0.205070786185824
0.837818282577269	0.355785005700546
-0.614206104379299	0.148455859250315
2.13958082308296	0.967639587738095
-0.329964215322259	0.0945505800706473
-1.11951983581622	0.337809535545767
0.963214248695465	0.255090594573707
-0.380495952373683	0.157606394207631
2.59361297827505	1.45898640615696
1.8383071367458	0.724853864168302
0.18011793418247	0.054112323705194
0.689369698791533	0.22025689756634
1.46585570298693	0.489030037475911
1.35276823183269	0.59898514245525
2.37366431975369	1.20196540132253
0.16619130625606	0.0315431724784316
0.692481142426252	0.221366284684109
3.64742237939513	1.44635997008149
1.96276901321247	0.454520391574277
0.548446031553528	0.199065921260852
-1.79346061997896	0.390723019452767
1.47032706033056	0.490703617760438
0.184971072095669	0.0467387603153735
0.691293725798235	0.220916760169014
0.164778629348208	0.0313374327003096
0.845460532244873	0.359623499672993
0.187984352048437	0.0474280610765032
-3.07350260546998	0.94852963330217
1.96372117107544	0.45473924627511
0.165088029467664	0.0313824661178469
0.183063896529214	0.0463401006276899
0.165088029467664	0.0313824661178469
0.966736740010186	0.256029100393941
0.186752657299631	0.0471525522204707
1.96276901321247	0.454520391574277
0.964404580081594	0.255330782344719
1.96276901321247	0.454520391574277
0.958352222975233	0.253964848564806
0.693216225774344	0.221541872050593
-0.325582325201124	0.0933470317045756
0.845460532244873	0.359623499672993
0.964934921520073	0.255476948633611
0.963214248695465	0.255090594573707
0.964934921520073	0.255476948633611
0.964404580081594	0.255330782344719
0.165088029467664	0.0313824661178469
1.96276901321247	0.454520391574277
1.84451762847753	0.728350716630867
2.76219840038386	0.780594539857824
0.602392084824597	0.581953410948799
-0.325582325201124	0.0933470317045756
2.76330811440907	0.780761067286217
0.16619130625606	0.0315431724784316
2.76109157462938	0.779871501961836
1.64496234817558	1.15878809051923
2.58928697735624	1.45572885005111
1.46964366147565	0.490422889690681
-2.57098043849301	0.664920470822356
0.179520884163282	0.0614739989497166
0.723933132238692	0.342825309556924
0.165880035481028	0.0314978449610492
1.35135662214001	0.598044460885579
1.47333622017027	0.491753136545405
1.59226168506556	0.800152454510579
3.27152519356808	1.11907150574555
1.29750740227623	0.721075544674954
0.964934921520073	0.255476948633611
1.3524197012094	0.598640284839141
1.06338277916722	0.406730999521995
0.844441707134117	0.359109180860946
1.47155078449581	0.491168545293048
0.686721713829268	0.219371725498129
0.164778629348208	0.0313374327003096
1.47579162106182	0.492713238749138
0.854024173951591	0.363747751789368
1.05693634570001	0.403813519694082
1.46964366147565	0.490422889690681
0.565580363387773	0.329022863022504
0.315072886126383	0.217056136318696
0.179479941018599	0.0614871969929957
1.09347086227971	0.53527910188038
0.169248055862235	0.0319917175833404
0.689821397698691	0.220399946218977
1.06338277916722	0.406730999521995
-2.05281302393613	0.935366141453254
0.68278086909504	0.218093717626154
1.80488982183167	1.01914911411703
-0.193735099625946	0.0624393983877589
0.843777178831012	0.35876995680636
0.842756897055983	0.358214727221788
0.962553055030982	0.254827961566665
0.470637438843558	0.191144870746378
0.179154477026786	0.0613477143773599
1.84140390214436	0.726768879551614
-0.0782518282880368	0.0306976108723051
0.718340170227035	0.339925270792984
0.181837521716867	0.0460537144756759
1.83948692258838	0.725717515665962
0.175528710194884	0.0601682623632123
0.18940772455396	0.117331879026254
0.916261734090051	0.940367804414524
0.832152716201931	0.352920804417775
0.165880035481028	0.0314978449610492
0.964934921520073	0.255476948633611
1.25433676743422	1.23035284359988
1.12173747220871	0.854866040526122
0.176711268978432	0.0683795412521634
0.351076222352462	0.214562050060955
0.92890657837814	0.50572492322209
-0.0636212224762088	0.0382457458081474
1.05767758057376	0.404228581247508
1.30381480429739	0.726102558145489
0.347194689480708	0.21198494640487
1.14433386127479	1.0364006485234
0.927938390515491	0.504984223310363
0.568888861100807	0.331554858551489
1.30146246649907	0.724522922364383
0.41955621038951	0.191216920870613
0.167096342299597	0.0728563291236689
1.63496931421362	1.14774794032025
0.19246243608296	0.0939970623221556
0.181506584145918	0.0972227618207726
0.469602716565917	0.190601252697973
1.46964366147565	0.490422889690681
1.10972661110616	0.685692718248205
0.702328803118679	0.330762297434566
0.963214248695465	0.255090594573707
0.186074695913645	0.0908470849409625
0.358528798253111	0.200653437617951
-0.090111782335223	0.0523949551738366
1.12573984105766	0.858708949237702
-0.161067282724922	0.0850622829202647
-0.217154680042429	0.106981606736887
0.736065632355435	0.488118614223059
0.369527423053694	0.207892089808251
1.11506266524383	0.690484622162072
0.502738743395084	0.346258211922094
0.171255302338825	0.074621055277552
0.529602355599505	0.338130274544246
0.574538512098039	0.335793161705647
0.364363863986005	0.204503550566535
0.754596429175305	0.737059089846053
-0.677084266073723	0.532650430347071
0.555239766445707	0.201780832151434
1.96372117107544	0.45473924627511
-0.703264262088321	0.240508331840629
1.10314402090056	0.680907227552793
0.739752366165359	0.490569872030884
0.671475923337307	0.479179360802224
0.687453672774919	0.21969379736456
0.469827192531849	0.190698541732883
0.528435053929874	0.337126728702001
0.633101578106292	0.483026109057588
0.51821912430228	0.329573048265852
0.182082537265255	0.0975452458998732
0.350505133373967	0.214142370795241
0.388140147446269	0.197384423366095
1.10780131671251	0.684116648356048
0.345434440187503	0.210746542620003
0.581856476570887	0.464312259195625
0.0416101919648949	0.0228742221509339
-0.58226416414173	0.276096945473389
0.412262579733885	0.187613448815832
0.815678042094875	0.649887030064475
0.469602716565917	0.190601252697973
0.169566032486793	0.032038095111837
1.47402323433779	0.492035659807906
1.29191641587408	0.717387728142124
0.719556553066246	0.34021370118301
0.922501994568226	0.500870462111911
1.34462745304393	0.59438308976983
0.874413017571427	0.647056544995157
1.08826942096698	0.531593308943842
0.0405799161601948	0.0223300230249237
0.724603964038335	0.731986342769378
-0.0115473799459362	0.00525413786190403
0.388588574058945	0.197650480504143
0.193366366932615	0.120033967042338
0.81124809672461	0.489084180161339
0.345078556632842	0.210246034065095
0.356683969399339	0.199753154560369
0.798975769913942	0.632128181406046
0.469037778436906	0.190492761217088
1.47032706033056	0.490703617760438
-0.497540036768389	0.187445875024767
2.13847384175308	0.967026817523456
1.84451762847753	0.728350716630867
1.4799860034999	0.929689677882191
0.567928791906648	0.330841503702232
0.49826467890862	0.342414681178504
0.869612066870484	0.795964285257926
0.00699763838527048	0.00300916510195801
0.341352355386051	0.20804308607295
0.886857408471997	0.659963469135192
1.06078959666294	0.405437996491229
-0.213521805447877	0.105189614665819
-1.64988335996078	0.926725532184238
0.553434299021439	0.200998764869903
0.545994337450589	0.198159602216923
1.06100497274362	0.405629306325193
0.429284372972143	0.342157957482454
0.638750305761139	0.601810204572683
0.746377592952655	0.623865226552622
-0.00397109616036187	0.0018736378444383
1.11899252183097	0.693980195686168
0.713965740603098	0.337338313632072
0.872539526189593	0.800080124302298
0.62852395186883	0.331490500613762
1.15738347083425	1.1897542955018
0.589507075730698	0.472388118772092
0.183222271364428	0.0550052131678393
2.76559849788836	0.78194178274137
0.817199656824672	0.493302367907307
1.26527923210759	1.07215103565834
0.685539141555545	0.218907224669263
0.384282893778579	0.195059244664136
