x	y
1.47086646676889	0.49088731436037
0.164778629348208	0.0313374327003096
1.47648048364922	0.492996794108507
2.76109157462938	0.779871501961836
1.46910411205871	0.490049168285487
0.472416645443175	0.191943651710654
1.09526341775911	0.536069432010135
1.06375255943934	0.407031400293661
1.47402323433779	0.492035659807906
3.27152519356808	1.11907150574555
1.96276901321247	0.454520391574277
1.96372117107544	0.45473924627511
2.76219840038386	0.780594539857824
1.84525714600486	0.728756039651982
0.16619130625606	0.0315431724784316
2.76219840038386	0.780594539857824
1.96372117107544	0.45473924627511
1.96276901321247	0.454520391574277
1.96372117107544	0.45473924627511
1.96372117107544	0.45473924627511
1.96372117107544	0.45473924627511
2.76109157462938	0.779871501961836
1.96276901321247	0.454520391574277
1.96684138854469	0.455504908505281
1.96372117107544	0.45473924627511
1.96372117107544	0.45473924627511
1.96372117107544	0.45473924627511
1.96684138854469	0.455504908505281
1.96372117107544	0.45473924627511
1.96276901321247	0.454520391574277
1.96372117107544	0.45473924627511
1.96372117107544	0.45473924627511
3.27272750868887	1.11966450015405
1.96372117107544	0.45473924627511
1.96372117107544	0.45473924627511
1.96276901321247	0.454520391574277
-0.611962616144159	0.147977912487881
1.96276901321247	0.454520391574277
1.96372117107544	0.45473924627511
1.96276901321247	0.454520391574277
1.96276901321247	0.454520391574277
0.165880035481028	0.0314978449610492
1.96276901321247	0.454520391574277
0.161251150232847	0.0308565698216007
0.165088029467664	0.0313824661178469
1.96684138854469	0.455504908505281
0.184291063239428	0.0465991085839434
1.96276901321247	0.454520391574277
1.96372117107544	0.45473924627511
1.96276901321247	0.454520391574277
1.96372117107544	0.45473924627511
0.16619130625606	0.0315431724784316
0.963743115659934	0.255236344279286
0.16619130625606	0.0315431724784316
0.964934921520073	0.255476948633611
0.184291063239428	0.0465991085839434
2.76109157462938	0.779871501961836
1.96684138854469	0.455504908505281
1.96372117107544	0.45473924627511
1.96372117107544	0.45473924627511
0.183063896529214	0.0463401006276899
1.96684138854469	0.455504908505281
-1.79346061997896	0.390723019452767
0.962553055030982	0.254827961566665
-1.49633399610699	0.531774933095134
1.96372117107544	0.45473924627511
0.164778629348208	0.0313374327003096
1.96372117107544	0.45473924627511
0.963743115659934	0.255236344279286
1.96372117107544	0.45473924627511
1.96276901321247	0.454520391574277
1.96684138854469	0.455504908505281
0.966736740010186	0.256029100393941
0.964934921520073	0.255476948633611
0.165880035481028	0.0314978449610492
0.165088029467664	0.0313824661178469
-0.326043908260378	0.0934449166225896
0.962025660417238	0.254682745005495
0.188667958543402	0.04756856032199
2.76330811440907	0.780761067286217
2.76559849788836	0.78194178274137
1.96276901321247	0.454520391574277
1.96276901321247	0.454520391574277
3.27272750868887	1.11966450015405
1.96276901321247	0.454520391574277
2.76219840038386	0.780594539857824
0.165880035481028	0.0314978449610492
0.165088029467664	0.0313824661178469
1.96684138854469	0.455504908505281
0.185076110728506	0.0555416222332281
0.688637326691298	0.220082192676685
0.186069807523728	0.046984734903896
0.962025660417238	0.254682745005495
-3.07350260546998	0.94852963330217
-1.79346061997896	0.390723019452767
1.96684138854469	0.455504908505281
1.96276901321247	0.454520391574277
1.96684138854469	0.455504908505281
1.96372117107544	0.45473924627511
1.96372117107544	0.45473924627511
1.96276901321247	0.454520391574277
0.164778629348208	0.0313374327003096
2.76109157462938	0.779871501961836
2.76559849788836	0.78194178274137
1.96372117107544	0.45473924627511
-1.79346061997896	0.390723019452767
1.96276901321247	0.454520391574277
1.96276901321247	0.454520391574277
-3.07350260546998	0.94852963330217
2.76559849788836	0.78194178274137
-1.7934287506278	0.390727439150181
-0.618535635333325	0.149538863092151
0.165880035481028	0.0314978449610492
0.165088029467664	0.0313824661178469
1.96372117107544	0.45473924627511
1.96372117107544	0.45473924627511
3.27032462336087	1.11801013776878
1.96276901321247	0.454520391574277
1.96372117107544	0.45473924627511
0.964404580081594	0.255330782344719
1.96276901321247	0.454520391574277
0.962025660417238	0.254682745005495
0.165880035481028	0.0314978449610492
1.96684138854469	0.455504908505281
1.96276901321247	0.454520391574277
1.96276901321247	0.454520391574277
0.183610895194862	0.0464322674344966
-2.57036588579023	0.664816582891659
-0.33115064247346	0.0948450204466267
1.96372117107544	0.45473924627511
2.76219840038386	0.780594539857824
-1.79346061997896	0.390723019452767
-0.614206104379299	0.148455859250315
-0.702142591343233	0.240009967793785
0.967271104517323	0.256176548116206
1.96276901321247	0.454520391574277
1.96276901321247	0.454520391574277
1.96684138854469	0.455504908505281
0.181837521716867	0.0460537144756759
2.76109157462938	0.779871501961836
1.96276901321247	0.454520391574277
-2.57098043849301	0.664920470822356
1.96276901321247	0.454520391574277
0.962025660417238	0.254682745005495
0.963743115659934	0.255236344279286
1.96372117107544	0.45473924627511
1.96372117107544	0.45473924627511
1.96372117107544	0.45473924627511
1.96372117107544	0.45473924627511
0.839495833782448	0.356721288421175
2.14975213736465	1.51168302344964
-0.123220651484122	0.0438507532384957
-3.45727803409178	1.22858842810043
3.65499468921657	1.45049079500857
0.84740079201131	0.360631206481512
0.41803695702533	0.190178012059083
-0.618535635333325	0.149538863092151
-0.697547507150818	0.238387277313668
3.27631781619437	1.12171855032085
0.842756897055983	0.358214727221788
1.08136150574894	0.527474339547351
-0.0796439446866726	0.0312337259623859
-0.365249593379889	0.150776093416907
0.179746106686676	0.0540237006551008
0.184971072095669	0.0467387603153735
1.96276901321247	0.454520391574277
1.96372117107544	0.45473924627511
-1.7934287506278	0.390727439150181
0.165880035481028	0.0314978449610492
0.165088029467664	0.0313824661178469
1.96684138854469	0.455504908505281
0.83578471932977	0.354603174514861
1.96372117107544	0.45473924627511
-1.7934287506278	0.390727439150181
1.96684138854469	0.455504908505281
2.76330811440907	0.780761067286217
1.96276901321247	0.454520391574277
-2.57098043849301	0.664920470822356
0.963743115659934	0.255236344279286
1.96276901321247	0.454520391574277
0.178586346650125	0.0453095875153282
0.178049240810411	0.0452053813438565
-0.124226356552131	0.0441913898094736
1.96372117107544	0.45473924627511
-0.383079688291509	0.158804711375769
0.38930660854109	0.198280596568872
-0.329512287054466	0.094417417841927
-0.326043908260378	0.0934449166225896
0.180484451327502	0.0542489043189748
-0.198757003958094	0.063979613393949
0.964404580081594	0.255330782344719
-2.57067328278635	0.665094197548339
1.47155078449581	0.491168545293048
1.47032706033056	0.490703617760438
0.178049240810411	0.0452053813438565
1.96372117107544	0.45473924627511
1.96276901321247	0.454520391574277
1.96372117107544	0.45473924627511
1.96276901321247	0.454520391574277
1.96372117107544	0.45473924627511
3.27752825134246	1.12202020233476
2.76671632811135	0.782410087450427
-0.614206104379299	0.148455859250315
0.963743115659934	0.255236344279286
0.165088029467664	0.0313824661178469
1.96372117107544	0.45473924627511
0.167889275021725	0.0576253650682983
0.466438199138473	0.189262806780757
0.173675896434513	0.0522954303204406
0.681600849226051	0.217707538421281
1.08987648449466	0.532755954625442
0.693668977910988	0.221707820486434
0.178820853869998	0.0612698080138397
0.964404580081594	0.255330782344719
0.174567931745634	0.0598240637323324
-0.292196089379769	0.132926442308598
0.165088029467664	0.0313824661178469
-1.79346061997896	0.390723019452767
-2.57522664974505	0.666917731403372
-1.79346061997896	0.390723019452767
2.76109157462938	0.779871501961836
1.06762213189116	0.40860472471242
2.76559849788836	0.78194178274137
1.96276901321247	0.454520391574277
-1.7934287506278	0.390727439150181
1.96276901321247	0.454520391574277
1.96684138854469	0.455504908505281
1.96372117107544	0.45473924627511
2.76219840038386	0.780594539857824
1.96276901321247	0.454520391574277
0.165880035481028	0.0314978449610492
1.96276901321247	0.454520391574277
1.47086646676889	0.49088731436037
1.46964366147565	0.490422889690681
0.961881298984383	0.254903830883264
1.96372117107544	0.45473924627511
0.963743115659934	0.255236344279286
3.27152519356808	1.11907150574555
0.964404580081594	0.255330782344719
1.47032706033056	0.490703617760438
1.96372117107544	0.45473924627511
-1.7934287506278	0.390727439150181
1.96276901321247	0.454520391574277
1.96372117107544	0.45473924627511
1.96372117107544	0.45473924627511
1.96276901321247	0.454520391574277
1.96276901321247	0.454520391574277
1.96684138854469	0.455504908505281
1.96276901321247	0.454520391574277
-1.79346061997896	0.390723019452767
1.96372117107544	0.45473924627511
2.76330811440907	0.780761067286217
0.963214248695465	0.255090594573707
0.165880035481028	0.0314978449610492
1.96276901321247	0.454520391574277
1.4646350690462	0.48856709745013
0.179274213223518	0.0454636418217038
0.183063896529214	0.0463401006276899
1.96276901321247	0.454520391574277
-0.124837825991722	0.044401537177189
0.963743115659934	0.255236344279286
3.94011940400443	1.7432966017604
-0.618535635333325	0.149538863092151
-3.07350260546998	0.94852963330217
0.164778629348208	0.0313374327003096
1.84140390214436	0.726768879551614
-1.79346061997896	0.390723019452767
-2.57067328278635	0.665094197548339
0.165880035481028	0.0314978449610492
0.165880035481028	0.0314978449610492
-1.79346061997896	0.390723019452767
-1.7934287506278	0.390727439150181
3.27152519356808	1.11907150574555
1.96276901321247	0.454520391574277
-1.79346061997896	0.390723019452767
1.96372117107544	0.45473924627511
1.47525146835293	0.492648627415429
1.96276901321247	0.454520391574277
3.27631781619437	1.12171855032085
1.96372117107544	0.45473924627511
2.76219840038386	0.780594539857824
1.07150769114618	0.410034531241997
1.38501298214506	1.28405611249437
0.62755516655943	0.330833705411334
-0.198045826596271	0.0637553577032532
0.421928659406831	0.192265447618348
-0.119628382929123	0.0426124014215239
0.169566032486793	0.032038095111837
1.84525714600486	0.728756039651982
2.76219840038386	0.780594539857824
0.691293725798235	0.220916760169014
2.76219840038386	0.780594539857824
1.96372117107544	0.45473924627511
2.76219840038386	0.780594539857824
1.96372117107544	0.45473924627511
1.96276901321247	0.454520391574277
1.47032706033056	0.490703617760438
3.27993169130503	1.12298306623949
0.165088029467664	0.0313824661178469
1.96372117107544	0.45473924627511
0.716480109085594	0.338424362653326
0.557377051584084	0.202557437641114
3.94644126070058	1.74779877932007
2.76109157462938	0.779871501961836
0.968469219672053	0.25651021792255
-3.07350260546998	0.94852963330217
1.96276901321247	0.454520391574277
1.96372117107544	0.45473924627511
1.96372117107544	0.45473924627511
1.96276901321247	0.454520391574277
1.96372117107544	0.45473924627511
-1.7934287506278	0.390727439150181
0.169566032486793	0.032038095111837
1.96276901321247	0.454520391574277
1.96276901321247	0.454520391574277
1.96372117107544	0.45473924627511
1.96372117107544	0.45473924627511
2.76109157462938	0.779871501961836
3.27152519356808	1.11907150574555
0.183809152406343	0.0629189729289287
-1.47040491716202	0.741636469196257
1.59158476389303	0.799305203801273
1.96372117107544	0.45473924627511
-0.618535635333325	0.149538863092151
0.169248055862235	0.0319917175833404
1.96276901321247	0.454520391574277
1.96684138854469	0.455504908505281
1.96276901321247	0.454520391574277
1.96276901321247	0.454520391574277
0.164778629348208	0.0313374327003096
0.165088029467664	0.0313824661178469
-2.57036588579023	0.664816582891659
1.96684138854469	0.455504908505281
-2.57036588579023	0.664816582891659
1.96276901321247	0.454520391574277
0.16619130625606	0.0315431724784316
-2.57036588579023	0.664816582891659
1.96372117107544	0.45473924627511
1.47525146835293	0.492648627415429
0.16619130625606	0.0315431724784316
1.84022304372881	0.72612017307568
0.165088029467664	0.0313824661178469
0.164778629348208	0.0313374327003096
0.16619130625606	0.0315431724784316
0.176139035531232	0.0447669868764769
2.37939544032746	1.20665053912734
0.17552413766954	0.0528075604100104
-1.82198719811347	1.14169135139645
1.47032706033056	0.490703617760438
0.963743115659934	0.255236344279286
2.76109157462938	0.779871501961836
1.96276901321247	0.454520391574277
1.96276901321247	0.454520391574277
0.164778629348208	0.0313374327003096
-1.79346061997896	0.390723019452767
1.96276901321247	0.454520391574277
1.96276901321247	0.454520391574277
1.96276901321247	0.454520391574277
1.96372117107544	0.45473924627511
1.96276901321247	0.454520391574277
0.165880035481028	0.0314978449610492
2.13275419746116	0.963270597877117
0.16619130625606	0.0315431724784316
1.05235833798367	0.401844810202421
0.164778629348208	0.0313374327003096
-0.613682540053849	0.148388769407339
0.168798681180132	0.0736895709517737
0.881027377894664	0.654030068680099
0.985905004093404	0.674294853413815
0.179114799832285	0.061333195223855
-0.619069360213747	0.149654914653121
1.96276901321247	0.454520391574277
1.96276901321247	0.454520391574277
0.165088029467664	0.0313824661178469
2.76559849788836	0.78194178274137
1.96276901321247	0.454520391574277
-2.57522664974505	0.666917731403372
1.96684138854469	0.455504908505281
0.165088029467664	0.0313824661178469
2.76219840038386	0.780594539857824
0.967271104517323	0.256176548116206
3.27272750868887	1.11966450015405
0.181837521716867	0.0460537144756759
1.05952860814689	0.405011691745652
-0.326310377140785	0.0935168437296262
-0.703264262088321	0.240508331840629
0.18374299244507	0.0464795790495071
-0.612487701707529	0.148134994320372
1.96372117107544	0.45473924627511
0.844441707134117	0.359109180860946
1.3524197012094	0.598640284839141
0.16619130625606	0.0315431724784316
-2.57067328278635	0.665094197548339
0.164778629348208	0.0313374327003096
1.96276901321247	0.454520391574277
2.76219840038386	0.780594539857824
2.76219840038386	0.780594539857824
1.46842163094462	0.489769078028611
0.183960045070368	0.0552151922972765
1.96276901321247	0.454520391574277
1.96276901321247	0.454520391574277
1.96372117107544	0.45473924627511
1.96372117107544	0.45473924627511
0.554529317239519	0.201500781149606
-2.57036588579023	0.664816582891659
0.695609467079394	0.222209476353201
0.181159179759352	0.0458876218072277
-0.319817646410374	0.0917687104349087
0.16619130625606	0.0315431724784316
0.164625296117395	0.0313507498370328
0.165880035481028	0.0314978449610492
1.35636045207216	0.600949327384119
0.559194393002298	0.203206497133562
0.962553055030982	0.254827961566665
0.16619130625606	0.0315431724784316
1.96276901321247	0.454520391574277
1.96276901321247	0.454520391574277
1.96372117107544	0.45473924627511
1.96276901321247	0.454520391574277
1.96276901321247	0.454520391574277
0.16619130625606	0.0315431724784316
1.96276901321247	0.454520391574277
2.76330811440907	0.780761067286217
1.96276901321247	0.454520391574277
0.962553055030982	0.254827961566665
0.184291063239428	0.0465991085839434
-0.613158918177153	0.148231887572971
-2.57036588579023	0.664816582891659
-1.7934287506278	0.390727439150181
0.176139035531232	0.0447669868764769
-1.79346061997896	0.390723019452767
-2.57098043849301	0.664920470822356
1.96276901321247	0.454520391574277
1.96372117107544	0.45473924627511
1.96276901321247	0.454520391574277
0.165088029467664	0.0313824661178469
0.164778629348208	0.0313374327003096
0.963214248695465	0.255090594573707
-2.57067328278635	0.665094197548339
0.967933372585482	0.256362285789635
-0.617339897765464	0.149284387408846
-0.618535635333325	0.149538863092151
-1.79346061997896	0.390723019452767
-1.7934287506278	0.390727439150181
0.621239481176466	0.326488080635196
-0.227444546776905	0.112598752442291
0.571767053463035	0.333729437176485
1.96276901321247	0.454520391574277
0.968469219672053	0.25651021792255
2.76219840038386	0.780594539857824
2.76671632811135	0.782410087450427
1.47155078449581	0.491168545293048
1.96372117107544	0.45473924627511
1.96276901321247	0.454520391574277
1.96276901321247	0.454520391574277
0.165880035481028	0.0314978449610492
-0.922855246840725	0.557258807484023
0.181222403711057	0.0544586569816679
-0.613682540053849	0.148388769407339
-0.608428787479893	0.147248610626808
0.182384642090162	0.0461735738884295
1.96276901321247	0.454520391574277
0.165088029467664	0.0313824661178469
0.192388128577069	0.048380175396211
1.47086646676889	0.49088731436037
0.165088029467664	0.0313824661178469
0.926900126021839	0.504246365110297
1.35276823183269	0.59898514245525
0.183063896529214	0.0463401006276899
0.182336403143595	0.0547549505032696
3.94011940400443	1.7432966017604
1.96276901321247	0.454520391574277
1.96276901321247	0.454520391574277
-1.7934287506278	0.390727439150181
-2.57067328278635	0.665094197548339
1.96276901321247	0.454520391574277
0.181053134529505	0.0458624936397602
3.27152519356808	1.11907150574555
1.96276901321247	0.454520391574277
0.164778629348208	0.0313374327003096
0.962025660417238	0.254682745005495
3.27631781619437	1.12171855032085
0.688637326691298	0.220082192676685
0.166867074881095	0.0572696115379919
0.165880035481028	0.0314978449610492
0.852103342696698	0.362781104166057
1.96372117107544	0.45473924627511
0.549160121479864	0.19934633555332
0.962025660417238	0.254682745005495
0.18374299244507	0.0464795790495071
0.165088029467664	0.0313824661178469
2.76219840038386	0.780594539857824
0.967271104517323	0.256176548116206
0.964404580081594	0.255330782344719
1.96372117107544	0.45473924627511
0.164778629348208	0.0313374327003096
1.96276901321247	0.454520391574277
1.96276901321247	0.454520391574277
3.27393157336313	1.11982869858365
1.96276901321247	0.454520391574277
1.96276901321247	0.454520391574277
0.963743115659934	0.255236344279286
-0.613012730411062	0.148202450577793
1.47525146835293	0.492648627415429
1.05767805940452	0.40430204105456
0.692028142380155	0.221092112401465
-1.11760971687047	0.337077079720442
0.160144755571284	0.0306956063740573
1.96276901321247	0.454520391574277
-2.57067328278635	0.665094197548339
3.6449477089076	1.4449787602644
0.686270437198953	0.219228628867356
0.16619130625606	0.0315431724784316
1.96372117107544	0.45473924627511
0.165880035481028	0.0314978449610492
1.96372117107544	0.45473924627511
0.161251150232847	0.0308565698216007
0.165880035481028	0.0314978449610492
0.164778629348208	0.0313374327003096
-0.613012730411062	0.148202450577793
-1.7934287506278	0.390727439150181
1.96276901321247	0.454520391574277
0.16619130625606	0.0315431724784316
-1.11951983581622	0.337809535545767
0.165088029467664	0.0313824661178469
-1.79346061997896	0.390723019452767
-1.79346061997896	0.390723019452767
-2.57554526884402	0.666976966437407
-0.3358441065628	0.0961666214694948
0.165880035481028	0.0314978449610492
0.165088029467664	0.0313824661178469
1.96276901321247	0.454520391574277
1.96276901321247	0.454520391574277
0.165880035481028	0.0314978449610492
0.962553055030982	0.254827961566665
0.165088029467664	0.0313824661178469
0.693668977910988	0.221707820486434
0.958352222975233	0.253964848564806
0.164778629348208	0.0313374327003096
1.96276901321247	0.454520391574277
1.46585570298693	0.489030037475911
0.967933372585482	0.256362285789635
3.64742237939513	1.44635997008149
1.96372117107544	0.45473924627511
-2.57098043849301	0.664920470822356
0.160144755571284	0.0306956063740573
-0.613682540053849	0.148388769407339
0.165088029467664	0.0313824661178469
0.165088029467664	0.0313824661178469
0.963214248695465	0.255090594573707
-0.330698472981565	0.0947716626031445
1.96372117107544	0.45473924627511
2.76219840038386	0.780594539857824
0.966736740010186	0.256029100393941
-0.613158918177153	0.148231887572971
2.77014537202506	0.783552977740789
-1.79346061997896	0.390723019452767
-1.7934287506278	0.390727439150181
-1.79346061997896	0.390723019452767
1.96684138854469	0.455504908505281
1.96372117107544	0.45473924627511
2.76671632811135	0.782410087450427
1.96372117107544	0.45473924627511
2.76219840038386	0.780594539857824
0.165088029467664	0.0313824661178469
0.165880035481028	0.0314978449610492
1.96372117107544	0.45473924627511
1.96684138854469	0.455504908505281
1.96372117107544	0.45473924627511
2.76109157462938	0.779871501961836
-1.79346061997896	0.390723019452767
1.96276901321247	0.454520391574277
0.165088029467664	0.0313824661178469
1.96372117107544	0.45473924627511
1.96372117107544	0.45473924627511
0.963214248695465	0.255090594573707
0.169566032486793	0.032038095111837
0.549516086641495	0.199542874934359
0.557377051584084	0.202557437641114
2.13847384175308	0.967026817523456
0.963214248695465	0.255090594573707
-1.7934287506278	0.390727439150181
1.96276901321247	0.454520391574277
1.96372117107544	0.45473924627511
1.46910411205871	0.490049168285487
0.964404580081594	0.255330782344719
1.96684138854469	0.455504908505281
1.96684138854469	0.455504908505281
1.47155078449581	0.491168545293048
-2.57067328278635	0.665094197548339
0.181159179759352	0.0458876218072277
0.165088029467664	0.0313824661178469
1.96276901321247	0.454520391574277
1.96276901321247	0.454520391574277
1.96276901321247	0.454520391574277
-2.57067328278635	0.665094197548339
-0.60895933746012	0.147406558741333
-0.613682540053849	0.148388769407339
-1.79346061997896	0.390723019452767
-0.612487701707529	0.148134994320372
-1.79346061997896	0.390723019452767
1.96372117107544	0.45473924627511
0.16619130625606	0.0315431724784316
1.96276901321247	0.454520391574277
0.46999148399849	0.190698535513048
-0.366923986553794	0.151522574693312
-0.613012730411062	0.148202450577793
-0.703604701863641	0.240656194919364
2.76109157462938	0.779871501961836
1.4745635305468	0.492365493098567
2.76109157462938	0.779871501961836
2.76330811440907	0.780761067286217
3.27272750868887	1.11966450015405
-1.7934287506278	0.390727439150181
0.165088029467664	0.0313824661178469
1.96372117107544	0.45473924627511
2.76109157462938	0.779871501961836
-3.07402416243152	0.948685276185543
-0.325663137440616	0.0933864485177264
1.96372117107544	0.45473924627511
1.96372117107544	0.45473924627511
0.164778629348208	0.0313374327003096
-1.7934287506278	0.390727439150181
1.96276901321247	0.454520391574277
-1.7934287506278	0.390727439150181
-2.57036588579023	0.664816582891659
-0.612487701707529	0.148134994320372
1.96372117107544	0.45473924627511
3.27272750868887	1.11966450015405
2.76330811440907	0.780761067286217
-0.612487701707529	0.148134994320372
3.27272750868887	1.11966450015405
1.84184770666887	0.726890218717793
-0.707845094848957	0.242262716671496
2.76219840038386	0.780594539857824
0.184291063239428	0.0465991085839434
3.27032462336087	1.11801013776878
0.165880035481028	0.0314978449610492
2.76109157462938	0.779871501961836
0.692481142426252	0.221366284684109
-0.325582325201124	0.0933470317045756
-0.121054339160597	0.0431026949768407
0.165880035481028	0.0314978449610492
0.16619130625606	0.0315431724784316
1.96276901321247	0.454520391574277
2.76219840038386	0.780594539857824
1.46964366147565	0.490422889690681
0.165880035481028	0.0314978449610492
0.690559056864311	0.220592978829305
-0.613682540053849	0.148388769407339
0.16619130625606	0.0315431724784316
1.96684138854469	0.455504908505281
-1.7934287506278	0.390727439150181
0.16619130625606	0.0315431724784316
1.96276901321247	0.454520391574277
3.27631781619437	1.12171855032085
1.96276901321247	0.454520391574277
2.76671632811135	0.782410087450427
2.13496821496621	0.964511990833866
0.968469219672053	0.25651021792255
1.96276901321247	0.454520391574277
1.96276901321247	0.454520391574277
-0.198045826596271	0.0637553577032532
-0.704386334982379	0.240838421723177
1.3524197012094	0.598640284839141
2.76219840038386	0.780594539857824
-3.44754089021611	1.22379406077669
0.180107983152346	0.0541465694868784
3.27631781619437	1.12171855032085
0.967933372585482	0.256362285789635
0.692481142426252	0.221366284684109
-2.57067328278635	0.665094197548339
-0.3358441065628	0.0961666214694948
-1.79346061997896	0.390723019452767
0.183063896529214	0.0463401006276899
1.84451762847753	0.728350716630867
1.96276901321247	0.454520391574277
1.4745635305468	0.492365493098567
2.76109157462938	0.779871501961836
1.96276901321247	0.454520391574277
-2.57067328278635	0.665094197548339
0.165880035481028	0.0314978449610492
1.96372117107544	0.45473924627511
2.76559849788836	0.78194178274137
0.169566032486793	0.032038095111837
0.169566032486793	0.032038095111837
0.963078860472085	0.255236868510046
1.59462863307605	0.801559751291256
-2.57067328278635	0.665094197548339
1.96372117107544	0.45473924627511
1.96276901321247	0.454520391574277
1.96276901321247	0.454520391574277
0.179746383607047	0.0540100642734575
-0.612487701707529	0.148134994320372
-0.19265924146981	0.0621226000055922
1.8039005047542	1.01823404154245
0.182515705814395	0.0461929473161663
-0.745838143765145	0.322552749669043
-1.79785205353169	0.391773074809323
1.46842163094462	0.489769078028611
2.76330811440907	0.780761067286217
0.165088029467664	0.0313824661178469
1.46964366147565	0.490422889690681
0.967271104517323	0.256176548116206
1.96276901321247	0.454520391574277
0.164778629348208	0.0313374327003096
0.165088029467664	0.0313824661178469
1.84333369293536	0.727520140615955
1.96372117107544	0.45473924627511
0.683520003518989	0.218340470189805
0.165088029467664	0.0313824661178469
1.96684138854469	0.455504908505281
1.96276901321247	0.454520391574277
2.76671632811135	0.782410087450427
-1.7934287506278	0.390727439150181
0.164778629348208	0.0313374327003096
-0.617875104469477	0.149400727468359
0.164778629348208	0.0313374327003096
1.96276901321247	0.454520391574277
0.165880035481028	0.0314978449610492
0.165088029467664	0.0313824661178469
1.96372117107544	0.45473924627511
2.76219840038386	0.780594539857824
0.164778629348208	0.0313374327003096
0.688637326691298	0.220082192676685
1.96276901321247	0.454520391574277
1.96276901321247	0.454520391574277
0.179274213223518	0.0454636418217038
2.76219840038386	0.780594539857824
1.96276901321247	0.454520391574277
0.962553055030982	0.254827961566665
-2.57098043849301	0.664920470822356
0.181837521716867	0.0460537144756759
3.27032462336087	1.11801013776878
1.96372117107544	0.45473924627511
-0.196970790009868	0.0634432336968819
0.844102061792565	0.359001237920257
0.844441707134117	0.359109180860946
0.183222271364428	0.0550052131678393
-1.79785205353169	0.391773074809323
0.165088029467664	0.0313824661178469
0.185813320888401	0.0557349268614171
1.96372117107544	0.45473924627511
-1.49753171438992	0.532305096548695
3.27272750868887	1.11966450015405
3.27272750868887	1.11966450015405
2.76330811440907	0.780761067286217
1.47525146835293	0.492648627415429
0.16619130625606	0.0315431724784316
1.47032706033056	0.490703617760438
3.27272750868887	1.11966450015405
1.96276901321247	0.454520391574277
0.181598622209813	0.0545451831920276
2.76219840038386	0.780594539857824
3.64618465324491	1.4458034047001
-0.613012730411062	0.148202450577793
0.963214248695465	0.255090594573707
3.27152519356808	1.11907150574555
0.958352222975233	0.253964848564806
0.16619130625606	0.0315431724784316
2.76109157462938	0.779871501961836
0.164778629348208	0.0313374327003096
2.76219840038386	0.780594539857824
1.96372117107544	0.45473924627511
3.27752825134246	1.12202020233476
1.96276901321247	0.454520391574277
2.76559849788836	0.78194178274137
1.96372117107544	0.45473924627511
-1.7934287506278	0.390727439150181
-1.7934287506278	0.390727439150181
0.964934921520073	0.255476948633611
-1.7934287506278	0.390727439150181
0.964404580081594	0.255330782344719
-0.195896300806791	0.0631110974355499
0.963214248695465	0.255090594573707
2.76219840038386	0.780594539857824
3.27032462336087	1.11801013776878
-1.7934287506278	0.390727439150181
0.165088029467664	0.0313824661178469
1.96276901321247	0.454520391574277
0.165880035481028	0.0314978449610492
1.96276901321247	0.454520391574277
0.963214248695465	0.255090594573707
1.96276901321247	0.454520391574277
0.16619130625606	0.0315431724784316
0.164778629348208	0.0313374327003096
-3.07928878926676	0.951136693928373
1.96276901321247	0.454520391574277
-0.612487701707529	0.148134994320372
1.96372117107544	0.45473924627511
0.966736740010186	0.256029100393941
1.96684138854469	0.455504908505281
-0.611962616144159	0.147977912487881
0.165088029467664	0.0313824661178469
2.76330811440907	0.780761067286217
2.76219840038386	0.780594539857824
0.16619130625606	0.0315431724784316
-1.79346061997896	0.390723019452767
0.165880035481028	0.0314978449610492
0.962553055030982	0.254827961566665
0.16619130625606	0.0315431724784316
3.27272750868887	1.11966450015405
1.96372117107544	0.45473924627511
2.76559849788836	0.78194178274137
0.963214248695465	0.255090594573707
-3.44686848748983	1.22339694388155
3.27272750868887	1.11966450015405
0.182384642090162	0.0461735738884295
3.27510914666181	1.12076297640292
-1.7934287506278	0.390727439150181
0.691293725798235	0.220916760169014
-3.7511927754544	1.4825089606666
0.16619130625606	0.0315431724784316
3.27631781619437	1.12171855032085
3.27032462336087	1.11801013776878
0.182384642090162	0.0461735738884295
0.165088029467664	0.0313824661178469
1.96276901321247	0.454520391574277
1.96684138854469	0.455504908505281
0.964934921520073	0.255476948633611
0.165088029467664	0.0313824661178469
0.169566032486793	0.032038095111837
0.964934921520073	0.255476948633611
0.962553055030982	0.254827961566665
0.164778629348208	0.0313374327003096
1.96276901321247	0.454520391574277
1.96372117107544	0.45473924627511
0.165088029467664	0.0313824661178469
-1.79346061997896	0.390723019452767
1.96276901321247	0.454520391574277
0.966736740010186	0.256029100393941
-1.7934287506278	0.390727439150181
2.76219840038386	0.780594539857824
1.96276901321247	0.454520391574277
1.96372117107544	0.45473924627511
-0.619069360213747	0.149654914653121
0.164778629348208	0.0313374327003096
1.47086646676889	0.49088731436037
2.76671632811135	0.782410087450427
0.553434299021439	0.200998764869903
1.35636045207216	0.600949327384119
0.179008086694114	0.0538125056714061
-0.130588459022303	0.0464095375974323
0.161251150232847	0.0308565698216007
1.96372117107544	0.45473924627511
1.96276901321247	0.454520391574277
0.179369859705814	0.0539368960907662
1.96372117107544	0.45473924627511
-0.612487701707529	0.148134994320372
0.161251150232847	0.0308565698216007
-0.613012730411062	0.148202450577793
0.963214248695465	0.255090594573707
0.16619130625606	0.0315431724784316
-2.57098043849301	0.664920470822356
-3.07350260546998	0.94852963330217
0.178254851579563	0.0536080680261321
-2.57067328278635	0.665094197548339
1.4745635305468	0.492365493098567
0.173675896434513	0.0522954303204406
1.96276901321247	0.454520391574277
0.164778629348208	0.0313374327003096
-1.79785205353169	0.391773074809323
-1.79346061997896	0.390723019452767
-2.57067328278635	0.665094197548339
1.96372117107544	0.45473924627511
0.164778629348208	0.0313374327003096
1.96372117107544	0.45473924627511
1.96276901321247	0.454520391574277
0.850069339148531	0.361876749971404
-2.08973098216549	1.57876240164745
1.9812941879669	1.24628341230396
-0.118832847756901	0.0423587664894206
-1.12019427196772	0.338020301365193
-0.129584455026173	0.0460681277767629
0.181667939966376	0.0702988324065902
-0.496879333423488	0.187181684059415
-0.214605657396636	0.105671456263369
-0.497540036768389	0.187445875024767
-0.0420285843925956	0.0180023478597064
0.173841338161581	0.0596051278079202
0.844796816473284	0.359284495888571
2.76559849788836	0.78194178274137
1.83948692258838	0.725717515665962
0.16619130625606	0.0315431724784316
0.165880035481028	0.0314978449610492
0.169248055862235	0.0319917175833404
-2.57067328278635	0.665094197548339
1.05804592236107	0.404331959594976
-1.11884555197394	0.337481516657706
1.96372117107544	0.45473924627511
3.27393157336313	1.11982869858365
2.76109157462938	0.779871501961836
1.47333622017027	0.491753136545405
1.96684138854469	0.455504908505281
0.16619130625606	0.0315431724784316
1.96276901321247	0.454520391574277
-0.19689123280029	0.0634436268958657
1.35170505429441	0.598459395279544
0.165880035481028	0.0314978449610492
-0.321011266565823	0.0920911495247304
0.964934921520073	0.255476948633611
0.184291063239428	0.0465991085839434
0.963743115659934	0.255236344279286
-0.609489833121369	0.147475344257464
0.686270437198953	0.219228628867356
0.182515705814395	0.0461929473161663
3.6562424083433	1.45087157924203
0.665611472600789	0.605212326355394
0.844814315795138	0.35923810015676
0.471420558054818	0.191448507230208
0.81088439890782	0.645314307127862
0.677609682182621	0.485792351903637
0.483172865076361	0.196579805965247
0.503610924660809	0.347310060517766
0.63318029710856	0.334156962897562
0.178254851579563	0.0536080680261321
0.166296718380713	0.080824132359532
-0.176409946498974	0.0935345838153479
-0.775327804438646	0.587935307720134
0.164778629348208	0.0313374327003096
0.550585584584045	0.199969616725774
2.76109157462938	0.779871501961836
1.96276901321247	0.454520391574277
0.165088029467664	0.0313824661178469
0.164778629348208	0.0313374327003096
1.96276901321247	0.454520391574277
1.29710109202098	0.720413271617915
1.96372117107544	0.45473924627511
1.96276901321247	0.454520391574277
1.96372117107544	0.45473924627511
1.96276901321247	0.454520391574277
1.96276901321247	0.454520391574277
1.96276901321247	0.454520391574277
-0.196970790009868	0.0634432336968819
0.687368688538373	0.21962274738387
1.96684138854469	0.455504908505281
-0.374796496741303	0.155035092886394
-0.321011266565823	0.0920911495247304
0.174142036090339	0.059669100128654
0.882413731815279	0.812442832591617
1.79290996373742	1.40598466679202
1.84184770666887	0.726890218717793
0.53056230183372	0.338881365630724
0.425882931318365	0.194252543090857
0.921092864698219	0.500523676292866
0.181818699802489	0.0886557299488949
-1.01084929511225	0.400388606838382
0.183960045070368	0.0552151922972765
0.165880035481028	0.0314978449610492
2.76109157462938	0.779871501961836
0.169566032486793	0.032038095111837
0.966637590266194	0.256126252544328
1.96372117107544	0.45473924627511
1.96372117107544	0.45473924627511
1.96372117107544	0.45473924627511
0.165088029467664	0.0313824661178469
1.96276901321247	0.454520391574277
0.962553055030982	0.254827961566665
-0.326310377140785	0.0935168437296262
-0.132739820857166	0.0471619686484614
-0.497838467787884	0.18767273749484
-0.698670682702589	0.238794577468402
1.96372117107544	0.45473924627511
0.967933372585482	0.256362285789635
0.62664849063822	0.477002612671194
-0.289534186470723	0.131552307490691
1.08334307256198	0.528851903877681
0.967933372585482	0.256362285789635
2.76671632811135	0.782410087450427
1.96372117107544	0.45473924627511
1.96684138854469	0.455504908505281
1.96372117107544	0.45473924627511
1.96276901321247	0.454520391574277
1.96276901321247	0.454520391574277
1.96276901321247	0.454520391574277
0.68147828635663	0.217588955390278
1.96372117107544	0.45473924627511
1.46842163094462	0.489769078028611
-0.608428787479893	0.147248610626808
2.76219840038386	0.780594539857824
1.96276901321247	0.454520391574277
2.76219840038386	0.780594539857824
3.64995436887393	1.44813448599007
1.96684138854469	0.455504908505281
1.96276901321247	0.454520391574277
0.171823205535587	0.0665025905062441
-2.57036588579023	0.664816582891659
2.76219840038386	0.780594539857824
0.164778629348208	0.0313374327003096
1.96372117107544	0.45473924627511
0.169566032486793	0.032038095111837
1.96276901321247	0.454520391574277
1.96684138854469	0.455504908505281
2.76109157462938	0.779871501961836
1.96276901321247	0.454520391574277
0.181837521716867	0.0460537144756759
-3.07350260546998	0.94852963330217
0.168550105131561	0.0578455983856731
1.06577121205577	0.407529899333474
0.963743115659934	0.255236344279286
-3.07402416243152	0.948685276185543
0.165088029467664	0.0313824661178469
1.96372117107544	0.45473924627511
1.96372117107544	0.45473924627511
3.6562424083433	1.45087157924203
0.421016652154646	0.191681857776423
-0.458898053908336	0.237046824539377
0.178254851579563	0.0536080680261321
0.16619130625606	0.0315431724784316
1.96372117107544	0.45473924627511
0.963743115659934	0.255236344279286
1.96372117107544	0.45473924627511
2.76219840038386	0.780594539857824
2.77014537202506	0.783552977740789
1.96276901321247	0.454520391574277
1.96372117107544	0.45473924627511
1.96276901321247	0.454520391574277
2.76109157462938	0.779871501961836
1.47333622017027	0.491753136545405
4.18934074145553	2.03655237370426
0.691293725798235	0.220916760169014
0.181959964224185	0.0546519449572612
1.96372117107544	0.45473924627511
1.96276901321247	0.454520391574277
1.96276901321247	0.454520391574277
-0.193735099625946	0.0624393983877589
-3.07350260546998	0.94852963330217
2.13460629217846	0.96446244584926
2.76330811440907	0.780761067286217
-0.612487701707529	0.148134994320372
0.165088029467664	0.0313824661178469
1.96372117107544	0.45473924627511
1.96276901321247	0.454520391574277
0.164778629348208	0.0313374327003096
0.165088029467664	0.0313824661178469
1.96372117107544	0.45473924627511
0.161251150232847	0.0308565698216007
1.96276901321247	0.454520391574277
-1.7934287506278	0.390727439150181
1.96372117107544	0.45473924627511
0.165088029467664	0.0313824661178469
1.96372117107544	0.45473924627511
1.96276901321247	0.454520391574277
0.964404580081594	0.255330782344719
1.96372117107544	0.45473924627511
0.178049240810411	0.0452053813438565
1.96372117107544	0.45473924627511
-0.213644048302936	0.105236136730746
-0.119231040222735	0.0424930904552538
0.722957590668533	0.342224485810067
2.76219840038386	0.780594539857824
2.76219840038386	0.780594539857824
0.964934921520073	0.255476948633611
0.963743115659934	0.255236344279286
1.05952860814689	0.405011691745652
0.972026783845071	0.25740024127234
-1.79346061997896	0.390723019452767
1.96684138854469	0.455504908505281
0.165088029467664	0.0313824661178469
-1.7934287506278	0.390727439150181
-3.07350260546998	0.94852963330217
1.96372117107544	0.45473924627511
1.96372117107544	0.45473924627511
1.96276901321247	0.454520391574277
0.180107983152346	0.0541465694868784
1.96276901321247	0.454520391574277
1.96372117107544	0.45473924627511
1.47525146835293	0.492648627415429
-1.49633399610699	0.531774933095134
1.96276901321247	0.454520391574277
1.84570196896662	0.728945119955139
2.76219840038386	0.780594539857824
1.96372117107544	0.45473924627511
0.165880035481028	0.0314978449610492
1.96372117107544	0.45473924627511
1.96276901321247	0.454520391574277
1.96276901321247	0.454520391574277
1.96276901321247	0.454520391574277
1.96372117107544	0.45473924627511
1.96372117107544	0.45473924627511
1.96372117107544	0.45473924627511
0.18374299244507	0.0464795790495071
0.164778629348208	0.0313374327003096
1.96684138854469	0.455504908505281
0.164778629348208	0.0313374327003096
1.96276901321247	0.454520391574277
1.96684138854469	0.455504908505281
1.96276901321247	0.454520391574277
1.96372117107544	0.45473924627511
1.96372117107544	0.45473924627511
0.183063896529214	0.0463401006276899
-0.196970790009868	0.0634432336968819
-0.326043908260378	0.0934449166225896
0.169248055862235	0.0319917175833404
1.96684138854469	0.455504908505281
1.96276901321247	0.454520391574277
1.96372117107544	0.45473924627511
1.84140390214436	0.726768879551614
1.96372117107544	0.45473924627511
2.76109157462938	0.779871501961836
2.76109157462938	0.779871501961836
1.96372117107544	0.45473924627511
0.165088029467664	0.0313824661178469
-3.07402416243152	0.948685276185543
1.96684138854469	0.455504908505281
-1.7934287506278	0.390727439150181
1.96372117107544	0.45473924627511
1.96684138854469	0.455504908505281
0.169566032486793	0.032038095111837
1.96372117107544	0.45473924627511
0.962025660417238	0.254682745005495
0.160144755571284	0.0306956063740573
1.96276901321247	0.454520391574277
2.76559849788836	0.78194178274137
0.958352222975233	0.253964848564806
1.96276901321247	0.454520391574277
1.96276901321247	0.454520391574277
1.96372117107544	0.45473924627511
-1.00448642825666	0.397437675069127
-1.12519556185123	0.339754109482426
1.96276901321247	0.454520391574277
0.169248055862235	0.0319917175833404
0.964404580081594	0.255330782344719
1.96276901321247	0.454520391574277
1.96372117107544	0.45473924627511
-1.79346061997896	0.390723019452767
1.46964366147565	0.490422889690681
1.96276901321247	0.454520391574277
1.96684138854469	0.455504908505281
1.96684138854469	0.455504908505281
0.169566032486793	0.032038095111837
0.962553055030982	0.254827961566665
0.164778629348208	0.0313374327003096
1.47897546128728	0.493826410303162
0.165088029467664	0.0313824661178469
1.05952860814689	0.405011691745652
-1.79346061997896	0.390723019452767
2.76330811440907	0.780761067286217
0.962553055030982	0.254827961566665
-1.11951983581622	0.337809535545767
1.08949555622004	0.532578731259661
-0.201906699363454	0.0650030146049408
0.958352222975233	0.253964848564806
-1.79785205353169	0.391773074809323
-1.7934287506278	0.390727439150181
1.96372117107544	0.45473924627511
1.96684138854469	0.455504908505281
1.96372117107544	0.45473924627511
1.96684138854469	0.455504908505281
3.27272750868887	1.11966450015405
1.96372117107544	0.45473924627511
1.96276901321247	0.454520391574277
1.96372117107544	0.45473924627511
1.96276901321247	0.454520391574277
0.175155035311403	0.0527334069281177
2.76109157462938	0.779871501961836
2.76671632811135	0.782410087450427
2.77014537202506	0.783552977740789
3.27631781619437	1.12171855032085
0.685539141555545	0.218907224669263
0.381660610509701	0.193754596112631
-1.29988786267863	0.803908130631996
0.962025660417238	0.254682745005495
-0.618535635333325	0.149538863092151
0.966736740010186	0.256029100393941
1.96276901321247	0.454520391574277
1.96684138854469	0.455504908505281
-1.79346061997896	0.390723019452767
1.96276901321247	0.454520391574277
1.83948692258838	0.725717515665962
0.971485400220684	0.257250631808135
-1.79346061997896	0.390723019452767
1.96276901321247	0.454520391574277
2.76109157462938	0.779871501961836
1.96372117107544	0.45473924627511
2.76330811440907	0.780761067286217
-0.324393158207149	0.0929933012825356
0.967933372585482	0.256362285789635
3.27393157336313	1.11982869858365
1.96372117107544	0.45473924627511
0.963743115659934	0.255236344279286
-0.703264262088321	0.240508331840629
-0.747743143432184	0.323592400924653
-2.57098043849301	0.664920470822356
-1.11458449535005	0.336227635184335
-2.57522664974505	0.666917731403372
0.161251150232847	0.0308565698216007
-0.614206104379299	0.148455859250315
1.96276901321247	0.454520391574277
1.96276901321247	0.454520391574277
0.181222403711057	0.0544586569816679
1.96276901321247	0.454520391574277
1.96276901321247	0.454520391574277
1.96276901321247	0.454520391574277
0.165088029467664	0.0313824661178469
-1.79346061997896	0.390723019452767
-1.7934287506278	0.390727439150181
1.96372117107544	0.45473924627511
0.968469219672053	0.25651021792255
-1.79346061997896	0.390723019452767
3.6449477089076	1.4449787602644
0.165088029467664	0.0313824661178469
1.96372117107544	0.45473924627511
1.96276901321247	0.454520391574277
1.96276901321247	0.454520391574277
-0.613012730411062	0.148202450577793
2.77014537202506	0.783552977740789
1.47579162106182	0.492713238749138
1.96372117107544	0.45473924627511
-1.7934287506278	0.390727439150181
0.165880035481028	0.0314978449610492
-0.327498449554433	0.0938114370055266
-0.611962616144159	0.147977912487881
0.179008086694114	0.0538125056714061
1.80169674675588	1.01712013676029
0.177158612557092	0.0532687900403008
0.173521500598921	0.0595020056954588
0.165088029467664	0.0313824661178469
0.169566032486793	0.032038095111837
1.96372117107544	0.45473924627511
1.46910411205871	0.490049168285487
1.47086646676889	0.49088731436037
1.96372117107544	0.45473924627511
1.96684138854469	0.455504908505281
0.164778629348208	0.0313374327003096
2.76219840038386	0.780594539857824
1.96276901321247	0.454520391574277
1.96372117107544	0.45473924627511
1.96276901321247	0.454520391574277
1.96276901321247	0.454520391574277
1.96684138854469	0.455504908505281
0.169248055862235	0.0319917175833404
1.96276901321247	0.454520391574277
1.96276901321247	0.454520391574277
1.96276901321247	0.454520391574277
1.96372117107544	0.45473924627511
0.915740456769865	0.49676650207074
0.182384642090162	0.0461735738884295
0.68278086909504	0.218093717626154
-1.7934287506278	0.390727439150181
1.96372117107544	0.45473924627511
-2.57554526884402	0.666976966437407
0.963743115659934	0.255236344279286
-1.12086886051128	0.33811902750598
1.96684138854469	0.455504908505281
0.963743115659934	0.255236344279286
0.178161345351442	0.0610444196674466
0.180107983152346	0.0541465694868784
-0.617875104469477	0.149400727468359
-1.7934287506278	0.390727439150181
-2.57098043849301	0.664920470822356
2.76330811440907	0.780761067286217
1.96372117107544	0.45473924627511
1.96276901321247	0.454520391574277
1.96372117107544	0.45473924627511
-1.7934287506278	0.390727439150181
1.96372117107544	0.45473924627511
0.164778629348208	0.0313374327003096
0.957162742729009	0.253557522610441
1.96684138854469	0.455504908505281
1.96684138854469	0.455504908505281
1.96372117107544	0.45473924627511
2.76109157462938	0.779871501961836
0.165880035481028	0.0314978449610492
1.96372117107544	0.45473924627511
1.96276901321247	0.454520391574277
1.96276901321247	0.454520391574277
2.76671632811135	0.782410087450427
1.96372117107544	0.45473924627511
1.96372117107544	0.45473924627511
0.548446031553528	0.199065921260852
-0.329512287054466	0.094417417841927
2.76330811440907	0.780761067286217
1.96372117107544	0.45473924627511
0.165880035481028	0.0314978449610492
0.165088029467664	0.0313824661178469
-2.57067328278635	0.665094197548339
-0.614206104379299	0.148455859250315
-0.631103048597107	0.369007412405944
-1.49753171438992	0.532305096548695
0.165880035481028	0.0314978449610492
0.16619130625606	0.0315431724784316
-1.7934287506278	0.390727439150181
0.16619130625606	0.0315431724784316
1.96372117107544	0.45473924627511
0.169248055862235	0.0319917175833404
0.959543454922691	0.254205280821647
1.96372117107544	0.45473924627511
1.96276901321247	0.454520391574277
1.96276901321247	0.454520391574277
1.96372117107544	0.45473924627511
3.27272750868887	1.11966450015405
1.96372117107544	0.45473924627511
1.96276901321247	0.454520391574277
2.76559849788836	0.78194178274137
1.96372117107544	0.45473924627511
1.96276901321247	0.454520391574277
2.76219840038386	0.780594539857824
1.09706403058277	0.537189552865879
0.685539141555545	0.218907224669263
1.35170505429441	0.598459395279544
1.06301156133644	0.406541088935866
1.96276901321247	0.454520391574277
1.96276901321247	0.454520391574277
1.96276901321247	0.454520391574277
2.76219840038386	0.780594539857824
-0.614345716129905	0.14867066764313
-0.320548811537412	0.09196618419473
0.964404580081594	0.255330782344719
-0.109234668391247	0.0390670609675347
-0.701407652969022	0.239760620804689
-3.45307509546519	1.22686211973226
0.164778629348208	0.0313374327003096
-2.57098043849301	0.664920470822356
1.96372117107544	0.45473924627511
1.96372117107544	0.45473924627511
1.96372117107544	0.45473924627511
0.836450863441204	0.355149677404318
0.544571131487334	0.197606668979847
1.47032706033056	0.490703617760438
-0.617339897765464	0.149284387408846
1.96372117107544	0.45473924627511
0.164778629348208	0.0313374327003096
3.27272750868887	1.11966450015405
1.96276901321247	0.454520391574277
0.165880035481028	0.0314978449610492
0.16619130625606	0.0315431724784316
1.96276901321247	0.454520391574277
1.96372117107544	0.45473924627511
1.96684138854469	0.455504908505281
0.181959964224185	0.0546519449572612
0.183063896529214	0.0463401006276899
1.99056232555864	1.25725286975559
-0.130152438617657	0.0462916762399095
-0.708220217877214	0.242291455152327
-2.57522664974505	0.666917731403372
1.96372117107544	0.45473924627511
-1.7934287506278	0.390727439150181
-0.611962616144159	0.147977912487881
-1.79346061997896	0.390723019452767
-1.49753171438992	0.532305096548695
0.0744761673155257	0.0462595286134754
-1.30910403050143	0.812976567943973
-0.613682540053849	0.148388769407339
-1.7934287506278	0.390727439150181
1.96276901321247	0.454520391574277
1.96276901321247	0.454520391574277
2.76219840038386	0.780594539857824
0.183063896529214	0.0463401006276899
0.840157162185809	0.356960591621439
-0.135927165330178	0.0482979662605247
0.16619130625606	0.0315431724784316
0.165088029467664	0.0313824661178469
0.963743115659934	0.255236344279286
0.164778629348208	0.0313374327003096
1.96372117107544	0.45473924627511
1.96276901321247	0.454520391574277
1.96276901321247	0.454520391574277
2.76219840038386	0.780594539857824
3.27152519356808	1.11907150574555
-0.330247461830149	0.0945973836552012
0.963214248695465	0.255090594573707
1.3524197012094	0.598640284839141
0.936781042440359	0.51118153558692
0.183440567956279	0.0627804993608223
0.181159179759352	0.0458876218072277
0.164778629348208	0.0313374327003096
-1.12019427196772	0.338020301365193
2.76330811440907	0.780761067286217
0.964934921520073	0.255476948633611
1.96276901321247	0.454520391574277
-1.7934287506278	0.390727439150181
0.164778629348208	0.0313374327003096
0.175894574529828	0.052931112244421
3.07244555523326	2.30200559250567
1.96372117107544	0.45473924627511
1.96276901321247	0.454520391574277
1.96276901321247	0.454520391574277
-0.613682540053849	0.148388769407339
0.183222271364428	0.0550052131678393
1.46910411205871	0.490049168285487
0.181743714491496	0.0460173511561772
1.47032706033056	0.490703617760438
0.963743115659934	0.255236344279286
1.96276901321247	0.454520391574277
1.96276901321247	0.454520391574277
0.169248055862235	0.0319917175833404
0.165088029467664	0.0313824661178469
0.962553055030982	0.254827961566665
0.961881298984383	0.254903830883264
3.27272750868887	1.11966450015405
0.181837521716867	0.0460537144756759
1.96684138854469	0.455504908505281
0.844102061792565	0.359001237920257
2.76647185641608	1.71261841624344
3.27631781619437	1.12171855032085
1.96372117107544	0.45473924627511
1.96276901321247	0.454520391574277
1.96372117107544	0.45473924627511
1.96276901321247	0.454520391574277
2.76109157462938	0.779871501961836
-1.79346061997896	0.390723019452767
-1.7934287506278	0.390727439150181
-1.79346061997896	0.390723019452767
0.165088029467664	0.0313824661178469
1.96372117107544	0.45473924627511
1.96276901321247	0.454520391574277
1.96276901321247	0.454520391574277
0.178586346650125	0.0453095875153282
-0.609489833121369	0.147475344257464
1.05731446601517	0.404073999886943
0.696347531127603	0.222535473365176
1.2909459897109	0.716591826504856
0.169645523309918	0.0656773816007843
-1.11760971687047	0.337077079720442
1.96276901321247	0.454520391574277
-1.7934287506278	0.390727439150181
0.16619130625606	0.0315431724784316
-0.613804976594409	0.148553206549543
0.692028142380155	0.221092112401465
2.13239173303271	0.962976446468332
1.06264198810457	0.406540438452512
0.966736740010186	0.256029100393941
-1.00306966229617	0.39683135622738
-1.12396372987595	0.33934973605565
-0.496219048461158	0.186898738117231
2.37727124873263	1.20446622517998
0.963743115659934	0.255236344279286
1.96372117107544	0.45473924627511
1.96276901321247	0.454520391574277
0.963743115659934	0.255236344279286
2.76109157462938	0.779871501961836
1.96276901321247	0.454520391574277
2.76109157462938	0.779871501961836
1.96684138854469	0.455504908505281
0.165088029467664	0.0313824661178469
-3.7511927754544	1.4825089606666
-0.321011266565823	0.0920911495247304
0.173676863179753	0.0757156141791281
-0.126364721270234	0.0449751079620791
0.475196904470731	0.193138494041749
1.84022304372881	0.72612017307568
0.16619130625606	0.0315431724784316
1.96372117107544	0.45473924627511
-0.612487701707529	0.148134994320372
2.76671632811135	0.782410087450427
2.76671632811135	0.782410087450427
0.164778629348208	0.0313374327003096
1.96684138854469	0.455504908505281
-1.79346061997896	0.390723019452767
-3.44754089021611	1.22379406077669
-0.32485451718176	0.0931499749349684
-0.329512287054466	0.094417417841927
-1.46515587047556	0.737457902476713
1.06762213189116	0.40860472471242
-1.79785205353169	0.391773074809323
-2.57554526884402	0.666976966437407
-1.7934287506278	0.390727439150181
1.96276901321247	0.454520391574277
0.963743115659934	0.255236344279286
-1.49897898499855	0.532683365671509
1.84022304372881	0.72612017307568
0.686721713829268	0.219371725498129
-0.7085818841146	0.242531688950869
3.6449477089076	1.4449787602644
1.96276901321247	0.454520391574277
2.76219840038386	0.780594539857824
1.96684138854469	0.455504908505281
0.165880035481028	0.0314978449610492
1.96684138854469	0.455504908505281
1.96372117107544	0.45473924627511
0.164778629348208	0.0313374327003096
0.183063896529214	0.0463401006276899
0.177795424572055	0.0609118795792828
1.09584999075267	0.536623234040164
-0.0737705474878023	0.029014453808877
-0.0684308859791892	0.0269719073364453
3.6449477089076	1.4449787602644
0.713407955282736	0.337122359406939
1.96276901321247	0.454520391574277
0.962553055030982	0.254827961566665
1.96276901321247	0.454520391574277
1.96276901321247	0.454520391574277
-0.617339897765464	0.149284387408846
0.692481142426252	0.221366284684109
0.164778629348208	0.0313374327003096
0.16619130625606	0.0315431724784316
1.96276901321247	0.454520391574277
0.686626809163374	0.219374653716057
0.964934921520073	0.255476948633611
2.76330811440907	0.780761067286217
1.96372117107544	0.45473924627511
0.160144755571284	0.0306956063740573
-1.79346061997896	0.390723019452767
-0.617339897765464	0.149284387408846
0.963214248695465	0.255090594573707
-1.79693424859175	0.729556600315067
2.76330811440907	0.780761067286217
0.17424961711197	0.0597146615484828
2.13460629217846	0.96446244584926
0.185076110728506	0.0555416222332281
-1.11951983581622	0.337809535545767
-0.609489833121369	0.147475344257464
0.165880035481028	0.0314978449610492
-1.79785205353169	0.391773074809323
-1.5026235657887	0.534584753118728
1.84184770666887	0.726890218717793
1.96684138854469	0.455504908505281
2.76330811440907	0.780761067286217
3.27993169130503	1.12298306623949
1.96372117107544	0.45473924627511
3.94524209007654	1.74713132583643
-0.697202314681331	0.238170495213451
1.83556105705841	0.723803926717143
0.184291063239428	0.0465991085839434
-0.197335094105888	0.0635174359839544
1.06449307015235	0.407221804443696
0.164625296117395	0.0313507498370328
-1.11884555197394	0.337481516657706
-1.79785205353169	0.391773074809323
1.46964366147565	0.490422889690681
-1.79346061997896	0.390723019452767
0.164778629348208	0.0313374327003096
2.76671632811135	0.782410087450427
0.964934921520073	0.255476948633611
-1.11957460536364	0.337866341493547
1.09706403058277	0.537189552865879
1.79935059541716	1.01517822435064
0.171753346999323	0.0664367381108907
-0.078664013620457	0.0308649148267959
0.179746383607047	0.0540100642734575
0.687368688538373	0.21962274738387
0.180855826143695	0.0543097849929288
0.846123820020908	0.359830157453413
0.169931732336975	0.0583028870285989
1.47648048364922	0.492996794108507
1.090873223338	0.533536423719239
0.733425323255375	0.486059704532913
0.165088029467664	0.0313824661178469
1.96372117107544	0.45473924627511
1.96372117107544	0.45473924627511
0.165088029467664	0.0313824661178469
-1.7934287506278	0.390727439150181
2.76109157462938	0.779871501961836
1.96372117107544	0.45473924627511
1.96372117107544	0.45473924627511
-0.329512287054466	0.094417417841927
0.165880035481028	0.0314978449610492
1.96372117107544	0.45473924627511
-0.613012730411062	0.148202450577793
0.967933372585482	0.256362285789635
1.96276901321247	0.454520391574277
-0.613682540053849	0.148388769407339
0.968469219672053	0.25651021792255
-1.79346061997896	0.390723019452767
-2.57098043849301	0.664920470822356
3.27152519356808	1.11907150574555
1.06190079859119	0.406050412279014
-0.613682540053849	0.148388769407339
1.96276901321247	0.454520391574277
-1.00415219200353	0.397187604454455
-0.123986971098977	0.0441560427469937
0.544571131487334	0.197606668979847
0.183063896529214	0.0463401006276899
1.96372117107544	0.45473924627511
-0.613682540053849	0.148388769407339
0.169248055862235	0.0319917175833404
0.169248055862235	0.0319917175833404
1.96372117107544	0.45473924627511
1.96372117107544	0.45473924627511
1.96684138854469	0.455504908505281
-1.12464685880463	0.339484249108323
0.165088029467664	0.0313824661178469
-0.325582325201124	0.0933470317045756
2.76219840038386	0.780594539857824
0.464063455250434	0.188241879817787
0.964404580081594	0.255330782344719
2.76219840038386	0.780594539857824
-2.57098043849301	0.664920470822356
-3.07822553691956	0.950796797182827
0.165088029467664	0.0313824661178469
-1.7934287506278	0.390727439150181
0.962553055030982	0.254827961566665
3.27272750868887	1.11966450015405
1.96276901321247	0.454520391574277
1.96372117107544	0.45473924627511
1.96276901321247	0.454520391574277
-1.7934287506278	0.390727439150181
0.688185381402826	0.219868290083128
0.171842854941116	0.0589274232351615
-0.197681301235905	0.0636672013988199
0.686721713829268	0.219371725498129
0.172151296326472	0.0590204617019928
1.05878746464103	0.40482083139178
-1.14427496162184	0.635167290809265
0.711873983426973	0.336195040660752
2.14625210635263	0.970684659654641
0.46843211581079	0.190223410571102
1.59621641148658	0.802613778370719
1.05657276894202	0.403741434107833
-0.326310377140785	0.0935168437296262
0.164778629348208	0.0313374327003096
1.96276901321247	0.454520391574277
0.178586346650125	0.0453095875153282
1.96276901321247	0.454520391574277
1.96372117107544	0.45473924627511
1.96684138854469	0.455504908505281
1.96372117107544	0.45473924627511
0.165880035481028	0.0314978449610492
0.16619130625606	0.0315431724784316
1.96372117107544	0.45473924627511
1.96372117107544	0.45473924627511
0.184291063239428	0.0465991085839434
1.96372117107544	0.45473924627511
0.963214248695465	0.255090594573707
0.181837521716867	0.0460537144756759
2.14235496013146	0.969045712278659
0.555598921920072	0.201915300938634
-3.44754089021611	1.22379406077669
2.76109157462938	0.779871501961836
-2.57036588579023	0.664816582891659
0.182384642090162	0.0461735738884295
1.84644215856505	0.729350990286639
1.96372117107544	0.45473924627511
0.461664855175714	0.187205193106839
0.560626207744282	0.203763625900783
-1.00269516620368	0.396499158743995
-2.57098043849301	0.664920470822356
0.178586346650125	0.0453095875153282
-0.325582325201124	0.0933470317045756
0.165088029467664	0.0313824661178469
-1.79346061997896	0.390723019452767
0.963214248695465	0.255090594573707
0.68278086909504	0.218093717626154
-2.57098043849301	0.664920470822356
3.27752825134246	1.12202020233476
1.96372117107544	0.45473924627511
1.96684138854469	0.455504908505281
1.84184770666887	0.726890218717793
0.181743714491496	0.0460173511561772
0.181837521716867	0.0460537144756759
0.182384642090162	0.0461735738884295
0.181837521716867	0.0460537144756759
0.967933372585482	0.256362285789635
0.17899314570337	0.0538175920888867
2.76109157462938	0.779871501961836
0.181837521716867	0.0460537144756759
0.184971072095669	0.0467387603153735
3.27272750868887	1.11966450015405
0.963214248695465	0.255090594573707
0.182384642090162	0.0461735738884295
-1.7934287506278	0.390727439150181
-1.7934287506278	0.390727439150181
-3.07454565876188	0.948489134275984
2.76671632811135	0.782410087450427
2.76219840038386	0.780594539857824
-0.612487701707529	0.148134994320372
1.96372117107544	0.45473924627511
-1.12019427196772	0.338020301365193
1.47086646676889	0.49088731436037
1.06264198810457	0.406540438452512
0.173841338161581	0.0596051278079202
3.27631781619437	1.12171855032085
-1.01970812106872	0.404484563036765
-1.13091688302283	0.34155410743896
-0.322472516615752	0.0924590549090847
0.687810991670165	0.219714479243284
1.96276901321247	0.454520391574277
1.34886052544281	0.596542879120315
0.558486255845266	0.202926921804785
1.96372117107544	0.45473924627511
0.844087147651677	0.358761656194149
0.165880035481028	0.0314978449610492
1.4745635305468	0.492365493098567
0.165088029467664	0.0313824661178469
0.967933372585482	0.256362285789635
0.165088029467664	0.0313824661178469
1.96684138854469	0.455504908505281
1.96372117107544	0.45473924627511
0.967271104517323	0.256176548116206
-3.07875719123617	0.951227905765892
2.76559849788836	0.78194178274137
1.96276901321247	0.454520391574277
-0.613158918177153	0.148231887572971
0.161251150232847	0.0308565698216007
2.76671632811135	0.782410087450427
1.96372117107544	0.45473924627511
0.164778629348208	0.0313374327003096
1.96276901321247	0.454520391574277
3.27510914666181	1.12076297640292
0.967933372585482	0.256362285789635
0.165880035481028	0.0314978449610492
1.96372117107544	0.45473924627511
-0.332618072686463	0.0952457032075058
-1.11896025029368	0.337616084496264
-1.12464685880463	0.339484249108323
0.964404580081594	0.255330782344719
-2.57098043849301	0.664920470822356
0.16619130625606	0.0315431724784316
-0.609489833121369	0.147475344257464
0.165088029467664	0.0313824661178469
-0.617875104469477	0.149400727468359
-3.07402416243152	0.948685276185543
0.964404580081594	0.255330782344719
1.96684138854469	0.455504908505281
1.96684138854469	0.455504908505281
-0.611962616144159	0.147977912487881
0.963214248695465	0.255090594573707
-3.08406063790942	0.953411710574981
-3.07875719123617	0.951227905765892
-1.49633399610699	0.531774933095134
-2.57098043849301	0.664920470822356
0.968469219672053	0.25651021792255
0.688637326691298	0.220082192676685
1.96684138854469	0.455504908505281
0.164778629348208	0.0313374327003096
1.96372117107544	0.45473924627511
2.76109157462938	0.779871501961836
1.96372117107544	0.45473924627511
0.181222403711057	0.0544586569816679
-3.74696276382151	1.47929664249189
-2.57036588579023	0.664816582891659
0.958352222975233	0.253964848564806
0.551353578437213	0.200228094406705
1.47525146835293	0.492648627415429
0.963214248695465	0.255090594573707
1.96276901321247	0.454520391574277
2.76219840038386	0.780594539857824
-0.609489833121369	0.147475344257464
0.165088029467664	0.0313824661178469
-0.611962616144159	0.147977912487881
1.96276901321247	0.454520391574277
2.76219840038386	0.780594539857824
-1.7934287506278	0.390727439150181
0.165880035481028	0.0314978449610492
0.964404580081594	0.255330782344719
-0.703999757003376	0.240702491325751
1.47155078449581	0.491168545293048
0.18374299244507	0.0464795790495071
0.963743115659934	0.255236344279286
2.76671632811135	0.782410087450427
0.169566032486793	0.032038095111837
0.164778629348208	0.0313374327003096
0.165880035481028	0.0314978449610492
-1.11458449535005	0.336227635184335
0.178049240810411	0.0452053813438565
0.967933372585482	0.256362285789635
0.691293725798235	0.220916760169014
1.96372117107544	0.45473924627511
0.165088029467664	0.0313824661178469
0.169248055862235	0.0319917175833404
-0.617875104469477	0.149400727468359
-3.75046496352693	1.48199107071708
0.185076110728506	0.0555416222332281
-1.7934287506278	0.390727439150181
0.183063896529214	0.0463401006276899
3.27272750868887	1.11966450015405
-0.614345716129905	0.14867066764313
0.164778629348208	0.0313374327003096
0.165088029467664	0.0313824661178469
0.161251150232847	0.0308565698216007
1.96276901321247	0.454520391574277
1.96276901321247	0.454520391574277
0.164778629348208	0.0313374327003096
-2.57098043849301	0.664920470822356
2.76219840038386	0.780594539857824
1.96276901321247	0.454520391574277
1.96276901321247	0.454520391574277
0.165088029467664	0.0313824661178469
1.96276901321247	0.454520391574277
1.96276901321247	0.454520391574277
2.76109157462938	0.779871501961836
1.47277528463141	0.49146011988965
0.181598622209813	0.0545451831920276
1.96372117107544	0.45473924627511
0.687453672774919	0.21969379736456
0.165880035481028	0.0314978449610492
0.181159179759352	0.0458876218072277
0.964934921520073	0.255476948633611
0.165088029467664	0.0313824661178469
-2.57554526884402	0.666976966437407
0.165880035481028	0.0314978449610492
0.164778629348208	0.0313374327003096
0.964404580081594	0.255330782344719
-2.57098043849301	0.664920470822356
-0.325582325201124	0.0933470317045756
1.06338277916722	0.406730999521995
3.27510914666181	1.12076297640292
0.164778629348208	0.0313374327003096
0.16619130625606	0.0315431724784316
-0.619069360213747	0.149654914653121
-0.50249972126896	0.189515213491081
-3.07454565876188	0.948489134275984
-1.12464685880463	0.339484249108323
0.473807985851424	0.192496599135712
0.843422236893639	0.358554124858322
0.164778629348208	0.0313374327003096
1.96276901321247	0.454520391574277
0.169248055862235	0.0319917175833404
1.47402323433779	0.492035659807906
1.3509899510682	0.597807360301759
-0.613682540053849	0.148388769407339
1.96372117107544	0.45473924627511
1.46842163094462	0.489769078028611
0.184971072095669	0.0467387603153735
0.183063896529214	0.0463401006276899
-0.618535635333325	0.149538863092151
2.76109157462938	0.779871501961836
0.165088029467664	0.0313824661178469
0.165880035481028	0.0314978449610492
1.96372117107544	0.45473924627511
1.96276901321247	0.454520391574277
0.169248055862235	0.0319917175833404
-1.7934287506278	0.390727439150181
0.963214248695465	0.255090594573707
0.164778629348208	0.0313374327003096
0.165088029467664	0.0313824661178469
-0.326043908260378	0.0934449166225896
0.186752657299631	0.0471525522204707
0.16619130625606	0.0315431724784316
-0.331884233338781	0.0950660268702792
-0.0726987569462304	0.0285999722512744
2.13349923295367	0.963781356442487
1.47032706033056	0.490703617760438
0.687368688538373	0.21962274738387
0.181837521716867	0.0460537144756759
1.09347086227971	0.53527910188038
-0.32685310795758	0.0937088146974829
0.178049240810411	0.0452053813438565
0.958352222975233	0.253964848564806
-1.50335347787301	0.534889336029958
1.30090052760141	0.724081434804544
0.173521500598921	0.0595020056954588
0.963743115659934	0.255236344279286
1.96276901321247	0.454520391574277
-2.57067328278635	0.665094197548339
1.96276901321247	0.454520391574277
0.164778629348208	0.0313374327003096
0.963214248695465	0.255090594573707
1.96372117107544	0.45473924627511
1.96276901321247	0.454520391574277
1.96276901321247	0.454520391574277
-1.79346061997896	0.390723019452767
0.964934921520073	0.255476948633611
2.76109157462938	0.779871501961836
1.96276901321247	0.454520391574277
0.160144755571284	0.0306956063740573
3.64995436887393	1.44813448599007
1.96372117107544	0.45473924627511
2.76330811440907	0.780761067286217
-1.79346061997896	0.390723019452767
0.186752657299631	0.0471525522204707
0.164778629348208	0.0313374327003096
1.96372117107544	0.45473924627511
-0.32485451718176	0.0931499749349684
-1.00377782576872	0.397156038036369
0.687453672774919	0.21969379736456
0.180092520900824	0.0877002182918641
0.963743115659934	0.255236344279286
1.96276901321247	0.454520391574277
-1.79346061997896	0.390723019452767
-1.7934287506278	0.390727439150181
-1.11896025029368	0.337616084496264
0.169566032486793	0.032038095111837
0.966637590266194	0.256126252544328
0.164625296117395	0.0313507498370328
0.160144755571284	0.0306956063740573
1.96372117107544	0.45473924627511
1.96372117107544	0.45473924627511
1.96276901321247	0.454520391574277
-1.7934287506278	0.390727439150181
1.96372117107544	0.45473924627511
1.96276901321247	0.454520391574277
2.76219840038386	0.780594539857824
0.165088029467664	0.0313824661178469
1.96372117107544	0.45473924627511
0.165880035481028	0.0314978449610492
-1.7934287506278	0.390727439150181
0.961881298984383	0.254903830883264
0.165880035481028	0.0314978449610492
2.76219840038386	0.780594539857824
1.96276901321247	0.454520391574277
0.713492738665586	0.336741710182099
0.686270437198953	0.219228628867356
0.838480859620841	0.356210298702787
0.692481142426252	0.221366284684109
0.178820853869998	0.0612698080138397
-0.585487664762467	0.278494858012582
1.11510207441598	0.69094919291444
-2.1045619771526	1.60091550770277
1.29433854842701	0.719347932834594
0.712927543244119	0.336393003965956
0.727685229037195	0.480369290147714
0.724489540691048	0.343023009075046
0.177795424572055	0.0609118795792828
0.178135282652349	0.0609956833518444
2.76109157462938	0.779871501961836
0.173670407257701	0.0758599785063536
0.924962603347085	0.50266583546604
1.60650324203052	0.809381179423122
-0.120597357209593	0.0429861315229494
-0.745164314917465	0.322278722695039
1.47209004689925	0.491178510113126
0.164778629348208	0.0313374327003096
1.96276901321247	0.454520391574277
-1.79346061997896	0.390723019452767
1.96276901321247	0.454520391574277
3.27272750868887	1.11966450015405
1.96372117107544	0.45473924627511
0.181159179759352	0.0458876218072277
0.160144755571284	0.0306956063740573
1.96276901321247	0.454520391574277
-0.326043908260378	0.0934449166225896
1.96684138854469	0.455504908505281
0.164778629348208	0.0313374327003096
1.96276901321247	0.454520391574277
2.76219840038386	0.780594539857824
0.966736740010186	0.256029100393941
0.168692165501054	0.0508852701391204
-0.612487701707529	0.148134994320372
0.967271104517323	0.256176548116206
1.96684138854469	0.455504908505281
1.96372117107544	0.45473924627511
0.924441356513303	0.502340581007705
1.96372117107544	0.45473924627511
0.967933372585482	0.256362285789635
0.47918324112776	0.194878455976921
1.96372117107544	0.45473924627511
0.164778629348208	0.0313374327003096
1.96276901321247	0.454520391574277
0.957162742729009	0.253557522610441
-1.79346061997896	0.390723019452767
2.76219840038386	0.780594539857824
-1.79346061997896	0.390723019452767
0.165088029467664	0.0313824661178469
0.690559056864311	0.220592978829305
0.850785405310502	0.362239188979295
-1.65488153249387	0.930549450829535
-0.95263717960783	0.467232251775563
-0.967186790694279	0.476670002118071
0.547057604624631	0.198554222727286
0.714622084787927	0.337238843132313
-0.0683797911008886	0.0269526673586698
0.469602716565917	0.190601252697973
0.462455851529771	0.187506184046943
0.847496230751919	0.360497763097474
-0.197681301235905	0.0636672013988199
0.165088029467664	0.0313824661178469
-0.508496444326565	0.191838097551989
2.76219840038386	0.780594539857824
0.161251150232847	0.0308565698216007
0.164778629348208	0.0313374327003096
-1.79346061997896	0.390723019452767
0.169248055862235	0.0319917175833404
0.169566032486793	0.032038095111837
1.96372117107544	0.45473924627511
0.165880035481028	0.0314978449610492
1.96276901321247	0.454520391574277
1.96372117107544	0.45473924627511
1.47086646676889	0.49088731436037
2.76330811440907	0.780761067286217
0.181743714491496	0.0460173511561772
0.165880035481028	0.0314978449610492
1.96276901321247	0.454520391574277
0.16619130625606	0.0315431724784316
-0.617875104469477	0.149400727468359
0.925996507151989	0.503957546920522
0.689821397698691	0.220399946218977
1.96276901321247	0.454520391574277
0.164778629348208	0.0313374327003096
0.165880035481028	0.0314978449610492
-1.7934287506278	0.390727439150181
-0.608428787479893	0.147248610626808
0.16619130625606	0.0315431724784316
1.96372117107544	0.45473924627511
1.84525714600486	0.728756039651982
1.47032706033056	0.490703617760438
-1.79346061997896	0.390723019452767
-1.79346061997896	0.390723019452767
1.46964366147565	0.490422889690681
1.96276901321247	0.454520391574277
1.96276901321247	0.454520391574277
0.187984352048437	0.0474280610765032
0.164778629348208	0.0313374327003096
1.96276901321247	0.454520391574277
1.96276901321247	0.454520391574277
2.76219840038386	0.780594539857824
1.47086646676889	0.49088731436037
0.412106805297974	0.187316968372784
0.550585584584045	0.199969616725774
-0.584593974811294	0.277733537849142
0.688637326691298	0.220082192676685
0.551654521195964	0.200367304145546
1.35782818213167	0.601346585616184
0.688637326691298	0.220082192676685
1.35170505429441	0.598459395279544
0.0051222801772869	0.00217186370435467
-0.19866808684961	0.0640066499155127
-3.99935046432113	1.73195235526657
0.175825389448776	0.0679908173274058
0.176190253019983	0.0603726989291664
0.184291063239428	0.0465991085839434
0.177340813939346	0.0774632739071795
1.08769613908304	0.531928346400358
0.178328747896221	0.0868770044781712
0.926900126021839	0.504246365110297
0.545994337450589	0.198159602216923
-0.115237892478501	0.0411160002983332
-3.45239496999294	1.22656388713544
-3.44754089021611	1.22379406077669
0.550585584584045	0.199969616725774
-0.618535635333325	0.149538863092151
-1.79346061997896	0.390723019452767
-1.79346061997896	0.390723019452767
1.46964366147565	0.490422889690681
1.96372117107544	0.45473924627511
1.96372117107544	0.45473924627511
0.181159179759352	0.0458876218072277
0.165088029467664	0.0313824661178469
1.96276901321247	0.454520391574277
2.76330811440907	0.780761067286217
0.964404580081594	0.255330782344719
0.964404580081594	0.255330782344719
0.963743115659934	0.255236344279286
0.685539141555545	0.218907224669263
0.164778629348208	0.0313374327003096
0.957162742729009	0.253557522610441
-0.613158918177153	0.148231887572971
2.76109157462938	0.779871501961836
0.162700260026208	0.0630116789469624
0.165880035481028	0.0314978449610492
0.180484451327502	0.0542489043189748
-0.0054475597271086	0.00252748225449873
1.96372117107544	0.45473924627511
1.96372117107544	0.45473924627511
1.96372117107544	0.45473924627511
2.76109157462938	0.779871501961836
0.169248055862235	0.0319917175833404
1.96276901321247	0.454520391574277
1.96276901321247	0.454520391574277
0.165880035481028	0.0314978449610492
0.721423242797838	0.341256882514063
4.3931910285687	2.31763672967279
0.539955477531587	0.195796460371251
-0.703651055748467	0.240588737528622
0.178252692101149	0.0689778456927492
-0.198392257320092	0.0638832149326698
-0.522630348354897	0.326694987135392
0.984527233351497	0.673038471089809
0.328776259087101	0.214458906936486
1.4245775426494	1.10948855431859
0.00642988176348452	0.00275471684400466
0.185813320888401	0.0557349268614171
-0.522090915555256	0.325679254833309
0.751356094981721	0.628805124377488
0.475196904470731	0.193138494041749
1.08708916630332	0.531397256494164
0.637738511251563	0.337294133489875
0.182515705814395	0.0461929473161663
0.182384642090162	0.0461735738884295
0.962553055030982	0.254827961566665
1.96684138854469	0.455504908505281
-2.57098043849301	0.664920470822356
-0.196606144995592	0.0633346995977349
1.96276901321247	0.454520391574277
1.96372117107544	0.45473924627511
-0.708961798888886	0.242591076534355
1.96276901321247	0.454520391574277
0.964934921520073	0.255476948633611
0.165088029467664	0.0313824661178469
1.96684138854469	0.455504908505281
3.94644126070058	1.74779877932007
0.832152716201931	0.352920804417775
1.08528226767591	0.52958652297272
1.96372117107544	0.45473924627511
0.16619130625606	0.0315431724784316
-0.619069360213747	0.149654914653121
0.168910828881268	0.0579679737759373
0.555598921920072	0.201915300938634
2.76330811440907	0.780761067286217
0.963214248695465	0.255090594573707
-1.7934287506278	0.390727439150181
2.76330811440907	0.780761067286217
1.96684138854469	0.455504908505281
2.76559849788836	0.78194178274137
0.962553055030982	0.254827961566665
0.165880035481028	0.0314978449610492
0.16619130625606	0.0315431724784316
0.186928786286018	0.0560369733702841
0.180484451327502	0.0542489043189748
0.685539141555545	0.218907224669263
-0.229660732708956	0.113680134222661
0.169570842988667	0.0581880998558025
0.825192318450785	0.499657081895677
0.176711169671516	0.086078604682748
-0.0733230219453967	0.0288114204306004
1.47155078449581	0.491168545293048
0.964934921520073	0.255476948633611
-0.614206104379299	0.148455859250315
0.164778629348208	0.0313374327003096
0.164778629348208	0.0313374327003096
-1.79346061997896	0.390723019452767
1.96684138854469	0.455504908505281
2.76109157462938	0.779871501961836
1.96276901321247	0.454520391574277
1.96372117107544	0.45473924627511
1.96276901321247	0.454520391574277
0.962553055030982	0.254827961566665
2.1357129064682	0.965022860050489
0.183063896529214	0.0463401006276899
0.696347531127603	0.222535473365176
2.76330811440907	0.780761067286217
0.966736740010186	0.256029100393941
0.183063896529214	0.0463401006276899
0.178269357915488	0.0535920192892428
0.180107983152346	0.0541465694868784
-0.508129899938489	0.191803653008602
1.96276901321247	0.454520391574277
1.96276901321247	0.454520391574277
2.76219840038386	0.780594539857824
-0.613682540053849	0.148388769407339
-2.57067328278635	0.665094197548339
0.962553055030982	0.254827961566665
1.96372117107544	0.45473924627511
1.96372117107544	0.45473924627511
-0.49151434881428	0.185015055029549
1.96372117107544	0.45473924627511
3.27272750868887	1.11966450015405
1.96372117107544	0.45473924627511
0.689821397698691	0.220399946218977
-0.708225225424176	0.242257120133667
0.184291063239428	0.0465991085839434
1.47579162106182	0.492713238749138
0.184291063239428	0.0465991085839434
-0.321011266565823	0.0920911495247304
0.423361952169187	0.192974712580901
0.164778629348208	0.0313374327003096
-0.613682540053849	0.148388769407339
-0.32759034209047	0.0938892839663892
1.06190079859119	0.406050412279014
0.179845637419764	0.0616123591521601
3.27152519356808	1.11907150574555
0.160144755571284	0.0306956063740573
0.16619130625606	0.0315431724784316
0.164778629348208	0.0313374327003096
2.76559849788836	0.78194178274137
-2.57067328278635	0.665094197548339
0.165088029467664	0.0313824661178469
2.76330811440907	0.780761067286217
1.96276901321247	0.454520391574277
1.96276901321247	0.454520391574277
2.76219840038386	0.780594539857824
0.165088029467664	0.0313824661178469
1.96276901321247	0.454520391574277
0.963214248695465	0.255090594573707
0.963214248695465	0.255090594573707
-1.11896025029368	0.337616084496264
1.84066711299049	0.726365639107333
2.76219840038386	0.780594539857824
-2.57036588579023	0.664816582891659
-0.319817646410374	0.0917687104349087
0.165088029467664	0.0313824661178469
-0.617339897765464	0.149284387408846
0.184291063239428	0.0465991085839434
-1.25216514834477	0.561725883236464
-0.613682540053849	0.148388769407339
0.559194393002298	0.203206497133562
0.963214248695465	0.255090594573707
4.18536973210645	2.03283090231972
0.186069807523728	0.046984734903896
-1.7934287506278	0.390727439150181
0.164778629348208	0.0313374327003096
3.27752825134246	1.12202020233476
0.164778629348208	0.0313374327003096
0.964934921520073	0.255476948633611
0.962553055030982	0.254827961566665
1.96372117107544	0.45473924627511
2.76330811440907	0.780761067286217
1.47086646676889	0.49088731436037
0.963214248695465	0.255090594573707
-0.325121870470423	0.0931632456849071
-0.32485451718176	0.0931499749349684
0.184291063239428	0.0465991085839434
-2.57098043849301	0.664920470822356
-1.7934287506278	0.390727439150181
1.96372117107544	0.45473924627511
2.13736636122811	0.966264970252144
-0.580388816894716	0.275003693055377
2.76109157462938	0.779871501961836
0.165088029467664	0.0313824661178469
-0.122215445713398	0.0435046320299458
-0.0324192985411136	0.0140226265067073
0.173305506499925	0.0522037309364545
1.96684138854469	0.455504908505281
0.164778629348208	0.0313374327003096
-0.324126952894347	0.0929244396746841
0.16619130625606	0.0315431724784316
-1.7934287506278	0.390727439150181
0.967933372585482	0.256362285789635
-0.612487701707529	0.148134994320372
-1.79785205353169	0.391773074809323
0.164778629348208	0.0313374327003096
0.169248055862235	0.0319917175833404
0.165880035481028	0.0314978449610492
0.164778629348208	0.0313374327003096
0.165880035481028	0.0314978449610492
2.76219840038386	0.780594539857824
2.76219840038386	0.780594539857824
2.76109157462938	0.779871501961836
1.96276901321247	0.454520391574277
2.76330811440907	0.780761067286217
1.96276901321247	0.454520391574277
2.76330811440907	0.780761067286217
1.83948692258838	0.725717515665962
0.963214248695465	0.255090594573707
0.963214248695465	0.255090594573707
1.05767758057376	0.404228581247508
0.551298334729919	0.200249958464128
0.187593075655504	0.109087152335429
-1.00236193740671	0.396463059052617
0.683961295954432	0.21841001184846
0.555598921920072	0.201915300938634
0.687368688538373	0.21962274738387
1.96276901321247	0.454520391574277
1.96684138854469	0.455504908505281
2.76109157462938	0.779871501961836
0.16619130625606	0.0315431724784316
1.96372117107544	0.45473924627511
-0.613682540053849	0.148388769407339
1.96684138854469	0.455504908505281
1.96276901321247	0.454520391574277
0.169566032486793	0.032038095111837
1.96372117107544	0.45473924627511
1.96372117107544	0.45473924627511
-1.79346061997896	0.390723019452767
2.76671632811135	0.782410087450427
0.844441707134117	0.359109180860946
0.552010634561459	0.20046264360567
1.35064130120685	0.597863106700744
1.96276901321247	0.454520391574277
0.547057604624631	0.198554222727286
3.94131434673369	1.74409517718346
1.09286125469016	0.53488830944908
-0.123780646939288	0.0440694869194097
-1.7934287506278	0.390727439150181
0.187984352048437	0.0474280610765032
-1.7934287506278	0.390727439150181
1.96276901321247	0.454520391574277
-1.50189389559208	0.534121741351592
1.96276901321247	0.454520391574277
1.96276901321247	0.454520391574277
1.96372117107544	0.45473924627511
2.76330811440907	0.780761067286217
0.963743115659934	0.255236344279286
1.96372117107544	0.45473924627511
0.165880035481028	0.0314978449610492
1.96276901321247	0.454520391574277
2.76330811440907	0.780761067286217
0.17899314570337	0.0538175920888867
-0.755111718030903	0.327487465643262
0.841769089213797	0.357799988221716
-1.01155763856791	0.400601693777706
-0.612487701707529	0.148134994320372
0.165880035481028	0.0314978449610492
2.76219840038386	0.780594539857824
-0.611962616144159	0.147977912487881
1.96276901321247	0.454520391574277
-1.7934287506278	0.390727439150181
0.688185381402826	0.219868290083128
1.06836139957449	0.408794416634394
1.8383071367458	0.724853864168302
1.96276901321247	0.454520391574277
1.96684138854469	0.455504908505281
-1.7934287506278	0.390727439150181
1.46964366147565	0.490422889690681
-2.57036588579023	0.664816582891659
0.962025660417238	0.254682745005495
1.96276901321247	0.454520391574277
0.964934921520073	0.255476948633611
0.963743115659934	0.255236344279286
0.16619130625606	0.0315431724784316
0.682339311812087	0.217953944354753
1.84140390214436	0.726768879551614
1.06762213189116	0.40860472471242
1.08788836479962	0.53156608167024
3.28479266719607	1.12476031435108
0.409698367802031	0.186032855679696
0.964934921520073	0.255476948633611
1.96276901321247	0.454520391574277
-1.7934287506278	0.390727439150181
-1.79346061997896	0.390723019452767
0.165880035481028	0.0314978449610492
2.76219840038386	0.780594539857824
-1.79785205353169	0.391773074809323
-2.57067328278635	0.665094197548339
2.76219840038386	0.780594539857824
0.183063896529214	0.0463401006276899
3.65119667594504	1.44884031306495
3.6449477089076	1.4449787602644
0.165088029467664	0.0313824661178469
-0.953194924868674	0.467531219304076
-0.613682540053849	0.148388769407339
2.37366431975369	1.20196540132253
0.185076110728506	0.0555416222332281
1.96276901321247	0.454520391574277
1.83556105705841	0.723803926717143
0.165088029467664	0.0313824661178469
-1.7934287506278	0.390727439150181
0.164778629348208	0.0313374327003096
1.05731446601517	0.404073999886943
-0.495188624132318	0.186487217221814
0.962553055030982	0.254827961566665
-3.99353761363935	1.72730759231309
1.05878746464103	0.40482083139178
1.96372117107544	0.45473924627511
1.46910411205871	0.490049168285487
-1.7934287506278	0.390727439150181
0.164778629348208	0.0313374327003096
0.184971072095669	0.0467387603153735
1.96276901321247	0.454520391574277
-1.79346061997896	0.390723019452767
1.47277528463141	0.49146011988965
0.546346904865407	0.198325214127253
1.59892898617393	0.804344272198253
3.6449477089076	1.4449787602644
0.559556523494549	0.203384722969785
0.687453672774919	0.21969379736456
0.846478708147722	0.360097911246668
1.35276823183269	0.59898514245525
0.963743115659934	0.255236344279286
-0.326043908260378	0.0934449166225896
0.181222403711057	0.0544586569816679
-3.45307509546519	1.22686211973226
2.13275419746116	0.963270597877117
-2.57036588579023	0.664816582891659
1.96372117107544	0.45473924627511
-2.57036588579023	0.664816582891659
0.160144755571284	0.0306956063740573
0.964934921520073	0.255476948633611
-3.07822553691956	0.950796797182827
0.185813320888401	0.0557349268614171
1.96276901321247	0.454520391574277
1.96372117107544	0.45473924627511
-1.7934287506278	0.390727439150181
2.76219840038386	0.780594539857824
1.46964366147565	0.490422889690681
1.84570196896662	0.728945119955139
0.161251150232847	0.0308565698216007
1.96276901321247	0.454520391574277
0.16619130625606	0.0315431724784316
1.96276901321247	0.454520391574277
1.96276901321247	0.454520391574277
0.968469219672053	0.25651021792255
0.165088029467664	0.0313824661178469
3.27272750868887	1.11966450015405
3.27152519356808	1.11907150574555
-0.743607658160876	0.32145501649726
0.184291063239428	0.0465991085839434
0.181173119897413	0.0882650262509555
0.175229935098753	0.0600621684845024
1.84140390214436	0.726768879551614
0.187984352048437	0.0474280610765032
-1.11951983581622	0.337809535545767
0.963214248695465	0.255090594573707
2.76219840038386	0.780594539857824
1.05271914025947	0.402027196178193
-3.45307509546519	1.22686211973226
-3.07402416243152	0.948685276185543
-0.326043908260378	0.0934449166225896
-0.293655294471868	0.133607552276781
1.08812238033157	0.531473938923238
0.967933372585482	0.256362285789635
1.46964366147565	0.490422889690681
2.76330811440907	0.780761067286217
0.964404580081594	0.255330782344719
1.46910411205871	0.490049168285487
1.96372117107544	0.45473924627511
-0.617875104469477	0.149400727468359
-1.7934287506278	0.390727439150181
2.76219840038386	0.780594539857824
0.967271104517323	0.256176548116206
2.76219840038386	0.780594539857824
1.96276901321247	0.454520391574277
-1.11896025029368	0.337616084496264
0.927869863845608	0.504987594352111
0.963214248695465	0.255090594573707
1.84913301371151	0.730266351387413
0.181159179759352	0.0458876218072277
-0.697202314681331	0.238170495213451
-0.32485451718176	0.0931499749349684
0.964934921520073	0.255476948633611
3.27631781619437	1.12171855032085
0.169248055862235	0.0319917175833404
-3.45171499640176	1.22586147893993
0.852347915817301	0.362931659457989
0.687001483078787	0.219402881860221
0.178820853869998	0.0612698080138397
0.853366694188432	0.363544292018452
0.962025660417238	0.254682745005495
2.76109157462938	0.779871501961836
2.76330811440907	0.780761067286217
-0.708225225424176	0.242257120133667
-1.11951983581622	0.337809535545767
2.76219840038386	0.780594539857824
1.96276901321247	0.454520391574277
1.96276901321247	0.454520391574277
2.76219840038386	0.780594539857824
0.165880035481028	0.0314978449610492
-1.7934287506278	0.390727439150181
-1.79346061997896	0.390723019452767
-0.613158918177153	0.148231887572971
-3.45171499640176	1.22586147893993
1.96684138854469	0.455504908505281
1.96276901321247	0.454520391574277
1.96276901321247	0.454520391574277
3.95159930305048	1.75022168908514
-0.324126952894347	0.0929244396746841
0.165088029467664	0.0313824661178469
0.844441707134117	0.359109180860946
2.13772964310007	0.966515557948451
-1.50921776759309	0.53721941864807
0.160144755571284	0.0306956063740573
1.96276901321247	0.454520391574277
1.96276901321247	0.454520391574277
0.165088029467664	0.0313824661178469
-2.57036588579023	0.664816582891659
-3.44686848748983	1.22339694388155
-1.1245135089551	0.339452387639693
-3.07928878926676	0.951136693928373
-0.19265924146981	0.0621226000055922
3.65119667594504	1.44884031306495
1.06301156133644	0.406541088935866
0.963214248695465	0.255090594573707
0.169248055862235	0.0319917175833404
0.165088029467664	0.0313824661178469
-3.07928878926676	0.951136693928373
-1.11963574652263	0.337715170908198
0.962553055030982	0.254827961566665
2.76671632811135	0.782410087450427
-0.331432979676728	0.0949515324990773
-1.49247986516622	0.53011506511111
0.171753346999323	0.0664367381108907
1.47155078449581	0.491168545293048
0.160144755571284	0.0306956063740573
0.545635755066955	0.198001550246931
0.688185381402826	0.219868290083128
1.96276901321247	0.454520391574277
-1.49753171438992	0.532305096548695
-1.49705816852235	0.532032217355669
0.181222403711057	0.0544586569816679
-1.25516082519983	0.563742365829593
-2.57098043849301	0.664920470822356
0.16619130625606	0.0315431724784316
2.76219840038386	0.780594539857824
1.47155078449581	0.491168545293048
0.963743115659934	0.255236344279286
1.96276901321247	0.454520391574277
1.96684138854469	0.455504908505281
0.164778629348208	0.0313374327003096
-0.613682540053849	0.148388769407339
1.84957887095899	0.730635761791688
0.161251150232847	0.0308565698216007
-2.57098043849301	0.664920470822356
1.96372117107544	0.45473924627511
3.27272750868887	1.11966450015405
1.96276901321247	0.454520391574277
2.76219840038386	0.780594539857824
0.963743115659934	0.255236344279286
0.181053134529505	0.0458624936397602
-2.57067328278635	0.665094197548339
-0.608428787479893	0.147248610626808
1.96372117107544	0.45473924627511
1.47086646676889	0.49088731436037
0.962025660417238	0.254682745005495
0.689369698791533	0.22025689756634
-1.11951983581622	0.337809535545767
3.27393157336313	1.11982869858365
0.183600515358582	0.055105623027285
3.65243977028666	1.44907202326586
0.181837521716867	0.0460537144756759
2.36838483999498	1.19804260911064
2.76671632811135	0.782410087450427
1.46964366147565	0.490422889690681
0.165088029467664	0.0313824661178469
0.181159179759352	0.0458876218072277
0.17899314570337	0.0538175920888867
0.687453672774919	0.21969379736456
0.164778629348208	0.0313374327003096
2.76219840038386	0.780594539857824
0.165088029467664	0.0313824661178469
1.46964366147565	0.490422889690681
1.96276901321247	0.454520391574277
0.160144755571284	0.0306956063740573
1.46842163094462	0.489769078028611
0.181837521716867	0.0460537144756759
-1.7934287506278	0.390727439150181
-1.79346061997896	0.390723019452767
-2.57067328278635	0.665094197548339
-0.613012730411062	0.148202450577793
0.687904703717867	0.219759625438134
0.181837521716867	0.0460537144756759
1.96372117107544	0.45473924627511
1.96372117107544	0.45473924627511
1.96372117107544	0.45473924627511
0.964934921520073	0.255476948633611
-2.57554526884402	0.666976966437407
0.165880035481028	0.0314978449610492
3.27032462336087	1.11801013776878
1.96276901321247	0.454520391574277
1.47155078449581	0.491168545293048
-1.79785205353169	0.391773074809323
-3.44754089021611	1.22379406077669
-1.11963574652263	0.337715170908198
1.96372117107544	0.45473924627511
2.76219840038386	0.780594539857824
1.96276901321247	0.454520391574277
1.96276901321247	0.454520391574277
-0.613012730411062	0.148202450577793
0.179274213223518	0.0454636418217038
-0.617875104469477	0.149400727468359
-0.326771057218117	0.0936418390224184
0.187984352048437	0.0474280610765032
0.165088029467664	0.0313824661178469
-0.613158918177153	0.148231887572971
0.165880035481028	0.0314978449610492
-2.57036588579023	0.664816582891659
-1.4641363511733	0.736484372081891
-0.612487701707529	0.148134994320372
-0.614206104379299	0.148455859250315
0.180107983152346	0.0541465694868784
1.96276901321247	0.454520391574277
3.27272750868887	1.11966450015405
1.47525146835293	0.492648627415429
1.96276901321247	0.454520391574277
1.05767758057376	0.404228581247508
0.962553055030982	0.254827961566665
0.681600849226051	0.217707538421281
0.962553055030982	0.254827961566665
2.76330811440907	0.780761067286217
0.164778629348208	0.0313374327003096
0.184971072095669	0.0467387603153735
0.688637326691298	0.220082192676685
1.46585570298693	0.489030037475911
0.181053134529505	0.0458624936397602
0.164778629348208	0.0313374327003096
0.161251150232847	0.0308565698216007
0.169248055862235	0.0319917175833404
0.181159179759352	0.0458876218072277
1.47333622017027	0.491753136545405
1.47032706033056	0.490703617760438
1.96684138854469	0.455504908505281
0.18374299244507	0.0464795790495071
0.963214248695465	0.255090594573707
0.165880035481028	0.0314978449610492
1.06338277916722	0.406730999521995
-0.195896300806791	0.0631110974355499
1.96276901321247	0.454520391574277
0.165088029467664	0.0313824661178469
0.693216225774344	0.221541872050593
0.186752657299631	0.0471525522204707
0.687453672774919	0.21969379736456
0.183610895194862	0.0464322674344966
-0.613682540053849	0.148388769407339
0.184291063239428	0.0465991085839434
0.161251150232847	0.0308565698216007
0.164778629348208	0.0313374327003096
0.966736740010186	0.256029100393941
1.96276901321247	0.454520391574277
0.16619130625606	0.0315431724784316
1.96276901321247	0.454520391574277
1.46964366147565	0.490422889690681
0.165088029467664	0.0313824661178469
1.47078449590325	0.490854051681038
1.96684138854469	0.455504908505281
1.96276901321247	0.454520391574277
0.169248055862235	0.0319917175833404
-0.611962616144159	0.147977912487881
1.96276901321247	0.454520391574277
2.76219840038386	0.780594539857824
2.76219840038386	0.780594539857824
0.165088029467664	0.0313824661178469
1.47086646676889	0.49088731436037
0.688185381402826	0.219868290083128
1.96684138854469	0.455504908505281
-2.57554526884402	0.666976966437407
-1.1152634133402	0.336439469187697
-1.24819142759629	0.559615168256462
0.178161345351442	0.0610444196674466
2.12965340118889	0.961155297288054
3.65119667594504	1.44884031306495
0.964934921520073	0.255476948633611
0.18374299244507	0.0464795790495071
2.76219840038386	0.780594539857824
1.96684138854469	0.455504908505281
0.964404580081594	0.255330782344719
2.76109157462938	0.779871501961836
1.96276901321247	0.454520391574277
2.76559849788836	0.78194178274137
0.165088029467664	0.0313824661178469
1.96276901321247	0.454520391574277
-1.79346061997896	0.390723019452767
1.96684138854469	0.455504908505281
0.164778629348208	0.0313374327003096
-1.79346061997896	0.390723019452767
0.164625296117395	0.0313507498370328
1.96372117107544	0.45473924627511
-3.44686848748983	1.22339694388155
0.688637326691298	0.220082192676685
0.963743115659934	0.255236344279286
3.64995436887393	1.44813448599007
1.96372117107544	0.45473924627511
2.77014537202506	0.783552977740789
-0.613158918177153	0.148231887572971
0.165880035481028	0.0314978449610492
2.76330811440907	0.780761067286217
-0.613682540053849	0.148388769407339
1.96372117107544	0.45473924627511
1.96684138854469	0.455504908505281
-0.612487701707529	0.148134994320372
1.96372117107544	0.45473924627511
-1.79346061997896	0.390723019452767
-3.07350260546998	0.94852963330217
-2.57067328278635	0.665094197548339
0.966736740010186	0.256029100393941
0.181159179759352	0.0458876218072277
1.96276901321247	0.454520391574277
2.76559849788836	0.78194178274137
1.96276901321247	0.454520391574277
-0.612487701707529	0.148134994320372
1.96276901321247	0.454520391574277
0.964934921520073	0.255476948633611
1.84066711299049	0.726365639107333
1.96372117107544	0.45473924627511
0.692932973591989	0.221383018666362
1.46964366147565	0.490422889690681
3.27032462336087	1.11801013776878
0.553078229148553	0.200859942283057
1.96372117107544	0.45473924627511
0.187984352048437	0.0474280610765032
1.46910411205871	0.490049168285487
0.964404580081594	0.255330782344719
0.187300583927818	0.0472598613580206
1.47086646676889	0.49088731436037
-0.614206104379299	0.148455859250315
0.181222403711057	0.0544586569816679
1.96276901321247	0.454520391574277
0.184291063239428	0.0465991085839434
1.96372117107544	0.45473924627511
1.96684138854469	0.455504908505281
-1.79346061997896	0.390723019452767
1.96276901321247	0.454520391574277
1.96684138854469	0.455504908505281
0.964404580081594	0.255330782344719
1.96372117107544	0.45473924627511
1.96276901321247	0.454520391574277
0.165880035481028	0.0314978449610492
-1.79346061997896	0.390723019452767
2.76219840038386	0.780594539857824
-2.57522664974505	0.666917731403372
0.165880035481028	0.0314978449610492
-0.612487701707529	0.148134994320372
2.76671632811135	0.782410087450427
1.47086646676889	0.49088731436037
-0.619069360213747	0.149654914653121
1.96372117107544	0.45473924627511
1.96372117107544	0.45473924627511
1.47086646676889	0.49088731436037
1.96276901321247	0.454520391574277
1.96684138854469	0.455504908505281
0.968469219672053	0.25651021792255
0.164625296117395	0.0313507498370328
-0.612487701707529	0.148134994320372
1.96276901321247	0.454520391574277
1.96372117107544	0.45473924627511
1.96684138854469	0.455504908505281
1.47209004689925	0.491178510113126
0.16619130625606	0.0315431724784316
0.967271104517323	0.256176548116206
1.47155078449581	0.491168545293048
0.16619130625606	0.0315431724784316
1.96276901321247	0.454520391574277
-0.325582325201124	0.0933470317045756
2.76219840038386	0.780594539857824
2.76219840038386	0.780594539857824
1.83941655550072	0.725786652717124
-0.19626072319558	0.0632056639998214
1.96276901321247	0.454520391574277
0.966736740010186	0.256029100393941
2.76330811440907	0.780761067286217
0.963214248695465	0.255090594573707
1.59529375556191	0.801701096502037
-1.79346061997896	0.390723019452767
0.688637326691298	0.220082192676685
0.680421237638035	0.217245422782273
1.96276901321247	0.454520391574277
1.96372117107544	0.45473924627511
1.96684138854469	0.455504908505281
1.96276901321247	0.454520391574277
1.96276901321247	0.454520391574277
0.164625296117395	0.0313507498370328
2.76671632811135	0.782410087450427
-1.7934287506278	0.390727439150181
2.76330811440907	0.780761067286217
0.165088029467664	0.0313824661178469
1.47277528463141	0.49146011988965
0.963743115659934	0.255236344279286
1.96372117107544	0.45473924627511
-1.7934287506278	0.390727439150181
1.35599982772491	0.600674346947817
0.963214248695465	0.255090594573707
0.963214248695465	0.255090594573707
3.2811485523965	1.12364699463245
3.65243977028666	1.44907202326586
1.96372117107544	0.45473924627511
-0.612487701707529	0.148134994320372
0.164778629348208	0.0313374327003096
1.96276901321247	0.454520391574277
0.186752657299631	0.0471525522204707
0.968469219672053	0.25651021792255
1.96276901321247	0.454520391574277
1.96684138854469	0.455504908505281
1.96372117107544	0.45473924627511
0.962553055030982	0.254827961566665
-0.613682540053849	0.148388769407339
-0.60895933746012	0.147406558741333
0.958352222975233	0.253964848564806
0.16619130625606	0.0315431724784316
1.96684138854469	0.455504908505281
-3.07350260546998	0.94852963330217
1.96276901321247	0.454520391574277
2.76219840038386	0.780594539857824
0.963214248695465	0.255090594573707
0.165088029467664	0.0313824661178469
1.96372117107544	0.45473924627511
1.96372117107544	0.45473924627511
3.64618465324491	1.4458034047001
0.179369859705814	0.0539368960907662
-3.07402416243152	0.948685276185543
1.47086646676889	0.49088731436037
1.96372117107544	0.45473924627511
1.96372117107544	0.45473924627511
1.96276901321247	0.454520391574277
0.165088029467664	0.0313824661178469
3.27272750868887	1.11966450015405
1.96684138854469	0.455504908505281
1.96372117107544	0.45473924627511
2.76219840038386	0.780594539857824
2.77014537202506	0.783552977740789
1.96372117107544	0.45473924627511
1.96276901321247	0.454520391574277
1.96372117107544	0.45473924627511
3.27152519356808	1.11907150574555
0.958352222975233	0.253964848564806
0.962025660417238	0.254682745005495
2.76671632811135	0.782410087450427
0.963214248695465	0.255090594573707
0.16619130625606	0.0315431724784316
-0.32485451718176	0.0931499749349684
2.76109157462938	0.779871501961836
0.963743115659934	0.255236344279286
1.96276901321247	0.454520391574277
1.96276901321247	0.454520391574277
0.165088029467664	0.0313824661178469
1.96372117107544	0.45473924627511
1.96684138854469	0.455504908505281
1.96372117107544	0.45473924627511
1.96372117107544	0.45473924627511
1.96276901321247	0.454520391574277
1.96372117107544	0.45473924627511
0.165088029467664	0.0313824661178469
0.165880035481028	0.0314978449610492
-0.611962616144159	0.147977912487881
1.96276901321247	0.454520391574277
0.165088029467664	0.0313824661178469
1.96684138854469	0.455504908505281
1.96372117107544	0.45473924627511
-1.7934287506278	0.390727439150181
1.96276901321247	0.454520391574277
1.96276901321247	0.454520391574277
1.96276901321247	0.454520391574277
2.76219840038386	0.780594539857824
1.96372117107544	0.45473924627511
0.165880035481028	0.0314978449610492
0.169248055862235	0.0319917175833404
-2.57522664974505	0.666917731403372
-1.7934287506278	0.390727439150181
1.96684138854469	0.455504908505281
1.96276901321247	0.454520391574277
1.96276901321247	0.454520391574277
1.96276901321247	0.454520391574277
1.96276901321247	0.454520391574277
-1.79346061997896	0.390723019452767
-1.7934287506278	0.390727439150181
1.96372117107544	0.45473924627511
1.96372117107544	0.45473924627511
1.96372117107544	0.45473924627511
1.96372117107544	0.45473924627511
0.962553055030982	0.254827961566665
1.96684138854469	0.455504908505281
1.96684138854469	0.455504908505281
1.96372117107544	0.45473924627511
1.96684138854469	0.455504908505281
1.96684138854469	0.455504908505281
1.96276901321247	0.454520391574277
1.96372117107544	0.45473924627511
2.76109157462938	0.779871501961836
1.96276901321247	0.454520391574277
-2.57098043849301	0.664920470822356
1.96276901321247	0.454520391574277
1.96276901321247	0.454520391574277
-0.613012730411062	0.148202450577793
1.96276901321247	0.454520391574277
1.96276901321247	0.454520391574277
1.96684138854469	0.455504908505281
1.96276901321247	0.454520391574277
1.96372117107544	0.45473924627511
1.96276901321247	0.454520391574277
3.27272750868887	1.11966450015405
1.96276901321247	0.454520391574277
0.165880035481028	0.0314978449610492
0.16619130625606	0.0315431724784316
0.16619130625606	0.0315431724784316
1.96276901321247	0.454520391574277
1.96276901321247	0.454520391574277
-2.57522664974505	0.666917731403372
1.96372117107544	0.45473924627511
1.96372117107544	0.45473924627511
1.96276901321247	0.454520391574277
1.06227192186728	0.40611816355748
1.96276901321247	0.454520391574277
1.96276901321247	0.454520391574277
1.96372117107544	0.45473924627511
-1.79785205353169	0.391773074809323
1.96372117107544	0.45473924627511
1.96372117107544	0.45473924627511
1.96684138854469	0.455504908505281
1.96276901321247	0.454520391574277
0.165088029467664	0.0313824661178469
0.963214248695465	0.255090594573707
0.164778629348208	0.0313374327003096
3.27752825134246	1.12202020233476
1.96276901321247	0.454520391574277
1.96276901321247	0.454520391574277
1.96372117107544	0.45473924627511
1.96276901321247	0.454520391574277
2.76109157462938	0.779871501961836
2.76109157462938	0.779871501961836
2.76330811440907	0.780761067286217
1.96372117107544	0.45473924627511
1.96276901321247	0.454520391574277
1.96276901321247	0.454520391574277
1.96276901321247	0.454520391574277
1.96372117107544	0.45473924627511
-2.57067328278635	0.665094197548339
0.165088029467664	0.0313824661178469
0.165880035481028	0.0314978449610492
1.96372117107544	0.45473924627511
1.96276901321247	0.454520391574277
2.76219840038386	0.780594539857824
3.94131434673369	1.74409517718346
2.76219840038386	0.780594539857824
1.96372117107544	0.45473924627511
2.76219840038386	0.780594539857824
1.96372117107544	0.45473924627511
-1.7934287506278	0.390727439150181
1.96372117107544	0.45473924627511
0.963214248695465	0.255090594573707
1.96276901321247	0.454520391574277
1.96372117107544	0.45473924627511
2.76109157462938	0.779871501961836
1.96684138854469	0.455504908505281
1.96276901321247	0.454520391574277
-1.79346061997896	0.390723019452767
1.96372117107544	0.45473924627511
2.76559849788836	0.78194178274137
1.96276901321247	0.454520391574277
1.96372117107544	0.45473924627511
-1.79785205353169	0.391773074809323
-1.7934287506278	0.390727439150181
0.963743115659934	0.255236344279286
1.96372117107544	0.45473924627511
1.96276901321247	0.454520391574277
1.96276901321247	0.454520391574277
1.96276901321247	0.454520391574277
1.96684138854469	0.455504908505281
1.96372117107544	0.45473924627511
1.96276901321247	0.454520391574277
1.96276901321247	0.454520391574277
1.96372117107544	0.45473924627511
-1.7934287506278	0.390727439150181
0.169566032486793	0.032038095111837
0.165880035481028	0.0314978449610492
-1.7934287506278	0.390727439150181
1.96276901321247	0.454520391574277
1.96276901321247	0.454520391574277
1.96276901321247	0.454520391574277
1.96372117107544	0.45473924627511
1.96372117107544	0.45473924627511
0.169566032486793	0.032038095111837
-3.07350260546998	0.94852963330217
2.76559849788836	0.78194178274137
1.96372117107544	0.45473924627511
0.16619130625606	0.0315431724784316
0.962553055030982	0.254827961566665
0.164778629348208	0.0313374327003096
1.96372117107544	0.45473924627511
0.165088029467664	0.0313824661178469
0.165880035481028	0.0314978449610492
1.96372117107544	0.45473924627511
-2.57098043849301	0.664920470822356
0.963214248695465	0.255090594573707
1.96372117107544	0.45473924627511
0.182515705814395	0.0461929473161663
2.76671632811135	0.782410087450427
0.160144755571284	0.0306956063740573
1.96372117107544	0.45473924627511
1.96684138854469	0.455504908505281
0.165880035481028	0.0314978449610492
2.76671632811135	0.782410087450427
0.964404580081594	0.255330782344719
1.96276901321247	0.454520391574277
2.76219840038386	0.780594539857824
1.96276901321247	0.454520391574277
1.96276901321247	0.454520391574277
0.165880035481028	0.0314978449610492
2.76559849788836	0.78194178274137
0.959543454922691	0.254205280821647
1.84644215856505	0.729350990286639
1.96276901321247	0.454520391574277
-1.7934287506278	0.390727439150181
-1.7934287506278	0.390727439150181
-2.57067328278635	0.665094197548339
-0.612487701707529	0.148134994320372
0.16619130625606	0.0315431724784316
1.96276901321247	0.454520391574277
1.96372117107544	0.45473924627511
1.96372117107544	0.45473924627511
2.76330811440907	0.780761067286217
-3.07454565876188	0.948489134275984
0.183063896529214	0.0463401006276899
-0.326043908260378	0.0934449166225896
0.181837521716867	0.0460537144756759
1.96372117107544	0.45473924627511
0.165088029467664	0.0313824661178469
1.96372117107544	0.45473924627511
1.96276901321247	0.454520391574277
2.76109157462938	0.779871501961836
0.186069807523728	0.046984734903896
0.16619130625606	0.0315431724784316
0.181837521716867	0.0460537144756759
3.64742237939513	1.44635997008149
0.179369859705814	0.0539368960907662
0.165880035481028	0.0314978449610492
0.693216225774344	0.221541872050593
0.183063896529214	0.0463401006276899
0.184291063239428	0.0465991085839434
-0.329512287054466	0.094417417841927
0.964934921520073	0.255476948633611
3.27152519356808	1.11907150574555
0.17700284287452	0.0532253086588512
3.27993169130503	1.12298306623949
1.96372117107544	0.45473924627511
0.964934921520073	0.255476948633611
0.964404580081594	0.255330782344719
1.96372117107544	0.45473924627511
0.962553055030982	0.254827961566665
1.96276901321247	0.454520391574277
2.76109157462938	0.779871501961836
1.96276901321247	0.454520391574277
0.18374299244507	0.0464795790495071
2.76219840038386	0.780594539857824
-1.50142880975048	0.534054734577795
2.76330811440907	0.780761067286217
3.64742237939513	1.44635997008149
0.164778629348208	0.0313374327003096
0.187435346122179	0.047292837125537
1.96276901321247	0.454520391574277
0.967933372585482	0.256362285789635
2.76559849788836	0.78194178274137
1.96372117107544	0.45473924627511
0.165880035481028	0.0314978449610492
2.76219840038386	0.780594539857824
2.76219840038386	0.780594539857824
1.84570196896662	0.728945119955139
2.76219840038386	0.780594539857824
1.2939285552175	0.719092915495465
0.686184239500337	0.219175673536007
0.550585584584045	0.199969616725774
1.47209004689925	0.491178510113126
2.76219840038386	0.780594539857824
0.184291063239428	0.0465991085839434
3.27152519356808	1.11907150574555
1.96372117107544	0.45473924627511
0.183063896529214	0.0463401006276899
0.177516165041885	0.0533832927158356
-2.57067328278635	0.665094197548339
0.165088029467664	0.0313824661178469
1.96372117107544	0.45473924627511
1.96276901321247	0.454520391574277
1.47155078449581	0.491168545293048
1.96684138854469	0.455504908505281
1.46910411205871	0.490049168285487
0.963214248695465	0.255090594573707
1.96372117107544	0.45473924627511
0.177362298643623	0.0450515694227369
0.182384642090162	0.0461735738884295
1.96276901321247	0.454520391574277
1.96372117107544	0.45473924627511
3.2811485523965	1.12364699463245
1.47086646676889	0.49088731436037
1.84140390214436	0.726768879551614
0.181837521716867	0.0460537144756759
4.18424075214228	2.03204738042248
1.96276901321247	0.454520391574277
1.96372117107544	0.45473924627511
0.187984352048437	0.0474280610765032
1.96372117107544	0.45473924627511
0.165880035481028	0.0314978449610492
1.96276901321247	0.454520391574277
0.165880035481028	0.0314978449610492
1.96276901321247	0.454520391574277
1.96684138854469	0.455504908505281
0.164778629348208	0.0313374327003096
0.963743115659934	0.255236344279286
0.16619130625606	0.0315431724784316
2.58364360927846	1.45083221061227
-0.613682540053849	0.148388769407339
1.96372117107544	0.45473924627511
1.96276901321247	0.454520391574277
1.47032706033056	0.490703617760438
1.96684138854469	0.455504908505281
1.47032706033056	0.490703617760438
0.963214248695465	0.255090594573707
1.96372117107544	0.45473924627511
1.06651132055108	0.408020274883858
1.46842163094462	0.489769078028611
0.958352222975233	0.253964848564806
0.175891515215909	0.0602877256141385
0.186752657299631	0.0471525522204707
0.689821397698691	0.220399946218977
0.179369859705814	0.0539368960907662
0.179274213223518	0.0454636418217038
1.47579162106182	0.492713238749138
-2.57036588579023	0.664816582891659
-1.7934287506278	0.390727439150181
0.164778629348208	0.0313374327003096
-0.703999757003376	0.240702491325751
0.160144755571284	0.0306956063740573
0.187435346122179	0.047292837125537
3.27752825134246	1.12202020233476
1.96372117107544	0.45473924627511
1.84022304372881	0.72612017307568
1.84140390214436	0.726768879551614
1.35423242875669	0.599512730561188
0.165088029467664	0.0313824661178469
1.96684138854469	0.455504908505281
-0.618535635333325	0.149538863092151
-0.613682540053849	0.148388769407339
2.76219840038386	0.780594539857824
1.96276901321247	0.454520391574277
2.76219840038386	0.780594539857824
2.76219840038386	0.780594539857824
-0.614206104379299	0.148455859250315
-0.0733809977579849	0.0288349533476671
2.76671632811135	0.782410087450427
-0.492170991428683	0.185258267609788
0.686626809163374	0.219374653716057
1.06063740894654	0.405466440477548
0.183063896529214	0.0463401006276899
0.962553055030982	0.254827961566665
0.169248055862235	0.0319917175833404
0.963743115659934	0.255236344279286
1.96372117107544	0.45473924627511
0.958352222975233	0.253964848564806
2.76109157462938	0.779871501961836
0.165880035481028	0.0314978449610492
1.96684138854469	0.455504908505281
0.169248055862235	0.0319917175833404
1.05878746464103	0.40482083139178
0.967271104517323	0.256176548116206
1.84376682971049	0.727623731102843
1.96276901321247	0.454520391574277
1.96276901321247	0.454520391574277
0.179369859705814	0.0539368960907662
0.165088029467664	0.0313824661178469
-0.202976861420011	0.0653350306430413
1.96276901321247	0.454520391574277
0.963743115659934	0.255236344279286
1.96684138854469	0.455504908505281
1.96276901321247	0.454520391574277
3.27272750868887	1.11966450015405
1.96276901321247	0.454520391574277
1.96684138854469	0.455504908505281
1.46833343766606	0.489897083934438
1.05878746464103	0.40482083139178
1.96372117107544	0.45473924627511
0.685443035318802	0.218928003643606
-0.321011266565823	0.0920911495247304
0.967933372585482	0.256362285789635
1.46910411205871	0.490049168285487
1.96372117107544	0.45473924627511
0.169248055862235	0.0319917175833404
0.165088029467664	0.0313824661178469
0.963743115659934	0.255236344279286
-0.614206104379299	0.148455859250315
0.160144755571284	0.0306956063740573
1.83948692258838	0.725717515665962
0.963214248695465	0.255090594573707
1.96276901321247	0.454520391574277
2.76330811440907	0.780761067286217
-0.321011266565823	0.0920911495247304
-0.702142591343233	0.240009967793785
-0.125449682850739	0.0446078069078871
0.179008086694114	0.0538125056714061
0.169248055862235	0.0319917175833404
0.686721713829268	0.219371725498129
0.964934921520073	0.255476948633611
0.164778629348208	0.0313374327003096
1.05989643717056	0.405275695027378
1.96276901321247	0.454520391574277
1.96372117107544	0.45473924627511
1.96372117107544	0.45473924627511
1.96372117107544	0.45473924627511
2.76330811440907	0.780761067286217
-0.496219048461158	0.186898738117231
2.13883702891477	0.967128437748762
0.164778629348208	0.0313374327003096
0.686626809163374	0.219374653716057
0.165880035481028	0.0314978449610492
-0.613012730411062	0.148202450577793
2.76109157462938	0.779871501961836
0.16619130625606	0.0315431724784316
2.76219840038386	0.780594539857824
3.65881662785992	1.45150384046477
-0.611962616144159	0.147977912487881
-0.00236398211634251	0.00115226335024506
-0.131356276128031	0.0466982523535895
0.968469219672053	0.25651021792255
0.963214248695465	0.255090594573707
-1.11594248674068	0.336539906623349
0.164778629348208	0.0313374327003096
2.76219840038386	0.780594539857824
1.41290891028887	1.09601406749319
1.05841937425473	0.404493015312573
-0.16657419800836	0.0880296356402261
0.561332988620982	0.204043002102302
0.845471486681779	0.35966290303568
0.963743115659934	0.255236344279286
0.838480859620841	0.356210298702787
0.691293725798235	0.220916760169014
1.96276901321247	0.454520391574277
1.96276901321247	0.454520391574277
2.76330811440907	0.780761067286217
1.96276901321247	0.454520391574277
0.182384642090162	0.0461735738884295
1.96372117107544	0.45473924627511
0.962553055030982	0.254827961566665
-0.612487701707529	0.148134994320372
1.96372117107544	0.45473924627511
-0.491888763967548	0.185206039733237
0.383531279437888	0.194909665180666
1.96372117107544	0.45473924627511
4.18311134782598	2.03106090679659
0.689369698791533	0.22025689756634
0.47280904202969	0.191992375334362
1.34640064313769	0.595379308973642
2.14161201065848	0.968534834276604
0.636600590743509	0.336365548484368
-0.504174528374991	0.190180123326822
1.05235833798367	0.401844810202421
-0.315214387245148	0.0904629277497206
1.47525146835293	0.492648627415429
1.06264198810457	0.406540438452512
0.924061951080643	0.502614819234415
0.177795424572055	0.0609118795792828
0.922127078255007	0.501088805302726
2.76109157462938	0.779871501961836
1.96372117107544	0.45473924627511
0.964404580081594	0.255330782344719
1.4795165223175	0.49403710049889
1.3509899510682	0.597807360301759
0.183610895194862	0.0464322674344966
-2.57067328278635	0.665094197548339
1.47897546128728	0.493826410303162
0.964404580081594	0.255330782344719
0.178527824665183	0.0611489290350823
0.744511008145764	0.620333302541322
-0.376777724539208	0.210308578576037
0.165088029467664	0.0313824661178469
-1.79346061997896	0.390723019452767
0.962553055030982	0.254827961566665
0.182973217707566	0.0462917199497201
2.15227853115821	1.51382047341212
0.910546916534404	0.932740668229662
-0.082505196570293	0.0323425077598634
1.06762213189116	0.40860472471242
1.96684138854469	0.455504908505281
1.80053969171828	1.01548995787631
0.475804309460653	0.193396100083251
2.76330811440907	0.780761067286217
1.96276901321247	0.454520391574277
0.964934921520073	0.255476948633611
1.47155078449581	0.491168545293048
0.165880035481028	0.0314978449610492
3.65119667594504	1.44884031306495
3.27032462336087	1.11801013776878
0.698277641594483	0.22311476291791
-0.382305469098673	0.213877367076413
0.81124809672461	0.489084180161339
0.406827315502994	0.184783141012108
-0.12298542228522	0.0438035048977104
0.686721713829268	0.219371725498129
0.18374299244507	0.0464795790495071
0.176552672502959	0.0605054209747227
-0.0648405314340054	0.0256319624010108
2.58364360927846	1.45083221061227
-0.924615527636775	0.559676972624499
-0.965086918875499	0.475384445363296
0.848056246017642	0.360867725419662
1.09286125469016	0.53488830944908
1.80512563394182	1.01928780972392
1.84525714600486	0.728756039651982
1.96372117107544	0.45473924627511
3.27752825134246	1.12202020233476
2.76559849788836	0.78194178274137
1.96684138854469	0.455504908505281
0.179746106686676	0.0540237006551008
-0.609489833121369	0.147475344257464
-3.07454565876188	0.948489134275984
-1.25358545594054	0.562549185434393
1.83941655550072	0.725786652717124
1.05693634570001	0.403813519694082
-0.217052675041324	0.10716658120898
0.728868396752456	0.34556309267162
1.96276901321247	0.454520391574277
0.961881298984383	0.254903830883264
0.17347888032167	0.0594642874337986
-0.613682540053849	0.148388769407339
0.172500777446168	0.0591472284053665
0.164635938649755	0.0637059446981229
1.98757799606323	1.25432902720667
0.382365933332408	0.193896166188192
-0.75198199072439	0.32570109606454
3.27152519356808	1.11907150574555
2.58069801051514	1.44798887578222
1.47032706033056	0.490703617760438
1.96276901321247	0.454520391574277
-0.193735099625946	0.0624393983877589
-0.613012730411062	0.148202450577793
1.4646350690462	0.48856709745013
0.169566032486793	0.032038095111837
0.966736740010186	0.256029100393941
0.971485400220684	0.257250631808135
3.27152519356808	1.11907150574555
0.688553546984024	0.219962860223314
3.27752825134246	1.12202020233476
0.849408948383461	0.361671672630261
-0.321011266565823	0.0920911495247304
-0.508786249084006	0.192068550469136
1.35205380401403	0.598333159725176
1.05693634570001	0.403813519694082
2.14346311197232	0.969739011196667
0.53818486903416	0.195103437224185
0.687453672774919	0.21969379736456
0.962025660417238	0.254682745005495
0.849051344453761	0.361335510776158
0.550585584584045	0.199969616725774
1.84022304372881	0.72612017307568
3.27272750868887	1.11966450015405
2.76671632811135	0.782410087450427
1.96372117107544	0.45473924627511
2.76559849788836	0.78194178274137
1.46585570298693	0.489030037475911
2.76330811440907	0.780761067286217
0.187984352048437	0.0474280610765032
1.47155078449581	0.491168545293048
0.692028142380155	0.221092112401465
0.692028142380155	0.221092112401465
0.16619130625606	0.0315431724784316
0.165088029467664	0.0313824661178469
-1.7934287506278	0.390727439150181
-0.197961486462631	0.0637876154388623
0.164778629348208	0.0313374327003096
1.47032706033056	0.490703617760438
1.96372117107544	0.45473924627511
0.185454319096416	0.0556335769192585
4.18311134782598	2.03106090679659
1.96276901321247	0.454520391574277
-0.72040750932662	0.246705802096364
1.96372117107544	0.45473924627511
-1.7934287506278	0.390727439150181
2.76219840038386	0.780594539857824
1.84839075322272	0.729859263775591
-0.999116065979541	0.394904057507624
-0.745631042634214	0.322319305626002
-0.7085818841146	0.242531688950869
1.96684138854469	0.455504908505281
1.96276901321247	0.454520391574277
2.76671632811135	0.782410087450427
-1.79693424859175	0.729556600315067
1.96276901321247	0.454520391574277
0.177232580502666	0.044987849053341
0.164778629348208	0.0313374327003096
1.96372117107544	0.45473924627511
0.963743115659934	0.255236344279286
1.96276901321247	0.454520391574277
1.35064130120685	0.597863106700744
3.27032462336087	1.11801013776878
1.96276901321247	0.454520391574277
-0.613682540053849	0.148388769407339
1.96276901321247	0.454520391574277
0.16619130625606	0.0315431724784316
0.176825054435177	0.0449204608148946
2.76219840038386	0.780594539857824
0.688185381402826	0.219868290083128
1.46842163094462	0.489769078028611
-0.702529153090903	0.24025873050893
2.76109157462938	0.779871501961836
3.64618465324491	1.4458034047001
0.963743115659934	0.255236344279286
3.27510914666181	1.12076297640292
0.160144755571284	0.0306956063740573
-0.611962616144159	0.147977912487881
0.164778629348208	0.0313374327003096
1.96372117107544	0.45473924627511
1.47155078449581	0.491168545293048
0.182515705814395	0.0461929473161663
1.96372117107544	0.45473924627511
0.186069807523728	0.046984734903896
-0.745838143765145	0.322552749669043
0.176825054435177	0.0449204608148946
0.165088029467664	0.0313824661178469
-1.1245135089551	0.339452387639693
1.96684138854469	0.455504908505281
-1.79346061997896	0.390723019452767
1.96372117107544	0.45473924627511
1.96372117107544	0.45473924627511
1.47155078449581	0.491168545293048
1.35064130120685	0.597863106700744
0.964934921520073	0.255476948633611
2.76219840038386	0.780594539857824
-2.57036588579023	0.664816582891659
1.47155078449581	0.491168545293048
0.177362298643623	0.0450515694227369
-0.60895933746012	0.147406558741333
0.687001483078787	0.219402881860221
-2.57036588579023	0.664816582891659
1.84407253912976	0.727924750702318
-2.57036588579023	0.664816582891659
-1.49825523114142	0.532562193916483
-1.79580215183768	0.728927756357995
1.46964366147565	0.490422889690681
0.963214248695465	0.255090594573707
0.164778629348208	0.0313374327003096
-2.57036588579023	0.664816582891659
2.76109157462938	0.779871501961836
0.16619130625606	0.0315431724784316
-0.617339897765464	0.149284387408846
1.06449307015235	0.407221804443696
0.165880035481028	0.0314978449610492
0.549516086641495	0.199542874934359
0.182973217707566	0.0462917199497201
-0.707465428768275	0.242033353320822
0.962553055030982	0.254827961566665
1.96372117107544	0.45473924627511
1.96372117107544	0.45473924627511
-3.07402416243152	0.948685276185543
2.76559849788836	0.78194178274137
1.96276901321247	0.454520391574277
1.96276901321247	0.454520391574277
0.964934921520073	0.255476948633611
0.967933372585482	0.256362285789635
-0.319817646410374	0.0917687104349087
3.27152519356808	1.11907150574555
0.963214248695465	0.255090594573707
0.165088029467664	0.0313824661178469
0.16619130625606	0.0315431724784316
0.165088029467664	0.0313824661178469
0.17899314570337	0.0538175920888867
0.962553055030982	0.254827961566665
1.06264198810457	0.406540438452512
1.46910411205871	0.490049168285487
0.181837521716867	0.0460537144756759
0.53283876827281	0.192956790818379
1.84066711299049	0.726365639107333
0.964404580081594	0.255330782344719
-0.618535635333325	0.149538863092151
0.165880035481028	0.0314978449610492
1.96276901321247	0.454520391574277
1.96276901321247	0.454520391574277
0.180107983152346	0.0541465694868784
0.182384642090162	0.0461735738884295
0.183063896529214	0.0463401006276899
1.46964366147565	0.490422889690681
-0.613682540053849	0.148388769407339
0.681600849226051	0.217707538421281
0.689369698791533	0.22025689756634
0.962553055030982	0.254827961566665
1.96372117107544	0.45473924627511
-0.613012730411062	0.148202450577793
1.96684138854469	0.455504908505281
2.14068730085802	0.968013963390159
-1.49756982395339	0.532388959419506
-1.7934287506278	0.390727439150181
1.96276901321247	0.454520391574277
-1.79346061997896	0.390723019452767
0.546346904865407	0.198325214127253
3.64618465324491	1.4458034047001
0.164778629348208	0.0313374327003096
0.169566032486793	0.032038095111837
-0.613682540053849	0.148388769407339
0.962025660417238	0.254682745005495
0.177362298643623	0.0450515694227369
1.47032706033056	0.490703617760438
1.47086646676889	0.49088731436037
-2.57036588579023	0.664816582891659
0.178586346650125	0.0453095875153282
0.160144755571284	0.0306956063740573
0.165880035481028	0.0314978449610492
0.472434861824901	0.191785302458935
1.96372117107544	0.45473924627511
0.169566032486793	0.032038095111837
0.964404580081594	0.255330782344719
0.958352222975233	0.253964848564806
-1.11896025029368	0.337616084496264
0.165088029467664	0.0313824661178469
3.64618465324491	1.4458034047001
1.96684138854469	0.455504908505281
3.27631781619437	1.12171855032085
1.84022304372881	0.72612017307568
2.37650465928581	1.20415667498595
0.181159179759352	0.0458876218072277
0.967933372585482	0.256362285789635
1.96372117107544	0.45473924627511
0.165880035481028	0.0314978449610492
3.27272750868887	1.11966450015405
1.06301156133644	0.406541088935866
1.09983572533987	0.53881128608315
0.178820853869998	0.0612698080138397
1.34886052544281	0.596542879120315
3.27152519356808	1.11907150574555
1.84022304372881	0.72612017307568
0.964934921520073	0.255476948633611
0.963214248695465	0.255090594573707
-0.493494837481795	0.185847408774449
0.843422236893639	0.358554124858322
1.96276901321247	0.454520391574277
-0.697936306259444	0.23851153813937
0.701913838552427	0.330532124647734
-0.325582325201124	0.0933470317045756
1.83556105705841	0.723803926717143
1.35529673097699	0.600305768997688
0.183919684370464	0.0803271266034479
1.47648048364922	0.492996794108507
0.165088029467664	0.0313824661178469
0.180107983152346	0.0541465694868784
-0.32485451718176	0.0931499749349684
1.47155078449581	0.491168545293048
1.46910411205871	0.490049168285487
1.46910411205871	0.490049168285487
0.963214248695465	0.255090594573707
-0.202976861420011	0.0653350306430413
1.46964366147565	0.490422889690681
0.471437286557169	0.191357677073301
-0.0683268760318813	0.0269188492952877
0.178049240810411	0.0452053813438565
0.187138417701552	0.0560240812460362
0.178049240810411	0.0452053813438565
1.09645720621756	0.537013029562423
2.76219840038386	0.780594539857824
0.845815805906363	0.35975917327147
0.178254851579563	0.0536080680261321
1.35170505429441	0.598459395279544
1.96684138854469	0.455504908505281
2.76219840038386	0.780594539857824
1.46964366147565	0.490422889690681
0.692481142426252	0.221366284684109
0.38956788129781	0.198078421641994
0.962553055030982	0.254827961566665
-0.196606144995592	0.0633346995977349
1.96684138854469	0.455504908505281
0.183222271364428	0.0550052131678393
1.96372117107544	0.45473924627511
1.96372117107544	0.45473924627511
0.164778629348208	0.0313374327003096
0.693216225774344	0.221541872050593
0.165880035481028	0.0314978449610492
0.165088029467664	0.0313824661178469
2.76671632811135	0.782410087450427
3.27152519356808	1.11907150574555
2.76109157462938	0.779871501961836
1.47525146835293	0.492648627415429
-0.619069360213747	0.149654914653121
0.692481142426252	0.221366284684109
0.548446031553528	0.199065921260852
0.164778629348208	0.0313374327003096
0.165088029467664	0.0313824661178469
3.27272750868887	1.11966450015405
2.13239173303271	0.962976446468332
0.681159029124573	0.217491385122168
1.84333369293536	0.727520140615955
0.691745806165962	0.221041871886146
3.27752825134246	1.12202020233476
3.64618465324491	1.4458034047001
1.47155078449581	0.491168545293048
2.76219840038386	0.780594539857824
4.18595033025594	2.03283969777774
1.48251757016272	0.932432369769521
3.27272750868887	1.11966450015405
1.8476275755017	0.729726391578086
2.76109157462938	0.779871501961836
0.693668977910988	0.221707820486434
-0.202615613594689	0.0652232518828875
0.183063896529214	0.0463401006276899
0.16619130625606	0.0315431724784316
2.76219840038386	0.780594539857824
0.962553055030982	0.254827961566665
0.179369859705814	0.0539368960907662
0.165088029467664	0.0313824661178469
-1.79346061997896	0.390723019452767
-1.7934287506278	0.390727439150181
-1.11951983581622	0.337809535545767
3.27152519356808	1.11907150574555
1.96276901321247	0.454520391574277
0.962553055030982	0.254827961566665
1.96372117107544	0.45473924627511
1.46964366147565	0.490422889690681
0.963743115659934	0.255236344279286
2.76109157462938	0.779871501961836
2.76330811440907	0.780761067286217
2.76559849788836	0.78194178274137
1.96276901321247	0.454520391574277
0.164778629348208	0.0313374327003096
1.96372117107544	0.45473924627511
1.96372117107544	0.45473924627511
0.183610895194862	0.0464322674344966
1.96276901321247	0.454520391574277
1.35570706486664	0.600317965337133
1.05952860814689	0.405011691745652
3.94131434673369	1.74409517718346
0.164778629348208	0.0313374327003096
-0.324126952894347	0.0929244396746841
-0.700140591670167	0.2392376775151
1.47032706033056	0.490703617760438
3.64995436887393	1.44813448599007
0.169566032486793	0.032038095111837
3.27631781619437	1.12171855032085
1.06486169296399	0.40740811103867
2.76559849788836	0.78194178274137
0.181837521716867	0.0460537144756759
1.47155078449581	0.491168545293048
1.96684138854469	0.455504908505281
1.47032706033056	0.490703617760438
0.964934921520073	0.255476948633611
2.76219840038386	0.780594539857824
0.482175282021401	0.196091964370412
-0.129754712881549	0.0461567505765982
0.164971862297047	0.0566166596396199
0.831491739983733	0.352594617909251
0.692481142426252	0.221366284684109
0.688637326691298	0.220082192676685
-0.613682540053849	0.148388769407339
-1.5026235657887	0.534584753118728
-1.12019427196772	0.338020301365193
0.548869575377077	0.199219016338119
-0.611962616144159	0.147977912487881
1.84066711299049	0.726365639107333
0.842756897055983	0.358214727221788
1.59226168506556	0.800152454510579
2.76671632811135	0.782410087450427
1.96276901321247	0.454520391574277
0.182384642090162	0.0461735738884295
1.4745635305468	0.492365493098567
2.13883702891477	0.967128437748762
1.84525714600486	0.728756039651982
0.176139035531232	0.0447669868764769
0.169566032486793	0.032038095111837
0.686721713829268	0.219371725498129
-2.05281302393613	0.935366141453254
2.76219840038386	0.780594539857824
2.76671632811135	0.782410087450427
0.164778629348208	0.0313374327003096
0.164778629348208	0.0313374327003096
0.962553055030982	0.254827961566665
0.181053134529505	0.0458624936397602
0.16619130625606	0.0315431724784316
1.96276901321247	0.454520391574277
0.165880035481028	0.0314978449610492
1.47525146835293	0.492648627415429
0.849069590656502	0.36138327814824
-0.666224485462331	0.462831669066069
0.162579653758822	0.0558519902259369
0.692481142426252	0.221366284684109
0.421535105098108	0.191882688029205
1.0516149872675	0.401512248410012
1.05989643717056	0.405275695027378
0.705870466974985	0.332818539794804
1.35853932002922	0.601998791347663
1.96276901321247	0.454520391574277
0.164778629348208	0.0313374327003096
2.76559849788836	0.78194178274137
-0.0309285739967096	0.0133900589829407
0.689821397698691	0.220399946218977
2.76219840038386	0.780594539857824
1.47155078449581	0.491168545293048
1.46955857964488	0.49050725448157
0.845460532244873	0.359623499672993
0.182515705814395	0.0461929473161663
0.580132108819228	0.462444409149529
1.47086646676889	0.49088731436037
0.687001483078787	0.219402881860221
1.96276901321247	0.454520391574277
0.962553055030982	0.254827961566665
-1.80787161253581	0.735457279767657
1.84184770666887	0.726890218717793
0.169566032486793	0.032038095111837
1.96276901321247	0.454520391574277
1.46964366147565	0.490422889690681
1.05989643717056	0.405275695027378
3.64995436887393	1.44813448599007
-0.613682540053849	0.148388769407339
0.422446176317576	0.192528590584956
1.47078449590325	0.490854051681038
0.963214248695465	0.255090594573707
1.47648048364922	0.492996794108507
2.76330811440907	0.780761067286217
0.182384642090162	0.0461735738884295
-0.326043908260378	0.0934449166225896
0.680297517362399	0.217144838916072
0.181159179759352	0.0458876218072277
0.680421237638035	0.217245422782273
1.06873244405831	0.409017014923299
0.962553055030982	0.254827961566665
3.65499468921657	1.45049079500857
1.47032706033056	0.490703617760438
0.966736740010186	0.256029100393941
0.181837521716867	0.0460537144756759
0.550941991992969	0.200022862882379
0.689369698791533	0.22025689756634
0.16619130625606	0.0315431724784316
